scale,source_config,source_hp,epoch,target_hp,target_hp_short,nll,mse
[8],1,"lr=1e-05, wd=0.0",0,layer4_lr1e-05_hd128_wd0.0_cosine,"lr1e-05,wd0.0",-0.7132066565266564,0.01399336574942392
[8],1,"lr=1e-05, wd=0.0",0,layer4_lr1e-05_hd128_wd0.01_cosine,"lr1e-05,wd0.01",-0.8252488646170593,0.010301782139903891
[8],1,"lr=1e-05, wd=0.0",0,layer4_lr3e-05_hd128_wd0.0_cosine,"lr3e-05,wd0.0",-0.5599670162619496,0.018722231153749123
[8],1,"lr=1e-05, wd=0.0",0,layer4_lr3e-05_hd128_wd0.01_cosine,"lr3e-05,wd0.01",-0.7414230817829757,0.013020611995077312
[8],1,"lr=1e-05, wd=0.0",0,layer4_lr0.0001_hd128_wd0.0_cosine,"lr0.0001,wd0.0",-0.655481216399773,0.015782149116865582
[8],1,"lr=1e-05, wd=0.0",0,layer4_lr0.0001_hd128_wd0.01_cosine,"lr0.0001,wd0.01",-0.6782729711346824,0.015018242783312326
[8],1,"lr=1e-05, wd=0.0",0,layer4_lr0.0003_hd128_wd0.0_cosine,"lr0.0003,wd0.0",-0.8054635245127231,0.010677883796500273
[8],1,"lr=1e-05, wd=0.0",0,layer4_lr0.0003_hd128_wd0.01_cosine,"lr0.0003,wd0.01",-0.667629112644316,0.015292581040454641
[8],1,"lr=1e-05, wd=0.0",0,layer4_lr0.001_hd128_wd0.0_cosine,"lr0.001,wd0.0",-0.8399685184980908,0.008747278295734255
[8],1,"lr=1e-05, wd=0.0",0,layer4_lr0.001_hd128_wd0.01_cosine,"lr0.001,wd0.01",-0.6876037929480299,0.014313560116102565
[8],1,"lr=1e-05, wd=0.0",0,layer4_lr0.003_hd128_wd0.0_cosine,"lr0.003,wd0.0",-0.8064070794202768,0.009057823565026756
[8],1,"lr=1e-05, wd=0.0",0,layer4_lr0.003_hd128_wd0.01_cosine,"lr0.003,wd0.01",-0.7156291044203443,0.012659672309989333
[8],1,"lr=1e-05, wd=0.0",5,layer4_lr1e-05_hd128_wd0.0_cosine,"lr1e-05,wd0.0",-1.3822860304491658,0.0018071678221849201
[8],1,"lr=1e-05, wd=0.0",5,layer4_lr1e-05_hd128_wd0.01_cosine,"lr1e-05,wd0.01",-1.446777166506891,0.0008003209500708444
[8],1,"lr=1e-05, wd=0.0",5,layer4_lr3e-05_hd128_wd0.0_cosine,"lr3e-05,wd0.0",-1.266188835343667,0.0001301477484927431
[8],1,"lr=1e-05, wd=0.0",5,layer4_lr3e-05_hd128_wd0.01_cosine,"lr3e-05,wd0.01",-1.3705839505302437,6.751731549368659e-05
[8],1,"lr=1e-05, wd=0.0",5,layer4_lr0.0001_hd128_wd0.0_cosine,"lr0.0001,wd0.0",-1.171608263445365,0.0007012475558594362
[8],1,"lr=1e-05, wd=0.0",5,layer4_lr0.0001_hd128_wd0.01_cosine,"lr0.0001,wd0.01",-1.315480792602141,1.088728318173439e-06
[8],1,"lr=1e-05, wd=0.0",5,layer4_lr0.0003_hd128_wd0.0_cosine,"lr0.0003,wd0.0",-1.0188622725360321,0.004280236684988475
[8],1,"lr=1e-05, wd=0.0",5,layer4_lr0.0003_hd128_wd0.01_cosine,"lr0.0003,wd0.01",-1.2484259272864757,1.755730073371908e-05
[8],1,"lr=1e-05, wd=0.0",5,layer4_lr0.001_hd128_wd0.0_cosine,"lr0.001,wd0.0",-0.9308602458101698,0.006107362514569464
[8],1,"lr=1e-05, wd=0.0",5,layer4_lr0.001_hd128_wd0.01_cosine,"lr0.001,wd0.01",-0.9632543837314982,0.0002162344831071398
[8],1,"lr=1e-05, wd=0.0",5,layer4_lr0.003_hd128_wd0.0_cosine,"lr0.003,wd0.0",-0.7899147351338712,0.007283013660712148
[8],1,"lr=1e-05, wd=0.0",5,layer4_lr0.003_hd128_wd0.01_cosine,"lr0.003,wd0.01",-1.5410964156010039,0.0017482658400092088
[8],1,"lr=1e-05, wd=0.0",10,layer4_lr1e-05_hd128_wd0.0_cosine,"lr1e-05,wd0.0",-1.4566112316715838,0.00035214336160307395
[8],1,"lr=1e-05, wd=0.0",10,layer4_lr1e-05_hd128_wd0.01_cosine,"lr1e-05,wd0.01",-1.6245776600433532,0.0002847520195547955
[8],1,"lr=1e-05, wd=0.0",10,layer4_lr3e-05_hd128_wd0.0_cosine,"lr3e-05,wd0.0",-1.5350971746282103,2.1194381117730166e-05
[8],1,"lr=1e-05, wd=0.0",10,layer4_lr3e-05_hd128_wd0.01_cosine,"lr3e-05,wd0.01",-1.5904464192841028,3.18024927136055e-05
[8],1,"lr=1e-05, wd=0.0",10,layer4_lr0.0001_hd128_wd0.0_cosine,"lr0.0001,wd0.0",-1.3015475032780779,0.0015038322284038346
[8],1,"lr=1e-05, wd=0.0",10,layer4_lr0.0001_hd128_wd0.01_cosine,"lr0.0001,wd0.01",-1.4774826694826246,0.0001537647725562749
[8],1,"lr=1e-05, wd=0.0",10,layer4_lr0.0003_hd128_wd0.0_cosine,"lr0.0003,wd0.0",-1.1028320986943696,0.005013814052242752
[8],1,"lr=1e-05, wd=0.0",10,layer4_lr0.0003_hd128_wd0.01_cosine,"lr0.0003,wd0.01",-1.3121379183672144,0.00019641814779010382
[8],1,"lr=1e-05, wd=0.0",10,layer4_lr0.001_hd128_wd0.0_cosine,"lr0.001,wd0.0",-1.2161171222115423,0.0036764405867040235
[8],1,"lr=1e-05, wd=0.0",10,layer4_lr0.001_hd128_wd0.01_cosine,"lr0.001,wd0.01",-1.3695864716001747,8.421785142107702e-05
[8],1,"lr=1e-05, wd=0.0",10,layer4_lr0.003_hd128_wd0.0_cosine,"lr0.003,wd0.0",-1.3078889305795414,0.0017116141343497644
[8],1,"lr=1e-05, wd=0.0",10,layer4_lr0.003_hd128_wd0.01_cosine,"lr0.003,wd0.01",-1.174704581751883,5.738428900495272e-05
[8],1,"lr=1e-05, wd=0.0",20,layer4_lr1e-05_hd128_wd0.0_cosine,"lr1e-05,wd0.0",-1.5130137023036658,3.800604731466727e-05
[8],1,"lr=1e-05, wd=0.0",20,layer4_lr1e-05_hd128_wd0.01_cosine,"lr1e-05,wd0.01",-1.5371897525994525,0.00011145424358185707
[8],1,"lr=1e-05, wd=0.0",20,layer4_lr3e-05_hd128_wd0.0_cosine,"lr3e-05,wd0.0",-1.5609677003261528,0.0001163751927841537
[8],1,"lr=1e-05, wd=0.0",20,layer4_lr3e-05_hd128_wd0.01_cosine,"lr3e-05,wd0.01",-1.86744059519139,1.700250765085018e-06
[8],1,"lr=1e-05, wd=0.0",20,layer4_lr0.0001_hd128_wd0.0_cosine,"lr0.0001,wd0.0",-1.4753932057362098,0.0014122429982527755
[8],1,"lr=1e-05, wd=0.0",20,layer4_lr0.0001_hd128_wd0.01_cosine,"lr0.0001,wd0.01",-1.6035538055025291,0.0001090304067566716
[8],1,"lr=1e-05, wd=0.0",20,layer4_lr0.0003_hd128_wd0.0_cosine,"lr0.0003,wd0.0",-1.4850336270235247,0.002537245704969904
[8],1,"lr=1e-05, wd=0.0",20,layer4_lr0.0003_hd128_wd0.01_cosine,"lr0.0003,wd0.01",-1.3588936296210006,0.00010404284011848386
[8],1,"lr=1e-05, wd=0.0",20,layer4_lr0.001_hd128_wd0.0_cosine,"lr0.001,wd0.0",-1.470334569186075,0.0026497848397029943
[8],1,"lr=1e-05, wd=0.0",20,layer4_lr0.001_hd128_wd0.01_cosine,"lr0.001,wd0.01",-1.3262518479087677,3.9681026157842685e-05
[8],1,"lr=1e-05, wd=0.0",20,layer4_lr0.003_hd128_wd0.0_cosine,"lr0.003,wd0.0",-1.4495414336404076,0.0015857914792209273
[8],1,"lr=1e-05, wd=0.0",20,layer4_lr0.003_hd128_wd0.01_cosine,"lr0.003,wd0.01",-1.5302683881947412,0.0010396165961539623
[8],1,"lr=1e-05, wd=0.0",50,layer4_lr1e-05_hd128_wd0.0_cosine,"lr1e-05,wd0.0",-2.251028940460813,4.313348784141068e-06
[8],1,"lr=1e-05, wd=0.0",50,layer4_lr1e-05_hd128_wd0.01_cosine,"lr1e-05,wd0.01",-2.2833315013265376,3.0735637499515995e-07
[8],1,"lr=1e-05, wd=0.0",50,layer4_lr3e-05_hd128_wd0.0_cosine,"lr3e-05,wd0.0",-2.2211588850519375,1.4845618569506483e-05
[8],1,"lr=1e-05, wd=0.0",50,layer4_lr3e-05_hd128_wd0.01_cosine,"lr3e-05,wd0.01",-2.4156231894262588,3.623878658263705e-06
[8],1,"lr=1e-05, wd=0.0",50,layer4_lr0.0001_hd128_wd0.0_cosine,"lr0.0001,wd0.0",-2.0381146935314525,0.00014543362389651398
[8],1,"lr=1e-05, wd=0.0",50,layer4_lr0.0001_hd128_wd0.01_cosine,"lr0.0001,wd0.01",-3.454546404954901,1.957687428989027e-07
[8],1,"lr=1e-05, wd=0.0",50,layer4_lr0.0003_hd128_wd0.0_cosine,"lr0.0003,wd0.0",-1.8705801712557788,0.00030272978253792607
[8],1,"lr=1e-05, wd=0.0",50,layer4_lr0.0003_hd128_wd0.01_cosine,"lr0.0003,wd0.01",-2.3211951879278,1.9593803638055807e-08
[8],1,"lr=1e-05, wd=0.0",50,layer4_lr0.001_hd128_wd0.0_cosine,"lr0.001,wd0.0",-1.754372332485598,0.00010306273455392292
[8],1,"lr=1e-05, wd=0.0",50,layer4_lr0.001_hd128_wd0.01_cosine,"lr0.001,wd0.01",-2.1028466155058854,0.00024827158398330734
[8],1,"lr=1e-05, wd=0.0",50,layer4_lr0.003_hd128_wd0.0_cosine,"lr0.003,wd0.0",-2.2751618415936417,0.0004933047122246158
[8],1,"lr=1e-05, wd=0.0",50,layer4_lr0.003_hd128_wd0.01_cosine,"lr0.003,wd0.01",-2.011602235502687,0.0007320718480426286
[8],1,"lr=1e-05, wd=0.0",90,layer4_lr1e-05_hd128_wd0.0_cosine,"lr1e-05,wd0.0",-3.9129995770267483,9.618710231917017e-06
[8],1,"lr=1e-05, wd=0.0",90,layer4_lr1e-05_hd128_wd0.01_cosine,"lr1e-05,wd0.01",-4.060478270050142,1.5319135571034545e-06
[8],1,"lr=1e-05, wd=0.0",90,layer4_lr3e-05_hd128_wd0.0_cosine,"lr3e-05,wd0.0",-3.9587210516026015,5.602819873388732e-06
[8],1,"lr=1e-05, wd=0.0",90,layer4_lr3e-05_hd128_wd0.01_cosine,"lr3e-05,wd0.01",-4.0943357330322545,9.967495058773383e-07
[8],1,"lr=1e-05, wd=0.0",90,layer4_lr0.0001_hd128_wd0.0_cosine,"lr0.0001,wd0.0",-2.436694233010126,4.40165066066978e-06
[8],1,"lr=1e-05, wd=0.0",90,layer4_lr0.0001_hd128_wd0.01_cosine,"lr0.0001,wd0.01",-4.105373970588146,3.2263283659863917e-06
[8],1,"lr=1e-05, wd=0.0",90,layer4_lr0.0003_hd128_wd0.0_cosine,"lr0.0003,wd0.0",-2.444764522812788,9.977309590396021e-06
[8],1,"lr=1e-05, wd=0.0",90,layer4_lr0.0003_hd128_wd0.01_cosine,"lr0.0003,wd0.01",-4.125771153603068,1.6556333548417918e-07
[8],1,"lr=1e-05, wd=0.0",90,layer4_lr0.001_hd128_wd0.0_cosine,"lr0.001,wd0.0",-2.4789394293018883,0.00010670994706214057
[8],1,"lr=1e-05, wd=0.0",90,layer4_lr0.001_hd128_wd0.01_cosine,"lr0.001,wd0.01",-3.495914876261574,5.058149112423507e-06
[8],1,"lr=1e-05, wd=0.0",90,layer4_lr0.003_hd128_wd0.0_cosine,"lr0.003,wd0.0",-2.431738761800405,8.153658553562017e-05
[8],1,"lr=1e-05, wd=0.0",90,layer4_lr0.003_hd128_wd0.01_cosine,"lr0.003,wd0.01",-3.1229357332547365,9.976548456964322e-06
[8],2,"lr=1e-05, wd=0.01",0,layer4_lr1e-05_hd128_wd0.0_cosine,"lr1e-05,wd0.0",-0.6822382659950016,0.01478172385858318
[8],2,"lr=1e-05, wd=0.01",0,layer4_lr1e-05_hd128_wd0.01_cosine,"lr1e-05,wd0.01",-0.7882315096779573,0.011069738113281278
[8],2,"lr=1e-05, wd=0.01",0,layer4_lr3e-05_hd128_wd0.0_cosine,"lr3e-05,wd0.0",-0.5434312669165234,0.019586661275877975
[8],2,"lr=1e-05, wd=0.01",0,layer4_lr3e-05_hd128_wd0.01_cosine,"lr3e-05,wd0.01",-0.7091333925682457,0.013837506192228394
[8],2,"lr=1e-05, wd=0.01",0,layer4_lr0.0001_hd128_wd0.0_cosine,"lr0.0001,wd0.0",-0.6306875740726291,0.016536089550078698
[8],2,"lr=1e-05, wd=0.01",0,layer4_lr0.0001_hd128_wd0.01_cosine,"lr0.0001,wd0.01",-0.6501324558776095,0.01583838616839208
[8],2,"lr=1e-05, wd=0.01",0,layer4_lr0.0003_hd128_wd0.0_cosine,"lr0.0003,wd0.0",-0.7677050958897862,0.011271916861107746
[8],2,"lr=1e-05, wd=0.01",0,layer4_lr0.0003_hd128_wd0.01_cosine,"lr0.0003,wd0.01",-0.6404764222894541,0.016073204167084222
[8],2,"lr=1e-05, wd=0.01",0,layer4_lr0.001_hd128_wd0.0_cosine,"lr0.001,wd0.0",-0.8000268624898434,0.009254314761894878
[8],2,"lr=1e-05, wd=0.01",0,layer4_lr0.001_hd128_wd0.01_cosine,"lr0.001,wd0.01",-0.6591031452268029,0.01501668252402117
[8],2,"lr=1e-05, wd=0.01",0,layer4_lr0.003_hd128_wd0.0_cosine,"lr0.003,wd0.0",-0.7702004599819395,0.009534682696060734
[8],2,"lr=1e-05, wd=0.01",0,layer4_lr0.003_hd128_wd0.01_cosine,"lr0.003,wd0.01",-0.685982495413999,0.013264715862425471
[8],2,"lr=1e-05, wd=0.01",5,layer4_lr1e-05_hd128_wd0.0_cosine,"lr1e-05,wd0.0",-1.3535930618837706,0.0017894858027875772
[8],2,"lr=1e-05, wd=0.01",5,layer4_lr1e-05_hd128_wd0.01_cosine,"lr1e-05,wd0.01",-1.4275967924105333,0.0007960781767795495
[8],2,"lr=1e-05, wd=0.01",5,layer4_lr3e-05_hd128_wd0.0_cosine,"lr3e-05,wd0.0",-1.2589186500560379,0.0001273922368561058
[8],2,"lr=1e-05, wd=0.01",5,layer4_lr3e-05_hd128_wd0.01_cosine,"lr3e-05,wd0.01",-1.3624583904597733,6.187769959896366e-05
[8],2,"lr=1e-05, wd=0.01",5,layer4_lr0.0001_hd128_wd0.0_cosine,"lr0.0001,wd0.0",-1.1750240281840694,0.0006829642192665805
[8],2,"lr=1e-05, wd=0.01",5,layer4_lr0.0001_hd128_wd0.01_cosine,"lr0.0001,wd0.01",-1.3167479454572912,1.3668594476008021e-06
[8],2,"lr=1e-05, wd=0.01",5,layer4_lr0.0003_hd128_wd0.0_cosine,"lr0.0003,wd0.0",-1.0257336695748276,0.004223376436692509
[8],2,"lr=1e-05, wd=0.01",5,layer4_lr0.0003_hd128_wd0.01_cosine,"lr0.0003,wd0.01",-1.257996704256229,1.4346390390626189e-05
[8],2,"lr=1e-05, wd=0.01",5,layer4_lr0.001_hd128_wd0.0_cosine,"lr0.001,wd0.0",-0.9417189322843242,0.005996629433443081
[8],2,"lr=1e-05, wd=0.01",5,layer4_lr0.001_hd128_wd0.01_cosine,"lr0.001,wd0.01",-0.9652268865352318,0.00018006164228274405
[8],2,"lr=1e-05, wd=0.01",5,layer4_lr0.003_hd128_wd0.0_cosine,"lr0.003,wd0.0",-0.7908181205917499,0.007276148241667291
[8],2,"lr=1e-05, wd=0.01",5,layer4_lr0.003_hd128_wd0.01_cosine,"lr0.003,wd0.01",-1.5608090381248,0.0017341908926895317
[8],2,"lr=1e-05, wd=0.01",10,layer4_lr1e-05_hd128_wd0.0_cosine,"lr1e-05,wd0.0",-1.4214954029349727,0.00032549663278635434
[8],2,"lr=1e-05, wd=0.01",10,layer4_lr1e-05_hd128_wd0.01_cosine,"lr1e-05,wd0.01",-1.6100092843710514,0.00027361863542188085
[8],2,"lr=1e-05, wd=0.01",10,layer4_lr3e-05_hd128_wd0.0_cosine,"lr3e-05,wd0.0",-1.5204841672321923,1.604079646381401e-05
[8],2,"lr=1e-05, wd=0.01",10,layer4_lr3e-05_hd128_wd0.01_cosine,"lr3e-05,wd0.01",-1.5742196401760027,4.438868790401529e-05
[8],2,"lr=1e-05, wd=0.01",10,layer4_lr0.0001_hd128_wd0.0_cosine,"lr0.0001,wd0.0",-1.3098858434326743,0.0014566802265975746
[8],2,"lr=1e-05, wd=0.01",10,layer4_lr0.0001_hd128_wd0.01_cosine,"lr0.0001,wd0.01",-1.4823651966997862,0.00016589158242037
[8],2,"lr=1e-05, wd=0.01",10,layer4_lr0.0003_hd128_wd0.0_cosine,"lr0.0003,wd0.0",-1.1106443900525105,0.004955757039196292
[8],2,"lr=1e-05, wd=0.01",10,layer4_lr0.0003_hd128_wd0.01_cosine,"lr0.0003,wd0.01",-1.3221542065496004,0.00020979358108906174
[8],2,"lr=1e-05, wd=0.01",10,layer4_lr0.001_hd128_wd0.0_cosine,"lr0.001,wd0.0",-1.222665300748376,0.0036694723936433605
[8],2,"lr=1e-05, wd=0.01",10,layer4_lr0.001_hd128_wd0.01_cosine,"lr0.001,wd0.01",-1.367092341787156,7.993018393572151e-05
[8],2,"lr=1e-05, wd=0.01",10,layer4_lr0.003_hd128_wd0.0_cosine,"lr0.003,wd0.0",-1.3118599588041517,0.0017340781240294785
[8],2,"lr=1e-05, wd=0.01",10,layer4_lr0.003_hd128_wd0.01_cosine,"lr0.003,wd0.01",-1.1798040411453108,6.362503268509607e-05
[8],2,"lr=1e-05, wd=0.01",20,layer4_lr1e-05_hd128_wd0.0_cosine,"lr1e-05,wd0.0",-1.496909470743534,4.103766722379508e-05
[8],2,"lr=1e-05, wd=0.01",20,layer4_lr1e-05_hd128_wd0.01_cosine,"lr1e-05,wd0.01",-1.5157978120022055,0.00012350478616008438
[8],2,"lr=1e-05, wd=0.01",20,layer4_lr3e-05_hd128_wd0.0_cosine,"lr3e-05,wd0.0",-1.5416606246316302,0.00013188990270996849
[8],2,"lr=1e-05, wd=0.01",20,layer4_lr3e-05_hd128_wd0.01_cosine,"lr3e-05,wd0.01",-1.8501574524821045,4.281714771533027e-06
[8],2,"lr=1e-05, wd=0.01",20,layer4_lr0.0001_hd128_wd0.0_cosine,"lr0.0001,wd0.0",-1.4688198768899063,0.001431892359991878
[8],2,"lr=1e-05, wd=0.01",20,layer4_lr0.0001_hd128_wd0.01_cosine,"lr0.0001,wd0.01",-1.5934773026261604,0.00012367702264559768
[8],2,"lr=1e-05, wd=0.01",20,layer4_lr0.0003_hd128_wd0.0_cosine,"lr0.0003,wd0.0",-1.4830433711947324,0.002551767777304199
[8],2,"lr=1e-05, wd=0.01",20,layer4_lr0.0003_hd128_wd0.01_cosine,"lr0.0003,wd0.01",-1.3601648800229589,0.00011820238844477264
[8],2,"lr=1e-05, wd=0.01",20,layer4_lr0.001_hd128_wd0.0_cosine,"lr0.001,wd0.0",-1.4640501677464752,0.002689252931984703
[8],2,"lr=1e-05, wd=0.01",20,layer4_lr0.001_hd128_wd0.01_cosine,"lr0.001,wd0.01",-1.328211318125713,4.5017214667753496e-05
[8],2,"lr=1e-05, wd=0.01",20,layer4_lr0.003_hd128_wd0.0_cosine,"lr0.003,wd0.0",-1.4468707847221367,0.0016126257679628699
[8],2,"lr=1e-05, wd=0.01",20,layer4_lr0.003_hd128_wd0.01_cosine,"lr0.003,wd0.01",-1.5379938981153054,0.001032162704741884
[8],2,"lr=1e-05, wd=0.01",50,layer4_lr1e-05_hd128_wd0.0_cosine,"lr1e-05,wd0.0",-2.245268735843267,5.746165478264304e-06
[8],2,"lr=1e-05, wd=0.01",50,layer4_lr1e-05_hd128_wd0.01_cosine,"lr1e-05,wd0.01",-2.2787952709008095,6.506267293986165e-07
[8],2,"lr=1e-05, wd=0.01",50,layer4_lr3e-05_hd128_wd0.0_cosine,"lr3e-05,wd0.0",-2.220034741760472,1.590656708515708e-05
[8],2,"lr=1e-05, wd=0.01",50,layer4_lr3e-05_hd128_wd0.01_cosine,"lr3e-05,wd0.01",-2.413237282898759,3.7774024797636475e-06
[8],2,"lr=1e-05, wd=0.01",50,layer4_lr0.0001_hd128_wd0.0_cosine,"lr0.0001,wd0.0",-2.048086408044742,0.00014586162871481088
[8],2,"lr=1e-05, wd=0.01",50,layer4_lr0.0001_hd128_wd0.01_cosine,"lr0.0001,wd0.01",-3.469974781130615,1.3790028467285768e-07
[8],2,"lr=1e-05, wd=0.01",50,layer4_lr0.0003_hd128_wd0.0_cosine,"lr0.0003,wd0.0",-1.8743416771465353,0.0002939584273562577
[8],2,"lr=1e-05, wd=0.01",50,layer4_lr0.0003_hd128_wd0.01_cosine,"lr0.0003,wd0.01",-2.326762272554869,8.583804577773753e-11
[8],2,"lr=1e-05, wd=0.01",50,layer4_lr0.001_hd128_wd0.0_cosine,"lr0.001,wd0.0",-1.7593266929193352,8.938509397861707e-05
[8],2,"lr=1e-05, wd=0.01",50,layer4_lr0.001_hd128_wd0.01_cosine,"lr0.001,wd0.01",-2.1169045265095967,0.00025275646528739843
[8],2,"lr=1e-05, wd=0.01",50,layer4_lr0.003_hd128_wd0.0_cosine,"lr0.003,wd0.0",-2.2879758151886254,0.0004873482812125574
[8],2,"lr=1e-05, wd=0.01",50,layer4_lr0.003_hd128_wd0.01_cosine,"lr0.003,wd0.01",-2.021982339160772,0.0007358221637075689
[8],2,"lr=1e-05, wd=0.01",90,layer4_lr1e-05_hd128_wd0.0_cosine,"lr1e-05,wd0.0",-3.9081307561016816,1.0481868368813142e-05
[8],2,"lr=1e-05, wd=0.01",90,layer4_lr1e-05_hd128_wd0.01_cosine,"lr1e-05,wd0.01",-4.061243186633142,1.6651204472560798e-06
[8],2,"lr=1e-05, wd=0.01",90,layer4_lr3e-05_hd128_wd0.0_cosine,"lr3e-05,wd0.0",-3.9601000769015307,5.8660022710341165e-06
[8],2,"lr=1e-05, wd=0.01",90,layer4_lr3e-05_hd128_wd0.01_cosine,"lr3e-05,wd0.01",-4.096230596247376,9.74323668819335e-07
[8],2,"lr=1e-05, wd=0.01",90,layer4_lr0.0001_hd128_wd0.0_cosine,"lr0.0001,wd0.0",-2.4352869606261565,4.247461446547787e-06
[8],2,"lr=1e-05, wd=0.01",90,layer4_lr0.0001_hd128_wd0.01_cosine,"lr0.0001,wd0.01",-4.109019282672306,3.0016967524864574e-06
[8],2,"lr=1e-05, wd=0.01",90,layer4_lr0.0003_hd128_wd0.0_cosine,"lr0.0003,wd0.0",-2.4442242785395085,8.904176865141178e-06
[8],2,"lr=1e-05, wd=0.01",90,layer4_lr0.0003_hd128_wd0.01_cosine,"lr0.0003,wd0.01",-4.125770149530798,2.0761814988975516e-07
[8],2,"lr=1e-05, wd=0.01",90,layer4_lr0.001_hd128_wd0.0_cosine,"lr0.001,wd0.0",-2.4805878584753223,0.00010258042614466464
[8],2,"lr=1e-05, wd=0.01",90,layer4_lr0.001_hd128_wd0.01_cosine,"lr0.001,wd0.01",-3.493892860180478,4.745043244451001e-06
[8],2,"lr=1e-05, wd=0.01",90,layer4_lr0.003_hd128_wd0.0_cosine,"lr0.003,wd0.0",-2.4340152216326705,7.857103468210145e-05
[8],2,"lr=1e-05, wd=0.01",90,layer4_lr0.003_hd128_wd0.01_cosine,"lr0.003,wd0.01",-3.128568125639743,1.019308634207983e-05
[8],3,"lr=3e-05, wd=0.0",0,layer4_lr1e-05_hd128_wd0.0_cosine,"lr1e-05,wd0.0",-0.9168051325439139,0.009177528915888291
[8],3,"lr=3e-05, wd=0.0",0,layer4_lr1e-05_hd128_wd0.01_cosine,"lr1e-05,wd0.01",-1.0391136317288812,0.006284440177567907
[8],3,"lr=3e-05, wd=0.0",0,layer4_lr3e-05_hd128_wd0.0_cosine,"lr3e-05,wd0.0",-0.7388493657590784,0.013094736979485997
[8],3,"lr=3e-05, wd=0.0",0,layer4_lr3e-05_hd128_wd0.01_cosine,"lr3e-05,wd0.01",-0.9515640451005636,0.008444872425420247
[8],3,"lr=3e-05, wd=0.0",0,layer4_lr0.0001_hd128_wd0.0_cosine,"lr0.0001,wd0.0",-0.8487099691159934,0.01072295427907107
[8],3,"lr=3e-05, wd=0.0",0,layer4_lr0.0001_hd128_wd0.01_cosine,"lr0.0001,wd0.01",-0.877005703023001,0.010112804526013163
[8],3,"lr=3e-05, wd=0.0",0,layer4_lr0.0003_hd128_wd0.0_cosine,"lr0.0003,wd0.0",-1.0381029993800879,0.006687259529215471
[8],3,"lr=3e-05, wd=0.0",0,layer4_lr0.0003_hd128_wd0.01_cosine,"lr0.0003,wd0.01",-0.862381243892286,0.010428558471820108
[8],3,"lr=3e-05, wd=0.0",0,layer4_lr0.001_hd128_wd0.0_cosine,"lr0.001,wd0.0",-1.0927230182887684,0.005300681265816708
[8],3,"lr=3e-05, wd=0.0",0,layer4_lr0.001_hd128_wd0.01_cosine,"lr0.001,wd0.01",-0.8907111372438073,0.00977516072179868
[8],3,"lr=3e-05, wd=0.0",0,layer4_lr0.003_hd128_wd0.0_cosine,"lr0.003,wd0.0",-1.0555365520292226,0.005686914318293941
[8],3,"lr=3e-05, wd=0.0",0,layer4_lr0.003_hd128_wd0.01_cosine,"lr0.003,wd0.01",-0.9339612410300522,0.008584709013719048
[8],3,"lr=3e-05, wd=0.0",5,layer4_lr1e-05_hd128_wd0.0_cosine,"lr1e-05,wd0.0",-1.6151649986354992,0.001685328095050533
[8],3,"lr=3e-05, wd=0.0",5,layer4_lr1e-05_hd128_wd0.01_cosine,"lr1e-05,wd0.01",-1.7363343232093513,0.0007748559105974212
[8],3,"lr=3e-05, wd=0.0",5,layer4_lr3e-05_hd128_wd0.0_cosine,"lr3e-05,wd0.0",-1.3779201023947665,0.0002748017829670353
[8],3,"lr=3e-05, wd=0.0",5,layer4_lr3e-05_hd128_wd0.01_cosine,"lr3e-05,wd0.01",-1.495192588920949,9.467030372392879e-05
[8],3,"lr=3e-05, wd=0.0",5,layer4_lr0.0001_hd128_wd0.0_cosine,"lr0.0001,wd0.0",-1.243042149276427,0.00038828290120170044
[8],3,"lr=3e-05, wd=0.0",5,layer4_lr0.0001_hd128_wd0.01_cosine,"lr0.0001,wd0.01",-1.3620629756659404,2.378099652983002e-06
[8],3,"lr=3e-05, wd=0.0",5,layer4_lr0.0003_hd128_wd0.0_cosine,"lr0.0003,wd0.0",-1.0692145933361035,0.0034994746505037635
[8],3,"lr=3e-05, wd=0.0",5,layer4_lr0.0003_hd128_wd0.01_cosine,"lr0.0003,wd0.01",-1.2522742510080889,2.6984645060625575e-06
[8],3,"lr=3e-05, wd=0.0",5,layer4_lr0.001_hd128_wd0.0_cosine,"lr0.001,wd0.0",-0.9358862934352045,0.005509382779432553
[8],3,"lr=3e-05, wd=0.0",5,layer4_lr0.001_hd128_wd0.01_cosine,"lr0.001,wd0.01",-0.9766300158069359,0.00035546855288198526
[8],3,"lr=3e-05, wd=0.0",5,layer4_lr0.003_hd128_wd0.0_cosine,"lr0.003,wd0.0",-0.8302366760863908,0.006084264116334393
[8],3,"lr=3e-05, wd=0.0",5,layer4_lr0.003_hd128_wd0.01_cosine,"lr0.003,wd0.01",-1.330239572486328,0.0014408455282743868
[8],3,"lr=3e-05, wd=0.0",10,layer4_lr1e-05_hd128_wd0.0_cosine,"lr1e-05,wd0.0",-1.6328270017513116,0.00044648002783572084
[8],3,"lr=3e-05, wd=0.0",10,layer4_lr1e-05_hd128_wd0.01_cosine,"lr1e-05,wd0.01",-1.8099879769947775,0.0003321234573604825
[8],3,"lr=3e-05, wd=0.0",10,layer4_lr3e-05_hd128_wd0.0_cosine,"lr3e-05,wd0.0",-1.6774904610625099,8.729258104022738e-05
[8],3,"lr=3e-05, wd=0.0",10,layer4_lr3e-05_hd128_wd0.01_cosine,"lr3e-05,wd0.01",-1.7323904210145473,5.931665219654622e-06
[8],3,"lr=3e-05, wd=0.0",10,layer4_lr0.0001_hd128_wd0.0_cosine,"lr0.0001,wd0.0",-1.3798909775401016,0.0010769178873349557
[8],3,"lr=3e-05, wd=0.0",10,layer4_lr0.0001_hd128_wd0.01_cosine,"lr0.0001,wd0.01",-1.499157758474494,6.756986152179015e-05
[8],3,"lr=3e-05, wd=0.0",10,layer4_lr0.0003_hd128_wd0.0_cosine,"lr0.0003,wd0.0",-1.1386708274631463,0.004487199251481039
[8],3,"lr=3e-05, wd=0.0",10,layer4_lr0.0003_hd128_wd0.01_cosine,"lr0.0003,wd0.01",-1.2985679535666637,0.00011518203767782227
[8],3,"lr=3e-05, wd=0.0",10,layer4_lr0.001_hd128_wd0.0_cosine,"lr0.001,wd0.0",-1.185443116938106,0.003942113289941753
[8],3,"lr=3e-05, wd=0.0",10,layer4_lr0.001_hd128_wd0.01_cosine,"lr0.001,wd0.01",-1.3640392473969989,4.0442318103143236e-05
[8],3,"lr=3e-05, wd=0.0",10,layer4_lr0.003_hd128_wd0.0_cosine,"lr0.003,wd0.0",-1.283802625625567,0.0018285807010012271
[8],3,"lr=3e-05, wd=0.0",10,layer4_lr0.003_hd128_wd0.01_cosine,"lr0.003,wd0.01",-1.153734480492543,8.681827734769748e-06
[8],3,"lr=3e-05, wd=0.0",20,layer4_lr1e-05_hd128_wd0.0_cosine,"lr1e-05,wd0.0",-1.6516661200097762,1.911096822516703e-05
[8],3,"lr=3e-05, wd=0.0",20,layer4_lr1e-05_hd128_wd0.01_cosine,"lr1e-05,wd0.01",-1.6697719734696927,7.783414538350047e-05
[8],3,"lr=3e-05, wd=0.0",20,layer4_lr3e-05_hd128_wd0.0_cosine,"lr3e-05,wd0.0",-1.7239411243717486,5.496063911961346e-05
[8],3,"lr=3e-05, wd=0.0",20,layer4_lr3e-05_hd128_wd0.01_cosine,"lr3e-05,wd0.01",-2.02222020561674,1.834278742963193e-07
[8],3,"lr=3e-05, wd=0.0",20,layer4_lr0.0001_hd128_wd0.0_cosine,"lr0.0001,wd0.0",-1.5578160697292747,0.0013266750809998852
[8],3,"lr=3e-05, wd=0.0",20,layer4_lr0.0001_hd128_wd0.01_cosine,"lr0.0001,wd0.01",-1.6534538926770488,0.00010909265339367637
[8],3,"lr=3e-05, wd=0.0",20,layer4_lr0.0003_hd128_wd0.0_cosine,"lr0.0003,wd0.0",-1.4717893192054707,0.0027320526415145923
[8],3,"lr=3e-05, wd=0.0",20,layer4_lr0.0003_hd128_wd0.01_cosine,"lr0.0003,wd0.01",-1.3338987660760395,0.00015934560849640113
[8],3,"lr=3e-05, wd=0.0",20,layer4_lr0.001_hd128_wd0.0_cosine,"lr0.001,wd0.0",-1.4511166258172468,0.002880192571190013
[8],3,"lr=3e-05, wd=0.0",20,layer4_lr0.001_hd128_wd0.01_cosine,"lr0.001,wd0.01",-1.2984421098448964,9.851289256197734e-05
[8],3,"lr=3e-05, wd=0.0",20,layer4_lr0.003_hd128_wd0.0_cosine,"lr0.003,wd0.0",-1.4317585219968263,0.0018396285802436071
[8],3,"lr=3e-05, wd=0.0",20,layer4_lr0.003_hd128_wd0.01_cosine,"lr0.003,wd0.01",-1.5130480458162459,0.0007371016383670376
[8],3,"lr=3e-05, wd=0.0",50,layer4_lr1e-05_hd128_wd0.0_cosine,"lr1e-05,wd0.0",-2.3652978444983326,2.7989592753757955e-06
[8],3,"lr=3e-05, wd=0.0",50,layer4_lr1e-05_hd128_wd0.01_cosine,"lr1e-05,wd0.01",-2.4082358121125567,3.1233305719978147e-07
[8],3,"lr=3e-05, wd=0.0",50,layer4_lr3e-05_hd128_wd0.0_cosine,"lr3e-05,wd0.0",-2.303828774549266,1.2030227785659186e-05
[8],3,"lr=3e-05, wd=0.0",50,layer4_lr3e-05_hd128_wd0.01_cosine,"lr3e-05,wd0.01",-2.575582146934492,3.7590056025228e-06
[8],3,"lr=3e-05, wd=0.0",50,layer4_lr0.0001_hd128_wd0.0_cosine,"lr0.0001,wd0.0",-2.0448866484278607,0.00013716680009149526
[8],3,"lr=3e-05, wd=0.0",50,layer4_lr0.0001_hd128_wd0.01_cosine,"lr0.0001,wd0.01",-3.7091822294024555,8.409358284559982e-08
[8],3,"lr=3e-05, wd=0.0",50,layer4_lr0.0003_hd128_wd0.0_cosine,"lr0.0003,wd0.0",-1.823691130758805,0.0002928006957896409
[8],3,"lr=3e-05, wd=0.0",50,layer4_lr0.0003_hd128_wd0.01_cosine,"lr0.0003,wd0.01",-2.555846716865552,1.0058581924788725e-07
[8],3,"lr=3e-05, wd=0.0",50,layer4_lr0.001_hd128_wd0.0_cosine,"lr0.001,wd0.0",-1.7228480957515435,0.0001355426076342569
[8],3,"lr=3e-05, wd=0.0",50,layer4_lr0.001_hd128_wd0.01_cosine,"lr0.001,wd0.01",-2.1665674511889716,0.0002303389435952793
[8],3,"lr=3e-05, wd=0.0",50,layer4_lr0.003_hd128_wd0.0_cosine,"lr0.003,wd0.0",-2.268120821448159,0.0005058742719120481
[8],3,"lr=3e-05, wd=0.0",50,layer4_lr0.003_hd128_wd0.01_cosine,"lr0.003,wd0.01",-2.042061807771049,0.0006981988376782505
[8],3,"lr=3e-05, wd=0.0",90,layer4_lr1e-05_hd128_wd0.0_cosine,"lr1e-05,wd0.0",-3.9544857899524635,6.19807172041495e-06
[8],3,"lr=3e-05, wd=0.0",90,layer4_lr1e-05_hd128_wd0.01_cosine,"lr1e-05,wd0.01",-4.085483053322483,8.391994377819522e-07
[8],3,"lr=3e-05, wd=0.0",90,layer4_lr3e-05_hd128_wd0.0_cosine,"lr3e-05,wd0.0",-3.977264037975945,3.7339029811201818e-06
[8],3,"lr=3e-05, wd=0.0",90,layer4_lr3e-05_hd128_wd0.01_cosine,"lr3e-05,wd0.01",-4.109616280454774,6.553645891818991e-07
[8],3,"lr=3e-05, wd=0.0",90,layer4_lr0.0001_hd128_wd0.0_cosine,"lr0.0001,wd0.0",-2.421130397073277,3.239634572145954e-06
[8],3,"lr=3e-05, wd=0.0",90,layer4_lr0.0001_hd128_wd0.01_cosine,"lr0.0001,wd0.01",-4.125182676609348,2.2175527763534837e-06
[8],3,"lr=3e-05, wd=0.0",90,layer4_lr0.0003_hd128_wd0.0_cosine,"lr0.0003,wd0.0",-2.453504278227026,1.780042158698207e-05
[8],3,"lr=3e-05, wd=0.0",90,layer4_lr0.0003_hd128_wd0.01_cosine,"lr0.0003,wd0.01",-4.141591645217319,6.4055213117418e-07
[8],3,"lr=3e-05, wd=0.0",90,layer4_lr0.001_hd128_wd0.0_cosine,"lr0.001,wd0.0",-2.44948266965941,0.00012392211810286326
[8],3,"lr=3e-05, wd=0.0",90,layer4_lr0.001_hd128_wd0.01_cosine,"lr0.001,wd0.01",-3.6961683985260434,2.076831957863567e-06
[8],3,"lr=3e-05, wd=0.0",90,layer4_lr0.003_hd128_wd0.0_cosine,"lr0.003,wd0.0",-2.387492962924274,9.28938527255947e-05
[8],3,"lr=3e-05, wd=0.0",90,layer4_lr0.003_hd128_wd0.01_cosine,"lr0.003,wd0.01",-3.281175637415399,2.0821802381922192e-05
[8],4,"lr=3e-05, wd=0.01",0,layer4_lr1e-05_hd128_wd0.0_cosine,"lr1e-05,wd0.0",-0.8501666374796311,0.010658571886045904
[8],4,"lr=3e-05, wd=0.01",0,layer4_lr1e-05_hd128_wd0.01_cosine,"lr1e-05,wd0.01",-0.9841641800766392,0.007536694158616201
[8],4,"lr=3e-05, wd=0.01",0,layer4_lr3e-05_hd128_wd0.0_cosine,"lr3e-05,wd0.0",-0.6636685891155683,0.014833696700282013
[8],4,"lr=3e-05, wd=0.01",0,layer4_lr3e-05_hd128_wd0.01_cosine,"lr3e-05,wd0.01",-0.8863428471755295,0.009874427928924552
[8],4,"lr=3e-05, wd=0.01",0,layer4_lr0.0001_hd128_wd0.0_cosine,"lr0.0001,wd0.0",-0.7778466537092376,0.012279872060740722
[8],4,"lr=3e-05, wd=0.01",0,layer4_lr0.0001_hd128_wd0.01_cosine,"lr0.0001,wd0.01",-0.8064390551458841,0.011650668490422468
[8],4,"lr=3e-05, wd=0.01",0,layer4_lr0.0003_hd128_wd0.0_cosine,"lr0.0003,wd0.0",-0.9743602582520572,0.007912835725732224
[8],4,"lr=3e-05, wd=0.01",0,layer4_lr0.0003_hd128_wd0.01_cosine,"lr0.0003,wd0.01",-0.7923927563699997,0.011968133478978335
[8],4,"lr=3e-05, wd=0.01",0,layer4_lr0.001_hd128_wd0.0_cosine,"lr0.001,wd0.0",-1.0329457741688115,0.006382942788673086
[8],4,"lr=3e-05, wd=0.01",0,layer4_lr0.001_hd128_wd0.01_cosine,"lr0.001,wd0.01",-0.8247807522804632,0.011243739008492678
[8],4,"lr=3e-05, wd=0.01",0,layer4_lr0.003_hd128_wd0.0_cosine,"lr0.003,wd0.0",-0.9986812085537353,0.006791726176836047
[8],4,"lr=3e-05, wd=0.01",0,layer4_lr0.003_hd128_wd0.01_cosine,"lr0.003,wd0.01",-0.8738227058919306,0.009943073798507215
[8],4,"lr=3e-05, wd=0.01",5,layer4_lr1e-05_hd128_wd0.0_cosine,"lr1e-05,wd0.0",-1.5942924714215234,0.0016907168750338135
[8],4,"lr=3e-05, wd=0.01",5,layer4_lr1e-05_hd128_wd0.01_cosine,"lr1e-05,wd0.01",-1.7240916466949079,0.000763177392271048
[8],4,"lr=3e-05, wd=0.01",5,layer4_lr3e-05_hd128_wd0.0_cosine,"lr3e-05,wd0.0",-1.3553700427693343,0.0002795111923402448
[8],4,"lr=3e-05, wd=0.01",5,layer4_lr3e-05_hd128_wd0.01_cosine,"lr3e-05,wd0.01",-1.4810095938368628,9.774656804021855e-05
[8],4,"lr=3e-05, wd=0.01",5,layer4_lr0.0001_hd128_wd0.0_cosine,"lr0.0001,wd0.0",-1.2320497816070746,0.00040756220072910737
[8],4,"lr=3e-05, wd=0.01",5,layer4_lr0.0001_hd128_wd0.01_cosine,"lr0.0001,wd0.01",-1.356841054102906,2.124045752680448e-06
[8],4,"lr=3e-05, wd=0.01",5,layer4_lr0.0003_hd128_wd0.0_cosine,"lr0.0003,wd0.0",-1.0610024490399732,0.0035758794152239677
[8],4,"lr=3e-05, wd=0.01",5,layer4_lr0.0003_hd128_wd0.01_cosine,"lr0.0003,wd0.01",-1.253749764839225,1.5623389126368823e-06
[8],4,"lr=3e-05, wd=0.01",5,layer4_lr0.001_hd128_wd0.0_cosine,"lr0.001,wd0.0",-0.9371220773925729,0.005458058648724169
[8],4,"lr=3e-05, wd=0.01",5,layer4_lr0.001_hd128_wd0.01_cosine,"lr0.001,wd0.01",-0.9863797282474914,0.0002504750877531498
[8],4,"lr=3e-05, wd=0.01",5,layer4_lr0.003_hd128_wd0.0_cosine,"lr0.003,wd0.0",-0.8254491810186381,0.006095725293266175
[8],4,"lr=3e-05, wd=0.01",5,layer4_lr0.003_hd128_wd0.01_cosine,"lr0.003,wd0.01",-1.3742977715426774,0.0014903634899241292
[8],4,"lr=3e-05, wd=0.01",10,layer4_lr1e-05_hd128_wd0.0_cosine,"lr1e-05,wd0.0",-1.5999618100889548,0.00047505747272778284
[8],4,"lr=3e-05, wd=0.01",10,layer4_lr1e-05_hd128_wd0.01_cosine,"lr1e-05,wd0.01",-1.8101634526755481,0.0003447117699695193
[8],4,"lr=3e-05, wd=0.01",10,layer4_lr3e-05_hd128_wd0.0_cosine,"lr3e-05,wd0.0",-1.640505897533846,8.382816247335493e-05
[8],4,"lr=3e-05, wd=0.01",10,layer4_lr3e-05_hd128_wd0.01_cosine,"lr3e-05,wd0.01",-1.711396881890141,7.954644956756547e-06
[8],4,"lr=3e-05, wd=0.01",10,layer4_lr0.0001_hd128_wd0.0_cosine,"lr0.0001,wd0.0",-1.3751689519783166,0.0010811940528900983
[8],4,"lr=3e-05, wd=0.01",10,layer4_lr0.0001_hd128_wd0.01_cosine,"lr0.0001,wd0.01",-1.4970569616169027,7.229040610571172e-05
[8],4,"lr=3e-05, wd=0.01",10,layer4_lr0.0003_hd128_wd0.0_cosine,"lr0.0003,wd0.0",-1.1397684727757227,0.004473482812193921
[8],4,"lr=3e-05, wd=0.01",10,layer4_lr0.0003_hd128_wd0.01_cosine,"lr0.0003,wd0.01",-1.30633212615345,0.00011358708253311607
[8],4,"lr=3e-05, wd=0.01",10,layer4_lr0.001_hd128_wd0.0_cosine,"lr0.001,wd0.0",-1.1865270329457351,0.003945085277509077
[8],4,"lr=3e-05, wd=0.01",10,layer4_lr0.001_hd128_wd0.01_cosine,"lr0.001,wd0.01",-1.3605307604695025,4.38234678832137e-05
[8],4,"lr=3e-05, wd=0.01",10,layer4_lr0.003_hd128_wd0.0_cosine,"lr0.003,wd0.0",-1.2859318561412858,0.0018298604265843737
[8],4,"lr=3e-05, wd=0.01",10,layer4_lr0.003_hd128_wd0.01_cosine,"lr0.003,wd0.01",-1.1727512388020815,3.691169508746666e-05
[8],4,"lr=3e-05, wd=0.01",20,layer4_lr1e-05_hd128_wd0.0_cosine,"lr1e-05,wd0.0",-1.6349449826160285,2.471966747984009e-05
[8],4,"lr=3e-05, wd=0.01",20,layer4_lr1e-05_hd128_wd0.01_cosine,"lr1e-05,wd0.01",-1.6449212171980103,9.266706203140894e-05
[8],4,"lr=3e-05, wd=0.01",20,layer4_lr3e-05_hd128_wd0.0_cosine,"lr3e-05,wd0.0",-1.6975693904395885,6.703777015365914e-05
[8],4,"lr=3e-05, wd=0.01",20,layer4_lr3e-05_hd128_wd0.01_cosine,"lr3e-05,wd0.01",-2.0061621074442666,8.666321069306305e-07
[8],4,"lr=3e-05, wd=0.01",20,layer4_lr0.0001_hd128_wd0.0_cosine,"lr0.0001,wd0.0",-1.550943329780152,0.0013417039055178296
[8],4,"lr=3e-05, wd=0.01",20,layer4_lr0.0001_hd128_wd0.01_cosine,"lr0.0001,wd0.01",-1.64062488231936,0.0001204804060960461
[8],4,"lr=3e-05, wd=0.01",20,layer4_lr0.0003_hd128_wd0.0_cosine,"lr0.0003,wd0.0",-1.4712390697547981,0.0027286578261553236
[8],4,"lr=3e-05, wd=0.01",20,layer4_lr0.0003_hd128_wd0.01_cosine,"lr0.0003,wd0.01",-1.3379570087022172,0.00016908079804452063
[8],4,"lr=3e-05, wd=0.01",20,layer4_lr0.001_hd128_wd0.0_cosine,"lr0.001,wd0.0",-1.4471781848656835,0.0029000466060211034
[8],4,"lr=3e-05, wd=0.01",20,layer4_lr0.001_hd128_wd0.01_cosine,"lr0.001,wd0.01",-1.3060819552715737,9.478799715073034e-05
[8],4,"lr=3e-05, wd=0.01",20,layer4_lr0.003_hd128_wd0.0_cosine,"lr0.003,wd0.0",-1.4299351946703764,0.0018505199886792625
[8],4,"lr=3e-05, wd=0.01",20,layer4_lr0.003_hd128_wd0.01_cosine,"lr0.003,wd0.01",-1.5148224040172653,0.0007554528685454122
[8],4,"lr=3e-05, wd=0.01",50,layer4_lr1e-05_hd128_wd0.0_cosine,"lr1e-05,wd0.0",-2.361549708325898,3.5033766888663228e-06
[8],4,"lr=3e-05, wd=0.01",50,layer4_lr1e-05_hd128_wd0.01_cosine,"lr1e-05,wd0.01",-2.392565748484942,3.41115125163306e-07
[8],4,"lr=3e-05, wd=0.01",50,layer4_lr3e-05_hd128_wd0.0_cosine,"lr3e-05,wd0.0",-2.3015013073421087,1.292575752806153e-05
[8],4,"lr=3e-05, wd=0.01",50,layer4_lr3e-05_hd128_wd0.01_cosine,"lr3e-05,wd0.01",-2.561228090721374,3.834729862091835e-06
[8],4,"lr=3e-05, wd=0.01",50,layer4_lr0.0001_hd128_wd0.0_cosine,"lr0.0001,wd0.0",-2.0484813184337485,0.0001373874817628043
[8],4,"lr=3e-05, wd=0.01",50,layer4_lr0.0001_hd128_wd0.01_cosine,"lr0.0001,wd0.01",-3.69153925148663,5.855305938272935e-08
[8],4,"lr=3e-05, wd=0.01",50,layer4_lr0.0003_hd128_wd0.0_cosine,"lr0.0003,wd0.0",-1.8253089175885675,0.0002781051501942022
[8],4,"lr=3e-05, wd=0.01",50,layer4_lr0.0003_hd128_wd0.01_cosine,"lr0.0003,wd0.01",-2.4855770812244633,5.055971820511474e-08
[8],4,"lr=3e-05, wd=0.01",50,layer4_lr0.001_hd128_wd0.0_cosine,"lr0.001,wd0.0",-1.7263103195081462,9.8345518229101e-05
[8],4,"lr=3e-05, wd=0.01",50,layer4_lr0.001_hd128_wd0.01_cosine,"lr0.001,wd0.01",-2.1559856987532746,0.00023563114283387928
[8],4,"lr=3e-05, wd=0.01",50,layer4_lr0.003_hd128_wd0.0_cosine,"lr0.003,wd0.0",-2.263036947854878,0.000495998436269884
[8],4,"lr=3e-05, wd=0.01",50,layer4_lr0.003_hd128_wd0.01_cosine,"lr0.003,wd0.01",-2.0379691260773565,0.0007037110113960727
[8],4,"lr=3e-05, wd=0.01",90,layer4_lr1e-05_hd128_wd0.0_cosine,"lr1e-05,wd0.0",-3.9526386237213456,6.650624321242859e-06
[8],4,"lr=3e-05, wd=0.01",90,layer4_lr1e-05_hd128_wd0.01_cosine,"lr1e-05,wd0.01",-4.08349587574227,8.459289851413743e-07
[8],4,"lr=3e-05, wd=0.01",90,layer4_lr3e-05_hd128_wd0.0_cosine,"lr3e-05,wd0.0",-3.976536229508291,3.887835302732963e-06
[8],4,"lr=3e-05, wd=0.01",90,layer4_lr3e-05_hd128_wd0.01_cosine,"lr3e-05,wd0.01",-4.112031330828768,5.925760549955381e-07
[8],4,"lr=3e-05, wd=0.01",90,layer4_lr0.0001_hd128_wd0.0_cosine,"lr0.0001,wd0.0",-2.413973778579307,2.8373525744364416e-06
[8],4,"lr=3e-05, wd=0.01",90,layer4_lr0.0001_hd128_wd0.01_cosine,"lr0.0001,wd0.01",-4.128004873254505,2.057497953512196e-06
[8],4,"lr=3e-05, wd=0.01",90,layer4_lr0.0003_hd128_wd0.0_cosine,"lr0.0003,wd0.0",-2.4413926221335776,1.5142823126825552e-05
[8],4,"lr=3e-05, wd=0.01",90,layer4_lr0.0003_hd128_wd0.01_cosine,"lr0.0003,wd0.01",-4.139877810873721,6.37502695240977e-07
[8],4,"lr=3e-05, wd=0.01",90,layer4_lr0.001_hd128_wd0.0_cosine,"lr0.001,wd0.0",-2.4389429049738816,0.00011696731988469297
[8],4,"lr=3e-05, wd=0.01",90,layer4_lr0.001_hd128_wd0.01_cosine,"lr0.001,wd0.01",-3.6710409692936925,2.525207985725774e-06
[8],4,"lr=3e-05, wd=0.01",90,layer4_lr0.003_hd128_wd0.0_cosine,"lr0.003,wd0.0",-2.376027525932277,8.694974816805789e-05
[8],4,"lr=3e-05, wd=0.01",90,layer4_lr0.003_hd128_wd0.01_cosine,"lr0.003,wd0.01",-3.2580384779242553,1.7640331190684876e-05
[8],5,"lr=1e-04, wd=0.0",0,layer4_lr1e-05_hd128_wd0.0_cosine,"lr1e-05,wd0.0",-0.9059997501791862,0.005874045748983794
[8],5,"lr=1e-04, wd=0.0",0,layer4_lr1e-05_hd128_wd0.01_cosine,"lr1e-05,wd0.01",-0.9577415317293013,0.003615590081029554
[8],5,"lr=1e-04, wd=0.0",0,layer4_lr3e-05_hd128_wd0.0_cosine,"lr3e-05,wd0.0",-0.8295073763775804,0.009162615085482046
[8],5,"lr=1e-04, wd=0.0",0,layer4_lr3e-05_hd128_wd0.01_cosine,"lr3e-05,wd0.01",-0.9268620434475798,0.005352363367160989
[8],5,"lr=1e-04, wd=0.0",0,layer4_lr0.0001_hd128_wd0.0_cosine,"lr0.0001,wd0.0",-0.8885024898695639,0.0072458186491015444
[8],5,"lr=1e-04, wd=0.0",0,layer4_lr0.0001_hd128_wd0.01_cosine,"lr0.0001,wd0.01",-0.8982897587845353,0.006745939459075689
[8],5,"lr=1e-04, wd=0.0",0,layer4_lr0.0003_hd128_wd0.0_cosine,"lr0.0003,wd0.0",-0.981300468483533,0.00402474837805808
[8],5,"lr=1e-04, wd=0.0",0,layer4_lr0.0003_hd128_wd0.01_cosine,"lr0.0003,wd0.01",-0.8949394654889546,0.007026784812164876
[8],5,"lr=1e-04, wd=0.0",0,layer4_lr0.001_hd128_wd0.0_cosine,"lr0.001,wd0.0",-1.0108313669789952,0.002974256604865021
[8],5,"lr=1e-04, wd=0.0",0,layer4_lr0.001_hd128_wd0.01_cosine,"lr0.001,wd0.01",-0.9112413723032868,0.006505725469929903
[8],5,"lr=1e-04, wd=0.0",0,layer4_lr0.003_hd128_wd0.0_cosine,"lr0.003,wd0.0",-0.9970882860064159,0.00327187915612922
[8],5,"lr=1e-04, wd=0.0",0,layer4_lr0.003_hd128_wd0.01_cosine,"lr0.003,wd0.01",-0.934113999766791,0.00554913660384454
[8],5,"lr=1e-04, wd=0.0",5,layer4_lr1e-05_hd128_wd0.0_cosine,"lr1e-05,wd0.0",-1.6909509251183916,0.0017849173978546635
[8],5,"lr=1e-04, wd=0.0",5,layer4_lr1e-05_hd128_wd0.01_cosine,"lr1e-05,wd0.01",-1.8834421214780654,0.0008281862674075773
[8],5,"lr=1e-04, wd=0.0",5,layer4_lr3e-05_hd128_wd0.0_cosine,"lr3e-05,wd0.0",-1.4418568683086528,0.0006238113514555548
[8],5,"lr=1e-04, wd=0.0",5,layer4_lr3e-05_hd128_wd0.01_cosine,"lr3e-05,wd0.01",-1.5887317537456496,0.0002662546813151413
[8],5,"lr=1e-04, wd=0.0",5,layer4_lr0.0001_hd128_wd0.0_cosine,"lr0.0001,wd0.0",-1.29994188030972,0.00012033008039988081
[8],5,"lr=1e-04, wd=0.0",5,layer4_lr0.0001_hd128_wd0.01_cosine,"lr0.0001,wd0.01",-1.4143186711711668,5.192143187991792e-05
[8],5,"lr=1e-04, wd=0.0",5,layer4_lr0.0003_hd128_wd0.0_cosine,"lr0.0003,wd0.0",-1.1138251827034003,0.0026365406078967405
[8],5,"lr=1e-04, wd=0.0",5,layer4_lr0.0003_hd128_wd0.01_cosine,"lr0.0003,wd0.01",-1.2566369814076839,4.303111668990358e-06
[8],5,"lr=1e-04, wd=0.0",5,layer4_lr0.001_hd128_wd0.0_cosine,"lr0.001,wd0.0",-0.9661708681153736,0.004471585402182806
[8],5,"lr=1e-04, wd=0.0",5,layer4_lr0.001_hd128_wd0.01_cosine,"lr0.001,wd0.01",-0.9770701756226556,0.00030376466719033384
[8],5,"lr=1e-04, wd=0.0",5,layer4_lr0.003_hd128_wd0.0_cosine,"lr0.003,wd0.0",-0.8681397051317863,0.004828856062241496
[8],5,"lr=1e-04, wd=0.0",5,layer4_lr0.003_hd128_wd0.01_cosine,"lr0.003,wd0.01",-1.2850750065676626,0.001362221277450608
[8],5,"lr=1e-04, wd=0.0",10,layer4_lr1e-05_hd128_wd0.0_cosine,"lr1e-05,wd0.0",-1.786585335494684,0.0008540524721259887
[8],5,"lr=1e-04, wd=0.0",10,layer4_lr1e-05_hd128_wd0.01_cosine,"lr1e-05,wd0.01",-1.9753454329455031,0.0005678744376033098
[8],5,"lr=1e-04, wd=0.0",10,layer4_lr3e-05_hd128_wd0.0_cosine,"lr3e-05,wd0.0",-1.6556116934543061,0.00020383196837433948
[8],5,"lr=1e-04, wd=0.0",10,layer4_lr3e-05_hd128_wd0.01_cosine,"lr3e-05,wd0.01",-1.7093693544397266,6.3218900607651845e-06
[8],5,"lr=1e-04, wd=0.0",10,layer4_lr0.0001_hd128_wd0.0_cosine,"lr0.0001,wd0.0",-1.4105168976585307,0.0006522297627767346
[8],5,"lr=1e-04, wd=0.0",10,layer4_lr0.0001_hd128_wd0.01_cosine,"lr0.0001,wd0.01",-1.4903052002516781,1.6741946604511384e-05
[8],5,"lr=1e-04, wd=0.0",10,layer4_lr0.0003_hd128_wd0.0_cosine,"lr0.0003,wd0.0",-1.1795483778038949,0.003578132393506945
[8],5,"lr=1e-04, wd=0.0",10,layer4_lr0.0003_hd128_wd0.01_cosine,"lr0.0003,wd0.01",-1.2763235141067097,4.8369870733023516e-05
[8],5,"lr=1e-04, wd=0.0",10,layer4_lr0.001_hd128_wd0.0_cosine,"lr0.001,wd0.0",-1.1898701427525444,0.0035904936085116423
[8],5,"lr=1e-04, wd=0.0",10,layer4_lr0.001_hd128_wd0.01_cosine,"lr0.001,wd0.01",-1.3524516507386413,5.993144158888837e-05
[8],5,"lr=1e-04, wd=0.0",10,layer4_lr0.003_hd128_wd0.0_cosine,"lr0.003,wd0.0",-1.248226745783266,0.001707069955537139
[8],5,"lr=1e-04, wd=0.0",10,layer4_lr0.003_hd128_wd0.01_cosine,"lr0.003,wd0.01",-1.0952889026581403,2.507047001103137e-06
[8],5,"lr=1e-04, wd=0.0",20,layer4_lr1e-05_hd128_wd0.0_cosine,"lr1e-05,wd0.0",-1.7331882557185674,2.3880620063891422e-05
[8],5,"lr=1e-04, wd=0.0",20,layer4_lr1e-05_hd128_wd0.01_cosine,"lr1e-05,wd0.01",-1.8258719397512078,8.996752372939163e-08
[8],5,"lr=1e-04, wd=0.0",20,layer4_lr3e-05_hd128_wd0.0_cosine,"lr3e-05,wd0.0",-1.682666201795346,1.3435562021430657e-05
[8],5,"lr=1e-04, wd=0.0",20,layer4_lr3e-05_hd128_wd0.01_cosine,"lr3e-05,wd0.01",-2.0319616862185277,2.8405236282748714e-06
[8],5,"lr=1e-04, wd=0.0",20,layer4_lr0.0001_hd128_wd0.0_cosine,"lr0.0001,wd0.0",-1.591326750854213,0.0010399724243052384
[8],5,"lr=1e-04, wd=0.0",20,layer4_lr0.0001_hd128_wd0.01_cosine,"lr0.0001,wd0.01",-1.6649861063470484,5.362078949111415e-05
[8],5,"lr=1e-04, wd=0.0",20,layer4_lr0.0003_hd128_wd0.0_cosine,"lr0.0003,wd0.0",-1.4975592017397532,0.0025885635720778134
[8],5,"lr=1e-04, wd=0.0",20,layer4_lr0.0003_hd128_wd0.01_cosine,"lr0.0003,wd0.01",-1.3239132647638807,8.49199528392907e-05
[8],5,"lr=1e-04, wd=0.0",20,layer4_lr0.001_hd128_wd0.0_cosine,"lr0.001,wd0.0",-1.4691812268610727,0.002791334319945286
[8],5,"lr=1e-04, wd=0.0",20,layer4_lr0.001_hd128_wd0.01_cosine,"lr0.001,wd0.01",-1.284678514119248,3.640612768971123e-05
[8],5,"lr=1e-04, wd=0.0",20,layer4_lr0.003_hd128_wd0.0_cosine,"lr0.003,wd0.0",-1.4151137289377387,0.001764173641832332
[8],5,"lr=1e-04, wd=0.0",20,layer4_lr0.003_hd128_wd0.01_cosine,"lr0.003,wd0.01",-1.4949057159720278,0.0007301588096986318
[8],5,"lr=1e-04, wd=0.0",50,layer4_lr1e-05_hd128_wd0.0_cosine,"lr1e-05,wd0.0",-2.509166740455688,1.8477231398580013e-06
[8],5,"lr=1e-04, wd=0.0",50,layer4_lr1e-05_hd128_wd0.01_cosine,"lr1e-05,wd0.01",-2.658749145885647,4.184844185262302e-07
[8],5,"lr=1e-04, wd=0.0",50,layer4_lr3e-05_hd128_wd0.0_cosine,"lr3e-05,wd0.0",-2.3260590574124036,1.149447304844534e-05
[8],5,"lr=1e-04, wd=0.0",50,layer4_lr3e-05_hd128_wd0.01_cosine,"lr3e-05,wd0.01",-2.9135498815662237,3.9323380176952546e-06
[8],5,"lr=1e-04, wd=0.0",50,layer4_lr0.0001_hd128_wd0.0_cosine,"lr0.0001,wd0.0",-2.1391491517987107,0.00014448204699609344
[8],5,"lr=1e-04, wd=0.0",50,layer4_lr0.0001_hd128_wd0.01_cosine,"lr0.0001,wd0.01",-3.7887418688106527,1.1392243962636388e-08
[8],5,"lr=1e-04, wd=0.0",50,layer4_lr0.0003_hd128_wd0.0_cosine,"lr0.0003,wd0.0",-1.8300857721943775,0.0002781339768240403
[8],5,"lr=1e-04, wd=0.0",50,layer4_lr0.0003_hd128_wd0.01_cosine,"lr0.0003,wd0.01",-3.472154877369407,1.5951336970882448e-08
[8],5,"lr=1e-04, wd=0.0",50,layer4_lr0.001_hd128_wd0.0_cosine,"lr0.001,wd0.0",-1.7238446078206964,0.00011860652243477401
[8],5,"lr=1e-04, wd=0.0",50,layer4_lr0.001_hd128_wd0.01_cosine,"lr0.001,wd0.01",-2.2550908239290415,0.00023013997128099335
[8],5,"lr=1e-04, wd=0.0",50,layer4_lr0.003_hd128_wd0.0_cosine,"lr0.003,wd0.0",-2.319768754395078,0.0005091412256857769
[8],5,"lr=1e-04, wd=0.0",50,layer4_lr0.003_hd128_wd0.01_cosine,"lr0.003,wd0.01",-2.0975837284484573,0.000702490091220472
[8],5,"lr=1e-04, wd=0.0",90,layer4_lr1e-05_hd128_wd0.0_cosine,"lr1e-05,wd0.0",-4.006521457096471,4.924964096450442e-06
[8],5,"lr=1e-04, wd=0.0",90,layer4_lr1e-05_hd128_wd0.01_cosine,"lr1e-05,wd0.01",-4.138082281125424,4.4467754645625904e-07
[8],5,"lr=1e-04, wd=0.0",90,layer4_lr3e-05_hd128_wd0.0_cosine,"lr3e-05,wd0.0",-3.9927652386477686,3.405162314358752e-06
[8],5,"lr=1e-04, wd=0.0",90,layer4_lr3e-05_hd128_wd0.01_cosine,"lr3e-05,wd0.01",-4.11532030084998,7.403199602800978e-07
[8],5,"lr=1e-04, wd=0.0",90,layer4_lr0.0001_hd128_wd0.0_cosine,"lr0.0001,wd0.0",-2.4149184320614783,1.913826089082564e-06
[8],5,"lr=1e-04, wd=0.0",90,layer4_lr0.0001_hd128_wd0.01_cosine,"lr0.0001,wd0.01",-4.1333541335594095,1.9047535347297131e-06
[8],5,"lr=1e-04, wd=0.0",90,layer4_lr0.0003_hd128_wd0.0_cosine,"lr0.0003,wd0.0",-2.466212291491835,1.7336743063535515e-05
[8],5,"lr=1e-04, wd=0.0",90,layer4_lr0.0003_hd128_wd0.01_cosine,"lr0.0003,wd0.01",-4.1420927530845955,1.0183636975065149e-06
[8],5,"lr=1e-04, wd=0.0",90,layer4_lr0.001_hd128_wd0.0_cosine,"lr0.001,wd0.0",-2.464492791422383,0.00012205936972523546
[8],5,"lr=1e-04, wd=0.0",90,layer4_lr0.001_hd128_wd0.01_cosine,"lr0.001,wd0.01",-3.786401192146362,6.877054710510666e-07
[8],5,"lr=1e-04, wd=0.0",90,layer4_lr0.003_hd128_wd0.0_cosine,"lr0.003,wd0.0",-2.3756862535603283,8.666319467336153e-05
[8],5,"lr=1e-04, wd=0.0",90,layer4_lr0.003_hd128_wd0.01_cosine,"lr0.003,wd0.01",-3.3596168996651055,3.197148342945321e-05
[8],6,"lr=1e-04, wd=0.01",0,layer4_lr1e-05_hd128_wd0.0_cosine,"lr1e-05,wd0.0",-0.8135846782490938,0.00782122857759138
[8],6,"lr=1e-04, wd=0.01",0,layer4_lr1e-05_hd128_wd0.01_cosine,"lr1e-05,wd0.01",-0.8697085051853607,0.005186939728188991
[8],6,"lr=1e-04, wd=0.01",0,layer4_lr3e-05_hd128_wd0.0_cosine,"lr3e-05,wd0.0",-0.7355157134724133,0.011563778703684652
[8],6,"lr=1e-04, wd=0.01",0,layer4_lr3e-05_hd128_wd0.01_cosine,"lr3e-05,wd0.01",-0.8354952025094378,0.0072478087783511965
[8],6,"lr=1e-04, wd=0.01",0,layer4_lr0.0001_hd128_wd0.0_cosine,"lr0.0001,wd0.0",-0.7927474572874348,0.009383032454939556
[8],6,"lr=1e-04, wd=0.01",0,layer4_lr0.0001_hd128_wd0.01_cosine,"lr0.0001,wd0.01",-0.8048031685032238,0.008842699337120985
[8],6,"lr=1e-04, wd=0.01",0,layer4_lr0.0003_hd128_wd0.0_cosine,"lr0.0003,wd0.0",-0.8856489415448158,0.005641286610942013
[8],6,"lr=1e-04, wd=0.01",0,layer4_lr0.0003_hd128_wd0.01_cosine,"lr0.0003,wd0.01",-0.8001390570351065,0.009142636321759177
[8],6,"lr=1e-04, wd=0.01",0,layer4_lr0.001_hd128_wd0.0_cosine,"lr0.001,wd0.0",-0.9159588558780581,0.004374402559674738
[8],6,"lr=1e-04, wd=0.01",0,layer4_lr0.001_hd128_wd0.01_cosine,"lr0.001,wd0.01",-0.8154271788553649,0.008527873986336929
[8],6,"lr=1e-04, wd=0.01",0,layer4_lr0.003_hd128_wd0.0_cosine,"lr0.003,wd0.0",-0.9024948015030192,0.004724803859771216
[8],6,"lr=1e-04, wd=0.01",0,layer4_lr0.003_hd128_wd0.01_cosine,"lr0.003,wd0.01",-0.8385903908393975,0.007412914105228492
[8],6,"lr=1e-04, wd=0.01",5,layer4_lr1e-05_hd128_wd0.0_cosine,"lr1e-05,wd0.0",-1.671537745891504,0.0019520536457263208
[8],6,"lr=1e-04, wd=0.01",5,layer4_lr1e-05_hd128_wd0.01_cosine,"lr1e-05,wd0.01",-1.863435171891185,0.0009978584454777362
[8],6,"lr=1e-04, wd=0.01",5,layer4_lr3e-05_hd128_wd0.0_cosine,"lr3e-05,wd0.0",-1.4022571808648854,0.0007531255353114578
[8],6,"lr=1e-04, wd=0.01",5,layer4_lr3e-05_hd128_wd0.01_cosine,"lr3e-05,wd0.01",-1.5598258902928794,0.0003315866685980422
[8],6,"lr=1e-04, wd=0.01",5,layer4_lr0.0001_hd128_wd0.0_cosine,"lr0.0001,wd0.0",-1.2854935608215576,7.72191088430719e-05
[8],6,"lr=1e-04, wd=0.01",5,layer4_lr0.0001_hd128_wd0.01_cosine,"lr0.0001,wd0.01",-1.4044131842809569,8.033441376636158e-05
[8],6,"lr=1e-04, wd=0.01",5,layer4_lr0.0003_hd128_wd0.0_cosine,"lr0.0003,wd0.0",-1.1108749427631186,0.0024341630023618525
[8],6,"lr=1e-04, wd=0.01",5,layer4_lr0.0003_hd128_wd0.01_cosine,"lr0.0003,wd0.01",-1.2539225785174815,1.950941405439966e-05
[8],6,"lr=1e-04, wd=0.01",5,layer4_lr0.001_hd128_wd0.0_cosine,"lr0.001,wd0.0",-0.9707709409727527,0.004056610503087262
[8],6,"lr=1e-04, wd=0.01",5,layer4_lr0.001_hd128_wd0.01_cosine,"lr0.001,wd0.01",-0.9751967219128328,0.0001256693383166823
[8],6,"lr=1e-04, wd=0.01",5,layer4_lr0.003_hd128_wd0.0_cosine,"lr0.003,wd0.0",-0.865738229032291,0.004306843655978549
[8],6,"lr=1e-04, wd=0.01",5,layer4_lr0.003_hd128_wd0.01_cosine,"lr0.003,wd0.01",-1.3163446038686486,0.0014852262265908976
[8],6,"lr=1e-04, wd=0.01",10,layer4_lr1e-05_hd128_wd0.0_cosine,"lr1e-05,wd0.0",-1.764758466867621,0.0009747149445925578
[8],6,"lr=1e-04, wd=0.01",10,layer4_lr1e-05_hd128_wd0.01_cosine,"lr1e-05,wd0.01",-1.9616964618989245,0.0006390135672297559
[8],6,"lr=1e-04, wd=0.01",10,layer4_lr3e-05_hd128_wd0.0_cosine,"lr3e-05,wd0.0",-1.6237980783799617,0.0002754374823589531
[8],6,"lr=1e-04, wd=0.01",10,layer4_lr3e-05_hd128_wd0.01_cosine,"lr3e-05,wd0.01",-1.6983218220830285,2.036151913965561e-05
[8],6,"lr=1e-04, wd=0.01",10,layer4_lr0.0001_hd128_wd0.0_cosine,"lr0.0001,wd0.0",-1.407258463733567,0.0005416426215135415
[8],6,"lr=1e-04, wd=0.01",10,layer4_lr0.0001_hd128_wd0.01_cosine,"lr0.0001,wd0.01",-1.4940770347004335,5.494870474538977e-06
[8],6,"lr=1e-04, wd=0.01",10,layer4_lr0.0003_hd128_wd0.0_cosine,"lr0.0003,wd0.0",-1.1858710366234049,0.0033529979820968304
[8],6,"lr=1e-04, wd=0.01",10,layer4_lr0.0003_hd128_wd0.01_cosine,"lr0.0003,wd0.01",-1.2827284610105354,2.6268806259674485e-05
[8],6,"lr=1e-04, wd=0.01",10,layer4_lr0.001_hd128_wd0.0_cosine,"lr0.001,wd0.0",-1.1919277033748175,0.0034348132398336418
[8],6,"lr=1e-04, wd=0.01",10,layer4_lr0.001_hd128_wd0.01_cosine,"lr0.001,wd0.01",-1.342273233882638,9.34447142167116e-05
[8],6,"lr=1e-04, wd=0.01",10,layer4_lr0.003_hd128_wd0.0_cosine,"lr0.003,wd0.0",-1.2468226510404294,0.0015893253268802012
[8],6,"lr=1e-04, wd=0.01",10,layer4_lr0.003_hd128_wd0.01_cosine,"lr0.003,wd0.01",-1.0918993649441584,3.347365552284858e-05
[8],6,"lr=1e-04, wd=0.01",20,layer4_lr1e-05_hd128_wd0.0_cosine,"lr1e-05,wd0.0",-1.6661663768532404,3.282205249192163e-05
[8],6,"lr=1e-04, wd=0.01",20,layer4_lr1e-05_hd128_wd0.01_cosine,"lr1e-05,wd0.01",-1.7470357525673048,1.7338866711048572e-06
[8],6,"lr=1e-04, wd=0.01",20,layer4_lr3e-05_hd128_wd0.0_cosine,"lr3e-05,wd0.0",-1.665327922435823,2.002287993181832e-06
[8],6,"lr=1e-04, wd=0.01",20,layer4_lr3e-05_hd128_wd0.01_cosine,"lr3e-05,wd0.01",-2.0057959213144896,1.1511025052804336e-05
[8],6,"lr=1e-04, wd=0.01",20,layer4_lr0.0001_hd128_wd0.0_cosine,"lr0.0001,wd0.0",-1.5880858110548737,0.0009248447633643717
[8],6,"lr=1e-04, wd=0.01",20,layer4_lr0.0001_hd128_wd0.01_cosine,"lr0.0001,wd0.01",-1.6673189414936642,3.583632923990895e-05
[8],6,"lr=1e-04, wd=0.01",20,layer4_lr0.0003_hd128_wd0.0_cosine,"lr0.0003,wd0.0",-1.5016292740734976,0.00246584591604901
[8],6,"lr=1e-04, wd=0.01",20,layer4_lr0.0003_hd128_wd0.01_cosine,"lr0.0003,wd0.01",-1.3316745423694476,6.139418500222753e-05
[8],6,"lr=1e-04, wd=0.01",20,layer4_lr0.001_hd128_wd0.0_cosine,"lr0.001,wd0.0",-1.4712114545504904,0.0027075795483595035
[8],6,"lr=1e-04, wd=0.01",20,layer4_lr0.001_hd128_wd0.01_cosine,"lr0.001,wd0.01",-1.2875781270601487,1.6625720919155394e-05
[8],6,"lr=1e-04, wd=0.01",20,layer4_lr0.003_hd128_wd0.0_cosine,"lr0.003,wd0.0",-1.415035645086399,0.001678417399933575
[8],6,"lr=1e-04, wd=0.01",20,layer4_lr0.003_hd128_wd0.01_cosine,"lr0.003,wd0.01",-1.4872342530836518,0.0008113806946930005
[8],6,"lr=1e-04, wd=0.01",50,layer4_lr1e-05_hd128_wd0.0_cosine,"lr1e-05,wd0.0",-2.422342977375301,1.0437067864538656e-06
[8],6,"lr=1e-04, wd=0.01",50,layer4_lr1e-05_hd128_wd0.01_cosine,"lr1e-05,wd0.01",-2.5254167618582666,2.5066629364323137e-08
[8],6,"lr=1e-04, wd=0.01",50,layer4_lr3e-05_hd128_wd0.0_cosine,"lr3e-05,wd0.0",-2.297947402960408,8.667841490773387e-06
[8],6,"lr=1e-04, wd=0.01",50,layer4_lr3e-05_hd128_wd0.01_cosine,"lr3e-05,wd0.01",-2.6144631917680354,1.93592899719305e-06
[8],6,"lr=1e-04, wd=0.01",50,layer4_lr0.0001_hd128_wd0.0_cosine,"lr0.0001,wd0.0",-2.1490756690733517,0.00013713818034327016
[8],6,"lr=1e-04, wd=0.01",50,layer4_lr0.0001_hd128_wd0.01_cosine,"lr0.0001,wd0.01",-3.7737513907448714,1.249220988925628e-07
[8],6,"lr=1e-04, wd=0.01",50,layer4_lr0.0003_hd128_wd0.0_cosine,"lr0.0003,wd0.0",-1.837144017888617,0.00025696131581729527
[8],6,"lr=1e-04, wd=0.01",50,layer4_lr0.0003_hd128_wd0.01_cosine,"lr0.0003,wd0.01",-3.3748193346972197,1.2692161631717383e-07
[8],6,"lr=1e-04, wd=0.01",50,layer4_lr0.001_hd128_wd0.0_cosine,"lr0.001,wd0.0",-1.7301108363098125,6.394876319429595e-05
[8],6,"lr=1e-04, wd=0.01",50,layer4_lr0.001_hd128_wd0.01_cosine,"lr0.001,wd0.01",-2.241989498016615,0.00024953543106863603
[8],6,"lr=1e-04, wd=0.01",50,layer4_lr0.003_hd128_wd0.0_cosine,"lr0.003,wd0.0",-2.341971478775423,0.00048482647398326474
[8],6,"lr=1e-04, wd=0.01",50,layer4_lr0.003_hd128_wd0.01_cosine,"lr0.003,wd0.01",-2.078501451658515,0.0007468088654886732
[8],6,"lr=1e-04, wd=0.01",90,layer4_lr1e-05_hd128_wd0.0_cosine,"lr1e-05,wd0.0",-3.9949857390392545,4.822721725076214e-06
[8],6,"lr=1e-04, wd=0.01",90,layer4_lr1e-05_hd128_wd0.01_cosine,"lr1e-05,wd0.01",-4.130200743390184,2.9150645704900187e-07
[8],6,"lr=1e-04, wd=0.01",90,layer4_lr3e-05_hd128_wd0.0_cosine,"lr3e-05,wd0.0",-3.992072007453966,3.1178235819958167e-06
[8],6,"lr=1e-04, wd=0.01",90,layer4_lr3e-05_hd128_wd0.01_cosine,"lr3e-05,wd0.01",-4.124418557691987,3.806804983778973e-07
[8],6,"lr=1e-04, wd=0.01",90,layer4_lr0.0001_hd128_wd0.0_cosine,"lr0.0001,wd0.0",-2.4109700454654033,1.1116197412153963e-06
[8],6,"lr=1e-04, wd=0.01",90,layer4_lr0.0001_hd128_wd0.01_cosine,"lr0.0001,wd0.01",-4.144093668045534,1.2862052993891004e-06
[8],6,"lr=1e-04, wd=0.01",90,layer4_lr0.0003_hd128_wd0.0_cosine,"lr0.0003,wd0.0",-2.452656361696456,1.4428708709131907e-05
[8],6,"lr=1e-04, wd=0.01",90,layer4_lr0.0003_hd128_wd0.01_cosine,"lr0.0003,wd0.01",-4.136179134045727,1.5044200455042626e-06
[8],6,"lr=1e-04, wd=0.01",90,layer4_lr0.001_hd128_wd0.0_cosine,"lr0.001,wd0.0",-2.447267191376345,0.00011345759534636214
[8],6,"lr=1e-04, wd=0.01",90,layer4_lr0.001_hd128_wd0.01_cosine,"lr0.001,wd0.01",-3.757867275391635,7.323497494842667e-07
[8],6,"lr=1e-04, wd=0.01",90,layer4_lr0.003_hd128_wd0.0_cosine,"lr0.003,wd0.0",-2.3689383965891366,7.958871663729276e-05
[8],6,"lr=1e-04, wd=0.01",90,layer4_lr0.003_hd128_wd0.01_cosine,"lr0.003,wd0.01",-3.327363823857731,2.9565665154002094e-05
[8],7,"lr=3e-04, wd=0.0",0,layer4_lr1e-05_hd128_wd0.0_cosine,"lr1e-05,wd0.0",-0.7923736915217774,0.004180029444206818
[8],7,"lr=3e-04, wd=0.0",0,layer4_lr1e-05_hd128_wd0.01_cosine,"lr1e-05,wd0.01",-0.8149729598097369,0.0022953257682313366
[8],7,"lr=3e-04, wd=0.0",0,layer4_lr3e-05_hd128_wd0.0_cosine,"lr3e-05,wd0.0",-0.7570922553733124,0.0071019439734944815
[8],7,"lr=3e-04, wd=0.0",0,layer4_lr3e-05_hd128_wd0.01_cosine,"lr3e-05,wd0.01",-0.8104629124206456,0.003784890042435714
[8],7,"lr=3e-04, wd=0.0",0,layer4_lr0.0001_hd128_wd0.0_cosine,"lr0.0001,wd0.0",-0.7991041159445148,0.005517455174536152
[8],7,"lr=3e-04, wd=0.0",0,layer4_lr0.0001_hd128_wd0.01_cosine,"lr0.0001,wd0.01",-0.8022487697673418,0.00505209974325977
[8],7,"lr=3e-04, wd=0.0",0,layer4_lr0.0003_hd128_wd0.0_cosine,"lr0.0003,wd0.0",-0.8582709911119863,0.0028087855801689414
[8],7,"lr=3e-04, wd=0.0",0,layer4_lr0.0003_hd128_wd0.01_cosine,"lr0.0003,wd0.01",-0.8045233993082755,0.005355895983111131
[8],7,"lr=3e-04, wd=0.0",0,layer4_lr0.001_hd128_wd0.0_cosine,"lr0.001,wd0.0",-0.8783445438567207,0.0019665747877288483
[8],7,"lr=3e-04, wd=0.0",0,layer4_lr0.001_hd128_wd0.01_cosine,"lr0.001,wd0.01",-0.8179698283922694,0.004947494362239899
[8],7,"lr=3e-04, wd=0.0",0,layer4_lr0.003_hd128_wd0.0_cosine,"lr0.003,wd0.0",-0.8741201618420175,0.0022265230026866623
[8],7,"lr=3e-04, wd=0.0",0,layer4_lr0.003_hd128_wd0.01_cosine,"lr0.003,wd0.01",-0.8359031549973096,0.004147365821376549
[8],7,"lr=3e-04, wd=0.0",5,layer4_lr1e-05_hd128_wd0.0_cosine,"lr1e-05,wd0.0",-1.7422463479964225,0.0016209088732184152
[8],7,"lr=3e-04, wd=0.0",5,layer4_lr1e-05_hd128_wd0.01_cosine,"lr1e-05,wd0.01",-1.9050612639029114,0.0007047685373811025
[8],7,"lr=3e-04, wd=0.0",5,layer4_lr3e-05_hd128_wd0.0_cosine,"lr3e-05,wd0.0",-1.5546560487844319,0.001173165464953355
[8],7,"lr=3e-04, wd=0.0",5,layer4_lr3e-05_hd128_wd0.01_cosine,"lr3e-05,wd0.01",-1.74885365145606,0.0005395196322760942
[8],7,"lr=3e-04, wd=0.0",5,layer4_lr0.0001_hd128_wd0.0_cosine,"lr0.0001,wd0.0",-1.5417976261817177,2.77801373742852e-06
[8],7,"lr=3e-04, wd=0.0",5,layer4_lr0.0001_hd128_wd0.01_cosine,"lr0.0001,wd0.01",-1.7187128518213122,0.00032950542183091976
[8],7,"lr=3e-04, wd=0.0",5,layer4_lr0.0003_hd128_wd0.0_cosine,"lr0.0003,wd0.0",-1.3113625242753344,0.0014438064963127656
[8],7,"lr=3e-04, wd=0.0",5,layer4_lr0.0003_hd128_wd0.01_cosine,"lr0.0003,wd0.01",-1.4657905061125391,0.0001257930490182812
[8],7,"lr=3e-04, wd=0.0",5,layer4_lr0.001_hd128_wd0.0_cosine,"lr0.001,wd0.0",-1.1347018245629037,0.0027485396330121825
[8],7,"lr=3e-04, wd=0.0",5,layer4_lr0.001_hd128_wd0.01_cosine,"lr0.001,wd0.01",-1.0898807943264164,6.786448443267666e-06
[8],7,"lr=3e-04, wd=0.0",5,layer4_lr0.003_hd128_wd0.0_cosine,"lr0.003,wd0.0",-0.9960262358947476,0.0027345254091319534
[8],7,"lr=3e-04, wd=0.0",5,layer4_lr0.003_hd128_wd0.01_cosine,"lr0.003,wd0.01",-1.4796916181330668,0.0017014484613033203
[8],7,"lr=3e-04, wd=0.0",10,layer4_lr1e-05_hd128_wd0.0_cosine,"lr1e-05,wd0.0",-1.8945736096709427,0.0011119647439576654
[8],7,"lr=3e-04, wd=0.0",10,layer4_lr1e-05_hd128_wd0.01_cosine,"lr1e-05,wd0.01",-2.091410517815276,0.0006718659218380231
[8],7,"lr=3e-04, wd=0.0",10,layer4_lr3e-05_hd128_wd0.0_cosine,"lr3e-05,wd0.0",-1.7736917292063095,0.0006097503459592473
[8],7,"lr=3e-04, wd=0.0",10,layer4_lr3e-05_hd128_wd0.01_cosine,"lr3e-05,wd0.01",-1.8870072447443387,0.00015670015004258972
[8],7,"lr=3e-04, wd=0.0",10,layer4_lr0.0001_hd128_wd0.0_cosine,"lr0.0001,wd0.0",-1.663457033224846,0.00011384621746433756
[8],7,"lr=3e-04, wd=0.0",10,layer4_lr0.0001_hd128_wd0.01_cosine,"lr0.0001,wd0.01",-1.818631496080273,4.269390659834836e-05
[8],7,"lr=3e-04, wd=0.0",10,layer4_lr0.0003_hd128_wd0.0_cosine,"lr0.0003,wd0.0",-1.3898644408932446,0.0021442827643006774
[8],7,"lr=3e-04, wd=0.0",10,layer4_lr0.0003_hd128_wd0.01_cosine,"lr0.0003,wd0.01",-1.5276241638847485,1.2438181886568222e-05
[8],7,"lr=3e-04, wd=0.0",10,layer4_lr0.001_hd128_wd0.0_cosine,"lr0.001,wd0.0",-1.4085337687699364,0.0024184438104766703
[8],7,"lr=3e-04, wd=0.0",10,layer4_lr0.001_hd128_wd0.01_cosine,"lr0.001,wd0.01",-1.5245348323724193,0.0002596454945408279
[8],7,"lr=3e-04, wd=0.0",10,layer4_lr0.003_hd128_wd0.0_cosine,"lr0.003,wd0.0",-1.4828284533908058,0.0010205899881745627
[8],7,"lr=3e-04, wd=0.0",10,layer4_lr0.003_hd128_wd0.01_cosine,"lr0.003,wd0.01",-1.2581331039151256,0.0002493998275795651
[8],7,"lr=3e-04, wd=0.0",20,layer4_lr1e-05_hd128_wd0.0_cosine,"lr1e-05,wd0.0",-1.982707774052702,0.00018893113989949066
[8],7,"lr=3e-04, wd=0.0",20,layer4_lr1e-05_hd128_wd0.01_cosine,"lr1e-05,wd0.01",-2.2034945819398533,8.068949729395195e-05
[8],7,"lr=3e-04, wd=0.0",20,layer4_lr3e-05_hd128_wd0.0_cosine,"lr3e-05,wd0.0",-1.7706745828883816,3.5319157771298906e-05
[8],7,"lr=3e-04, wd=0.0",20,layer4_lr3e-05_hd128_wd0.01_cosine,"lr3e-05,wd0.01",-2.0652196506125953,7.705817218072727e-05
[8],7,"lr=3e-04, wd=0.0",20,layer4_lr0.0001_hd128_wd0.0_cosine,"lr0.0001,wd0.0",-1.7346672521406143,0.0005043806888026653
[8],7,"lr=3e-04, wd=0.0",20,layer4_lr0.0001_hd128_wd0.01_cosine,"lr0.0001,wd0.01",-1.9125848908555847,1.130173329139151e-06
[8],7,"lr=3e-04, wd=0.0",20,layer4_lr0.0003_hd128_wd0.0_cosine,"lr0.0003,wd0.0",-1.6025723306566464,0.001940825900081277
[8],7,"lr=3e-04, wd=0.0",20,layer4_lr0.0003_hd128_wd0.01_cosine,"lr0.0003,wd0.01",-1.5546816910077845,1.6789979135710906e-07
[8],7,"lr=3e-04, wd=0.0",20,layer4_lr0.001_hd128_wd0.0_cosine,"lr0.001,wd0.0",-1.5716323738956708,0.0022083716280628116
[8],7,"lr=3e-04, wd=0.0",20,layer4_lr0.001_hd128_wd0.01_cosine,"lr0.001,wd0.01",-1.4708647711701832,2.8031110876768233e-05
[8],7,"lr=3e-04, wd=0.0",20,layer4_lr0.003_hd128_wd0.0_cosine,"lr0.003,wd0.0",-1.6498227400477457,0.0012199907993372158
[8],7,"lr=3e-04, wd=0.0",20,layer4_lr0.003_hd128_wd0.01_cosine,"lr0.003,wd0.01",-1.744059541147177,0.0011010189672105146
[8],7,"lr=3e-04, wd=0.0",50,layer4_lr1e-05_hd128_wd0.0_cosine,"lr1e-05,wd0.0",-2.490652943443072,3.863880963067592e-06
[8],7,"lr=3e-04, wd=0.0",50,layer4_lr1e-05_hd128_wd0.01_cosine,"lr1e-05,wd0.01",-2.7385873749025404,5.431078765011025e-06
[8],7,"lr=3e-04, wd=0.0",50,layer4_lr3e-05_hd128_wd0.0_cosine,"lr3e-05,wd0.0",-2.3185733183618287,1.6915118243779522e-06
[8],7,"lr=3e-04, wd=0.0",50,layer4_lr3e-05_hd128_wd0.01_cosine,"lr3e-05,wd0.01",-2.534788473704281,1.3043208996137489e-08
[8],7,"lr=3e-04, wd=0.0",50,layer4_lr0.0001_hd128_wd0.0_cosine,"lr0.0001,wd0.0",-2.1301873790217156,0.00011837787034179943
[8],7,"lr=3e-04, wd=0.0",50,layer4_lr0.0001_hd128_wd0.01_cosine,"lr0.0001,wd0.01",-3.5910188756875985,1.1309972302956572e-06
[8],7,"lr=3e-04, wd=0.0",50,layer4_lr0.0003_hd128_wd0.0_cosine,"lr0.0003,wd0.0",-1.8489497853809722,0.00014262770253641033
[8],7,"lr=3e-04, wd=0.0",50,layer4_lr0.0003_hd128_wd0.01_cosine,"lr0.0003,wd0.01",-3.2373940042640847,1.705482958248678e-06
[8],7,"lr=3e-04, wd=0.0",50,layer4_lr0.001_hd128_wd0.0_cosine,"lr0.001,wd0.0",-1.729459719228864,0.0001605880848098986
[8],7,"lr=3e-04, wd=0.0",50,layer4_lr0.001_hd128_wd0.01_cosine,"lr0.001,wd0.01",-2.3241849995543626,0.00028134401606850806
[8],7,"lr=3e-04, wd=0.0",50,layer4_lr0.003_hd128_wd0.0_cosine,"lr0.003,wd0.0",-2.321321211161909,0.00046168915115017353
[8],7,"lr=3e-04, wd=0.0",50,layer4_lr0.003_hd128_wd0.01_cosine,"lr0.003,wd0.01",-2.106540505938555,0.0008349074616475141
[8],7,"lr=3e-04, wd=0.0",90,layer4_lr1e-05_hd128_wd0.0_cosine,"lr1e-05,wd0.0",-4.017899794715792,2.2518976464930898e-06
[8],7,"lr=3e-04, wd=0.0",90,layer4_lr1e-05_hd128_wd0.01_cosine,"lr1e-05,wd0.01",-4.1372344291200935,8.569302261719949e-08
[8],7,"lr=3e-04, wd=0.0",90,layer4_lr3e-05_hd128_wd0.0_cosine,"lr3e-05,wd0.0",-3.9900821167632863,2.388652559821403e-06
[8],7,"lr=3e-04, wd=0.0",90,layer4_lr3e-05_hd128_wd0.01_cosine,"lr3e-05,wd0.01",-4.109660931627039,1.3841958243087524e-07
[8],7,"lr=3e-04, wd=0.0",90,layer4_lr0.0001_hd128_wd0.0_cosine,"lr0.0001,wd0.0",-2.3870160568040744,4.314653440766082e-07
[8],7,"lr=3e-04, wd=0.0",90,layer4_lr0.0001_hd128_wd0.01_cosine,"lr0.0001,wd0.01",-4.134674443099617,1.06307128732644e-06
[8],7,"lr=3e-04, wd=0.0",90,layer4_lr0.0003_hd128_wd0.0_cosine,"lr0.0003,wd0.0",-2.440780036891917,9.855869099553197e-06
[8],7,"lr=3e-04, wd=0.0",90,layer4_lr0.0003_hd128_wd0.01_cosine,"lr0.0003,wd0.01",-4.1067671674766695,2.572511332843129e-06
[8],7,"lr=3e-04, wd=0.0",90,layer4_lr0.001_hd128_wd0.0_cosine,"lr0.001,wd0.0",-2.450499560070596,0.00010502343665779784
[8],7,"lr=3e-04, wd=0.0",90,layer4_lr0.001_hd128_wd0.01_cosine,"lr0.001,wd0.01",-3.6837615672538653,1.2755733736464656e-07
[8],7,"lr=3e-04, wd=0.0",90,layer4_lr0.003_hd128_wd0.0_cosine,"lr0.003,wd0.0",-2.31039928111469,5.550160586835419e-05
[8],7,"lr=3e-04, wd=0.0",90,layer4_lr0.003_hd128_wd0.01_cosine,"lr0.003,wd0.01",-3.2595194325008623,3.777749165187229e-05
[8],8,"lr=3e-04, wd=0.01",0,layer4_lr1e-05_hd128_wd0.0_cosine,"lr1e-05,wd0.0",-0.7284108226014329,0.005797629444428285
[8],8,"lr=3e-04, wd=0.01",0,layer4_lr1e-05_hd128_wd0.01_cosine,"lr1e-05,wd0.01",-0.7610048577534931,0.0035610550588761353
[8],8,"lr=3e-04, wd=0.01",0,layer4_lr3e-05_hd128_wd0.0_cosine,"lr3e-05,wd0.0",-0.6840883207580819,0.009145047878281938
[8],8,"lr=3e-04, wd=0.01",0,layer4_lr3e-05_hd128_wd0.01_cosine,"lr3e-05,wd0.01",-0.7450815424003157,0.0053568012651209005
[8],8,"lr=3e-04, wd=0.01",0,layer4_lr0.0001_hd128_wd0.0_cosine,"lr0.0001,wd0.0",-0.723724321849194,0.007313804991526093
[8],8,"lr=3e-04, wd=0.01",0,layer4_lr0.0001_hd128_wd0.01_cosine,"lr0.0001,wd0.01",-0.7307219626850593,0.00683285167375922
[8],8,"lr=3e-04, wd=0.01",0,layer4_lr0.0003_hd128_wd0.0_cosine,"lr0.0003,wd0.0",-0.7843530344490428,0.004108750507378936
[8],8,"lr=3e-04, wd=0.01",0,layer4_lr0.0003_hd128_wd0.01_cosine,"lr0.0003,wd0.01",-0.7304165329155905,0.007158625818787821
[8],8,"lr=3e-04, wd=0.01",0,layer4_lr0.001_hd128_wd0.0_cosine,"lr0.001,wd0.0",-0.8052246245024951,0.0030601485440935185
[8],8,"lr=3e-04, wd=0.01",0,layer4_lr0.001_hd128_wd0.01_cosine,"lr0.001,wd0.01",-0.7417985478654195,0.00665211383020803
[8],8,"lr=3e-04, wd=0.01",0,layer4_lr0.003_hd128_wd0.0_cosine,"lr0.003,wd0.0",-0.7995358906766625,0.003379801552551414
[8],8,"lr=3e-04, wd=0.01",0,layer4_lr0.003_hd128_wd0.01_cosine,"lr0.003,wd0.01",-0.7586808395335258,0.00570708021957165
[8],8,"lr=3e-04, wd=0.01",5,layer4_lr1e-05_hd128_wd0.0_cosine,"lr1e-05,wd0.0",-1.6733850817305254,0.0017993619042816988
[8],8,"lr=3e-04, wd=0.01",5,layer4_lr1e-05_hd128_wd0.01_cosine,"lr1e-05,wd0.01",-1.8122703634959272,0.0008604290140969566
[8],8,"lr=3e-04, wd=0.01",5,layer4_lr3e-05_hd128_wd0.0_cosine,"lr3e-05,wd0.0",-1.440939976991923,0.0010834180261139344
[8],8,"lr=3e-04, wd=0.01",5,layer4_lr3e-05_hd128_wd0.01_cosine,"lr3e-05,wd0.01",-1.614207871121559,0.0004892694957483746
[8],8,"lr=3e-04, wd=0.01",5,layer4_lr0.0001_hd128_wd0.0_cosine,"lr0.0001,wd0.0",-1.4105022910710914,6.689799853133815e-07
[8],8,"lr=3e-04, wd=0.01",5,layer4_lr0.0001_hd128_wd0.01_cosine,"lr0.0001,wd0.01",-1.5696674941364244,0.00024612237390279207
[8],8,"lr=3e-04, wd=0.01",5,layer4_lr0.0003_hd128_wd0.0_cosine,"lr0.0003,wd0.0",-1.2247234486303882,0.0016916724676199768
[8],8,"lr=3e-04, wd=0.01",5,layer4_lr0.0003_hd128_wd0.01_cosine,"lr0.0003,wd0.01",-1.3601623540701129,9.501509034629903e-05
[8],8,"lr=3e-04, wd=0.01",5,layer4_lr0.001_hd128_wd0.0_cosine,"lr0.001,wd0.0",-1.0752513861432047,0.002947419858499845
[8],8,"lr=3e-04, wd=0.01",5,layer4_lr0.001_hd128_wd0.01_cosine,"lr0.001,wd0.01",-1.0426244127496274,2.3355901241618603e-06
[8],8,"lr=3e-04, wd=0.01",5,layer4_lr0.003_hd128_wd0.0_cosine,"lr0.003,wd0.0",-0.9459641060622931,0.002939928628627318
[8],8,"lr=3e-04, wd=0.01",5,layer4_lr0.003_hd128_wd0.01_cosine,"lr0.003,wd0.01",-1.515731572238288,0.0016641089506585168
[8],8,"lr=3e-04, wd=0.01",10,layer4_lr1e-05_hd128_wd0.0_cosine,"lr1e-05,wd0.0",-1.7872137793691563,0.0011058335702010809
[8],8,"lr=3e-04, wd=0.01",10,layer4_lr1e-05_hd128_wd0.01_cosine,"lr1e-05,wd0.01",-1.9954853249338635,0.0007035735766904887
[8],8,"lr=3e-04, wd=0.01",10,layer4_lr3e-05_hd128_wd0.0_cosine,"lr3e-05,wd0.0",-1.6435690894988313,0.0004975690324181789
[8],8,"lr=3e-04, wd=0.01",10,layer4_lr3e-05_hd128_wd0.01_cosine,"lr3e-05,wd0.01",-1.7427335740151468,0.00010091332763110218
[8],8,"lr=3e-04, wd=0.01",10,layer4_lr0.0001_hd128_wd0.0_cosine,"lr0.0001,wd0.0",-1.520987849473475,0.00021304067737632347
[8],8,"lr=3e-04, wd=0.01",10,layer4_lr0.0001_hd128_wd0.01_cosine,"lr0.0001,wd0.01",-1.6675799751869382,1.5630666317836387e-05
[8],8,"lr=3e-04, wd=0.01",10,layer4_lr0.0003_hd128_wd0.0_cosine,"lr0.0003,wd0.0",-1.297580671679166,0.0024782897964554596
[8],8,"lr=3e-04, wd=0.01",10,layer4_lr0.0003_hd128_wd0.01_cosine,"lr0.0003,wd0.01",-1.4125332921937552,1.966256574485524e-06
[8],8,"lr=3e-04, wd=0.01",10,layer4_lr0.001_hd128_wd0.0_cosine,"lr0.001,wd0.0",-1.2974930900164352,0.002748402140720396
[8],8,"lr=3e-04, wd=0.01",10,layer4_lr0.001_hd128_wd0.01_cosine,"lr0.001,wd0.01",-1.4211343894561381,0.0002017407690307725
[8],8,"lr=3e-04, wd=0.01",10,layer4_lr0.003_hd128_wd0.0_cosine,"lr0.003,wd0.0",-1.3513729208716827,0.001195428602150355
[8],8,"lr=3e-04, wd=0.01",10,layer4_lr0.003_hd128_wd0.01_cosine,"lr0.003,wd0.01",-1.1810496058309348,0.00020466780379801706
[8],8,"lr=3e-04, wd=0.01",20,layer4_lr1e-05_hd128_wd0.0_cosine,"lr1e-05,wd0.0",-1.6758415335821766,7.121283786949927e-05
[8],8,"lr=3e-04, wd=0.01",20,layer4_lr1e-05_hd128_wd0.01_cosine,"lr1e-05,wd0.01",-1.8213874849618548,1.791326910285551e-05
[8],8,"lr=3e-04, wd=0.01",20,layer4_lr3e-05_hd128_wd0.0_cosine,"lr3e-05,wd0.0",-1.6622412312647699,6.550149818722886e-06
[8],8,"lr=3e-04, wd=0.01",20,layer4_lr3e-05_hd128_wd0.01_cosine,"lr3e-05,wd0.01",-1.9993946303431875,4.467797675133578e-05
[8],8,"lr=3e-04, wd=0.01",20,layer4_lr0.0001_hd128_wd0.0_cosine,"lr0.0001,wd0.0",-1.6507445837216042,0.0006440235164800064
[8],8,"lr=3e-04, wd=0.01",20,layer4_lr0.0001_hd128_wd0.01_cosine,"lr0.0001,wd0.01",-1.806929675550115,1.1752763183066603e-06
[8],8,"lr=3e-04, wd=0.01",20,layer4_lr0.0003_hd128_wd0.0_cosine,"lr0.0003,wd0.0",-1.562588337451627,0.0021151312308153336
[8],8,"lr=3e-04, wd=0.01",20,layer4_lr0.0003_hd128_wd0.01_cosine,"lr0.0003,wd0.01",-1.4539363267244207,2.699639584824666e-06
[8],8,"lr=3e-04, wd=0.01",20,layer4_lr0.001_hd128_wd0.0_cosine,"lr0.001,wd0.0",-1.5372920123406018,0.0023577313934165815
[8],8,"lr=3e-04, wd=0.01",20,layer4_lr0.001_hd128_wd0.01_cosine,"lr0.001,wd0.01",-1.3948347726939265,9.676492670175703e-06
[8],8,"lr=3e-04, wd=0.01",20,layer4_lr0.003_hd128_wd0.0_cosine,"lr0.003,wd0.0",-1.5431188059000174,0.0013632577782399797
[8],8,"lr=3e-04, wd=0.01",20,layer4_lr0.003_hd128_wd0.01_cosine,"lr0.003,wd0.01",-1.568024735203035,0.0009971476552522603
[8],8,"lr=3e-04, wd=0.01",50,layer4_lr1e-05_hd128_wd0.0_cosine,"lr1e-05,wd0.0",-2.427676505769717,4.503873750318067e-09
[8],8,"lr=3e-04, wd=0.01",50,layer4_lr1e-05_hd128_wd0.01_cosine,"lr1e-05,wd0.01",-2.5629591595686474,4.051366987943034e-07
[8],8,"lr=3e-04, wd=0.01",50,layer4_lr3e-05_hd128_wd0.0_cosine,"lr3e-05,wd0.0",-2.2984837545931,6.862784783572886e-06
[8],8,"lr=3e-04, wd=0.01",50,layer4_lr3e-05_hd128_wd0.01_cosine,"lr3e-05,wd0.01",-2.5172907269593523,1.0005616362499206e-06
[8],8,"lr=3e-04, wd=0.01",50,layer4_lr0.0001_hd128_wd0.0_cosine,"lr0.0001,wd0.0",-2.149133932404644,0.00013596664664084512
[8],8,"lr=3e-04, wd=0.01",50,layer4_lr0.0001_hd128_wd0.01_cosine,"lr0.0001,wd0.01",-3.6869940273464574,3.505473585312865e-07
[8],8,"lr=3e-04, wd=0.01",50,layer4_lr0.0003_hd128_wd0.0_cosine,"lr0.0003,wd0.0",-1.848681014081602,0.00016648598164204704
[8],8,"lr=3e-04, wd=0.01",50,layer4_lr0.0003_hd128_wd0.01_cosine,"lr0.0003,wd0.01",-3.2303202031574,7.190516263799411e-07
[8],8,"lr=3e-04, wd=0.01",50,layer4_lr0.001_hd128_wd0.0_cosine,"lr0.001,wd0.0",-1.732374621197991,0.00012077244200640767
[8],8,"lr=3e-04, wd=0.01",50,layer4_lr0.001_hd128_wd0.01_cosine,"lr0.001,wd0.01",-2.28728279528453,0.0002691939633844309
[8],8,"lr=3e-04, wd=0.01",50,layer4_lr0.003_hd128_wd0.0_cosine,"lr0.003,wd0.0",-2.3450544064578747,0.00046426955969784033
[8],8,"lr=3e-04, wd=0.01",50,layer4_lr0.003_hd128_wd0.01_cosine,"lr0.003,wd0.01",-2.097522996576093,0.0007891576737861303
[8],8,"lr=3e-04, wd=0.01",90,layer4_lr1e-05_hd128_wd0.0_cosine,"lr1e-05,wd0.0",-4.003541103212868,3.7786786154717478e-06
[8],8,"lr=3e-04, wd=0.01",90,layer4_lr1e-05_hd128_wd0.01_cosine,"lr1e-05,wd0.01",-4.139593778450169,4.0162293313779137e-08
[8],8,"lr=3e-04, wd=0.01",90,layer4_lr3e-05_hd128_wd0.0_cosine,"lr3e-05,wd0.0",-3.9906909298208704,3.2828728382473377e-06
[8],8,"lr=3e-04, wd=0.01",90,layer4_lr3e-05_hd128_wd0.01_cosine,"lr3e-05,wd0.01",-4.118088368967351,3.211001420103056e-07
[8],8,"lr=3e-04, wd=0.01",90,layer4_lr0.0001_hd128_wd0.0_cosine,"lr0.0001,wd0.0",-2.388261078709576,2.955781520159133e-07
[8],8,"lr=3e-04, wd=0.01",90,layer4_lr0.0001_hd128_wd0.01_cosine,"lr0.0001,wd0.01",-4.14260259810502,1.1206145455893497e-06
[8],8,"lr=3e-04, wd=0.01",90,layer4_lr0.0003_hd128_wd0.0_cosine,"lr0.0003,wd0.0",-2.434316063877654,8.728262104553595e-06
[8],8,"lr=3e-04, wd=0.01",90,layer4_lr0.0003_hd128_wd0.01_cosine,"lr0.0003,wd0.01",-4.124878809483784,1.9430900925026875e-06
[8],8,"lr=3e-04, wd=0.01",90,layer4_lr0.001_hd128_wd0.0_cosine,"lr0.001,wd0.0",-2.4413558327810017,9.839340276300775e-05
[8],8,"lr=3e-04, wd=0.01",90,layer4_lr0.001_hd128_wd0.01_cosine,"lr0.001,wd0.01",-3.6954163163184717,7.087728357916444e-07
[8],8,"lr=3e-04, wd=0.01",90,layer4_lr0.003_hd128_wd0.0_cosine,"lr0.003,wd0.0",-2.3211550322183827,5.438076505751885e-05
[8],8,"lr=3e-04, wd=0.01",90,layer4_lr0.003_hd128_wd0.01_cosine,"lr0.003,wd0.01",-3.2704758255553705,2.7129303732971476e-05
[8],9,"lr=0.001, wd=0.0",0,layer4_lr1e-05_hd128_wd0.0_cosine,"lr1e-05,wd0.0",-0.7515840447696955,0.0036699116335747657
[8],9,"lr=0.001, wd=0.0",0,layer4_lr1e-05_hd128_wd0.01_cosine,"lr1e-05,wd0.01",-0.7699931862838533,0.0019179384986420655
[8],9,"lr=0.001, wd=0.0",0,layer4_lr3e-05_hd128_wd0.0_cosine,"lr3e-05,wd0.0",-0.7290333164198309,0.006494496190267584
[8],9,"lr=0.001, wd=0.0",0,layer4_lr3e-05_hd128_wd0.01_cosine,"lr3e-05,wd0.01",-0.7713113452313451,0.0033382066239972526
[8],9,"lr=0.001, wd=0.0",0,layer4_lr0.0001_hd128_wd0.0_cosine,"lr0.0001,wd0.0",-0.7792258242868536,0.0050576568865524215
[8],9,"lr=0.001, wd=0.0",0,layer4_lr0.0001_hd128_wd0.01_cosine,"lr0.0001,wd0.01",-0.7760474511072336,0.004601557673738325
[8],9,"lr=0.001, wd=0.0",0,layer4_lr0.0003_hd128_wd0.0_cosine,"lr0.0003,wd0.0",-0.8418507853064725,0.002527933587468923
[8],9,"lr=0.001, wd=0.0",0,layer4_lr0.0003_hd128_wd0.01_cosine,"lr0.0003,wd0.01",-0.7871532273464485,0.004947394349015117
[8],9,"lr=0.001, wd=0.0",0,layer4_lr0.001_hd128_wd0.0_cosine,"lr0.001,wd0.0",-0.8615817138283601,0.0017526663002588032
[8],9,"lr=0.001, wd=0.0",0,layer4_lr0.001_hd128_wd0.01_cosine,"lr0.001,wd0.01",-0.8007957192678056,0.004585027055129798
[8],9,"lr=0.001, wd=0.0",0,layer4_lr0.003_hd128_wd0.0_cosine,"lr0.003,wd0.0",-0.8529160942297401,0.0020003989995616045
[8],9,"lr=0.001, wd=0.0",0,layer4_lr0.003_hd128_wd0.01_cosine,"lr0.003,wd0.01",-0.8135660013789713,0.003825532426845952
[8],9,"lr=0.001, wd=0.0",5,layer4_lr1e-05_hd128_wd0.0_cosine,"lr1e-05,wd0.0",-1.6759443310687407,0.0016785910899121612
[8],9,"lr=0.001, wd=0.0",5,layer4_lr1e-05_hd128_wd0.01_cosine,"lr1e-05,wd0.01",-1.7653398778217548,0.000668875096461078
[8],9,"lr=0.001, wd=0.0",5,layer4_lr3e-05_hd128_wd0.0_cosine,"lr3e-05,wd0.0",-1.5844574724718832,0.0015955386116139811
[8],9,"lr=0.001, wd=0.0",5,layer4_lr3e-05_hd128_wd0.01_cosine,"lr3e-05,wd0.01",-1.812885648655735,0.0007719801472210415
[8],9,"lr=0.001, wd=0.0",5,layer4_lr0.0001_hd128_wd0.0_cosine,"lr0.0001,wd0.0",-1.7129365231236637,6.786268862006385e-05
[8],9,"lr=0.001, wd=0.0",5,layer4_lr0.0001_hd128_wd0.01_cosine,"lr0.0001,wd0.01",-1.8055702200244428,0.0006080858988801281
[8],9,"lr=0.001, wd=0.0",5,layer4_lr0.0003_hd128_wd0.0_cosine,"lr0.0003,wd0.0",-1.4658813361625442,0.0010089800994272926
[8],9,"lr=0.001, wd=0.0",5,layer4_lr0.0003_hd128_wd0.01_cosine,"lr0.0003,wd0.01",-1.7105275778298261,0.00027637446334582137
[8],9,"lr=0.001, wd=0.0",5,layer4_lr0.001_hd128_wd0.0_cosine,"lr0.001,wd0.0",-1.2595114392707725,0.002073563577827806
[8],9,"lr=0.001, wd=0.0",5,layer4_lr0.001_hd128_wd0.01_cosine,"lr0.001,wd0.01",-1.208129618081411,6.081322746385741e-05
[8],9,"lr=0.001, wd=0.0",5,layer4_lr0.003_hd128_wd0.0_cosine,"lr0.003,wd0.0",-1.0952921337125727,0.0018608006960959057
[8],9,"lr=0.001, wd=0.0",5,layer4_lr0.003_hd128_wd0.01_cosine,"lr0.003,wd0.01",-1.629200306205802,0.0019439833678375996
[8],9,"lr=0.001, wd=0.0",10,layer4_lr1e-05_hd128_wd0.0_cosine,"lr1e-05,wd0.0",-1.8800443770604327,0.0011825731276594706
[8],9,"lr=0.001, wd=0.0",10,layer4_lr1e-05_hd128_wd0.01_cosine,"lr1e-05,wd0.01",-2.078206031203415,0.0006805355272491678
[8],9,"lr=0.001, wd=0.0",10,layer4_lr3e-05_hd128_wd0.0_cosine,"lr3e-05,wd0.0",-1.7469352268966827,0.0007701323741090437
[8],9,"lr=0.001, wd=0.0",10,layer4_lr3e-05_hd128_wd0.01_cosine,"lr3e-05,wd0.01",-1.8956433372670372,0.00024325215829325045
[8],9,"lr=0.001, wd=0.0",10,layer4_lr0.0001_hd128_wd0.0_cosine,"lr0.0001,wd0.0",-1.7251045063226071,4.517874525175015e-05
[8],9,"lr=0.001, wd=0.0",10,layer4_lr0.0001_hd128_wd0.01_cosine,"lr0.0001,wd0.01",-1.892848205888589,0.00012626845008332596
[8],9,"lr=0.001, wd=0.0",10,layer4_lr0.0003_hd128_wd0.0_cosine,"lr0.0003,wd0.0",-1.485163137850274,0.0018155654517248328
[8],9,"lr=0.001, wd=0.0",10,layer4_lr0.0003_hd128_wd0.01_cosine,"lr0.0003,wd0.01",-1.7550854409981242,6.971534075379585e-05
[8],9,"lr=0.001, wd=0.0",10,layer4_lr0.001_hd128_wd0.0_cosine,"lr0.001,wd0.0",-1.4904618360922182,0.002176338535055855
[8],9,"lr=0.001, wd=0.0",10,layer4_lr0.001_hd128_wd0.01_cosine,"lr0.001,wd0.01",-1.6451786678894051,0.00037122272808330864
[8],9,"lr=0.001, wd=0.0",10,layer4_lr0.003_hd128_wd0.0_cosine,"lr0.003,wd0.0",-1.6254742125338624,0.0008721584202502431
[8],9,"lr=0.001, wd=0.0",10,layer4_lr0.003_hd128_wd0.01_cosine,"lr0.003,wd0.01",-1.3760734038994884,0.0005688285191739051
[8],9,"lr=0.001, wd=0.0",20,layer4_lr1e-05_hd128_wd0.0_cosine,"lr1e-05,wd0.0",-1.840958862581929,0.00011682950484636328
[8],9,"lr=0.001, wd=0.0",20,layer4_lr1e-05_hd128_wd0.01_cosine,"lr1e-05,wd0.01",-2.0953745650629703,3.589151362661514e-05
[8],9,"lr=0.001, wd=0.0",20,layer4_lr3e-05_hd128_wd0.0_cosine,"lr3e-05,wd0.0",-1.6887297866382271,4.441207250294682e-05
[8],9,"lr=0.001, wd=0.0",20,layer4_lr3e-05_hd128_wd0.01_cosine,"lr3e-05,wd0.01",-2.046717774702682,9.092681756992905e-05
[8],9,"lr=0.001, wd=0.0",20,layer4_lr0.0001_hd128_wd0.0_cosine,"lr0.0001,wd0.0",-1.6953997905733649,0.00046941975014466286
[8],9,"lr=0.001, wd=0.0",20,layer4_lr0.0001_hd128_wd0.01_cosine,"lr0.0001,wd0.01",-1.9095156804176006,1.1105643913699163e-05
[8],9,"lr=0.001, wd=0.0",20,layer4_lr0.0003_hd128_wd0.0_cosine,"lr0.0003,wd0.0",-1.611025870106564,0.0019129558990104698
[8],9,"lr=0.001, wd=0.0",20,layer4_lr0.0003_hd128_wd0.01_cosine,"lr0.0003,wd0.01",-1.6573285094997152,1.0737800930151375e-05
[8],9,"lr=0.001, wd=0.0",20,layer4_lr0.001_hd128_wd0.0_cosine,"lr0.001,wd0.0",-1.5818718311942985,0.0021689955321587888
[8],9,"lr=0.001, wd=0.0",20,layer4_lr0.001_hd128_wd0.01_cosine,"lr0.001,wd0.01",-1.55152279237512,8.967046153853835e-05
[8],9,"lr=0.001, wd=0.0",20,layer4_lr0.003_hd128_wd0.0_cosine,"lr0.003,wd0.0",-1.673986895423761,0.0011629388116343317
[8],9,"lr=0.001, wd=0.0",20,layer4_lr0.003_hd128_wd0.01_cosine,"lr0.003,wd0.01",-1.7905026014075356,0.0012158906986568826
[8],9,"lr=0.001, wd=0.0",50,layer4_lr1e-05_hd128_wd0.0_cosine,"lr1e-05,wd0.0",-2.5085271286869864,2.580357432258964e-06
[8],9,"lr=0.001, wd=0.0",50,layer4_lr1e-05_hd128_wd0.01_cosine,"lr1e-05,wd0.01",-2.783092985383174,3.3951875909675507e-06
[8],9,"lr=0.001, wd=0.0",50,layer4_lr3e-05_hd128_wd0.0_cosine,"lr3e-05,wd0.0",-2.341924465281366,2.2313189216110005e-06
[8],9,"lr=0.001, wd=0.0",50,layer4_lr3e-05_hd128_wd0.01_cosine,"lr3e-05,wd0.01",-2.4972995141809897,3.906685545869377e-08
[8],9,"lr=0.001, wd=0.0",50,layer4_lr0.0001_hd128_wd0.0_cosine,"lr0.0001,wd0.0",-2.1390790231203707,0.0001257866643771403
[8],9,"lr=0.001, wd=0.0",50,layer4_lr0.0001_hd128_wd0.01_cosine,"lr0.0001,wd0.01",-2.963878638326064,8.14006646802635e-07
[8],9,"lr=0.001, wd=0.0",50,layer4_lr0.0003_hd128_wd0.0_cosine,"lr0.0003,wd0.0",-1.8863626935351492,8.433659227126464e-05
[8],9,"lr=0.001, wd=0.0",50,layer4_lr0.0003_hd128_wd0.01_cosine,"lr0.0003,wd0.01",-2.6230838682507915,1.4472907755433263e-06
[8],9,"lr=0.001, wd=0.0",50,layer4_lr0.001_hd128_wd0.0_cosine,"lr0.001,wd0.0",-1.7493688619247543,0.00023304170959276404
[8],9,"lr=0.001, wd=0.0",50,layer4_lr0.001_hd128_wd0.01_cosine,"lr0.001,wd0.01",-2.316680313850111,0.000283650187124058
[8],9,"lr=0.001, wd=0.0",50,layer4_lr0.003_hd128_wd0.0_cosine,"lr0.003,wd0.0",-2.30431764695747,0.0004756206483667204
[8],9,"lr=0.001, wd=0.0",50,layer4_lr0.003_hd128_wd0.01_cosine,"lr0.003,wd0.01",-2.1221811903566286,0.0008285978642097358
[8],9,"lr=0.001, wd=0.0",90,layer4_lr1e-05_hd128_wd0.0_cosine,"lr1e-05,wd0.0",-4.020810667087438,1.6828870557141798e-06
[8],9,"lr=0.001, wd=0.0",90,layer4_lr1e-05_hd128_wd0.01_cosine,"lr1e-05,wd0.01",-4.124047656402086,1.2519458397145491e-07
[8],9,"lr=0.001, wd=0.0",90,layer4_lr3e-05_hd128_wd0.0_cosine,"lr3e-05,wd0.0",-3.9987894699733615,2.9251386405952902e-06
[8],9,"lr=0.001, wd=0.0",90,layer4_lr3e-05_hd128_wd0.01_cosine,"lr3e-05,wd0.01",-4.1032738378608204,2.540586488881575e-07
[8],9,"lr=0.001, wd=0.0",90,layer4_lr0.0001_hd128_wd0.0_cosine,"lr0.0001,wd0.0",-2.36446994945222,1.1876382999708497e-07
[8],9,"lr=0.001, wd=0.0",90,layer4_lr0.0001_hd128_wd0.01_cosine,"lr0.0001,wd0.01",-4.115558441965668,1.5279270474157066e-06
[8],9,"lr=0.001, wd=0.0",90,layer4_lr0.0003_hd128_wd0.0_cosine,"lr0.0003,wd0.0",-2.4253263825913125,5.4071392065560555e-06
[8],9,"lr=0.001, wd=0.0",90,layer4_lr0.0003_hd128_wd0.01_cosine,"lr0.0003,wd0.01",-4.101314142919992,2.1000976546786955e-06
[8],9,"lr=0.001, wd=0.0",90,layer4_lr0.001_hd128_wd0.0_cosine,"lr0.001,wd0.0",-2.4563283729916585,0.00010093538513137834
[8],9,"lr=0.001, wd=0.0",90,layer4_lr0.001_hd128_wd0.01_cosine,"lr0.001,wd0.01",-3.6036727217445317,2.7163243162799217e-07
[8],9,"lr=0.001, wd=0.0",90,layer4_lr0.003_hd128_wd0.0_cosine,"lr0.003,wd0.0",-2.290107970062712,4.2050205324822505e-05
[8],9,"lr=0.001, wd=0.0",90,layer4_lr0.003_hd128_wd0.01_cosine,"lr0.003,wd0.01",-3.1956205312660106,3.473541215167992e-05
[8],10,"lr=0.001, wd=0.01",0,layer4_lr1e-05_hd128_wd0.0_cosine,"lr1e-05,wd0.0",-0.7483637235795592,0.0026506950985699758
[8],10,"lr=0.001, wd=0.01",0,layer4_lr1e-05_hd128_wd0.01_cosine,"lr1e-05,wd0.01",-0.7672961481696563,0.0012257039582349045
[8],10,"lr=0.001, wd=0.01",0,layer4_lr3e-05_hd128_wd0.0_cosine,"lr3e-05,wd0.0",-0.7334075316185188,0.005162586493101922
[8],10,"lr=0.001, wd=0.01",0,layer4_lr3e-05_hd128_wd0.01_cosine,"lr3e-05,wd0.01",-0.7750976985771371,0.002437156603006183
[8],10,"lr=0.001, wd=0.01",0,layer4_lr0.0001_hd128_wd0.0_cosine,"lr0.0001,wd0.0",-0.7784232686471462,0.003943795452379381
[8],10,"lr=0.001, wd=0.01",0,layer4_lr0.0001_hd128_wd0.01_cosine,"lr0.0001,wd0.01",-0.7831574097093751,0.0035824945841552544
[8],10,"lr=0.001, wd=0.01",0,layer4_lr0.0003_hd128_wd0.0_cosine,"lr0.0003,wd0.0",-0.8373466798726357,0.0017848743072430696
[8],10,"lr=0.001, wd=0.01",0,layer4_lr0.0003_hd128_wd0.01_cosine,"lr0.0003,wd0.01",-0.7983116121826253,0.003922031791563978
[8],10,"lr=0.001, wd=0.01",0,layer4_lr0.001_hd128_wd0.0_cosine,"lr0.001,wd0.0",-0.8629135869709165,0.0011605882710489228
[8],10,"lr=0.001, wd=0.01",0,layer4_lr0.001_hd128_wd0.01_cosine,"lr0.001,wd0.01",-0.8164104043096693,0.0036175148247267887
[8],10,"lr=0.001, wd=0.01",0,layer4_lr0.003_hd128_wd0.0_cosine,"lr0.003,wd0.0",-0.8590638251778236,0.0013699275405571023
[8],10,"lr=0.001, wd=0.01",0,layer4_lr0.003_hd128_wd0.01_cosine,"lr0.003,wd0.01",-0.8282112117575686,0.002946374592948916
[8],10,"lr=0.001, wd=0.01",5,layer4_lr1e-05_hd128_wd0.0_cosine,"lr1e-05,wd0.0",-1.4439661678047986,0.00029283654860565026
[8],10,"lr=0.001, wd=0.01",5,layer4_lr1e-05_hd128_wd0.01_cosine,"lr1e-05,wd0.01",-1.4531283770080894,4.621793206984197e-06
[8],10,"lr=0.001, wd=0.01",5,layer4_lr3e-05_hd128_wd0.0_cosine,"lr3e-05,wd0.0",-1.4273481425007284,0.00033184241549017894
[8],10,"lr=0.001, wd=0.01",5,layer4_lr3e-05_hd128_wd0.01_cosine,"lr3e-05,wd0.01",-1.5317733598000631,4.850023576442352e-05
[8],10,"lr=0.001, wd=0.01",5,layer4_lr0.0001_hd128_wd0.0_cosine,"lr0.0001,wd0.0",-1.5279923347590663,1.8002825559681148e-05
[8],10,"lr=0.001, wd=0.01",5,layer4_lr0.0001_hd128_wd0.01_cosine,"lr0.0001,wd0.01",-1.6921818612802586,0.00018920935007260025
[8],10,"lr=0.001, wd=0.01",5,layer4_lr0.0003_hd128_wd0.0_cosine,"lr0.0003,wd0.0",-1.3267236120571373,0.0018781874261662535
[8],10,"lr=0.001, wd=0.01",5,layer4_lr0.0003_hd128_wd0.01_cosine,"lr0.0003,wd0.01",-1.535559700085853,5.070864603464272e-05
[8],10,"lr=0.001, wd=0.01",5,layer4_lr0.001_hd128_wd0.0_cosine,"lr0.001,wd0.0",-1.173170913985389,0.0032715825034262645
[8],10,"lr=0.001, wd=0.01",5,layer4_lr0.001_hd128_wd0.01_cosine,"lr0.001,wd0.01",-1.1312700372593787,0.00010739451377890398
[8],10,"lr=0.001, wd=0.01",5,layer4_lr0.003_hd128_wd0.0_cosine,"lr0.003,wd0.0",-1.025600318071917,0.0033863123251802268
[8],10,"lr=0.001, wd=0.01",5,layer4_lr0.003_hd128_wd0.01_cosine,"lr0.003,wd0.01",-1.5057883180391447,0.0014661805547548873
[8],10,"lr=0.001, wd=0.01",10,layer4_lr1e-05_hd128_wd0.0_cosine,"lr1e-05,wd0.0",-1.454695097876717,0.0001906415519741145
[8],10,"lr=0.001, wd=0.01",10,layer4_lr1e-05_hd128_wd0.01_cosine,"lr1e-05,wd0.01",-1.5425541383868406,6.474749371959626e-05
[8],10,"lr=0.001, wd=0.01",10,layer4_lr3e-05_hd128_wd0.0_cosine,"lr3e-05,wd0.0",-1.507360411106807,0.000148146110702717
[8],10,"lr=0.001, wd=0.01",10,layer4_lr3e-05_hd128_wd0.01_cosine,"lr3e-05,wd0.01",-1.5525649647569397,2.569509875652036e-07
[8],10,"lr=0.001, wd=0.01",10,layer4_lr0.0001_hd128_wd0.0_cosine,"lr0.0001,wd0.0",-1.564568427272581,0.00036951310211905103
[8],10,"lr=0.001, wd=0.01",10,layer4_lr0.0001_hd128_wd0.01_cosine,"lr0.0001,wd0.01",-1.7685854451306284,7.064946511073597e-07
[8],10,"lr=0.001, wd=0.01",10,layer4_lr0.0003_hd128_wd0.0_cosine,"lr0.0003,wd0.0",-1.377367007171729,0.00271761594749135
[8],10,"lr=0.001, wd=0.01",10,layer4_lr0.0003_hd128_wd0.01_cosine,"lr0.0003,wd0.01",-1.67163813987475,5.115959766340426e-07
[8],10,"lr=0.001, wd=0.01",10,layer4_lr0.001_hd128_wd0.0_cosine,"lr0.001,wd0.0",-1.403755570906192,0.0029094429698203485
[8],10,"lr=0.001, wd=0.01",10,layer4_lr0.001_hd128_wd0.01_cosine,"lr0.001,wd0.01",-1.5187479406808286,0.00010363413525275168
[8],10,"lr=0.001, wd=0.01",10,layer4_lr0.003_hd128_wd0.0_cosine,"lr0.003,wd0.0",-1.4998655823995795,0.0013248323867314422
[8],10,"lr=0.001, wd=0.01",10,layer4_lr0.003_hd128_wd0.01_cosine,"lr0.003,wd0.01",-1.314227299422987,0.00013144306409004105
[8],10,"lr=0.001, wd=0.01",20,layer4_lr1e-05_hd128_wd0.0_cosine,"lr1e-05,wd0.0",-1.6352683012059437,5.08145563990825e-08
[8],10,"lr=0.001, wd=0.01",20,layer4_lr1e-05_hd128_wd0.01_cosine,"lr1e-05,wd0.01",-1.6900300909884003,2.787937115105994e-05
[8],10,"lr=0.001, wd=0.01",20,layer4_lr3e-05_hd128_wd0.0_cosine,"lr3e-05,wd0.0",-1.6341679622993193,1.684792381309764e-05
[8],10,"lr=0.001, wd=0.01",20,layer4_lr3e-05_hd128_wd0.01_cosine,"lr3e-05,wd0.01",-1.9502991447178568,2.3002107099232894e-06
[8],10,"lr=0.001, wd=0.01",20,layer4_lr0.0001_hd128_wd0.0_cosine,"lr0.0001,wd0.0",-1.6521020419439771,0.0008739091175836575
[8],10,"lr=0.001, wd=0.01",20,layer4_lr0.0001_hd128_wd0.01_cosine,"lr0.0001,wd0.01",-1.9065613251079607,6.4549548740634746e-06
[8],10,"lr=0.001, wd=0.01",20,layer4_lr0.0003_hd128_wd0.0_cosine,"lr0.0003,wd0.0",-1.563801390963511,0.002332385972993077
[8],10,"lr=0.001, wd=0.01",20,layer4_lr0.0003_hd128_wd0.01_cosine,"lr0.0003,wd0.01",-1.6864674497509191,7.813906639940174e-07
[8],10,"lr=0.001, wd=0.01",20,layer4_lr0.001_hd128_wd0.0_cosine,"lr0.001,wd0.0",-1.542492839881553,0.0024933983308689568
[8],10,"lr=0.001, wd=0.01",20,layer4_lr0.001_hd128_wd0.01_cosine,"lr0.001,wd0.01",-1.5316724687223755,1.5625103467726862e-05
[8],10,"lr=0.001, wd=0.01",20,layer4_lr0.003_hd128_wd0.0_cosine,"lr0.003,wd0.0",-1.64014034333586,0.0014774620826898724
[8],10,"lr=0.001, wd=0.01",20,layer4_lr0.003_hd128_wd0.01_cosine,"lr0.003,wd0.01",-1.7462597278432443,0.0009041353007152445
[8],10,"lr=0.001, wd=0.01",50,layer4_lr1e-05_hd128_wd0.0_cosine,"lr1e-05,wd0.0",-2.5720706130143998,3.7328204267012783e-06
[8],10,"lr=0.001, wd=0.01",50,layer4_lr1e-05_hd128_wd0.01_cosine,"lr1e-05,wd0.01",-3.112006295381599,1.0934646323815024e-06
[8],10,"lr=0.001, wd=0.01",50,layer4_lr3e-05_hd128_wd0.0_cosine,"lr3e-05,wd0.0",-2.388341823253252,2.0997144013189133e-05
[8],10,"lr=0.001, wd=0.01",50,layer4_lr3e-05_hd128_wd0.01_cosine,"lr3e-05,wd0.01",-2.568443643572734,5.086047793732265e-06
[8],10,"lr=0.001, wd=0.01",50,layer4_lr0.0001_hd128_wd0.0_cosine,"lr0.0001,wd0.0",-2.141089986657566,0.00015083949895893374
[8],10,"lr=0.001, wd=0.01",50,layer4_lr0.0001_hd128_wd0.01_cosine,"lr0.0001,wd0.01",-3.630913037111993,1.3123199425962155e-07
[8],10,"lr=0.001, wd=0.01",50,layer4_lr0.0003_hd128_wd0.0_cosine,"lr0.0003,wd0.0",-1.8979443404367553,4.5029995990111436e-05
[8],10,"lr=0.001, wd=0.01",50,layer4_lr0.0003_hd128_wd0.01_cosine,"lr0.0003,wd0.01",-3.468432951843624,4.3846164244160854e-08
[8],10,"lr=0.001, wd=0.01",50,layer4_lr0.001_hd128_wd0.0_cosine,"lr0.001,wd0.0",-1.7725511878601659,0.00027276744506574884
[8],10,"lr=0.001, wd=0.01",50,layer4_lr0.001_hd128_wd0.01_cosine,"lr0.001,wd0.01",-2.3433075899553373,0.00024752456845987
[8],10,"lr=0.001, wd=0.01",50,layer4_lr0.003_hd128_wd0.0_cosine,"lr0.003,wd0.0",-2.2835612761850905,0.0004884436666909121
[8],10,"lr=0.001, wd=0.01",50,layer4_lr0.003_hd128_wd0.01_cosine,"lr0.003,wd0.01",-2.1631404648753243,0.0007250878000820866
[8],10,"lr=0.001, wd=0.01",90,layer4_lr1e-05_hd128_wd0.0_cosine,"lr1e-05,wd0.0",-4.035220089738785,3.345656608792734e-06
[8],10,"lr=0.001, wd=0.01",90,layer4_lr1e-05_hd128_wd0.01_cosine,"lr1e-05,wd0.01",-4.151190547610521,4.8603967081546485e-08
[8],10,"lr=0.001, wd=0.01",90,layer4_lr3e-05_hd128_wd0.0_cosine,"lr3e-05,wd0.0",-3.9940249520271367,5.0208503315297e-06
[8],10,"lr=0.001, wd=0.01",90,layer4_lr3e-05_hd128_wd0.01_cosine,"lr3e-05,wd0.01",-4.109652456345962,7.788097811167422e-07
[8],10,"lr=0.001, wd=0.01",90,layer4_lr0.0001_hd128_wd0.0_cosine,"lr0.0001,wd0.0",-2.353113332287857,2.4012386271658174e-08
[8],10,"lr=0.001, wd=0.01",90,layer4_lr0.0001_hd128_wd0.01_cosine,"lr0.0001,wd0.01",-4.123410943595872,1.9112577793534093e-06
[8],10,"lr=0.001, wd=0.01",90,layer4_lr0.0003_hd128_wd0.0_cosine,"lr0.0003,wd0.0",-2.4274762481493237,3.5012697671227024e-06
[8],10,"lr=0.001, wd=0.01",90,layer4_lr0.0003_hd128_wd0.01_cosine,"lr0.0003,wd0.01",-4.125777942984413,1.6932063832971653e-06
[8],10,"lr=0.001, wd=0.01",90,layer4_lr0.001_hd128_wd0.0_cosine,"lr0.001,wd0.0",-2.4688813945294816,9.229648462002183e-05
[8],10,"lr=0.001, wd=0.01",90,layer4_lr0.001_hd128_wd0.01_cosine,"lr0.001,wd0.01",-3.729284725622293,3.649330801859781e-08
[8],10,"lr=0.001, wd=0.01",90,layer4_lr0.003_hd128_wd0.0_cosine,"lr0.003,wd0.0",-2.304993552435441,3.518530549827477e-05
[8],10,"lr=0.001, wd=0.01",90,layer4_lr0.003_hd128_wd0.01_cosine,"lr0.003,wd0.01",-3.290742932823996,5.301952212015123e-05
[8],11,"lr=0.003, wd=0.0",0,layer4_lr1e-05_hd128_wd0.0_cosine,"lr1e-05,wd0.0",-0.647568726872779,0.002956991933071541
[8],11,"lr=0.003, wd=0.0",0,layer4_lr1e-05_hd128_wd0.01_cosine,"lr1e-05,wd0.01",-0.6608951790866848,0.0014117546048767336
[8],11,"lr=0.003, wd=0.0",0,layer4_lr3e-05_hd128_wd0.0_cosine,"lr3e-05,wd0.0",-0.6374585336586174,0.005604423205832821
[8],11,"lr=0.003, wd=0.0",0,layer4_lr3e-05_hd128_wd0.01_cosine,"lr3e-05,wd0.01",-0.6700991149805329,0.0027041524408342797
[8],11,"lr=0.003, wd=0.0",0,layer4_lr0.0001_hd128_wd0.0_cosine,"lr0.0001,wd0.0",-0.6788827544287968,0.004380487151884576
[8],11,"lr=0.003, wd=0.0",0,layer4_lr0.0001_hd128_wd0.01_cosine,"lr0.0001,wd0.01",-0.679221949027092,0.00393762413102368
[8],11,"lr=0.003, wd=0.0",0,layer4_lr0.0003_hd128_wd0.0_cosine,"lr0.0003,wd0.0",-0.731599991418585,0.0021384796043585445
[8],11,"lr=0.003, wd=0.0",0,layer4_lr0.0003_hd128_wd0.01_cosine,"lr0.0003,wd0.01",-0.6928506395462877,0.004367487135748739
[8],11,"lr=0.003, wd=0.0",0,layer4_lr0.001_hd128_wd0.0_cosine,"lr0.001,wd0.0",-0.7567725091001264,0.001501049279577524
[8],11,"lr=0.003, wd=0.0",0,layer4_lr0.001_hd128_wd0.01_cosine,"lr0.001,wd0.01",-0.7098095757399042,0.004134378855746421
[8],11,"lr=0.003, wd=0.0",0,layer4_lr0.003_hd128_wd0.0_cosine,"lr0.003,wd0.0",-0.7563666520402547,0.0017793373271936068
[8],11,"lr=0.003, wd=0.0",0,layer4_lr0.003_hd128_wd0.01_cosine,"lr0.003,wd0.01",-0.7225748826237732,0.0034750978301615943
[8],11,"lr=0.003, wd=0.0",5,layer4_lr1e-05_hd128_wd0.0_cosine,"lr1e-05,wd0.0",-1.4755568031323543,0.0007927721579288635
[8],11,"lr=0.003, wd=0.0",5,layer4_lr1e-05_hd128_wd0.01_cosine,"lr1e-05,wd0.01",-1.5002557207617213,0.0001370386918560996
[8],11,"lr=0.003, wd=0.0",5,layer4_lr3e-05_hd128_wd0.0_cosine,"lr3e-05,wd0.0",-1.4223647121802385,0.0009599624759939491
[8],11,"lr=0.003, wd=0.0",5,layer4_lr3e-05_hd128_wd0.01_cosine,"lr3e-05,wd0.01",-1.58030938384726,0.0003965047121227503
[8],11,"lr=0.003, wd=0.0",5,layer4_lr0.0001_hd128_wd0.0_cosine,"lr0.0001,wd0.0",-1.7064985379080222,4.25930347475449e-05
[8],11,"lr=0.003, wd=0.0",5,layer4_lr0.0001_hd128_wd0.01_cosine,"lr0.0001,wd0.01",-1.8161969085835474,0.0005644402848373737
[8],11,"lr=0.003, wd=0.0",5,layer4_lr0.0003_hd128_wd0.0_cosine,"lr0.0003,wd0.0",-1.5592360438446158,0.0009868039201551368
[8],11,"lr=0.003, wd=0.0",5,layer4_lr0.0003_hd128_wd0.01_cosine,"lr0.0003,wd0.01",-1.8174948201683871,0.00029697176483798026
[8],11,"lr=0.003, wd=0.0",5,layer4_lr0.001_hd128_wd0.0_cosine,"lr0.001,wd0.0",-1.3752831546249853,0.0020609780770696443
[8],11,"lr=0.003, wd=0.0",5,layer4_lr0.001_hd128_wd0.01_cosine,"lr0.001,wd0.01",-1.324858981785516,6.41519730182758e-05
[8],11,"lr=0.003, wd=0.0",5,layer4_lr0.003_hd128_wd0.0_cosine,"lr0.003,wd0.0",-1.216699036255147,0.0017934399820622156
[8],11,"lr=0.003, wd=0.0",5,layer4_lr0.003_hd128_wd0.01_cosine,"lr0.003,wd0.01",-1.652623440901377,0.0019684477533748923
[8],11,"lr=0.003, wd=0.0",10,layer4_lr1e-05_hd128_wd0.0_cosine,"lr1e-05,wd0.0",-1.662281417394009,0.00063075360247434
[8],11,"lr=0.003, wd=0.0",10,layer4_lr1e-05_hd128_wd0.01_cosine,"lr1e-05,wd0.01",-1.8603962751134362,0.00034000753747874627
[8],11,"lr=0.003, wd=0.0",10,layer4_lr3e-05_hd128_wd0.0_cosine,"lr3e-05,wd0.0",-1.5429797234068803,0.0005143826893941165
[8],11,"lr=0.003, wd=0.0",10,layer4_lr3e-05_hd128_wd0.01_cosine,"lr3e-05,wd0.01",-1.6549657710193126,0.00011248713538306876
[8],11,"lr=0.003, wd=0.0",10,layer4_lr0.0001_hd128_wd0.0_cosine,"lr0.0001,wd0.0",-1.685465005250735,7.715888677890269e-05
[8],11,"lr=0.003, wd=0.0",10,layer4_lr0.0001_hd128_wd0.01_cosine,"lr0.0001,wd0.01",-1.888164824187826,9.8812802398903e-05
[8],11,"lr=0.003, wd=0.0",10,layer4_lr0.0003_hd128_wd0.0_cosine,"lr0.0003,wd0.0",-1.5246437872535399,0.0018964012454092062
[8],11,"lr=0.003, wd=0.0",10,layer4_lr0.0003_hd128_wd0.01_cosine,"lr0.0003,wd0.01",-1.9042404788710774,7.923953853983678e-05
[8],11,"lr=0.003, wd=0.0",10,layer4_lr0.001_hd128_wd0.0_cosine,"lr0.001,wd0.0",-1.5457052420947424,0.0021641902755665876
[8],11,"lr=0.003, wd=0.0",10,layer4_lr0.001_hd128_wd0.01_cosine,"lr0.001,wd0.01",-1.7674489932518904,0.00035132826767605475
[8],11,"lr=0.003, wd=0.0",10,layer4_lr0.003_hd128_wd0.0_cosine,"lr0.003,wd0.0",-1.7242907677155936,0.0008785245479151518
[8],11,"lr=0.003, wd=0.0",10,layer4_lr0.003_hd128_wd0.01_cosine,"lr0.003,wd0.01",-1.5206940817462886,0.0006538159248430122
[8],11,"lr=0.003, wd=0.0",20,layer4_lr1e-05_hd128_wd0.0_cosine,"lr1e-05,wd0.0",-1.7561687530066394,1.944864846354552e-05
[8],11,"lr=0.003, wd=0.0",20,layer4_lr1e-05_hd128_wd0.01_cosine,"lr1e-05,wd0.01",-1.9109276265118884,4.5424307909614515e-09
[8],11,"lr=0.003, wd=0.0",20,layer4_lr3e-05_hd128_wd0.0_cosine,"lr3e-05,wd0.0",-1.651029642854523,1.2537306640651227e-05
[8],11,"lr=0.003, wd=0.0",20,layer4_lr3e-05_hd128_wd0.01_cosine,"lr3e-05,wd0.01",-2.021179692382667,5.864738613198738e-05
[8],11,"lr=0.003, wd=0.0",20,layer4_lr0.0001_hd128_wd0.0_cosine,"lr0.0001,wd0.0",-1.7050009105740787,0.0005117686520465278
[8],11,"lr=0.003, wd=0.0",20,layer4_lr0.0001_hd128_wd0.01_cosine,"lr0.0001,wd0.01",-1.9580248760630437,1.168242602819772e-05
[8],11,"lr=0.003, wd=0.0",20,layer4_lr0.0003_hd128_wd0.0_cosine,"lr0.0003,wd0.0",-1.6308858419442893,0.0019500378572774063
[8],11,"lr=0.003, wd=0.0",20,layer4_lr0.0003_hd128_wd0.01_cosine,"lr0.0003,wd0.01",-1.8571573094055198,1.9416327596328464e-05
[8],11,"lr=0.003, wd=0.0",20,layer4_lr0.001_hd128_wd0.0_cosine,"lr0.001,wd0.0",-1.6038532101042726,0.0021917286324642698
[8],11,"lr=0.003, wd=0.0",20,layer4_lr0.001_hd128_wd0.01_cosine,"lr0.001,wd0.01",-1.703411036348394,0.00011907890869199597
[8],11,"lr=0.003, wd=0.0",20,layer4_lr0.003_hd128_wd0.0_cosine,"lr0.003,wd0.0",-1.733205797756919,0.0011844901302519757
[8],11,"lr=0.003, wd=0.0",20,layer4_lr0.003_hd128_wd0.01_cosine,"lr0.003,wd0.01",-1.85980622441014,0.0012103974929812088
[8],11,"lr=0.003, wd=0.0",50,layer4_lr1e-05_hd128_wd0.0_cosine,"lr1e-05,wd0.0",-2.560523145935148,1.5195218939124654e-07
[8],11,"lr=0.003, wd=0.0",50,layer4_lr1e-05_hd128_wd0.01_cosine,"lr1e-05,wd0.01",-2.9399998629817894,1.2694306819427403e-09
[8],11,"lr=0.003, wd=0.0",50,layer4_lr3e-05_hd128_wd0.0_cosine,"lr3e-05,wd0.0",-2.3743500153669728,3.1336304759668183e-06
[8],11,"lr=0.003, wd=0.0",50,layer4_lr3e-05_hd128_wd0.01_cosine,"lr3e-05,wd0.01",-2.509471693724275,1.2664787770619522e-08
[8],11,"lr=0.003, wd=0.0",50,layer4_lr0.0001_hd128_wd0.0_cosine,"lr0.0001,wd0.0",-2.1705565952362065,0.00013330674358770283
[8],11,"lr=0.003, wd=0.0",50,layer4_lr0.0001_hd128_wd0.01_cosine,"lr0.0001,wd0.01",-3.2908212624421553,7.830622034364292e-07
[8],11,"lr=0.003, wd=0.0",50,layer4_lr0.0003_hd128_wd0.0_cosine,"lr0.0003,wd0.0",-1.9322976603576631,4.838027722440704e-05
[8],11,"lr=0.003, wd=0.0",50,layer4_lr0.0003_hd128_wd0.01_cosine,"lr0.0003,wd0.01",-3.288078433967879,1.6148682529666812e-06
[8],11,"lr=0.003, wd=0.0",50,layer4_lr0.001_hd128_wd0.0_cosine,"lr0.001,wd0.0",-1.7991265754775303,0.000316088358815588
[8],11,"lr=0.003, wd=0.0",50,layer4_lr0.001_hd128_wd0.01_cosine,"lr0.001,wd0.01",-2.4236104560988396,0.0002834434303730068
[8],11,"lr=0.003, wd=0.0",50,layer4_lr0.003_hd128_wd0.0_cosine,"lr0.003,wd0.0",-2.3057723226154168,0.0004710443571060383
[8],11,"lr=0.003, wd=0.0",50,layer4_lr0.003_hd128_wd0.01_cosine,"lr0.003,wd0.01",-1.9834695655872847,0.0008335052682947884
[8],11,"lr=0.003, wd=0.0",90,layer4_lr1e-05_hd128_wd0.0_cosine,"lr1e-05,wd0.0",-4.02831675452979,2.1476769943369382e-06
[8],11,"lr=0.003, wd=0.0",90,layer4_lr1e-05_hd128_wd0.01_cosine,"lr1e-05,wd0.01",-4.133451455286733,1.9101634915372138e-08
[8],11,"lr=0.003, wd=0.0",90,layer4_lr3e-05_hd128_wd0.0_cosine,"lr3e-05,wd0.0",-4.007202260383588,3.0545789796024374e-06
[8],11,"lr=0.003, wd=0.0",90,layer4_lr3e-05_hd128_wd0.01_cosine,"lr3e-05,wd0.01",-4.1006093057971835,2.7383724769496633e-07
[8],11,"lr=0.003, wd=0.0",90,layer4_lr0.0001_hd128_wd0.0_cosine,"lr0.0001,wd0.0",-2.3736967726715896,9.172916548337333e-08
[8],11,"lr=0.003, wd=0.0",90,layer4_lr0.0001_hd128_wd0.01_cosine,"lr0.0001,wd0.01",-4.114348862738223,1.6833932241956185e-06
[8],11,"lr=0.003, wd=0.0",90,layer4_lr0.0003_hd128_wd0.0_cosine,"lr0.0003,wd0.0",-2.443477949862513,3.0395665350937635e-06
[8],11,"lr=0.003, wd=0.0",90,layer4_lr0.0003_hd128_wd0.01_cosine,"lr0.0003,wd0.01",-4.106792799594684,2.052431809569138e-06
[8],11,"lr=0.003, wd=0.0",90,layer4_lr0.001_hd128_wd0.0_cosine,"lr0.001,wd0.0",-2.497738843715945,9.241448370700675e-05
[8],11,"lr=0.003, wd=0.0",90,layer4_lr0.001_hd128_wd0.01_cosine,"lr0.001,wd0.01",-3.6308788657531705,6.198569765584469e-08
[8],11,"lr=0.003, wd=0.0",90,layer4_lr0.003_hd128_wd0.0_cosine,"lr0.003,wd0.0",-2.328042960231654,2.9201397529063216e-05
[8],11,"lr=0.003, wd=0.0",90,layer4_lr0.003_hd128_wd0.01_cosine,"lr0.003,wd0.01",-3.2257983693548042,3.958305791260766e-05
[8],12,"lr=0.003, wd=0.01",0,layer4_lr1e-05_hd128_wd0.0_cosine,"lr1e-05,wd0.0",-0.7016996384614674,0.00402340841584415
[8],12,"lr=0.003, wd=0.01",0,layer4_lr1e-05_hd128_wd0.01_cosine,"lr1e-05,wd0.01",-0.7257070687915594,0.002203239028268282
[8],12,"lr=0.003, wd=0.01",0,layer4_lr3e-05_hd128_wd0.0_cosine,"lr3e-05,wd0.0",-0.686349423346534,0.007097044819602526
[8],12,"lr=0.003, wd=0.01",0,layer4_lr3e-05_hd128_wd0.01_cosine,"lr3e-05,wd0.01",-0.7356643069371946,0.0038163627517737433
[8],12,"lr=0.003, wd=0.01",0,layer4_lr0.0001_hd128_wd0.0_cosine,"lr0.0001,wd0.0",-0.7402040895444142,0.005767240566684244
[8],12,"lr=0.003, wd=0.01",0,layer4_lr0.0001_hd128_wd0.01_cosine,"lr0.0001,wd0.01",-0.7472756672406641,0.005338481211772044
[8],12,"lr=0.003, wd=0.01",0,layer4_lr0.0003_hd128_wd0.0_cosine,"lr0.0003,wd0.0",-0.8137603692045934,0.003179931587362714
[8],12,"lr=0.003, wd=0.01",0,layer4_lr0.0003_hd128_wd0.01_cosine,"lr0.0003,wd0.01",-0.7655435658995594,0.0059042485081920735
[8],12,"lr=0.003, wd=0.01",0,layer4_lr0.001_hd128_wd0.0_cosine,"lr0.001,wd0.0",-0.863476958275977,0.0024305826205813655
[8],12,"lr=0.003, wd=0.01",0,layer4_lr0.001_hd128_wd0.01_cosine,"lr0.001,wd0.01",-0.8003422403641736,0.005686102941518001
[8],12,"lr=0.003, wd=0.01",0,layer4_lr0.003_hd128_wd0.0_cosine,"lr0.003,wd0.0",-0.8728546459674642,0.0028064799598930368
[8],12,"lr=0.003, wd=0.01",0,layer4_lr0.003_hd128_wd0.01_cosine,"lr0.003,wd0.01",-0.8280273233805413,0.0049289472321560205
[8],12,"lr=0.003, wd=0.01",5,layer4_lr1e-05_hd128_wd0.0_cosine,"lr1e-05,wd0.0",-1.2986630000300856,0.00015896606253324315
[8],12,"lr=0.003, wd=0.01",5,layer4_lr1e-05_hd128_wd0.01_cosine,"lr1e-05,wd0.01",-1.2947200446141318,7.793685227278467e-06
[8],12,"lr=0.003, wd=0.01",5,layer4_lr3e-05_hd128_wd0.0_cosine,"lr3e-05,wd0.0",-1.3876740498022317,0.0003601913175319404
[8],12,"lr=0.003, wd=0.01",5,layer4_lr3e-05_hd128_wd0.01_cosine,"lr3e-05,wd0.01",-1.4860082800675936,7.065111183359135e-05
[8],12,"lr=0.003, wd=0.01",5,layer4_lr0.0001_hd128_wd0.0_cosine,"lr0.0001,wd0.0",-1.5257595580051988,2.7050701902105675e-05
[8],12,"lr=0.003, wd=0.01",5,layer4_lr0.0001_hd128_wd0.01_cosine,"lr0.0001,wd0.01",-1.7237494817416796,0.00021811999805830822
[8],12,"lr=0.003, wd=0.01",5,layer4_lr0.0003_hd128_wd0.0_cosine,"lr0.0003,wd0.0",-1.3276947797723886,0.0021644980656882434
[8],12,"lr=0.003, wd=0.01",5,layer4_lr0.0003_hd128_wd0.01_cosine,"lr0.0003,wd0.01",-1.6855439775338736,4.55209511156296e-05
[8],12,"lr=0.003, wd=0.01",5,layer4_lr0.001_hd128_wd0.0_cosine,"lr0.001,wd0.0",-1.1919735097604793,0.003614670731954288
[8],12,"lr=0.003, wd=0.01",5,layer4_lr0.001_hd128_wd0.01_cosine,"lr0.001,wd0.01",-1.1987167477583833,7.806018231476322e-05
[8],12,"lr=0.003, wd=0.01",5,layer4_lr0.003_hd128_wd0.0_cosine,"lr0.003,wd0.0",-1.0693513930193106,0.003645366164839955
[8],12,"lr=0.003, wd=0.01",5,layer4_lr0.003_hd128_wd0.01_cosine,"lr0.003,wd0.01",-1.637984946539583,0.0016238169631187607
[8],12,"lr=0.003, wd=0.01",10,layer4_lr1e-05_hd128_wd0.0_cosine,"lr1e-05,wd0.0",-1.4789344016671657,0.00023857373733888811
[8],12,"lr=0.003, wd=0.01",10,layer4_lr1e-05_hd128_wd0.01_cosine,"lr1e-05,wd0.01",-1.5705617539203567,0.00011093007720788456
[8],12,"lr=0.003, wd=0.01",10,layer4_lr3e-05_hd128_wd0.0_cosine,"lr3e-05,wd0.0",-1.4950830138819158,0.00016437755127859978
[8],12,"lr=0.003, wd=0.01",10,layer4_lr3e-05_hd128_wd0.01_cosine,"lr3e-05,wd0.01",-1.537799805012322,8.979438885916981e-07
[8],12,"lr=0.003, wd=0.01",10,layer4_lr0.0001_hd128_wd0.0_cosine,"lr0.0001,wd0.0",-1.5269875887471303,0.0005072816352024917
[8],12,"lr=0.003, wd=0.01",10,layer4_lr0.0001_hd128_wd0.01_cosine,"lr0.0001,wd0.01",-1.7950344866658727,7.9712975093173e-08
[8],12,"lr=0.003, wd=0.01",10,layer4_lr0.0003_hd128_wd0.0_cosine,"lr0.0003,wd0.0",-1.352182429645497,0.0031054757698388605
[8],12,"lr=0.003, wd=0.01",10,layer4_lr0.0003_hd128_wd0.01_cosine,"lr0.0003,wd0.01",-1.8466362977500623,4.811386651158324e-08
[8],12,"lr=0.003, wd=0.01",10,layer4_lr0.001_hd128_wd0.0_cosine,"lr0.001,wd0.0",-1.3996483353195481,0.0032249138343369765
[8],12,"lr=0.003, wd=0.01",10,layer4_lr0.001_hd128_wd0.01_cosine,"lr0.001,wd0.01",-1.571167705564804,8.489254635718417e-05
[8],12,"lr=0.003, wd=0.01",10,layer4_lr0.003_hd128_wd0.0_cosine,"lr0.003,wd0.0",-1.5572784760343912,0.0015340190268508973
[8],12,"lr=0.003, wd=0.01",10,layer4_lr0.003_hd128_wd0.01_cosine,"lr0.003,wd0.01",-1.4222648327967797,0.00025031608208242576
[8],12,"lr=0.003, wd=0.01",20,layer4_lr1e-05_hd128_wd0.0_cosine,"lr1e-05,wd0.0",-1.6173078527345346,1.642143565329116e-05
[8],12,"lr=0.003, wd=0.01",20,layer4_lr1e-05_hd128_wd0.01_cosine,"lr1e-05,wd0.01",-1.6868519283415508,7.627030286055356e-05
[8],12,"lr=0.003, wd=0.01",20,layer4_lr3e-05_hd128_wd0.0_cosine,"lr3e-05,wd0.0",-1.6199362870147909,7.304995469094592e-05
[8],12,"lr=0.003, wd=0.01",20,layer4_lr3e-05_hd128_wd0.01_cosine,"lr3e-05,wd0.01",-1.9578601253930779,1.1620144697929081e-07
[8],12,"lr=0.003, wd=0.01",20,layer4_lr0.0001_hd128_wd0.0_cosine,"lr0.0001,wd0.0",-1.6253362324724414,0.0011051953076700502
[8],12,"lr=0.003, wd=0.01",20,layer4_lr0.0001_hd128_wd0.01_cosine,"lr0.0001,wd0.01",-1.9325541127048584,2.0254417845799247e-05
[8],12,"lr=0.003, wd=0.01",20,layer4_lr0.0003_hd128_wd0.0_cosine,"lr0.0003,wd0.0",-1.5547157163862741,0.0024903277318392755
[8],12,"lr=0.003, wd=0.01",20,layer4_lr0.0003_hd128_wd0.01_cosine,"lr0.0003,wd0.01",-1.7882114194119252,4.1536803255068326e-06
[8],12,"lr=0.003, wd=0.01",20,layer4_lr0.001_hd128_wd0.0_cosine,"lr0.001,wd0.0",-1.5378908392459996,0.0026416204888710854
[8],12,"lr=0.003, wd=0.01",20,layer4_lr0.001_hd128_wd0.01_cosine,"lr0.001,wd0.01",-1.5963675359188572,1.1623296521637377e-05
[8],12,"lr=0.003, wd=0.01",20,layer4_lr0.003_hd128_wd0.0_cosine,"lr0.003,wd0.0",-1.6551380001994118,0.0016816129409819116
[8],12,"lr=0.003, wd=0.01",20,layer4_lr0.003_hd128_wd0.01_cosine,"lr0.003,wd0.01",-1.8464243388808983,0.0008846114197350514
[8],12,"lr=0.003, wd=0.01",50,layer4_lr1e-05_hd128_wd0.0_cosine,"lr1e-05,wd0.0",-2.4836191557939147,7.277597693280607e-06
[8],12,"lr=0.003, wd=0.01",50,layer4_lr1e-05_hd128_wd0.01_cosine,"lr1e-05,wd0.01",-2.555210234728026,2.323351126414851e-06
[8],12,"lr=0.003, wd=0.01",50,layer4_lr3e-05_hd128_wd0.0_cosine,"lr3e-05,wd0.0",-2.4488260763601026,3.319124499559604e-05
[8],12,"lr=0.003, wd=0.01",50,layer4_lr3e-05_hd128_wd0.01_cosine,"lr3e-05,wd0.01",-2.60759284155589,1.1029156739537064e-05
[8],12,"lr=0.003, wd=0.01",50,layer4_lr0.0001_hd128_wd0.0_cosine,"lr0.0001,wd0.0",-2.1712632431969547,0.00015385950947327848
[8],12,"lr=0.003, wd=0.01",50,layer4_lr0.0001_hd128_wd0.01_cosine,"lr0.0001,wd0.01",-3.7342510280924985,8.040791663799531e-07
[8],12,"lr=0.003, wd=0.01",50,layer4_lr0.0003_hd128_wd0.0_cosine,"lr0.0003,wd0.0",-1.9539249223710773,5.734999796477384e-05
[8],12,"lr=0.003, wd=0.01",50,layer4_lr0.0003_hd128_wd0.01_cosine,"lr0.0003,wd0.01",-3.6711404659499562,2.5846463996327355e-07
[8],12,"lr=0.003, wd=0.01",50,layer4_lr0.001_hd128_wd0.0_cosine,"lr0.001,wd0.0",-1.8260576044498802,0.00033309419106113906
[8],12,"lr=0.003, wd=0.01",50,layer4_lr0.001_hd128_wd0.01_cosine,"lr0.001,wd0.01",-2.702660351128577,0.00022817388383247498
[8],12,"lr=0.003, wd=0.01",50,layer4_lr0.003_hd128_wd0.0_cosine,"lr0.003,wd0.0",-2.335131995258147,0.00048095602466351764
[8],12,"lr=0.003, wd=0.01",50,layer4_lr0.003_hd128_wd0.01_cosine,"lr0.003,wd0.01",-2.215826082033019,0.0006659500438700457
[8],12,"lr=0.003, wd=0.01",90,layer4_lr1e-05_hd128_wd0.0_cosine,"lr1e-05,wd0.0",-4.00423102249726,4.690648268483832e-06
[8],12,"lr=0.003, wd=0.01",90,layer4_lr1e-05_hd128_wd0.01_cosine,"lr1e-05,wd0.01",-4.1368978724319145,1.0006869054278511e-07
[8],12,"lr=0.003, wd=0.01",90,layer4_lr3e-05_hd128_wd0.0_cosine,"lr3e-05,wd0.0",-3.9839975586743877,6.262700471277426e-06
[8],12,"lr=0.003, wd=0.01",90,layer4_lr3e-05_hd128_wd0.01_cosine,"lr3e-05,wd0.01",-4.0997156000774,1.3821238691335798e-06
[8],12,"lr=0.003, wd=0.01",90,layer4_lr0.0001_hd128_wd0.0_cosine,"lr0.0001,wd0.0",-2.3811503512744316,4.802634610771287e-07
[8],12,"lr=0.003, wd=0.01",90,layer4_lr0.0001_hd128_wd0.01_cosine,"lr0.0001,wd0.01",-4.120638724399845,2.5932304294967376e-06
[8],12,"lr=0.003, wd=0.01",90,layer4_lr0.0003_hd128_wd0.0_cosine,"lr0.0003,wd0.0",-2.4644057877170495,3.918300141624273e-06
[8],12,"lr=0.003, wd=0.01",90,layer4_lr0.0003_hd128_wd0.01_cosine,"lr0.0003,wd0.01",-4.149870410004115,1.0107989693047147e-06
[8],12,"lr=0.003, wd=0.01",90,layer4_lr0.001_hd128_wd0.0_cosine,"lr0.001,wd0.0",-2.521960077908463,9.086591995124304e-05
[8],12,"lr=0.003, wd=0.01",90,layer4_lr0.001_hd128_wd0.01_cosine,"lr0.001,wd0.01",-3.730071725190212,1.663316212475301e-06
[8],12,"lr=0.003, wd=0.01",90,layer4_lr0.003_hd128_wd0.0_cosine,"lr0.003,wd0.0",-2.364990451592366,3.444675039650216e-05
[8],12,"lr=0.003, wd=0.01",90,layer4_lr0.003_hd128_wd0.01_cosine,"lr0.003,wd0.01",-3.3640430101323044,2.0775862886312235e-05
[16],1,"lr=1e-05, wd=0.0",0,layer4_lr1e-05_hd128_wd0.0_cosine,"lr1e-05,wd0.0",-1.1014522910205071,0.006434856786191412
[16],1,"lr=1e-05, wd=0.0",0,layer4_lr1e-05_hd128_wd0.01_cosine,"lr1e-05,wd0.01",-1.2700156135713205,0.004062301383621926
[16],1,"lr=1e-05, wd=0.0",0,layer4_lr3e-05_hd128_wd0.0_cosine,"lr3e-05,wd0.0",-0.8625091555211243,0.009751916083544775
[16],1,"lr=1e-05, wd=0.0",0,layer4_lr3e-05_hd128_wd0.01_cosine,"lr3e-05,wd0.01",-1.150492192465764,0.005805345134029061
[16],1,"lr=1e-05, wd=0.0",0,layer4_lr0.0001_hd128_wd0.0_cosine,"lr0.0001,wd0.0",-1.0090014834489438,0.007727556682050537
[16],1,"lr=1e-05, wd=0.0",0,layer4_lr0.0001_hd128_wd0.01_cosine,"lr0.0001,wd0.01",-1.046372030028643,0.007200104274619712
[16],1,"lr=1e-05, wd=0.0",0,layer4_lr0.0003_hd128_wd0.0_cosine,"lr0.0003,wd0.0",-1.2410450826878334,0.004367752625425428
[16],1,"lr=1e-05, wd=0.0",0,layer4_lr0.0003_hd128_wd0.01_cosine,"lr0.0003,wd0.01",-1.0294171578124223,0.0074633414788855155
[16],1,"lr=1e-05, wd=0.0",0,layer4_lr0.001_hd128_wd0.0_cosine,"lr0.001,wd0.0",-1.2665038922051435,0.003246158278457843
[16],1,"lr=1e-05, wd=0.0",0,layer4_lr0.001_hd128_wd0.01_cosine,"lr0.001,wd0.01",-1.0587181270634423,0.00689748763715793
[16],1,"lr=1e-05, wd=0.0",0,layer4_lr0.003_hd128_wd0.0_cosine,"lr0.003,wd0.0",-1.1833999654764207,0.003531728664078456
[16],1,"lr=1e-05, wd=0.0",0,layer4_lr0.003_hd128_wd0.01_cosine,"lr0.003,wd0.01",-1.0755548442523328,0.005890652993273921
[16],1,"lr=1e-05, wd=0.0",5,layer4_lr1e-05_hd128_wd0.0_cosine,"lr1e-05,wd0.0",-1.2741633162576693,0.001178206143145231
[16],1,"lr=1e-05, wd=0.0",5,layer4_lr1e-05_hd128_wd0.01_cosine,"lr1e-05,wd0.01",-1.2910784492775007,0.0003199361205141648
[16],1,"lr=1e-05, wd=0.0",5,layer4_lr3e-05_hd128_wd0.0_cosine,"lr3e-05,wd0.0",-1.3143581061768708,0.00018203915878734522
[16],1,"lr=1e-05, wd=0.0",5,layer4_lr3e-05_hd128_wd0.01_cosine,"lr3e-05,wd0.01",-1.4149878619563467,5.337696817948312e-05
[16],1,"lr=1e-05, wd=0.0",5,layer4_lr0.0001_hd128_wd0.0_cosine,"lr0.0001,wd0.0",-1.2199158093122984,0.0005146339443533398
[16],1,"lr=1e-05, wd=0.0",5,layer4_lr0.0001_hd128_wd0.01_cosine,"lr0.0001,wd0.01",-1.3301123447792869,1.0105767708036862e-06
[16],1,"lr=1e-05, wd=0.0",5,layer4_lr0.0003_hd128_wd0.0_cosine,"lr0.0003,wd0.0",-1.0681738780573062,0.003687819160643114
[16],1,"lr=1e-05, wd=0.0",5,layer4_lr0.0003_hd128_wd0.01_cosine,"lr0.0003,wd0.01",-1.2786706098395497,4.668729664325455e-06
[16],1,"lr=1e-05, wd=0.0",5,layer4_lr0.001_hd128_wd0.0_cosine,"lr0.001,wd0.0",-0.9529894688846113,0.005578682720549452
[16],1,"lr=1e-05, wd=0.0",5,layer4_lr0.001_hd128_wd0.01_cosine,"lr0.001,wd0.01",-0.9795545136318958,0.0004430852218217314
[16],1,"lr=1e-05, wd=0.0",5,layer4_lr0.003_hd128_wd0.0_cosine,"lr0.003,wd0.0",-0.8370979737254094,0.006508848509463786
[16],1,"lr=1e-05, wd=0.0",5,layer4_lr0.003_hd128_wd0.01_cosine,"lr0.003,wd0.01",-1.4875023889961116,0.0014108408486778556
[16],1,"lr=1e-05, wd=0.0",10,layer4_lr1e-05_hd128_wd0.0_cosine,"lr1e-05,wd0.0",-1.7036282181617939,0.000569560432704423
[16],1,"lr=1e-05, wd=0.0",10,layer4_lr1e-05_hd128_wd0.01_cosine,"lr1e-05,wd0.01",-1.8079614258416283,0.00042550232236964706
[16],1,"lr=1e-05, wd=0.0",10,layer4_lr3e-05_hd128_wd0.0_cosine,"lr3e-05,wd0.0",-1.6499089593112197,8.961727496988725e-05
[16],1,"lr=1e-05, wd=0.0",10,layer4_lr3e-05_hd128_wd0.01_cosine,"lr3e-05,wd0.01",-1.7393203048420542,4.722974632647991e-06
[16],1,"lr=1e-05, wd=0.0",10,layer4_lr0.0001_hd128_wd0.0_cosine,"lr0.0001,wd0.0",-1.3570418900846444,0.001205204608567683
[16],1,"lr=1e-05, wd=0.0",10,layer4_lr0.0001_hd128_wd0.01_cosine,"lr0.0001,wd0.01",-1.5179250783538483,7.727193640857312e-05
[16],1,"lr=1e-05, wd=0.0",10,layer4_lr0.0003_hd128_wd0.0_cosine,"lr0.0003,wd0.0",-1.1252299358470463,0.0047376321850875905
[16],1,"lr=1e-05, wd=0.0",10,layer4_lr0.0003_hd128_wd0.01_cosine,"lr0.0003,wd0.01",-1.3641849881527217,8.385771400362452e-05
[16],1,"lr=1e-05, wd=0.0",10,layer4_lr0.001_hd128_wd0.0_cosine,"lr0.001,wd0.0",-1.170326453414607,0.004317816854079481
[16],1,"lr=1e-05, wd=0.0",10,layer4_lr0.001_hd128_wd0.01_cosine,"lr0.001,wd0.01",-1.3536813502793694,2.7251462445395366e-05
[16],1,"lr=1e-05, wd=0.0",10,layer4_lr0.003_hd128_wd0.0_cosine,"lr0.003,wd0.0",-1.2901631636209272,0.0019372813458651177
[16],1,"lr=1e-05, wd=0.0",10,layer4_lr0.003_hd128_wd0.01_cosine,"lr0.003,wd0.01",-1.2027035659162466,5.692016608622294e-05
[16],1,"lr=1e-05, wd=0.0",20,layer4_lr1e-05_hd128_wd0.0_cosine,"lr1e-05,wd0.0",-1.5038768802433673,4.439425363418434e-05
[16],1,"lr=1e-05, wd=0.0",20,layer4_lr1e-05_hd128_wd0.01_cosine,"lr1e-05,wd0.01",-1.5364691292667871,0.00012160443371242583
[16],1,"lr=1e-05, wd=0.0",20,layer4_lr3e-05_hd128_wd0.0_cosine,"lr3e-05,wd0.0",-1.6968272999969436,1.5934868512867975e-05
[16],1,"lr=1e-05, wd=0.0",20,layer4_lr3e-05_hd128_wd0.01_cosine,"lr3e-05,wd0.01",-1.9562719545829819,1.1248923397718237e-06
[16],1,"lr=1e-05, wd=0.0",20,layer4_lr0.0001_hd128_wd0.0_cosine,"lr0.0001,wd0.0",-1.4809535664480546,0.0014478012160407813
[16],1,"lr=1e-05, wd=0.0",20,layer4_lr0.0001_hd128_wd0.01_cosine,"lr0.0001,wd0.01",-1.6283420278946366,9.277434754363516e-05
[16],1,"lr=1e-05, wd=0.0",20,layer4_lr0.0003_hd128_wd0.0_cosine,"lr0.0003,wd0.0",-1.412595105356565,0.003010505289888729
[16],1,"lr=1e-05, wd=0.0",20,layer4_lr0.0003_hd128_wd0.01_cosine,"lr0.0003,wd0.01",-1.359591873054561,8.168109208846427e-05
[16],1,"lr=1e-05, wd=0.0",20,layer4_lr0.001_hd128_wd0.0_cosine,"lr0.001,wd0.0",-1.4346283317515591,0.002945261878448767
[16],1,"lr=1e-05, wd=0.0",20,layer4_lr0.001_hd128_wd0.01_cosine,"lr0.001,wd0.01",-1.3286837725446383,3.80674940703294e-05
[16],1,"lr=1e-05, wd=0.0",20,layer4_lr0.003_hd128_wd0.0_cosine,"lr0.003,wd0.0",-1.4004046566400659,0.0018851154163926828
[16],1,"lr=1e-05, wd=0.0",20,layer4_lr0.003_hd128_wd0.01_cosine,"lr0.003,wd0.01",-1.4744808849341915,0.0008247102738955786
[16],1,"lr=1e-05, wd=0.0",50,layer4_lr1e-05_hd128_wd0.0_cosine,"lr1e-05,wd0.0",-2.2138840943970672,1.744841300940915e-06
[16],1,"lr=1e-05, wd=0.0",50,layer4_lr1e-05_hd128_wd0.01_cosine,"lr1e-05,wd0.01",-2.2539269000274476,1.4283694819036962e-07
[16],1,"lr=1e-05, wd=0.0",50,layer4_lr3e-05_hd128_wd0.0_cosine,"lr3e-05,wd0.0",-2.182221784876358,2.5943368455357024e-05
[16],1,"lr=1e-05, wd=0.0",50,layer4_lr3e-05_hd128_wd0.01_cosine,"lr3e-05,wd0.01",-2.3928508460551083,7.209897729408005e-06
[16],1,"lr=1e-05, wd=0.0",50,layer4_lr0.0001_hd128_wd0.0_cosine,"lr0.0001,wd0.0",-2.010682919640927,0.00017519099347493904
[16],1,"lr=1e-05, wd=0.0",50,layer4_lr0.0001_hd128_wd0.01_cosine,"lr0.0001,wd0.01",-3.435176612110505,1.1967620178234002e-06
[16],1,"lr=1e-05, wd=0.0",50,layer4_lr0.0003_hd128_wd0.0_cosine,"lr0.0003,wd0.0",-1.8351547139803963,0.00032786763647800227
[16],1,"lr=1e-05, wd=0.0",50,layer4_lr0.0003_hd128_wd0.01_cosine,"lr0.0003,wd0.01",-2.3081532454734512,6.952817047935015e-07
[16],1,"lr=1e-05, wd=0.0",50,layer4_lr0.001_hd128_wd0.0_cosine,"lr0.001,wd0.0",-1.7296419391249889,0.00015324234845492195
[16],1,"lr=1e-05, wd=0.0",50,layer4_lr0.001_hd128_wd0.01_cosine,"lr0.001,wd0.01",-2.0865952658940174,0.00022344210527441765
[16],1,"lr=1e-05, wd=0.0",50,layer4_lr0.003_hd128_wd0.0_cosine,"lr0.003,wd0.0",-2.2411841859612136,0.0005082338035425556
[16],1,"lr=1e-05, wd=0.0",50,layer4_lr0.003_hd128_wd0.01_cosine,"lr0.003,wd0.01",-1.9993817182309703,0.000669363734438104
[16],1,"lr=1e-05, wd=0.0",90,layer4_lr1e-05_hd128_wd0.0_cosine,"lr1e-05,wd0.0",-3.8719401230914055,6.6251323959699546e-06
[16],1,"lr=1e-05, wd=0.0",90,layer4_lr1e-05_hd128_wd0.01_cosine,"lr1e-05,wd0.01",-4.031117013910802,9.62804794977889e-07
[16],1,"lr=1e-05, wd=0.0",90,layer4_lr3e-05_hd128_wd0.0_cosine,"lr3e-05,wd0.0",-3.9416150609272256,5.0056363031445335e-06
[16],1,"lr=1e-05, wd=0.0",90,layer4_lr3e-05_hd128_wd0.01_cosine,"lr3e-05,wd0.01",-4.085494491121939,1.0962940652341103e-06
[16],1,"lr=1e-05, wd=0.0",90,layer4_lr0.0001_hd128_wd0.0_cosine,"lr0.0001,wd0.0",-2.4346407890040114,4.226236463240471e-06
[16],1,"lr=1e-05, wd=0.0",90,layer4_lr0.0001_hd128_wd0.01_cosine,"lr0.0001,wd0.01",-4.097946029188893,3.8373636071908294e-06
[16],1,"lr=1e-05, wd=0.0",90,layer4_lr0.0003_hd128_wd0.0_cosine,"lr0.0003,wd0.0",-2.4749192007021055,1.692010358685637e-05
[16],1,"lr=1e-05, wd=0.0",90,layer4_lr0.0003_hd128_wd0.01_cosine,"lr0.0003,wd0.01",-4.119655779565741,1.265791660330211e-08
[16],1,"lr=1e-05, wd=0.0",90,layer4_lr0.001_hd128_wd0.0_cosine,"lr0.001,wd0.0",-2.472686772086439,0.00012121267585599051
[16],1,"lr=1e-05, wd=0.0",90,layer4_lr0.001_hd128_wd0.01_cosine,"lr0.001,wd0.01",-3.4977137365016393,7.566489254319933e-06
[16],1,"lr=1e-05, wd=0.0",90,layer4_lr0.003_hd128_wd0.0_cosine,"lr0.003,wd0.0",-2.402584710679089,9.178384973409977e-05
[16],1,"lr=1e-05, wd=0.0",90,layer4_lr0.003_hd128_wd0.01_cosine,"lr0.003,wd0.01",-3.1132215519506894,7.179853899029543e-06
[16],2,"lr=1e-05, wd=0.01",0,layer4_lr1e-05_hd128_wd0.0_cosine,"lr1e-05,wd0.0",-0.9881867497782013,0.0080431046706921
[16],2,"lr=1e-05, wd=0.01",0,layer4_lr1e-05_hd128_wd0.01_cosine,"lr1e-05,wd0.01",-1.1412011646849658,0.005372078037877495
[16],2,"lr=1e-05, wd=0.01",0,layer4_lr3e-05_hd128_wd0.0_cosine,"lr3e-05,wd0.0",-0.7873522373388141,0.011676975257446142
[16],2,"lr=1e-05, wd=0.01",0,layer4_lr3e-05_hd128_wd0.01_cosine,"lr3e-05,wd0.01",-1.0327399425435746,0.007336652786851354
[16],2,"lr=1e-05, wd=0.01",0,layer4_lr0.0001_hd128_wd0.0_cosine,"lr0.0001,wd0.0",-0.915213460614181,0.009378593030442136
[16],2,"lr=1e-05, wd=0.01",0,layer4_lr0.0001_hd128_wd0.01_cosine,"lr0.0001,wd0.01",-0.9454357490228316,0.008831829057072818
[16],2,"lr=1e-05, wd=0.01",0,layer4_lr0.0003_hd128_wd0.0_cosine,"lr0.0003,wd0.0",-1.1161915053939604,0.00554926351365839
[16],2,"lr=1e-05, wd=0.01",0,layer4_lr0.0003_hd128_wd0.01_cosine,"lr0.0003,wd0.01",-0.9353466786822484,0.00901735495787168
[16],2,"lr=1e-05, wd=0.01",0,layer4_lr0.001_hd128_wd0.0_cosine,"lr0.001,wd0.0",-1.1406349957608222,0.004167215889985207
[16],2,"lr=1e-05, wd=0.01",0,layer4_lr0.001_hd128_wd0.01_cosine,"lr0.001,wd0.01",-0.9633469062990083,0.008236778372279275
[16],2,"lr=1e-05, wd=0.01",0,layer4_lr0.003_hd128_wd0.0_cosine,"lr0.003,wd0.0",-1.0704806969341114,0.004373970813010732
[16],2,"lr=1e-05, wd=0.01",0,layer4_lr0.003_hd128_wd0.01_cosine,"lr0.003,wd0.01",-0.9782659172744705,0.006980657995678786
[16],2,"lr=1e-05, wd=0.01",5,layer4_lr1e-05_hd128_wd0.0_cosine,"lr1e-05,wd0.0",-1.3428537296642327,0.0015611508409584072
[16],2,"lr=1e-05, wd=0.01",5,layer4_lr1e-05_hd128_wd0.01_cosine,"lr1e-05,wd0.01",-1.3011747418852004,0.00048065216612793707
[16],2,"lr=1e-05, wd=0.01",5,layer4_lr3e-05_hd128_wd0.0_cosine,"lr3e-05,wd0.0",-1.277011564189317,0.00017992946427588705
[16],2,"lr=1e-05, wd=0.01",5,layer4_lr3e-05_hd128_wd0.01_cosine,"lr3e-05,wd0.01",-1.3843136244792653,6.243266715650815e-05
[16],2,"lr=1e-05, wd=0.01",5,layer4_lr0.0001_hd128_wd0.0_cosine,"lr0.0001,wd0.0",-1.1970667734438363,0.0005404960213278903
[16],2,"lr=1e-05, wd=0.01",5,layer4_lr0.0001_hd128_wd0.01_cosine,"lr0.0001,wd0.01",-1.314733153096395,6.296409367101558e-07
[16],2,"lr=1e-05, wd=0.01",5,layer4_lr0.0003_hd128_wd0.0_cosine,"lr0.0003,wd0.0",-1.0552437680441995,0.003742991781534092
[16],2,"lr=1e-05, wd=0.01",5,layer4_lr0.0003_hd128_wd0.01_cosine,"lr0.0003,wd0.01",-1.2773648590727054,1.5115019744719998e-06
[16],2,"lr=1e-05, wd=0.01",5,layer4_lr0.001_hd128_wd0.0_cosine,"lr0.001,wd0.0",-0.951973834398994,0.005517238475361924
[16],2,"lr=1e-05, wd=0.01",5,layer4_lr0.001_hd128_wd0.01_cosine,"lr0.001,wd0.01",-0.9771785600857091,0.00033214573588522
[16],2,"lr=1e-05, wd=0.01",5,layer4_lr0.003_hd128_wd0.0_cosine,"lr0.003,wd0.0",-0.8295160108351121,0.006570285128993396
[16],2,"lr=1e-05, wd=0.01",5,layer4_lr0.003_hd128_wd0.01_cosine,"lr0.003,wd0.01",-1.5562360958366912,0.0014561965455239553
[16],2,"lr=1e-05, wd=0.01",10,layer4_lr1e-05_hd128_wd0.0_cosine,"lr1e-05,wd0.0",-1.6903967289489135,0.0005817603567188454
[16],2,"lr=1e-05, wd=0.01",10,layer4_lr1e-05_hd128_wd0.01_cosine,"lr1e-05,wd0.01",-1.8093007058650843,0.00045878969089964416
[16],2,"lr=1e-05, wd=0.01",10,layer4_lr3e-05_hd128_wd0.0_cosine,"lr3e-05,wd0.0",-1.6074526637612274,7.449386737580393e-05
[16],2,"lr=1e-05, wd=0.01",10,layer4_lr3e-05_hd128_wd0.01_cosine,"lr3e-05,wd0.01",-1.702229656043337,5.281731150467749e-06
[16],2,"lr=1e-05, wd=0.01",10,layer4_lr0.0001_hd128_wd0.0_cosine,"lr0.0001,wd0.0",-1.3377083089722324,0.0012941746370699217
[16],2,"lr=1e-05, wd=0.01",10,layer4_lr0.0001_hd128_wd0.01_cosine,"lr0.0001,wd0.01",-1.5048548612056474,7.973070833898494e-05
[16],2,"lr=1e-05, wd=0.01",10,layer4_lr0.0003_hd128_wd0.0_cosine,"lr0.0003,wd0.0",-1.1190012399362288,0.004822349118396286
[16],2,"lr=1e-05, wd=0.01",10,layer4_lr0.0003_hd128_wd0.01_cosine,"lr0.0003,wd0.01",-1.367426703405056,7.730152354886314e-05
[16],2,"lr=1e-05, wd=0.01",10,layer4_lr0.001_hd128_wd0.0_cosine,"lr0.001,wd0.0",-1.1680573072100517,0.004387660244751545
[16],2,"lr=1e-05, wd=0.01",10,layer4_lr0.001_hd128_wd0.01_cosine,"lr0.001,wd0.01",-1.350836137841075,3.103711583643621e-05
[16],2,"lr=1e-05, wd=0.01",10,layer4_lr0.003_hd128_wd0.0_cosine,"lr0.003,wd0.0",-1.290126689362422,0.0019616297375034493
[16],2,"lr=1e-05, wd=0.01",10,layer4_lr0.003_hd128_wd0.01_cosine,"lr0.003,wd0.01",-1.2052192276461033,8.300245086964816e-05
[16],2,"lr=1e-05, wd=0.01",20,layer4_lr1e-05_hd128_wd0.0_cosine,"lr1e-05,wd0.0",-1.4905845154037483,3.58778938141007e-05
[16],2,"lr=1e-05, wd=0.01",20,layer4_lr1e-05_hd128_wd0.01_cosine,"lr1e-05,wd0.01",-1.5123416212986804,9.757123803069207e-05
[16],2,"lr=1e-05, wd=0.01",20,layer4_lr3e-05_hd128_wd0.0_cosine,"lr3e-05,wd0.0",-1.6668946883054692,2.702860200241378e-05
[16],2,"lr=1e-05, wd=0.01",20,layer4_lr3e-05_hd128_wd0.01_cosine,"lr3e-05,wd0.01",-1.9371525461078414,5.918097469334563e-07
[16],2,"lr=1e-05, wd=0.01",20,layer4_lr0.0001_hd128_wd0.0_cosine,"lr0.0001,wd0.0",-1.4720211784880841,0.001526592782052067
[16],2,"lr=1e-05, wd=0.01",20,layer4_lr0.0001_hd128_wd0.01_cosine,"lr0.0001,wd0.01",-1.6197264626796735,0.00010143148170067217
[16],2,"lr=1e-05, wd=0.01",20,layer4_lr0.0003_hd128_wd0.0_cosine,"lr0.0003,wd0.0",-1.4092850468802292,0.003059721444543778
[16],2,"lr=1e-05, wd=0.01",20,layer4_lr0.0003_hd128_wd0.01_cosine,"lr0.0003,wd0.01",-1.3665621233970942,8.322847360795038e-05
[16],2,"lr=1e-05, wd=0.01",20,layer4_lr0.001_hd128_wd0.0_cosine,"lr0.001,wd0.0",-1.429064660791723,0.0029965601829035344
[16],2,"lr=1e-05, wd=0.01",20,layer4_lr0.001_hd128_wd0.01_cosine,"lr0.001,wd0.01",-1.3385890686802067,3.3802788264651346e-05
[16],2,"lr=1e-05, wd=0.01",20,layer4_lr0.003_hd128_wd0.0_cosine,"lr0.003,wd0.0",-1.3996591344228724,0.0019095879650638298
[16],2,"lr=1e-05, wd=0.01",20,layer4_lr0.003_hd128_wd0.01_cosine,"lr0.003,wd0.01",-1.4789732717614743,0.000850980453598589
[16],2,"lr=1e-05, wd=0.01",50,layer4_lr1e-05_hd128_wd0.0_cosine,"lr1e-05,wd0.0",-2.2095250841832006,3.0029830161580154e-06
[16],2,"lr=1e-05, wd=0.01",50,layer4_lr1e-05_hd128_wd0.01_cosine,"lr1e-05,wd0.01",-2.2366229588924327,3.573166433588547e-07
[16],2,"lr=1e-05, wd=0.01",50,layer4_lr3e-05_hd128_wd0.0_cosine,"lr3e-05,wd0.0",-2.187797179334787,2.8657606256735176e-05
[16],2,"lr=1e-05, wd=0.01",50,layer4_lr3e-05_hd128_wd0.01_cosine,"lr3e-05,wd0.01",-2.377454965862296,7.586149005182236e-06
[16],2,"lr=1e-05, wd=0.01",50,layer4_lr0.0001_hd128_wd0.0_cosine,"lr0.0001,wd0.0",-2.0253258117456605,0.00017894806353720098
[16],2,"lr=1e-05, wd=0.01",50,layer4_lr0.0001_hd128_wd0.01_cosine,"lr0.0001,wd0.01",-3.372471937324621,1.2299172858344107e-06
[16],2,"lr=1e-05, wd=0.01",50,layer4_lr0.0003_hd128_wd0.0_cosine,"lr0.0003,wd0.0",-1.8421677022769187,0.0003252180116185844
[16],2,"lr=1e-05, wd=0.01",50,layer4_lr0.0003_hd128_wd0.01_cosine,"lr0.0003,wd0.01",-2.2836152528043736,4.959331860514151e-07
[16],2,"lr=1e-05, wd=0.01",50,layer4_lr0.001_hd128_wd0.0_cosine,"lr0.001,wd0.0",-1.7351619719825369,0.00014570359772667898
[16],2,"lr=1e-05, wd=0.01",50,layer4_lr0.001_hd128_wd0.01_cosine,"lr0.001,wd0.01",-2.075835565319299,0.00023063846847318697
[16],2,"lr=1e-05, wd=0.01",50,layer4_lr0.003_hd128_wd0.0_cosine,"lr0.003,wd0.0",-2.2448077896108245,0.0005019846337875013
[16],2,"lr=1e-05, wd=0.01",50,layer4_lr0.003_hd128_wd0.01_cosine,"lr0.003,wd0.01",-1.993265302388744,0.0006800457005172258
[16],2,"lr=1e-05, wd=0.01",90,layer4_lr1e-05_hd128_wd0.0_cosine,"lr1e-05,wd0.0",-3.874328225785823,8.222476702896838e-06
[16],2,"lr=1e-05, wd=0.01",90,layer4_lr1e-05_hd128_wd0.01_cosine,"lr1e-05,wd0.01",-4.029493575605022,1.1794849167608353e-06
[16],2,"lr=1e-05, wd=0.01",90,layer4_lr3e-05_hd128_wd0.0_cosine,"lr3e-05,wd0.0",-3.943805696827607,5.456355081570115e-06
[16],2,"lr=1e-05, wd=0.01",90,layer4_lr3e-05_hd128_wd0.01_cosine,"lr3e-05,wd0.01",-4.086039594104808,1.0994792080891254e-06
[16],2,"lr=1e-05, wd=0.01",90,layer4_lr0.0001_hd128_wd0.0_cosine,"lr0.0001,wd0.0",-2.4282595972359893,3.92226443417569e-06
[16],2,"lr=1e-05, wd=0.01",90,layer4_lr0.0001_hd128_wd0.01_cosine,"lr0.0001,wd0.01",-4.10178787840206,3.4965239623420533e-06
[16],2,"lr=1e-05, wd=0.01",90,layer4_lr0.0003_hd128_wd0.0_cosine,"lr0.0003,wd0.0",-2.4673890413256925,1.4572381539104878e-05
[16],2,"lr=1e-05, wd=0.01",90,layer4_lr0.0003_hd128_wd0.01_cosine,"lr0.0003,wd0.01",-4.115592268053163,3.109719978884133e-08
[16],2,"lr=1e-05, wd=0.01",90,layer4_lr0.001_hd128_wd0.0_cosine,"lr0.001,wd0.0",-2.468570427271106,0.00011429974357421877
[16],2,"lr=1e-05, wd=0.01",90,layer4_lr0.001_hd128_wd0.01_cosine,"lr0.001,wd0.01",-3.4784290545195926,7.018358731146286e-06
[16],2,"lr=1e-05, wd=0.01",90,layer4_lr0.003_hd128_wd0.0_cosine,"lr0.003,wd0.0",-2.4038955745890664,8.77335093534237e-05
[16],2,"lr=1e-05, wd=0.01",90,layer4_lr0.003_hd128_wd0.01_cosine,"lr0.003,wd0.01",-3.095381240168763,7.403083276444787e-06
[16],3,"lr=3e-05, wd=0.0",0,layer4_lr1e-05_hd128_wd0.0_cosine,"lr1e-05,wd0.0",-1.1246011577959765,0.002429990873026612
[16],3,"lr=3e-05, wd=0.0",0,layer4_lr1e-05_hd128_wd0.01_cosine,"lr1e-05,wd0.01",-1.1665056974221046,0.0011001866301659647
[16],3,"lr=3e-05, wd=0.0",0,layer4_lr3e-05_hd128_wd0.0_cosine,"lr3e-05,wd0.0",-1.0568728045411508,0.004607028408644624
[16],3,"lr=3e-05, wd=0.0",0,layer4_lr3e-05_hd128_wd0.01_cosine,"lr3e-05,wd0.01",-1.1473341383450526,0.002099349700678897
[16],3,"lr=3e-05, wd=0.0",0,layer4_lr0.0001_hd128_wd0.0_cosine,"lr0.0001,wd0.0",-1.1121166848797104,0.003264450644904443
[16],3,"lr=3e-05, wd=0.0",0,layer4_lr0.0001_hd128_wd0.01_cosine,"lr0.0001,wd0.01",-1.1296683913845416,0.0029794942944308977
[16],3,"lr=3e-05, wd=0.0",0,layer4_lr0.0003_hd128_wd0.0_cosine,"lr0.0003,wd0.0",-1.191435847464558,0.0012695714597487568
[16],3,"lr=3e-05, wd=0.0",0,layer4_lr0.0003_hd128_wd0.01_cosine,"lr0.0003,wd0.01",-1.1324585109734966,0.0031676302468137117
[16],3,"lr=3e-05, wd=0.0",0,layer4_lr0.001_hd128_wd0.0_cosine,"lr0.001,wd0.0",-1.2028163083046914,0.0007276726745119899
[16],3,"lr=3e-05, wd=0.0",0,layer4_lr0.001_hd128_wd0.01_cosine,"lr0.001,wd0.01",-1.1410514824033255,0.0028302247639762253
[16],3,"lr=3e-05, wd=0.0",0,layer4_lr0.003_hd128_wd0.0_cosine,"lr0.003,wd0.0",-1.167078797132027,0.0008862024262163855
[16],3,"lr=3e-05, wd=0.0",0,layer4_lr0.003_hd128_wd0.01_cosine,"lr0.003,wd0.01",-1.135175666788866,0.002216114692043102
[16],3,"lr=3e-05, wd=0.0",5,layer4_lr1e-05_hd128_wd0.0_cosine,"lr1e-05,wd0.0",-1.6944442248568363,0.0006631653486528744
[16],3,"lr=3e-05, wd=0.0",5,layer4_lr1e-05_hd128_wd0.01_cosine,"lr1e-05,wd0.01",-1.8273535972491963,0.00013951106736006781
[16],3,"lr=3e-05, wd=0.0",5,layer4_lr3e-05_hd128_wd0.0_cosine,"lr3e-05,wd0.0",-1.5030003499509057,0.00012572594597108177
[16],3,"lr=3e-05, wd=0.0",5,layer4_lr3e-05_hd128_wd0.01_cosine,"lr3e-05,wd0.01",-1.6268088169532784,1.7124747616067385e-05
[16],3,"lr=3e-05, wd=0.0",5,layer4_lr0.0001_hd128_wd0.0_cosine,"lr0.0001,wd0.0",-1.3550911224203355,0.00037976100438248
[16],3,"lr=3e-05, wd=0.0",5,layer4_lr0.0001_hd128_wd0.01_cosine,"lr0.0001,wd0.01",-1.4640240516962832,1.3028365024814794e-07
[16],3,"lr=3e-05, wd=0.0",5,layer4_lr0.0003_hd128_wd0.0_cosine,"lr0.0003,wd0.0",-1.1454371393346592,0.0033254538446000578
[16],3,"lr=3e-05, wd=0.0",5,layer4_lr0.0003_hd128_wd0.01_cosine,"lr0.0003,wd0.01",-1.312102127736831,1.618486421071963e-05
[16],3,"lr=3e-05, wd=0.0",5,layer4_lr0.001_hd128_wd0.0_cosine,"lr0.001,wd0.0",-0.970265689543429,0.005679825795553891
[16],3,"lr=3e-05, wd=0.0",5,layer4_lr0.001_hd128_wd0.01_cosine,"lr0.001,wd0.01",-0.9800071677176814,0.0011309157119281414
[16],3,"lr=3e-05, wd=0.0",5,layer4_lr0.003_hd128_wd0.0_cosine,"lr0.003,wd0.0",-0.8732692055211135,0.006212071748907773
[16],3,"lr=3e-05, wd=0.0",5,layer4_lr0.003_hd128_wd0.01_cosine,"lr0.003,wd0.01",-1.2660323566456042,0.0009515693525293583
[16],3,"lr=3e-05, wd=0.0",10,layer4_lr1e-05_hd128_wd0.0_cosine,"lr1e-05,wd0.0",-1.6989401519024572,0.0003110276223635267
[16],3,"lr=3e-05, wd=0.0",10,layer4_lr1e-05_hd128_wd0.01_cosine,"lr1e-05,wd0.01",-1.866689896469588,0.00017935928189401743
[16],3,"lr=3e-05, wd=0.0",10,layer4_lr3e-05_hd128_wd0.0_cosine,"lr3e-05,wd0.0",-1.8274572201927164,4.4472072907604186e-05
[16],3,"lr=3e-05, wd=0.0",10,layer4_lr3e-05_hd128_wd0.01_cosine,"lr3e-05,wd0.01",-1.8748346539319352,3.3290073298530245e-05
[16],3,"lr=3e-05, wd=0.0",10,layer4_lr0.0001_hd128_wd0.0_cosine,"lr0.0001,wd0.0",-1.4864635791969298,0.0009339393374052601
[16],3,"lr=3e-05, wd=0.0",10,layer4_lr0.0001_hd128_wd0.01_cosine,"lr0.0001,wd0.01",-1.6155674168211394,7.53744514079721e-05
[16],3,"lr=3e-05, wd=0.0",10,layer4_lr0.0003_hd128_wd0.0_cosine,"lr0.0003,wd0.0",-1.217596467033071,0.003997272560814363
[16],3,"lr=3e-05, wd=0.0",10,layer4_lr0.0003_hd128_wd0.01_cosine,"lr0.0003,wd0.01",-1.3837213547588798,9.612731404578564e-05
[16],3,"lr=3e-05, wd=0.0",10,layer4_lr0.001_hd128_wd0.0_cosine,"lr0.001,wd0.0",-1.201728181428275,0.0040851899387597205
[16],3,"lr=3e-05, wd=0.0",10,layer4_lr0.001_hd128_wd0.01_cosine,"lr0.001,wd0.01",-1.4075874398597645,2.1781041119954684e-06
[16],3,"lr=3e-05, wd=0.0",10,layer4_lr0.003_hd128_wd0.0_cosine,"lr0.003,wd0.0",-1.2711568052132665,0.0021463243947609676
[16],3,"lr=3e-05, wd=0.0",10,layer4_lr0.003_hd128_wd0.01_cosine,"lr0.003,wd0.01",-1.1416409673464734,5.066279112679896e-05
[16],3,"lr=3e-05, wd=0.0",20,layer4_lr1e-05_hd128_wd0.0_cosine,"lr1e-05,wd0.0",-1.8985789635901307,4.597302067111712e-06
[16],3,"lr=3e-05, wd=0.0",20,layer4_lr1e-05_hd128_wd0.01_cosine,"lr1e-05,wd0.01",-1.9975504461378757,8.468289000070637e-06
[16],3,"lr=3e-05, wd=0.0",20,layer4_lr3e-05_hd128_wd0.0_cosine,"lr3e-05,wd0.0",-1.886039695285275,5.058696547277389e-05
[16],3,"lr=3e-05, wd=0.0",20,layer4_lr3e-05_hd128_wd0.01_cosine,"lr3e-05,wd0.01",-2.15359416054873,4.60353082149085e-06
[16],3,"lr=3e-05, wd=0.0",20,layer4_lr0.0001_hd128_wd0.0_cosine,"lr0.0001,wd0.0",-1.69400568568636,0.001210868544835942
[16],3,"lr=3e-05, wd=0.0",20,layer4_lr0.0001_hd128_wd0.01_cosine,"lr0.0001,wd0.01",-1.8813726302527323,8.5674965700915e-05
[16],3,"lr=3e-05, wd=0.0",20,layer4_lr0.0003_hd128_wd0.0_cosine,"lr0.0003,wd0.0",-1.482357782489104,0.002928181294194341
[16],3,"lr=3e-05, wd=0.0",20,layer4_lr0.0003_hd128_wd0.01_cosine,"lr0.0003,wd0.01",-1.4180856514337215,7.80864392289281e-05
[16],3,"lr=3e-05, wd=0.0",20,layer4_lr0.001_hd128_wd0.0_cosine,"lr0.001,wd0.0",-1.4561693630164925,0.0030709878188613757
[16],3,"lr=3e-05, wd=0.0",20,layer4_lr0.001_hd128_wd0.01_cosine,"lr0.001,wd0.01",-1.352818028644847,5.839198950257486e-05
[16],3,"lr=3e-05, wd=0.0",20,layer4_lr0.003_hd128_wd0.0_cosine,"lr0.003,wd0.0",-1.432170347410878,0.002084340687850372
[16],3,"lr=3e-05, wd=0.0",20,layer4_lr0.003_hd128_wd0.01_cosine,"lr0.003,wd0.01",-1.5412427791584724,0.0005562700203487517
[16],3,"lr=3e-05, wd=0.0",50,layer4_lr1e-05_hd128_wd0.0_cosine,"lr1e-05,wd0.0",-2.7810574185205796,4.485366197504307e-06
[16],3,"lr=3e-05, wd=0.0",50,layer4_lr1e-05_hd128_wd0.01_cosine,"lr1e-05,wd0.01",-2.80866602000514,2.708618654592226e-06
[16],3,"lr=3e-05, wd=0.0",50,layer4_lr3e-05_hd128_wd0.0_cosine,"lr3e-05,wd0.0",-2.3819943508043653,2.3286128050696555e-05
[16],3,"lr=3e-05, wd=0.0",50,layer4_lr3e-05_hd128_wd0.01_cosine,"lr3e-05,wd0.01",-3.5536658123054448,9.288658939602484e-06
[16],3,"lr=3e-05, wd=0.0",50,layer4_lr0.0001_hd128_wd0.0_cosine,"lr0.0001,wd0.0",-2.120974515553346,0.00019133549280580056
[16],3,"lr=3e-05, wd=0.0",50,layer4_lr0.0001_hd128_wd0.01_cosine,"lr0.0001,wd0.01",-3.8465831821799816,1.3361631027340572e-06
[16],3,"lr=3e-05, wd=0.0",50,layer4_lr0.0003_hd128_wd0.0_cosine,"lr0.0003,wd0.0",-1.787427750343519,0.0003364973934161898
[16],3,"lr=3e-05, wd=0.0",50,layer4_lr0.0003_hd128_wd0.01_cosine,"lr0.0003,wd0.01",-3.5909693650200194,5.031368985492815e-07
[16],3,"lr=3e-05, wd=0.0",50,layer4_lr0.001_hd128_wd0.0_cosine,"lr0.001,wd0.0",-1.7067090997010967,0.00022265340888159304
[16],3,"lr=3e-05, wd=0.0",50,layer4_lr0.001_hd128_wd0.01_cosine,"lr0.001,wd0.01",-2.286533054495291,0.00019834928236388296
[16],3,"lr=3e-05, wd=0.0",50,layer4_lr0.003_hd128_wd0.0_cosine,"lr0.003,wd0.0",-2.2800423261410465,0.0005564465568546492
[16],3,"lr=3e-05, wd=0.0",50,layer4_lr0.003_hd128_wd0.01_cosine,"lr0.003,wd0.01",-2.122730157677136,0.0006429800261364166
[16],3,"lr=3e-05, wd=0.0",90,layer4_lr1e-05_hd128_wd0.0_cosine,"lr1e-05,wd0.0",-3.9858705875724803,8.13231095628799e-06
[16],3,"lr=3e-05, wd=0.0",90,layer4_lr1e-05_hd128_wd0.01_cosine,"lr1e-05,wd0.01",-4.127617699918089,1.5614158878754017e-06
[16],3,"lr=3e-05, wd=0.0",90,layer4_lr3e-05_hd128_wd0.0_cosine,"lr3e-05,wd0.0",-3.9790436294749423,4.788409673274284e-06
[16],3,"lr=3e-05, wd=0.0",90,layer4_lr3e-05_hd128_wd0.01_cosine,"lr3e-05,wd0.01",-4.099163342951428,1.4933814184352035e-06
[16],3,"lr=3e-05, wd=0.0",90,layer4_lr0.0001_hd128_wd0.0_cosine,"lr0.0001,wd0.0",-2.4300759175791535,4.498340273359562e-06
[16],3,"lr=3e-05, wd=0.0",90,layer4_lr0.0001_hd128_wd0.01_cosine,"lr0.0001,wd0.01",-4.126887172425045,2.498793706829968e-06
[16],3,"lr=3e-05, wd=0.0",90,layer4_lr0.0003_hd128_wd0.0_cosine,"lr0.0003,wd0.0",-2.504752798506614,2.653344603819821e-05
[16],3,"lr=3e-05, wd=0.0",90,layer4_lr0.0003_hd128_wd0.01_cosine,"lr0.0003,wd0.01",-4.148020412963662,8.653158130783205e-07
[16],3,"lr=3e-05, wd=0.0",90,layer4_lr0.001_hd128_wd0.0_cosine,"lr0.001,wd0.0",-2.4834955167856574,0.0001377624961636244
[16],3,"lr=3e-05, wd=0.0",90,layer4_lr0.001_hd128_wd0.01_cosine,"lr0.001,wd0.01",-3.8262915226306284,3.976355380383233e-08
[16],3,"lr=3e-05, wd=0.0",90,layer4_lr0.003_hd128_wd0.0_cosine,"lr0.003,wd0.0",-2.3934581376347834,0.00010410950131962874
[16],3,"lr=3e-05, wd=0.0",90,layer4_lr0.003_hd128_wd0.01_cosine,"lr0.003,wd0.01",-3.370452114220834,4.1288940150843144e-05
[16],4,"lr=3e-05, wd=0.01",0,layer4_lr1e-05_hd128_wd0.0_cosine,"lr1e-05,wd0.0",-1.0048876349750269,0.0038697185621447265
[16],4,"lr=3e-05, wd=0.01",0,layer4_lr1e-05_hd128_wd0.01_cosine,"lr1e-05,wd0.01",-1.0566559244159133,0.002109327967823796
[16],4,"lr=3e-05, wd=0.01",0,layer4_lr3e-05_hd128_wd0.0_cosine,"lr3e-05,wd0.0",-0.9314957693032482,0.006538119635384347
[16],4,"lr=3e-05, wd=0.01",0,layer4_lr3e-05_hd128_wd0.01_cosine,"lr3e-05,wd0.01",-1.0257965723353186,0.003436859422974038
[16],4,"lr=3e-05, wd=0.01",0,layer4_lr0.0001_hd128_wd0.0_cosine,"lr0.0001,wd0.0",-0.9829773606300958,0.0049074971480757784
[16],4,"lr=3e-05, wd=0.01",0,layer4_lr0.0001_hd128_wd0.01_cosine,"lr0.0001,wd0.01",-0.996236412184441,0.004536966291107505
[16],4,"lr=3e-05, wd=0.01",0,layer4_lr0.0003_hd128_wd0.0_cosine,"lr0.0003,wd0.0",-1.059569276543064,0.0023386454645877544
[16],4,"lr=3e-05, wd=0.01",0,layer4_lr0.0003_hd128_wd0.01_cosine,"lr0.0003,wd0.01",-0.9900852547676658,0.004752477383488534
[16],4,"lr=3e-05, wd=0.01",0,layer4_lr0.001_hd128_wd0.0_cosine,"lr0.001,wd0.0",-1.0690748043297964,0.0015420122926585805
[16],4,"lr=3e-05, wd=0.01",0,layer4_lr0.001_hd128_wd0.01_cosine,"lr0.001,wd0.01",-0.993156578261666,0.004290650888810176
[16],4,"lr=3e-05, wd=0.01",0,layer4_lr0.003_hd128_wd0.0_cosine,"lr0.003,wd0.0",-1.0341615478782216,0.0017188543618857927
[16],4,"lr=3e-05, wd=0.01",0,layer4_lr0.003_hd128_wd0.01_cosine,"lr0.003,wd0.01",-0.9905957843376216,0.003458159688591741
[16],4,"lr=3e-05, wd=0.01",5,layer4_lr1e-05_hd128_wd0.0_cosine,"lr1e-05,wd0.0",-1.6030750599858226,0.0009546915454191647
[16],4,"lr=3e-05, wd=0.01",5,layer4_lr1e-05_hd128_wd0.01_cosine,"lr1e-05,wd0.01",-1.7117999948544211,0.0002887210804550198
[16],4,"lr=3e-05, wd=0.01",5,layer4_lr3e-05_hd128_wd0.0_cosine,"lr3e-05,wd0.0",-1.4222397805460922,0.00012117904571249833
[16],4,"lr=3e-05, wd=0.01",5,layer4_lr3e-05_hd128_wd0.01_cosine,"lr3e-05,wd0.01",-1.549239571781248,1.5540674099207833e-05
[16],4,"lr=3e-05, wd=0.01",5,layer4_lr0.0001_hd128_wd0.0_cosine,"lr0.0001,wd0.0",-1.2828269791022389,0.00047190769158776143
[16],4,"lr=3e-05, wd=0.01",5,layer4_lr0.0001_hd128_wd0.01_cosine,"lr0.0001,wd0.01",-1.3977775324680495,2.344196318287282e-06
[16],4,"lr=3e-05, wd=0.01",5,layer4_lr0.0003_hd128_wd0.0_cosine,"lr0.0003,wd0.0",-1.099500411788036,0.0034939022745455314
[16],4,"lr=3e-05, wd=0.01",5,layer4_lr0.0003_hd128_wd0.01_cosine,"lr0.0003,wd0.01",-1.2732797191349479,1.5381241404236174e-05
[16],4,"lr=3e-05, wd=0.01",5,layer4_lr0.001_hd128_wd0.0_cosine,"lr0.001,wd0.0",-0.9505514345120079,0.0055889847296538165
[16],4,"lr=3e-05, wd=0.01",5,layer4_lr0.001_hd128_wd0.01_cosine,"lr0.001,wd0.01",-0.9693202923170323,0.0008521207411454725
[16],4,"lr=3e-05, wd=0.01",5,layer4_lr0.003_hd128_wd0.0_cosine,"lr0.003,wd0.0",-0.8542171271190971,0.006103285147327763
[16],4,"lr=3e-05, wd=0.01",5,layer4_lr0.003_hd128_wd0.01_cosine,"lr0.003,wd0.01",-1.2829090822649822,0.001060767213658641
[16],4,"lr=3e-05, wd=0.01",10,layer4_lr1e-05_hd128_wd0.0_cosine,"lr1e-05,wd0.0",-1.6624942683778778,0.0003815746608359317
[16],4,"lr=3e-05, wd=0.01",10,layer4_lr1e-05_hd128_wd0.01_cosine,"lr1e-05,wd0.01",-1.79920061782517,0.00021920271575347883
[16],4,"lr=3e-05, wd=0.01",10,layer4_lr3e-05_hd128_wd0.0_cosine,"lr3e-05,wd0.0",-1.7041256826592204,2.8929614911576268e-05
[16],4,"lr=3e-05, wd=0.01",10,layer4_lr3e-05_hd128_wd0.01_cosine,"lr3e-05,wd0.01",-1.7566806093407692,4.9961733480232414e-05
[16],4,"lr=3e-05, wd=0.01",10,layer4_lr0.0001_hd128_wd0.0_cosine,"lr0.0001,wd0.0",-1.4184692731955888,0.0011124556118757714
[16],4,"lr=3e-05, wd=0.01",10,layer4_lr0.0001_hd128_wd0.01_cosine,"lr0.0001,wd0.01",-1.5376637117214438,9.886603248366274e-05
[16],4,"lr=3e-05, wd=0.01",10,layer4_lr0.0003_hd128_wd0.0_cosine,"lr0.0003,wd0.0",-1.1761106762865379,0.004308347719048491
[16],4,"lr=3e-05, wd=0.01",10,layer4_lr0.0003_hd128_wd0.01_cosine,"lr0.0003,wd0.01",-1.3519766791234293,0.00010064868754702195
[16],4,"lr=3e-05, wd=0.01",10,layer4_lr0.001_hd128_wd0.0_cosine,"lr0.001,wd0.0",-1.1697501604946878,0.004286638242515204
[16],4,"lr=3e-05, wd=0.01",10,layer4_lr0.001_hd128_wd0.01_cosine,"lr0.001,wd0.01",-1.3709376608292334,2.6034689508984372e-06
[16],4,"lr=3e-05, wd=0.01",10,layer4_lr0.003_hd128_wd0.0_cosine,"lr0.003,wd0.0",-1.240623273873598,0.0022226645363262426
[16],4,"lr=3e-05, wd=0.01",10,layer4_lr0.003_hd128_wd0.01_cosine,"lr0.003,wd0.01",-1.1283433526448918,1.7676179633470372e-05
[16],4,"lr=3e-05, wd=0.01",20,layer4_lr1e-05_hd128_wd0.0_cosine,"lr1e-05,wd0.0",-1.7939658278350876,1.259413271299579e-07
[16],4,"lr=3e-05, wd=0.01",20,layer4_lr1e-05_hd128_wd0.01_cosine,"lr1e-05,wd0.01",-1.8850302821553158,2.0877200841945522e-05
[16],4,"lr=3e-05, wd=0.01",20,layer4_lr3e-05_hd128_wd0.0_cosine,"lr3e-05,wd0.0",-1.8150545712758024,6.520525428051399e-05
[16],4,"lr=3e-05, wd=0.01",20,layer4_lr3e-05_hd128_wd0.01_cosine,"lr3e-05,wd0.01",-2.121543348086806,8.228799231859249e-06
[16],4,"lr=3e-05, wd=0.01",20,layer4_lr0.0001_hd128_wd0.0_cosine,"lr0.0001,wd0.0",-1.632559018897075,0.0013305162079725696
[16],4,"lr=3e-05, wd=0.01",20,layer4_lr0.0001_hd128_wd0.01_cosine,"lr0.0001,wd0.01",-1.8195905551604727,0.00010660741195026502
[16],4,"lr=3e-05, wd=0.01",20,layer4_lr0.0003_hd128_wd0.0_cosine,"lr0.0003,wd0.0",-1.4594065371366622,0.0030408619914142204
[16],4,"lr=3e-05, wd=0.01",20,layer4_lr0.0003_hd128_wd0.01_cosine,"lr0.0003,wd0.01",-1.4093898291735618,8.697719159694174e-05
[16],4,"lr=3e-05, wd=0.01",20,layer4_lr0.001_hd128_wd0.0_cosine,"lr0.001,wd0.0",-1.4403014550678581,0.003152252318999075
[16],4,"lr=3e-05, wd=0.01",20,layer4_lr0.001_hd128_wd0.01_cosine,"lr0.001,wd0.01",-1.3442420014223049,5.662200171966996e-05
[16],4,"lr=3e-05, wd=0.01",20,layer4_lr0.003_hd128_wd0.0_cosine,"lr0.003,wd0.0",-1.4078635381315658,0.0021407527684100132
[16],4,"lr=3e-05, wd=0.01",20,layer4_lr0.003_hd128_wd0.01_cosine,"lr0.003,wd0.01",-1.519059421761567,0.0005554170281909959
[16],4,"lr=3e-05, wd=0.01",50,layer4_lr1e-05_hd128_wd0.0_cosine,"lr1e-05,wd0.0",-2.613553177764012,6.103317840813534e-06
[16],4,"lr=3e-05, wd=0.01",50,layer4_lr1e-05_hd128_wd0.01_cosine,"lr1e-05,wd0.01",-2.6929160147977105,3.239089096647489e-06
[16],4,"lr=3e-05, wd=0.01",50,layer4_lr3e-05_hd128_wd0.0_cosine,"lr3e-05,wd0.0",-2.374504724712632,2.197206062614535e-05
[16],4,"lr=3e-05, wd=0.01",50,layer4_lr3e-05_hd128_wd0.01_cosine,"lr3e-05,wd0.01",-3.601045088620478,8.156122427665593e-06
[16],4,"lr=3e-05, wd=0.01",50,layer4_lr0.0001_hd128_wd0.0_cosine,"lr0.0001,wd0.0",-2.121715625047716,0.0001795409775486034
[16],4,"lr=3e-05, wd=0.01",50,layer4_lr0.0001_hd128_wd0.01_cosine,"lr0.0001,wd0.01",-3.877933121163042,9.698315912445417e-07
[16],4,"lr=3e-05, wd=0.01",50,layer4_lr0.0003_hd128_wd0.0_cosine,"lr0.0003,wd0.0",-1.7869376193913606,0.0003063651880312934
[16],4,"lr=3e-05, wd=0.01",50,layer4_lr0.0003_hd128_wd0.01_cosine,"lr0.0003,wd0.01",-3.6308061751266476,2.5457037772659156e-07
[16],4,"lr=3e-05, wd=0.01",50,layer4_lr0.001_hd128_wd0.0_cosine,"lr0.001,wd0.0",-1.7108972572195689,0.00018306857600549036
[16],4,"lr=3e-05, wd=0.01",50,layer4_lr0.001_hd128_wd0.01_cosine,"lr0.001,wd0.01",-2.271970277996336,0.00020775600289220015
[16],4,"lr=3e-05, wd=0.01",50,layer4_lr0.003_hd128_wd0.0_cosine,"lr0.003,wd0.0",-2.2900040612090296,0.000538225732671668
[16],4,"lr=3e-05, wd=0.01",50,layer4_lr0.003_hd128_wd0.01_cosine,"lr0.003,wd0.01",-2.10418229085649,0.0006649214137261501
[16],4,"lr=3e-05, wd=0.01",90,layer4_lr1e-05_hd128_wd0.0_cosine,"lr1e-05,wd0.0",-3.992508538453803,6.643862657645633e-06
[16],4,"lr=3e-05, wd=0.01",90,layer4_lr1e-05_hd128_wd0.01_cosine,"lr1e-05,wd0.01",-4.12320088441573,9.55274927949066e-07
[16],4,"lr=3e-05, wd=0.01",90,layer4_lr3e-05_hd128_wd0.0_cosine,"lr3e-05,wd0.0",-3.975389392580371,3.831860799153668e-06
[16],4,"lr=3e-05, wd=0.01",90,layer4_lr3e-05_hd128_wd0.01_cosine,"lr3e-05,wd0.01",-4.108591848003317,9.321355381535013e-07
[16],4,"lr=3e-05, wd=0.01",90,layer4_lr0.0001_hd128_wd0.0_cosine,"lr0.0001,wd0.0",-2.4132082899223355,2.9733815504266674e-06
[16],4,"lr=3e-05, wd=0.01",90,layer4_lr0.0001_hd128_wd0.01_cosine,"lr0.0001,wd0.01",-4.138277241123885,1.8187948703226764e-06
[16],4,"lr=3e-05, wd=0.01",90,layer4_lr0.0003_hd128_wd0.0_cosine,"lr0.0003,wd0.0",-2.4979526507382834,2.435447745098385e-05
[16],4,"lr=3e-05, wd=0.01",90,layer4_lr0.0003_hd128_wd0.01_cosine,"lr0.0003,wd0.01",-4.143868518131974,1.4045160319697313e-06
[16],4,"lr=3e-05, wd=0.01",90,layer4_lr0.001_hd128_wd0.0_cosine,"lr0.001,wd0.0",-2.4751754578591263,0.00013141302927632522
[16],4,"lr=3e-05, wd=0.01",90,layer4_lr0.001_hd128_wd0.01_cosine,"lr0.001,wd0.01",-3.8429801512015076,1.4560991649464239e-08
[16],4,"lr=3e-05, wd=0.01",90,layer4_lr0.003_hd128_wd0.0_cosine,"lr0.003,wd0.0",-2.395927146243125,9.937761700944486e-05
[16],4,"lr=3e-05, wd=0.01",90,layer4_lr0.003_hd128_wd0.01_cosine,"lr0.003,wd0.01",-3.3693058038188464,4.6322639293506284e-05
[16],5,"lr=1e-04, wd=0.0",0,layer4_lr1e-05_hd128_wd0.0_cosine,"lr1e-05,wd0.0",-0.9588515657655251,0.0008838921592274341
[16],5,"lr=1e-04, wd=0.0",0,layer4_lr1e-05_hd128_wd0.01_cosine,"lr1e-05,wd0.01",-0.9662537062545501,0.00018058349323743955
[16],5,"lr=1e-04, wd=0.0",0,layer4_lr3e-05_hd128_wd0.0_cosine,"lr3e-05,wd0.0",-0.9403601095222189,0.0023852270413458935
[16],5,"lr=1e-04, wd=0.0",0,layer4_lr3e-05_hd128_wd0.01_cosine,"lr3e-05,wd0.01",-0.9721774355915447,0.0007078616790042378
[16],5,"lr=1e-04, wd=0.0",0,layer4_lr0.0001_hd128_wd0.0_cosine,"lr0.0001,wd0.0",-0.9688870211227956,0.0014648696430805178
[16],5,"lr=1e-04, wd=0.0",0,layer4_lr0.0001_hd128_wd0.01_cosine,"lr0.0001,wd0.01",-0.9701813938994077,0.0012757231176635227
[16],5,"lr=1e-04, wd=0.0",0,layer4_lr0.0003_hd128_wd0.0_cosine,"lr0.0003,wd0.0",-0.996564230674174,0.00027934309518796215
[16],5,"lr=1e-04, wd=0.0",0,layer4_lr0.0003_hd128_wd0.01_cosine,"lr0.0003,wd0.01",-0.971580493832187,0.0014102704210035893
[16],5,"lr=1e-04, wd=0.0",0,layer4_lr0.001_hd128_wd0.0_cosine,"lr0.001,wd0.0",-0.9978037783339607,6.480746106316263e-05
[16],5,"lr=1e-04, wd=0.0",0,layer4_lr0.001_hd128_wd0.01_cosine,"lr0.001,wd0.01",-0.9772504867448222,0.0011925667391131758
[16],5,"lr=1e-04, wd=0.0",0,layer4_lr0.003_hd128_wd0.0_cosine,"lr0.003,wd0.0",-0.9865008301816482,0.00011876334793845413
[16],5,"lr=1e-04, wd=0.0",0,layer4_lr0.003_hd128_wd0.01_cosine,"lr0.003,wd0.01",-0.9779116648326497,0.0008101519363274574
[16],5,"lr=1e-04, wd=0.0",5,layer4_lr1e-05_hd128_wd0.0_cosine,"lr1e-05,wd0.0",-2.301481831552462,0.00038620454074130765
[16],5,"lr=1e-04, wd=0.0",5,layer4_lr1e-05_hd128_wd0.01_cosine,"lr1e-05,wd0.01",-2.536835303412792,3.723417456179252e-05
[16],5,"lr=1e-04, wd=0.0",5,layer4_lr3e-05_hd128_wd0.0_cosine,"lr3e-05,wd0.0",-1.8647225101038865,0.0006022320348763501
[16],5,"lr=1e-04, wd=0.0",5,layer4_lr3e-05_hd128_wd0.01_cosine,"lr3e-05,wd0.01",-2.1452467621648332,0.000165606682382909
[16],5,"lr=1e-04, wd=0.0",5,layer4_lr0.0001_hd128_wd0.0_cosine,"lr0.0001,wd0.0",-1.6089391753183555,4.161114483308266e-05
[16],5,"lr=1e-04, wd=0.0",5,layer4_lr0.0001_hd128_wd0.01_cosine,"lr0.0001,wd0.01",-1.8216773951147518,0.00010744798992532165
[16],5,"lr=1e-04, wd=0.0",5,layer4_lr0.0003_hd128_wd0.0_cosine,"lr0.0003,wd0.0",-1.3702492099504688,0.001923646250230289
[16],5,"lr=1e-04, wd=0.0",5,layer4_lr0.0003_hd128_wd0.01_cosine,"lr0.0003,wd0.01",-1.575110018291026,3.237793281307339e-05
[16],5,"lr=1e-04, wd=0.0",5,layer4_lr0.001_hd128_wd0.0_cosine,"lr0.001,wd0.0",-1.1400586121628795,0.0035993279166984323
[16],5,"lr=1e-04, wd=0.0",5,layer4_lr0.001_hd128_wd0.01_cosine,"lr0.001,wd0.01",-1.1704877162382745,0.00016969530354088295
[16],5,"lr=1e-04, wd=0.0",5,layer4_lr0.003_hd128_wd0.0_cosine,"lr0.003,wd0.0",-1.0289919494255102,0.003549003855497004
[16],5,"lr=1e-04, wd=0.0",5,layer4_lr0.003_hd128_wd0.01_cosine,"lr0.003,wd0.01",-1.3253754263408575,0.0013071709837984124
[16],5,"lr=1e-04, wd=0.0",10,layer4_lr1e-05_hd128_wd0.0_cosine,"lr1e-05,wd0.0",-2.0449014154314247,0.0005214687709580538
[16],5,"lr=1e-04, wd=0.0",10,layer4_lr1e-05_hd128_wd0.01_cosine,"lr1e-05,wd0.01",-2.9309318664137667,0.00016269172271316608
[16],5,"lr=1e-04, wd=0.0",10,layer4_lr3e-05_hd128_wd0.0_cosine,"lr3e-05,wd0.0",-2.0152138856122073,0.0003511213389225676
[16],5,"lr=1e-04, wd=0.0",10,layer4_lr3e-05_hd128_wd0.01_cosine,"lr3e-05,wd0.01",-2.213410832326126,4.40416127595268e-05
[16],5,"lr=1e-04, wd=0.0",10,layer4_lr0.0001_hd128_wd0.0_cosine,"lr0.0001,wd0.0",-1.7810974935607895,0.00030363331902719207
[16],5,"lr=1e-04, wd=0.0",10,layer4_lr0.0001_hd128_wd0.01_cosine,"lr0.0001,wd0.01",-1.9991730723868548,2.5099549179794163e-07
[16],5,"lr=1e-04, wd=0.0",10,layer4_lr0.0003_hd128_wd0.0_cosine,"lr0.0003,wd0.0",-1.4440845218363274,0.0025375099186772687
[16],5,"lr=1e-04, wd=0.0",10,layer4_lr0.0003_hd128_wd0.01_cosine,"lr0.0003,wd0.01",-1.6627460248756858,1.391250151881723e-06
[16],5,"lr=1e-04, wd=0.0",10,layer4_lr0.001_hd128_wd0.0_cosine,"lr0.001,wd0.0",-1.457968602232818,0.002772010381336531
[16],5,"lr=1e-04, wd=0.0",10,layer4_lr0.001_hd128_wd0.01_cosine,"lr0.001,wd0.01",-1.7606359056570087,0.00015277416620058929
[16],5,"lr=1e-04, wd=0.0",10,layer4_lr0.003_hd128_wd0.0_cosine,"lr0.003,wd0.0",-1.599877145490305,0.0012389927902760162
[16],5,"lr=1e-04, wd=0.0",10,layer4_lr0.003_hd128_wd0.01_cosine,"lr0.003,wd0.01",-1.3552388844550383,0.00011236945090228413
[16],5,"lr=1e-04, wd=0.0",20,layer4_lr1e-05_hd128_wd0.0_cosine,"lr1e-05,wd0.0",-2.6197542443175057,0.00025555408425062423
[16],5,"lr=1e-04, wd=0.0",20,layer4_lr1e-05_hd128_wd0.01_cosine,"lr1e-05,wd0.01",-3.188001783889841,9.546263261477946e-05
[16],5,"lr=1e-04, wd=0.0",20,layer4_lr3e-05_hd128_wd0.0_cosine,"lr3e-05,wd0.0",-2.098795865935233,2.796795429145982e-05
[16],5,"lr=1e-04, wd=0.0",20,layer4_lr3e-05_hd128_wd0.01_cosine,"lr3e-05,wd0.01",-2.347716552460152,3.4291476950412095e-05
[16],5,"lr=1e-04, wd=0.0",20,layer4_lr0.0001_hd128_wd0.0_cosine,"lr0.0001,wd0.0",-1.825566798827795,0.0007413875115462766
[16],5,"lr=1e-04, wd=0.0",20,layer4_lr0.0001_hd128_wd0.01_cosine,"lr0.0001,wd0.01",-2.0963921790580806,6.50806598052495e-06
[16],5,"lr=1e-04, wd=0.0",20,layer4_lr0.0003_hd128_wd0.0_cosine,"lr0.0003,wd0.0",-1.5893728537351972,0.002304409843053136
[16],5,"lr=1e-04, wd=0.0",20,layer4_lr0.0003_hd128_wd0.01_cosine,"lr0.0003,wd0.01",-1.7817245641417088,2.1782712808249626e-06
[16],5,"lr=1e-04, wd=0.0",20,layer4_lr0.001_hd128_wd0.0_cosine,"lr0.001,wd0.0",-1.5663153078581529,0.002454835929080028
[16],5,"lr=1e-04, wd=0.0",20,layer4_lr0.001_hd128_wd0.01_cosine,"lr0.001,wd0.01",-1.5842219438469327,1.0617406788669247e-05
[16],5,"lr=1e-04, wd=0.0",20,layer4_lr0.003_hd128_wd0.0_cosine,"lr0.003,wd0.0",-1.6947553585070156,0.0014284907419222716
[16],5,"lr=1e-04, wd=0.0",20,layer4_lr0.003_hd128_wd0.01_cosine,"lr0.003,wd0.01",-1.8829097722670634,0.0010350792942587375
[16],5,"lr=1e-04, wd=0.0",50,layer4_lr1e-05_hd128_wd0.0_cosine,"lr1e-05,wd0.0",-3.8456178222078496,1.3143934413826785e-05
[16],5,"lr=1e-04, wd=0.0",50,layer4_lr1e-05_hd128_wd0.01_cosine,"lr1e-05,wd0.01",-4.065397340804656,5.008870029427728e-06
[16],5,"lr=1e-04, wd=0.0",50,layer4_lr3e-05_hd128_wd0.0_cosine,"lr3e-05,wd0.0",-3.2591115209386308,7.934890126646584e-06
[16],5,"lr=1e-04, wd=0.0",50,layer4_lr3e-05_hd128_wd0.01_cosine,"lr3e-05,wd0.01",-3.9284308686383484,6.648421079118189e-08
[16],5,"lr=1e-04, wd=0.0",50,layer4_lr0.0001_hd128_wd0.0_cosine,"lr0.0001,wd0.0",-2.1836160666736824,0.00017515707132083433
[16],5,"lr=1e-04, wd=0.0",50,layer4_lr0.0001_hd128_wd0.01_cosine,"lr0.0001,wd0.01",-3.9316835562700243,1.2910394370559993e-08
[16],5,"lr=1e-04, wd=0.0",50,layer4_lr0.0003_hd128_wd0.0_cosine,"lr0.0003,wd0.0",-1.8021434398183156,0.00014866110270802196
[16],5,"lr=1e-04, wd=0.0",50,layer4_lr0.0003_hd128_wd0.01_cosine,"lr0.0003,wd0.01",-3.8057656293277193,4.80864688183374e-07
[16],5,"lr=1e-04, wd=0.0",50,layer4_lr0.001_hd128_wd0.0_cosine,"lr0.001,wd0.0",-1.7252003731239587,3.0270702735717385e-05
[16],5,"lr=1e-04, wd=0.0",50,layer4_lr0.001_hd128_wd0.01_cosine,"lr0.001,wd0.01",-2.7466761662711203,0.00024084467733974008
[16],5,"lr=1e-04, wd=0.0",50,layer4_lr0.003_hd128_wd0.0_cosine,"lr0.003,wd0.0",-2.272944019499,0.0005200730313492208
[16],5,"lr=1e-04, wd=0.0",50,layer4_lr0.003_hd128_wd0.01_cosine,"lr0.003,wd0.01",-1.2417686892412614,0.0007781477461120521
[16],5,"lr=1e-04, wd=0.0",90,layer4_lr1e-05_hd128_wd0.0_cosine,"lr1e-05,wd0.0",-4.1473479311508274,8.151515444356223e-07
[16],5,"lr=1e-04, wd=0.0",90,layer4_lr1e-05_hd128_wd0.01_cosine,"lr1e-05,wd0.01",-4.209160784696368,5.060853087110929e-07
[16],5,"lr=1e-04, wd=0.0",90,layer4_lr3e-05_hd128_wd0.0_cosine,"lr3e-05,wd0.0",-4.054351235622537,3.036168158352396e-06
[16],5,"lr=1e-04, wd=0.0",90,layer4_lr3e-05_hd128_wd0.01_cosine,"lr3e-05,wd0.01",-4.154198818149979,2.2442328383320587e-07
[16],5,"lr=1e-04, wd=0.0",90,layer4_lr0.0001_hd128_wd0.0_cosine,"lr0.0001,wd0.0",-2.353536327476965,3.8676221250910776e-07
[16],5,"lr=1e-04, wd=0.0",90,layer4_lr0.0001_hd128_wd0.01_cosine,"lr0.0001,wd0.01",-4.1449122598992325,1.3306569061296576e-06
[16],5,"lr=1e-04, wd=0.0",90,layer4_lr0.0003_hd128_wd0.0_cosine,"lr0.0003,wd0.0",-2.4654521051735716,1.3092521668001801e-05
[16],5,"lr=1e-04, wd=0.0",90,layer4_lr0.0003_hd128_wd0.01_cosine,"lr0.0003,wd0.01",-4.131838082536152,2.3059976705199705e-06
[16],5,"lr=1e-04, wd=0.0",90,layer4_lr0.001_hd128_wd0.0_cosine,"lr0.001,wd0.0",-2.455972854165154,0.00011274700239197606
[16],5,"lr=1e-04, wd=0.0",90,layer4_lr0.001_hd128_wd0.01_cosine,"lr0.001,wd0.01",-3.8473119781651928,1.36648063022618e-06
[16],5,"lr=1e-04, wd=0.0",90,layer4_lr0.003_hd128_wd0.0_cosine,"lr0.003,wd0.0",-2.253474323966971,5.52151195561346e-05
[16],5,"lr=1e-04, wd=0.0",90,layer4_lr0.003_hd128_wd0.01_cosine,"lr0.003,wd0.01",-3.2432589255337203,8.714295647947867e-05
[16],6,"lr=1e-04, wd=0.01",0,layer4_lr1e-05_hd128_wd0.0_cosine,"lr1e-05,wd0.0",-0.9509029454344221,0.0014064834326288048
[16],6,"lr=1e-04, wd=0.01",0,layer4_lr1e-05_hd128_wd0.01_cosine,"lr1e-05,wd0.01",-0.9727214276909184,0.00045835061315383494
[16],6,"lr=1e-04, wd=0.01",0,layer4_lr3e-05_hd128_wd0.0_cosine,"lr3e-05,wd0.0",-0.9232568527633678,0.0031915759098404156
[16],6,"lr=1e-04, wd=0.01",0,layer4_lr3e-05_hd128_wd0.01_cosine,"lr3e-05,wd0.01",-0.9727544688566584,0.001185644602785343
[16],6,"lr=1e-04, wd=0.01",0,layer4_lr0.0001_hd128_wd0.0_cosine,"lr0.0001,wd0.0",-0.9543915813060985,0.002093935651702836
[16],6,"lr=1e-04, wd=0.01",0,layer4_lr0.0001_hd128_wd0.01_cosine,"lr0.0001,wd0.01",-0.9640712442327317,0.0018759539394431575
[16],6,"lr=1e-04, wd=0.01",0,layer4_lr0.0003_hd128_wd0.0_cosine,"lr0.0003,wd0.0",-0.9888152853311999,0.0005807995262133822
[16],6,"lr=1e-04, wd=0.01",0,layer4_lr0.0003_hd128_wd0.01_cosine,"lr0.0003,wd0.01",-0.9601802051977405,0.0020234732583656215
[16],6,"lr=1e-04, wd=0.01",0,layer4_lr0.001_hd128_wd0.0_cosine,"lr0.001,wd0.0",-0.9913029731249575,0.0002377319867995576
[16],6,"lr=1e-04, wd=0.01",0,layer4_lr0.001_hd128_wd0.01_cosine,"lr0.001,wd0.01",-0.9620322387795512,0.001758390186963853
[16],6,"lr=1e-04, wd=0.01",0,layer4_lr0.003_hd128_wd0.0_cosine,"lr0.003,wd0.0",-0.9769704681447857,0.0003333139466504975
[16],6,"lr=1e-04, wd=0.01",0,layer4_lr0.003_hd128_wd0.01_cosine,"lr0.003,wd0.01",-0.9623402455675623,0.0012884908217097992
[16],6,"lr=1e-04, wd=0.01",5,layer4_lr1e-05_hd128_wd0.0_cosine,"lr1e-05,wd0.0",-2.0904511959312186,0.0005335490787435831
[16],6,"lr=1e-04, wd=0.01",5,layer4_lr1e-05_hd128_wd0.01_cosine,"lr1e-05,wd0.01",-2.267596456317203,7.869551183682957e-05
[16],6,"lr=1e-04, wd=0.01",5,layer4_lr3e-05_hd128_wd0.0_cosine,"lr3e-05,wd0.0",-1.7529614679925234,0.0006519834288176924
[16],6,"lr=1e-04, wd=0.01",5,layer4_lr3e-05_hd128_wd0.01_cosine,"lr3e-05,wd0.01",-2.0331749255327654,0.00019970745494220308
[16],6,"lr=1e-04, wd=0.01",5,layer4_lr0.0001_hd128_wd0.0_cosine,"lr0.0001,wd0.0",-1.6245539303582281,2.6765015142456108e-05
[16],6,"lr=1e-04, wd=0.01",5,layer4_lr0.0001_hd128_wd0.01_cosine,"lr0.0001,wd0.01",-1.802978137370594,0.00011999164240705432
[16],6,"lr=1e-04, wd=0.01",5,layer4_lr0.0003_hd128_wd0.0_cosine,"lr0.0003,wd0.0",-1.3386537758956831,0.0018856627351196812
[16],6,"lr=1e-04, wd=0.01",5,layer4_lr0.0003_hd128_wd0.01_cosine,"lr0.0003,wd0.01",-1.580766519146565,4.4030923614616914e-05
[16],6,"lr=1e-04, wd=0.01",5,layer4_lr0.001_hd128_wd0.0_cosine,"lr0.001,wd0.0",-1.1367150292901342,0.0034087715832879797
[16],6,"lr=1e-04, wd=0.01",5,layer4_lr0.001_hd128_wd0.01_cosine,"lr0.001,wd0.01",-1.15464103471861,0.00013750938729789917
[16],6,"lr=1e-04, wd=0.01",5,layer4_lr0.003_hd128_wd0.0_cosine,"lr0.003,wd0.0",-1.0186687490486537,0.0033921592951340093
[16],6,"lr=1e-04, wd=0.01",5,layer4_lr0.003_hd128_wd0.01_cosine,"lr0.003,wd0.01",-1.372918352420502,0.0014138323764868275
[16],6,"lr=1e-04, wd=0.01",10,layer4_lr1e-05_hd128_wd0.0_cosine,"lr1e-05,wd0.0",-2.217282377177381,0.000632140548317694
[16],6,"lr=1e-04, wd=0.01",10,layer4_lr1e-05_hd128_wd0.01_cosine,"lr1e-05,wd0.01",-2.731489261260297,0.00024049009782016735
[16],6,"lr=1e-04, wd=0.01",10,layer4_lr3e-05_hd128_wd0.0_cosine,"lr3e-05,wd0.0",-1.9590089531756714,0.0003686006762142236
[16],6,"lr=1e-04, wd=0.01",10,layer4_lr3e-05_hd128_wd0.01_cosine,"lr3e-05,wd0.01",-2.127214695093659,5.026819455610015e-05
[16],6,"lr=1e-04, wd=0.01",10,layer4_lr0.0001_hd128_wd0.0_cosine,"lr0.0001,wd0.0",-1.7398739674440291,0.00030474253299277285
[16],6,"lr=1e-04, wd=0.01",10,layer4_lr0.0001_hd128_wd0.01_cosine,"lr0.0001,wd0.01",-1.9853904306661219,7.189739865779121e-07
[16],6,"lr=1e-04, wd=0.01",10,layer4_lr0.0003_hd128_wd0.0_cosine,"lr0.0003,wd0.0",-1.4164702500899997,0.002543852168228794
[16],6,"lr=1e-04, wd=0.01",10,layer4_lr0.0003_hd128_wd0.01_cosine,"lr0.0003,wd0.01",-1.6450431674513415,1.5181303544274812e-07
[16],6,"lr=1e-04, wd=0.01",10,layer4_lr0.001_hd128_wd0.0_cosine,"lr0.001,wd0.0",-1.4308476122571727,0.0028259107522176255
[16],6,"lr=1e-04, wd=0.01",10,layer4_lr0.001_hd128_wd0.01_cosine,"lr0.001,wd0.01",-1.6859525063870082,0.00014994656293011965
[16],6,"lr=1e-04, wd=0.01",10,layer4_lr0.003_hd128_wd0.0_cosine,"lr0.003,wd0.0",-1.5374822297077677,0.0012574715125037337
[16],6,"lr=1e-04, wd=0.01",10,layer4_lr0.003_hd128_wd0.01_cosine,"lr0.003,wd0.01",-1.3521541525921192,0.00012727736134271082
[16],6,"lr=1e-04, wd=0.01",20,layer4_lr1e-05_hd128_wd0.0_cosine,"lr1e-05,wd0.0",-2.684313664135851,0.0002464755415157217
[16],6,"lr=1e-04, wd=0.01",20,layer4_lr1e-05_hd128_wd0.01_cosine,"lr1e-05,wd0.01",-3.157715494261202,0.00010586319129497008
[16],6,"lr=1e-04, wd=0.01",20,layer4_lr3e-05_hd128_wd0.0_cosine,"lr3e-05,wd0.0",-2.0137260237664982,1.5366951044482216e-05
[16],6,"lr=1e-04, wd=0.01",20,layer4_lr3e-05_hd128_wd0.01_cosine,"lr3e-05,wd0.01",-2.278780869854192,3.2179836436076344e-05
[16],6,"lr=1e-04, wd=0.01",20,layer4_lr0.0001_hd128_wd0.0_cosine,"lr0.0001,wd0.0",-1.7918545051420953,0.0007604366876344448
[16],6,"lr=1e-04, wd=0.01",20,layer4_lr0.0001_hd128_wd0.01_cosine,"lr0.0001,wd0.01",-2.0531645111578625,7.4939317734813115e-06
[16],6,"lr=1e-04, wd=0.01",20,layer4_lr0.0003_hd128_wd0.0_cosine,"lr0.0003,wd0.0",-1.5777796113028322,0.002336400458033191
[16],6,"lr=1e-04, wd=0.01",20,layer4_lr0.0003_hd128_wd0.01_cosine,"lr0.0003,wd0.01",-1.7132664222077685,1.220710886407819e-06
[16],6,"lr=1e-04, wd=0.01",20,layer4_lr0.001_hd128_wd0.0_cosine,"lr0.001,wd0.0",-1.5560326424883595,0.002484961731267631
[16],6,"lr=1e-04, wd=0.01",20,layer4_lr0.001_hd128_wd0.01_cosine,"lr0.001,wd0.01",-1.5467387536632986,1.4054422691485161e-05
[16],6,"lr=1e-04, wd=0.01",20,layer4_lr0.003_hd128_wd0.0_cosine,"lr0.003,wd0.0",-1.6704544678578954,0.0014473202982332953
[16],6,"lr=1e-04, wd=0.01",20,layer4_lr0.003_hd128_wd0.01_cosine,"lr0.003,wd0.01",-1.8759498495131073,0.0009647889146475456
[16],6,"lr=1e-04, wd=0.01",50,layer4_lr1e-05_hd128_wd0.0_cosine,"lr1e-05,wd0.0",-3.8112160025298376,7.207381752572616e-06
[16],6,"lr=1e-04, wd=0.01",50,layer4_lr1e-05_hd128_wd0.01_cosine,"lr1e-05,wd0.01",-4.032727558926218,5.213142969428839e-06
[16],6,"lr=1e-04, wd=0.01",50,layer4_lr3e-05_hd128_wd0.0_cosine,"lr3e-05,wd0.0",-2.7267029562997864,1.1310513354562806e-05
[16],6,"lr=1e-04, wd=0.01",50,layer4_lr3e-05_hd128_wd0.01_cosine,"lr3e-05,wd0.01",-3.8376834623969325,8.04209549208627e-07
[16],6,"lr=1e-04, wd=0.01",50,layer4_lr0.0001_hd128_wd0.0_cosine,"lr0.0001,wd0.0",-2.1808747478248653,0.00017523359804167465
[16],6,"lr=1e-04, wd=0.01",50,layer4_lr0.0001_hd128_wd0.01_cosine,"lr0.0001,wd0.01",-3.909075800023768,4.7687184236314405e-08
[16],6,"lr=1e-04, wd=0.01",50,layer4_lr0.0003_hd128_wd0.0_cosine,"lr0.0003,wd0.0",-1.803965644177469,0.00014980062540902143
[16],6,"lr=1e-04, wd=0.01",50,layer4_lr0.0003_hd128_wd0.01_cosine,"lr0.0003,wd0.01",-3.743977242403313,1.5946042171523022e-07
[16],6,"lr=1e-04, wd=0.01",50,layer4_lr0.001_hd128_wd0.0_cosine,"lr0.001,wd0.0",-1.725878823363217,2.7321529255439918e-05
[16],6,"lr=1e-04, wd=0.01",50,layer4_lr0.001_hd128_wd0.01_cosine,"lr0.001,wd0.01",-2.5130308488140614,0.00023833060758504418
[16],6,"lr=1e-04, wd=0.01",50,layer4_lr0.003_hd128_wd0.0_cosine,"lr0.003,wd0.0",-2.287872917775822,0.0005226847805257367
[16],6,"lr=1e-04, wd=0.01",50,layer4_lr0.003_hd128_wd0.01_cosine,"lr0.003,wd0.01",-2.134167419444488,0.0007574364679265277
[16],6,"lr=1e-04, wd=0.01",90,layer4_lr1e-05_hd128_wd0.0_cosine,"lr1e-05,wd0.0",-4.124903931438021,1.9134382996572784e-06
[16],6,"lr=1e-04, wd=0.01",90,layer4_lr1e-05_hd128_wd0.01_cosine,"lr1e-05,wd0.01",-4.20742340992259,3.304781521380991e-07
[16],6,"lr=1e-04, wd=0.01",90,layer4_lr3e-05_hd128_wd0.0_cosine,"lr3e-05,wd0.0",-4.038237238242865,3.360653208846611e-06
[16],6,"lr=1e-04, wd=0.01",90,layer4_lr3e-05_hd128_wd0.01_cosine,"lr3e-05,wd0.01",-4.142146941525254,5.06184541416838e-07
[16],6,"lr=1e-04, wd=0.01",90,layer4_lr0.0001_hd128_wd0.0_cosine,"lr0.0001,wd0.0",-2.3517415702279107,2.41881950118746e-07
[16],6,"lr=1e-04, wd=0.01",90,layer4_lr0.0001_hd128_wd0.01_cosine,"lr0.0001,wd0.01",-4.1410638846948,1.6094413558121773e-06
[16],6,"lr=1e-04, wd=0.01",90,layer4_lr0.0003_hd128_wd0.0_cosine,"lr0.0003,wd0.0",-2.4556709992625936,1.2763559429138643e-05
[16],6,"lr=1e-04, wd=0.01",90,layer4_lr0.0003_hd128_wd0.01_cosine,"lr0.0003,wd0.01",-4.137853995137902,1.7784835244452494e-06
[16],6,"lr=1e-04, wd=0.01",90,layer4_lr0.001_hd128_wd0.0_cosine,"lr0.001,wd0.0",-2.448450032602853,0.00011148161566564539
[16],6,"lr=1e-04, wd=0.01",90,layer4_lr0.001_hd128_wd0.01_cosine,"lr0.001,wd0.01",-3.8147730580687145,1.5181535032504454e-07
[16],6,"lr=1e-04, wd=0.01",90,layer4_lr0.003_hd128_wd0.0_cosine,"lr0.003,wd0.0",-2.259833024653767,5.650656123328959e-05
[16],6,"lr=1e-04, wd=0.01",90,layer4_lr0.003_hd128_wd0.01_cosine,"lr0.003,wd0.01",-3.3202066124303835,6.263524640712265e-05
[16],7,"lr=3e-04, wd=0.0",0,layer4_lr1e-05_hd128_wd0.0_cosine,"lr1e-05,wd0.0",-0.7940144905831923,0.0004808496617987594
[16],7,"lr=3e-04, wd=0.0",0,layer4_lr1e-05_hd128_wd0.01_cosine,"lr1e-05,wd0.01",-0.7885930721255374,2.9485692137334713e-05
[16],7,"lr=3e-04, wd=0.0",0,layer4_lr3e-05_hd128_wd0.0_cosine,"lr3e-05,wd0.0",-0.8060715711651499,0.0017430269043547547
[16],7,"lr=3e-04, wd=0.0",0,layer4_lr3e-05_hd128_wd0.01_cosine,"lr3e-05,wd0.01",-0.815129296875744,0.0003709553906260792
[16],7,"lr=3e-04, wd=0.0",0,layer4_lr0.0001_hd128_wd0.0_cosine,"lr0.0001,wd0.0",-0.8465828128339461,0.00101066480231832
[16],7,"lr=3e-04, wd=0.0",0,layer4_lr0.0001_hd128_wd0.01_cosine,"lr0.0001,wd0.01",-0.8353543854686504,0.0008359198533727847
[16],7,"lr=3e-04, wd=0.0",0,layer4_lr0.0003_hd128_wd0.0_cosine,"lr0.0003,wd0.0",-0.8690822687192353,0.00010876363602455185
[16],7,"lr=3e-04, wd=0.0",0,layer4_lr0.0003_hd128_wd0.01_cosine,"lr0.0003,wd0.01",-0.8434970957423071,0.0009610660212736535
[16],7,"lr=3e-04, wd=0.0",0,layer4_lr0.001_hd128_wd0.0_cosine,"lr0.001,wd0.0",-0.8605505080442998,2.6954436738023765e-06
[16],7,"lr=3e-04, wd=0.0",0,layer4_lr0.001_hd128_wd0.01_cosine,"lr0.001,wd0.01",-0.843974400230192,0.00078701595044608
[16],7,"lr=3e-04, wd=0.0",0,layer4_lr0.003_hd128_wd0.0_cosine,"lr0.003,wd0.0",-0.8427166709444017,1.901328305378156e-05
[16],7,"lr=3e-04, wd=0.0",0,layer4_lr0.003_hd128_wd0.01_cosine,"lr0.003,wd0.01",-0.8371088182356191,0.0004819387778557179
[16],7,"lr=3e-04, wd=0.0",5,layer4_lr1e-05_hd128_wd0.0_cosine,"lr1e-05,wd0.0",-1.823545085184472,0.0010562501775527177
[16],7,"lr=3e-04, wd=0.0",5,layer4_lr1e-05_hd128_wd0.01_cosine,"lr1e-05,wd0.01",-1.9197608417340395,0.0003299209468560628
[16],7,"lr=3e-04, wd=0.0",5,layer4_lr3e-05_hd128_wd0.0_cosine,"lr3e-05,wd0.0",-1.9470248565891128,0.001177145772147622
[16],7,"lr=3e-04, wd=0.0",5,layer4_lr3e-05_hd128_wd0.01_cosine,"lr3e-05,wd0.01",-2.367225311092805,0.0003526446490872964
[16],7,"lr=3e-04, wd=0.0",5,layer4_lr0.0001_hd128_wd0.0_cosine,"lr0.0001,wd0.0",-1.9544820187566632,3.939072475142451e-05
[16],7,"lr=3e-04, wd=0.0",5,layer4_lr0.0001_hd128_wd0.01_cosine,"lr0.0001,wd0.01",-2.089141271340958,0.0003868185214442556
[16],7,"lr=3e-04, wd=0.0",5,layer4_lr0.0003_hd128_wd0.0_cosine,"lr0.0003,wd0.0",-1.6628681876045808,0.000876704887333134
[16],7,"lr=3e-04, wd=0.0",5,layer4_lr0.0003_hd128_wd0.01_cosine,"lr0.0003,wd0.01",-1.934134464039823,0.0002864489270883822
[16],7,"lr=3e-04, wd=0.0",5,layer4_lr0.001_hd128_wd0.0_cosine,"lr0.001,wd0.0",-1.4480330390334506,0.001832677598352816
[16],7,"lr=3e-04, wd=0.0",5,layer4_lr0.001_hd128_wd0.01_cosine,"lr0.001,wd0.01",-1.5781014290911062,0.00011804373964519342
[16],7,"lr=3e-04, wd=0.0",5,layer4_lr0.003_hd128_wd0.0_cosine,"lr0.003,wd0.0",-1.3207581129570776,0.0013224751846921047
[16],7,"lr=3e-04, wd=0.0",5,layer4_lr0.003_hd128_wd0.01_cosine,"lr0.003,wd0.01",-1.6067086097814993,0.0017872066803928108
[16],7,"lr=3e-04, wd=0.0",10,layer4_lr1e-05_hd128_wd0.0_cosine,"lr1e-05,wd0.0",-2.0528279257583915,0.0009474188843883885
[16],7,"lr=3e-04, wd=0.0",10,layer4_lr1e-05_hd128_wd0.01_cosine,"lr1e-05,wd0.01",-2.288196714801174,0.0004673054564332232
[16],7,"lr=3e-04, wd=0.0",10,layer4_lr3e-05_hd128_wd0.0_cosine,"lr3e-05,wd0.0",-2.1725322056453584,0.0006781643647273178
[16],7,"lr=3e-04, wd=0.0",10,layer4_lr3e-05_hd128_wd0.01_cosine,"lr3e-05,wd0.01",-2.858484367374306,0.00016753369543835947
[16],7,"lr=3e-04, wd=0.0",10,layer4_lr0.0001_hd128_wd0.0_cosine,"lr0.0001,wd0.0",-1.9255715447167474,2.0943728520255833e-05
[16],7,"lr=3e-04, wd=0.0",10,layer4_lr0.0001_hd128_wd0.01_cosine,"lr0.0001,wd0.01",-2.2121120974193897,0.00014083003304178629
[16],7,"lr=3e-04, wd=0.0",10,layer4_lr0.0003_hd128_wd0.0_cosine,"lr0.0003,wd0.0",-1.66723841413021,0.0015207074240630488
[16],7,"lr=3e-04, wd=0.0",10,layer4_lr0.0003_hd128_wd0.01_cosine,"lr0.0003,wd0.01",-2.0602267773835012,0.00011945068539962237
[16],7,"lr=3e-04, wd=0.0",10,layer4_lr0.001_hd128_wd0.0_cosine,"lr0.001,wd0.0",-1.6264807177456415,0.001873236220110107
[16],7,"lr=3e-04, wd=0.0",10,layer4_lr0.001_hd128_wd0.01_cosine,"lr0.001,wd0.01",-1.9737297733052284,0.0003996654942417435
[16],7,"lr=3e-04, wd=0.0",10,layer4_lr0.003_hd128_wd0.0_cosine,"lr0.003,wd0.0",-1.833499457744929,0.0007338744650395693
[16],7,"lr=3e-04, wd=0.0",10,layer4_lr0.003_hd128_wd0.01_cosine,"lr0.003,wd0.01",-1.9176651978600403,0.0007716428237871827
[16],7,"lr=3e-04, wd=0.0",20,layer4_lr1e-05_hd128_wd0.0_cosine,"lr1e-05,wd0.0",-2.7110053338625937,0.00020098052600417573
[16],7,"lr=3e-04, wd=0.0",20,layer4_lr1e-05_hd128_wd0.01_cosine,"lr1e-05,wd0.01",-2.929861773436593,3.3525429363579774e-05
[16],7,"lr=3e-04, wd=0.0",20,layer4_lr3e-05_hd128_wd0.0_cosine,"lr3e-05,wd0.0",-2.239622538060014,0.00015768702791515627
[16],7,"lr=3e-04, wd=0.0",20,layer4_lr3e-05_hd128_wd0.01_cosine,"lr3e-05,wd0.01",-3.1493005271777683,0.0001072822001285818
[16],7,"lr=3e-04, wd=0.0",20,layer4_lr0.0001_hd128_wd0.0_cosine,"lr0.0001,wd0.0",-1.8994228362097836,0.00032137227379864435
[16],7,"lr=3e-04, wd=0.0",20,layer4_lr0.0001_hd128_wd0.01_cosine,"lr0.0001,wd0.01",-2.28034437439198,4.222086174223017e-05
[16],7,"lr=3e-04, wd=0.0",20,layer4_lr0.0003_hd128_wd0.0_cosine,"lr0.0003,wd0.0",-1.6901088709074172,0.0017865743723066278
[16],7,"lr=3e-04, wd=0.0",20,layer4_lr0.0003_hd128_wd0.01_cosine,"lr0.0003,wd0.01",-2.1526800649714373,6.090536269996471e-05
[16],7,"lr=3e-04, wd=0.0",20,layer4_lr0.001_hd128_wd0.0_cosine,"lr0.001,wd0.0",-1.650015415126942,0.0020381736835657577
[16],7,"lr=3e-04, wd=0.0",20,layer4_lr0.001_hd128_wd0.01_cosine,"lr0.001,wd0.01",-2.1436667044777806,0.0002267337969027284
[16],7,"lr=3e-04, wd=0.0",20,layer4_lr0.003_hd128_wd0.0_cosine,"lr0.003,wd0.0",-1.821683222191841,0.0010190063334169772
[16],7,"lr=3e-04, wd=0.0",20,layer4_lr0.003_hd128_wd0.01_cosine,"lr0.003,wd0.01",-1.8885642611995608,0.0013256904183007083
[16],7,"lr=3e-04, wd=0.0",50,layer4_lr1e-05_hd128_wd0.0_cosine,"lr1e-05,wd0.0",-3.7525784893899927,4.5860267786334284e-07
[16],7,"lr=3e-04, wd=0.0",50,layer4_lr1e-05_hd128_wd0.01_cosine,"lr1e-05,wd0.01",-3.9888894302828626,9.401631472172987e-08
[16],7,"lr=3e-04, wd=0.0",50,layer4_lr3e-05_hd128_wd0.0_cosine,"lr3e-05,wd0.0",-2.952336481651735,5.550107901331997e-07
[16],7,"lr=3e-04, wd=0.0",50,layer4_lr3e-05_hd128_wd0.01_cosine,"lr3e-05,wd0.01",-3.8892875401844353,6.712140281536561e-06
[16],7,"lr=3e-04, wd=0.0",50,layer4_lr0.0001_hd128_wd0.0_cosine,"lr0.0001,wd0.0",-2.2499736815434863,0.00014351359941659487
[16],7,"lr=3e-04, wd=0.0",50,layer4_lr0.0001_hd128_wd0.01_cosine,"lr0.0001,wd0.01",-3.8464227131267252,8.494517654836866e-06
[16],7,"lr=3e-04, wd=0.0",50,layer4_lr0.0003_hd128_wd0.0_cosine,"lr0.0003,wd0.0",-1.9131057941001732,3.2978926247516466e-05
[16],7,"lr=3e-04, wd=0.0",50,layer4_lr0.0003_hd128_wd0.01_cosine,"lr0.0003,wd0.01",-3.756263100423288,1.0302453742438378e-05
[16],7,"lr=3e-04, wd=0.0",50,layer4_lr0.001_hd128_wd0.0_cosine,"lr0.001,wd0.0",-1.714939455436852,0.0006880797625202327
[16],7,"lr=3e-04, wd=0.0",50,layer4_lr0.001_hd128_wd0.01_cosine,"lr0.001,wd0.01",-1.2370107080600339,0.00032488165263503364
[16],7,"lr=3e-04, wd=0.0",50,layer4_lr0.003_hd128_wd0.0_cosine,"lr0.003,wd0.0",-2.283472754595163,0.0004669885312012699
[16],7,"lr=3e-04, wd=0.0",50,layer4_lr0.003_hd128_wd0.01_cosine,"lr0.003,wd0.01",4.021035649725128,0.0009307804807385011
[16],7,"lr=3e-04, wd=0.0",90,layer4_lr1e-05_hd128_wd0.0_cosine,"lr1e-05,wd0.0",-4.053725905635738,2.9143020804662757e-06
[16],7,"lr=3e-04, wd=0.0",90,layer4_lr1e-05_hd128_wd0.01_cosine,"lr1e-05,wd0.01",-4.179271901466965,1.6583907460462605e-07
[16],7,"lr=3e-04, wd=0.0",90,layer4_lr3e-05_hd128_wd0.0_cosine,"lr3e-05,wd0.0",-4.0852200152011315,6.386523370122049e-07
[16],7,"lr=3e-04, wd=0.0",90,layer4_lr3e-05_hd128_wd0.01_cosine,"lr3e-05,wd0.01",-4.153800131123733,8.449786482350164e-07
[16],7,"lr=3e-04, wd=0.0",90,layer4_lr0.0001_hd128_wd0.0_cosine,"lr0.0001,wd0.0",-2.3698688922667994,8.102841515908484e-09
[16],7,"lr=3e-04, wd=0.0",90,layer4_lr0.0001_hd128_wd0.01_cosine,"lr0.0001,wd0.01",-4.168830048863011,1.406524547979151e-09
[16],7,"lr=3e-04, wd=0.0",90,layer4_lr0.0003_hd128_wd0.0_cosine,"lr0.0003,wd0.0",-2.419799476644224,2.6506134827520967e-06
[16],7,"lr=3e-04, wd=0.0",90,layer4_lr0.0003_hd128_wd0.01_cosine,"lr0.0003,wd0.01",-4.08183045485216,5.6471877142630325e-06
[16],7,"lr=3e-04, wd=0.0",90,layer4_lr0.001_hd128_wd0.0_cosine,"lr0.001,wd0.0",-2.4292104699394934,8.412598462431486e-05
[16],7,"lr=3e-04, wd=0.0",90,layer4_lr0.001_hd128_wd0.01_cosine,"lr0.001,wd0.01",-3.756220888062891,1.3661032154124996e-05
[16],7,"lr=3e-04, wd=0.0",90,layer4_lr0.003_hd128_wd0.0_cosine,"lr0.003,wd0.0",-2.237559916524655,2.1786444697218605e-05
[16],7,"lr=3e-04, wd=0.0",90,layer4_lr0.003_hd128_wd0.01_cosine,"lr0.003,wd0.01",-2.943256246420101,0.0001500954650061652
[16],8,"lr=3e-04, wd=0.01",0,layer4_lr1e-05_hd128_wd0.0_cosine,"lr1e-05,wd0.0",-0.787011576364211,0.0006716984854650469
[16],8,"lr=3e-04, wd=0.01",0,layer4_lr1e-05_hd128_wd0.01_cosine,"lr1e-05,wd0.01",-0.7958707171243099,9.63949380389844e-05
[16],8,"lr=3e-04, wd=0.01",0,layer4_lr3e-05_hd128_wd0.0_cosine,"lr3e-05,wd0.0",-0.7929785040801769,0.0020832679203775122
[16],8,"lr=3e-04, wd=0.01",0,layer4_lr3e-05_hd128_wd0.01_cosine,"lr3e-05,wd0.01",-0.8220342885348673,0.0005568974773018018
[16],8,"lr=3e-04, wd=0.01",0,layer4_lr0.0001_hd128_wd0.0_cosine,"lr0.0001,wd0.0",-0.8326145891014418,0.001271300607746708
[16],8,"lr=3e-04, wd=0.01",0,layer4_lr0.0001_hd128_wd0.01_cosine,"lr0.0001,wd0.01",-0.8433612807382492,0.0011018401920143922
[16],8,"lr=3e-04, wd=0.01",0,layer4_lr0.0003_hd128_wd0.0_cosine,"lr0.0003,wd0.0",-0.8587791342182688,0.00020309126381933953
[16],8,"lr=3e-04, wd=0.01",0,layer4_lr0.0003_hd128_wd0.01_cosine,"lr0.0003,wd0.01",-0.8482030272778831,0.00123661604496467
[16],8,"lr=3e-04, wd=0.01",0,layer4_lr0.001_hd128_wd0.0_cosine,"lr0.001,wd0.0",-0.8515222076567942,2.9404834436829887e-05
[16],8,"lr=3e-04, wd=0.01",0,layer4_lr0.001_hd128_wd0.01_cosine,"lr0.001,wd0.01",-0.8410253705296804,0.0010267305729753393
[16],8,"lr=3e-04, wd=0.01",0,layer4_lr0.003_hd128_wd0.0_cosine,"lr0.003,wd0.0",-0.832986218631647,6.644721594135309e-05
[16],8,"lr=3e-04, wd=0.01",0,layer4_lr0.003_hd128_wd0.01_cosine,"lr0.003,wd0.01",-0.8286525387727588,0.000670131146644262
[16],8,"lr=3e-04, wd=0.01",5,layer4_lr1e-05_hd128_wd0.0_cosine,"lr1e-05,wd0.0",-1.7592353164426426,0.0008103270187305443
[16],8,"lr=3e-04, wd=0.01",5,layer4_lr1e-05_hd128_wd0.01_cosine,"lr1e-05,wd0.01",-1.8247023836769953,0.00021017330260442532
[16],8,"lr=3e-04, wd=0.01",5,layer4_lr3e-05_hd128_wd0.0_cosine,"lr3e-05,wd0.0",-1.9312943806382263,0.000758247532029271
[16],8,"lr=3e-04, wd=0.01",5,layer4_lr3e-05_hd128_wd0.01_cosine,"lr3e-05,wd0.01",-2.3494763366502505,0.00023404744758874157
[16],8,"lr=3e-04, wd=0.01",5,layer4_lr0.0001_hd128_wd0.0_cosine,"lr0.0001,wd0.0",-1.7914665033918662,4.0797349166841435e-06
[16],8,"lr=3e-04, wd=0.01",5,layer4_lr0.0001_hd128_wd0.01_cosine,"lr0.0001,wd0.01",-2.004337548535098,0.0002669831016684119
[16],8,"lr=3e-04, wd=0.01",5,layer4_lr0.0003_hd128_wd0.0_cosine,"lr0.0003,wd0.0",-1.551200879260139,0.001209569283772102
[16],8,"lr=3e-04, wd=0.01",5,layer4_lr0.0003_hd128_wd0.01_cosine,"lr0.0003,wd0.01",-1.8357823625293668,0.0001730787792459329
[16],8,"lr=3e-04, wd=0.01",5,layer4_lr0.001_hd128_wd0.0_cosine,"lr0.001,wd0.0",-1.3489075725923771,0.0022871458854231974
[16],8,"lr=3e-04, wd=0.01",5,layer4_lr0.001_hd128_wd0.01_cosine,"lr0.001,wd0.01",-1.4255299680030922,2.1674601348951916e-05
[16],8,"lr=3e-04, wd=0.01",5,layer4_lr0.003_hd128_wd0.0_cosine,"lr0.003,wd0.0",-1.2199598204957114,0.0018867202616680108
[16],8,"lr=3e-04, wd=0.01",5,layer4_lr0.003_hd128_wd0.01_cosine,"lr0.003,wd0.01",-1.4652096030520687,0.00152146167210961
[16],8,"lr=3e-04, wd=0.01",10,layer4_lr1e-05_hd128_wd0.0_cosine,"lr1e-05,wd0.0",-2.094263331474244,0.0007619612214848127
[16],8,"lr=3e-04, wd=0.01",10,layer4_lr1e-05_hd128_wd0.01_cosine,"lr1e-05,wd0.01",-2.290000486184766,0.0003745756274986811
[16],8,"lr=3e-04, wd=0.01",10,layer4_lr3e-05_hd128_wd0.0_cosine,"lr3e-05,wd0.0",-2.0727553559714873,0.00042544542096290753
[16],8,"lr=3e-04, wd=0.01",10,layer4_lr3e-05_hd128_wd0.01_cosine,"lr3e-05,wd0.01",-2.528028418122245,7.007264128541605e-05
[16],8,"lr=3e-04, wd=0.01",10,layer4_lr0.0001_hd128_wd0.0_cosine,"lr0.0001,wd0.0",-1.8424465108483,8.656892805055877e-05
[16],8,"lr=3e-04, wd=0.01",10,layer4_lr0.0001_hd128_wd0.01_cosine,"lr0.0001,wd0.01",-2.1100560388305243,6.365482171876626e-05
[16],8,"lr=3e-04, wd=0.01",10,layer4_lr0.0003_hd128_wd0.0_cosine,"lr0.0003,wd0.0",-1.6010504012068463,0.0018623706602172612
[16],8,"lr=3e-04, wd=0.01",10,layer4_lr0.0003_hd128_wd0.01_cosine,"lr0.0003,wd0.01",-1.9940017776107732,5.4970296412213714e-05
[16],8,"lr=3e-04, wd=0.01",10,layer4_lr0.001_hd128_wd0.0_cosine,"lr0.001,wd0.0",-1.5646375204287342,0.0021716306952180653
[16],8,"lr=3e-04, wd=0.01",10,layer4_lr0.001_hd128_wd0.01_cosine,"lr0.001,wd0.01",-1.912407682452897,0.00029382252310461296
[16],8,"lr=3e-04, wd=0.01",10,layer4_lr0.003_hd128_wd0.0_cosine,"lr0.003,wd0.0",-1.771481517856155,0.000887664247410019
[16],8,"lr=3e-04, wd=0.01",10,layer4_lr0.003_hd128_wd0.01_cosine,"lr0.003,wd0.01",-1.6760753562636868,0.0005823892176633331
[16],8,"lr=3e-04, wd=0.01",20,layer4_lr1e-05_hd128_wd0.0_cosine,"lr1e-05,wd0.0",-2.751178347218013,0.00014998317138747332
[16],8,"lr=3e-04, wd=0.01",20,layer4_lr1e-05_hd128_wd0.01_cosine,"lr1e-05,wd0.01",-3.129697267089147,2.884080935747508e-05
[16],8,"lr=3e-04, wd=0.01",20,layer4_lr3e-05_hd128_wd0.0_cosine,"lr3e-05,wd0.0",-2.089828348359603,6.138851258617304e-05
[16],8,"lr=3e-04, wd=0.01",20,layer4_lr3e-05_hd128_wd0.01_cosine,"lr3e-05,wd0.01",-2.9490335174954647,5.483736962534519e-05
[16],8,"lr=3e-04, wd=0.01",20,layer4_lr0.0001_hd128_wd0.0_cosine,"lr0.0001,wd0.0",-1.8615938355708705,0.00047936007355571015
[16],8,"lr=3e-04, wd=0.01",20,layer4_lr0.0001_hd128_wd0.01_cosine,"lr0.0001,wd0.01",-2.1916181432787982,9.639003118610019e-06
[16],8,"lr=3e-04, wd=0.01",20,layer4_lr0.0003_hd128_wd0.0_cosine,"lr0.0003,wd0.0",-1.644465452389693,0.0020014054507589848
[16],8,"lr=3e-04, wd=0.01",20,layer4_lr0.0003_hd128_wd0.01_cosine,"lr0.0003,wd0.01",-2.0743750928147904,2.3662950751133266e-05
[16],8,"lr=3e-04, wd=0.01",20,layer4_lr0.001_hd128_wd0.0_cosine,"lr0.001,wd0.0",-1.61342519884347,0.0021949332340627835
[16],8,"lr=3e-04, wd=0.01",20,layer4_lr0.001_hd128_wd0.01_cosine,"lr0.001,wd0.01",-2.0121663563910004,0.0001364580550635674
[16],8,"lr=3e-04, wd=0.01",20,layer4_lr0.003_hd128_wd0.0_cosine,"lr0.003,wd0.0",-1.7684824579144656,0.0011538909448380312
[16],8,"lr=3e-04, wd=0.01",20,layer4_lr0.003_hd128_wd0.01_cosine,"lr0.003,wd0.01",-1.9388951913714454,0.0012079569529056364
[16],8,"lr=3e-04, wd=0.01",50,layer4_lr1e-05_hd128_wd0.0_cosine,"lr1e-05,wd0.0",-3.836663476974562,1.5553405091979722e-07
[16],8,"lr=3e-04, wd=0.01",50,layer4_lr1e-05_hd128_wd0.01_cosine,"lr1e-05,wd0.01",-4.057855801272471,1.0301257203536759e-07
[16],8,"lr=3e-04, wd=0.01",50,layer4_lr3e-05_hd128_wd0.0_cosine,"lr3e-05,wd0.0",-3.168689224873455,2.0972607747628997e-06
[16],8,"lr=3e-04, wd=0.01",50,layer4_lr3e-05_hd128_wd0.01_cosine,"lr3e-05,wd0.01",-3.9366449421154885,1.5466784633131539e-06
[16],8,"lr=3e-04, wd=0.01",50,layer4_lr0.0001_hd128_wd0.0_cosine,"lr0.0001,wd0.0",-2.2316455466721297,0.00016777172709254512
[16],8,"lr=3e-04, wd=0.01",50,layer4_lr0.0001_hd128_wd0.01_cosine,"lr0.0001,wd0.01",-3.912833822986453,1.8425994847053953e-06
[16],8,"lr=3e-04, wd=0.01",50,layer4_lr0.0003_hd128_wd0.0_cosine,"lr0.0003,wd0.0",-1.888215737944987,2.844889811671173e-05
[16],8,"lr=3e-04, wd=0.01",50,layer4_lr0.0003_hd128_wd0.01_cosine,"lr0.0003,wd0.01",-3.7823093404011106,3.2034266845747846e-06
[16],8,"lr=3e-04, wd=0.01",50,layer4_lr0.001_hd128_wd0.0_cosine,"lr0.001,wd0.0",-1.7114990267405763,0.0005797764958316607
[16],8,"lr=3e-04, wd=0.01",50,layer4_lr0.001_hd128_wd0.01_cosine,"lr0.001,wd0.01",-2.0552613622220086,0.0002841422900673344
[16],8,"lr=3e-04, wd=0.01",50,layer4_lr0.003_hd128_wd0.0_cosine,"lr0.003,wd0.0",-2.2720704579051563,0.0004935112539430169
[16],8,"lr=3e-04, wd=0.01",50,layer4_lr0.003_hd128_wd0.01_cosine,"lr0.003,wd0.01",2.743559450712029,0.0008710065892827629
[16],8,"lr=3e-04, wd=0.01",90,layer4_lr1e-05_hd128_wd0.0_cosine,"lr1e-05,wd0.0",-4.080706793289855,3.2922319605763868e-06
[16],8,"lr=3e-04, wd=0.01",90,layer4_lr1e-05_hd128_wd0.01_cosine,"lr1e-05,wd0.01",-4.1938168243596365,1.8634014948718098e-07
[16],8,"lr=3e-04, wd=0.01",90,layer4_lr3e-05_hd128_wd0.0_cosine,"lr3e-05,wd0.0",-4.089327423079425,1.7697621010867269e-06
[16],8,"lr=3e-04, wd=0.01",90,layer4_lr3e-05_hd128_wd0.01_cosine,"lr3e-05,wd0.01",-4.175211547786599,1.1944191774114644e-08
[16],8,"lr=3e-04, wd=0.01",90,layer4_lr0.0001_hd128_wd0.0_cosine,"lr0.0001,wd0.0",-2.3452821312450594,1.8148210668822263e-07
[16],8,"lr=3e-04, wd=0.01",90,layer4_lr0.0001_hd128_wd0.01_cosine,"lr0.0001,wd0.01",-4.161766301381352,4.6986329965226206e-07
[16],8,"lr=3e-04, wd=0.01",90,layer4_lr0.0003_hd128_wd0.0_cosine,"lr0.0003,wd0.0",-2.406453425184669,2.6930920071828507e-06
[16],8,"lr=3e-04, wd=0.01",90,layer4_lr0.0003_hd128_wd0.01_cosine,"lr0.0003,wd0.01",-4.1139539745084015,3.3111044246428873e-06
[16],8,"lr=3e-04, wd=0.01",90,layer4_lr0.001_hd128_wd0.0_cosine,"lr0.001,wd0.0",-2.4201334652266246,8.555229335612273e-05
[16],8,"lr=3e-04, wd=0.01",90,layer4_lr0.001_hd128_wd0.01_cosine,"lr0.001,wd0.01",-3.79402033923848,4.312248257500974e-06
[16],8,"lr=3e-04, wd=0.01",90,layer4_lr0.003_hd128_wd0.0_cosine,"lr0.003,wd0.0",-2.2181948300492844,2.188532130494579e-05
[16],8,"lr=3e-04, wd=0.01",90,layer4_lr0.003_hd128_wd0.01_cosine,"lr0.003,wd0.01",-2.999562729269609,0.00013601972751884416
[16],9,"lr=0.001, wd=0.0",0,layer4_lr1e-05_hd128_wd0.0_cosine,"lr1e-05,wd0.0",-0.7145895726774341,0.00020811712503187384
[16],9,"lr=0.001, wd=0.0",0,layer4_lr1e-05_hd128_wd0.01_cosine,"lr1e-05,wd0.01",-0.7110363529867746,4.694214240796743e-06
[16],9,"lr=0.001, wd=0.0",0,layer4_lr3e-05_hd128_wd0.0_cosine,"lr3e-05,wd0.0",-0.7331654628979597,0.0012151390491449267
[16],9,"lr=0.001, wd=0.0",0,layer4_lr3e-05_hd128_wd0.01_cosine,"lr3e-05,wd0.01",-0.7401980962295721,0.0001497569788607111
[16],9,"lr=0.001, wd=0.0",0,layer4_lr0.0001_hd128_wd0.0_cosine,"lr0.0001,wd0.0",-0.7901754247627774,0.0006696366995008517
[16],9,"lr=0.001, wd=0.0",0,layer4_lr0.0001_hd128_wd0.01_cosine,"lr0.0001,wd0.01",-0.7761298012975175,0.0005173581131422339
[16],9,"lr=0.001, wd=0.0",0,layer4_lr0.0003_hd128_wd0.0_cosine,"lr0.0003,wd0.0",-0.8368104490236312,2.8762120954133882e-05
[16],9,"lr=0.001, wd=0.0",0,layer4_lr0.0003_hd128_wd0.01_cosine,"lr0.0003,wd0.01",-0.8067331562968538,0.0006526249185395149
[16],9,"lr=0.001, wd=0.0",0,layer4_lr0.001_hd128_wd0.0_cosine,"lr0.001,wd0.0",-0.8452369160098534,8.383682991852239e-06
[16],9,"lr=0.001, wd=0.0",0,layer4_lr0.001_hd128_wd0.01_cosine,"lr0.001,wd0.01",-0.8168853814515101,0.0005313633923405426
[16],9,"lr=0.001, wd=0.0",0,layer4_lr0.003_hd128_wd0.0_cosine,"lr0.003,wd0.0",-0.8248312711968628,2.6736317679032314e-09
[16],9,"lr=0.001, wd=0.0",0,layer4_lr0.003_hd128_wd0.01_cosine,"lr0.003,wd0.01",-0.8074289489165899,0.00029421647868692287
[16],9,"lr=0.001, wd=0.0",5,layer4_lr1e-05_hd128_wd0.0_cosine,"lr1e-05,wd0.0",-1.6975381934949265,0.000480744451831846
[16],9,"lr=0.001, wd=0.0",5,layer4_lr1e-05_hd128_wd0.01_cosine,"lr1e-05,wd0.01",-1.7648034760308084,1.7322732027423854e-05
[16],9,"lr=0.001, wd=0.0",5,layer4_lr3e-05_hd128_wd0.0_cosine,"lr3e-05,wd0.0",-1.9460950867086986,0.001097935389353982
[16],9,"lr=0.001, wd=0.0",5,layer4_lr3e-05_hd128_wd0.01_cosine,"lr3e-05,wd0.01",-2.2810164252129685,0.0003219961403781866
[16],9,"lr=0.001, wd=0.0",5,layer4_lr0.0001_hd128_wd0.0_cosine,"lr0.0001,wd0.0",-1.978685984319969,1.1922174768805338e-05
[16],9,"lr=0.001, wd=0.0",5,layer4_lr0.0001_hd128_wd0.01_cosine,"lr0.0001,wd0.01",-2.303755674345313,0.00030330210610869635
[16],9,"lr=0.001, wd=0.0",5,layer4_lr0.0003_hd128_wd0.0_cosine,"lr0.0003,wd0.0",-1.7173702901051917,0.0008366625808552807
[16],9,"lr=0.001, wd=0.0",5,layer4_lr0.0003_hd128_wd0.01_cosine,"lr0.0003,wd0.01",-2.2156468350180982,0.00026725541611577583
[16],9,"lr=0.001, wd=0.0",5,layer4_lr0.001_hd128_wd0.0_cosine,"lr0.001,wd0.0",-1.6016620981481913,0.0016595835083434702
[16],9,"lr=0.001, wd=0.0",5,layer4_lr0.001_hd128_wd0.01_cosine,"lr0.001,wd0.01",-2.255342016751177,0.00024488249958675096
[16],9,"lr=0.001, wd=0.0",5,layer4_lr0.003_hd128_wd0.0_cosine,"lr0.003,wd0.0",-1.6389487190285963,0.00104919985188834
[16],9,"lr=0.001, wd=0.0",5,layer4_lr0.003_hd128_wd0.01_cosine,"lr0.003,wd0.01",-1.7678576718734007,0.0016394545458242062
[16],9,"lr=0.001, wd=0.0",10,layer4_lr1e-05_hd128_wd0.0_cosine,"lr1e-05,wd0.0",-1.961572296093878,0.0003893289834395977
[16],9,"lr=0.001, wd=0.0",10,layer4_lr1e-05_hd128_wd0.01_cosine,"lr1e-05,wd0.01",-2.1110511043862576,0.0001545926507165445
[16],9,"lr=0.001, wd=0.0",10,layer4_lr3e-05_hd128_wd0.0_cosine,"lr3e-05,wd0.0",-2.2051934221306433,0.0004920891472695493
[16],9,"lr=0.001, wd=0.0",10,layer4_lr3e-05_hd128_wd0.01_cosine,"lr3e-05,wd0.01",-2.5855314405396195,9.126359997421332e-05
[16],9,"lr=0.001, wd=0.0",10,layer4_lr0.0001_hd128_wd0.0_cosine,"lr0.0001,wd0.0",-1.8710421306480827,5.1118827590548155e-05
[16],9,"lr=0.001, wd=0.0",10,layer4_lr0.0001_hd128_wd0.01_cosine,"lr0.0001,wd0.01",-2.5560618518736824,0.00010398612864825713
[16],9,"lr=0.001, wd=0.0",10,layer4_lr0.0003_hd128_wd0.0_cosine,"lr0.0003,wd0.0",-1.6981403850846868,0.0014697797725163118
[16],9,"lr=0.001, wd=0.0",10,layer4_lr0.0003_hd128_wd0.01_cosine,"lr0.0003,wd0.01",-2.4369004467261717,0.0001443914663289585
[16],9,"lr=0.001, wd=0.0",10,layer4_lr0.001_hd128_wd0.0_cosine,"lr0.001,wd0.0",-1.6831250781944762,0.001735392576434504
[16],9,"lr=0.001, wd=0.0",10,layer4_lr0.001_hd128_wd0.01_cosine,"lr0.001,wd0.01",-2.290585032327244,0.0003347895174781709
[16],9,"lr=0.001, wd=0.0",10,layer4_lr0.003_hd128_wd0.0_cosine,"lr0.003,wd0.0",-1.966358944403395,0.000687284149342348
[16],9,"lr=0.001, wd=0.0",10,layer4_lr0.003_hd128_wd0.01_cosine,"lr0.003,wd0.01",-0.7325115177906278,0.0006974973690546741
[16],9,"lr=0.001, wd=0.0",20,layer4_lr1e-05_hd128_wd0.0_cosine,"lr1e-05,wd0.0",-2.1315799481527575,8.170134217513608e-06
[16],9,"lr=0.001, wd=0.0",20,layer4_lr1e-05_hd128_wd0.01_cosine,"lr1e-05,wd0.01",-2.1790917786782145,1.1022157100181482e-05
[16],9,"lr=0.001, wd=0.0",20,layer4_lr3e-05_hd128_wd0.0_cosine,"lr3e-05,wd0.0",-2.1645685207840906,4.717552080786378e-05
[16],9,"lr=0.001, wd=0.0",20,layer4_lr3e-05_hd128_wd0.01_cosine,"lr3e-05,wd0.01",-3.138690438138348,5.068913385329706e-05
[16],9,"lr=0.001, wd=0.0",20,layer4_lr0.0001_hd128_wd0.0_cosine,"lr0.0001,wd0.0",-1.8493542814370239,0.0003452520885369031
[16],9,"lr=0.001, wd=0.0",20,layer4_lr0.0001_hd128_wd0.01_cosine,"lr0.0001,wd0.01",-2.6281578696860484,3.3812687459114565e-05
[16],9,"lr=0.001, wd=0.0",20,layer4_lr0.0003_hd128_wd0.0_cosine,"lr0.0003,wd0.0",-1.726443050495211,0.0016998434733985484
[16],9,"lr=0.001, wd=0.0",20,layer4_lr0.0003_hd128_wd0.01_cosine,"lr0.0003,wd0.01",-2.906489567550234,0.00010668971488997393
[16],9,"lr=0.001, wd=0.0",20,layer4_lr0.001_hd128_wd0.0_cosine,"lr0.001,wd0.0",-1.695588280141465,0.0019130601861100697
[16],9,"lr=0.001, wd=0.0",20,layer4_lr0.001_hd128_wd0.01_cosine,"lr0.001,wd0.01",-1.7376418056249734,0.0003018209533842626
[16],9,"lr=0.001, wd=0.0",20,layer4_lr0.003_hd128_wd0.0_cosine,"lr0.003,wd0.0",-1.9402704378564892,0.0009283354733533202
[16],9,"lr=0.001, wd=0.0",20,layer4_lr0.003_hd128_wd0.01_cosine,"lr0.003,wd0.01",3.539082701575258,0.0010440935218787438
[16],9,"lr=0.001, wd=0.0",50,layer4_lr1e-05_hd128_wd0.0_cosine,"lr1e-05,wd0.0",-3.700480191944948,4.579648963417262e-06
[16],9,"lr=0.001, wd=0.0",50,layer4_lr1e-05_hd128_wd0.01_cosine,"lr1e-05,wd0.01",-3.871266899339582,4.8893957832020536e-06
[16],9,"lr=0.001, wd=0.0",50,layer4_lr3e-05_hd128_wd0.0_cosine,"lr3e-05,wd0.0",-3.1283968976661334,1.4448642467790315e-06
[16],9,"lr=0.001, wd=0.0",50,layer4_lr3e-05_hd128_wd0.01_cosine,"lr3e-05,wd0.01",-3.930391401583416,8.508513695476581e-07
[16],9,"lr=0.001, wd=0.0",50,layer4_lr0.0001_hd128_wd0.0_cosine,"lr0.0001,wd0.0",-2.294053979133929,0.00013992819899712853
[16],9,"lr=0.001, wd=0.0",50,layer4_lr0.0001_hd128_wd0.01_cosine,"lr0.0001,wd0.01",-3.8446917548146193,1.2150915271625004e-05
[16],9,"lr=0.001, wd=0.0",50,layer4_lr0.0003_hd128_wd0.0_cosine,"lr0.0003,wd0.0",-1.9639655687321502,5.023347722168475e-05
[16],9,"lr=0.001, wd=0.0",50,layer4_lr0.0003_hd128_wd0.01_cosine,"lr0.0003,wd0.01",-3.7321329684239943,2.3494504024198635e-05
[16],9,"lr=0.001, wd=0.0",50,layer4_lr0.001_hd128_wd0.0_cosine,"lr0.001,wd0.0",-1.8711757567434448,0.00017885354769572528
[16],9,"lr=0.001, wd=0.0",50,layer4_lr0.001_hd128_wd0.01_cosine,"lr0.001,wd0.01",0.48252702784965695,0.0003738399602234934
[16],9,"lr=0.001, wd=0.0",50,layer4_lr0.003_hd128_wd0.0_cosine,"lr0.003,wd0.0",-2.318542459037477,0.00044599385261075803
[16],9,"lr=0.001, wd=0.0",50,layer4_lr0.003_hd128_wd0.01_cosine,"lr0.003,wd0.01",5.998537381763618,0.000899161517547831
[16],9,"lr=0.001, wd=0.0",90,layer4_lr1e-05_hd128_wd0.0_cosine,"lr1e-05,wd0.0",-4.025683705029959,6.414955516190275e-06
[16],9,"lr=0.001, wd=0.0",90,layer4_lr1e-05_hd128_wd0.01_cosine,"lr1e-05,wd0.01",-4.156569562701381,1.3965004325653502e-06
[16],9,"lr=0.001, wd=0.0",90,layer4_lr3e-05_hd128_wd0.0_cosine,"lr3e-05,wd0.0",-4.074088180260016,9.01625804297456e-07
[16],9,"lr=0.001, wd=0.0",90,layer4_lr3e-05_hd128_wd0.01_cosine,"lr3e-05,wd0.01",-4.1656107882767754,3.860054699095958e-07
[16],9,"lr=0.001, wd=0.0",90,layer4_lr0.0001_hd128_wd0.0_cosine,"lr0.0001,wd0.0",-2.4003959402696378,7.024875883425567e-08
[16],9,"lr=0.001, wd=0.0",90,layer4_lr0.0001_hd128_wd0.01_cosine,"lr0.0001,wd0.01",-4.164266237750481,3.758683582506418e-07
[16],9,"lr=0.001, wd=0.0",90,layer4_lr0.0003_hd128_wd0.0_cosine,"lr0.0003,wd0.0",-2.4266732388253907,3.258163952004576e-07
[16],9,"lr=0.001, wd=0.0",90,layer4_lr0.0003_hd128_wd0.01_cosine,"lr0.0003,wd0.01",-4.030225129780137,1.0492533641441697e-05
[16],9,"lr=0.001, wd=0.0",90,layer4_lr0.001_hd128_wd0.0_cosine,"lr0.001,wd0.0",-2.4561630222885356,6.577236083760154e-05
[16],9,"lr=0.001, wd=0.0",90,layer4_lr0.001_hd128_wd0.01_cosine,"lr0.001,wd0.01",-3.6923102862974377,2.9837568981565865e-05
[16],9,"lr=0.001, wd=0.0",90,layer4_lr0.003_hd128_wd0.0_cosine,"lr0.003,wd0.0",-2.334372606284394,1.728628166809602e-05
[16],9,"lr=0.001, wd=0.0",90,layer4_lr0.003_hd128_wd0.01_cosine,"lr0.003,wd0.01",-2.9775054481522956,0.00013700445115912132
[16],10,"lr=0.001, wd=0.01",0,layer4_lr1e-05_hd128_wd0.0_cosine,"lr1e-05,wd0.0",-0.7182607216103246,0.0002726710943004605
[16],10,"lr=0.001, wd=0.01",0,layer4_lr1e-05_hd128_wd0.01_cosine,"lr1e-05,wd0.01",-0.721847167289727,9.29779480119597e-08
[16],10,"lr=0.001, wd=0.01",0,layer4_lr3e-05_hd128_wd0.0_cosine,"lr3e-05,wd0.0",-0.7307022421245485,0.0013812621828605746
[16],10,"lr=0.001, wd=0.01",0,layer4_lr3e-05_hd128_wd0.01_cosine,"lr3e-05,wd0.01",-0.748832372158666,0.00022607700052969335
[16],10,"lr=0.001, wd=0.01",0,layer4_lr0.0001_hd128_wd0.0_cosine,"lr0.0001,wd0.0",-0.77498238766378,0.0008090859986811293
[16],10,"lr=0.001, wd=0.01",0,layer4_lr0.0001_hd128_wd0.01_cosine,"lr0.0001,wd0.01",-0.7837814719877559,0.0006732278465412701
[16],10,"lr=0.001, wd=0.01",0,layer4_lr0.0003_hd128_wd0.0_cosine,"lr0.0003,wd0.0",-0.8167583223570885,6.721980478129886e-05
[16],10,"lr=0.001, wd=0.01",0,layer4_lr0.0003_hd128_wd0.01_cosine,"lr0.0003,wd0.01",-0.8130031496506099,0.0008423299312592067
[16],10,"lr=0.001, wd=0.01",0,layer4_lr0.001_hd128_wd0.0_cosine,"lr0.001,wd0.0",-0.8313785370323259,1.3371109570030462e-08
[16],10,"lr=0.001, wd=0.01",0,layer4_lr0.001_hd128_wd0.01_cosine,"lr0.001,wd0.01",-0.8269991128590485,0.0007060594803533442
[16],10,"lr=0.001, wd=0.01",0,layer4_lr0.003_hd128_wd0.0_cosine,"lr0.003,wd0.0",-0.8224140440682739,8.938895909691892e-06
[16],10,"lr=0.001, wd=0.01",0,layer4_lr0.003_hd128_wd0.01_cosine,"lr0.003,wd0.01",-0.8194178499904655,0.0004232392644195203
[16],10,"lr=0.001, wd=0.01",5,layer4_lr1e-05_hd128_wd0.0_cosine,"lr1e-05,wd0.0",-1.5394203823028003,0.0003301587579234221
[16],10,"lr=0.001, wd=0.01",5,layer4_lr1e-05_hd128_wd0.01_cosine,"lr1e-05,wd0.01",-1.5975087177068497,2.610356783318916e-07
[16],10,"lr=0.001, wd=0.01",5,layer4_lr3e-05_hd128_wd0.0_cosine,"lr3e-05,wd0.0",-1.6794418526411639,0.0003097146081949289
[16],10,"lr=0.001, wd=0.01",5,layer4_lr3e-05_hd128_wd0.01_cosine,"lr3e-05,wd0.01",-1.9150564604933789,9.385607905080703e-05
[16],10,"lr=0.001, wd=0.01",5,layer4_lr0.0001_hd128_wd0.0_cosine,"lr0.0001,wd0.0",-1.5213148479269585,6.883251870916695e-05
[16],10,"lr=0.001, wd=0.01",5,layer4_lr0.0001_hd128_wd0.01_cosine,"lr0.0001,wd0.01",-1.8468220200716892,5.6545136743941286e-05
[16],10,"lr=0.001, wd=0.01",5,layer4_lr0.0003_hd128_wd0.0_cosine,"lr0.0003,wd0.0",-1.4018501213963206,0.001636993902347376
[16],10,"lr=0.001, wd=0.01",5,layer4_lr0.0003_hd128_wd0.01_cosine,"lr0.0003,wd0.01",-1.8190435276991932,7.227961617977568e-05
[16],10,"lr=0.001, wd=0.01",5,layer4_lr0.001_hd128_wd0.0_cosine,"lr0.001,wd0.0",-1.298504347643283,0.002671650890276604
[16],10,"lr=0.001, wd=0.01",5,layer4_lr0.001_hd128_wd0.01_cosine,"lr0.001,wd0.01",-1.5982108932803545,8.703238697887424e-08
[16],10,"lr=0.001, wd=0.01",5,layer4_lr0.003_hd128_wd0.0_cosine,"lr0.003,wd0.0",-1.2542821744466497,0.002170765612553072
[16],10,"lr=0.001, wd=0.01",5,layer4_lr0.003_hd128_wd0.01_cosine,"lr0.003,wd0.01",-1.8650598713319637,0.000996622597757847
[16],10,"lr=0.001, wd=0.01",10,layer4_lr1e-05_hd128_wd0.0_cosine,"lr1e-05,wd0.0",-1.6552507709565494,0.00020890723639107648
[16],10,"lr=0.001, wd=0.01",10,layer4_lr1e-05_hd128_wd0.01_cosine,"lr1e-05,wd0.01",-1.747197631648186,5.6122565955487616e-05
[16],10,"lr=0.001, wd=0.01",10,layer4_lr3e-05_hd128_wd0.0_cosine,"lr3e-05,wd0.0",-1.6530897047549253,4.5988075803801686e-05
[16],10,"lr=0.001, wd=0.01",10,layer4_lr3e-05_hd128_wd0.01_cosine,"lr3e-05,wd0.01",-1.894113526300269,1.107017004632797e-05
[16],10,"lr=0.001, wd=0.01",10,layer4_lr0.0001_hd128_wd0.0_cosine,"lr0.0001,wd0.0",-1.510981832438659,0.00036181513029514775
[16],10,"lr=0.001, wd=0.01",10,layer4_lr0.0001_hd128_wd0.01_cosine,"lr0.0001,wd0.01",-1.8258621669476385,1.2795892040296743e-06
[16],10,"lr=0.001, wd=0.01",10,layer4_lr0.0003_hd128_wd0.0_cosine,"lr0.0003,wd0.0",-1.483187061500376,0.00222335439258971
[16],10,"lr=0.001, wd=0.01",10,layer4_lr0.0003_hd128_wd0.01_cosine,"lr0.0003,wd0.01",-1.9704370873632644,1.3607802457248884e-05
[16],10,"lr=0.001, wd=0.01",10,layer4_lr0.001_hd128_wd0.0_cosine,"lr0.001,wd0.0",-1.5393988047660767,0.00233400403148227
[16],10,"lr=0.001, wd=0.01",10,layer4_lr0.001_hd128_wd0.01_cosine,"lr0.001,wd0.01",-2.0543494751880886,0.00014046414625163496
[16],10,"lr=0.001, wd=0.01",10,layer4_lr0.003_hd128_wd0.0_cosine,"lr0.003,wd0.0",-1.724023290425428,0.0010143026107843345
[16],10,"lr=0.001, wd=0.01",10,layer4_lr0.003_hd128_wd0.01_cosine,"lr0.003,wd0.01",-2.3602802619033496,0.0004912825377228344
[16],10,"lr=0.001, wd=0.01",20,layer4_lr1e-05_hd128_wd0.0_cosine,"lr1e-05,wd0.0",-1.7944539713683447,4.3654974778673965e-06
[16],10,"lr=0.001, wd=0.01",20,layer4_lr1e-05_hd128_wd0.01_cosine,"lr1e-05,wd0.01",-1.8113657314438796,7.089247006670389e-05
[16],10,"lr=0.001, wd=0.01",20,layer4_lr3e-05_hd128_wd0.0_cosine,"lr3e-05,wd0.0",-1.6578862383895467,2.513402380706345e-05
[16],10,"lr=0.001, wd=0.01",20,layer4_lr3e-05_hd128_wd0.01_cosine,"lr3e-05,wd0.01",-2.1584651184851174,2.0133169430470794e-06
[16],10,"lr=0.001, wd=0.01",20,layer4_lr0.0001_hd128_wd0.0_cosine,"lr0.0001,wd0.0",-1.6402731701377333,0.0006870326976179382
[16],10,"lr=0.001, wd=0.01",20,layer4_lr0.0001_hd128_wd0.01_cosine,"lr0.0001,wd0.01",-2.0587075916443314,2.9007385165314907e-06
[16],10,"lr=0.001, wd=0.01",20,layer4_lr0.0003_hd128_wd0.0_cosine,"lr0.0003,wd0.0",-1.6155396504970891,0.0021332924576245756
[16],10,"lr=0.001, wd=0.01",20,layer4_lr0.0003_hd128_wd0.01_cosine,"lr0.0003,wd0.01",-2.0784865076791066,9.66002477602264e-06
[16],10,"lr=0.001, wd=0.01",20,layer4_lr0.001_hd128_wd0.0_cosine,"lr0.001,wd0.0",-1.6009073010825874,0.0022385965118362655
[16],10,"lr=0.001, wd=0.01",20,layer4_lr0.001_hd128_wd0.01_cosine,"lr0.001,wd0.01",-2.1727698960180857,8.394130010476468e-05
[16],10,"lr=0.001, wd=0.01",20,layer4_lr0.003_hd128_wd0.0_cosine,"lr0.003,wd0.0",-1.762701441412006,0.0012109430751779497
[16],10,"lr=0.001, wd=0.01",20,layer4_lr0.003_hd128_wd0.01_cosine,"lr0.003,wd0.01",0.014959558644310533,0.0008546131163776543
[16],10,"lr=0.001, wd=0.01",50,layer4_lr1e-05_hd128_wd0.0_cosine,"lr1e-05,wd0.0",-3.644751863774273,1.2758212571205562e-05
[16],10,"lr=0.001, wd=0.01",50,layer4_lr1e-05_hd128_wd0.01_cosine,"lr1e-05,wd0.01",-3.7939694192498052,1.0820061807814702e-05
[16],10,"lr=0.001, wd=0.01",50,layer4_lr3e-05_hd128_wd0.0_cosine,"lr3e-05,wd0.0",-2.824397162699572,1.5522615106914468e-05
[16],10,"lr=0.001, wd=0.01",50,layer4_lr3e-05_hd128_wd0.01_cosine,"lr3e-05,wd0.01",-3.707669971319552,5.334463780630825e-06
[16],10,"lr=0.001, wd=0.01",50,layer4_lr0.0001_hd128_wd0.0_cosine,"lr0.0001,wd0.0",-2.2085802555806273,0.00018034933056558123
[16],10,"lr=0.001, wd=0.01",50,layer4_lr0.0001_hd128_wd0.01_cosine,"lr0.0001,wd0.01",-3.821021837530116,2.848225082124205e-07
[16],10,"lr=0.001, wd=0.01",50,layer4_lr0.0003_hd128_wd0.0_cosine,"lr0.0003,wd0.0",-1.9384755259738182,6.0386351619078554e-05
[16],10,"lr=0.001, wd=0.01",50,layer4_lr0.0003_hd128_wd0.01_cosine,"lr0.0003,wd0.01",-3.7671378617807973,2.014946906634656e-06
[16],10,"lr=0.001, wd=0.01",50,layer4_lr0.001_hd128_wd0.0_cosine,"lr0.001,wd0.0",-1.851521412496383,0.00011457872743096975
[16],10,"lr=0.001, wd=0.01",50,layer4_lr0.001_hd128_wd0.01_cosine,"lr0.001,wd0.01",-2.1644679495330506,0.0002468704483874073
[16],10,"lr=0.001, wd=0.01",50,layer4_lr0.003_hd128_wd0.0_cosine,"lr0.003,wd0.0",-2.257113425642247,0.0005018978337531165
[16],10,"lr=0.001, wd=0.01",50,layer4_lr0.003_hd128_wd0.01_cosine,"lr0.003,wd0.01",2.6519363264958757,0.0007598539019077665
[16],10,"lr=0.001, wd=0.01",90,layer4_lr1e-05_hd128_wd0.0_cosine,"lr1e-05,wd0.0",-3.997778415519398,9.803336752448112e-06
[16],10,"lr=0.001, wd=0.01",90,layer4_lr1e-05_hd128_wd0.01_cosine,"lr1e-05,wd0.01",-4.140264180600933,2.949780637713586e-06
[16],10,"lr=0.001, wd=0.01",90,layer4_lr3e-05_hd128_wd0.0_cosine,"lr3e-05,wd0.0",-4.065422829450909,2.6540389565945504e-06
[16],10,"lr=0.001, wd=0.01",90,layer4_lr3e-05_hd128_wd0.01_cosine,"lr3e-05,wd0.01",-4.1435481063483435,9.374950534089429e-07
[16],10,"lr=0.001, wd=0.01",90,layer4_lr0.0001_hd128_wd0.0_cosine,"lr0.0001,wd0.0",-2.347261946833611,6.64349678332512e-07
[16],10,"lr=0.001, wd=0.01",90,layer4_lr0.0001_hd128_wd0.01_cosine,"lr0.0001,wd0.01",-4.161689606046138,5.923723818550639e-07
[16],10,"lr=0.001, wd=0.01",90,layer4_lr0.0003_hd128_wd0.0_cosine,"lr0.0003,wd0.0",-2.4075229274833294,3.0138781252905e-07
[16],10,"lr=0.001, wd=0.01",90,layer4_lr0.0003_hd128_wd0.01_cosine,"lr0.0003,wd0.01",-4.124342513922122,3.0772111071189756e-06
[16],10,"lr=0.001, wd=0.01",90,layer4_lr0.001_hd128_wd0.0_cosine,"lr0.001,wd0.0",-2.435906684603752,6.652132564140328e-05
[16],10,"lr=0.001, wd=0.01",90,layer4_lr0.001_hd128_wd0.01_cosine,"lr0.001,wd0.01",-3.829310574660283,4.309649379892928e-06
[16],10,"lr=0.001, wd=0.01",90,layer4_lr0.003_hd128_wd0.0_cosine,"lr0.003,wd0.0",-2.2849073855524695,1.5107014663197503e-05
[16],10,"lr=0.001, wd=0.01",90,layer4_lr0.003_hd128_wd0.01_cosine,"lr0.003,wd0.01",-3.053788224877195,0.00012023422519539
[16],11,"lr=0.003, wd=0.0",0,layer4_lr1e-05_hd128_wd0.0_cosine,"lr1e-05,wd0.0",-0.676176271538437,0.00033606581259974913
[16],11,"lr=0.003, wd=0.0",0,layer4_lr1e-05_hd128_wd0.01_cosine,"lr1e-05,wd0.01",-0.6756434272524314,2.9408838288970586e-06
[16],11,"lr=0.003, wd=0.0",0,layer4_lr3e-05_hd128_wd0.0_cosine,"lr3e-05,wd0.0",-0.6983866037411182,0.0015146961995561072
[16],11,"lr=0.003, wd=0.0",0,layer4_lr3e-05_hd128_wd0.01_cosine,"lr3e-05,wd0.01",-0.7098013191131909,0.00026410427304816034
[16],11,"lr=0.003, wd=0.0",0,layer4_lr0.0001_hd128_wd0.0_cosine,"lr0.0001,wd0.0",-0.7529595303342062,0.0009172705004526813
[16],11,"lr=0.003, wd=0.0",0,layer4_lr0.0001_hd128_wd0.01_cosine,"lr0.0001,wd0.01",-0.7451262442863004,0.0007353697588837881
[16],11,"lr=0.003, wd=0.0",0,layer4_lr0.0003_hd128_wd0.0_cosine,"lr0.0003,wd0.0",-0.8302477799494324,0.00010725958912122404
[16],11,"lr=0.003, wd=0.0",0,layer4_lr0.0003_hd128_wd0.01_cosine,"lr0.0003,wd0.01",-0.7992063164319096,0.0009276575080773773
[16],11,"lr=0.003, wd=0.0",0,layer4_lr0.001_hd128_wd0.0_cosine,"lr0.001,wd0.0",-0.8867873004436178,8.84532056496676e-06
[16],11,"lr=0.003, wd=0.0",0,layer4_lr0.001_hd128_wd0.01_cosine,"lr0.001,wd0.01",-0.8499810144309642,0.0008259440926116209
[16],11,"lr=0.003, wd=0.0",0,layer4_lr0.003_hd128_wd0.0_cosine,"lr0.003,wd0.0",-0.8914010774268982,4.0834451810954917e-05
[16],11,"lr=0.003, wd=0.0",0,layer4_lr0.003_hd128_wd0.01_cosine,"lr0.003,wd0.01",-0.8605927097090322,0.0005461128297344691
[16],11,"lr=0.003, wd=0.0",5,layer4_lr1e-05_hd128_wd0.0_cosine,"lr1e-05,wd0.0",-1.673070566933148,0.00040033205681030477
[16],11,"lr=0.003, wd=0.0",5,layer4_lr1e-05_hd128_wd0.01_cosine,"lr1e-05,wd0.01",-1.7166950920175466,1.20563413966935e-05
[16],11,"lr=0.003, wd=0.0",5,layer4_lr3e-05_hd128_wd0.0_cosine,"lr3e-05,wd0.0",-1.8017229100420427,0.0011561865396882605
[16],11,"lr=0.003, wd=0.0",5,layer4_lr3e-05_hd128_wd0.01_cosine,"lr3e-05,wd0.01",-2.07777321540173,0.0003968899459635002
[16],11,"lr=0.003, wd=0.0",5,layer4_lr0.0001_hd128_wd0.0_cosine,"lr0.0001,wd0.0",-1.8572491694908853,6.20735028464944e-05
[16],11,"lr=0.003, wd=0.0",5,layer4_lr0.0001_hd128_wd0.01_cosine,"lr0.0001,wd0.01",-2.164229343911894,0.00047229234958402684
[16],11,"lr=0.003, wd=0.0",5,layer4_lr0.0003_hd128_wd0.0_cosine,"lr0.0003,wd0.0",-1.6998709763681208,0.0006261243211981003
[16],11,"lr=0.003, wd=0.0",5,layer4_lr0.0003_hd128_wd0.01_cosine,"lr0.0003,wd0.01",-2.163010084247886,0.0003985987108216627
[16],11,"lr=0.003, wd=0.0",5,layer4_lr0.001_hd128_wd0.0_cosine,"lr0.001,wd0.0",-1.6299432062318455,0.0013873457900909058
[16],11,"lr=0.003, wd=0.0",5,layer4_lr0.001_hd128_wd0.01_cosine,"lr0.001,wd0.01",-2.248421458301559,0.0004254334288765939
[16],11,"lr=0.003, wd=0.0",5,layer4_lr0.003_hd128_wd0.0_cosine,"lr0.003,wd0.0",-1.688710708088564,0.0008162762040982257
[16],11,"lr=0.003, wd=0.0",5,layer4_lr0.003_hd128_wd0.01_cosine,"lr0.003,wd0.01",-1.7126832317204952,0.001895340961759247
[16],11,"lr=0.003, wd=0.0",10,layer4_lr1e-05_hd128_wd0.0_cosine,"lr1e-05,wd0.0",-1.8527402431650248,0.00029504795010118116
[16],11,"lr=0.003, wd=0.0",10,layer4_lr1e-05_hd128_wd0.01_cosine,"lr1e-05,wd0.01",-2.0135509550068433,0.00014370784422439108
[16],11,"lr=0.003, wd=0.0",10,layer4_lr3e-05_hd128_wd0.0_cosine,"lr3e-05,wd0.0",-1.949405268664326,0.0004114801110935996
[16],11,"lr=0.003, wd=0.0",10,layer4_lr3e-05_hd128_wd0.01_cosine,"lr3e-05,wd0.01",-2.2263822199793184,6.871960620221275e-05
[16],11,"lr=0.003, wd=0.0",10,layer4_lr0.0001_hd128_wd0.0_cosine,"lr0.0001,wd0.0",-1.758407534568537,2.4008789318594726e-05
[16],11,"lr=0.003, wd=0.0",10,layer4_lr0.0001_hd128_wd0.01_cosine,"lr0.0001,wd0.01",-2.276313230258486,0.0001393675356151089
[16],11,"lr=0.003, wd=0.0",10,layer4_lr0.0003_hd128_wd0.0_cosine,"lr0.0003,wd0.0",-1.6991727534267314,0.001327073293497005
[16],11,"lr=0.003, wd=0.0",10,layer4_lr0.0003_hd128_wd0.01_cosine,"lr0.0003,wd0.01",-2.292753482548716,0.00021007533167721163
[16],11,"lr=0.003, wd=0.0",10,layer4_lr0.001_hd128_wd0.0_cosine,"lr0.001,wd0.0",-1.7272455978304202,0.0014860051444314376
[16],11,"lr=0.003, wd=0.0",10,layer4_lr0.001_hd128_wd0.01_cosine,"lr0.001,wd0.01",-2.136932678210103,0.00047231228718924267
[16],11,"lr=0.003, wd=0.0",10,layer4_lr0.003_hd128_wd0.0_cosine,"lr0.003,wd0.0",-1.983252069335438,0.0005439115717118043
[16],11,"lr=0.003, wd=0.0",10,layer4_lr0.003_hd128_wd0.01_cosine,"lr0.003,wd0.01",1.0248061695853576,0.0009084822209059421
[16],11,"lr=0.003, wd=0.0",20,layer4_lr1e-05_hd128_wd0.0_cosine,"lr1e-05,wd0.0",-1.9851270298000343,1.3167850406773388e-06
[16],11,"lr=0.003, wd=0.0",20,layer4_lr1e-05_hd128_wd0.01_cosine,"lr1e-05,wd0.01",-2.0310136025951038,1.741513338046721e-05
[16],11,"lr=0.003, wd=0.0",20,layer4_lr3e-05_hd128_wd0.0_cosine,"lr3e-05,wd0.0",-1.9386532498836326,1.714166876623891e-05
[16],11,"lr=0.003, wd=0.0",20,layer4_lr3e-05_hd128_wd0.01_cosine,"lr3e-05,wd0.01",-2.4292866021825095,4.735517466177916e-05
[16],11,"lr=0.003, wd=0.0",20,layer4_lr0.0001_hd128_wd0.0_cosine,"lr0.0001,wd0.0",-1.8268839928625176,0.00027067130097112416
[16],11,"lr=0.003, wd=0.0",20,layer4_lr0.0001_hd128_wd0.01_cosine,"lr0.0001,wd0.01",-2.311582233571603,5.1694051471075235e-05
[16],11,"lr=0.003, wd=0.0",20,layer4_lr0.0003_hd128_wd0.0_cosine,"lr0.0003,wd0.0",-1.7575788951261808,0.001508244291830319
[16],11,"lr=0.003, wd=0.0",20,layer4_lr0.0003_hd128_wd0.01_cosine,"lr0.0003,wd0.01",-2.3841697035554064,0.0001429974876404203
[16],11,"lr=0.003, wd=0.0",20,layer4_lr0.001_hd128_wd0.0_cosine,"lr0.001,wd0.0",-1.7311340837855989,0.001740195558993488
[16],11,"lr=0.003, wd=0.0",20,layer4_lr0.001_hd128_wd0.01_cosine,"lr0.001,wd0.01",-2.034022878481581,0.00037488481107049844
[16],11,"lr=0.003, wd=0.0",20,layer4_lr0.003_hd128_wd0.0_cosine,"lr0.003,wd0.0",-1.9625659972426075,0.0007907744203132782
[16],11,"lr=0.003, wd=0.0",20,layer4_lr0.003_hd128_wd0.01_cosine,"lr0.003,wd0.01",4.9318704244088245,0.0011950894808153488
[16],11,"lr=0.003, wd=0.0",50,layer4_lr1e-05_hd128_wd0.0_cosine,"lr1e-05,wd0.0",-3.48394649919147,1.3989937152215972e-06
[16],11,"lr=0.003, wd=0.0",50,layer4_lr1e-05_hd128_wd0.01_cosine,"lr1e-05,wd0.01",-3.65176984737247,1.7760491947318866e-06
[16],11,"lr=0.003, wd=0.0",50,layer4_lr3e-05_hd128_wd0.0_cosine,"lr3e-05,wd0.0",-2.737765528461332,5.0872484077342166e-09
[16],11,"lr=0.003, wd=0.0",50,layer4_lr3e-05_hd128_wd0.01_cosine,"lr3e-05,wd0.01",-3.708592878022297,2.7822592003520365e-06
[16],11,"lr=0.003, wd=0.0",50,layer4_lr0.0001_hd128_wd0.0_cosine,"lr0.0001,wd0.0",-2.237506808435944,8.82798475711267e-05
[16],11,"lr=0.003, wd=0.0",50,layer4_lr0.0001_hd128_wd0.01_cosine,"lr0.0001,wd0.01",-3.531206450095454,2.2967190898478864e-05
[16],11,"lr=0.003, wd=0.0",50,layer4_lr0.0003_hd128_wd0.0_cosine,"lr0.0003,wd0.0",-1.9975004681053607,2.717373033732778e-05
[16],11,"lr=0.003, wd=0.0",50,layer4_lr0.0003_hd128_wd0.01_cosine,"lr0.0003,wd0.01",-3.4867619683963555,3.56868761778786e-05
[16],11,"lr=0.003, wd=0.0",50,layer4_lr0.001_hd128_wd0.0_cosine,"lr0.001,wd0.0",-1.9216601512785805,0.00022168727198539336
[16],11,"lr=0.003, wd=0.0",50,layer4_lr0.001_hd128_wd0.01_cosine,"lr0.001,wd0.01",0.03628684718479125,0.00042620830821213845
[16],11,"lr=0.003, wd=0.0",50,layer4_lr0.003_hd128_wd0.0_cosine,"lr0.003,wd0.0",-2.2880578891767223,0.0003842121497266993
[16],11,"lr=0.003, wd=0.0",50,layer4_lr0.003_hd128_wd0.01_cosine,"lr0.003,wd0.01",5.884664259031348,0.0009818557235471614
[16],11,"lr=0.003, wd=0.0",90,layer4_lr1e-05_hd128_wd0.0_cosine,"lr1e-05,wd0.0",-4.006576546226901,2.874551370381649e-06
[16],11,"lr=0.003, wd=0.0",90,layer4_lr1e-05_hd128_wd0.01_cosine,"lr1e-05,wd0.01",-4.121089314987181,2.557930944053319e-07
[16],11,"lr=0.003, wd=0.0",90,layer4_lr3e-05_hd128_wd0.0_cosine,"lr3e-05,wd0.0",-4.020844465748824,2.7568195693769587e-08
[16],11,"lr=0.003, wd=0.0",90,layer4_lr3e-05_hd128_wd0.01_cosine,"lr3e-05,wd0.01",-4.089207096229463,2.033690756956482e-06
[16],11,"lr=0.003, wd=0.0",90,layer4_lr0.0001_hd128_wd0.0_cosine,"lr0.0001,wd0.0",-2.3982982133477733,1.0172395981935198e-06
[16],11,"lr=0.003, wd=0.0",90,layer4_lr0.0001_hd128_wd0.01_cosine,"lr0.0001,wd0.01",-4.100277898059393,1.0138853240232469e-06
[16],11,"lr=0.003, wd=0.0",90,layer4_lr0.0003_hd128_wd0.0_cosine,"lr0.0003,wd0.0",-2.4594645698163786,4.854161129539959e-07
[16],11,"lr=0.003, wd=0.0",90,layer4_lr0.0003_hd128_wd0.01_cosine,"lr0.0003,wd0.01",-3.9459738714128862,1.3802643802696127e-05
[16],11,"lr=0.003, wd=0.0",90,layer4_lr0.001_hd128_wd0.0_cosine,"lr0.001,wd0.0",-2.506662311148181,6.855311253651578e-05
[16],11,"lr=0.003, wd=0.0",90,layer4_lr0.001_hd128_wd0.01_cosine,"lr0.001,wd0.01",-3.6362954428305043,2.545048183400632e-05
[16],11,"lr=0.003, wd=0.0",90,layer4_lr0.003_hd128_wd0.0_cosine,"lr0.003,wd0.0",-2.3823421032423697,1.4987709527663083e-05
[16],11,"lr=0.003, wd=0.0",90,layer4_lr0.003_hd128_wd0.01_cosine,"lr0.003,wd0.01",-3.013050316402939,0.0001381601196159744
[16],12,"lr=0.003, wd=0.01",0,layer4_lr1e-05_hd128_wd0.0_cosine,"lr1e-05,wd0.0",-0.7495734225912175,0.00013987783340438977
[16],12,"lr=0.003, wd=0.01",0,layer4_lr1e-05_hd128_wd0.01_cosine,"lr1e-05,wd0.01",-0.7498200069195178,2.031591325212617e-05
[16],12,"lr=0.003, wd=0.01",0,layer4_lr3e-05_hd128_wd0.0_cosine,"lr3e-05,wd0.0",-0.7691259726379536,0.0010903487162755925
[16],12,"lr=0.003, wd=0.01",0,layer4_lr3e-05_hd128_wd0.01_cosine,"lr3e-05,wd0.01",-0.7844881117724412,0.00011617908262508589
[16],12,"lr=0.003, wd=0.01",0,layer4_lr0.0001_hd128_wd0.0_cosine,"lr0.0001,wd0.0",-0.8271997562147229,0.0006239448899339739
[16],12,"lr=0.003, wd=0.01",0,layer4_lr0.0001_hd128_wd0.01_cosine,"lr0.0001,wd0.01",-0.8341396744027093,0.0005040527981018071
[16],12,"lr=0.003, wd=0.01",0,layer4_lr0.0003_hd128_wd0.0_cosine,"lr0.0003,wd0.0",-0.8897611300933852,3.276910655872859e-05
[16],12,"lr=0.003, wd=0.01",0,layer4_lr0.0003_hd128_wd0.01_cosine,"lr0.0003,wd0.01",-0.8904584301653186,0.0007105728142775938
[16],12,"lr=0.003, wd=0.01",0,layer4_lr0.001_hd128_wd0.0_cosine,"lr0.001,wd0.0",-0.9498706820459214,1.114790027112721e-06
[16],12,"lr=0.003, wd=0.01",0,layer4_lr0.001_hd128_wd0.01_cosine,"lr0.001,wd0.01",-0.9503903460672241,0.0006525493273306571
[16],12,"lr=0.003, wd=0.01",0,layer4_lr0.003_hd128_wd0.0_cosine,"lr0.003,wd0.0",-0.9713658276498257,7.129641907611101e-06
[16],12,"lr=0.003, wd=0.01",0,layer4_lr0.003_hd128_wd0.01_cosine,"lr0.003,wd0.01",-0.9716614121387688,0.00041250811310943015
[16],12,"lr=0.003, wd=0.01",5,layer4_lr1e-05_hd128_wd0.0_cosine,"lr1e-05,wd0.0",-1.3394285178215126,1.6137896824827334e-05
[16],12,"lr=0.003, wd=0.01",5,layer4_lr1e-05_hd128_wd0.01_cosine,"lr1e-05,wd0.01",-1.38275863519734,0.00036303372338313824
[16],12,"lr=0.003, wd=0.01",5,layer4_lr3e-05_hd128_wd0.0_cosine,"lr3e-05,wd0.0",-1.3700947097532035,0.00023592977637155915
[16],12,"lr=0.003, wd=0.01",5,layer4_lr3e-05_hd128_wd0.01_cosine,"lr3e-05,wd0.01",-1.505191700795131,0.0004939487732778652
[16],12,"lr=0.003, wd=0.01",5,layer4_lr0.0001_hd128_wd0.0_cosine,"lr0.0001,wd0.0",-1.367154440087727,0.0006457217986441284
[16],12,"lr=0.003, wd=0.01",5,layer4_lr0.0001_hd128_wd0.01_cosine,"lr0.0001,wd0.01",-1.566722263860678,6.700514779587817e-05
[16],12,"lr=0.003, wd=0.01",5,layer4_lr0.0003_hd128_wd0.0_cosine,"lr0.0003,wd0.0",-1.2894186191979427,0.0026172700951257242
[16],12,"lr=0.003, wd=0.01",5,layer4_lr0.0003_hd128_wd0.01_cosine,"lr0.0003,wd0.01",-1.5700069731489559,5.414057250372487e-06
[16],12,"lr=0.003, wd=0.01",5,layer4_lr0.001_hd128_wd0.0_cosine,"lr0.001,wd0.0",-1.1688401455442754,0.004145527539228712
[16],12,"lr=0.003, wd=0.01",5,layer4_lr0.001_hd128_wd0.01_cosine,"lr0.001,wd0.01",-1.4319440613162617,0.0005017102613188973
[16],12,"lr=0.003, wd=0.01",5,layer4_lr0.003_hd128_wd0.0_cosine,"lr0.003,wd0.0",-1.1120211889130711,0.004030959729710554
[16],12,"lr=0.003, wd=0.01",5,layer4_lr0.003_hd128_wd0.01_cosine,"lr0.003,wd0.01",-1.5882537471154767,0.0005903418962853748
[16],12,"lr=0.003, wd=0.01",10,layer4_lr1e-05_hd128_wd0.0_cosine,"lr1e-05,wd0.0",-1.476152973161485,7.104220118778696e-07
[16],12,"lr=0.003, wd=0.01",10,layer4_lr1e-05_hd128_wd0.01_cosine,"lr1e-05,wd0.01",-1.568286090225876,2.7912741239259252e-05
[16],12,"lr=0.003, wd=0.01",10,layer4_lr3e-05_hd128_wd0.0_cosine,"lr3e-05,wd0.0",-1.3792821160051796,0.00012374521037682265
[16],12,"lr=0.003, wd=0.01",10,layer4_lr3e-05_hd128_wd0.01_cosine,"lr3e-05,wd0.01",-1.4669780658512475,0.0005221444036006271
[16],12,"lr=0.003, wd=0.01",10,layer4_lr0.0001_hd128_wd0.0_cosine,"lr0.0001,wd0.0",-1.406279190622961,0.0009199371904549799
[16],12,"lr=0.003, wd=0.01",10,layer4_lr0.0001_hd128_wd0.01_cosine,"lr0.0001,wd0.01",-1.597578127055224,0.00016874036506538963
[16],12,"lr=0.003, wd=0.01",10,layer4_lr0.0003_hd128_wd0.0_cosine,"lr0.0003,wd0.0",-1.352739860381749,0.0031154185489760482
[16],12,"lr=0.003, wd=0.01",10,layer4_lr0.0003_hd128_wd0.01_cosine,"lr0.0003,wd0.01",-1.7138175240361404,2.131945901277376e-05
[16],12,"lr=0.003, wd=0.01",10,layer4_lr0.001_hd128_wd0.0_cosine,"lr0.001,wd0.0",-1.4428352547100063,0.002870042053006916
[16],12,"lr=0.003, wd=0.01",10,layer4_lr0.001_hd128_wd0.01_cosine,"lr0.001,wd0.01",-1.7167295902141642,5.295866905712067e-06
[16],12,"lr=0.003, wd=0.01",10,layer4_lr0.003_hd128_wd0.0_cosine,"lr0.003,wd0.0",-1.5403842502514689,0.0014367297409157865
[16],12,"lr=0.003, wd=0.01",10,layer4_lr0.003_hd128_wd0.01_cosine,"lr0.003,wd0.01",-1.9957720684696605,8.175278595534117e-05
[16],12,"lr=0.003, wd=0.01",20,layer4_lr1e-05_hd128_wd0.0_cosine,"lr1e-05,wd0.0",-1.6437474780306747,0.00010679855831850191
[16],12,"lr=0.003, wd=0.01",20,layer4_lr1e-05_hd128_wd0.01_cosine,"lr1e-05,wd0.01",-1.6635553061188633,0.00028657439947344775
[16],12,"lr=0.003, wd=0.01",20,layer4_lr3e-05_hd128_wd0.0_cosine,"lr3e-05,wd0.0",-1.50563400048316,0.00019431320246770113
[16],12,"lr=0.003, wd=0.01",20,layer4_lr3e-05_hd128_wd0.01_cosine,"lr3e-05,wd0.01",-1.6771379430042181,9.01049579078415e-05
[16],12,"lr=0.003, wd=0.01",20,layer4_lr0.0001_hd128_wd0.0_cosine,"lr0.0001,wd0.0",-1.527136531938707,0.0011277720136684008
[16],12,"lr=0.003, wd=0.01",20,layer4_lr0.0001_hd128_wd0.01_cosine,"lr0.0001,wd0.01",-1.762228773680907,6.926581871734996e-05
[16],12,"lr=0.003, wd=0.01",20,layer4_lr0.0003_hd128_wd0.0_cosine,"lr0.0003,wd0.0",-1.5515548272378847,0.0024546587321676544
[16],12,"lr=0.003, wd=0.01",20,layer4_lr0.0003_hd128_wd0.01_cosine,"lr0.0003,wd0.01",-1.8419127319028312,1.1153027042932123e-05
[16],12,"lr=0.003, wd=0.01",20,layer4_lr0.001_hd128_wd0.0_cosine,"lr0.001,wd0.0",-1.557800980913481,0.0024800764198771395
[16],12,"lr=0.003, wd=0.01",20,layer4_lr0.001_hd128_wd0.01_cosine,"lr0.001,wd0.01",-1.8128623511566346,8.587223727019859e-07
[16],12,"lr=0.003, wd=0.01",20,layer4_lr0.003_hd128_wd0.0_cosine,"lr0.003,wd0.0",-1.7024302763922026,0.0014993304811968978
[16],12,"lr=0.003, wd=0.01",20,layer4_lr0.003_hd128_wd0.01_cosine,"lr0.003,wd0.01",-2.4089169951623894,0.0004730288477908952
[16],12,"lr=0.003, wd=0.01",50,layer4_lr1e-05_hd128_wd0.0_cosine,"lr1e-05,wd0.0",-3.3292373681189367,2.6153454172764547e-05
[16],12,"lr=0.003, wd=0.01",50,layer4_lr1e-05_hd128_wd0.01_cosine,"lr1e-05,wd0.01",-3.288150283622365,1.7111021512775715e-05
[16],12,"lr=0.003, wd=0.01",50,layer4_lr3e-05_hd128_wd0.0_cosine,"lr3e-05,wd0.0",-2.5220990535092804,4.001447960860573e-05
[16],12,"lr=0.003, wd=0.01",50,layer4_lr3e-05_hd128_wd0.01_cosine,"lr3e-05,wd0.01",-2.8110174626601796,2.1428299779135454e-05
[16],12,"lr=0.003, wd=0.01",50,layer4_lr0.0001_hd128_wd0.0_cosine,"lr0.0001,wd0.0",-2.1478188243559715,0.00017525016788317509
[16],12,"lr=0.003, wd=0.01",50,layer4_lr0.0001_hd128_wd0.01_cosine,"lr0.0001,wd0.01",-3.433747898728747,9.6116364261785e-07
[16],12,"lr=0.003, wd=0.01",50,layer4_lr0.0003_hd128_wd0.0_cosine,"lr0.0003,wd0.0",-1.9803723943052225,4.53802511583753e-05
[16],12,"lr=0.003, wd=0.01",50,layer4_lr0.0003_hd128_wd0.01_cosine,"lr0.0003,wd0.01",-3.6197133718928254,2.1296870270300072e-07
[16],12,"lr=0.003, wd=0.01",50,layer4_lr0.001_hd128_wd0.0_cosine,"lr0.001,wd0.0",-1.9185106765127995,0.0001449627881298836
[16],12,"lr=0.003, wd=0.01",50,layer4_lr0.001_hd128_wd0.01_cosine,"lr0.001,wd0.01",-2.8297381163893935,0.0001926820840136541
[16],12,"lr=0.003, wd=0.01",50,layer4_lr0.003_hd128_wd0.0_cosine,"lr0.003,wd0.0",-2.2371708059358326,0.0005059533708017706
[16],12,"lr=0.003, wd=0.01",50,layer4_lr0.003_hd128_wd0.01_cosine,"lr0.003,wd0.01",-0.9494836111342262,0.0005416126112693444
[16],12,"lr=0.003, wd=0.01",90,layer4_lr1e-05_hd128_wd0.0_cosine,"lr1e-05,wd0.0",-3.973703493121758,1.0361030797184938e-05
[16],12,"lr=0.003, wd=0.01",90,layer4_lr1e-05_hd128_wd0.01_cosine,"lr1e-05,wd0.01",-4.1070328386679895,3.066280329541586e-06
[16],12,"lr=0.003, wd=0.01",90,layer4_lr3e-05_hd128_wd0.0_cosine,"lr3e-05,wd0.0",-4.03689861977638,4.217748710353473e-06
[16],12,"lr=0.003, wd=0.01",90,layer4_lr3e-05_hd128_wd0.01_cosine,"lr3e-05,wd0.01",-4.117214745211218,1.4854524924441725e-06
[16],12,"lr=0.003, wd=0.01",90,layer4_lr0.0001_hd128_wd0.0_cosine,"lr0.0001,wd0.0",-2.3621297986488297,6.677547945164389e-07
[16],12,"lr=0.003, wd=0.01",90,layer4_lr0.0001_hd128_wd0.01_cosine,"lr0.0001,wd0.01",-4.140709614578771,1.6556679371536138e-06
[16],12,"lr=0.003, wd=0.01",90,layer4_lr0.0003_hd128_wd0.0_cosine,"lr0.0003,wd0.0",-2.4501030490130717,5.100988734185638e-07
[16],12,"lr=0.003, wd=0.01",90,layer4_lr0.0003_hd128_wd0.01_cosine,"lr0.0003,wd0.01",-4.138723002936589,1.7258597471749134e-06
[16],12,"lr=0.003, wd=0.01",90,layer4_lr0.001_hd128_wd0.0_cosine,"lr0.001,wd0.0",-2.4894908434784058,6.60104059904232e-05
[16],12,"lr=0.003, wd=0.01",90,layer4_lr0.001_hd128_wd0.01_cosine,"lr0.001,wd0.01",-3.8207315714708066,1.2339714991435506e-07
[16],12,"lr=0.003, wd=0.01",90,layer4_lr0.003_hd128_wd0.0_cosine,"lr0.003,wd0.0",-2.3343519400326254,1.5020494391705833e-05
[16],12,"lr=0.003, wd=0.01",90,layer4_lr0.003_hd128_wd0.01_cosine,"lr0.003,wd0.01",-3.37720068710681,6.420113575571023e-05
[24],1,"lr=1e-05, wd=0.0",0,layer4_lr1e-05_hd128_wd0.0_cosine,"lr1e-05,wd0.0",-1.3858141644145758,0.0027767405283255393
[24],1,"lr=1e-05, wd=0.0",0,layer4_lr1e-05_hd128_wd0.01_cosine,"lr1e-05,wd0.01",-1.476638038174925,0.0013680552256837872
[24],1,"lr=1e-05, wd=0.0",0,layer4_lr3e-05_hd128_wd0.0_cosine,"lr3e-05,wd0.0",-1.206879358273726,0.00509736968638868
[24],1,"lr=1e-05, wd=0.0",0,layer4_lr3e-05_hd128_wd0.01_cosine,"lr3e-05,wd0.01",-1.4116155891710513,0.0024569277156663034
[24],1,"lr=1e-05, wd=0.0",0,layer4_lr0.0001_hd128_wd0.0_cosine,"lr0.0001,wd0.0",-1.2998003219179521,0.003746646389994506
[24],1,"lr=1e-05, wd=0.0",0,layer4_lr0.0001_hd128_wd0.01_cosine,"lr0.0001,wd0.01",-1.3361570489442862,0.0034458052077213997
[24],1,"lr=1e-05, wd=0.0",0,layer4_lr0.0003_hd128_wd0.0_cosine,"lr0.0003,wd0.0",-1.4216088468928179,0.0016259026495747083
[24],1,"lr=1e-05, wd=0.0",0,layer4_lr0.0003_hd128_wd0.01_cosine,"lr0.0003,wd0.01",-1.3012817079985348,0.00371381267898014
[24],1,"lr=1e-05, wd=0.0",0,layer4_lr0.001_hd128_wd0.0_cosine,"lr0.001,wd0.0",-1.3911739535832215,0.0010319685001922093
[24],1,"lr=1e-05, wd=0.0",0,layer4_lr0.001_hd128_wd0.01_cosine,"lr0.001,wd0.01",-1.2785303559807155,0.0034008574262696244
[24],1,"lr=1e-05, wd=0.0",0,layer4_lr0.003_hd128_wd0.0_cosine,"lr0.003,wd0.0",-1.3023398571585338,0.0012413163925918253
[24],1,"lr=1e-05, wd=0.0",0,layer4_lr0.003_hd128_wd0.01_cosine,"lr0.003,wd0.01",-1.2500570963658504,0.002760343810665451
[24],1,"lr=1e-05, wd=0.0",5,layer4_lr1e-05_hd128_wd0.0_cosine,"lr1e-05,wd0.0",-1.604428329964055,0.0003273542694346072
[24],1,"lr=1e-05, wd=0.0",5,layer4_lr1e-05_hd128_wd0.01_cosine,"lr1e-05,wd0.01",-1.6510461966445042,1.6254871569833277e-05
[24],1,"lr=1e-05, wd=0.0",5,layer4_lr3e-05_hd128_wd0.0_cosine,"lr3e-05,wd0.0",-1.4779264447364167,7.416190547469739e-05
[24],1,"lr=1e-05, wd=0.0",5,layer4_lr3e-05_hd128_wd0.01_cosine,"lr3e-05,wd0.01",-1.5880508799648534,2.132877329803714e-06
[24],1,"lr=1e-05, wd=0.0",5,layer4_lr0.0001_hd128_wd0.0_cosine,"lr0.0001,wd0.0",-1.3659059829319846,0.0003865958020874701
[24],1,"lr=1e-05, wd=0.0",5,layer4_lr0.0001_hd128_wd0.01_cosine,"lr0.0001,wd0.01",-1.4758434898348918,3.800394251500145e-07
[24],1,"lr=1e-05, wd=0.0",5,layer4_lr0.0003_hd128_wd0.0_cosine,"lr0.0003,wd0.0",-1.1526878250964852,0.0033784415545227023
[24],1,"lr=1e-05, wd=0.0",5,layer4_lr0.0003_hd128_wd0.01_cosine,"lr0.0003,wd0.01",-1.3425126574060657,1.4585785822152114e-05
[24],1,"lr=1e-05, wd=0.0",5,layer4_lr0.001_hd128_wd0.0_cosine,"lr0.001,wd0.0",-0.9861018620507425,0.005632591347438227
[24],1,"lr=1e-05, wd=0.0",5,layer4_lr0.001_hd128_wd0.01_cosine,"lr0.001,wd0.01",-0.9943122224850129,0.0011164560250349245
[24],1,"lr=1e-05, wd=0.0",5,layer4_lr0.003_hd128_wd0.0_cosine,"lr0.003,wd0.0",-0.8811040942717046,0.00622262758075345
[24],1,"lr=1e-05, wd=0.0",5,layer4_lr0.003_hd128_wd0.01_cosine,"lr0.003,wd0.01",-1.292515342893278,0.000990790424504059
[24],1,"lr=1e-05, wd=0.0",10,layer4_lr1e-05_hd128_wd0.0_cosine,"lr1e-05,wd0.0",-1.7624816215093448,0.00029166270740777406
[24],1,"lr=1e-05, wd=0.0",10,layer4_lr1e-05_hd128_wd0.01_cosine,"lr1e-05,wd0.01",-1.857735852154282,0.00015001849026852407
[24],1,"lr=1e-05, wd=0.0",10,layer4_lr3e-05_hd128_wd0.0_cosine,"lr3e-05,wd0.0",-1.8746955109581478,5.1467232411688094e-05
[24],1,"lr=1e-05, wd=0.0",10,layer4_lr3e-05_hd128_wd0.01_cosine,"lr3e-05,wd0.01",-1.9477127861805688,2.7152566808910043e-05
[24],1,"lr=1e-05, wd=0.0",10,layer4_lr0.0001_hd128_wd0.0_cosine,"lr0.0001,wd0.0",-1.5003927328233368,0.0009182584767191465
[24],1,"lr=1e-05, wd=0.0",10,layer4_lr0.0001_hd128_wd0.01_cosine,"lr0.0001,wd0.01",-1.6939063801438035,6.15902768269726e-05
[24],1,"lr=1e-05, wd=0.0",10,layer4_lr0.0003_hd128_wd0.0_cosine,"lr0.0003,wd0.0",-1.2146729905827502,0.004100656520438072
[24],1,"lr=1e-05, wd=0.0",10,layer4_lr0.0003_hd128_wd0.01_cosine,"lr0.0003,wd0.01",-1.423228271841601,7.513683895386907e-05
[24],1,"lr=1e-05, wd=0.0",10,layer4_lr0.001_hd128_wd0.0_cosine,"lr0.001,wd0.0",-1.2001320242115885,0.004168500996543111
[24],1,"lr=1e-05, wd=0.0",10,layer4_lr0.001_hd128_wd0.01_cosine,"lr0.001,wd0.01",-1.4102224101204393,7.075667672116753e-07
[24],1,"lr=1e-05, wd=0.0",10,layer4_lr0.003_hd128_wd0.0_cosine,"lr0.003,wd0.0",-1.2948197888616415,0.0020943995573065575
[24],1,"lr=1e-05, wd=0.0",10,layer4_lr0.003_hd128_wd0.01_cosine,"lr0.003,wd0.01",-1.179980647395933,3.0012037933301194e-05
[24],1,"lr=1e-05, wd=0.0",20,layer4_lr1e-05_hd128_wd0.0_cosine,"lr1e-05,wd0.0",-1.8753398652340214,8.275933945595073e-06
[24],1,"lr=1e-05, wd=0.0",20,layer4_lr1e-05_hd128_wd0.01_cosine,"lr1e-05,wd0.01",-1.9596815913533627,8.513794248588158e-06
[24],1,"lr=1e-05, wd=0.0",20,layer4_lr3e-05_hd128_wd0.0_cosine,"lr3e-05,wd0.0",-1.9167009082997988,3.3348017045663295e-05
[24],1,"lr=1e-05, wd=0.0",20,layer4_lr3e-05_hd128_wd0.01_cosine,"lr3e-05,wd0.01",-2.1270737950273872,1.0318049175496462e-06
[24],1,"lr=1e-05, wd=0.0",20,layer4_lr0.0001_hd128_wd0.0_cosine,"lr0.0001,wd0.0",-1.6804231746679088,0.0012005264709397641
[24],1,"lr=1e-05, wd=0.0",20,layer4_lr0.0001_hd128_wd0.01_cosine,"lr0.0001,wd0.01",-1.907896018598183,6.689931449758715e-05
[24],1,"lr=1e-05, wd=0.0",20,layer4_lr0.0003_hd128_wd0.0_cosine,"lr0.0003,wd0.0",-1.4679129830158821,0.0029635633708540074
[24],1,"lr=1e-05, wd=0.0",20,layer4_lr0.0003_hd128_wd0.01_cosine,"lr0.0003,wd0.01",-1.4318172450547115,5.8469834398925434e-05
[24],1,"lr=1e-05, wd=0.0",20,layer4_lr0.001_hd128_wd0.0_cosine,"lr0.001,wd0.0",-1.4525565675376362,0.0030514153218119838
[24],1,"lr=1e-05, wd=0.0",20,layer4_lr0.001_hd128_wd0.01_cosine,"lr0.001,wd0.01",-1.3691798347103858,5.8547406964866476e-05
[24],1,"lr=1e-05, wd=0.0",20,layer4_lr0.003_hd128_wd0.0_cosine,"lr0.003,wd0.0",-1.4530219024862965,0.002050591008761363
[24],1,"lr=1e-05, wd=0.0",20,layer4_lr0.003_hd128_wd0.01_cosine,"lr0.003,wd0.01",-1.552016348603136,0.000562585114756208
[24],1,"lr=1e-05, wd=0.0",50,layer4_lr1e-05_hd128_wd0.0_cosine,"lr1e-05,wd0.0",-2.450783773647448,4.920864388466422e-06
[24],1,"lr=1e-05, wd=0.0",50,layer4_lr1e-05_hd128_wd0.01_cosine,"lr1e-05,wd0.01",-2.519153037460207,2.4780211859968213e-06
[24],1,"lr=1e-05, wd=0.0",50,layer4_lr3e-05_hd128_wd0.0_cosine,"lr3e-05,wd0.0",-2.290947091099954,2.712040395223664e-05
[24],1,"lr=1e-05, wd=0.0",50,layer4_lr3e-05_hd128_wd0.01_cosine,"lr3e-05,wd0.01",-2.7585161677810075,8.801648397297392e-06
[24],1,"lr=1e-05, wd=0.0",50,layer4_lr0.0001_hd128_wd0.0_cosine,"lr0.0001,wd0.0",-2.0833497262733958,0.00019410662364411117
[24],1,"lr=1e-05, wd=0.0",50,layer4_lr0.0001_hd128_wd0.01_cosine,"lr0.0001,wd0.01",-3.79905616339992,1.2983338386472073e-06
[24],1,"lr=1e-05, wd=0.0",50,layer4_lr0.0003_hd128_wd0.0_cosine,"lr0.0003,wd0.0",-1.7866198485683937,0.00033757523402932045
[24],1,"lr=1e-05, wd=0.0",50,layer4_lr0.0003_hd128_wd0.01_cosine,"lr0.0003,wd0.01",-3.3459196751209754,4.0914394210654523e-07
[24],1,"lr=1e-05, wd=0.0",50,layer4_lr0.001_hd128_wd0.0_cosine,"lr0.001,wd0.0",-1.709306591463942,0.00020417612081908795
[24],1,"lr=1e-05, wd=0.0",50,layer4_lr0.001_hd128_wd0.01_cosine,"lr0.001,wd0.01",-2.2315941562037183,0.00020362033991682833
[24],1,"lr=1e-05, wd=0.0",50,layer4_lr0.003_hd128_wd0.0_cosine,"lr0.003,wd0.0",-2.2610679749496145,0.0005464166190967851
[24],1,"lr=1e-05, wd=0.0",50,layer4_lr0.003_hd128_wd0.01_cosine,"lr0.003,wd0.01",-2.0944338951835855,0.0006423053639957628
[24],1,"lr=1e-05, wd=0.0",90,layer4_lr1e-05_hd128_wd0.0_cosine,"lr1e-05,wd0.0",-3.957152381888597,7.195023532976786e-06
[24],1,"lr=1e-05, wd=0.0",90,layer4_lr1e-05_hd128_wd0.01_cosine,"lr1e-05,wd0.01",-4.11045704414507,1.2495662990263204e-06
[24],1,"lr=1e-05, wd=0.0",90,layer4_lr3e-05_hd128_wd0.0_cosine,"lr3e-05,wd0.0",-3.96575972331307,4.11095653267716e-06
[24],1,"lr=1e-05, wd=0.0",90,layer4_lr3e-05_hd128_wd0.01_cosine,"lr3e-05,wd0.01",-4.101684638486386,9.261602987382767e-07
[24],1,"lr=1e-05, wd=0.0",90,layer4_lr0.0001_hd128_wd0.0_cosine,"lr0.0001,wd0.0",-2.4382128005346257,4.2866148341506135e-06
[24],1,"lr=1e-05, wd=0.0",90,layer4_lr0.0001_hd128_wd0.01_cosine,"lr0.0001,wd0.01",-4.1282133826658365,2.3720212248678914e-06
[24],1,"lr=1e-05, wd=0.0",90,layer4_lr0.0003_hd128_wd0.0_cosine,"lr0.0003,wd0.0",-2.50144919852304,2.595481885664633e-05
[24],1,"lr=1e-05, wd=0.0",90,layer4_lr0.0003_hd128_wd0.01_cosine,"lr0.0003,wd0.01",-4.145038829999184,7.31742862057302e-07
[24],1,"lr=1e-05, wd=0.0",90,layer4_lr0.001_hd128_wd0.0_cosine,"lr0.001,wd0.0",-2.4723025249008597,0.0001378177695728805
[24],1,"lr=1e-05, wd=0.0",90,layer4_lr0.001_hd128_wd0.01_cosine,"lr0.001,wd0.01",-3.7529380706088493,4.301137440779815e-07
[24],1,"lr=1e-05, wd=0.0",90,layer4_lr0.003_hd128_wd0.0_cosine,"lr0.003,wd0.0",-2.390129381517145,0.00010329614778138115
[24],1,"lr=1e-05, wd=0.0",90,layer4_lr0.003_hd128_wd0.01_cosine,"lr0.003,wd0.01",-3.3297072046792944,3.341953578541838e-05
[24],2,"lr=1e-05, wd=0.01",0,layer4_lr1e-05_hd128_wd0.0_cosine,"lr1e-05,wd0.0",-1.3276285619774222,0.0034874460334312378
[24],2,"lr=1e-05, wd=0.01",0,layer4_lr1e-05_hd128_wd0.01_cosine,"lr1e-05,wd0.01",-1.466638420032315,0.001838511582423331
[24],2,"lr=1e-05, wd=0.01",0,layer4_lr3e-05_hd128_wd0.0_cosine,"lr3e-05,wd0.0",-1.132820285439635,0.006043564075961422
[24],2,"lr=1e-05, wd=0.01",0,layer4_lr3e-05_hd128_wd0.01_cosine,"lr3e-05,wd0.01",-1.3681328503580563,0.003082523619553094
[24],2,"lr=1e-05, wd=0.01",0,layer4_lr0.0001_hd128_wd0.0_cosine,"lr0.0001,wd0.0",-1.232184918093378,0.0045606093711784874
[24],2,"lr=1e-05, wd=0.01",0,layer4_lr0.0001_hd128_wd0.01_cosine,"lr0.0001,wd0.01",-1.271138795337814,0.004200065109020181
[24],2,"lr=1e-05, wd=0.01",0,layer4_lr0.0003_hd128_wd0.0_cosine,"lr0.0003,wd0.0",-1.3604015144778394,0.002165785065154839
[24],2,"lr=1e-05, wd=0.01",0,layer4_lr0.0003_hd128_wd0.01_cosine,"lr0.0003,wd0.01",-1.230468579559076,0.004503132873258624
[24],2,"lr=1e-05, wd=0.01",0,layer4_lr0.001_hd128_wd0.0_cosine,"lr0.001,wd0.0",-1.3334243791644567,0.0014653808971374996
[24],2,"lr=1e-05, wd=0.01",0,layer4_lr0.001_hd128_wd0.01_cosine,"lr0.001,wd0.01",-1.2100064653816442,0.0041640438999170715
[24],2,"lr=1e-05, wd=0.01",0,layer4_lr0.003_hd128_wd0.0_cosine,"lr0.003,wd0.0",-1.2492251156761036,0.0017138983353378711
[24],2,"lr=1e-05, wd=0.01",0,layer4_lr0.003_hd128_wd0.01_cosine,"lr0.003,wd0.01",-1.1892001437231492,0.0034571117377549298
[24],2,"lr=1e-05, wd=0.01",5,layer4_lr1e-05_hd128_wd0.0_cosine,"lr1e-05,wd0.0",-1.5183225695671978,0.00034776466986940444
[24],2,"lr=1e-05, wd=0.01",5,layer4_lr1e-05_hd128_wd0.01_cosine,"lr1e-05,wd0.01",-1.5619884556845374,9.327967796350566e-06
[24],2,"lr=1e-05, wd=0.01",5,layer4_lr3e-05_hd128_wd0.0_cosine,"lr3e-05,wd0.0",-1.4742656647935017,0.00010680771404808114
[24],2,"lr=1e-05, wd=0.01",5,layer4_lr3e-05_hd128_wd0.01_cosine,"lr3e-05,wd0.01",-1.572045802255446,3.893699529961602e-06
[24],2,"lr=1e-05, wd=0.01",5,layer4_lr0.0001_hd128_wd0.0_cosine,"lr0.0001,wd0.0",-1.3358720812401397,0.0004144717592822661
[24],2,"lr=1e-05, wd=0.01",5,layer4_lr0.0001_hd128_wd0.01_cosine,"lr0.0001,wd0.01",-1.4520718181652996,6.418069808650533e-07
[24],2,"lr=1e-05, wd=0.01",5,layer4_lr0.0003_hd128_wd0.0_cosine,"lr0.0003,wd0.0",-1.1392273906394639,0.003388173353673787
[24],2,"lr=1e-05, wd=0.01",5,layer4_lr0.0003_hd128_wd0.01_cosine,"lr0.0003,wd0.01",-1.340249885113241,9.41882064484542e-06
[24],2,"lr=1e-05, wd=0.01",5,layer4_lr0.001_hd128_wd0.0_cosine,"lr0.001,wd0.0",-0.9965481028020127,0.005342664568286122
[24],2,"lr=1e-05, wd=0.01",5,layer4_lr0.001_hd128_wd0.01_cosine,"lr0.001,wd0.01",-1.0055029762906909,0.0008403631459941519
[24],2,"lr=1e-05, wd=0.01",5,layer4_lr0.003_hd128_wd0.0_cosine,"lr0.003,wd0.0",-0.8888727119732186,0.005894469212619832
[24],2,"lr=1e-05, wd=0.01",5,layer4_lr0.003_hd128_wd0.01_cosine,"lr0.003,wd0.01",-1.3368292394994699,0.0010947317128854194
[24],2,"lr=1e-05, wd=0.01",10,layer4_lr1e-05_hd128_wd0.0_cosine,"lr1e-05,wd0.0",-1.6861242267925103,0.00031648917533439743
[24],2,"lr=1e-05, wd=0.01",10,layer4_lr1e-05_hd128_wd0.01_cosine,"lr1e-05,wd0.01",-1.8013548050663404,0.00016470959229483427
[24],2,"lr=1e-05, wd=0.01",10,layer4_lr3e-05_hd128_wd0.0_cosine,"lr3e-05,wd0.0",-1.8331699595507316,5.228677227268215e-05
[24],2,"lr=1e-05, wd=0.01",10,layer4_lr3e-05_hd128_wd0.01_cosine,"lr3e-05,wd0.01",-1.911920912013049,2.8875179023122116e-05
[24],2,"lr=1e-05, wd=0.01",10,layer4_lr0.0001_hd128_wd0.0_cosine,"lr0.0001,wd0.0",-1.4725484634442538,0.0009866290307193552
[24],2,"lr=1e-05, wd=0.01",10,layer4_lr0.0001_hd128_wd0.01_cosine,"lr0.0001,wd0.01",-1.6744152837654505,6.143834405472842e-05
[24],2,"lr=1e-05, wd=0.01",10,layer4_lr0.0003_hd128_wd0.0_cosine,"lr0.0003,wd0.0",-1.2006525856486323,0.004211705734753992
[24],2,"lr=1e-05, wd=0.01",10,layer4_lr0.0003_hd128_wd0.01_cosine,"lr0.0003,wd0.01",-1.429576667302125,6.0294166691064844e-05
[24],2,"lr=1e-05, wd=0.01",10,layer4_lr0.001_hd128_wd0.0_cosine,"lr0.001,wd0.0",-1.1944293396158545,0.004212220232730292
[24],2,"lr=1e-05, wd=0.01",10,layer4_lr0.001_hd128_wd0.01_cosine,"lr0.001,wd0.01",-1.3946209035601977,1.4870601516292336e-06
[24],2,"lr=1e-05, wd=0.01",10,layer4_lr0.003_hd128_wd0.0_cosine,"lr0.003,wd0.0",-1.2990722751822523,0.0020560306069638606
[24],2,"lr=1e-05, wd=0.01",10,layer4_lr0.003_hd128_wd0.01_cosine,"lr0.003,wd0.01",-1.2011054019302647,1.519734033922987e-06
[24],2,"lr=1e-05, wd=0.01",20,layer4_lr1e-05_hd128_wd0.0_cosine,"lr1e-05,wd0.0",-1.7903749458494154,4.915879887376281e-07
[24],2,"lr=1e-05, wd=0.01",20,layer4_lr1e-05_hd128_wd0.01_cosine,"lr1e-05,wd0.01",-1.8924332396277945,1.0274419203469923e-05
[24],2,"lr=1e-05, wd=0.01",20,layer4_lr3e-05_hd128_wd0.0_cosine,"lr3e-05,wd0.0",-1.9101266888973456,3.0098698911335238e-05
[24],2,"lr=1e-05, wd=0.01",20,layer4_lr3e-05_hd128_wd0.01_cosine,"lr3e-05,wd0.01",-2.0970790240055446,1.0890666323758344e-06
[24],2,"lr=1e-05, wd=0.01",20,layer4_lr0.0001_hd128_wd0.0_cosine,"lr0.0001,wd0.0",-1.6568694594527809,0.001252819634393231
[24],2,"lr=1e-05, wd=0.01",20,layer4_lr0.0001_hd128_wd0.01_cosine,"lr0.0001,wd0.01",-1.8891138687200535,6.756447211899184e-05
[24],2,"lr=1e-05, wd=0.01",20,layer4_lr0.0003_hd128_wd0.0_cosine,"lr0.0003,wd0.0",-1.454435781136447,0.0030199674162247722
[24],2,"lr=1e-05, wd=0.01",20,layer4_lr0.0003_hd128_wd0.01_cosine,"lr0.0003,wd0.01",-1.4428035889296016,5.118503406181183e-05
[24],2,"lr=1e-05, wd=0.01",20,layer4_lr0.001_hd128_wd0.0_cosine,"lr0.001,wd0.0",-1.4474387317230015,0.0030674248291140773
[24],2,"lr=1e-05, wd=0.01",20,layer4_lr0.001_hd128_wd0.01_cosine,"lr0.001,wd0.01",-1.3810173780020623,4.587145178212132e-05
[24],2,"lr=1e-05, wd=0.01",20,layer4_lr0.003_hd128_wd0.0_cosine,"lr0.003,wd0.0",-1.4539301055727778,0.0020435173695942106
[24],2,"lr=1e-05, wd=0.01",20,layer4_lr0.003_hd128_wd0.01_cosine,"lr0.003,wd0.01",-1.548383153787998,0.000586768789443476
[24],2,"lr=1e-05, wd=0.01",50,layer4_lr1e-05_hd128_wd0.0_cosine,"lr1e-05,wd0.0",-2.382623583722676,6.011339602540997e-06
[24],2,"lr=1e-05, wd=0.01",50,layer4_lr1e-05_hd128_wd0.01_cosine,"lr1e-05,wd0.01",-2.449731145732174,2.48543914371995e-06
[24],2,"lr=1e-05, wd=0.01",50,layer4_lr3e-05_hd128_wd0.0_cosine,"lr3e-05,wd0.0",-2.2811894467002785,2.6620801986887696e-05
[24],2,"lr=1e-05, wd=0.01",50,layer4_lr3e-05_hd128_wd0.01_cosine,"lr3e-05,wd0.01",-2.6121380636838922,8.735813442375067e-06
[24],2,"lr=1e-05, wd=0.01",50,layer4_lr0.0001_hd128_wd0.0_cosine,"lr0.0001,wd0.0",-2.0587054145950416,0.00018568808425395788
[24],2,"lr=1e-05, wd=0.01",50,layer4_lr0.0001_hd128_wd0.01_cosine,"lr0.0001,wd0.01",-3.778705528913807,1.2108878373229927e-06
[24],2,"lr=1e-05, wd=0.01",50,layer4_lr0.0003_hd128_wd0.0_cosine,"lr0.0003,wd0.0",-1.7820796426735173,0.00030898626679112497
[24],2,"lr=1e-05, wd=0.01",50,layer4_lr0.0003_hd128_wd0.01_cosine,"lr0.0003,wd0.01",-2.981869672482738,2.7044876342702955e-07
[24],2,"lr=1e-05, wd=0.01",50,layer4_lr0.001_hd128_wd0.0_cosine,"lr0.001,wd0.0",-1.7130019741673872,0.00015404914241378542
[24],2,"lr=1e-05, wd=0.01",50,layer4_lr0.001_hd128_wd0.01_cosine,"lr0.001,wd0.01",-2.203715229893078,0.0002119427887375146
[24],2,"lr=1e-05, wd=0.01",50,layer4_lr0.003_hd128_wd0.0_cosine,"lr0.003,wd0.0",-2.257166421598158,0.0005314877810144133
[24],2,"lr=1e-05, wd=0.01",50,layer4_lr0.003_hd128_wd0.01_cosine,"lr0.003,wd0.01",-2.074184952988872,0.0006572878044179466
[24],2,"lr=1e-05, wd=0.01",90,layer4_lr1e-05_hd128_wd0.0_cosine,"lr1e-05,wd0.0",-3.940544043100143,5.692426236113923e-06
[24],2,"lr=1e-05, wd=0.01",90,layer4_lr1e-05_hd128_wd0.01_cosine,"lr1e-05,wd0.01",-4.097820450398178,8.282602143162524e-07
[24],2,"lr=1e-05, wd=0.01",90,layer4_lr3e-05_hd128_wd0.0_cosine,"lr3e-05,wd0.0",-3.959177173683308,3.903128695705274e-06
[24],2,"lr=1e-05, wd=0.01",90,layer4_lr3e-05_hd128_wd0.01_cosine,"lr3e-05,wd0.01",-4.102666364583947,7.220737850312312e-07
[24],2,"lr=1e-05, wd=0.01",90,layer4_lr0.0001_hd128_wd0.0_cosine,"lr0.0001,wd0.0",-2.416317383629246,3.2605883955983954e-06
[24],2,"lr=1e-05, wd=0.01",90,layer4_lr0.0001_hd128_wd0.01_cosine,"lr0.0001,wd0.01",-4.132136449903769,2.127506962214528e-06
[24],2,"lr=1e-05, wd=0.01",90,layer4_lr0.0003_hd128_wd0.0_cosine,"lr0.0003,wd0.0",-2.485389273834384,2.3386823075562787e-05
[24],2,"lr=1e-05, wd=0.01",90,layer4_lr0.0003_hd128_wd0.01_cosine,"lr0.0003,wd0.01",-4.1391537724207055,8.874677182544325e-07
[24],2,"lr=1e-05, wd=0.01",90,layer4_lr0.001_hd128_wd0.0_cosine,"lr0.001,wd0.0",-2.460982808709052,0.00013065159391506003
[24],2,"lr=1e-05, wd=0.01",90,layer4_lr0.001_hd128_wd0.01_cosine,"lr0.001,wd0.01",-3.7093786707353567,4.887041016844055e-07
[24],2,"lr=1e-05, wd=0.01",90,layer4_lr0.003_hd128_wd0.0_cosine,"lr0.003,wd0.0",-2.3816464052366153,9.692468327586957e-05
[24],2,"lr=1e-05, wd=0.01",90,layer4_lr0.003_hd128_wd0.01_cosine,"lr0.003,wd0.01",-3.2898086055782847,3.121933982539097e-05
[24],3,"lr=3e-05, wd=0.0",0,layer4_lr1e-05_hd128_wd0.0_cosine,"lr1e-05,wd0.0",-1.1082329633217225,0.0007466715492726345
[24],3,"lr=3e-05, wd=0.0",0,layer4_lr1e-05_hd128_wd0.01_cosine,"lr1e-05,wd0.01",-1.112793832498458,0.0001299019019865443
[24],3,"lr=3e-05, wd=0.0",0,layer4_lr3e-05_hd128_wd0.0_cosine,"lr3e-05,wd0.0",-1.083750226885478,0.0021028443419028506
[24],3,"lr=3e-05, wd=0.0",0,layer4_lr3e-05_hd128_wd0.01_cosine,"lr3e-05,wd0.01",-1.1200972649902223,0.0005806144198836006
[24],3,"lr=3e-05, wd=0.0",0,layer4_lr0.0001_hd128_wd0.0_cosine,"lr0.0001,wd0.0",-1.108464467065216,0.001242293999676511
[24],3,"lr=3e-05, wd=0.0",0,layer4_lr0.0001_hd128_wd0.01_cosine,"lr0.0001,wd0.01",-1.1162129754358516,0.0010906259589203804
[24],3,"lr=3e-05, wd=0.0",0,layer4_lr0.0003_hd128_wd0.0_cosine,"lr0.0003,wd0.0",-1.1304516603473074,0.0001967308133679142
[24],3,"lr=3e-05, wd=0.0",0,layer4_lr0.0003_hd128_wd0.01_cosine,"lr0.0003,wd0.01",-1.1147253022301644,0.0012223697237994256
[24],3,"lr=3e-05, wd=0.0",0,layer4_lr0.001_hd128_wd0.0_cosine,"lr0.001,wd0.0",-1.1153253061347677,3.2027312139721985e-05
[24],3,"lr=3e-05, wd=0.0",0,layer4_lr0.001_hd128_wd0.01_cosine,"lr0.001,wd0.01",-1.1064392978485378,0.00103166112949746
[24],3,"lr=3e-05, wd=0.0",0,layer4_lr0.003_hd128_wd0.0_cosine,"lr0.003,wd0.0",-1.0806613838599868,7.3186408269105e-05
[24],3,"lr=3e-05, wd=0.0",0,layer4_lr0.003_hd128_wd0.01_cosine,"lr0.003,wd0.01",-1.0839385901631038,0.0006788221997542184
[24],3,"lr=3e-05, wd=0.0",5,layer4_lr1e-05_hd128_wd0.0_cosine,"lr1e-05,wd0.0",-1.9386363947375487,0.00024170399867024572
[24],3,"lr=3e-05, wd=0.0",5,layer4_lr1e-05_hd128_wd0.01_cosine,"lr1e-05,wd0.01",-2.1086105925835796,6.874691157753165e-06
[24],3,"lr=3e-05, wd=0.0",5,layer4_lr3e-05_hd128_wd0.0_cosine,"lr3e-05,wd0.0",-1.563923391652995,5.466870703230041e-05
[24],3,"lr=3e-05, wd=0.0",5,layer4_lr3e-05_hd128_wd0.01_cosine,"lr3e-05,wd0.01",-1.7300602368199207,1.890912626224343e-06
[24],3,"lr=3e-05, wd=0.0",5,layer4_lr0.0001_hd128_wd0.0_cosine,"lr0.0001,wd0.0",-1.4086905193207035,0.0005121503187984656
[24],3,"lr=3e-05, wd=0.0",5,layer4_lr0.0001_hd128_wd0.01_cosine,"lr0.0001,wd0.01",-1.5127595713090076,1.4816499949942285e-05
[24],3,"lr=3e-05, wd=0.0",5,layer4_lr0.0003_hd128_wd0.0_cosine,"lr0.0003,wd0.0",-1.232805802191076,0.0030531441392080264
[24],3,"lr=3e-05, wd=0.0",5,layer4_lr0.0003_hd128_wd0.01_cosine,"lr0.0003,wd0.01",-1.4257925534013327,1.3930435096737792e-05
[24],3,"lr=3e-05, wd=0.0",5,layer4_lr0.001_hd128_wd0.0_cosine,"lr0.001,wd0.0",-1.0112480075660433,0.005564436825518823
[24],3,"lr=3e-05, wd=0.0",5,layer4_lr0.001_hd128_wd0.01_cosine,"lr0.001,wd0.01",-1.0484100963182699,0.0011361553858213699
[24],3,"lr=3e-05, wd=0.0",5,layer4_lr0.003_hd128_wd0.0_cosine,"lr0.003,wd0.0",-0.9233226924592144,0.005861283882196523
[24],3,"lr=3e-05, wd=0.0",5,layer4_lr0.003_hd128_wd0.01_cosine,"lr0.003,wd0.01",-1.284669181926481,0.0009137618332462477
[24],3,"lr=3e-05, wd=0.0",10,layer4_lr1e-05_hd128_wd0.0_cosine,"lr1e-05,wd0.0",-2.506504390386368,0.00022111931772794894
[24],3,"lr=3e-05, wd=0.0",10,layer4_lr1e-05_hd128_wd0.01_cosine,"lr1e-05,wd0.01",-3.0461767901898984,3.5121343551224996e-05
[24],3,"lr=3e-05, wd=0.0",10,layer4_lr3e-05_hd128_wd0.0_cosine,"lr3e-05,wd0.0",-1.7964106320682907,1.9228368102341078e-05
[24],3,"lr=3e-05, wd=0.0",10,layer4_lr3e-05_hd128_wd0.01_cosine,"lr3e-05,wd0.01",-1.8768854688032293,6.084664093770792e-05
[24],3,"lr=3e-05, wd=0.0",10,layer4_lr0.0001_hd128_wd0.0_cosine,"lr0.0001,wd0.0",-1.6436688334778755,0.0007915893386141618
[24],3,"lr=3e-05, wd=0.0",10,layer4_lr0.0001_hd128_wd0.01_cosine,"lr0.0001,wd0.01",-1.8257356406207912,8.286212374155907e-05
[24],3,"lr=3e-05, wd=0.0",10,layer4_lr0.0003_hd128_wd0.0_cosine,"lr0.0003,wd0.0",-1.3100857748187482,0.003462209434681721
[24],3,"lr=3e-05, wd=0.0",10,layer4_lr0.0003_hd128_wd0.01_cosine,"lr0.0003,wd0.01",-1.5199269087326996,7.980335395317381e-05
[24],3,"lr=3e-05, wd=0.0",10,layer4_lr0.001_hd128_wd0.0_cosine,"lr0.001,wd0.0",-1.2879368669982254,0.0036365455148097657
[24],3,"lr=3e-05, wd=0.0",10,layer4_lr0.001_hd128_wd0.01_cosine,"lr0.001,wd0.01",-1.5557302415967045,1.7777795351024725e-05
[24],3,"lr=3e-05, wd=0.0",10,layer4_lr0.003_hd128_wd0.0_cosine,"lr0.003,wd0.0",-1.3603554593256797,0.0019227954790715313
[24],3,"lr=3e-05, wd=0.0",10,layer4_lr0.003_hd128_wd0.01_cosine,"lr0.003,wd0.01",-1.2707667563792806,1.7274526691496292e-05
[24],3,"lr=3e-05, wd=0.0",20,layer4_lr1e-05_hd128_wd0.0_cosine,"lr1e-05,wd0.0",-2.6468948167694193,7.850164065280893e-05
[24],3,"lr=3e-05, wd=0.0",20,layer4_lr1e-05_hd128_wd0.01_cosine,"lr1e-05,wd0.01",-3.291916933566894,4.433463660095791e-06
[24],3,"lr=3e-05, wd=0.0",20,layer4_lr3e-05_hd128_wd0.0_cosine,"lr3e-05,wd0.0",-2.0751821270193997,1.410928710929108e-05
[24],3,"lr=3e-05, wd=0.0",20,layer4_lr3e-05_hd128_wd0.01_cosine,"lr3e-05,wd0.01",-2.2631426638582095,2.5963450352640113e-06
[24],3,"lr=3e-05, wd=0.0",20,layer4_lr0.0001_hd128_wd0.0_cosine,"lr0.0001,wd0.0",-1.7935212502132305,0.0010791900138573977
[24],3,"lr=3e-05, wd=0.0",20,layer4_lr0.0001_hd128_wd0.01_cosine,"lr0.0001,wd0.01",-2.0866549495990703,5.517655347050634e-05
[24],3,"lr=3e-05, wd=0.0",20,layer4_lr0.0003_hd128_wd0.0_cosine,"lr0.0003,wd0.0",-1.5241114091854522,0.002735577382824191
[24],3,"lr=3e-05, wd=0.0",20,layer4_lr0.0003_hd128_wd0.01_cosine,"lr0.0003,wd0.01",-1.6501015953763283,3.148932783006875e-05
[24],3,"lr=3e-05, wd=0.0",20,layer4_lr0.001_hd128_wd0.0_cosine,"lr0.001,wd0.0",-1.4967895250396648,0.0028752812671046977
[24],3,"lr=3e-05, wd=0.0",20,layer4_lr0.001_hd128_wd0.01_cosine,"lr0.001,wd0.01",-1.5138840601642656,1.4405407565514271e-05
[24],3,"lr=3e-05, wd=0.0",20,layer4_lr0.003_hd128_wd0.0_cosine,"lr0.003,wd0.0",-1.5741189232021906,0.0018889733733193984
[24],3,"lr=3e-05, wd=0.0",20,layer4_lr0.003_hd128_wd0.01_cosine,"lr0.003,wd0.01",-1.7736854903094559,0.0007329066646308574
[24],3,"lr=3e-05, wd=0.0",50,layer4_lr1e-05_hd128_wd0.0_cosine,"lr1e-05,wd0.0",-3.886660471472377,7.147340547670707e-06
[24],3,"lr=3e-05, wd=0.0",50,layer4_lr1e-05_hd128_wd0.01_cosine,"lr1e-05,wd0.01",-4.039330119011487,1.2742076323591004e-06
[24],3,"lr=3e-05, wd=0.0",50,layer4_lr3e-05_hd128_wd0.0_cosine,"lr3e-05,wd0.0",-3.304212332990747,2.244903071507042e-05
[24],3,"lr=3e-05, wd=0.0",50,layer4_lr3e-05_hd128_wd0.01_cosine,"lr3e-05,wd0.01",-3.8190857233844624,4.4148261342818364e-06
[24],3,"lr=3e-05, wd=0.0",50,layer4_lr0.0001_hd128_wd0.0_cosine,"lr0.0001,wd0.0",-2.149670982703459,0.00021956958944384795
[24],3,"lr=3e-05, wd=0.0",50,layer4_lr0.0001_hd128_wd0.01_cosine,"lr0.0001,wd0.01",-3.9031489718415733,8.448289348472484e-07
[24],3,"lr=3e-05, wd=0.0",50,layer4_lr0.0003_hd128_wd0.0_cosine,"lr0.0003,wd0.0",-1.756122311206181,0.00026765883715384044
[24],3,"lr=3e-05, wd=0.0",50,layer4_lr0.0003_hd128_wd0.01_cosine,"lr0.0003,wd0.01",-3.780576374192865,3.492936856729979e-08
[24],3,"lr=3e-05, wd=0.0",50,layer4_lr0.001_hd128_wd0.0_cosine,"lr0.001,wd0.0",-1.7086067758303967,8.54585963111027e-05
[24],3,"lr=3e-05, wd=0.0",50,layer4_lr0.001_hd128_wd0.01_cosine,"lr0.001,wd0.01",-2.3809396177741924,0.00021020394877677436
[24],3,"lr=3e-05, wd=0.0",50,layer4_lr0.003_hd128_wd0.0_cosine,"lr0.003,wd0.0",-2.2281734440294216,0.0005617782454231066
[24],3,"lr=3e-05, wd=0.0",50,layer4_lr0.003_hd128_wd0.01_cosine,"lr0.003,wd0.01",-2.167106397023963,0.0007028203067694359
[24],3,"lr=3e-05, wd=0.0",90,layer4_lr1e-05_hd128_wd0.0_cosine,"lr1e-05,wd0.0",-4.147588840890419,9.987746861304987e-07
[24],3,"lr=3e-05, wd=0.0",90,layer4_lr1e-05_hd128_wd0.01_cosine,"lr1e-05,wd0.01",-4.195509934004174,2.443783799349568e-07
[24],3,"lr=3e-05, wd=0.0",90,layer4_lr3e-05_hd128_wd0.0_cosine,"lr3e-05,wd0.0",-4.001821557891775,4.823821290330988e-06
[24],3,"lr=3e-05, wd=0.0",90,layer4_lr3e-05_hd128_wd0.01_cosine,"lr3e-05,wd0.01",-4.107551468781422,7.684818104355859e-07
[24],3,"lr=3e-05, wd=0.0",90,layer4_lr0.0001_hd128_wd0.0_cosine,"lr0.0001,wd0.0",-2.3983116825654522,3.5837910789679667e-06
[24],3,"lr=3e-05, wd=0.0",90,layer4_lr0.0001_hd128_wd0.01_cosine,"lr0.0001,wd0.01",-4.134022441648927,1.439935314763666e-06
[24],3,"lr=3e-05, wd=0.0",90,layer4_lr0.0003_hd128_wd0.0_cosine,"lr0.0003,wd0.0",-2.504953188907723,2.2733098849370876e-05
[24],3,"lr=3e-05, wd=0.0",90,layer4_lr0.0003_hd128_wd0.01_cosine,"lr0.0003,wd0.01",-4.126931506423132,2.5587633228464694e-06
[24],3,"lr=3e-05, wd=0.0",90,layer4_lr0.001_hd128_wd0.0_cosine,"lr0.001,wd0.0",-2.464834871653451,0.00012766703459606823
[24],3,"lr=3e-05, wd=0.0",90,layer4_lr0.001_hd128_wd0.01_cosine,"lr0.001,wd0.01",-3.8667221028592147,5.637822658119476e-06
[24],3,"lr=3e-05, wd=0.0",90,layer4_lr0.003_hd128_wd0.0_cosine,"lr0.003,wd0.0",-2.313247908419169,8.42072003098711e-05
[24],3,"lr=3e-05, wd=0.0",90,layer4_lr0.003_hd128_wd0.01_cosine,"lr0.003,wd0.01",-3.1777284127692074,0.00010169249264241707
[24],4,"lr=3e-05, wd=0.01",0,layer4_lr1e-05_hd128_wd0.0_cosine,"lr1e-05,wd0.0",-1.1121731937154513,0.001124035129247613
[24],4,"lr=3e-05, wd=0.01",0,layer4_lr1e-05_hd128_wd0.01_cosine,"lr1e-05,wd0.01",-1.1441378356053133,0.00030861185118979755
[24],4,"lr=3e-05, wd=0.01",0,layer4_lr3e-05_hd128_wd0.0_cosine,"lr3e-05,wd0.0",-1.075012821429589,0.0026887715297308217
[24],4,"lr=3e-05, wd=0.01",0,layer4_lr3e-05_hd128_wd0.01_cosine,"lr3e-05,wd0.01",-1.1430524876287014,0.0008962732469579937
[24],4,"lr=3e-05, wd=0.01",0,layer4_lr0.0001_hd128_wd0.0_cosine,"lr0.0001,wd0.0",-1.1015423804144033,0.0016909124503244886
[24],4,"lr=3e-05, wd=0.01",0,layer4_lr0.0001_hd128_wd0.01_cosine,"lr0.0001,wd0.01",-1.1200306622637022,0.0014981492243234002
[24],4,"lr=3e-05, wd=0.01",0,layer4_lr0.0003_hd128_wd0.0_cosine,"lr0.0003,wd0.0",-1.1273790129148566,0.0003932060096428722
[24],4,"lr=3e-05, wd=0.01",0,layer4_lr0.0003_hd128_wd0.01_cosine,"lr0.0003,wd0.01",-1.1035851485724282,0.0016562188908531132
[24],4,"lr=3e-05, wd=0.01",0,layer4_lr0.001_hd128_wd0.0_cosine,"lr0.001,wd0.0",-1.1073297655356629,0.00013096895388035095
[24],4,"lr=3e-05, wd=0.01",0,layer4_lr0.001_hd128_wd0.01_cosine,"lr0.001,wd0.01",-1.086351877970483,0.0014436785306233767
[24],4,"lr=3e-05, wd=0.01",0,layer4_lr0.003_hd128_wd0.0_cosine,"lr0.003,wd0.0",-1.0715844282024554,0.00020839957152273147
[24],4,"lr=3e-05, wd=0.01",0,layer4_lr0.003_hd128_wd0.01_cosine,"lr0.003,wd0.01",-1.0662145949206399,0.0010294127762676426
[24],4,"lr=3e-05, wd=0.01",5,layer4_lr1e-05_hd128_wd0.0_cosine,"lr1e-05,wd0.0",-1.8689216575866114,0.000371155151889871
[24],4,"lr=3e-05, wd=0.01",5,layer4_lr1e-05_hd128_wd0.01_cosine,"lr1e-05,wd0.01",-1.9677315547271197,2.0785257563526722e-05
[24],4,"lr=3e-05, wd=0.01",5,layer4_lr3e-05_hd128_wd0.0_cosine,"lr3e-05,wd0.0",-1.5142361661856143,9.47814452525441e-05
[24],4,"lr=3e-05, wd=0.01",5,layer4_lr3e-05_hd128_wd0.01_cosine,"lr3e-05,wd0.01",-1.7000474055319643,2.670365532299546e-06
[24],4,"lr=3e-05, wd=0.01",5,layer4_lr0.0001_hd128_wd0.0_cosine,"lr0.0001,wd0.0",-1.452641889445667,0.00032030357116729215
[24],4,"lr=3e-05, wd=0.01",5,layer4_lr0.0001_hd128_wd0.01_cosine,"lr0.0001,wd0.01",-1.5274885138045926,1.3861602863428267e-06
[24],4,"lr=3e-05, wd=0.01",5,layer4_lr0.0003_hd128_wd0.0_cosine,"lr0.0003,wd0.0",-1.230205674460561,0.0027890264997814294
[24],4,"lr=3e-05, wd=0.01",5,layer4_lr0.0003_hd128_wd0.01_cosine,"lr0.0003,wd0.01",-1.440751716598907,1.3182044030664266e-06
[24],4,"lr=3e-05, wd=0.01",5,layer4_lr0.001_hd128_wd0.0_cosine,"lr0.001,wd0.0",-1.0312032723399325,0.004964891745290625
[24],4,"lr=3e-05, wd=0.01",5,layer4_lr0.001_hd128_wd0.01_cosine,"lr0.001,wd0.01",-1.0580799538549504,0.000831964277060601
[24],4,"lr=3e-05, wd=0.01",5,layer4_lr0.003_hd128_wd0.0_cosine,"lr0.003,wd0.0",-0.9400682671753205,0.005185971721923441
[24],4,"lr=3e-05, wd=0.01",5,layer4_lr0.003_hd128_wd0.01_cosine,"lr0.003,wd0.01",-1.3012623679958728,0.0010310532977985502
[24],4,"lr=3e-05, wd=0.01",10,layer4_lr1e-05_hd128_wd0.0_cosine,"lr1e-05,wd0.0",-2.285712213262309,0.0003473324174618226
[24],4,"lr=3e-05, wd=0.01",10,layer4_lr1e-05_hd128_wd0.01_cosine,"lr1e-05,wd0.01",-2.56066832454248,0.00011390851440495617
[24],4,"lr=3e-05, wd=0.01",10,layer4_lr3e-05_hd128_wd0.0_cosine,"lr3e-05,wd0.0",-1.7894448609548672,4.5273408524654594e-05
[24],4,"lr=3e-05, wd=0.01",10,layer4_lr3e-05_hd128_wd0.01_cosine,"lr3e-05,wd0.01",-1.8588496872266953,3.017218412243772e-05
[24],4,"lr=3e-05, wd=0.01",10,layer4_lr0.0001_hd128_wd0.0_cosine,"lr0.0001,wd0.0",-1.6128781475086638,0.0007068937468944095
[24],4,"lr=3e-05, wd=0.01",10,layer4_lr0.0001_hd128_wd0.01_cosine,"lr0.0001,wd0.01",-1.8705078329009994,4.6582828111383864e-05
[24],4,"lr=3e-05, wd=0.01",10,layer4_lr0.0003_hd128_wd0.0_cosine,"lr0.0003,wd0.0",-1.3086072562441307,0.0033101998710271647
[24],4,"lr=3e-05, wd=0.01",10,layer4_lr0.0003_hd128_wd0.01_cosine,"lr0.0003,wd0.01",-1.5182769560598388,4.1574744063213954e-05
[24],4,"lr=3e-05, wd=0.01",10,layer4_lr0.001_hd128_wd0.0_cosine,"lr0.001,wd0.0",-1.2857317223716542,0.00355185391412914
[24],4,"lr=3e-05, wd=0.01",10,layer4_lr0.001_hd128_wd0.01_cosine,"lr0.001,wd0.01",-1.533485892769372,2.9465617235249118e-05
[24],4,"lr=3e-05, wd=0.01",10,layer4_lr0.003_hd128_wd0.0_cosine,"lr0.003,wd0.0",-1.3543132145032812,0.0018260506101625308
[24],4,"lr=3e-05, wd=0.01",10,layer4_lr0.003_hd128_wd0.01_cosine,"lr0.003,wd0.01",-1.2671118710881084,5.896527568204081e-07
[24],4,"lr=3e-05, wd=0.01",20,layer4_lr1e-05_hd128_wd0.0_cosine,"lr1e-05,wd0.0",-2.4407162604369055,0.00012442501105034613
[24],4,"lr=3e-05, wd=0.01",20,layer4_lr1e-05_hd128_wd0.01_cosine,"lr1e-05,wd0.01",-2.9974670096571288,2.409456704785608e-05
[24],4,"lr=3e-05, wd=0.01",20,layer4_lr3e-05_hd128_wd0.0_cosine,"lr3e-05,wd0.0",-2.00908157538744,1.6408491719110578e-05
[24],4,"lr=3e-05, wd=0.01",20,layer4_lr3e-05_hd128_wd0.01_cosine,"lr3e-05,wd0.01",-2.26841518458796,6.598113548221268e-07
[24],4,"lr=3e-05, wd=0.01",20,layer4_lr0.0001_hd128_wd0.0_cosine,"lr0.0001,wd0.0",-1.7708735606960286,0.0010500303351526582
[24],4,"lr=3e-05, wd=0.01",20,layer4_lr0.0001_hd128_wd0.01_cosine,"lr0.0001,wd0.01",-2.071670517261085,4.643324182605014e-05
[24],4,"lr=3e-05, wd=0.01",20,layer4_lr0.0003_hd128_wd0.0_cosine,"lr0.0003,wd0.0",-1.5282950212419693,0.0026987165359824705
[24],4,"lr=3e-05, wd=0.01",20,layer4_lr0.0003_hd128_wd0.01_cosine,"lr0.0003,wd0.01",-1.588782337777744,2.1682344249546383e-05
[24],4,"lr=3e-05, wd=0.01",20,layer4_lr0.001_hd128_wd0.0_cosine,"lr0.001,wd0.0",-1.498826162438536,0.0028565858102659247
[24],4,"lr=3e-05, wd=0.01",20,layer4_lr0.001_hd128_wd0.01_cosine,"lr0.001,wd0.01",-1.4727950344057654,5.792573701773849e-06
[24],4,"lr=3e-05, wd=0.01",20,layer4_lr0.003_hd128_wd0.0_cosine,"lr0.003,wd0.0",-1.55327489299324,0.0018540754722946875
[24],4,"lr=3e-05, wd=0.01",20,layer4_lr0.003_hd128_wd0.01_cosine,"lr0.003,wd0.01",-1.7220253537201742,0.0007307870803440433
[24],4,"lr=3e-05, wd=0.01",50,layer4_lr1e-05_hd128_wd0.0_cosine,"lr1e-05,wd0.0",-3.8531718866243976,3.255699601515807e-06
[24],4,"lr=3e-05, wd=0.01",50,layer4_lr1e-05_hd128_wd0.01_cosine,"lr1e-05,wd0.01",-4.028937681876951,1.43558274259304e-06
[24],4,"lr=3e-05, wd=0.01",50,layer4_lr3e-05_hd128_wd0.0_cosine,"lr3e-05,wd0.0",-2.65152067239424,2.371927576124704e-05
[24],4,"lr=3e-05, wd=0.01",50,layer4_lr3e-05_hd128_wd0.01_cosine,"lr3e-05,wd0.01",-3.804353757889321,6.3336910395422944e-06
[24],4,"lr=3e-05, wd=0.01",50,layer4_lr0.0001_hd128_wd0.0_cosine,"lr0.0001,wd0.0",-2.158576853772417,0.00021640415844017557
[24],4,"lr=3e-05, wd=0.01",50,layer4_lr0.0001_hd128_wd0.01_cosine,"lr0.0001,wd0.01",-3.914103038390507,1.1478465899716675e-06
[24],4,"lr=3e-05, wd=0.01",50,layer4_lr0.0003_hd128_wd0.0_cosine,"lr0.0003,wd0.0",-1.7623867445190355,0.00028452823880634567
[24],4,"lr=3e-05, wd=0.01",50,layer4_lr0.0003_hd128_wd0.01_cosine,"lr0.0003,wd0.01",-3.7412575283267393,9.512143944712801e-10
[24],4,"lr=3e-05, wd=0.01",50,layer4_lr0.001_hd128_wd0.0_cosine,"lr0.001,wd0.0",-1.7076804113852115,0.0001103823736279199
[24],4,"lr=3e-05, wd=0.01",50,layer4_lr0.001_hd128_wd0.01_cosine,"lr0.001,wd0.01",-2.380790813585263,0.00021058176185836992
[24],4,"lr=3e-05, wd=0.01",50,layer4_lr0.003_hd128_wd0.0_cosine,"lr0.003,wd0.0",-2.2638424133592805,0.0005611102176206371
[24],4,"lr=3e-05, wd=0.01",50,layer4_lr0.003_hd128_wd0.01_cosine,"lr0.003,wd0.01",-2.1705613851484213,0.0006945072978462392
[24],4,"lr=3e-05, wd=0.01",90,layer4_lr1e-05_hd128_wd0.0_cosine,"lr1e-05,wd0.0",-4.11027272615986,3.4468207955879157e-06
[24],4,"lr=3e-05, wd=0.01",90,layer4_lr1e-05_hd128_wd0.01_cosine,"lr1e-05,wd0.01",-4.201508014736071,1.5094694688303286e-08
[24],4,"lr=3e-05, wd=0.01",90,layer4_lr3e-05_hd128_wd0.0_cosine,"lr3e-05,wd0.0",-3.9960454949841484,5.324200903129944e-06
[24],4,"lr=3e-05, wd=0.01",90,layer4_lr3e-05_hd128_wd0.01_cosine,"lr3e-05,wd0.01",-4.109393830828241,1.3837360286550339e-06
[24],4,"lr=3e-05, wd=0.01",90,layer4_lr0.0001_hd128_wd0.0_cosine,"lr0.0001,wd0.0",-2.3962473892918457,3.578715213522449e-06
[24],4,"lr=3e-05, wd=0.01",90,layer4_lr0.0001_hd128_wd0.01_cosine,"lr0.0001,wd0.01",-4.132992161329292,2.0649428968764806e-06
[24],4,"lr=3e-05, wd=0.01",90,layer4_lr0.0003_hd128_wd0.0_cosine,"lr0.0003,wd0.0",-2.4986060414628977,2.3484063390587566e-05
[24],4,"lr=3e-05, wd=0.01",90,layer4_lr0.0003_hd128_wd0.01_cosine,"lr0.0003,wd0.01",-4.142736254423076,1.5617611487439312e-06
[24],4,"lr=3e-05, wd=0.01",90,layer4_lr0.001_hd128_wd0.0_cosine,"lr0.001,wd0.0",-2.4602667463764534,0.00012781389368330477
[24],4,"lr=3e-05, wd=0.01",90,layer4_lr0.001_hd128_wd0.01_cosine,"lr0.001,wd0.01",-3.8509293560441002,1.1404867686107448e-06
[24],4,"lr=3e-05, wd=0.01",90,layer4_lr0.003_hd128_wd0.0_cosine,"lr0.003,wd0.0",-2.324504516147471,8.650401786582922e-05
[24],4,"lr=3e-05, wd=0.01",90,layer4_lr0.003_hd128_wd0.01_cosine,"lr0.003,wd0.01",-3.3054922648873966,6.832035236018774e-05
[24],5,"lr=1e-04, wd=0.0",0,layer4_lr1e-05_hd128_wd0.0_cosine,"lr1e-05,wd0.0",-0.9659854115167856,8.92178892322206e-05
[24],5,"lr=1e-04, wd=0.0",0,layer4_lr1e-05_hd128_wd0.01_cosine,"lr1e-05,wd0.01",-0.9535965551972907,4.664878446865564e-05
[24],5,"lr=1e-04, wd=0.0",0,layer4_lr3e-05_hd128_wd0.0_cosine,"lr3e-05,wd0.0",-0.9783539653902844,0.0008129966281990437
[24],5,"lr=1e-04, wd=0.0",0,layer4_lr3e-05_hd128_wd0.01_cosine,"lr3e-05,wd0.01",-0.9826615357300414,4.0404485905973174e-05
[24],5,"lr=1e-04, wd=0.0",0,layer4_lr0.0001_hd128_wd0.0_cosine,"lr0.0001,wd0.0",-1.001796823240511,0.00031878617387221317
[24],5,"lr=1e-04, wd=0.0",0,layer4_lr0.0001_hd128_wd0.01_cosine,"lr0.0001,wd0.01",-0.9920397072160899,0.00023861466566702438
[24],5,"lr=1e-04, wd=0.0",0,layer4_lr0.0003_hd128_wd0.0_cosine,"lr0.0003,wd0.0",-0.9999409734857329,1.4086618957329653e-05
[24],5,"lr=1e-04, wd=0.0",0,layer4_lr0.0003_hd128_wd0.01_cosine,"lr0.0003,wd0.01",-0.9894014260917033,0.0002966051822655019
[24],5,"lr=1e-04, wd=0.0",0,layer4_lr0.001_hd128_wd0.0_cosine,"lr0.001,wd0.0",-0.9768115760577171,0.0001547319858461311
[24],5,"lr=1e-04, wd=0.0",0,layer4_lr0.001_hd128_wd0.01_cosine,"lr0.001,wd0.01",-0.979299986750342,0.0001993999840618468
[24],5,"lr=1e-04, wd=0.0",0,layer4_lr0.003_hd128_wd0.0_cosine,"lr0.003,wd0.0",-0.9493089831392045,9.490611589027111e-05
[24],5,"lr=1e-04, wd=0.0",0,layer4_lr0.003_hd128_wd0.01_cosine,"lr0.003,wd0.01",-0.957141086114167,6.176559372993446e-05
[24],5,"lr=1e-04, wd=0.0",5,layer4_lr1e-05_hd128_wd0.0_cosine,"lr1e-05,wd0.0",-2.425050156399244,0.00028369752506328475
[24],5,"lr=1e-04, wd=0.0",5,layer4_lr1e-05_hd128_wd0.01_cosine,"lr1e-05,wd0.01",-2.29568736733969,1.1799233048701964e-05
[24],5,"lr=1e-04, wd=0.0",5,layer4_lr3e-05_hd128_wd0.0_cosine,"lr3e-05,wd0.0",-2.4803503578352895,0.00032234553781041917
[24],5,"lr=1e-04, wd=0.0",5,layer4_lr3e-05_hd128_wd0.01_cosine,"lr3e-05,wd0.01",-3.2153996207669673,2.6728011238781877e-06
[24],5,"lr=1e-04, wd=0.0",5,layer4_lr0.0001_hd128_wd0.0_cosine,"lr0.0001,wd0.0",-2.0331870255658226,5.7329051706215115e-05
[24],5,"lr=1e-04, wd=0.0",5,layer4_lr0.0001_hd128_wd0.01_cosine,"lr0.0001,wd0.01",-2.2097951618614182,5.586858863366624e-05
[24],5,"lr=1e-04, wd=0.0",5,layer4_lr0.0003_hd128_wd0.0_cosine,"lr0.0003,wd0.0",-1.533638191290506,0.001861501341208849
[24],5,"lr=1e-04, wd=0.0",5,layer4_lr0.0003_hd128_wd0.01_cosine,"lr0.0003,wd0.01",-1.8964810248634154,3.3958599477166376e-05
[24],5,"lr=1e-04, wd=0.0",5,layer4_lr0.001_hd128_wd0.0_cosine,"lr0.001,wd0.0",-1.254421323169255,0.003307398724728121
[24],5,"lr=1e-04, wd=0.0",5,layer4_lr0.001_hd128_wd0.01_cosine,"lr0.001,wd0.01",-1.3969298040523048,4.7776480831116044e-05
[24],5,"lr=1e-04, wd=0.0",5,layer4_lr0.003_hd128_wd0.0_cosine,"lr0.003,wd0.0",-1.1669496948700349,0.0029257676844301685
[24],5,"lr=1e-04, wd=0.0",5,layer4_lr0.003_hd128_wd0.01_cosine,"lr0.003,wd0.01",-1.4152099882461435,0.0010535791919009778
[24],5,"lr=1e-04, wd=0.0",10,layer4_lr1e-05_hd128_wd0.0_cosine,"lr1e-05,wd0.0",-2.1975306914955723,0.00040578031990419505
[24],5,"lr=1e-04, wd=0.0",10,layer4_lr1e-05_hd128_wd0.01_cosine,"lr1e-05,wd0.01",-2.777121677482483,0.00017680524040019016
[24],5,"lr=1e-04, wd=0.0",10,layer4_lr3e-05_hd128_wd0.0_cosine,"lr3e-05,wd0.0",-2.8174587216053113,0.00020331745424479735
[24],5,"lr=1e-04, wd=0.0",10,layer4_lr3e-05_hd128_wd0.01_cosine,"lr3e-05,wd0.01",-3.6573686073288254,2.0876976494437055e-09
[24],5,"lr=1e-04, wd=0.0",10,layer4_lr0.0001_hd128_wd0.0_cosine,"lr0.0001,wd0.0",-2.015566408650847,0.00025071998723770933
[24],5,"lr=1e-04, wd=0.0",10,layer4_lr0.0001_hd128_wd0.01_cosine,"lr0.0001,wd0.01",-2.329167237133499,3.3177741013378113e-06
[24],5,"lr=1e-04, wd=0.0",10,layer4_lr0.0003_hd128_wd0.0_cosine,"lr0.0003,wd0.0",-1.5706750971304593,0.002285595446447535
[24],5,"lr=1e-04, wd=0.0",10,layer4_lr0.0003_hd128_wd0.01_cosine,"lr0.0003,wd0.01",-1.9658038872318124,1.0075057472232716e-06
[24],5,"lr=1e-04, wd=0.0",10,layer4_lr0.001_hd128_wd0.0_cosine,"lr0.001,wd0.0",-1.535254751765412,0.002560081703352728
[24],5,"lr=1e-04, wd=0.0",10,layer4_lr0.001_hd128_wd0.01_cosine,"lr0.001,wd0.01",-1.7322074106022745,0.00013415069487751876
[24],5,"lr=1e-04, wd=0.0",10,layer4_lr0.003_hd128_wd0.0_cosine,"lr0.003,wd0.0",-1.7309414748170344,0.0011644149698495617
[24],5,"lr=1e-04, wd=0.0",10,layer4_lr0.003_hd128_wd0.01_cosine,"lr0.003,wd0.01",-1.5115286083304011,0.0003238998662411344
[24],5,"lr=1e-04, wd=0.0",20,layer4_lr1e-05_hd128_wd0.0_cosine,"lr1e-05,wd0.0",-2.754036690203799,0.00016373122446343546
[24],5,"lr=1e-04, wd=0.0",20,layer4_lr1e-05_hd128_wd0.01_cosine,"lr1e-05,wd0.01",-3.535016314370883,3.510862818561775e-05
[24],5,"lr=1e-04, wd=0.0",20,layer4_lr3e-05_hd128_wd0.0_cosine,"lr3e-05,wd0.0",-3.106777714481749,5.789962886680382e-05
[24],5,"lr=1e-04, wd=0.0",20,layer4_lr3e-05_hd128_wd0.01_cosine,"lr3e-05,wd0.01",-3.9012268874162834,6.270441205916382e-06
[24],5,"lr=1e-04, wd=0.0",20,layer4_lr0.0001_hd128_wd0.0_cosine,"lr0.0001,wd0.0",-2.0006662926000125,0.000560617666460749
[24],5,"lr=1e-04, wd=0.0",20,layer4_lr0.0001_hd128_wd0.01_cosine,"lr0.0001,wd0.01",-2.436279643506598,2.9879545601262517e-07
[24],5,"lr=1e-04, wd=0.0",20,layer4_lr0.0003_hd128_wd0.0_cosine,"lr0.0003,wd0.0",-1.6470178201395118,0.0021637909940559934
[24],5,"lr=1e-04, wd=0.0",20,layer4_lr0.0003_hd128_wd0.01_cosine,"lr0.0003,wd0.01",-2.1757152354340987,3.823797299576558e-06
[24],5,"lr=1e-04, wd=0.0",20,layer4_lr0.001_hd128_wd0.0_cosine,"lr0.001,wd0.0",-1.6054195844460282,0.002355682751030101
[24],5,"lr=1e-04, wd=0.0",20,layer4_lr0.001_hd128_wd0.01_cosine,"lr0.001,wd0.01",-1.9723897386875462,5.5482723189335946e-05
[24],5,"lr=1e-04, wd=0.0",20,layer4_lr0.003_hd128_wd0.0_cosine,"lr0.003,wd0.0",-1.7788267625613237,0.001357089489887795
[24],5,"lr=1e-04, wd=0.0",20,layer4_lr0.003_hd128_wd0.01_cosine,"lr0.003,wd0.01",-1.7862926734780862,0.0011743165794516626
[24],5,"lr=1e-04, wd=0.0",50,layer4_lr1e-05_hd128_wd0.0_cosine,"lr1e-05,wd0.0",-4.033486565139031,5.19840362803374e-06
[24],5,"lr=1e-04, wd=0.0",50,layer4_lr1e-05_hd128_wd0.01_cosine,"lr1e-05,wd0.01",-4.163684784892145,4.4829679741444876e-08
[24],5,"lr=1e-04, wd=0.0",50,layer4_lr3e-05_hd128_wd0.0_cosine,"lr3e-05,wd0.0",-3.8118816305426457,4.5848710204201833e-07
[24],5,"lr=1e-04, wd=0.0",50,layer4_lr3e-05_hd128_wd0.01_cosine,"lr3e-05,wd0.01",-4.1202324843611455,1.8132311113795887e-06
[24],5,"lr=1e-04, wd=0.0",50,layer4_lr0.0001_hd128_wd0.0_cosine,"lr0.0001,wd0.0",-2.2492181775381077,0.00017557541084008922
[24],5,"lr=1e-04, wd=0.0",50,layer4_lr0.0001_hd128_wd0.01_cosine,"lr0.0001,wd0.01",-4.021967361831676,2.2345536505973145e-06
[24],5,"lr=1e-04, wd=0.0",50,layer4_lr0.0003_hd128_wd0.0_cosine,"lr0.0003,wd0.0",-1.8755011416916083,8.161932676537564e-06
[24],5,"lr=1e-04, wd=0.0",50,layer4_lr0.0003_hd128_wd0.01_cosine,"lr0.0003,wd0.01",-3.9348976979513313,5.3809951239846225e-06
[24],5,"lr=1e-04, wd=0.0",50,layer4_lr0.001_hd128_wd0.0_cosine,"lr0.001,wd0.0",-1.6984403330235636,0.0005841736227069486
[24],5,"lr=1e-04, wd=0.0",50,layer4_lr0.001_hd128_wd0.01_cosine,"lr0.001,wd0.01",-1.9003299943738194,0.00026044134825869845
[24],5,"lr=1e-04, wd=0.0",50,layer4_lr0.003_hd128_wd0.0_cosine,"lr0.003,wd0.0",-2.237978854507911,0.0004933444284285324
[24],5,"lr=1e-04, wd=0.0",50,layer4_lr0.003_hd128_wd0.01_cosine,"lr0.003,wd0.01",1.4189159588532152,0.0008302698396122885
[24],5,"lr=1e-04, wd=0.0",90,layer4_lr1e-05_hd128_wd0.0_cosine,"lr1e-05,wd0.0",-4.169697374524117,8.473758679609632e-07
[24],5,"lr=1e-04, wd=0.0",90,layer4_lr1e-05_hd128_wd0.01_cosine,"lr1e-05,wd0.01",-4.216299258212373,2.0600167548129596e-07
[24],5,"lr=1e-04, wd=0.0",90,layer4_lr3e-05_hd128_wd0.0_cosine,"lr3e-05,wd0.0",-4.1426228099695175,1.0903368523143744e-06
[24],5,"lr=1e-04, wd=0.0",90,layer4_lr3e-05_hd128_wd0.01_cosine,"lr3e-05,wd0.01",-4.177602922510668,6.240597571712581e-07
[24],5,"lr=1e-04, wd=0.0",90,layer4_lr0.0001_hd128_wd0.0_cosine,"lr0.0001,wd0.0",-2.3327435697148657,6.225201385642169e-07
[24],5,"lr=1e-04, wd=0.0",90,layer4_lr0.0001_hd128_wd0.01_cosine,"lr0.0001,wd0.01",-4.174885793132031,1.7894451906851778e-09
[24],5,"lr=1e-04, wd=0.0",90,layer4_lr0.0003_hd128_wd0.0_cosine,"lr0.0003,wd0.0",-2.4408290890593434,4.09172889591954e-06
[24],5,"lr=1e-04, wd=0.0",90,layer4_lr0.0003_hd128_wd0.01_cosine,"lr0.0003,wd0.01",-4.091525601349357,5.937948086602105e-06
[24],5,"lr=1e-04, wd=0.0",90,layer4_lr0.001_hd128_wd0.0_cosine,"lr0.001,wd0.0",-2.4340794315487786,8.86989162872361e-05
[24],5,"lr=1e-04, wd=0.0",90,layer4_lr0.001_hd128_wd0.01_cosine,"lr0.001,wd0.01",-3.711076758096869,3.0218734031830636e-05
[24],5,"lr=1e-04, wd=0.0",90,layer4_lr0.003_hd128_wd0.0_cosine,"lr0.003,wd0.0",-2.193242456316841,1.9654846885259947e-05
[24],5,"lr=1e-04, wd=0.0",90,layer4_lr0.003_hd128_wd0.01_cosine,"lr0.003,wd0.01",-2.645718981213214,0.000183977747801302
[24],6,"lr=1e-04, wd=0.01",0,layer4_lr1e-05_hd128_wd0.0_cosine,"lr1e-05,wd0.0",-0.940599439239499,0.00043402028375533457
[24],6,"lr=1e-04, wd=0.01",0,layer4_lr1e-05_hd128_wd0.01_cosine,"lr1e-05,wd0.01",-0.9540217393060817,2.456260013581205e-05
[24],6,"lr=1e-04, wd=0.01",0,layer4_lr3e-05_hd128_wd0.0_cosine,"lr3e-05,wd0.0",-0.9391315929051713,0.001587025330685393
[24],6,"lr=1e-04, wd=0.01",0,layer4_lr3e-05_hd128_wd0.01_cosine,"lr3e-05,wd0.01",-0.9747404633569962,0.00032423110881583126
[24],6,"lr=1e-04, wd=0.01",0,layer4_lr0.0001_hd128_wd0.0_cosine,"lr0.0001,wd0.0",-0.9649093443124255,0.0008437339955273895
[24],6,"lr=1e-04, wd=0.01",0,layer4_lr0.0001_hd128_wd0.01_cosine,"lr0.0001,wd0.01",-0.9762372179489385,0.0007204506026320328
[24],6,"lr=1e-04, wd=0.01",0,layer4_lr0.0003_hd128_wd0.0_cosine,"lr0.0003,wd0.0",-0.975404478606025,5.396575746386816e-05
[24],6,"lr=1e-04, wd=0.01",0,layer4_lr0.0003_hd128_wd0.01_cosine,"lr0.0003,wd0.01",-0.966832513850549,0.0008098053450588881
[24],6,"lr=1e-04, wd=0.01",0,layer4_lr0.001_hd128_wd0.0_cosine,"lr0.001,wd0.0",-0.9559001460493192,1.9442419133382506e-06
[24],6,"lr=1e-04, wd=0.01",0,layer4_lr0.001_hd128_wd0.01_cosine,"lr0.001,wd0.01",-0.9516356495328211,0.0006427231748638107
[24],6,"lr=1e-04, wd=0.01",0,layer4_lr0.003_hd128_wd0.0_cosine,"lr0.003,wd0.0",-0.9250616315497596,1.4128547849522407e-06
[24],6,"lr=1e-04, wd=0.01",0,layer4_lr0.003_hd128_wd0.01_cosine,"lr0.003,wd0.01",-0.9285040834513743,0.0003637835987810787
[24],6,"lr=1e-04, wd=0.01",5,layer4_lr1e-05_hd128_wd0.0_cosine,"lr1e-05,wd0.0",-2.2108865056499947,0.000593168841675919
[24],6,"lr=1e-04, wd=0.01",5,layer4_lr1e-05_hd128_wd0.01_cosine,"lr1e-05,wd0.01",-2.3027708262026247,0.0001292752880105587
[24],6,"lr=1e-04, wd=0.01",5,layer4_lr3e-05_hd128_wd0.0_cosine,"lr3e-05,wd0.0",-2.1026862101321027,0.0006712854744573937
[24],6,"lr=1e-04, wd=0.01",5,layer4_lr3e-05_hd128_wd0.01_cosine,"lr3e-05,wd0.01",-2.6380959472492838,0.00013129837482057962
[24],6,"lr=1e-04, wd=0.01",5,layer4_lr0.0001_hd128_wd0.0_cosine,"lr0.0001,wd0.0",-1.8943873906601099,6.499729464019251e-06
[24],6,"lr=1e-04, wd=0.01",5,layer4_lr0.0001_hd128_wd0.01_cosine,"lr0.0001,wd0.01",-2.105885353250824,0.00014463255146478026
[24],6,"lr=1e-04, wd=0.01",5,layer4_lr0.0003_hd128_wd0.0_cosine,"lr0.0003,wd0.0",-1.4527986835455668,0.0015768166095971037
[24],6,"lr=1e-04, wd=0.01",5,layer4_lr0.0003_hd128_wd0.01_cosine,"lr0.0003,wd0.01",-1.8191511295923675,7.924325264504672e-05
[24],6,"lr=1e-04, wd=0.01",5,layer4_lr0.001_hd128_wd0.0_cosine,"lr0.001,wd0.0",-1.2436724283623941,0.0028778099374109894
[24],6,"lr=1e-04, wd=0.01",5,layer4_lr0.001_hd128_wd0.01_cosine,"lr0.001,wd0.01",-1.3335340539719556,5.805779085344604e-06
[24],6,"lr=1e-04, wd=0.01",5,layer4_lr0.003_hd128_wd0.0_cosine,"lr0.003,wd0.0",-1.1300705379171818,0.0025613591326250507
[24],6,"lr=1e-04, wd=0.01",5,layer4_lr0.003_hd128_wd0.01_cosine,"lr0.003,wd0.01",-1.359449799002939,0.0011967951829704954
[24],6,"lr=1e-04, wd=0.01",10,layer4_lr1e-05_hd128_wd0.0_cosine,"lr1e-05,wd0.0",-1.6214157081813265,0.0006461649912985419
[24],6,"lr=1e-04, wd=0.01",10,layer4_lr1e-05_hd128_wd0.01_cosine,"lr1e-05,wd0.01",-2.5526296434237743,0.0002991820881061615
[24],6,"lr=1e-04, wd=0.01",10,layer4_lr3e-05_hd128_wd0.0_cosine,"lr3e-05,wd0.0",-2.2957018602413255,0.00034817450225104753
[24],6,"lr=1e-04, wd=0.01",10,layer4_lr3e-05_hd128_wd0.01_cosine,"lr3e-05,wd0.01",-3.152557600274574,4.2314856908347104e-05
[24],6,"lr=1e-04, wd=0.01",10,layer4_lr0.0001_hd128_wd0.0_cosine,"lr0.0001,wd0.0",-1.8575306532886362,0.00016645182976079926
[24],6,"lr=1e-04, wd=0.01",10,layer4_lr0.0001_hd128_wd0.01_cosine,"lr0.0001,wd0.01",-2.188656300215805,2.189092110905692e-05
[24],6,"lr=1e-04, wd=0.01",10,layer4_lr0.0003_hd128_wd0.0_cosine,"lr0.0003,wd0.0",-1.5472075818245559,0.002148082311325596
[24],6,"lr=1e-04, wd=0.01",10,layer4_lr0.0003_hd128_wd0.01_cosine,"lr0.0003,wd0.01",-1.9226592417469939,1.3593953913258349e-05
[24],6,"lr=1e-04, wd=0.01",10,layer4_lr0.001_hd128_wd0.0_cosine,"lr0.001,wd0.0",-1.5298015725591527,0.002468744424980081
[24],6,"lr=1e-04, wd=0.01",10,layer4_lr0.001_hd128_wd0.01_cosine,"lr0.001,wd0.01",-1.776077525874178,0.0001926018372953675
[24],6,"lr=1e-04, wd=0.01",10,layer4_lr0.003_hd128_wd0.0_cosine,"lr0.003,wd0.0",-1.7199049902954817,0.0010746206698779963
[24],6,"lr=1e-04, wd=0.01",10,layer4_lr0.003_hd128_wd0.01_cosine,"lr0.003,wd0.01",-1.4606513473524012,0.00033791531040681944
[24],6,"lr=1e-04, wd=0.01",20,layer4_lr1e-05_hd128_wd0.0_cosine,"lr1e-05,wd0.0",-2.5348361568492033,0.0002508932591186307
[24],6,"lr=1e-04, wd=0.01",20,layer4_lr1e-05_hd128_wd0.01_cosine,"lr1e-05,wd0.01",-3.2357746941275867,8.963859460664198e-05
[24],6,"lr=1e-04, wd=0.01",20,layer4_lr3e-05_hd128_wd0.0_cosine,"lr3e-05,wd0.0",-2.2672041520692514,5.2578965511091336e-05
[24],6,"lr=1e-04, wd=0.01",20,layer4_lr3e-05_hd128_wd0.01_cosine,"lr3e-05,wd0.01",-3.4910930910906894,2.9390333553851384e-05
[24],6,"lr=1e-04, wd=0.01",20,layer4_lr0.0001_hd128_wd0.0_cosine,"lr0.0001,wd0.0",-1.8736231295004881,0.0005648665861297692
[24],6,"lr=1e-04, wd=0.01",20,layer4_lr0.0001_hd128_wd0.01_cosine,"lr0.0001,wd0.01",-2.2487931021027507,1.1113692941511254e-06
[24],6,"lr=1e-04, wd=0.01",20,layer4_lr0.0003_hd128_wd0.0_cosine,"lr0.0003,wd0.0",-1.6299201388333342,0.002173280907649908
[24],6,"lr=1e-04, wd=0.01",20,layer4_lr0.0003_hd128_wd0.01_cosine,"lr0.0003,wd0.01",-2.105039216411581,8.021400701425172e-06
[24],6,"lr=1e-04, wd=0.01",20,layer4_lr0.001_hd128_wd0.0_cosine,"lr0.001,wd0.0",-1.5918233571892313,0.0023641724684507178
[24],6,"lr=1e-04, wd=0.01",20,layer4_lr0.001_hd128_wd0.01_cosine,"lr0.001,wd0.01",-1.919822671552741,6.927453165805185e-05
[24],6,"lr=1e-04, wd=0.01",20,layer4_lr0.003_hd128_wd0.0_cosine,"lr0.003,wd0.0",-1.734684689247487,0.0013322494274543553
[24],6,"lr=1e-04, wd=0.01",20,layer4_lr0.003_hd128_wd0.01_cosine,"lr0.003,wd0.01",-1.8939295472569389,0.001141830927017352
[24],6,"lr=1e-04, wd=0.01",50,layer4_lr1e-05_hd128_wd0.0_cosine,"lr1e-05,wd0.0",-3.939575966874338,4.268808581051087e-06
[24],6,"lr=1e-04, wd=0.01",50,layer4_lr1e-05_hd128_wd0.01_cosine,"lr1e-05,wd0.01",-4.144505004761106,2.0651671996437066e-07
[24],6,"lr=1e-04, wd=0.01",50,layer4_lr3e-05_hd128_wd0.0_cosine,"lr3e-05,wd0.0",-3.5398947069084326,3.0493725427061838e-06
[24],6,"lr=1e-04, wd=0.01",50,layer4_lr3e-05_hd128_wd0.01_cosine,"lr3e-05,wd0.01",-4.052681618209612,8.314453024767768e-07
[24],6,"lr=1e-04, wd=0.01",50,layer4_lr0.0001_hd128_wd0.0_cosine,"lr0.0001,wd0.0",-2.242382137221518,0.00019469999970178574
[24],6,"lr=1e-04, wd=0.01",50,layer4_lr0.0001_hd128_wd0.01_cosine,"lr0.0001,wd0.01",-4.00768673127378,6.213993750111857e-07
[24],6,"lr=1e-04, wd=0.01",50,layer4_lr0.0003_hd128_wd0.0_cosine,"lr0.0003,wd0.0",-1.8587800750838108,6.643384794436829e-05
[24],6,"lr=1e-04, wd=0.01",50,layer4_lr0.0003_hd128_wd0.01_cosine,"lr0.0003,wd0.01",-3.894603288593532,2.103986433748154e-06
[24],6,"lr=1e-04, wd=0.01",50,layer4_lr0.001_hd128_wd0.0_cosine,"lr0.001,wd0.0",-1.7081592047111345,0.0004025185251212126
[24],6,"lr=1e-04, wd=0.01",50,layer4_lr0.001_hd128_wd0.01_cosine,"lr0.001,wd0.01",-2.1667265135155933,0.00025457154925863205
[24],6,"lr=1e-04, wd=0.01",50,layer4_lr0.003_hd128_wd0.0_cosine,"lr0.003,wd0.0",-2.26462151902019,0.0005181595543655952
[24],6,"lr=1e-04, wd=0.01",50,layer4_lr0.003_hd128_wd0.01_cosine,"lr0.003,wd0.01",1.7471229372433097,0.0008247111297520198
[24],6,"lr=1e-04, wd=0.01",90,layer4_lr1e-05_hd128_wd0.0_cosine,"lr1e-05,wd0.0",-4.1292818229606345,1.9910526044999852e-06
[24],6,"lr=1e-04, wd=0.01",90,layer4_lr1e-05_hd128_wd0.01_cosine,"lr1e-05,wd0.01",-4.215521424597455,5.2039410727374534e-08
[24],6,"lr=1e-04, wd=0.01",90,layer4_lr3e-05_hd128_wd0.0_cosine,"lr3e-05,wd0.0",-4.104778442997429,2.229093600875996e-06
[24],6,"lr=1e-04, wd=0.01",90,layer4_lr3e-05_hd128_wd0.01_cosine,"lr3e-05,wd0.01",-4.184594778030931,1.043804093528321e-08
[24],6,"lr=1e-04, wd=0.01",90,layer4_lr0.0001_hd128_wd0.0_cosine,"lr0.0001,wd0.0",-2.336541431817735,1.5999179208101712e-07
[24],6,"lr=1e-04, wd=0.01",90,layer4_lr0.0001_hd128_wd0.01_cosine,"lr0.0001,wd0.01",-4.162599505074735,7.563327071129434e-07
[24],6,"lr=1e-04, wd=0.01",90,layer4_lr0.0003_hd128_wd0.0_cosine,"lr0.0003,wd0.0",-2.4322237603038337,5.577975734121293e-06
[24],6,"lr=1e-04, wd=0.01",90,layer4_lr0.0003_hd128_wd0.01_cosine,"lr0.0003,wd0.01",-4.130508376549672,2.693986304080527e-06
[24],6,"lr=1e-04, wd=0.01",90,layer4_lr0.001_hd128_wd0.0_cosine,"lr0.001,wd0.0",-2.4269344432332476,9.477172646173795e-05
[24],6,"lr=1e-04, wd=0.01",90,layer4_lr0.001_hd128_wd0.01_cosine,"lr0.001,wd0.01",-3.8347195127277423,6.97216153307e-06
[24],6,"lr=1e-04, wd=0.01",90,layer4_lr0.003_hd128_wd0.0_cosine,"lr0.003,wd0.0",-2.199591859734,2.9156000007444037e-05
[24],6,"lr=1e-04, wd=0.01",90,layer4_lr0.003_hd128_wd0.01_cosine,"lr0.003,wd0.01",-2.8856291692970344,0.000153274043986221
[24],7,"lr=3e-04, wd=0.0",0,layer4_lr1e-05_hd128_wd0.0_cosine,"lr1e-05,wd0.0",-0.8334104766793395,3.080218046117712e-05
[24],7,"lr=3e-04, wd=0.0",0,layer4_lr1e-05_hd128_wd0.01_cosine,"lr1e-05,wd0.01",-0.8146807408278885,0.00011874905252372608
[24],7,"lr=3e-04, wd=0.0",0,layer4_lr3e-05_hd128_wd0.0_cosine,"lr3e-05,wd0.0",-0.8780604772191989,0.0006514006549409045
[24],7,"lr=3e-04, wd=0.0",0,layer4_lr3e-05_hd128_wd0.01_cosine,"lr3e-05,wd0.01",-0.8696724778995233,9.699714503212902e-06
[24],7,"lr=3e-04, wd=0.0",0,layer4_lr0.0001_hd128_wd0.0_cosine,"lr0.0001,wd0.0",-0.9257012483406415,0.00024428540055584295
[24],7,"lr=3e-04, wd=0.0",0,layer4_lr0.0001_hd128_wd0.01_cosine,"lr0.0001,wd0.01",-0.9092734796385068,0.00016532486798970076
[24],7,"lr=3e-04, wd=0.0",0,layer4_lr0.0003_hd128_wd0.0_cosine,"lr0.0003,wd0.0",-0.9397232705910349,3.4215719402468955e-05
[24],7,"lr=3e-04, wd=0.0",0,layer4_lr0.0003_hd128_wd0.01_cosine,"lr0.0003,wd0.01",-0.9195733972955045,0.00022118844811115483
[24],7,"lr=3e-04, wd=0.0",0,layer4_lr0.001_hd128_wd0.0_cosine,"lr0.001,wd0.0",-0.9190280345073595,0.00021882427031271427
[24],7,"lr=3e-04, wd=0.0",0,layer4_lr0.001_hd128_wd0.01_cosine,"lr0.001,wd0.01",-0.9117337649505516,0.00013779747414659947
[24],7,"lr=3e-04, wd=0.0",0,layer4_lr0.003_hd128_wd0.0_cosine,"lr0.003,wd0.0",-0.888394247353073,0.00014901488965135624
[24],7,"lr=3e-04, wd=0.0",0,layer4_lr0.003_hd128_wd0.01_cosine,"lr0.003,wd0.01",-0.8884671001512139,2.9515775404153576e-05
[24],7,"lr=3e-04, wd=0.0",5,layer4_lr1e-05_hd128_wd0.0_cosine,"lr1e-05,wd0.0",-1.79121603250963,0.000806500352656254
[24],7,"lr=3e-04, wd=0.0",5,layer4_lr1e-05_hd128_wd0.01_cosine,"lr1e-05,wd0.01",-1.8680097709329533,0.0001956367299466944
[24],7,"lr=3e-04, wd=0.0",5,layer4_lr3e-05_hd128_wd0.0_cosine,"lr3e-05,wd0.0",-2.176896933243187,0.0007488720956670512
[24],7,"lr=3e-04, wd=0.0",5,layer4_lr3e-05_hd128_wd0.01_cosine,"lr3e-05,wd0.01",-2.6549203873715572,0.00010661032452484832
[24],7,"lr=3e-04, wd=0.0",5,layer4_lr0.0001_hd128_wd0.0_cosine,"lr0.0001,wd0.0",-2.359604338654975,2.0619474297747274e-06
[24],7,"lr=3e-04, wd=0.0",5,layer4_lr0.0001_hd128_wd0.01_cosine,"lr0.0001,wd0.01",-2.8993348200466054,0.0001258588817705201
[24],7,"lr=3e-04, wd=0.0",5,layer4_lr0.0003_hd128_wd0.0_cosine,"lr0.0003,wd0.0",-1.8160763553233674,0.0011042234023480647
[24],7,"lr=3e-04, wd=0.0",5,layer4_lr0.0003_hd128_wd0.01_cosine,"lr0.0003,wd0.01",-2.3509544515297134,0.0001441938552535284
[24],7,"lr=3e-04, wd=0.0",5,layer4_lr0.001_hd128_wd0.0_cosine,"lr0.001,wd0.0",-1.6467995224779726,0.0019054630651683987
[24],7,"lr=3e-04, wd=0.0",5,layer4_lr0.001_hd128_wd0.01_cosine,"lr0.001,wd0.01",-2.3154524228068913,0.00010687317153557252
[24],7,"lr=3e-04, wd=0.0",5,layer4_lr0.003_hd128_wd0.0_cosine,"lr0.003,wd0.0",-1.7386683733953257,0.0011670116986409547
[24],7,"lr=3e-04, wd=0.0",5,layer4_lr0.003_hd128_wd0.01_cosine,"lr0.003,wd0.01",-1.7408704761258862,0.0015654312854699393
[24],7,"lr=3e-04, wd=0.0",10,layer4_lr1e-05_hd128_wd0.0_cosine,"lr1e-05,wd0.0",-2.0929001256418056,0.0007732715819600555
[24],7,"lr=3e-04, wd=0.0",10,layer4_lr1e-05_hd128_wd0.01_cosine,"lr1e-05,wd0.01",-2.244913584989269,0.0003806070106774032
[24],7,"lr=3e-04, wd=0.0",10,layer4_lr3e-05_hd128_wd0.0_cosine,"lr3e-05,wd0.0",-1.6638631269904722,0.0005193585986561654
[24],7,"lr=3e-04, wd=0.0",10,layer4_lr3e-05_hd128_wd0.01_cosine,"lr3e-05,wd0.01",-3.311493536309538,6.839536171169178e-05
[24],7,"lr=3e-04, wd=0.0",10,layer4_lr0.0001_hd128_wd0.0_cosine,"lr0.0001,wd0.0",-2.2877618435211104,6.622636678327603e-05
[24],7,"lr=3e-04, wd=0.0",10,layer4_lr0.0001_hd128_wd0.01_cosine,"lr0.0001,wd0.01",-3.3373037910900867,7.370672155875116e-05
[24],7,"lr=3e-04, wd=0.0",10,layer4_lr0.0003_hd128_wd0.0_cosine,"lr0.0003,wd0.0",-1.7608967909600455,0.0015444239492589443
[24],7,"lr=3e-04, wd=0.0",10,layer4_lr0.0003_hd128_wd0.01_cosine,"lr0.0003,wd0.01",-3.155505199520625,0.00010264813426335735
[24],7,"lr=3e-04, wd=0.0",10,layer4_lr0.001_hd128_wd0.0_cosine,"lr0.001,wd0.0",-1.6865528276969437,0.0018941099914406632
[24],7,"lr=3e-04, wd=0.0",10,layer4_lr0.001_hd128_wd0.01_cosine,"lr0.001,wd0.01",-2.775553986718914,0.00022550319301608464
[24],7,"lr=3e-04, wd=0.0",10,layer4_lr0.003_hd128_wd0.0_cosine,"lr0.003,wd0.0",-2.0119586823280176,0.0007716611485845633
[24],7,"lr=3e-04, wd=0.0",10,layer4_lr0.003_hd128_wd0.01_cosine,"lr0.003,wd0.01",-2.4491689333959066,0.00043644047865561776
[24],7,"lr=3e-04, wd=0.0",20,layer4_lr1e-05_hd128_wd0.0_cosine,"lr1e-05,wd0.0",-2.7076369084713674,0.00010557277280896713
[24],7,"lr=3e-04, wd=0.0",20,layer4_lr1e-05_hd128_wd0.01_cosine,"lr1e-05,wd0.01",-2.598191531385439,3.911287042104139e-06
[24],7,"lr=3e-04, wd=0.0",20,layer4_lr3e-05_hd128_wd0.0_cosine,"lr3e-05,wd0.0",-2.8827178636930553,0.0001832660111583023
[24],7,"lr=3e-04, wd=0.0",20,layer4_lr3e-05_hd128_wd0.01_cosine,"lr3e-05,wd0.01",-3.376316910460538,6.727461059265924e-05
[24],7,"lr=3e-04, wd=0.0",20,layer4_lr0.0001_hd128_wd0.0_cosine,"lr0.0001,wd0.0",-2.0393702682993933,0.00031083364552501517
[24],7,"lr=3e-04, wd=0.0",20,layer4_lr0.0001_hd128_wd0.01_cosine,"lr0.0001,wd0.01",-3.560241304019007,4.49402890180605e-05
[24],7,"lr=3e-04, wd=0.0",20,layer4_lr0.0003_hd128_wd0.0_cosine,"lr0.0003,wd0.0",-1.743734738060681,0.0017303185221569485
[24],7,"lr=3e-04, wd=0.0",20,layer4_lr0.0003_hd128_wd0.01_cosine,"lr0.0003,wd0.01",-3.0762670476362506,0.00011230702457681166
[24],7,"lr=3e-04, wd=0.0",20,layer4_lr0.001_hd128_wd0.0_cosine,"lr0.001,wd0.0",-1.6981307176636928,0.0019550183334812307
[24],7,"lr=3e-04, wd=0.0",20,layer4_lr0.001_hd128_wd0.01_cosine,"lr0.001,wd0.01",-2.079013050749883,0.00024825186183223346
[24],7,"lr=3e-04, wd=0.0",20,layer4_lr0.003_hd128_wd0.0_cosine,"lr0.003,wd0.0",-1.9901903593440078,0.0009731243036471468
[24],7,"lr=3e-04, wd=0.0",20,layer4_lr0.003_hd128_wd0.01_cosine,"lr0.003,wd0.01",-1.8780752273170251,0.0009276689728167784
[24],7,"lr=3e-04, wd=0.0",50,layer4_lr1e-05_hd128_wd0.0_cosine,"lr1e-05,wd0.0",-3.8281917673256305,2.8833500264891255e-06
[24],7,"lr=3e-04, wd=0.0",50,layer4_lr1e-05_hd128_wd0.01_cosine,"lr1e-05,wd0.01",-3.96081675367369,5.39681933582853e-06
[24],7,"lr=3e-04, wd=0.0",50,layer4_lr3e-05_hd128_wd0.0_cosine,"lr3e-05,wd0.0",-3.519172463797975,4.195261283205008e-08
[24],7,"lr=3e-04, wd=0.0",50,layer4_lr3e-05_hd128_wd0.01_cosine,"lr3e-05,wd0.01",-4.079890105605401,2.4884150594003377e-06
[24],7,"lr=3e-04, wd=0.0",50,layer4_lr0.0001_hd128_wd0.0_cosine,"lr0.0001,wd0.0",-2.4641673889853726,0.00016242008708419416
[24],7,"lr=3e-04, wd=0.0",50,layer4_lr0.0001_hd128_wd0.01_cosine,"lr0.0001,wd0.01",-3.9129532278492136,1.7706896836698312e-05
[24],7,"lr=3e-04, wd=0.0",50,layer4_lr0.0003_hd128_wd0.0_cosine,"lr0.0003,wd0.0",-1.9653960551438185,7.469064353059812e-05
[24],7,"lr=3e-04, wd=0.0",50,layer4_lr0.0003_hd128_wd0.01_cosine,"lr0.0003,wd0.01",-3.643027959090691,3.999444387941235e-05
[24],7,"lr=3e-04, wd=0.0",50,layer4_lr0.001_hd128_wd0.0_cosine,"lr0.001,wd0.0",-1.8611661137676014,0.00020348133511925303
[24],7,"lr=3e-04, wd=0.0",50,layer4_lr0.001_hd128_wd0.01_cosine,"lr0.001,wd0.01",0.33990849256446243,0.00035095856691171187
[24],7,"lr=3e-04, wd=0.0",50,layer4_lr0.003_hd128_wd0.0_cosine,"lr0.003,wd0.0",-2.3658825455376116,0.00047863989642220003
[24],7,"lr=3e-04, wd=0.0",50,layer4_lr0.003_hd128_wd0.01_cosine,"lr0.003,wd0.01",3.306291104041409,0.0008206311844142049
[24],7,"lr=3e-04, wd=0.0",90,layer4_lr1e-05_hd128_wd0.0_cosine,"lr1e-05,wd0.0",-4.05059137543551,6.90917578887419e-06
[24],7,"lr=3e-04, wd=0.0",90,layer4_lr1e-05_hd128_wd0.01_cosine,"lr1e-05,wd0.01",-4.179605558712669,1.6868807035529068e-06
[24],7,"lr=3e-04, wd=0.0",90,layer4_lr3e-05_hd128_wd0.0_cosine,"lr3e-05,wd0.0",-4.119113037645414,5.64309447874876e-07
[24],7,"lr=3e-04, wd=0.0",90,layer4_lr3e-05_hd128_wd0.01_cosine,"lr3e-05,wd0.01",-4.189905407291297,3.6320743241844876e-07
[24],7,"lr=3e-04, wd=0.0",90,layer4_lr0.0001_hd128_wd0.0_cosine,"lr0.0001,wd0.0",-2.461625575910414,4.383835941891815e-07
[24],7,"lr=3e-04, wd=0.0",90,layer4_lr0.0001_hd128_wd0.01_cosine,"lr0.0001,wd0.01",-4.1704830741132906,2.219787600398035e-06
[24],7,"lr=3e-04, wd=0.0",90,layer4_lr0.0003_hd128_wd0.0_cosine,"lr0.0003,wd0.0",-2.411895711934323,2.898512613712782e-07
[24],7,"lr=3e-04, wd=0.0",90,layer4_lr0.0003_hd128_wd0.01_cosine,"lr0.0003,wd0.01",-3.9460622294668797,1.8090321700091402e-05
[24],7,"lr=3e-04, wd=0.0",90,layer4_lr0.001_hd128_wd0.0_cosine,"lr0.001,wd0.0",-2.424976604894235,5.70254627631457e-05
[24],7,"lr=3e-04, wd=0.0",90,layer4_lr0.001_hd128_wd0.01_cosine,"lr0.001,wd0.01",-3.4747998509198514,5.5616440279608145e-05
[24],7,"lr=3e-04, wd=0.0",90,layer4_lr0.003_hd128_wd0.0_cosine,"lr0.003,wd0.0",-2.313126914152362,1.894810625828794e-05
[24],7,"lr=3e-04, wd=0.0",90,layer4_lr0.003_hd128_wd0.01_cosine,"lr0.003,wd0.01",-3.119151426416363,0.00011363222755114595
[24],8,"lr=3e-04, wd=0.01",0,layer4_lr1e-05_hd128_wd0.0_cosine,"lr1e-05,wd0.0",-0.7706197266367325,0.0001513527762871191
[24],8,"lr=3e-04, wd=0.01",0,layer4_lr1e-05_hd128_wd0.01_cosine,"lr1e-05,wd0.01",-0.7764717897998531,1.3066763090653907e-05
[24],8,"lr=3e-04, wd=0.01",0,layer4_lr3e-05_hd128_wd0.0_cosine,"lr3e-05,wd0.0",-0.800507090897761,0.0010495729436348312
[24],8,"lr=3e-04, wd=0.01",0,layer4_lr3e-05_hd128_wd0.01_cosine,"lr3e-05,wd0.01",-0.8264521056196918,0.00011207407832802717
[24],8,"lr=3e-04, wd=0.01",0,layer4_lr0.0001_hd128_wd0.0_cosine,"lr0.0001,wd0.0",-0.8520414609311405,0.0005140592419790318
[24],8,"lr=3e-04, wd=0.01",0,layer4_lr0.0001_hd128_wd0.01_cosine,"lr0.0001,wd0.01",-0.8725524150670689,0.0004189884005590095
[24],8,"lr=3e-04, wd=0.01",0,layer4_lr0.0003_hd128_wd0.0_cosine,"lr0.0003,wd0.0",-0.877952664258315,1.7660175991662805e-06
[24],8,"lr=3e-04, wd=0.01",0,layer4_lr0.0003_hd128_wd0.01_cosine,"lr0.0003,wd0.01",-0.8847792397266729,0.000502601286590252
[24],8,"lr=3e-04, wd=0.01",0,layer4_lr0.001_hd128_wd0.0_cosine,"lr0.001,wd0.0",-0.8592807416269549,5.7710317065990984e-05
[24],8,"lr=3e-04, wd=0.01",0,layer4_lr0.001_hd128_wd0.01_cosine,"lr0.001,wd0.01",-0.8661863380845246,0.0003663899684345138
[24],8,"lr=3e-04, wd=0.01",0,layer4_lr0.003_hd128_wd0.0_cosine,"lr0.003,wd0.0",-0.8245052747044249,2.5448234866255782e-05
[24],8,"lr=3e-04, wd=0.01",0,layer4_lr0.003_hd128_wd0.01_cosine,"lr0.003,wd0.01",-0.8318486306028797,0.00016407980918326648
[24],8,"lr=3e-04, wd=0.01",5,layer4_lr1e-05_hd128_wd0.0_cosine,"lr1e-05,wd0.0",-1.7105317280452939,0.0007776260721485315
[24],8,"lr=3e-04, wd=0.01",5,layer4_lr1e-05_hd128_wd0.01_cosine,"lr1e-05,wd0.01",-1.781021196957704,0.00018149414588344062
[24],8,"lr=3e-04, wd=0.01",5,layer4_lr3e-05_hd128_wd0.0_cosine,"lr3e-05,wd0.0",-2.0729290773570828,0.0008414498314929678
[24],8,"lr=3e-04, wd=0.01",5,layer4_lr3e-05_hd128_wd0.01_cosine,"lr3e-05,wd0.01",-2.4817088930656306,0.00019299012928321177
[24],8,"lr=3e-04, wd=0.01",5,layer4_lr0.0001_hd128_wd0.0_cosine,"lr0.0001,wd0.0",-1.8768361618356746,1.4017932794636649e-05
[24],8,"lr=3e-04, wd=0.01",5,layer4_lr0.0001_hd128_wd0.01_cosine,"lr0.0001,wd0.01",-2.3829839200185856,0.00012320827371283568
[24],8,"lr=3e-04, wd=0.01",5,layer4_lr0.0003_hd128_wd0.0_cosine,"lr0.0003,wd0.0",-1.5824705599368263,0.0013259618009495073
[24],8,"lr=3e-04, wd=0.01",5,layer4_lr0.0003_hd128_wd0.01_cosine,"lr0.0003,wd0.01",-2.164571486143591,0.00010782987001065587
[24],8,"lr=3e-04, wd=0.01",5,layer4_lr0.001_hd128_wd0.0_cosine,"lr0.001,wd0.0",-1.4433600435678462,0.002201956356447007
[24],8,"lr=3e-04, wd=0.01",5,layer4_lr0.001_hd128_wd0.01_cosine,"lr0.001,wd0.01",-1.9386793682204206,6.902274341341258e-05
[24],8,"lr=3e-04, wd=0.01",5,layer4_lr0.003_hd128_wd0.0_cosine,"lr0.003,wd0.0",-1.3903635266050232,0.0016234316486575856
[24],8,"lr=3e-04, wd=0.01",5,layer4_lr0.003_hd128_wd0.01_cosine,"lr0.003,wd0.01",-1.8358675470170525,0.0010695453650230362
[24],8,"lr=3e-04, wd=0.01",10,layer4_lr1e-05_hd128_wd0.0_cosine,"lr1e-05,wd0.0",-2.002748193745825,0.0006432705410214515
[24],8,"lr=3e-04, wd=0.01",10,layer4_lr1e-05_hd128_wd0.01_cosine,"lr1e-05,wd0.01",-2.1805603226257673,0.00030246127551305444
[24],8,"lr=3e-04, wd=0.01",10,layer4_lr3e-05_hd128_wd0.0_cosine,"lr3e-05,wd0.0",-2.456155958328557,0.000291888325865138
[24],8,"lr=3e-04, wd=0.01",10,layer4_lr3e-05_hd128_wd0.01_cosine,"lr3e-05,wd0.01",-3.1262174381291783,3.9735158450074816e-05
[24],8,"lr=3e-04, wd=0.01",10,layer4_lr0.0001_hd128_wd0.0_cosine,"lr0.0001,wd0.0",-1.7409184186305593,0.00020823102195151167
[24],8,"lr=3e-04, wd=0.01",10,layer4_lr0.0001_hd128_wd0.01_cosine,"lr0.0001,wd0.01",-2.681032235589623,1.6060581695422586e-05
[24],8,"lr=3e-04, wd=0.01",10,layer4_lr0.0003_hd128_wd0.0_cosine,"lr0.0003,wd0.0",-1.5932937475893463,0.001830720988593608
[24],8,"lr=3e-04, wd=0.01",10,layer4_lr0.0003_hd128_wd0.01_cosine,"lr0.0003,wd0.01",-2.3141980745715705,4.502485326912992e-05
[24],8,"lr=3e-04, wd=0.01",10,layer4_lr0.001_hd128_wd0.0_cosine,"lr0.001,wd0.0",-1.5911474025439576,0.0021298223523288054
[24],8,"lr=3e-04, wd=0.01",10,layer4_lr0.001_hd128_wd0.01_cosine,"lr0.001,wd0.01",-2.3877669476443635,0.00020804047092900057
[24],8,"lr=3e-04, wd=0.01",10,layer4_lr0.003_hd128_wd0.0_cosine,"lr0.003,wd0.0",-1.8175142113867817,0.0009170179255456182
[24],8,"lr=3e-04, wd=0.01",10,layer4_lr0.003_hd128_wd0.01_cosine,"lr0.003,wd0.01",-2.0097278602147206,0.0005086073383137308
[24],8,"lr=3e-04, wd=0.01",20,layer4_lr1e-05_hd128_wd0.0_cosine,"lr1e-05,wd0.0",-2.3858078238622284,4.3832209857311965e-05
[24],8,"lr=3e-04, wd=0.01",20,layer4_lr1e-05_hd128_wd0.01_cosine,"lr1e-05,wd0.01",-2.437896865801226,7.837427987997648e-07
[24],8,"lr=3e-04, wd=0.01",20,layer4_lr3e-05_hd128_wd0.0_cosine,"lr3e-05,wd0.0",-2.1589466365425527,1.0438082684119595e-05
[24],8,"lr=3e-04, wd=0.01",20,layer4_lr3e-05_hd128_wd0.01_cosine,"lr3e-05,wd0.01",-3.481710489700522,2.0704257699985585e-05
[24],8,"lr=3e-04, wd=0.01",20,layer4_lr0.0001_hd128_wd0.0_cosine,"lr0.0001,wd0.0",-1.7504649676074622,0.0005418909573077687
[24],8,"lr=3e-04, wd=0.01",20,layer4_lr0.0001_hd128_wd0.01_cosine,"lr0.0001,wd0.01",-2.7494271305290514,1.8801689108898288e-06
[24],8,"lr=3e-04, wd=0.01",20,layer4_lr0.0003_hd128_wd0.0_cosine,"lr0.0003,wd0.0",-1.6665499344111465,0.0019609684314267177
[24],8,"lr=3e-04, wd=0.01",20,layer4_lr0.0003_hd128_wd0.01_cosine,"lr0.0003,wd0.01",-2.465403724263378,4.419719507574288e-05
[24],8,"lr=3e-04, wd=0.01",20,layer4_lr0.001_hd128_wd0.0_cosine,"lr0.001,wd0.0",-1.6416817122402254,0.0021166062889016062
[24],8,"lr=3e-04, wd=0.01",20,layer4_lr0.001_hd128_wd0.01_cosine,"lr0.001,wd0.01",-2.8672902697545175,0.00018851504919995573
[24],8,"lr=3e-04, wd=0.01",20,layer4_lr0.003_hd128_wd0.0_cosine,"lr0.003,wd0.0",-1.8266778570821032,0.001141535009399582
[24],8,"lr=3e-04, wd=0.01",20,layer4_lr0.003_hd128_wd0.01_cosine,"lr0.003,wd0.01",0.3030072732558273,0.0009230861779180082
[24],8,"lr=3e-04, wd=0.01",50,layer4_lr1e-05_hd128_wd0.0_cosine,"lr1e-05,wd0.0",-3.798358586846874,7.299321284608811e-06
[24],8,"lr=3e-04, wd=0.01",50,layer4_lr1e-05_hd128_wd0.01_cosine,"lr1e-05,wd0.01",-3.9297448602269043,8.7531983218873e-06
[24],8,"lr=3e-04, wd=0.01",50,layer4_lr3e-05_hd128_wd0.0_cosine,"lr3e-05,wd0.0",-3.3765899331781406,5.541054359397654e-06
[24],8,"lr=3e-04, wd=0.01",50,layer4_lr3e-05_hd128_wd0.01_cosine,"lr3e-05,wd0.01",-4.03187796126454,8.745114651751627e-09
[24],8,"lr=3e-04, wd=0.01",50,layer4_lr0.0001_hd128_wd0.0_cosine,"lr0.0001,wd0.0",-2.303662069748569,0.00018241317339687913
[24],8,"lr=3e-04, wd=0.01",50,layer4_lr0.0001_hd128_wd0.01_cosine,"lr0.0001,wd0.01",-3.998772475433674,3.1551197661379397e-06
[24],8,"lr=3e-04, wd=0.01",50,layer4_lr0.0003_hd128_wd0.0_cosine,"lr0.0003,wd0.0",-1.9335440661154053,6.159381611996991e-05
[24],8,"lr=3e-04, wd=0.01",50,layer4_lr0.0003_hd128_wd0.01_cosine,"lr0.0003,wd0.01",-3.8926050830369263,1.0013706039991023e-05
[24],8,"lr=3e-04, wd=0.01",50,layer4_lr0.001_hd128_wd0.0_cosine,"lr0.001,wd0.0",-1.8199235594396554,0.000162680701889073
[24],8,"lr=3e-04, wd=0.01",50,layer4_lr0.001_hd128_wd0.01_cosine,"lr0.001,wd0.01",-0.7828720348745235,0.000296147380539178
[24],8,"lr=3e-04, wd=0.01",50,layer4_lr0.003_hd128_wd0.0_cosine,"lr0.003,wd0.0",-2.282508867251096,0.0005021368858181297
[24],8,"lr=3e-04, wd=0.01",50,layer4_lr0.003_hd128_wd0.01_cosine,"lr0.003,wd0.01",4.597119077319952,0.0008363013530805895
[24],8,"lr=3e-04, wd=0.01",90,layer4_lr1e-05_hd128_wd0.0_cosine,"lr1e-05,wd0.0",-4.021679860127589,9.264335315404435e-06
[24],8,"lr=3e-04, wd=0.01",90,layer4_lr1e-05_hd128_wd0.01_cosine,"lr1e-05,wd0.01",-4.171545502502745,2.2674536605415572e-06
[24],8,"lr=3e-04, wd=0.01",90,layer4_lr3e-05_hd128_wd0.0_cosine,"lr3e-05,wd0.0",-4.102121307554249,2.371732445902887e-06
[24],8,"lr=3e-04, wd=0.01",90,layer4_lr3e-05_hd128_wd0.01_cosine,"lr3e-05,wd0.01",-4.184046950702158,2.304586935086557e-08
[24],8,"lr=3e-04, wd=0.01",90,layer4_lr0.0001_hd128_wd0.0_cosine,"lr0.0001,wd0.0",-2.359117738541631,5.816414304639453e-07
[24],8,"lr=3e-04, wd=0.01",90,layer4_lr0.0001_hd128_wd0.01_cosine,"lr0.0001,wd0.01",-4.189270520412906,3.1923656636822774e-11
[24],8,"lr=3e-04, wd=0.01",90,layer4_lr0.0003_hd128_wd0.0_cosine,"lr0.0003,wd0.0",-2.3764868354192696,5.705649904803698e-08
[24],8,"lr=3e-04, wd=0.01",90,layer4_lr0.0003_hd128_wd0.01_cosine,"lr0.0003,wd0.01",-4.103101687566789,5.8010549519381635e-06
[24],8,"lr=3e-04, wd=0.01",90,layer4_lr0.001_hd128_wd0.0_cosine,"lr0.001,wd0.0",-2.3972051103887537,5.9123450423212884e-05
[24],8,"lr=3e-04, wd=0.01",90,layer4_lr0.001_hd128_wd0.01_cosine,"lr0.001,wd0.01",-3.708097661500074,3.0479452902623574e-05
[24],8,"lr=3e-04, wd=0.01",90,layer4_lr0.003_hd128_wd0.0_cosine,"lr0.003,wd0.0",-2.2479027139299546,1.1427326381026117e-05
[24],8,"lr=3e-04, wd=0.01",90,layer4_lr0.003_hd128_wd0.01_cosine,"lr0.003,wd0.01",-2.766588664710281,0.00016268330226661641
[24],9,"lr=0.001, wd=0.0",0,layer4_lr1e-05_hd128_wd0.0_cosine,"lr1e-05,wd0.0",-0.7070091589519276,4.762709023935468e-05
[24],9,"lr=0.001, wd=0.0",0,layer4_lr1e-05_hd128_wd0.01_cosine,"lr1e-05,wd0.01",-0.6999925153002927,9.455570652850037e-05
[24],9,"lr=0.001, wd=0.0",0,layer4_lr3e-05_hd128_wd0.0_cosine,"lr3e-05,wd0.0",-0.7354424320419555,0.0007764307943494668
[24],9,"lr=0.001, wd=0.0",0,layer4_lr3e-05_hd128_wd0.01_cosine,"lr3e-05,wd0.01",-0.7380170458693351,2.721698790347371e-05
[24],9,"lr=0.001, wd=0.0",0,layer4_lr0.0001_hd128_wd0.0_cosine,"lr0.0001,wd0.0",-0.7973567184452689,0.00036972264278335113
[24],9,"lr=0.001, wd=0.0",0,layer4_lr0.0001_hd128_wd0.01_cosine,"lr0.0001,wd0.01",-0.7843179419339033,0.0002614895456716757
[24],9,"lr=0.001, wd=0.0",0,layer4_lr0.0003_hd128_wd0.0_cosine,"lr0.0003,wd0.0",-0.852278934701015,1.1196409276621995e-06
[24],9,"lr=0.001, wd=0.0",0,layer4_lr0.0003_hd128_wd0.01_cosine,"lr0.0003,wd0.01",-0.8250984908541366,0.00037104835612681853
[24],9,"lr=0.001, wd=0.0",0,layer4_lr0.001_hd128_wd0.0_cosine,"lr0.001,wd0.0",-0.869284067518583,8.883144604332184e-05
[24],9,"lr=0.001, wd=0.0",0,layer4_lr0.001_hd128_wd0.01_cosine,"lr0.001,wd0.01",-0.8425667407532352,0.000281228055008385
[24],9,"lr=0.001, wd=0.0",0,layer4_lr0.003_hd128_wd0.0_cosine,"lr0.003,wd0.0",-0.8457096130825654,4.62519036443186e-05
[24],9,"lr=0.001, wd=0.0",0,layer4_lr0.003_hd128_wd0.01_cosine,"lr0.003,wd0.01",-0.8298553318230746,0.00011441890925861453
[24],9,"lr=0.001, wd=0.0",5,layer4_lr1e-05_hd128_wd0.0_cosine,"lr1e-05,wd0.0",-1.792839495290148,0.0009022323933903108
[24],9,"lr=0.001, wd=0.0",5,layer4_lr1e-05_hd128_wd0.01_cosine,"lr1e-05,wd0.01",-1.8939581701589134,0.00012991005420705855
[24],9,"lr=0.001, wd=0.0",5,layer4_lr3e-05_hd128_wd0.0_cosine,"lr3e-05,wd0.0",-1.8603022469275639,0.0013838851476317376
[24],9,"lr=0.001, wd=0.0",5,layer4_lr3e-05_hd128_wd0.01_cosine,"lr3e-05,wd0.01",-2.1721466904325277,0.0004880579584029033
[24],9,"lr=0.001, wd=0.0",5,layer4_lr0.0001_hd128_wd0.0_cosine,"lr0.0001,wd0.0",-2.228966857414317,0.00018009156154407706
[24],9,"lr=0.001, wd=0.0",5,layer4_lr0.0001_hd128_wd0.01_cosine,"lr0.0001,wd0.01",-2.277846778301366,0.0003969171857452507
[24],9,"lr=0.001, wd=0.0",5,layer4_lr0.0003_hd128_wd0.0_cosine,"lr0.0003,wd0.0",-1.9200624433405817,0.0006021387874570386
[24],9,"lr=0.001, wd=0.0",5,layer4_lr0.0003_hd128_wd0.01_cosine,"lr0.0003,wd0.01",-2.368005241300067,0.00035316753115759294
[24],9,"lr=0.001, wd=0.0",5,layer4_lr0.001_hd128_wd0.0_cosine,"lr0.001,wd0.0",-1.7856502320915273,0.0012911346084601076
[24],9,"lr=0.001, wd=0.0",5,layer4_lr0.001_hd128_wd0.01_cosine,"lr0.001,wd0.01",-2.3476280251702333,0.0003317840521544944
[24],9,"lr=0.001, wd=0.0",5,layer4_lr0.003_hd128_wd0.0_cosine,"lr0.003,wd0.0",-2.065921111739142,0.0005529973248455422
[24],9,"lr=0.001, wd=0.0",5,layer4_lr0.003_hd128_wd0.01_cosine,"lr0.003,wd0.01",-1.6680838684155188,0.0020827937749404004
[24],9,"lr=0.001, wd=0.0",10,layer4_lr1e-05_hd128_wd0.0_cosine,"lr1e-05,wd0.0",-2.0139326511655575,0.0005376363012926124
[24],9,"lr=0.001, wd=0.0",10,layer4_lr1e-05_hd128_wd0.01_cosine,"lr1e-05,wd0.01",-2.1554230402233525,0.0002639085123991485
[24],9,"lr=0.001, wd=0.0",10,layer4_lr3e-05_hd128_wd0.0_cosine,"lr3e-05,wd0.0",-2.108974840689573,0.0007815229906987616
[24],9,"lr=0.001, wd=0.0",10,layer4_lr3e-05_hd128_wd0.01_cosine,"lr3e-05,wd0.01",-2.4229619145625225,0.00017831440136818123
[24],9,"lr=0.001, wd=0.0",10,layer4_lr0.0001_hd128_wd0.0_cosine,"lr0.0001,wd0.0",-2.154501515645814,2.1904892840211793e-06
[24],9,"lr=0.001, wd=0.0",10,layer4_lr0.0001_hd128_wd0.01_cosine,"lr0.0001,wd0.01",-2.7724552133331333,0.0002258959486347242
[24],9,"lr=0.001, wd=0.0",10,layer4_lr0.0003_hd128_wd0.0_cosine,"lr0.0003,wd0.0",-1.781975205250266,0.0011181813276491836
[24],9,"lr=0.001, wd=0.0",10,layer4_lr0.0003_hd128_wd0.01_cosine,"lr0.0003,wd0.01",-2.2407343567832747,0.00026171565106820644
[24],9,"lr=0.001, wd=0.0",10,layer4_lr0.001_hd128_wd0.0_cosine,"lr0.001,wd0.0",-1.8047541617830367,0.0013286023625100989
[24],9,"lr=0.001, wd=0.0",10,layer4_lr0.001_hd128_wd0.01_cosine,"lr0.001,wd0.01",-1.5510292971736148,0.00039016132625791785
[24],9,"lr=0.001, wd=0.0",10,layer4_lr0.003_hd128_wd0.0_cosine,"lr0.003,wd0.0",-2.2257229736794026,0.0005096187872790954
[24],9,"lr=0.001, wd=0.0",10,layer4_lr0.003_hd128_wd0.01_cosine,"lr0.003,wd0.01",-2.032776646492706,0.0006529528183857926
[24],9,"lr=0.001, wd=0.0",20,layer4_lr1e-05_hd128_wd0.0_cosine,"lr1e-05,wd0.0",-1.960762046705296,6.325485115508194e-06
[24],9,"lr=0.001, wd=0.0",20,layer4_lr1e-05_hd128_wd0.01_cosine,"lr1e-05,wd0.01",-1.9965627914626196,9.26081942694726e-06
[24],9,"lr=0.001, wd=0.0",20,layer4_lr3e-05_hd128_wd0.0_cosine,"lr3e-05,wd0.0",-2.244436167721428,0.00013596606308023982
[24],9,"lr=0.001, wd=0.0",20,layer4_lr3e-05_hd128_wd0.01_cosine,"lr3e-05,wd0.01",-2.6381371243379,7.880507291468212e-05
[24],9,"lr=0.001, wd=0.0",20,layer4_lr0.0001_hd128_wd0.0_cosine,"lr0.0001,wd0.0",-1.8448534687892686,0.0001802893013744341
[24],9,"lr=0.001, wd=0.0",20,layer4_lr0.0001_hd128_wd0.01_cosine,"lr0.0001,wd0.01",-2.9198652651350905,9.992983736411058e-05
[24],9,"lr=0.001, wd=0.0",20,layer4_lr0.0003_hd128_wd0.0_cosine,"lr0.0003,wd0.0",-1.7971963765368373,0.0011897176188535804
[24],9,"lr=0.001, wd=0.0",20,layer4_lr0.0003_hd128_wd0.01_cosine,"lr0.0003,wd0.01",-2.308771768330883,0.0002213338521697793
[24],9,"lr=0.001, wd=0.0",20,layer4_lr0.001_hd128_wd0.0_cosine,"lr0.001,wd0.0",-1.7924961415312164,0.0015048110718809443
[24],9,"lr=0.001, wd=0.0",20,layer4_lr0.001_hd128_wd0.01_cosine,"lr0.001,wd0.01",-0.595323481577227,0.00038340464215937646
[24],9,"lr=0.001, wd=0.0",20,layer4_lr0.003_hd128_wd0.0_cosine,"lr0.003,wd0.0",-2.122193173393336,0.0007012616563039548
[24],9,"lr=0.001, wd=0.0",20,layer4_lr0.003_hd128_wd0.01_cosine,"lr0.003,wd0.01",-0.34209605585116787,0.001024107984261279
[24],9,"lr=0.001, wd=0.0",50,layer4_lr1e-05_hd128_wd0.0_cosine,"lr1e-05,wd0.0",-3.5087360104449576,6.764548442645914e-06
[24],9,"lr=0.001, wd=0.0",50,layer4_lr1e-05_hd128_wd0.01_cosine,"lr1e-05,wd0.01",-3.6925703413606725,6.069440685759414e-06
[24],9,"lr=0.001, wd=0.0",50,layer4_lr3e-05_hd128_wd0.0_cosine,"lr3e-05,wd0.0",-3.046461844940309,1.2286132716746593e-08
[24],9,"lr=0.001, wd=0.0",50,layer4_lr3e-05_hd128_wd0.01_cosine,"lr3e-05,wd0.01",-3.806898501508351,9.965884405276296e-07
[24],9,"lr=0.001, wd=0.0",50,layer4_lr0.0001_hd128_wd0.0_cosine,"lr0.0001,wd0.0",-2.315002493468138,6.623121747328514e-05
[24],9,"lr=0.001, wd=0.0",50,layer4_lr0.0001_hd128_wd0.01_cosine,"lr0.0001,wd0.01",-3.6766771733077297,2.416353942185082e-05
[24],9,"lr=0.001, wd=0.0",50,layer4_lr0.0003_hd128_wd0.0_cosine,"lr0.0003,wd0.0",-2.0278460762334536,9.894342860142343e-05
[24],9,"lr=0.001, wd=0.0",50,layer4_lr0.0003_hd128_wd0.01_cosine,"lr0.0003,wd0.01",-3.429945534140824,6.125613622835135e-05
[24],9,"lr=0.001, wd=0.0",50,layer4_lr0.001_hd128_wd0.0_cosine,"lr0.001,wd0.0",-2.00982386628374,1.6010799533074066e-05
[24],9,"lr=0.001, wd=0.0",50,layer4_lr0.001_hd128_wd0.01_cosine,"lr0.001,wd0.01",0.7467232260557655,0.0004064744217830334
[24],9,"lr=0.001, wd=0.0",50,layer4_lr0.003_hd128_wd0.0_cosine,"lr0.003,wd0.0",-1.88349198930962,0.00039091463111897025
[24],9,"lr=0.001, wd=0.0",50,layer4_lr0.003_hd128_wd0.01_cosine,"lr0.003,wd0.01",2.8320925763704663,0.0008426565945505304
[24],9,"lr=0.001, wd=0.0",90,layer4_lr1e-05_hd128_wd0.0_cosine,"lr1e-05,wd0.0",-3.980146078686788,7.5008605602785075e-06
[24],9,"lr=0.001, wd=0.0",90,layer4_lr1e-05_hd128_wd0.01_cosine,"lr1e-05,wd0.01",-4.125562502335091,1.6558269099403736e-06
[24],9,"lr=0.001, wd=0.0",90,layer4_lr3e-05_hd128_wd0.0_cosine,"lr3e-05,wd0.0",-4.064711776418773,2.0120853726880313e-07
[24],9,"lr=0.001, wd=0.0",90,layer4_lr3e-05_hd128_wd0.01_cosine,"lr3e-05,wd0.01",-4.149031728030634,4.999823079176052e-07
[24],9,"lr=0.001, wd=0.0",90,layer4_lr0.0001_hd128_wd0.0_cosine,"lr0.0001,wd0.0",-2.9695736413908116,1.2522385079088846e-06
[24],9,"lr=0.001, wd=0.0",90,layer4_lr0.0001_hd128_wd0.01_cosine,"lr0.0001,wd0.01",-4.107797529462604,2.0436854346344123e-06
[24],9,"lr=0.001, wd=0.0",90,layer4_lr0.0003_hd128_wd0.0_cosine,"lr0.0003,wd0.0",-2.495428811157877,2.040226904934833e-06
[24],9,"lr=0.001, wd=0.0",90,layer4_lr0.0003_hd128_wd0.01_cosine,"lr0.0003,wd0.01",-3.874366096593942,1.9663202644624776e-05
[24],9,"lr=0.001, wd=0.0",90,layer4_lr0.001_hd128_wd0.0_cosine,"lr0.001,wd0.0",-2.5151644232375125,6.86069153985208e-05
[24],9,"lr=0.001, wd=0.0",90,layer4_lr0.001_hd128_wd0.01_cosine,"lr0.001,wd0.01",-3.624720897775198,3.36871266498045e-05
[24],9,"lr=0.001, wd=0.0",90,layer4_lr0.003_hd128_wd0.0_cosine,"lr0.003,wd0.0",-2.5948989234566375,6.518852354723179e-05
[24],9,"lr=0.001, wd=0.0",90,layer4_lr0.003_hd128_wd0.01_cosine,"lr0.003,wd0.01",-3.2325492585977775,8.634633465743931e-05
[24],10,"lr=0.001, wd=0.01",0,layer4_lr1e-05_hd128_wd0.0_cosine,"lr1e-05,wd0.0",-0.7354113388508432,1.0562350385958307e-05
[24],10,"lr=0.001, wd=0.01",0,layer4_lr1e-05_hd128_wd0.01_cosine,"lr1e-05,wd0.01",-0.733675974869497,0.00016631260537555302
[24],10,"lr=0.001, wd=0.01",0,layer4_lr3e-05_hd128_wd0.0_cosine,"lr3e-05,wd0.0",-0.7624686436735978,0.0005935312352416964
[24],10,"lr=0.001, wd=0.01",0,layer4_lr3e-05_hd128_wd0.01_cosine,"lr3e-05,wd0.01",-0.7754666217732027,5.713104943844879e-06
[24],10,"lr=0.001, wd=0.01",0,layer4_lr0.0001_hd128_wd0.0_cosine,"lr0.0001,wd0.0",-0.8151816400766181,0.00025153972952011685
[24],10,"lr=0.001, wd=0.01",0,layer4_lr0.0001_hd128_wd0.01_cosine,"lr0.0001,wd0.01",-0.8291651546985026,0.00018633030186731515
[24],10,"lr=0.001, wd=0.01",0,layer4_lr0.0003_hd128_wd0.0_cosine,"lr0.0003,wd0.0",-0.8587472491509709,1.7238851200629716e-05
[24],10,"lr=0.001, wd=0.01",0,layer4_lr0.0003_hd128_wd0.01_cosine,"lr0.0003,wd0.01",-0.8759974138854725,0.00028889744311264107
[24],10,"lr=0.001, wd=0.01",0,layer4_lr0.001_hd128_wd0.0_cosine,"lr0.001,wd0.0",-0.8812743734739809,0.00014690326211567266
[24],10,"lr=0.001, wd=0.01",0,layer4_lr0.001_hd128_wd0.01_cosine,"lr0.001,wd0.01",-0.8989387162203459,0.000213504114013989
[24],10,"lr=0.001, wd=0.01",0,layer4_lr0.003_hd128_wd0.0_cosine,"lr0.003,wd0.0",-0.8730498002070634,8.637933000386201e-05
[24],10,"lr=0.001, wd=0.01",0,layer4_lr0.003_hd128_wd0.01_cosine,"lr0.003,wd0.01",-0.8854622309164367,7.221923270970614e-05
[24],10,"lr=0.001, wd=0.01",5,layer4_lr1e-05_hd128_wd0.0_cosine,"lr1e-05,wd0.0",-1.6626363847637764,0.00020986114527471456
[24],10,"lr=0.001, wd=0.01",5,layer4_lr1e-05_hd128_wd0.01_cosine,"lr1e-05,wd0.01",-1.7091754349386892,1.000717433657579e-05
[24],10,"lr=0.001, wd=0.01",5,layer4_lr3e-05_hd128_wd0.0_cosine,"lr3e-05,wd0.0",-1.7283224535118948,0.00044538761994391803
[24],10,"lr=0.001, wd=0.01",5,layer4_lr3e-05_hd128_wd0.01_cosine,"lr3e-05,wd0.01",-1.908308184482639,0.00011152262910254176
[24],10,"lr=0.001, wd=0.01",5,layer4_lr0.0001_hd128_wd0.0_cosine,"lr0.0001,wd0.0",-1.531978163846581,0.0002693882116054795
[24],10,"lr=0.001, wd=0.01",5,layer4_lr0.0001_hd128_wd0.01_cosine,"lr0.0001,wd0.01",-2.008150447228722,8.676322529103725e-06
[24],10,"lr=0.001, wd=0.01",5,layer4_lr0.0003_hd128_wd0.0_cosine,"lr0.0003,wd0.0",-1.3272258122010947,0.0020462490350789935
[24],10,"lr=0.001, wd=0.01",5,layer4_lr0.0003_hd128_wd0.01_cosine,"lr0.0003,wd0.01",-1.9779376949092629,8.486968800309847e-06
[24],10,"lr=0.001, wd=0.01",5,layer4_lr0.001_hd128_wd0.0_cosine,"lr0.001,wd0.0",-1.2757959992017873,0.00301814650725554
[24],10,"lr=0.001, wd=0.01",5,layer4_lr0.001_hd128_wd0.01_cosine,"lr0.001,wd0.01",-1.9118283799480351,4.112009140235939e-06
[24],10,"lr=0.001, wd=0.01",5,layer4_lr0.003_hd128_wd0.0_cosine,"lr0.003,wd0.0",-1.2988337518281885,0.002572206160017515
[24],10,"lr=0.001, wd=0.01",5,layer4_lr0.003_hd128_wd0.01_cosine,"lr0.003,wd0.01",-2.0014817264130103,0.0006758027432450464
[24],10,"lr=0.001, wd=0.01",10,layer4_lr1e-05_hd128_wd0.0_cosine,"lr1e-05,wd0.0",-1.634275462888181,8.009287944635075e-05
[24],10,"lr=0.001, wd=0.01",10,layer4_lr1e-05_hd128_wd0.01_cosine,"lr1e-05,wd0.01",-1.7091102876734225,9.413358381961534e-06
[24],10,"lr=0.001, wd=0.01",10,layer4_lr3e-05_hd128_wd0.0_cosine,"lr3e-05,wd0.0",-1.7048973990510694,5.702081164280491e-06
[24],10,"lr=0.001, wd=0.01",10,layer4_lr3e-05_hd128_wd0.01_cosine,"lr3e-05,wd0.01",-1.8854214237711313,2.335336178308603e-05
[24],10,"lr=0.001, wd=0.01",10,layer4_lr0.0001_hd128_wd0.0_cosine,"lr0.0001,wd0.0",-1.3964578191202168,0.0007562658856398193
[24],10,"lr=0.001, wd=0.01",10,layer4_lr0.0001_hd128_wd0.01_cosine,"lr0.0001,wd0.01",-1.8826721399078903,7.042547426378343e-05
[24],10,"lr=0.001, wd=0.01",10,layer4_lr0.0003_hd128_wd0.0_cosine,"lr0.0003,wd0.0",-1.3467877039205032,0.00257399447943609
[24],10,"lr=0.001, wd=0.01",10,layer4_lr0.0003_hd128_wd0.01_cosine,"lr0.0003,wd0.01",-2.006566326632281,2.911759778174221e-06
[24],10,"lr=0.001, wd=0.01",10,layer4_lr0.001_hd128_wd0.0_cosine,"lr0.001,wd0.0",-1.4487209184647456,0.002483425829723424
[24],10,"lr=0.001, wd=0.01",10,layer4_lr0.001_hd128_wd0.01_cosine,"lr0.001,wd0.01",-2.7834855990275207,5.6152471389745015e-05
[24],10,"lr=0.001, wd=0.01",10,layer4_lr0.003_hd128_wd0.0_cosine,"lr0.003,wd0.0",-1.6064018012933952,0.001273141878059467
[24],10,"lr=0.001, wd=0.01",10,layer4_lr0.003_hd128_wd0.01_cosine,"lr0.003,wd0.01",-2.3420923671360825,0.00037601255279717967
[24],10,"lr=0.001, wd=0.01",20,layer4_lr1e-05_hd128_wd0.0_cosine,"lr1e-05,wd0.0",-1.7073879897361048,4.7753760562993636e-05
[24],10,"lr=0.001, wd=0.01",20,layer4_lr1e-05_hd128_wd0.01_cosine,"lr1e-05,wd0.01",-1.705737689447885,0.00017300301041792225
[24],10,"lr=0.001, wd=0.01",20,layer4_lr3e-05_hd128_wd0.0_cosine,"lr3e-05,wd0.0",-1.6163333786230185,9.50976951867041e-05
[24],10,"lr=0.001, wd=0.01",20,layer4_lr3e-05_hd128_wd0.01_cosine,"lr3e-05,wd0.01",-2.031843097639772,1.986690788774348e-05
[24],10,"lr=0.001, wd=0.01",20,layer4_lr0.0001_hd128_wd0.0_cosine,"lr0.0001,wd0.0",-1.5226359142293358,0.0008688137283869044
[24],10,"lr=0.001, wd=0.01",20,layer4_lr0.0001_hd128_wd0.01_cosine,"lr0.0001,wd0.01",-1.9953124315002289,4.6554762358874815e-05
[24],10,"lr=0.001, wd=0.01",20,layer4_lr0.0003_hd128_wd0.0_cosine,"lr0.0003,wd0.0",-1.5949377770325452,0.0021310741212584045
[24],10,"lr=0.001, wd=0.01",20,layer4_lr0.0003_hd128_wd0.01_cosine,"lr0.0003,wd0.01",-2.222645395365707,6.570681950456555e-08
[24],10,"lr=0.001, wd=0.01",20,layer4_lr0.001_hd128_wd0.0_cosine,"lr0.001,wd0.0",-1.6062394796846342,0.002181034770583423
[24],10,"lr=0.001, wd=0.01",20,layer4_lr0.001_hd128_wd0.01_cosine,"lr0.001,wd0.01",-3.0426525520229784,4.8351259495318786e-05
[24],10,"lr=0.001, wd=0.01",20,layer4_lr0.003_hd128_wd0.0_cosine,"lr0.003,wd0.0",-1.7440327717630615,0.0013109882534536365
[24],10,"lr=0.001, wd=0.01",20,layer4_lr0.003_hd128_wd0.01_cosine,"lr0.003,wd0.01",-0.5329392085104003,0.0006560475553604719
[24],10,"lr=0.001, wd=0.01",50,layer4_lr1e-05_hd128_wd0.0_cosine,"lr1e-05,wd0.0",-3.528732571296888,2.4236926569522032e-05
[24],10,"lr=0.001, wd=0.01",50,layer4_lr1e-05_hd128_wd0.01_cosine,"lr1e-05,wd0.01",-3.6492974550404966,1.9139802739657198e-05
[24],10,"lr=0.001, wd=0.01",50,layer4_lr3e-05_hd128_wd0.0_cosine,"lr3e-05,wd0.0",-3.066126533299041,2.7718085955744443e-05
[24],10,"lr=0.001, wd=0.01",50,layer4_lr3e-05_hd128_wd0.01_cosine,"lr3e-05,wd0.01",-3.604290307839803,1.4288197318096645e-05
[24],10,"lr=0.001, wd=0.01",50,layer4_lr0.0001_hd128_wd0.0_cosine,"lr0.0001,wd0.0",-2.2084881906993625,0.00018995863086477405
[24],10,"lr=0.001, wd=0.01",50,layer4_lr0.0001_hd128_wd0.01_cosine,"lr0.0001,wd0.01",-3.8093933166516525,4.450124278406236e-08
[24],10,"lr=0.001, wd=0.01",50,layer4_lr0.0003_hd128_wd0.0_cosine,"lr0.0003,wd0.0",-1.9535932839608674,0.00010298347921753261
[24],10,"lr=0.001, wd=0.01",50,layer4_lr0.0003_hd128_wd0.01_cosine,"lr0.0003,wd0.01",-3.834779524700822,1.6771124315191241e-06
[24],10,"lr=0.001, wd=0.01",50,layer4_lr0.001_hd128_wd0.0_cosine,"lr0.001,wd0.0",-1.925125497619467,7.4086111867948975e-06
[24],10,"lr=0.001, wd=0.01",50,layer4_lr0.001_hd128_wd0.01_cosine,"lr0.001,wd0.01",-2.2733642480529443,0.00019786521475914114
[24],10,"lr=0.001, wd=0.01",50,layer4_lr0.003_hd128_wd0.0_cosine,"lr0.003,wd0.0",-2.2225872869375567,0.0005203299689740198
[24],10,"lr=0.001, wd=0.01",50,layer4_lr0.003_hd128_wd0.01_cosine,"lr0.003,wd0.01",1.827026698947349,0.0006578969018875867
[24],10,"lr=0.001, wd=0.01",90,layer4_lr1e-05_hd128_wd0.0_cosine,"lr1e-05,wd0.0",-3.948913950633439,1.3764525822615103e-05
[24],10,"lr=0.001, wd=0.01",90,layer4_lr1e-05_hd128_wd0.01_cosine,"lr1e-05,wd0.01",-4.108004167689204,4.645654609792938e-06
[24],10,"lr=0.001, wd=0.01",90,layer4_lr3e-05_hd128_wd0.0_cosine,"lr3e-05,wd0.0",-4.051913294980162,3.790900571243797e-06
[24],10,"lr=0.001, wd=0.01",90,layer4_lr3e-05_hd128_wd0.01_cosine,"lr3e-05,wd0.01",-4.114904337280206,2.315668320984185e-06
[24],10,"lr=0.001, wd=0.01",90,layer4_lr0.0001_hd128_wd0.0_cosine,"lr0.0001,wd0.0",-2.3421790007376595,1.4741830128614054e-06
[24],10,"lr=0.001, wd=0.01",90,layer4_lr0.0001_hd128_wd0.01_cosine,"lr0.0001,wd0.01",-4.165342600320482,4.838573336165911e-07
[24],10,"lr=0.001, wd=0.01",90,layer4_lr0.0003_hd128_wd0.0_cosine,"lr0.0003,wd0.0",-2.3826396204584874,3.886716646947322e-07
[24],10,"lr=0.001, wd=0.01",90,layer4_lr0.0003_hd128_wd0.01_cosine,"lr0.0003,wd0.01",-4.121083842277132,3.845273323154014e-06
[24],10,"lr=0.001, wd=0.01",90,layer4_lr0.001_hd128_wd0.0_cosine,"lr0.001,wd0.0",-2.4112394153161256,4.3391293612688916e-05
[24],10,"lr=0.001, wd=0.01",90,layer4_lr0.001_hd128_wd0.01_cosine,"lr0.001,wd0.01",-3.8635242621227155,1.072059178361352e-05
[24],10,"lr=0.001, wd=0.01",90,layer4_lr0.003_hd128_wd0.0_cosine,"lr0.003,wd0.0",-2.3047255991577313,1.0583160282896363e-05
[24],10,"lr=0.001, wd=0.01",90,layer4_lr0.003_hd128_wd0.01_cosine,"lr0.003,wd0.01",-2.968520170157996,0.0001271469407655323
[24],11,"lr=0.003, wd=0.0",0,layer4_lr1e-05_hd128_wd0.0_cosine,"lr1e-05,wd0.0",-0.666130782392188,7.549792867063802e-06
[24],11,"lr=0.003, wd=0.0",0,layer4_lr1e-05_hd128_wd0.01_cosine,"lr1e-05,wd0.01",-0.6583660696041322,0.00019290513288930408
[24],11,"lr=0.003, wd=0.0",0,layer4_lr3e-05_hd128_wd0.0_cosine,"lr3e-05,wd0.0",-0.6968417027208262,0.0005677930788466893
[24],11,"lr=0.003, wd=0.0",0,layer4_lr3e-05_hd128_wd0.01_cosine,"lr3e-05,wd0.01",-0.6976661974477628,1.3213726578267679e-06
[24],11,"lr=0.003, wd=0.0",0,layer4_lr0.0001_hd128_wd0.0_cosine,"lr0.0001,wd0.0",-0.7531399097740235,0.0002442388228427316
[24],11,"lr=0.003, wd=0.0",0,layer4_lr0.0001_hd128_wd0.01_cosine,"lr0.0001,wd0.01",-0.7451162072243677,0.00015649983279892302
[24],11,"lr=0.003, wd=0.0",0,layer4_lr0.0003_hd128_wd0.0_cosine,"lr0.0003,wd0.0",-0.8272255590864025,1.578762337365693e-05
[24],11,"lr=0.003, wd=0.0",0,layer4_lr0.0003_hd128_wd0.01_cosine,"lr0.0003,wd0.01",-0.8072991406036621,0.0002630799262678176
[24],11,"lr=0.003, wd=0.0",0,layer4_lr0.001_hd128_wd0.0_cosine,"lr0.001,wd0.0",-0.8924911674568798,0.00012833666799499344
[24],11,"lr=0.003, wd=0.0",0,layer4_lr0.001_hd128_wd0.01_cosine,"lr0.001,wd0.01",-0.8681896139096128,0.00021226136880518886
[24],11,"lr=0.003, wd=0.0",0,layer4_lr0.003_hd128_wd0.0_cosine,"lr0.003,wd0.0",-0.906346844827062,6.519189230145635e-05
[24],11,"lr=0.003, wd=0.0",0,layer4_lr0.003_hd128_wd0.01_cosine,"lr0.003,wd0.01",-0.8820349625106552,8.247438012520304e-05
[24],11,"lr=0.003, wd=0.0",5,layer4_lr1e-05_hd128_wd0.0_cosine,"lr1e-05,wd0.0",-1.7703075940807664,0.00040805156494370297
[24],11,"lr=0.003, wd=0.0",5,layer4_lr1e-05_hd128_wd0.01_cosine,"lr1e-05,wd0.01",-1.8150166040854867,1.1350087067303501e-05
[24],11,"lr=0.003, wd=0.0",5,layer4_lr3e-05_hd128_wd0.0_cosine,"lr3e-05,wd0.0",-1.8600763651978,0.0011355180104411988
[24],11,"lr=0.003, wd=0.0",5,layer4_lr3e-05_hd128_wd0.01_cosine,"lr3e-05,wd0.01",-2.1149430369143816,0.0003386818547816658
[24],11,"lr=0.003, wd=0.0",5,layer4_lr0.0001_hd128_wd0.0_cosine,"lr0.0001,wd0.0",-2.188869340377657,5.6449190812236184e-05
[24],11,"lr=0.003, wd=0.0",5,layer4_lr0.0001_hd128_wd0.01_cosine,"lr0.0001,wd0.01",-2.3238014246678116,0.00034990594111853474
[24],11,"lr=0.003, wd=0.0",5,layer4_lr0.0003_hd128_wd0.0_cosine,"lr0.0003,wd0.0",-1.7937136503714113,0.000894212223437809
[24],11,"lr=0.003, wd=0.0",5,layer4_lr0.0003_hd128_wd0.01_cosine,"lr0.0003,wd0.01",-2.6772521778433296,0.0002762208954559844
[24],11,"lr=0.003, wd=0.0",5,layer4_lr0.001_hd128_wd0.0_cosine,"lr0.001,wd0.0",-1.677939851772431,0.0017336052675951859
[24],11,"lr=0.003, wd=0.0",5,layer4_lr0.001_hd128_wd0.01_cosine,"lr0.001,wd0.01",-2.6464407628081115,0.00028349962863104044
[24],11,"lr=0.003, wd=0.0",5,layer4_lr0.003_hd128_wd0.0_cosine,"lr0.003,wd0.0",-1.9777020557696192,0.000894227417706706
[24],11,"lr=0.003, wd=0.0",5,layer4_lr0.003_hd128_wd0.01_cosine,"lr0.003,wd0.01",-1.702825954390359,0.0019387952079019265
[24],11,"lr=0.003, wd=0.0",10,layer4_lr1e-05_hd128_wd0.0_cosine,"lr1e-05,wd0.0",-1.8122279294084407,0.00022163723497994534
[24],11,"lr=0.003, wd=0.0",10,layer4_lr1e-05_hd128_wd0.01_cosine,"lr1e-05,wd0.01",-1.9590460542225967,0.00011082181226348407
[24],11,"lr=0.003, wd=0.0",10,layer4_lr3e-05_hd128_wd0.0_cosine,"lr3e-05,wd0.0",-2.113649495980436,0.0004193754267956172
[24],11,"lr=0.003, wd=0.0",10,layer4_lr3e-05_hd128_wd0.01_cosine,"lr3e-05,wd0.01",-2.345293325590781,4.4070493328936536e-05
[24],11,"lr=0.003, wd=0.0",10,layer4_lr0.0001_hd128_wd0.0_cosine,"lr0.0001,wd0.0",-1.9586702277419081,8.110071254492228e-05
[24],11,"lr=0.003, wd=0.0",10,layer4_lr0.0001_hd128_wd0.01_cosine,"lr0.0001,wd0.01",-2.8950703836001233,0.00012600135212125966
[24],11,"lr=0.003, wd=0.0",10,layer4_lr0.0003_hd128_wd0.0_cosine,"lr0.0003,wd0.0",-1.6625719828098302,0.0015542448509702756
[24],11,"lr=0.003, wd=0.0",10,layer4_lr0.0003_hd128_wd0.01_cosine,"lr0.0003,wd0.01",-2.7957701835400752,0.0001699804587759721
[24],11,"lr=0.003, wd=0.0",10,layer4_lr0.001_hd128_wd0.0_cosine,"lr0.001,wd0.0",-1.7396876010930011,0.0016485053063915228
[24],11,"lr=0.003, wd=0.0",10,layer4_lr0.001_hd128_wd0.01_cosine,"lr0.001,wd0.01",-1.425500119751268,0.00032828652342126164
[24],11,"lr=0.003, wd=0.0",10,layer4_lr0.003_hd128_wd0.0_cosine,"lr0.003,wd0.0",-2.17566677865316,0.0007018410528378564
[24],11,"lr=0.003, wd=0.0",10,layer4_lr0.003_hd128_wd0.01_cosine,"lr0.003,wd0.01",-1.4899953549667553,0.0006651243091825532
[24],11,"lr=0.003, wd=0.0",20,layer4_lr1e-05_hd128_wd0.0_cosine,"lr1e-05,wd0.0",-1.8695220944473439,5.960736360384171e-06
[24],11,"lr=0.003, wd=0.0",20,layer4_lr1e-05_hd128_wd0.01_cosine,"lr1e-05,wd0.01",-1.880745684700718,5.308444766494344e-05
[24],11,"lr=0.003, wd=0.0",20,layer4_lr3e-05_hd128_wd0.0_cosine,"lr3e-05,wd0.0",-2.1103706107081557,1.0183534597793255e-05
[24],11,"lr=0.003, wd=0.0",20,layer4_lr3e-05_hd128_wd0.01_cosine,"lr3e-05,wd0.01",-2.5449401625259913,2.456559367969246e-05
[24],11,"lr=0.003, wd=0.0",20,layer4_lr0.0001_hd128_wd0.0_cosine,"lr0.0001,wd0.0",-1.7848005174937556,0.0004183456580531542
[24],11,"lr=0.003, wd=0.0",20,layer4_lr0.0001_hd128_wd0.01_cosine,"lr0.0001,wd0.01",-2.9126433243631777,2.5270566093433733e-05
[24],11,"lr=0.003, wd=0.0",20,layer4_lr0.0003_hd128_wd0.0_cosine,"lr0.0003,wd0.0",-1.7591370614701236,0.0015394854132465671
[24],11,"lr=0.003, wd=0.0",20,layer4_lr0.0003_hd128_wd0.01_cosine,"lr0.0003,wd0.01",-2.9943447402326617,0.00012967585382303243
[24],11,"lr=0.003, wd=0.0",20,layer4_lr0.001_hd128_wd0.0_cosine,"lr0.001,wd0.0",-1.7417077520337896,0.0017694060594261412
[24],11,"lr=0.003, wd=0.0",20,layer4_lr0.001_hd128_wd0.01_cosine,"lr0.001,wd0.01",-0.917361493799489,0.00032124663414028826
[24],11,"lr=0.003, wd=0.0",20,layer4_lr0.003_hd128_wd0.0_cosine,"lr0.003,wd0.0",-2.0613901434730804,0.0008951313205676193
[24],11,"lr=0.003, wd=0.0",20,layer4_lr0.003_hd128_wd0.01_cosine,"lr0.003,wd0.01",0.7460111697617386,0.000967215750496165
[24],11,"lr=0.003, wd=0.0",50,layer4_lr1e-05_hd128_wd0.0_cosine,"lr1e-05,wd0.0",-3.5683181379192375,1.074341625821911e-05
[24],11,"lr=0.003, wd=0.0",50,layer4_lr1e-05_hd128_wd0.01_cosine,"lr1e-05,wd0.01",-3.7224021230132918,8.177351877477375e-06
[24],11,"lr=0.003, wd=0.0",50,layer4_lr3e-05_hd128_wd0.0_cosine,"lr3e-05,wd0.0",-3.3617614538169236,5.30606200581645e-06
[24],11,"lr=0.003, wd=0.0",50,layer4_lr3e-05_hd128_wd0.01_cosine,"lr3e-05,wd0.01",-3.9059795022400965,5.47436750486765e-08
[24],11,"lr=0.003, wd=0.0",50,layer4_lr0.0001_hd128_wd0.0_cosine,"lr0.0001,wd0.0",-2.3442861939378568,0.00013239919909763546
[24],11,"lr=0.003, wd=0.0",50,layer4_lr0.0001_hd128_wd0.01_cosine,"lr0.0001,wd0.01",-3.8826853206586254,1.2021198780173603e-05
[24],11,"lr=0.003, wd=0.0",50,layer4_lr0.0003_hd128_wd0.0_cosine,"lr0.0003,wd0.0",-1.9965691839602218,9.462555668559071e-05
[24],11,"lr=0.003, wd=0.0",50,layer4_lr0.0003_hd128_wd0.01_cosine,"lr0.0003,wd0.01",-3.6630344436336477,3.588084064981279e-05
[24],11,"lr=0.003, wd=0.0",50,layer4_lr0.001_hd128_wd0.0_cosine,"lr0.001,wd0.0",-1.9727761271757531,5.051841665847429e-05
[24],11,"lr=0.003, wd=0.0",50,layer4_lr0.001_hd128_wd0.01_cosine,"lr0.001,wd0.01",0.776843202710503,0.00037657163438656994
[24],11,"lr=0.003, wd=0.0",50,layer4_lr0.003_hd128_wd0.0_cosine,"lr0.003,wd0.0",-1.743652513005375,0.0004237379577726155
[24],11,"lr=0.003, wd=0.0",50,layer4_lr0.003_hd128_wd0.01_cosine,"lr0.003,wd0.01",4.011968647138163,0.00082988946307935
[24],11,"lr=0.003, wd=0.0",90,layer4_lr1e-05_hd128_wd0.0_cosine,"lr1e-05,wd0.0",-3.9906739468917367,8.565418020071911e-06
[24],11,"lr=0.003, wd=0.0",90,layer4_lr1e-05_hd128_wd0.01_cosine,"lr1e-05,wd0.01",-4.132927676194067,2.090983063370396e-06
[24],11,"lr=0.003, wd=0.0",90,layer4_lr3e-05_hd128_wd0.0_cosine,"lr3e-05,wd0.0",-4.1027219915366295,9.058188446020959e-07
[24],11,"lr=0.003, wd=0.0",90,layer4_lr3e-05_hd128_wd0.01_cosine,"lr3e-05,wd0.01",-4.17349991729983,1.9658007830434322e-07
[24],11,"lr=0.003, wd=0.0",90,layer4_lr0.0001_hd128_wd0.0_cosine,"lr0.0001,wd0.0",-2.451444861984856,8.4491851825931e-08
[24],11,"lr=0.003, wd=0.0",90,layer4_lr0.0001_hd128_wd0.01_cosine,"lr0.0001,wd0.01",-4.1515853754493515,1.8717602009739865e-06
[24],11,"lr=0.003, wd=0.0",90,layer4_lr0.0003_hd128_wd0.0_cosine,"lr0.0003,wd0.0",-2.4499119332900876,3.7444528683338646e-08
[24],11,"lr=0.003, wd=0.0",90,layer4_lr0.0003_hd128_wd0.01_cosine,"lr0.0003,wd0.01",-3.933072558484547,1.804345186746351e-05
[24],11,"lr=0.003, wd=0.0",90,layer4_lr0.001_hd128_wd0.0_cosine,"lr0.001,wd0.0",-2.480981883587324,5.11948873950417e-05
[24],11,"lr=0.003, wd=0.0",90,layer4_lr0.001_hd128_wd0.01_cosine,"lr0.001,wd0.01",-3.7031275149431204,2.9361850047888675e-05
[24],11,"lr=0.003, wd=0.0",90,layer4_lr0.003_hd128_wd0.0_cosine,"lr0.003,wd0.0",-2.444140930594395,2.531580637829387e-05
[24],11,"lr=0.003, wd=0.0",90,layer4_lr0.003_hd128_wd0.01_cosine,"lr0.003,wd0.01",-3.2082005576968537,9.564175024417358e-05
[24],12,"lr=0.003, wd=0.01",0,layer4_lr1e-05_hd128_wd0.0_cosine,"lr1e-05,wd0.0",-0.754360500602426,1.0992767324996256e-05
[24],12,"lr=0.003, wd=0.01",0,layer4_lr1e-05_hd128_wd0.01_cosine,"lr1e-05,wd0.01",-0.7469209710267016,0.00038633440242224733
[24],12,"lr=0.003, wd=0.01",0,layer4_lr3e-05_hd128_wd0.0_cosine,"lr3e-05,wd0.0",-0.7901775763842623,0.00034325278809379134
[24],12,"lr=0.003, wd=0.01",0,layer4_lr3e-05_hd128_wd0.01_cosine,"lr3e-05,wd0.01",-0.7961701626875882,1.3138904596036778e-05
[24],12,"lr=0.003, wd=0.01",0,layer4_lr0.0001_hd128_wd0.0_cosine,"lr0.0001,wd0.0",-0.852172584600976,0.00012510829617570847
[24],12,"lr=0.003, wd=0.01",0,layer4_lr0.0001_hd128_wd0.01_cosine,"lr0.0001,wd0.01",-0.8616701895302542,7.888734101151379e-05
[24],12,"lr=0.003, wd=0.01",0,layer4_lr0.0003_hd128_wd0.0_cosine,"lr0.0003,wd0.0",-0.9140658396484096,5.996974775012235e-05
[24],12,"lr=0.003, wd=0.01",0,layer4_lr0.0003_hd128_wd0.01_cosine,"lr0.0003,wd0.01",-0.934169680756452,0.00018330425250390214
[24],12,"lr=0.003, wd=0.01",0,layer4_lr0.001_hd128_wd0.0_cosine,"lr0.001,wd0.0",-0.9791270066289647,0.00020410799114181167
[24],12,"lr=0.003, wd=0.01",0,layer4_lr0.001_hd128_wd0.01_cosine,"lr0.001,wd0.01",-1.007395396313769,0.00016420354979460635
[24],12,"lr=0.003, wd=0.01",0,layer4_lr0.003_hd128_wd0.0_cosine,"lr0.003,wd0.0",-1.011941110028934,0.00010816645439161756
[24],12,"lr=0.003, wd=0.01",0,layer4_lr0.003_hd128_wd0.01_cosine,"lr0.003,wd0.01",-1.0331158046719442,5.8261759927059854e-05
[24],12,"lr=0.003, wd=0.01",5,layer4_lr1e-05_hd128_wd0.0_cosine,"lr1e-05,wd0.0",-1.3973566807784,0.00011839946461696414
[24],12,"lr=0.003, wd=0.01",5,layer4_lr1e-05_hd128_wd0.01_cosine,"lr1e-05,wd0.01",-1.429622979390473,0.0006279414950730851
[24],12,"lr=0.003, wd=0.01",5,layer4_lr3e-05_hd128_wd0.0_cosine,"lr3e-05,wd0.0",-1.392941008497365,0.0003749624726214806
[24],12,"lr=0.003, wd=0.01",5,layer4_lr3e-05_hd128_wd0.01_cosine,"lr3e-05,wd0.01",-1.5197397507763257,0.0005838248078770293
[24],12,"lr=0.003, wd=0.01",5,layer4_lr0.0001_hd128_wd0.0_cosine,"lr0.0001,wd0.0",-1.2801316203863642,0.0015934413822265747
[24],12,"lr=0.003, wd=0.01",5,layer4_lr0.0001_hd128_wd0.01_cosine,"lr0.0001,wd0.01",-1.600081067944012,0.0004766063658809677
[24],12,"lr=0.003, wd=0.01",5,layer4_lr0.0003_hd128_wd0.0_cosine,"lr0.0003,wd0.0",-1.1345540762782904,0.003941712857364922
[24],12,"lr=0.003, wd=0.01",5,layer4_lr0.0003_hd128_wd0.01_cosine,"lr0.0003,wd0.01",-1.6062815363530074,0.00018391545295248259
[24],12,"lr=0.003, wd=0.01",5,layer4_lr0.001_hd128_wd0.0_cosine,"lr0.001,wd0.0",-1.0753609917598306,0.0051627139085605395
[24],12,"lr=0.003, wd=0.01",5,layer4_lr0.001_hd128_wd0.01_cosine,"lr0.001,wd0.01",-1.564725603700592,0.0010354515129198344
[24],12,"lr=0.003, wd=0.01",5,layer4_lr0.003_hd128_wd0.0_cosine,"lr0.003,wd0.0",-1.1011185807413975,0.004875898087360732
[24],12,"lr=0.003, wd=0.01",5,layer4_lr0.003_hd128_wd0.01_cosine,"lr0.003,wd0.01",-1.848412433285934,0.000216486031725898
[24],12,"lr=0.003, wd=0.01",10,layer4_lr1e-05_hd128_wd0.0_cosine,"lr1e-05,wd0.0",-1.4491360310170538,7.764252740517094e-05
[24],12,"lr=0.003, wd=0.01",10,layer4_lr1e-05_hd128_wd0.01_cosine,"lr1e-05,wd0.01",-1.516867753674355,0.0001483266323027956
[24],12,"lr=0.003, wd=0.01",10,layer4_lr3e-05_hd128_wd0.0_cosine,"lr3e-05,wd0.0",-1.3318493086261451,0.000515497929247908
[24],12,"lr=0.003, wd=0.01",10,layer4_lr3e-05_hd128_wd0.01_cosine,"lr3e-05,wd0.01",-1.4226515954496268,0.000958301348016797
[24],12,"lr=0.003, wd=0.01",10,layer4_lr0.0001_hd128_wd0.0_cosine,"lr0.0001,wd0.0",-1.2531086460758951,0.0018906033572922744
[24],12,"lr=0.003, wd=0.01",10,layer4_lr0.0001_hd128_wd0.01_cosine,"lr0.0001,wd0.01",-1.5377607095124546,0.0007364746647443325
[24],12,"lr=0.003, wd=0.01",10,layer4_lr0.0003_hd128_wd0.0_cosine,"lr0.0003,wd0.0",-1.2223705511501781,0.00395681569409194
[24],12,"lr=0.003, wd=0.01",10,layer4_lr0.0003_hd128_wd0.01_cosine,"lr0.0003,wd0.01",-1.654665254507891,0.00022739295655337444
[24],12,"lr=0.003, wd=0.01",10,layer4_lr0.001_hd128_wd0.0_cosine,"lr0.001,wd0.0",-1.2896272270523583,0.003445322023314825
[24],12,"lr=0.003, wd=0.01",10,layer4_lr0.001_hd128_wd0.01_cosine,"lr0.001,wd0.01",-1.9473509551536121,4.8648072066381257e-05
[24],12,"lr=0.003, wd=0.01",10,layer4_lr0.003_hd128_wd0.0_cosine,"lr0.003,wd0.0",-1.3929911097682035,0.002063859606341498
[24],12,"lr=0.003, wd=0.01",10,layer4_lr0.003_hd128_wd0.01_cosine,"lr0.003,wd0.01",-2.409501506044261,3.8989792862139545e-05
[24],12,"lr=0.003, wd=0.01",20,layer4_lr1e-05_hd128_wd0.0_cosine,"lr1e-05,wd0.0",-1.5861346962796423,0.0002733947287509283
[24],12,"lr=0.003, wd=0.01",20,layer4_lr1e-05_hd128_wd0.01_cosine,"lr1e-05,wd0.01",-1.5933844127286834,0.0005138931108447745
[24],12,"lr=0.003, wd=0.01",20,layer4_lr3e-05_hd128_wd0.0_cosine,"lr3e-05,wd0.0",-1.4042304511767654,0.00045885640690191017
[24],12,"lr=0.003, wd=0.01",20,layer4_lr3e-05_hd128_wd0.01_cosine,"lr3e-05,wd0.01",-1.5716455918370074,0.0002617992893653464
[24],12,"lr=0.003, wd=0.01",20,layer4_lr0.0001_hd128_wd0.0_cosine,"lr0.0001,wd0.0",-1.4222951431785524,0.0015507938812065853
[24],12,"lr=0.003, wd=0.01",20,layer4_lr0.0001_hd128_wd0.01_cosine,"lr0.0001,wd0.01",-1.6624520507386726,0.00028943594518553666
[24],12,"lr=0.003, wd=0.01",20,layer4_lr0.0003_hd128_wd0.0_cosine,"lr0.0003,wd0.0",-1.4926313726650886,0.0026718911925422404
[24],12,"lr=0.003, wd=0.01",20,layer4_lr0.0003_hd128_wd0.01_cosine,"lr0.0003,wd0.01",-1.764785231954558,8.39630908733936e-05
[24],12,"lr=0.003, wd=0.01",20,layer4_lr0.001_hd128_wd0.0_cosine,"lr0.001,wd0.0",-1.5468691399979888,0.0025429984718936018
[24],12,"lr=0.003, wd=0.01",20,layer4_lr0.001_hd128_wd0.01_cosine,"lr0.001,wd0.01",-2.0623570866703766,2.894958817540478e-05
[24],12,"lr=0.003, wd=0.01",20,layer4_lr0.003_hd128_wd0.0_cosine,"lr0.003,wd0.0",-1.5977979412053929,0.001730657035277352
[24],12,"lr=0.003, wd=0.01",20,layer4_lr0.003_hd128_wd0.01_cosine,"lr0.003,wd0.01",-2.7169825720214056,0.0002543490233781156
[24],12,"lr=0.003, wd=0.01",50,layer4_lr1e-05_hd128_wd0.0_cosine,"lr1e-05,wd0.0",-2.9351575508596803,3.767056781797949e-05
[24],12,"lr=0.003, wd=0.01",50,layer4_lr1e-05_hd128_wd0.01_cosine,"lr1e-05,wd0.01",-2.5966994832966264,2.8482768381494438e-05
[24],12,"lr=0.003, wd=0.01",50,layer4_lr3e-05_hd128_wd0.0_cosine,"lr3e-05,wd0.0",-2.515643269330658,7.196382802878607e-05
[24],12,"lr=0.003, wd=0.01",50,layer4_lr3e-05_hd128_wd0.01_cosine,"lr3e-05,wd0.01",-2.5104755867384774,5.1532729182593166e-05
[24],12,"lr=0.003, wd=0.01",50,layer4_lr0.0001_hd128_wd0.0_cosine,"lr0.0001,wd0.0",-2.14891845606878,0.00021240866828244927
[24],12,"lr=0.003, wd=0.01",50,layer4_lr0.0001_hd128_wd0.01_cosine,"lr0.0001,wd0.01",-3.0832758878479596,6.10840584363611e-06
[24],12,"lr=0.003, wd=0.01",50,layer4_lr0.0003_hd128_wd0.0_cosine,"lr0.0003,wd0.0",-2.0023507960193374,0.00011941606910002793
[24],12,"lr=0.003, wd=0.01",50,layer4_lr0.0003_hd128_wd0.01_cosine,"lr0.0003,wd0.01",-3.5281529680227663,2.526425760379068e-06
[24],12,"lr=0.003, wd=0.01",50,layer4_lr0.001_hd128_wd0.0_cosine,"lr0.001,wd0.0",-2.0019918946916753,4.830270637221424e-06
[24],12,"lr=0.003, wd=0.01",50,layer4_lr0.001_hd128_wd0.01_cosine,"lr0.001,wd0.01",-3.0838701797379366,0.0001226705726793959
[24],12,"lr=0.003, wd=0.01",50,layer4_lr0.003_hd128_wd0.0_cosine,"lr0.003,wd0.0",-2.194899991610727,0.0005215175995513969
[24],12,"lr=0.003, wd=0.01",50,layer4_lr0.003_hd128_wd0.01_cosine,"lr0.003,wd0.01",-1.5856977247983708,0.000386971345693811
[24],12,"lr=0.003, wd=0.01",90,layer4_lr1e-05_hd128_wd0.0_cosine,"lr1e-05,wd0.0",-3.940630901386084,1.2131658886424819e-05
[24],12,"lr=0.003, wd=0.01",90,layer4_lr1e-05_hd128_wd0.01_cosine,"lr1e-05,wd0.01",-4.076811172797484,4.025147591930747e-06
[24],12,"lr=0.003, wd=0.01",90,layer4_lr3e-05_hd128_wd0.0_cosine,"lr3e-05,wd0.0",-4.016017293956764,5.9104049442640535e-06
[24],12,"lr=0.003, wd=0.01",90,layer4_lr3e-05_hd128_wd0.01_cosine,"lr3e-05,wd0.01",-4.070647847901452,3.3670577301523733e-06
[24],12,"lr=0.003, wd=0.01",90,layer4_lr0.0001_hd128_wd0.0_cosine,"lr0.0001,wd0.0",-2.407189154521171,5.030333487726118e-07
[24],12,"lr=0.003, wd=0.01",90,layer4_lr0.0001_hd128_wd0.01_cosine,"lr0.0001,wd0.01",-4.131592947313982,2.1574315983355326e-06
[24],12,"lr=0.003, wd=0.01",90,layer4_lr0.0003_hd128_wd0.0_cosine,"lr0.0003,wd0.0",-2.479882333315957,1.7081524969089078e-07
[24],12,"lr=0.003, wd=0.01",90,layer4_lr0.0003_hd128_wd0.01_cosine,"lr0.0003,wd0.01",-4.141093468074994,1.5104941247653358e-06
[24],12,"lr=0.003, wd=0.01",90,layer4_lr0.001_hd128_wd0.0_cosine,"lr0.001,wd0.0",-2.502086950438848,5.13092464407861e-05
[24],12,"lr=0.003, wd=0.01",90,layer4_lr0.001_hd128_wd0.01_cosine,"lr0.001,wd0.01",-3.8666916295495724,2.702349149401769e-07
[24],12,"lr=0.003, wd=0.01",90,layer4_lr0.003_hd128_wd0.0_cosine,"lr0.003,wd0.0",-2.369543702608297,1.199680865122724e-05
[24],12,"lr=0.003, wd=0.01",90,layer4_lr0.003_hd128_wd0.01_cosine,"lr0.003,wd0.01",-3.3524526889848043,7.142012259313297e-05
[32],1,"lr=1e-05, wd=0.0",0,layer4_lr1e-05_hd128_wd0.0_cosine,"lr1e-05,wd0.0",-1.3599352138912917,0.0012924835013096514
[32],1,"lr=1e-05, wd=0.0",0,layer4_lr1e-05_hd128_wd0.01_cosine,"lr1e-05,wd0.01",-1.3470300867504612,0.000409638068107888
[32],1,"lr=1e-05, wd=0.0",0,layer4_lr3e-05_hd128_wd0.0_cosine,"lr3e-05,wd0.0",-1.2410319883958993,0.0029913085440457453
[32],1,"lr=1e-05, wd=0.0",0,layer4_lr3e-05_hd128_wd0.01_cosine,"lr3e-05,wd0.01",-1.3148664629687168,0.001083166749588767
[32],1,"lr=1e-05, wd=0.0",0,layer4_lr0.0001_hd128_wd0.0_cosine,"lr0.0001,wd0.0",-1.2343906007177687,0.001989122148568739
[32],1,"lr=1e-05, wd=0.0",0,layer4_lr0.0001_hd128_wd0.01_cosine,"lr0.0001,wd0.01",-1.258963348632303,0.0017793010989931178
[32],1,"lr=1e-05, wd=0.0",0,layer4_lr0.0003_hd128_wd0.0_cosine,"lr0.0003,wd0.0",-1.246286779938894,0.0005599798760864902
[32],1,"lr=1e-05, wd=0.0",0,layer4_lr0.0003_hd128_wd0.01_cosine,"lr0.0003,wd0.01",-1.2195368305752226,0.001969392438515399
[32],1,"lr=1e-05, wd=0.0",0,layer4_lr0.001_hd128_wd0.0_cosine,"lr0.001,wd0.0",-1.2011620483728211,0.00023048419278383247
[32],1,"lr=1e-05, wd=0.0",0,layer4_lr0.001_hd128_wd0.01_cosine,"lr0.001,wd0.01",-1.17405446645278,0.0017160260125410728
[32],1,"lr=1e-05, wd=0.0",0,layer4_lr0.003_hd128_wd0.0_cosine,"lr0.003,wd0.0",-1.1402561328626684,0.00031878571268365296
[32],1,"lr=1e-05, wd=0.0",0,layer4_lr0.003_hd128_wd0.01_cosine,"lr0.003,wd0.01",-1.1289497549257046,0.0012353112232320511
[32],1,"lr=1e-05, wd=0.0",5,layer4_lr1e-05_hd128_wd0.0_cosine,"lr1e-05,wd0.0",-1.534190425627125,0.0002852597931285886
[32],1,"lr=1e-05, wd=0.0",5,layer4_lr1e-05_hd128_wd0.01_cosine,"lr1e-05,wd0.01",-1.643467692949646,1.0946995575695455e-05
[32],1,"lr=1e-05, wd=0.0",5,layer4_lr3e-05_hd128_wd0.0_cosine,"lr3e-05,wd0.0",-1.4256295276627804,9.948954844474115e-06
[32],1,"lr=1e-05, wd=0.0",5,layer4_lr3e-05_hd128_wd0.01_cosine,"lr3e-05,wd0.01",-1.5014616826342264,0.00012170789067316436
[32],1,"lr=1e-05, wd=0.0",5,layer4_lr0.0001_hd128_wd0.0_cosine,"lr0.0001,wd0.0",-1.4197571362162815,0.0006260193141506399
[32],1,"lr=1e-05, wd=0.0",5,layer4_lr0.0001_hd128_wd0.01_cosine,"lr0.0001,wd0.01",-1.531006061703257,2.2608349979967097e-05
[32],1,"lr=1e-05, wd=0.0",5,layer4_lr0.0003_hd128_wd0.0_cosine,"lr0.0003,wd0.0",-1.155217427273677,0.0038099228851836593
[32],1,"lr=1e-05, wd=0.0",5,layer4_lr0.0003_hd128_wd0.01_cosine,"lr0.0003,wd0.01",-1.340006904146981,5.493351521906325e-05
[32],1,"lr=1e-05, wd=0.0",5,layer4_lr0.001_hd128_wd0.0_cosine,"lr0.001,wd0.0",-0.9487067421803127,0.0066564800965033
[32],1,"lr=1e-05, wd=0.0",5,layer4_lr0.001_hd128_wd0.01_cosine,"lr0.001,wd0.01",-0.9755619649400712,0.0018249059380631555
[32],1,"lr=1e-05, wd=0.0",5,layer4_lr0.003_hd128_wd0.0_cosine,"lr0.003,wd0.0",-0.8456066016607755,0.00749250395008291
[32],1,"lr=1e-05, wd=0.0",5,layer4_lr0.003_hd128_wd0.01_cosine,"lr0.003,wd0.01",-1.20045487970318,0.0006608094806858103
[32],1,"lr=1e-05, wd=0.0",10,layer4_lr1e-05_hd128_wd0.0_cosine,"lr1e-05,wd0.0",-2.034791075232227,0.0001580700308769078
[32],1,"lr=1e-05, wd=0.0",10,layer4_lr1e-05_hd128_wd0.01_cosine,"lr1e-05,wd0.01",-2.161497993900805,3.9515614572282174e-05
[32],1,"lr=1e-05, wd=0.0",10,layer4_lr3e-05_hd128_wd0.0_cosine,"lr3e-05,wd0.0",-1.8181013078184474,2.3531349224928324e-06
[32],1,"lr=1e-05, wd=0.0",10,layer4_lr3e-05_hd128_wd0.01_cosine,"lr3e-05,wd0.01",-1.8283293578847029,0.00018833740176422918
[32],1,"lr=1e-05, wd=0.0",10,layer4_lr0.0001_hd128_wd0.0_cosine,"lr0.0001,wd0.0",-1.555386716178774,0.0010868203610612842
[32],1,"lr=1e-05, wd=0.0",10,layer4_lr0.0001_hd128_wd0.01_cosine,"lr0.0001,wd0.01",-1.723122101173456,0.0001317415035713719
[32],1,"lr=1e-05, wd=0.0",10,layer4_lr0.0003_hd128_wd0.0_cosine,"lr0.0003,wd0.0",-1.2407429631656026,0.004238543385851123
[32],1,"lr=1e-05, wd=0.0",10,layer4_lr0.0003_hd128_wd0.01_cosine,"lr0.0003,wd0.01",-1.4599280303536601,0.00015659103345471215
[32],1,"lr=1e-05, wd=0.0",10,layer4_lr0.001_hd128_wd0.0_cosine,"lr0.001,wd0.0",-1.204394164648987,0.004338635260519764
[32],1,"lr=1e-05, wd=0.0",10,layer4_lr0.001_hd128_wd0.01_cosine,"lr0.001,wd0.01",-1.448210556460042,4.297907890372265e-06
[32],1,"lr=1e-05, wd=0.0",10,layer4_lr0.003_hd128_wd0.0_cosine,"lr0.003,wd0.0",-1.27813577841684,0.002440143774818019
[32],1,"lr=1e-05, wd=0.0",10,layer4_lr0.003_hd128_wd0.01_cosine,"lr0.003,wd0.01",-1.1820410726445516,0.00018228800671588643
[32],1,"lr=1e-05, wd=0.0",20,layer4_lr1e-05_hd128_wd0.0_cosine,"lr1e-05,wd0.0",-2.216653013846839,1.1995286514689103e-05
[32],1,"lr=1e-05, wd=0.0",20,layer4_lr1e-05_hd128_wd0.01_cosine,"lr1e-05,wd0.01",-2.2773510957130902,1.5560733060800162e-05
[32],1,"lr=1e-05, wd=0.0",20,layer4_lr3e-05_hd128_wd0.0_cosine,"lr3e-05,wd0.0",-2.069877384749143,7.695101168800644e-05
[32],1,"lr=1e-05, wd=0.0",20,layer4_lr3e-05_hd128_wd0.01_cosine,"lr3e-05,wd0.01",-2.244477554400123,1.986478257123943e-05
[32],1,"lr=1e-05, wd=0.0",20,layer4_lr0.0001_hd128_wd0.0_cosine,"lr0.0001,wd0.0",-1.7546528702721482,0.0012693613242840281
[32],1,"lr=1e-05, wd=0.0",20,layer4_lr0.0001_hd128_wd0.01_cosine,"lr0.0001,wd0.01",-2.027299014633741,8.96182241574108e-05
[32],1,"lr=1e-05, wd=0.0",20,layer4_lr0.0003_hd128_wd0.0_cosine,"lr0.0003,wd0.0",-1.4753359970350277,0.003029152417184419
[32],1,"lr=1e-05, wd=0.0",20,layer4_lr0.0003_hd128_wd0.01_cosine,"lr0.0003,wd0.01",-1.5612226853803586,6.609609835524924e-05
[32],1,"lr=1e-05, wd=0.0",20,layer4_lr0.001_hd128_wd0.0_cosine,"lr0.001,wd0.0",-1.4471171840975217,0.0031750092730542866
[32],1,"lr=1e-05, wd=0.0",20,layer4_lr0.001_hd128_wd0.01_cosine,"lr0.001,wd0.01",-1.450998124427043,7.937271720573942e-05
[32],1,"lr=1e-05, wd=0.0",20,layer4_lr0.003_hd128_wd0.0_cosine,"lr0.003,wd0.0",-1.4741218637237095,0.0022174324594744785
[32],1,"lr=1e-05, wd=0.0",20,layer4_lr0.003_hd128_wd0.01_cosine,"lr0.003,wd0.01",-1.6250547189522802,0.0005062415743581001
[32],1,"lr=1e-05, wd=0.0",50,layer4_lr1e-05_hd128_wd0.0_cosine,"lr1e-05,wd0.0",-3.71895757953222,1.8860359820349074e-08
[32],1,"lr=1e-05, wd=0.0",50,layer4_lr1e-05_hd128_wd0.01_cosine,"lr1e-05,wd0.01",-3.735784620055557,5.015150760688597e-07
[32],1,"lr=1e-05, wd=0.0",50,layer4_lr3e-05_hd128_wd0.0_cosine,"lr3e-05,wd0.0",-2.5460352600819727,3.681193505060453e-05
[32],1,"lr=1e-05, wd=0.0",50,layer4_lr3e-05_hd128_wd0.01_cosine,"lr3e-05,wd0.01",-3.6743824313861384,9.89368045044364e-06
[32],1,"lr=1e-05, wd=0.0",50,layer4_lr0.0001_hd128_wd0.0_cosine,"lr0.0001,wd0.0",-2.100780366704167,0.00021986291456222538
[32],1,"lr=1e-05, wd=0.0",50,layer4_lr0.0001_hd128_wd0.01_cosine,"lr0.0001,wd0.01",-3.8716607905206426,1.3025480563678284e-06
[32],1,"lr=1e-05, wd=0.0",50,layer4_lr0.0003_hd128_wd0.0_cosine,"lr0.0003,wd0.0",-1.7544412648489545,0.00032569974434360453
[32],1,"lr=1e-05, wd=0.0",50,layer4_lr0.0003_hd128_wd0.01_cosine,"lr0.0003,wd0.01",-3.715180485047227,2.7162510565861724e-11
[32],1,"lr=1e-05, wd=0.0",50,layer4_lr0.001_hd128_wd0.0_cosine,"lr0.001,wd0.0",-1.7023707064287015,0.00020514222802287257
[32],1,"lr=1e-05, wd=0.0",50,layer4_lr0.001_hd128_wd0.01_cosine,"lr0.001,wd0.01",-2.2973667525515067,0.00019971994751574095
[32],1,"lr=1e-05, wd=0.0",50,layer4_lr0.003_hd128_wd0.0_cosine,"lr0.003,wd0.0",-2.2145011978186915,0.0005715784198290693
[32],1,"lr=1e-05, wd=0.0",50,layer4_lr0.003_hd128_wd0.01_cosine,"lr0.003,wd0.01",-2.122824948296234,0.0006627245962892673
[32],1,"lr=1e-05, wd=0.0",90,layer4_lr1e-05_hd128_wd0.0_cosine,"lr1e-05,wd0.0",-4.065358268070555,4.353923256719788e-06
[32],1,"lr=1e-05, wd=0.0",90,layer4_lr1e-05_hd128_wd0.01_cosine,"lr1e-05,wd0.01",-4.13417756468767,5.7077951352488987e-08
[32],1,"lr=1e-05, wd=0.0",90,layer4_lr3e-05_hd128_wd0.0_cosine,"lr3e-05,wd0.0",-3.9686653717841103,5.7662432076128975e-06
[32],1,"lr=1e-05, wd=0.0",90,layer4_lr3e-05_hd128_wd0.01_cosine,"lr3e-05,wd0.01",-4.09233182918684,1.0857723986391756e-06
[32],1,"lr=1e-05, wd=0.0",90,layer4_lr0.0001_hd128_wd0.0_cosine,"lr0.0001,wd0.0",-2.440758629850301,5.5910176764807756e-06
[32],1,"lr=1e-05, wd=0.0",90,layer4_lr0.0001_hd128_wd0.01_cosine,"lr0.0001,wd0.01",-4.134767055799931,1.430723503167149e-06
[32],1,"lr=1e-05, wd=0.0",90,layer4_lr0.0003_hd128_wd0.0_cosine,"lr0.0003,wd0.0",-2.5102586689770576,2.815621801400242e-05
[32],1,"lr=1e-05, wd=0.0",90,layer4_lr0.0003_hd128_wd0.01_cosine,"lr0.0003,wd0.01",-4.124623798266546,2.7765926460216404e-06
[32],1,"lr=1e-05, wd=0.0",90,layer4_lr0.001_hd128_wd0.0_cosine,"lr0.001,wd0.0",-2.465621165941613,0.0001383381619366685
[32],1,"lr=1e-05, wd=0.0",90,layer4_lr0.001_hd128_wd0.01_cosine,"lr0.001,wd0.01",-3.8674755259642772,4.901329528445227e-06
[32],1,"lr=1e-05, wd=0.0",90,layer4_lr0.003_hd128_wd0.0_cosine,"lr0.003,wd0.0",-2.379234495767647,0.00010494863607713123
[32],1,"lr=1e-05, wd=0.0",90,layer4_lr0.003_hd128_wd0.01_cosine,"lr0.003,wd0.01",-3.240612066876866,8.784097614390257e-05
[32],2,"lr=1e-05, wd=0.01",0,layer4_lr1e-05_hd128_wd0.0_cosine,"lr1e-05,wd0.0",-1.2855815733694118,0.0018423039716714768
[32],2,"lr=1e-05, wd=0.01",0,layer4_lr1e-05_hd128_wd0.01_cosine,"lr1e-05,wd0.01",-1.365945408665873,0.0007221913851858928
[32],2,"lr=1e-05, wd=0.01",0,layer4_lr3e-05_hd128_wd0.0_cosine,"lr3e-05,wd0.0",-1.1650457898131696,0.003797739285474921
[32],2,"lr=1e-05, wd=0.01",0,layer4_lr3e-05_hd128_wd0.01_cosine,"lr3e-05,wd0.01",-1.2930860320069009,0.0015629353461409086
[32],2,"lr=1e-05, wd=0.01",0,layer4_lr0.0001_hd128_wd0.0_cosine,"lr0.0001,wd0.0",-1.1680668710931439,0.002652695670568873
[32],2,"lr=1e-05, wd=0.01",0,layer4_lr0.0001_hd128_wd0.01_cosine,"lr0.0001,wd0.01",-1.1999591955723967,0.00239843175561965
[32],2,"lr=1e-05, wd=0.01",0,layer4_lr0.0003_hd128_wd0.0_cosine,"lr0.0003,wd0.0",-1.1875933541100048,0.0009329713441848473
[32],2,"lr=1e-05, wd=0.01",0,layer4_lr0.0003_hd128_wd0.01_cosine,"lr0.0003,wd0.01",-1.1485466117358774,0.0026328757960159734
[32],2,"lr=1e-05, wd=0.01",0,layer4_lr0.001_hd128_wd0.0_cosine,"lr0.001,wd0.0",-1.1527514858906796,0.000488165770109982
[32],2,"lr=1e-05, wd=0.01",0,layer4_lr0.001_hd128_wd0.01_cosine,"lr0.001,wd0.01",-1.1105624526730964,0.0023529713900455338
[32],2,"lr=1e-05, wd=0.01",0,layer4_lr0.003_hd128_wd0.0_cosine,"lr0.003,wd0.0",-1.10125292707636,0.0006191830645001285
[32],2,"lr=1e-05, wd=0.01",0,layer4_lr0.003_hd128_wd0.01_cosine,"lr0.003,wd0.01",-1.0810008463021434,0.001794202200712972
[32],2,"lr=1e-05, wd=0.01",5,layer4_lr1e-05_hd128_wd0.0_cosine,"lr1e-05,wd0.0",-1.6307036908946817,0.00031719153291121877
[32],2,"lr=1e-05, wd=0.01",5,layer4_lr1e-05_hd128_wd0.01_cosine,"lr1e-05,wd0.01",-1.5506951182617152,2.6538368856504323e-05
[32],2,"lr=1e-05, wd=0.01",5,layer4_lr3e-05_hd128_wd0.0_cosine,"lr3e-05,wd0.0",-1.4043430967850228,1.1715220815541506e-06
[32],2,"lr=1e-05, wd=0.01",5,layer4_lr3e-05_hd128_wd0.01_cosine,"lr3e-05,wd0.01",-1.5030505416875592,6.496126110422292e-05
[32],2,"lr=1e-05, wd=0.01",5,layer4_lr0.0001_hd128_wd0.0_cosine,"lr0.0001,wd0.0",-1.3867946883584266,0.0005257185412697057
[32],2,"lr=1e-05, wd=0.01",5,layer4_lr0.0001_hd128_wd0.01_cosine,"lr0.0001,wd0.01",-1.5332114194292308,9.03725287257092e-06
[32],2,"lr=1e-05, wd=0.01",5,layer4_lr0.0003_hd128_wd0.0_cosine,"lr0.0003,wd0.0",-1.1478928459948434,0.003630696199094335
[32],2,"lr=1e-05, wd=0.01",5,layer4_lr0.0003_hd128_wd0.01_cosine,"lr0.0003,wd0.01",-1.344174003202213,2.8678225650540637e-05
[32],2,"lr=1e-05, wd=0.01",5,layer4_lr0.001_hd128_wd0.0_cosine,"lr0.001,wd0.0",-0.9623636020837251,0.006137869017024416
[32],2,"lr=1e-05, wd=0.01",5,layer4_lr0.001_hd128_wd0.01_cosine,"lr0.001,wd0.01",-0.9818819982458703,0.0014526574615785117
[32],2,"lr=1e-05, wd=0.01",5,layer4_lr0.003_hd128_wd0.0_cosine,"lr0.003,wd0.0",-0.8573429821077536,0.006857190035186455
[32],2,"lr=1e-05, wd=0.01",5,layer4_lr0.003_hd128_wd0.01_cosine,"lr0.003,wd0.01",-1.2427300523178546,0.0008243217609390512
[32],2,"lr=1e-05, wd=0.01",10,layer4_lr1e-05_hd128_wd0.0_cosine,"lr1e-05,wd0.0",-1.9862579515911853,0.00023680937628557552
[32],2,"lr=1e-05, wd=0.01",10,layer4_lr1e-05_hd128_wd0.01_cosine,"lr1e-05,wd0.01",-2.130902201696579,8.792148050492594e-05
[32],2,"lr=1e-05, wd=0.01",10,layer4_lr3e-05_hd128_wd0.0_cosine,"lr3e-05,wd0.0",-1.8436878141922943,1.0574443711981667e-06
[32],2,"lr=1e-05, wd=0.01",10,layer4_lr3e-05_hd128_wd0.01_cosine,"lr3e-05,wd0.01",-1.8343785532906849,0.0001424646476789641
[32],2,"lr=1e-05, wd=0.01",10,layer4_lr0.0001_hd128_wd0.0_cosine,"lr0.0001,wd0.0",-1.5207045841494193,0.0010548722276413137
[32],2,"lr=1e-05, wd=0.01",10,layer4_lr0.0001_hd128_wd0.01_cosine,"lr0.0001,wd0.01",-1.714546539725845,0.00010090211156701701
[32],2,"lr=1e-05, wd=0.01",10,layer4_lr0.0003_hd128_wd0.0_cosine,"lr0.0003,wd0.0",-1.227735652047758,0.004190264573303439
[32],2,"lr=1e-05, wd=0.01",10,layer4_lr0.0003_hd128_wd0.01_cosine,"lr0.0003,wd0.01",-1.4482125663469474,0.00010515290905853191
[32],2,"lr=1e-05, wd=0.01",10,layer4_lr0.001_hd128_wd0.0_cosine,"lr0.001,wd0.0",-1.196714528998316,0.00429914693565502
[32],2,"lr=1e-05, wd=0.01",10,layer4_lr0.001_hd128_wd0.01_cosine,"lr0.001,wd0.01",-1.4221406608712135,1.035269127693065e-06
[32],2,"lr=1e-05, wd=0.01",10,layer4_lr0.003_hd128_wd0.0_cosine,"lr0.003,wd0.0",-1.2710576100444804,0.002331020351425418
[32],2,"lr=1e-05, wd=0.01",10,layer4_lr0.003_hd128_wd0.01_cosine,"lr0.003,wd0.01",-1.1680151011771578,0.00010052326205913305
[32],2,"lr=1e-05, wd=0.01",20,layer4_lr1e-05_hd128_wd0.0_cosine,"lr1e-05,wd0.0",-2.1014458547853305,1.7130910884475523e-05
[32],2,"lr=1e-05, wd=0.01",20,layer4_lr1e-05_hd128_wd0.01_cosine,"lr1e-05,wd0.01",-2.2531048609235094,3.320912556602724e-06
[32],2,"lr=1e-05, wd=0.01",20,layer4_lr3e-05_hd128_wd0.0_cosine,"lr3e-05,wd0.0",-1.9826004664147816,8.233712563432927e-05
[32],2,"lr=1e-05, wd=0.01",20,layer4_lr3e-05_hd128_wd0.01_cosine,"lr3e-05,wd0.01",-2.2458484285922364,1.6940919034235758e-05
[32],2,"lr=1e-05, wd=0.01",20,layer4_lr0.0001_hd128_wd0.0_cosine,"lr0.0001,wd0.0",-1.7310655627970497,0.0012677500234788098
[32],2,"lr=1e-05, wd=0.01",20,layer4_lr0.0001_hd128_wd0.01_cosine,"lr0.0001,wd0.01",-2.007078098040357,8.299510742595423e-05
[32],2,"lr=1e-05, wd=0.01",20,layer4_lr0.0003_hd128_wd0.0_cosine,"lr0.0003,wd0.0",-1.4720454758465182,0.003032972128069619
[32],2,"lr=1e-05, wd=0.01",20,layer4_lr0.0003_hd128_wd0.01_cosine,"lr0.0003,wd0.01",-1.5142090941867385,5.505551212105019e-05
[32],2,"lr=1e-05, wd=0.01",20,layer4_lr0.001_hd128_wd0.0_cosine,"lr0.001,wd0.0",-1.44506688033646,0.003174055514767352
[32],2,"lr=1e-05, wd=0.01",20,layer4_lr0.001_hd128_wd0.01_cosine,"lr0.001,wd0.01",-1.4069812784751496,6.710599074621078e-05
[32],2,"lr=1e-05, wd=0.01",20,layer4_lr0.003_hd128_wd0.0_cosine,"lr0.003,wd0.0",-1.4521343968913962,0.002199080695213986
[32],2,"lr=1e-05, wd=0.01",20,layer4_lr0.003_hd128_wd0.01_cosine,"lr0.003,wd0.01",-1.5840976268575422,0.0005083116521782092
[32],2,"lr=1e-05, wd=0.01",50,layer4_lr1e-05_hd128_wd0.0_cosine,"lr1e-05,wd0.0",-3.570547045560709,1.7043736211852377e-06
[32],2,"lr=1e-05, wd=0.01",50,layer4_lr1e-05_hd128_wd0.01_cosine,"lr1e-05,wd0.01",-3.783655562681232,1.0089639597873961e-06
[32],2,"lr=1e-05, wd=0.01",50,layer4_lr3e-05_hd128_wd0.0_cosine,"lr3e-05,wd0.0",-2.437317790237806,3.623666389232322e-05
[32],2,"lr=1e-05, wd=0.01",50,layer4_lr3e-05_hd128_wd0.01_cosine,"lr3e-05,wd0.01",-3.684358373186038,1.241081283525468e-05
[32],2,"lr=1e-05, wd=0.01",50,layer4_lr0.0001_hd128_wd0.0_cosine,"lr0.0001,wd0.0",-2.119623046815812,0.00021724321484199984
[32],2,"lr=1e-05, wd=0.01",50,layer4_lr0.0001_hd128_wd0.01_cosine,"lr0.0001,wd0.01",-3.8918962625377365,1.6998280417437968e-06
[32],2,"lr=1e-05, wd=0.01",50,layer4_lr0.0003_hd128_wd0.0_cosine,"lr0.0003,wd0.0",-1.7582647246421717,0.00032640470507251624
[32],2,"lr=1e-05, wd=0.01",50,layer4_lr0.0003_hd128_wd0.01_cosine,"lr0.0003,wd0.01",-3.682948646440183,7.375837097160314e-08
[32],2,"lr=1e-05, wd=0.01",50,layer4_lr0.001_hd128_wd0.0_cosine,"lr0.001,wd0.0",-1.7036160845816053,0.0002052352923802657
[32],2,"lr=1e-05, wd=0.01",50,layer4_lr0.001_hd128_wd0.01_cosine,"lr0.001,wd0.01",-2.2873017982504535,0.0001980497115060157
[32],2,"lr=1e-05, wd=0.01",50,layer4_lr0.003_hd128_wd0.0_cosine,"lr0.003,wd0.0",-2.2411570607244657,0.0005648239939607475
[32],2,"lr=1e-05, wd=0.01",50,layer4_lr0.003_hd128_wd0.01_cosine,"lr0.003,wd0.01",-2.1207640940489445,0.0006519502592907142
[32],2,"lr=1e-05, wd=0.01",90,layer4_lr1e-05_hd128_wd0.0_cosine,"lr1e-05,wd0.0",-4.012604586352667,8.373915102279842e-06
[32],2,"lr=1e-05, wd=0.01",90,layer4_lr1e-05_hd128_wd0.01_cosine,"lr1e-05,wd0.01",-4.150835148536148,5.117820700758145e-07
[32],2,"lr=1e-05, wd=0.01",90,layer4_lr3e-05_hd128_wd0.0_cosine,"lr3e-05,wd0.0",-3.964969537828838,5.728376487073883e-06
[32],2,"lr=1e-05, wd=0.01",90,layer4_lr3e-05_hd128_wd0.01_cosine,"lr3e-05,wd0.01",-4.0961844644636125,1.5486588041870498e-06
[32],2,"lr=1e-05, wd=0.01",90,layer4_lr0.0001_hd128_wd0.0_cosine,"lr0.0001,wd0.0",-2.4231196679683547,4.97598260299822e-06
[32],2,"lr=1e-05, wd=0.01",90,layer4_lr0.0001_hd128_wd0.01_cosine,"lr0.0001,wd0.01",-4.135026607647131,1.995642807930649e-06
[32],2,"lr=1e-05, wd=0.01",90,layer4_lr0.0003_hd128_wd0.0_cosine,"lr0.0003,wd0.0",-2.5006076672306117,2.7667809381837263e-05
[32],2,"lr=1e-05, wd=0.01",90,layer4_lr0.0003_hd128_wd0.01_cosine,"lr0.0003,wd0.01",-4.141576408895344,1.700193933377111e-06
[32],2,"lr=1e-05, wd=0.01",90,layer4_lr0.001_hd128_wd0.0_cosine,"lr0.001,wd0.0",-2.4600606974360244,0.00013589118621096997
[32],2,"lr=1e-05, wd=0.01",90,layer4_lr0.001_hd128_wd0.01_cosine,"lr0.001,wd0.01",-3.855579791150346,1.0959897933593193e-06
[32],2,"lr=1e-05, wd=0.01",90,layer4_lr0.003_hd128_wd0.0_cosine,"lr0.003,wd0.0",-2.3806170125510255,0.00010379227837923114
[32],2,"lr=1e-05, wd=0.01",90,layer4_lr0.003_hd128_wd0.01_cosine,"lr0.003,wd0.01",-3.330451447399209,6.137600000852481e-05
[32],3,"lr=3e-05, wd=0.0",0,layer4_lr1e-05_hd128_wd0.0_cosine,"lr1e-05,wd0.0",-1.0666321657014577,0.0002082796726434812
[32],3,"lr=3e-05, wd=0.0",0,layer4_lr1e-05_hd128_wd0.01_cosine,"lr1e-05,wd0.01",-1.0427269202566638,1.5382646009935329e-06
[32],3,"lr=3e-05, wd=0.0",0,layer4_lr3e-05_hd128_wd0.0_cosine,"lr3e-05,wd0.0",-1.0719050662659317,0.0010841577908050422
[32],3,"lr=3e-05, wd=0.0",0,layer4_lr3e-05_hd128_wd0.01_cosine,"lr3e-05,wd0.01",-1.0642853320894823,0.0001319178863041977
[32],3,"lr=3e-05, wd=0.0",0,layer4_lr0.0001_hd128_wd0.0_cosine,"lr0.0001,wd0.0",-1.0627098602394125,0.0005071485474854159
[32],3,"lr=3e-05, wd=0.0",0,layer4_lr0.0001_hd128_wd0.01_cosine,"lr0.0001,wd0.01",-1.0513377468737655,0.00042414673203188316
[32],3,"lr=3e-05, wd=0.0",0,layer4_lr0.0003_hd128_wd0.0_cosine,"lr0.0003,wd0.0",-1.0357259564336811,2.7424229055790234e-06
[32],3,"lr=3e-05, wd=0.0",0,layer4_lr0.0003_hd128_wd0.01_cosine,"lr0.0003,wd0.01",-1.0280833629571902,0.0005210190070940227
[32],3,"lr=3e-05, wd=0.0",0,layer4_lr0.001_hd128_wd0.0_cosine,"lr0.001,wd0.0",-0.993755145311206,4.149219636536971e-05
[32],3,"lr=3e-05, wd=0.0",0,layer4_lr0.001_hd128_wd0.01_cosine,"lr0.001,wd0.01",-0.9990663530506145,0.0004086572315013653
[32],3,"lr=3e-05, wd=0.0",0,layer4_lr0.003_hd128_wd0.0_cosine,"lr0.003,wd0.0",-0.9605054017475668,1.1986901141335961e-05
[32],3,"lr=3e-05, wd=0.0",0,layer4_lr0.003_hd128_wd0.01_cosine,"lr0.003,wd0.01",-0.9686752554598647,0.00020086630295601706
[32],3,"lr=3e-05, wd=0.0",5,layer4_lr1e-05_hd128_wd0.0_cosine,"lr1e-05,wd0.0",-2.3995219905597303,9.753747234562343e-05
[32],3,"lr=3e-05, wd=0.0",5,layer4_lr1e-05_hd128_wd0.01_cosine,"lr1e-05,wd0.01",-2.8579747953353998,2.7458931499509766e-05
[32],3,"lr=3e-05, wd=0.0",5,layer4_lr3e-05_hd128_wd0.0_cosine,"lr3e-05,wd0.0",-1.696662412172417,0.00017592479857682624
[32],3,"lr=3e-05, wd=0.0",5,layer4_lr3e-05_hd128_wd0.01_cosine,"lr3e-05,wd0.01",-1.989220057972771,6.3353852092247004e-06
[32],3,"lr=3e-05, wd=0.0",5,layer4_lr0.0001_hd128_wd0.0_cosine,"lr0.0001,wd0.0",-1.5842162670761883,0.00031282821127390746
[32],3,"lr=3e-05, wd=0.0",5,layer4_lr0.0001_hd128_wd0.01_cosine,"lr0.0001,wd0.01",-1.7490112576959043,1.1476872928352313e-07
[32],3,"lr=3e-05, wd=0.0",5,layer4_lr0.0003_hd128_wd0.0_cosine,"lr0.0003,wd0.0",-1.2901091860452543,0.0029438969583447504
[32],3,"lr=3e-05, wd=0.0",5,layer4_lr0.0003_hd128_wd0.01_cosine,"lr0.0003,wd0.01",-1.4402239053659938,2.2523538249966127e-05
[32],3,"lr=3e-05, wd=0.0",5,layer4_lr0.001_hd128_wd0.0_cosine,"lr0.001,wd0.0",-1.087641615060802,0.005190692141755386
[32],3,"lr=3e-05, wd=0.0",5,layer4_lr0.001_hd128_wd0.01_cosine,"lr0.001,wd0.01",-1.1452561292006003,0.0007548199516818209
[32],3,"lr=3e-05, wd=0.0",5,layer4_lr0.003_hd128_wd0.0_cosine,"lr0.003,wd0.0",-1.0080342677269711,0.005014310077733827
[32],3,"lr=3e-05, wd=0.0",5,layer4_lr0.003_hd128_wd0.01_cosine,"lr0.003,wd0.01",-1.2100269933241086,0.0006710703782132408
[32],3,"lr=3e-05, wd=0.0",10,layer4_lr1e-05_hd128_wd0.0_cosine,"lr1e-05,wd0.0",-3.1320143958033304,9.144190534817343e-05
[32],3,"lr=3e-05, wd=0.0",10,layer4_lr1e-05_hd128_wd0.01_cosine,"lr1e-05,wd0.01",-3.62833382385094,7.97712577091958e-06
[32],3,"lr=3e-05, wd=0.0",10,layer4_lr3e-05_hd128_wd0.0_cosine,"lr3e-05,wd0.0",-2.143261044044181,9.197709102494125e-05
[32],3,"lr=3e-05, wd=0.0",10,layer4_lr3e-05_hd128_wd0.01_cosine,"lr3e-05,wd0.01",-2.281559147532904,7.793912630483719e-06
[32],3,"lr=3e-05, wd=0.0",10,layer4_lr0.0001_hd128_wd0.0_cosine,"lr0.0001,wd0.0",-1.804818036465872,0.0005739936032391825
[32],3,"lr=3e-05, wd=0.0",10,layer4_lr0.0001_hd128_wd0.01_cosine,"lr0.0001,wd0.01",-1.9816113040091334,4.70023774000835e-05
[32],3,"lr=3e-05, wd=0.0",10,layer4_lr0.0003_hd128_wd0.0_cosine,"lr0.0003,wd0.0",-1.4527377744759304,0.003095131047123696
[32],3,"lr=3e-05, wd=0.0",10,layer4_lr0.0003_hd128_wd0.01_cosine,"lr0.0003,wd0.01",-1.7462784900771509,5.843520098506805e-05
[32],3,"lr=3e-05, wd=0.0",10,layer4_lr0.001_hd128_wd0.0_cosine,"lr0.001,wd0.0",-1.4087624458067725,0.0032684160753006708
[32],3,"lr=3e-05, wd=0.0",10,layer4_lr0.001_hd128_wd0.01_cosine,"lr0.001,wd0.01",-1.7798106450153175,5.1871361757648345e-05
[32],3,"lr=3e-05, wd=0.0",10,layer4_lr0.003_hd128_wd0.0_cosine,"lr0.003,wd0.0",-1.5147296765979117,0.0016339146039330617
[32],3,"lr=3e-05, wd=0.0",10,layer4_lr0.003_hd128_wd0.01_cosine,"lr0.003,wd0.01",-1.328508232319084,2.17405598125527e-06
[32],3,"lr=3e-05, wd=0.0",20,layer4_lr1e-05_hd128_wd0.0_cosine,"lr1e-05,wd0.0",-3.260471710747547,8.615435876617846e-05
[32],3,"lr=3e-05, wd=0.0",20,layer4_lr1e-05_hd128_wd0.01_cosine,"lr1e-05,wd0.01",-3.9762273647994957,9.70013519092247e-07
[32],3,"lr=3e-05, wd=0.0",20,layer4_lr3e-05_hd128_wd0.0_cosine,"lr3e-05,wd0.0",-2.3479256978895178,9.615357843328794e-06
[32],3,"lr=3e-05, wd=0.0",20,layer4_lr3e-05_hd128_wd0.01_cosine,"lr3e-05,wd0.01",-2.472296466910904,4.320361782728037e-07
[32],3,"lr=3e-05, wd=0.0",20,layer4_lr0.0001_hd128_wd0.0_cosine,"lr0.0001,wd0.0",-1.9744922033056034,0.0008128790935106012
[32],3,"lr=3e-05, wd=0.0",20,layer4_lr0.0001_hd128_wd0.01_cosine,"lr0.0001,wd0.01",-2.3412677652030744,2.0784687123432682e-05
[32],3,"lr=3e-05, wd=0.0",20,layer4_lr0.0003_hd128_wd0.0_cosine,"lr0.0003,wd0.0",-1.5627564303809853,0.002568677985532126
[32],3,"lr=3e-05, wd=0.0",20,layer4_lr0.0003_hd128_wd0.01_cosine,"lr0.0003,wd0.01",-2.131179993820573,1.1729389595851413e-05
[32],3,"lr=3e-05, wd=0.0",20,layer4_lr0.001_hd128_wd0.0_cosine,"lr0.001,wd0.0",-1.5306595542689716,0.002719847409519842
[32],3,"lr=3e-05, wd=0.0",20,layer4_lr0.001_hd128_wd0.01_cosine,"lr0.001,wd0.01",-1.776589051340601,2.3346844208962043e-07
[32],3,"lr=3e-05, wd=0.0",20,layer4_lr0.003_hd128_wd0.0_cosine,"lr0.003,wd0.0",-1.6766338050403848,0.001698299377939228
[32],3,"lr=3e-05, wd=0.0",20,layer4_lr0.003_hd128_wd0.01_cosine,"lr0.003,wd0.01",-1.854557905505029,0.0009663057930272453
[32],3,"lr=3e-05, wd=0.0",50,layer4_lr1e-05_hd128_wd0.0_cosine,"lr1e-05,wd0.0",-3.8911649192051563,1.920312825873468e-05
[32],3,"lr=3e-05, wd=0.0",50,layer4_lr1e-05_hd128_wd0.01_cosine,"lr1e-05,wd0.01",-4.172308215585449,5.177702881403227e-07
[32],3,"lr=3e-05, wd=0.0",50,layer4_lr3e-05_hd128_wd0.0_cosine,"lr3e-05,wd0.0",-3.77079783603469,9.57446918283038e-06
[32],3,"lr=3e-05, wd=0.0",50,layer4_lr3e-05_hd128_wd0.01_cosine,"lr3e-05,wd0.01",-3.9997021044146437,9.775033192857794e-07
[32],3,"lr=3e-05, wd=0.0",50,layer4_lr0.0001_hd128_wd0.0_cosine,"lr0.0001,wd0.0",-2.1831701257106797,0.00023448756215578014
[32],3,"lr=3e-05, wd=0.0",50,layer4_lr0.0001_hd128_wd0.01_cosine,"lr0.0001,wd0.01",-3.9734521136772125,4.211850493039326e-07
[32],3,"lr=3e-05, wd=0.0",50,layer4_lr0.0003_hd128_wd0.0_cosine,"lr0.0003,wd0.0",-1.7485215251031991,0.00017423172139644462
[32],3,"lr=3e-05, wd=0.0",50,layer4_lr0.0003_hd128_wd0.01_cosine,"lr0.0003,wd0.01",-3.8893248339651105,6.710559958323896e-07
[32],3,"lr=3e-05, wd=0.0",50,layer4_lr0.001_hd128_wd0.0_cosine,"lr0.001,wd0.0",-1.714416570028628,4.786784872649124e-09
[32],3,"lr=3e-05, wd=0.0",50,layer4_lr0.001_hd128_wd0.01_cosine,"lr0.001,wd0.01",-2.567940012091261,0.00022001531418567447
[32],3,"lr=3e-05, wd=0.0",50,layer4_lr0.003_hd128_wd0.0_cosine,"lr0.003,wd0.0",-2.2039261995692203,0.000549669208050971
[32],3,"lr=3e-05, wd=0.0",50,layer4_lr0.003_hd128_wd0.01_cosine,"lr0.003,wd0.01",-2.1532727901525925,0.0007692918316910915
[32],3,"lr=3e-05, wd=0.0",90,layer4_lr1e-05_hd128_wd0.0_cosine,"lr1e-05,wd0.0",-4.186759220001096,1.3676752927635576e-07
[32],3,"lr=3e-05, wd=0.0",90,layer4_lr1e-05_hd128_wd0.01_cosine,"lr1e-05,wd0.01",-4.221549781145024,4.181544059914102e-08
[32],3,"lr=3e-05, wd=0.0",90,layer4_lr3e-05_hd128_wd0.0_cosine,"lr3e-05,wd0.0",-4.038311989056444,5.560574056855866e-06
[32],3,"lr=3e-05, wd=0.0",90,layer4_lr3e-05_hd128_wd0.01_cosine,"lr3e-05,wd0.01",-4.116588851399266,7.866670810867491e-07
[32],3,"lr=3e-05, wd=0.0",90,layer4_lr0.0001_hd128_wd0.0_cosine,"lr0.0001,wd0.0",-2.349934014399697,2.1158000087500673e-06
[32],3,"lr=3e-05, wd=0.0",90,layer4_lr0.0001_hd128_wd0.01_cosine,"lr0.0001,wd0.01",-4.129331468697781,1.4297255498092503e-06
[32],3,"lr=3e-05, wd=0.0",90,layer4_lr0.0003_hd128_wd0.0_cosine,"lr0.0003,wd0.0",-2.49263359448518,1.750416936240057e-05
[32],3,"lr=3e-05, wd=0.0",90,layer4_lr0.0003_hd128_wd0.01_cosine,"lr0.0003,wd0.01",-4.121197805957295,2.5929144689384004e-06
[32],3,"lr=3e-05, wd=0.0",90,layer4_lr0.001_hd128_wd0.0_cosine,"lr0.001,wd0.0",-2.4353181293613786,0.00011554189383451798
[32],3,"lr=3e-05, wd=0.0",90,layer4_lr0.001_hd128_wd0.01_cosine,"lr0.001,wd0.01",-3.8513976125178555,1.0822707007050248e-05
[32],3,"lr=3e-05, wd=0.0",90,layer4_lr0.003_hd128_wd0.0_cosine,"lr0.003,wd0.0",-2.2383796767481416,6.494331992544599e-05
[32],3,"lr=3e-05, wd=0.0",90,layer4_lr0.003_hd128_wd0.01_cosine,"lr0.003,wd0.01",-2.9939957381261006,0.00013401953052752708
[32],4,"lr=3e-05, wd=0.01",0,layer4_lr1e-05_hd128_wd0.0_cosine,"lr1e-05,wd0.0",-1.0160029188883304,0.0006161886767256098
[32],4,"lr=3e-05, wd=0.01",0,layer4_lr1e-05_hd128_wd0.01_cosine,"lr1e-05,wd0.01",-1.0418979571757494,8.183287737639913e-05
[32],4,"lr=3e-05, wd=0.01",0,layer4_lr3e-05_hd128_wd0.0_cosine,"lr3e-05,wd0.0",-1.0034588075682107,0.0018671471760621262
[32],4,"lr=3e-05, wd=0.01",0,layer4_lr3e-05_hd128_wd0.01_cosine,"lr3e-05,wd0.01",-1.0572886419892609,0.00046165411356136803
[32],4,"lr=3e-05, wd=0.01",0,layer4_lr0.0001_hd128_wd0.0_cosine,"lr0.0001,wd0.0",-1.008544750702649,0.0010726401550743084
[32],4,"lr=3e-05, wd=0.01",0,layer4_lr0.0001_hd128_wd0.01_cosine,"lr0.0001,wd0.01",-1.0266594088354615,0.0009321296275696762
[32],4,"lr=3e-05, wd=0.01",0,layer4_lr0.0003_hd128_wd0.0_cosine,"lr0.0003,wd0.0",-1.000941902884007,0.00013976287235590605
[32],4,"lr=3e-05, wd=0.01",0,layer4_lr0.0003_hd128_wd0.01_cosine,"lr0.0003,wd0.01",-0.9914222204890428,0.0010829715233524257
[32],4,"lr=3e-05, wd=0.01",0,layer4_lr0.001_hd128_wd0.0_cosine,"lr0.001,wd0.0",-0.9696482421538671,1.3098029778047264e-05
[32],4,"lr=3e-05, wd=0.01",0,layer4_lr0.001_hd128_wd0.01_cosine,"lr0.001,wd0.01",-0.962077416369174,0.0009216245052615748
[32],4,"lr=3e-05, wd=0.01",0,layer4_lr0.003_hd128_wd0.0_cosine,"lr0.003,wd0.0",-0.9396181076018377,4.3382268368121914e-05
[32],4,"lr=3e-05, wd=0.01",0,layer4_lr0.003_hd128_wd0.01_cosine,"lr0.003,wd0.01",-0.9406422663011171,0.0005933848787983206
[32],4,"lr=3e-05, wd=0.01",5,layer4_lr1e-05_hd128_wd0.0_cosine,"lr1e-05,wd0.0",-1.9883059659722597,0.0002943020525308452
[32],4,"lr=3e-05, wd=0.01",5,layer4_lr1e-05_hd128_wd0.01_cosine,"lr1e-05,wd0.01",-2.484171867191879,2.2565886615589484e-05
[32],4,"lr=3e-05, wd=0.01",5,layer4_lr3e-05_hd128_wd0.0_cosine,"lr3e-05,wd0.0",-1.7126939419935168,0.00024401559403915368
[32],4,"lr=3e-05, wd=0.01",5,layer4_lr3e-05_hd128_wd0.01_cosine,"lr3e-05,wd0.01",-1.8744203915713882,4.0373424203387736e-05
[32],4,"lr=3e-05, wd=0.01",5,layer4_lr0.0001_hd128_wd0.0_cosine,"lr0.0001,wd0.0",-1.501056229706799,0.00022937887760797641
[32],4,"lr=3e-05, wd=0.01",5,layer4_lr0.0001_hd128_wd0.01_cosine,"lr0.0001,wd0.01",-1.721906387704592,5.7552730118112e-06
[32],4,"lr=3e-05, wd=0.01",5,layer4_lr0.0003_hd128_wd0.0_cosine,"lr0.0003,wd0.0",-1.3093461958942707,0.0026116684277263953
[32],4,"lr=3e-05, wd=0.01",5,layer4_lr0.0003_hd128_wd0.01_cosine,"lr0.0003,wd0.01",-1.4475949402918742,1.9957660679688056e-06
[32],4,"lr=3e-05, wd=0.01",5,layer4_lr0.001_hd128_wd0.0_cosine,"lr0.001,wd0.0",-1.0861642498453477,0.004652580423395011
[32],4,"lr=3e-05, wd=0.01",5,layer4_lr0.001_hd128_wd0.01_cosine,"lr0.001,wd0.01",-1.1421895462253742,0.0005078113121164712
[32],4,"lr=3e-05, wd=0.01",5,layer4_lr0.003_hd128_wd0.0_cosine,"lr0.003,wd0.0",-0.9993111372353949,0.004532291946458848
[32],4,"lr=3e-05, wd=0.01",5,layer4_lr0.003_hd128_wd0.01_cosine,"lr0.003,wd0.01",-1.2748281633721665,0.0009458478096629241
[32],4,"lr=3e-05, wd=0.01",10,layer4_lr1e-05_hd128_wd0.0_cosine,"lr1e-05,wd0.0",-2.636636934635084,0.00029952459168216053
[32],4,"lr=3e-05, wd=0.01",10,layer4_lr1e-05_hd128_wd0.01_cosine,"lr1e-05,wd0.01",-3.342358808866611,3.2064089191996674e-05
[32],4,"lr=3e-05, wd=0.01",10,layer4_lr3e-05_hd128_wd0.0_cosine,"lr3e-05,wd0.0",-2.031671332031432,0.0001407516324743477
[32],4,"lr=3e-05, wd=0.01",10,layer4_lr3e-05_hd128_wd0.01_cosine,"lr3e-05,wd0.01",-2.1951779793631734,5.411790734142317e-08
[32],4,"lr=3e-05, wd=0.01",10,layer4_lr0.0001_hd128_wd0.0_cosine,"lr0.0001,wd0.0",-1.7425555601138343,0.0005115556279019065
[32],4,"lr=3e-05, wd=0.01",10,layer4_lr0.0001_hd128_wd0.01_cosine,"lr0.0001,wd0.01",-1.9916839408152567,1.7480844193549276e-05
[32],4,"lr=3e-05, wd=0.01",10,layer4_lr0.0003_hd128_wd0.0_cosine,"lr0.0003,wd0.0",-1.4178260641846745,0.002993438478812674
[32],4,"lr=3e-05, wd=0.01",10,layer4_lr0.0003_hd128_wd0.01_cosine,"lr0.0003,wd0.01",-1.7907546990991352,2.0408272431087423e-05
[32],4,"lr=3e-05, wd=0.01",10,layer4_lr0.001_hd128_wd0.0_cosine,"lr0.001,wd0.0",-1.3897466787003707,0.0032265793945133203
[32],4,"lr=3e-05, wd=0.01",10,layer4_lr0.001_hd128_wd0.01_cosine,"lr0.001,wd0.01",-1.7657117857712972,7.796592268925423e-05
[32],4,"lr=3e-05, wd=0.01",10,layer4_lr0.003_hd128_wd0.0_cosine,"lr0.003,wd0.0",-1.4769760985306464,0.0015659632840454363
[32],4,"lr=3e-05, wd=0.01",10,layer4_lr0.003_hd128_wd0.01_cosine,"lr0.003,wd0.01",-1.3483535308908607,3.1610208472548324e-05
[32],4,"lr=3e-05, wd=0.01",20,layer4_lr1e-05_hd128_wd0.0_cosine,"lr1e-05,wd0.0",-2.9610844728112045,0.00015364706804791276
[32],4,"lr=3e-05, wd=0.01",20,layer4_lr1e-05_hd128_wd0.01_cosine,"lr1e-05,wd0.01",-3.647040886217554,2.572682684315057e-05
[32],4,"lr=3e-05, wd=0.01",20,layer4_lr3e-05_hd128_wd0.0_cosine,"lr3e-05,wd0.0",-2.1919126900131762,1.2270081244837575e-05
[32],4,"lr=3e-05, wd=0.01",20,layer4_lr3e-05_hd128_wd0.01_cosine,"lr3e-05,wd0.01",-2.436890356781287,5.242666542574195e-06
[32],4,"lr=3e-05, wd=0.01",20,layer4_lr0.0001_hd128_wd0.0_cosine,"lr0.0001,wd0.0",-1.9022248165450264,0.0008398596290770777
[32],4,"lr=3e-05, wd=0.01",20,layer4_lr0.0001_hd128_wd0.01_cosine,"lr0.0001,wd0.01",-2.325422987574811,1.1221514987072719e-05
[32],4,"lr=3e-05, wd=0.01",20,layer4_lr0.0003_hd128_wd0.0_cosine,"lr0.0003,wd0.0",-1.561959176872303,0.0025462637572552026
[32],4,"lr=3e-05, wd=0.01",20,layer4_lr0.0003_hd128_wd0.01_cosine,"lr0.0003,wd0.01",-2.08084955014693,4.149793947901817e-06
[32],4,"lr=3e-05, wd=0.01",20,layer4_lr0.001_hd128_wd0.0_cosine,"lr0.001,wd0.0",-1.531782707662495,0.00269811277857201
[32],4,"lr=3e-05, wd=0.01",20,layer4_lr0.001_hd128_wd0.01_cosine,"lr0.001,wd0.01",-1.6830856374344696,1.34372252791858e-06
[32],4,"lr=3e-05, wd=0.01",20,layer4_lr0.003_hd128_wd0.0_cosine,"lr0.003,wd0.0",-1.659113675135511,0.0016655804862283372
[32],4,"lr=3e-05, wd=0.01",20,layer4_lr0.003_hd128_wd0.01_cosine,"lr0.003,wd0.01",-1.8745009745579466,0.000962304109327156
[32],4,"lr=3e-05, wd=0.01",50,layer4_lr1e-05_hd128_wd0.0_cosine,"lr1e-05,wd0.0",-3.774551015933835,2.4802495760104702e-05
[32],4,"lr=3e-05, wd=0.01",50,layer4_lr1e-05_hd128_wd0.01_cosine,"lr1e-05,wd0.01",-4.07445751596746,5.428856485385457e-06
[32],4,"lr=3e-05, wd=0.01",50,layer4_lr3e-05_hd128_wd0.0_cosine,"lr3e-05,wd0.0",-3.6207978186049763,1.2894917744684324e-05
[32],4,"lr=3e-05, wd=0.01",50,layer4_lr3e-05_hd128_wd0.01_cosine,"lr3e-05,wd0.01",-4.008222348568961,4.617452326281635e-07
[32],4,"lr=3e-05, wd=0.01",50,layer4_lr0.0001_hd128_wd0.0_cosine,"lr0.0001,wd0.0",-2.1903627805463035,0.0002333644328896565
[32],4,"lr=3e-05, wd=0.01",50,layer4_lr0.0001_hd128_wd0.01_cosine,"lr0.0001,wd0.01",-4.000082188785575,1.9290468967553424e-07
[32],4,"lr=3e-05, wd=0.01",50,layer4_lr0.0003_hd128_wd0.0_cosine,"lr0.0003,wd0.0",-1.747560913923791,0.0002026926202606343
[32],4,"lr=3e-05, wd=0.01",50,layer4_lr0.0003_hd128_wd0.01_cosine,"lr0.0003,wd0.01",-3.887092978490971,9.204483641697331e-07
[32],4,"lr=3e-05, wd=0.01",50,layer4_lr0.001_hd128_wd0.0_cosine,"lr0.001,wd0.0",-1.7138817983126007,2.722565924422453e-06
[32],4,"lr=3e-05, wd=0.01",50,layer4_lr0.001_hd128_wd0.01_cosine,"lr0.001,wd0.01",-2.6430452543111804,0.00022733193105834394
[32],4,"lr=3e-05, wd=0.01",50,layer4_lr0.003_hd128_wd0.0_cosine,"lr0.003,wd0.0",-2.2439971502134033,0.0005478010335550495
[32],4,"lr=3e-05, wd=0.01",50,layer4_lr0.003_hd128_wd0.01_cosine,"lr0.003,wd0.01",-2.1491856476990403,0.0007701145190283883
[32],4,"lr=3e-05, wd=0.01",90,layer4_lr1e-05_hd128_wd0.0_cosine,"lr1e-05,wd0.0",-4.168431244051433,1.656056886956345e-07
[32],4,"lr=3e-05, wd=0.01",90,layer4_lr1e-05_hd128_wd0.01_cosine,"lr1e-05,wd0.01",-4.208434717262443,8.10350035584544e-07
[32],4,"lr=3e-05, wd=0.01",90,layer4_lr3e-05_hd128_wd0.0_cosine,"lr3e-05,wd0.0",-4.021674182978153,6.2870376279422195e-06
[32],4,"lr=3e-05, wd=0.01",90,layer4_lr3e-05_hd128_wd0.01_cosine,"lr3e-05,wd0.01",-4.131598270395304,6.842907653889587e-07
[32],4,"lr=3e-05, wd=0.01",90,layer4_lr0.0001_hd128_wd0.0_cosine,"lr0.0001,wd0.0",-2.354312581651125,2.3748823188525145e-06
[32],4,"lr=3e-05, wd=0.01",90,layer4_lr0.0001_hd128_wd0.01_cosine,"lr0.0001,wd0.01",-4.139217660527561,1.4099811461880888e-06
[32],4,"lr=3e-05, wd=0.01",90,layer4_lr0.0003_hd128_wd0.0_cosine,"lr0.0003,wd0.0",-2.479945977906956,1.8832430031420106e-05
[32],4,"lr=3e-05, wd=0.01",90,layer4_lr0.0003_hd128_wd0.01_cosine,"lr0.0003,wd0.01",-4.129735849040298,2.638607855597464e-06
[32],4,"lr=3e-05, wd=0.01",90,layer4_lr0.001_hd128_wd0.0_cosine,"lr0.001,wd0.0",-2.431847437613073,0.00011651715554919918
[32],4,"lr=3e-05, wd=0.01",90,layer4_lr0.001_hd128_wd0.01_cosine,"lr0.001,wd0.01",-3.8730614645610126,5.729191004004197e-06
[32],4,"lr=3e-05, wd=0.01",90,layer4_lr0.003_hd128_wd0.0_cosine,"lr0.003,wd0.0",-2.2587268371399665,7.025155706653064e-05
[32],4,"lr=3e-05, wd=0.01",90,layer4_lr0.003_hd128_wd0.01_cosine,"lr0.003,wd0.01",-3.150405079629528,0.0001071382725509871
[32],5,"lr=1e-04, wd=0.0",0,layer4_lr1e-05_hd128_wd0.0_cosine,"lr1e-05,wd0.0",-1.0554005689006363,5.102644082042331e-07
[32],5,"lr=1e-04, wd=0.0",0,layer4_lr1e-05_hd128_wd0.01_cosine,"lr1e-05,wd0.01",-1.0261942394283374,0.00028399010359031777
[32],5,"lr=1e-04, wd=0.0",0,layer4_lr3e-05_hd128_wd0.0_cosine,"lr3e-05,wd0.0",-1.120785688502024,0.00032110109727072534
[32],5,"lr=1e-04, wd=0.0",0,layer4_lr3e-05_hd128_wd0.01_cosine,"lr3e-05,wd0.01",-1.0905324286855023,1.652715379408732e-05
[32],5,"lr=1e-04, wd=0.0",0,layer4_lr0.0001_hd128_wd0.0_cosine,"lr0.0001,wd0.0",-1.1839006653018234,4.7633794126818845e-05
[32],5,"lr=1e-04, wd=0.0",0,layer4_lr0.0001_hd128_wd0.01_cosine,"lr0.0001,wd0.01",-1.131736758988547,2.2267616913627105e-05
[32],5,"lr=1e-04, wd=0.0",0,layer4_lr0.0003_hd128_wd0.0_cosine,"lr0.0003,wd0.0",-1.1396824833803563,0.00021792672316384487
[32],5,"lr=1e-04, wd=0.0",0,layer4_lr0.0003_hd128_wd0.01_cosine,"lr0.0003,wd0.01",-1.1177045425425671,4.0895464486535904e-05
[32],5,"lr=1e-04, wd=0.0",0,layer4_lr0.001_hd128_wd0.0_cosine,"lr0.001,wd0.0",-1.0521082646975932,0.0005434772238168299
[32],5,"lr=1e-04, wd=0.0",0,layer4_lr0.001_hd128_wd0.01_cosine,"lr0.001,wd0.01",-1.0672516957227889,1.1118835402302744e-05
[32],5,"lr=1e-04, wd=0.0",0,layer4_lr0.003_hd128_wd0.0_cosine,"lr0.003,wd0.0",-0.9945430162875951,0.0004211946261401595
[32],5,"lr=1e-04, wd=0.0",0,layer4_lr0.003_hd128_wd0.01_cosine,"lr0.003,wd0.01",-1.0121619762956968,8.338627011020848e-06
[32],5,"lr=1e-04, wd=0.0",5,layer4_lr1e-05_hd128_wd0.0_cosine,"lr1e-05,wd0.0",-2.3734422342561574,0.00012966703669024893
[32],5,"lr=1e-04, wd=0.0",5,layer4_lr1e-05_hd128_wd0.01_cosine,"lr1e-05,wd0.01",-2.1814462712294334,6.805632896175554e-06
[32],5,"lr=1e-04, wd=0.0",5,layer4_lr3e-05_hd128_wd0.0_cosine,"lr3e-05,wd0.0",-2.8118976567119107,0.0002108973738731674
[32],5,"lr=1e-04, wd=0.0",5,layer4_lr3e-05_hd128_wd0.01_cosine,"lr3e-05,wd0.01",-3.489448784118109,2.528023534876407e-05
[32],5,"lr=1e-04, wd=0.0",5,layer4_lr0.0001_hd128_wd0.0_cosine,"lr0.0001,wd0.0",-1.9620848247713947,7.442897873172884e-05
[32],5,"lr=1e-04, wd=0.0",5,layer4_lr0.0001_hd128_wd0.01_cosine,"lr0.0001,wd0.01",-2.3408423262252867,5.206939942429758e-07
[32],5,"lr=1e-04, wd=0.0",5,layer4_lr0.0003_hd128_wd0.0_cosine,"lr0.0003,wd0.0",-1.6674521477816215,0.001990261548425674
[32],5,"lr=1e-04, wd=0.0",5,layer4_lr0.0003_hd128_wd0.01_cosine,"lr0.0003,wd0.01",-2.0635331924042077,1.6528915166782198e-05
[32],5,"lr=1e-04, wd=0.0",5,layer4_lr0.001_hd128_wd0.0_cosine,"lr0.001,wd0.0",-1.4077398226232252,0.0031585669737753167
[32],5,"lr=1e-04, wd=0.0",5,layer4_lr0.001_hd128_wd0.01_cosine,"lr0.001,wd0.01",-1.5735414547427509,2.6850330589388108e-05
[32],5,"lr=1e-04, wd=0.0",5,layer4_lr0.003_hd128_wd0.0_cosine,"lr0.003,wd0.0",-1.3096468522445401,0.0026323050752636093
[32],5,"lr=1e-04, wd=0.0",5,layer4_lr0.003_hd128_wd0.01_cosine,"lr0.003,wd0.01",-1.6141071771441429,0.0009607977664874513
[32],5,"lr=1e-04, wd=0.0",10,layer4_lr1e-05_hd128_wd0.0_cosine,"lr1e-05,wd0.0",-2.582716801854566,0.0003327838109267952
[32],5,"lr=1e-04, wd=0.0",10,layer4_lr1e-05_hd128_wd0.01_cosine,"lr1e-05,wd0.01",-2.447673964967677,0.00015555237287004099
[32],5,"lr=1e-04, wd=0.0",10,layer4_lr3e-05_hd128_wd0.0_cosine,"lr3e-05,wd0.0",-3.032398415303443,0.00012870611783099512
[32],5,"lr=1e-04, wd=0.0",10,layer4_lr3e-05_hd128_wd0.01_cosine,"lr3e-05,wd0.01",-3.684294553445738,2.9527083081361307e-05
[32],5,"lr=1e-04, wd=0.0",10,layer4_lr0.0001_hd128_wd0.0_cosine,"lr0.0001,wd0.0",-2.1430690153830416,0.00027058599366285284
[32],5,"lr=1e-04, wd=0.0",10,layer4_lr0.0001_hd128_wd0.01_cosine,"lr0.0001,wd0.01",-3.1902975323468845,8.910660301900246e-09
[32],5,"lr=1e-04, wd=0.0",10,layer4_lr0.0003_hd128_wd0.0_cosine,"lr0.0003,wd0.0",-1.633498704349628,0.0022295615045673845
[32],5,"lr=1e-04, wd=0.0",10,layer4_lr0.0003_hd128_wd0.01_cosine,"lr0.0003,wd0.01",-2.237552331729213,3.7634293338222393e-06
[32],5,"lr=1e-04, wd=0.0",10,layer4_lr0.001_hd128_wd0.0_cosine,"lr0.001,wd0.0",-1.557157896589101,0.0025630833346263985
[32],5,"lr=1e-04, wd=0.0",10,layer4_lr0.001_hd128_wd0.01_cosine,"lr0.001,wd0.01",-1.9554995709013254,0.0001256953687511975
[32],5,"lr=1e-04, wd=0.0",10,layer4_lr0.003_hd128_wd0.0_cosine,"lr0.003,wd0.0",-1.7569290584841795,0.001185253366012429
[32],5,"lr=1e-04, wd=0.0",10,layer4_lr0.003_hd128_wd0.01_cosine,"lr0.003,wd0.01",-1.8470158071545815,0.0002562241867096802
[32],5,"lr=1e-04, wd=0.0",20,layer4_lr1e-05_hd128_wd0.0_cosine,"lr1e-05,wd0.0",-3.017669151860697,0.00012782477575687523
[32],5,"lr=1e-04, wd=0.0",20,layer4_lr1e-05_hd128_wd0.01_cosine,"lr1e-05,wd0.01",-3.3392016392814825,2.3467755962316272e-05
[32],5,"lr=1e-04, wd=0.0",20,layer4_lr3e-05_hd128_wd0.0_cosine,"lr3e-05,wd0.0",-3.3688070724393637,6.940842067692097e-05
[32],5,"lr=1e-04, wd=0.0",20,layer4_lr3e-05_hd128_wd0.01_cosine,"lr3e-05,wd0.01",-4.088013700022324,1.0227482332044351e-07
[32],5,"lr=1e-04, wd=0.0",20,layer4_lr0.0001_hd128_wd0.0_cosine,"lr0.0001,wd0.0",-2.14005051229041,0.0005136014096047887
[32],5,"lr=1e-04, wd=0.0",20,layer4_lr0.0001_hd128_wd0.01_cosine,"lr0.0001,wd0.01",-3.706238792959708,4.883526332134821e-07
[32],5,"lr=1e-04, wd=0.0",20,layer4_lr0.0003_hd128_wd0.0_cosine,"lr0.0003,wd0.0",-1.6455888971732513,0.00214105744853278
[32],5,"lr=1e-04, wd=0.0",20,layer4_lr0.0003_hd128_wd0.01_cosine,"lr0.0003,wd0.01",-2.356119978765249,1.793928994336578e-05
[32],5,"lr=1e-04, wd=0.0",20,layer4_lr0.001_hd128_wd0.0_cosine,"lr0.001,wd0.0",-1.6115713235836067,0.0023206503629866885
[32],5,"lr=1e-04, wd=0.0",20,layer4_lr0.001_hd128_wd0.01_cosine,"lr0.001,wd0.01",-2.1926368776501057,9.437061152842331e-05
[32],5,"lr=1e-04, wd=0.0",20,layer4_lr0.003_hd128_wd0.0_cosine,"lr0.003,wd0.0",-1.8330627823915009,0.0013252836821111833
[32],5,"lr=1e-04, wd=0.0",20,layer4_lr0.003_hd128_wd0.01_cosine,"lr0.003,wd0.01",-1.838728825249553,0.0009631724093354334
[32],5,"lr=1e-04, wd=0.0",50,layer4_lr1e-05_hd128_wd0.0_cosine,"lr1e-05,wd0.0",-4.079942992957949,3.4663536341047633e-06
[32],5,"lr=1e-04, wd=0.0",50,layer4_lr1e-05_hd128_wd0.01_cosine,"lr1e-05,wd0.01",-4.144775413600238,8.795325885408398e-07
[32],5,"lr=1e-04, wd=0.0",50,layer4_lr3e-05_hd128_wd0.0_cosine,"lr3e-05,wd0.0",-4.021736255876866,9.047109182527638e-07
[32],5,"lr=1e-04, wd=0.0",50,layer4_lr3e-05_hd128_wd0.01_cosine,"lr3e-05,wd0.01",-4.1421030671397,1.174289984581937e-06
[32],5,"lr=1e-04, wd=0.0",50,layer4_lr0.0001_hd128_wd0.0_cosine,"lr0.0001,wd0.0",-2.3310066934258575,0.00019257668622481077
[32],5,"lr=1e-04, wd=0.0",50,layer4_lr0.0001_hd128_wd0.01_cosine,"lr0.0001,wd0.01",-4.031119020470079,5.51769252079294e-06
[32],5,"lr=1e-04, wd=0.0",50,layer4_lr0.0003_hd128_wd0.0_cosine,"lr0.0003,wd0.0",-1.9401714668384475,7.192323690620285e-06
[32],5,"lr=1e-04, wd=0.0",50,layer4_lr0.0003_hd128_wd0.01_cosine,"lr0.0003,wd0.01",-3.894199784781908,1.3628698513872055e-05
[32],5,"lr=1e-04, wd=0.0",50,layer4_lr0.001_hd128_wd0.0_cosine,"lr0.001,wd0.0",-1.751133248668469,0.0004675470839500879
[32],5,"lr=1e-04, wd=0.0",50,layer4_lr0.001_hd128_wd0.01_cosine,"lr0.001,wd0.01",-1.8936329085355532,0.0002771795148542204
[32],5,"lr=1e-04, wd=0.0",50,layer4_lr0.003_hd128_wd0.0_cosine,"lr0.003,wd0.0",-2.234695048424016,0.0004826254224464838
[32],5,"lr=1e-04, wd=0.0",50,layer4_lr0.003_hd128_wd0.01_cosine,"lr0.003,wd0.01",0.5687792246483467,0.0007948231278969704
[32],5,"lr=1e-04, wd=0.0",90,layer4_lr1e-05_hd128_wd0.0_cosine,"lr1e-05,wd0.0",-4.167496524208383,1.5201606617811581e-06
[32],5,"lr=1e-04, wd=0.0",90,layer4_lr1e-05_hd128_wd0.01_cosine,"lr1e-05,wd0.01",-4.206962894346765,9.188115878013693e-07
[32],5,"lr=1e-04, wd=0.0",90,layer4_lr3e-05_hd128_wd0.0_cosine,"lr3e-05,wd0.0",-4.177961207134719,3.317133108758034e-08
[32],5,"lr=1e-04, wd=0.0",90,layer4_lr3e-05_hd128_wd0.01_cosine,"lr3e-05,wd0.01",-4.177705131905552,2.3752147333560612e-07
[32],5,"lr=1e-04, wd=0.0",90,layer4_lr0.0001_hd128_wd0.0_cosine,"lr0.0001,wd0.0",-2.3477592833144265,1.1143146470304927e-06
[32],5,"lr=1e-04, wd=0.0",90,layer4_lr0.0001_hd128_wd0.01_cosine,"lr0.0001,wd0.01",-4.1763023630839005,6.132974347836237e-07
[32],5,"lr=1e-04, wd=0.0",90,layer4_lr0.0003_hd128_wd0.0_cosine,"lr0.0003,wd0.0",-2.43521437871392,1.2588109356287628e-06
[32],5,"lr=1e-04, wd=0.0",90,layer4_lr0.0003_hd128_wd0.01_cosine,"lr0.0003,wd0.01",-4.031338490022199,1.0940904408912704e-05
[32],5,"lr=1e-04, wd=0.0",90,layer4_lr0.001_hd128_wd0.0_cosine,"lr0.001,wd0.0",-2.4312212209974478,7.213519610318919e-05
[32],5,"lr=1e-04, wd=0.0",90,layer4_lr0.001_hd128_wd0.01_cosine,"lr0.001,wd0.01",-3.483519694846755,5.462078880816784e-05
[32],5,"lr=1e-04, wd=0.0",90,layer4_lr0.003_hd128_wd0.0_cosine,"lr0.003,wd0.0",-2.203761621646478,7.803175881097206e-06
[32],5,"lr=1e-04, wd=0.0",90,layer4_lr0.003_hd128_wd0.01_cosine,"lr0.003,wd0.01",-3.00101423175509,0.00013482530595428544
[32],6,"lr=1e-04, wd=0.01",0,layer4_lr1e-05_hd128_wd0.0_cosine,"lr1e-05,wd0.0",-0.9477641917834062,0.00020066124262796468
[32],6,"lr=1e-04, wd=0.01",0,layer4_lr1e-05_hd128_wd0.01_cosine,"lr1e-05,wd0.01",-0.9617592156491864,2.535871520100599e-06
[32],6,"lr=1e-04, wd=0.01",0,layer4_lr3e-05_hd128_wd0.0_cosine,"lr3e-05,wd0.0",-0.9664266905474086,0.0010953555732865282
[32],6,"lr=1e-04, wd=0.01",0,layer4_lr3e-05_hd128_wd0.01_cosine,"lr3e-05,wd0.01",-1.004719605308724,0.00012977362883279174
[32],6,"lr=1e-04, wd=0.01",0,layer4_lr0.0001_hd128_wd0.0_cosine,"lr0.0001,wd0.0",-1.0023641079123575,0.0004945869270500742
[32],6,"lr=1e-04, wd=0.01",0,layer4_lr0.0001_hd128_wd0.01_cosine,"lr0.0001,wd0.01",-1.0226614817616866,0.0004043053774471378
[32],6,"lr=1e-04, wd=0.01",0,layer4_lr0.0003_hd128_wd0.0_cosine,"lr0.0003,wd0.0",-0.9989700447342665,2.755293485715896e-07
[32],6,"lr=1e-04, wd=0.01",0,layer4_lr0.0003_hd128_wd0.01_cosine,"lr0.0003,wd0.01",-1.0025545058610061,0.00047092873581802924
[32],6,"lr=1e-04, wd=0.01",0,layer4_lr0.001_hd128_wd0.0_cosine,"lr0.001,wd0.0",-0.9565068281513583,6.767405104566577e-05
[32],6,"lr=1e-04, wd=0.01",0,layer4_lr0.001_hd128_wd0.01_cosine,"lr0.001,wd0.01",-0.9634569394472055,0.0003469924114933877
[32],6,"lr=1e-04, wd=0.01",0,layer4_lr0.003_hd128_wd0.0_cosine,"lr0.003,wd0.0",-0.9073092172497202,3.3103132730070666e-05
[32],6,"lr=1e-04, wd=0.01",0,layer4_lr0.003_hd128_wd0.01_cosine,"lr0.003,wd0.01",-0.9192574011544394,0.00015031900072202655
[32],6,"lr=1e-04, wd=0.01",5,layer4_lr1e-05_hd128_wd0.0_cosine,"lr1e-05,wd0.0",-2.09945915974692,0.0004949511312516451
[32],6,"lr=1e-04, wd=0.01",5,layer4_lr1e-05_hd128_wd0.01_cosine,"lr1e-05,wd0.01",-2.0745208752490614,6.52455675241775e-05
[32],6,"lr=1e-04, wd=0.01",5,layer4_lr3e-05_hd128_wd0.0_cosine,"lr3e-05,wd0.0",-2.2533231780669243,0.0006432948805262747
[32],6,"lr=1e-04, wd=0.01",5,layer4_lr3e-05_hd128_wd0.01_cosine,"lr3e-05,wd0.01",-3.0850906338378,8.320850142394839e-05
[32],6,"lr=1e-04, wd=0.01",5,layer4_lr0.0001_hd128_wd0.0_cosine,"lr0.0001,wd0.0",-1.9386639336807046,2.4472748955514335e-05
[32],6,"lr=1e-04, wd=0.01",5,layer4_lr0.0001_hd128_wd0.01_cosine,"lr0.0001,wd0.01",-2.1746944131743513,9.630605011567342e-05
[32],6,"lr=1e-04, wd=0.01",5,layer4_lr0.0003_hd128_wd0.0_cosine,"lr0.0003,wd0.0",-1.6514274147167132,0.0015517409219899397
[32],6,"lr=1e-04, wd=0.01",5,layer4_lr0.0003_hd128_wd0.01_cosine,"lr0.0003,wd0.01",-2.0739069769456937,7.161881990495946e-05
[32],6,"lr=1e-04, wd=0.01",5,layer4_lr0.001_hd128_wd0.0_cosine,"lr0.001,wd0.0",-1.3581766972687253,0.00260766135377826
[32],6,"lr=1e-04, wd=0.01",5,layer4_lr0.001_hd128_wd0.01_cosine,"lr0.001,wd0.01",-1.5345323452418753,6.276354503126858e-07
[32],6,"lr=1e-04, wd=0.01",5,layer4_lr0.003_hd128_wd0.0_cosine,"lr0.003,wd0.0",-1.2380980193684632,0.002179616802441435
[32],6,"lr=1e-04, wd=0.01",5,layer4_lr0.003_hd128_wd0.01_cosine,"lr0.003,wd0.01",-1.5705523948986932,0.0010994195262418246
[32],6,"lr=1e-04, wd=0.01",10,layer4_lr1e-05_hd128_wd0.0_cosine,"lr1e-05,wd0.0",-2.042144204557636,0.0005921712352120126
[32],6,"lr=1e-04, wd=0.01",10,layer4_lr1e-05_hd128_wd0.01_cosine,"lr1e-05,wd0.01",-2.599645030493887,0.00027795212874415757
[32],6,"lr=1e-04, wd=0.01",10,layer4_lr3e-05_hd128_wd0.0_cosine,"lr3e-05,wd0.0",-2.6383048861151006,0.00029064626927232474
[32],6,"lr=1e-04, wd=0.01",10,layer4_lr3e-05_hd128_wd0.01_cosine,"lr3e-05,wd0.01",-3.529499124396753,2.1729071531772078e-05
[32],6,"lr=1e-04, wd=0.01",10,layer4_lr0.0001_hd128_wd0.0_cosine,"lr0.0001,wd0.0",-1.9644800598172867,0.00019497871655394764
[32],6,"lr=1e-04, wd=0.01",10,layer4_lr0.0001_hd128_wd0.01_cosine,"lr0.0001,wd0.01",-2.4174119911599345,1.8424068908464955e-05
[32],6,"lr=1e-04, wd=0.01",10,layer4_lr0.0003_hd128_wd0.0_cosine,"lr0.0003,wd0.0",-1.629201743537424,0.001953474254358269
[32],6,"lr=1e-04, wd=0.01",10,layer4_lr0.0003_hd128_wd0.01_cosine,"lr0.0003,wd0.01",-2.174415029556923,2.558209932922945e-05
[32],6,"lr=1e-04, wd=0.01",10,layer4_lr0.001_hd128_wd0.0_cosine,"lr0.001,wd0.0",-1.5641931900469128,0.0023445003991418006
[32],6,"lr=1e-04, wd=0.01",10,layer4_lr0.001_hd128_wd0.01_cosine,"lr0.001,wd0.01",-1.985723228071936,0.00019065870809184752
[32],6,"lr=1e-04, wd=0.01",10,layer4_lr0.003_hd128_wd0.0_cosine,"lr0.003,wd0.0",-1.7534202873529094,0.001036004891419888
[32],6,"lr=1e-04, wd=0.01",10,layer4_lr0.003_hd128_wd0.01_cosine,"lr0.003,wd0.01",-1.7841666721383942,0.00043490710646698014
[32],6,"lr=1e-04, wd=0.01",20,layer4_lr1e-05_hd128_wd0.0_cosine,"lr1e-05,wd0.0",-2.8266335236101447,0.0001901472622545142
[32],6,"lr=1e-04, wd=0.01",20,layer4_lr1e-05_hd128_wd0.01_cosine,"lr1e-05,wd0.01",-3.384570060065025,5.201055810453151e-05
[32],6,"lr=1e-04, wd=0.01",20,layer4_lr3e-05_hd128_wd0.0_cosine,"lr3e-05,wd0.0",-2.5855035174703516,4.4454982574954815e-05
[32],6,"lr=1e-04, wd=0.01",20,layer4_lr3e-05_hd128_wd0.01_cosine,"lr3e-05,wd0.01",-3.7684597443174748,1.6409186711459527e-05
[32],6,"lr=1e-04, wd=0.01",20,layer4_lr0.0001_hd128_wd0.0_cosine,"lr0.0001,wd0.0",-1.9214391324707136,0.0005077878727271811
[32],6,"lr=1e-04, wd=0.01",20,layer4_lr0.0001_hd128_wd0.01_cosine,"lr0.0001,wd0.01",-2.5811340707856574,3.299451405923877e-06
[32],6,"lr=1e-04, wd=0.01",20,layer4_lr0.0003_hd128_wd0.0_cosine,"lr0.0003,wd0.0",-1.667357659409753,0.0020530005999938863
[32],6,"lr=1e-04, wd=0.01",20,layer4_lr0.0003_hd128_wd0.01_cosine,"lr0.0003,wd0.01",-2.283682682131464,2.8488696702431375e-05
[32],6,"lr=1e-04, wd=0.01",20,layer4_lr0.001_hd128_wd0.0_cosine,"lr0.001,wd0.0",-1.6251581417756364,0.0022587944642763437
[32],6,"lr=1e-04, wd=0.01",20,layer4_lr0.001_hd128_wd0.01_cosine,"lr0.001,wd0.01",-2.1754608810858476,0.00012303855828225868
[32],6,"lr=1e-04, wd=0.01",20,layer4_lr0.003_hd128_wd0.0_cosine,"lr0.003,wd0.0",-1.7847066565359853,0.0012765001171518254
[32],6,"lr=1e-04, wd=0.01",20,layer4_lr0.003_hd128_wd0.01_cosine,"lr0.003,wd0.01",-1.9349704522507536,0.001076991954724785
[32],6,"lr=1e-04, wd=0.01",50,layer4_lr1e-05_hd128_wd0.0_cosine,"lr1e-05,wd0.0",-3.986317694190249,1.6957675534795878e-06
[32],6,"lr=1e-04, wd=0.01",50,layer4_lr1e-05_hd128_wd0.01_cosine,"lr1e-05,wd0.01",-4.140530036424337,2.040853895769954e-07
[32],6,"lr=1e-04, wd=0.01",50,layer4_lr3e-05_hd128_wd0.0_cosine,"lr3e-05,wd0.0",-3.4501277091092337,5.888385898729642e-07
[32],6,"lr=1e-04, wd=0.01",50,layer4_lr3e-05_hd128_wd0.01_cosine,"lr3e-05,wd0.01",-4.1106591940763595,1.29648260155305e-06
[32],6,"lr=1e-04, wd=0.01",50,layer4_lr0.0001_hd128_wd0.0_cosine,"lr0.0001,wd0.0",-2.299785094606043,0.000189671213308327
[32],6,"lr=1e-04, wd=0.01",50,layer4_lr0.0001_hd128_wd0.01_cosine,"lr0.0001,wd0.01",-4.0199057914412935,2.728972480495536e-06
[32],6,"lr=1e-04, wd=0.01",50,layer4_lr0.0003_hd128_wd0.0_cosine,"lr0.0003,wd0.0",-1.9127695895382346,3.629506870928608e-05
[32],6,"lr=1e-04, wd=0.01",50,layer4_lr0.0003_hd128_wd0.01_cosine,"lr0.0003,wd0.01",-3.9202798864328945,7.792792581274794e-06
[32],6,"lr=1e-04, wd=0.01",50,layer4_lr0.001_hd128_wd0.0_cosine,"lr0.001,wd0.0",-1.7151377505894232,0.000586185745146612
[32],6,"lr=1e-04, wd=0.01",50,layer4_lr0.001_hd128_wd0.01_cosine,"lr0.001,wd0.01",-1.5141363668987697,0.0002734234178444302
[32],6,"lr=1e-04, wd=0.01",50,layer4_lr0.003_hd128_wd0.0_cosine,"lr0.003,wd0.0",-2.2564393942286323,0.0005042454074200985
[32],6,"lr=1e-04, wd=0.01",50,layer4_lr0.003_hd128_wd0.01_cosine,"lr0.003,wd0.01",2.695881726464905,0.000845080666182494
[32],6,"lr=1e-04, wd=0.01",90,layer4_lr1e-05_hd128_wd0.0_cosine,"lr1e-05,wd0.0",-4.123719611888538,2.95647758111517e-06
[32],6,"lr=1e-04, wd=0.01",90,layer4_lr1e-05_hd128_wd0.01_cosine,"lr1e-05,wd0.01",-4.213658553929378,2.862526048867108e-07
[32],6,"lr=1e-04, wd=0.01",90,layer4_lr3e-05_hd128_wd0.0_cosine,"lr3e-05,wd0.0",-4.127040409246862,1.7908372490489058e-06
[32],6,"lr=1e-04, wd=0.01",90,layer4_lr3e-05_hd128_wd0.01_cosine,"lr3e-05,wd0.01",-4.192840835358038,3.214141021830343e-07
[32],6,"lr=1e-04, wd=0.01",90,layer4_lr0.0001_hd128_wd0.0_cosine,"lr0.0001,wd0.0",-2.3493897851844077,6.100735259541047e-07
[32],6,"lr=1e-04, wd=0.01",90,layer4_lr0.0001_hd128_wd0.01_cosine,"lr0.0001,wd0.01",-4.185309517935123,5.682508071477279e-09
[32],6,"lr=1e-04, wd=0.01",90,layer4_lr0.0003_hd128_wd0.0_cosine,"lr0.0003,wd0.0",-2.405379524919389,1.4027405939621878e-06
[32],6,"lr=1e-04, wd=0.01",90,layer4_lr0.0003_hd128_wd0.01_cosine,"lr0.0003,wd0.01",-4.102041179535183,5.446036645985265e-06
[32],6,"lr=1e-04, wd=0.01",90,layer4_lr0.001_hd128_wd0.0_cosine,"lr0.001,wd0.0",-2.4105769281929015,7.639919012120354e-05
[32],6,"lr=1e-04, wd=0.01",90,layer4_lr0.001_hd128_wd0.01_cosine,"lr0.001,wd0.01",-3.6820174280332068,3.321415650464244e-05
[32],6,"lr=1e-04, wd=0.01",90,layer4_lr0.003_hd128_wd0.0_cosine,"lr0.003,wd0.0",-2.193863056365503,1.4607790096632543e-05
[32],6,"lr=1e-04, wd=0.01",90,layer4_lr0.003_hd128_wd0.01_cosine,"lr0.003,wd0.01",-2.5585662704123413,0.00019756094942666974
[32],7,"lr=3e-04, wd=0.0",0,layer4_lr1e-05_hd128_wd0.0_cosine,"lr1e-05,wd0.0",-0.8704791604383035,6.7908137993974135e-06
[32],7,"lr=3e-04, wd=0.0",0,layer4_lr1e-05_hd128_wd0.01_cosine,"lr1e-05,wd0.01",-0.8502757718064711,0.0001887938169084263
[32],7,"lr=3e-04, wd=0.0",0,layer4_lr3e-05_hd128_wd0.0_cosine,"lr3e-05,wd0.0",-0.9250392766838265,0.0005063371914192263
[32],7,"lr=3e-04, wd=0.0",0,layer4_lr3e-05_hd128_wd0.01_cosine,"lr3e-05,wd0.01",-0.9174953130583793,5.217083970686413e-08
[32],7,"lr=3e-04, wd=0.0",0,layer4_lr0.0001_hd128_wd0.0_cosine,"lr0.0001,wd0.0",-0.9915019906772853,0.00015477235594247885
[32],7,"lr=3e-04, wd=0.0",0,layer4_lr0.0001_hd128_wd0.01_cosine,"lr0.0001,wd0.01",-0.9681381495731468,9.80930480971761e-05
[32],7,"lr=3e-04, wd=0.0",0,layer4_lr0.0003_hd128_wd0.0_cosine,"lr0.0003,wd0.0",-1.0183875012298833,8.542719010658944e-05
[32],7,"lr=3e-04, wd=0.0",0,layer4_lr0.0003_hd128_wd0.01_cosine,"lr0.0003,wd0.01",-0.9869652758831146,0.00013923565661347724
[32],7,"lr=3e-04, wd=0.0",0,layer4_lr0.001_hd128_wd0.0_cosine,"lr0.001,wd0.0",-0.9830956949943311,0.00033341677591874474
[32],7,"lr=3e-04, wd=0.0",0,layer4_lr0.001_hd128_wd0.01_cosine,"lr0.001,wd0.01",-0.9717913832172678,7.343544788631514e-05
[32],7,"lr=3e-04, wd=0.0",0,layer4_lr0.003_hd128_wd0.0_cosine,"lr0.003,wd0.0",-0.9333574660795385,0.00024523289285098484
[32],7,"lr=3e-04, wd=0.0",0,layer4_lr0.003_hd128_wd0.01_cosine,"lr0.003,wd0.01",-0.9338425570060394,4.764007383013552e-06
[32],7,"lr=3e-04, wd=0.0",5,layer4_lr1e-05_hd128_wd0.0_cosine,"lr1e-05,wd0.0",-1.7611794215513794,0.0011925413269635566
[32],7,"lr=3e-04, wd=0.0",5,layer4_lr1e-05_hd128_wd0.01_cosine,"lr1e-05,wd0.01",-1.8583415119560267,0.0004326559035435832
[32],7,"lr=3e-04, wd=0.0",5,layer4_lr3e-05_hd128_wd0.0_cosine,"lr3e-05,wd0.0",-2.17873381136893,0.0007456036579615693
[32],7,"lr=3e-04, wd=0.0",5,layer4_lr3e-05_hd128_wd0.01_cosine,"lr3e-05,wd0.01",-2.5875755995896546,0.0001496723788767878
[32],7,"lr=3e-04, wd=0.0",5,layer4_lr0.0001_hd128_wd0.0_cosine,"lr0.0001,wd0.0",-2.4647230802788975,5.2129015176673864e-05
[32],7,"lr=3e-04, wd=0.0",5,layer4_lr0.0001_hd128_wd0.01_cosine,"lr0.0001,wd0.01",-3.065446348963281,0.0001232433413745998
[32],7,"lr=3e-04, wd=0.0",5,layer4_lr0.0003_hd128_wd0.0_cosine,"lr0.0003,wd0.0",-1.9057851863437905,0.0008205160070372318
[32],7,"lr=3e-04, wd=0.0",5,layer4_lr0.0003_hd128_wd0.01_cosine,"lr0.0003,wd0.01",-2.610150233618094,0.00013339315986319653
[32],7,"lr=3e-04, wd=0.0",5,layer4_lr0.001_hd128_wd0.0_cosine,"lr0.001,wd0.0",-1.7566901219125697,0.0015598331115455354
[32],7,"lr=3e-04, wd=0.0",5,layer4_lr0.001_hd128_wd0.01_cosine,"lr0.001,wd0.01",-2.5132055132640736,0.00011463517376598892
[32],7,"lr=3e-04, wd=0.0",5,layer4_lr0.003_hd128_wd0.0_cosine,"lr0.003,wd0.0",-2.000735921334037,0.0007888380066890158
[32],7,"lr=3e-04, wd=0.0",5,layer4_lr0.003_hd128_wd0.01_cosine,"lr0.003,wd0.01",-1.7270769870223945,0.0017164432198064998
[32],7,"lr=3e-04, wd=0.0",10,layer4_lr1e-05_hd128_wd0.0_cosine,"lr1e-05,wd0.0",-2.004009017579908,0.001011819503983081
[32],7,"lr=3e-04, wd=0.0",10,layer4_lr1e-05_hd128_wd0.01_cosine,"lr1e-05,wd0.01",-2.1504561979361156,0.0005840900641585886
[32],7,"lr=3e-04, wd=0.0",10,layer4_lr3e-05_hd128_wd0.0_cosine,"lr3e-05,wd0.0",-1.2051877844407577,0.0006050422706997606
[32],7,"lr=3e-04, wd=0.0",10,layer4_lr3e-05_hd128_wd0.01_cosine,"lr3e-05,wd0.01",-3.1010537664099065,0.00010147935062565464
[32],7,"lr=3e-04, wd=0.0",10,layer4_lr0.0001_hd128_wd0.0_cosine,"lr0.0001,wd0.0",-2.72068367764575,2.0647850825822975e-06
[32],7,"lr=3e-04, wd=0.0",10,layer4_lr0.0001_hd128_wd0.01_cosine,"lr0.0001,wd0.01",-3.1079117690678673,0.00010139436987635773
[32],7,"lr=3e-04, wd=0.0",10,layer4_lr0.0003_hd128_wd0.0_cosine,"lr0.0003,wd0.0",-1.8469207365369105,0.0012724794260144002
[32],7,"lr=3e-04, wd=0.0",10,layer4_lr0.0003_hd128_wd0.01_cosine,"lr0.0003,wd0.01",-2.9154783892211493,0.00013429235618462075
[32],7,"lr=3e-04, wd=0.0",10,layer4_lr0.001_hd128_wd0.0_cosine,"lr0.001,wd0.0",-1.7636275913759427,0.001684215783467715
[32],7,"lr=3e-04, wd=0.0",10,layer4_lr0.001_hd128_wd0.01_cosine,"lr0.001,wd0.01",-2.5602375924820544,0.0002409390380788902
[32],7,"lr=3e-04, wd=0.0",10,layer4_lr0.003_hd128_wd0.0_cosine,"lr0.003,wd0.0",-2.223953922730911,0.0006572611656630534
[32],7,"lr=3e-04, wd=0.0",10,layer4_lr0.003_hd128_wd0.01_cosine,"lr0.003,wd0.01",-2.4630128436089596,0.00041038566311116877
[32],7,"lr=3e-04, wd=0.0",20,layer4_lr1e-05_hd128_wd0.0_cosine,"lr1e-05,wd0.0",-2.5551594147248102,0.0001435004328305815
[32],7,"lr=3e-04, wd=0.0",20,layer4_lr1e-05_hd128_wd0.01_cosine,"lr1e-05,wd0.01",-2.5217736399491004,1.6895602764712092e-05
[32],7,"lr=3e-04, wd=0.0",20,layer4_lr3e-05_hd128_wd0.0_cosine,"lr3e-05,wd0.0",-2.6076265440256425,0.0002537246712665575
[32],7,"lr=3e-04, wd=0.0",20,layer4_lr3e-05_hd128_wd0.01_cosine,"lr3e-05,wd0.01",-3.2061047656621806,9.22942877531905e-05
[32],7,"lr=3e-04, wd=0.0",20,layer4_lr0.0001_hd128_wd0.0_cosine,"lr0.0001,wd0.0",-2.2063608300458633,0.0001330556738341175
[32],7,"lr=3e-04, wd=0.0",20,layer4_lr0.0001_hd128_wd0.01_cosine,"lr0.0001,wd0.01",-3.2187253757752736,8.038089878216238e-05
[32],7,"lr=3e-04, wd=0.0",20,layer4_lr0.0003_hd128_wd0.0_cosine,"lr0.0003,wd0.0",-1.8065177857090717,0.001412194635603142
[32],7,"lr=3e-04, wd=0.0",20,layer4_lr0.0003_hd128_wd0.01_cosine,"lr0.0003,wd0.01",-2.4002045739568647,0.00016283628723741161
[32],7,"lr=3e-04, wd=0.0",20,layer4_lr0.001_hd128_wd0.0_cosine,"lr0.001,wd0.0",-1.7526705535076728,0.0017583314652185815
[32],7,"lr=3e-04, wd=0.0",20,layer4_lr0.001_hd128_wd0.01_cosine,"lr0.001,wd0.01",-1.761763126034742,0.0002654100092134564
[32],7,"lr=3e-04, wd=0.0",20,layer4_lr0.003_hd128_wd0.0_cosine,"lr0.003,wd0.0",-1.2525074689228504,0.0008270553884654868
[32],7,"lr=3e-04, wd=0.0",20,layer4_lr0.003_hd128_wd0.01_cosine,"lr0.003,wd0.01",-1.7483233902789277,0.000903097889953094
[32],7,"lr=3e-04, wd=0.0",50,layer4_lr1e-05_hd128_wd0.0_cosine,"lr1e-05,wd0.0",-3.7138534206168243,3.613109071163736e-06
[32],7,"lr=3e-04, wd=0.0",50,layer4_lr1e-05_hd128_wd0.01_cosine,"lr1e-05,wd0.01",-3.8816537291449094,6.033517364982153e-06
[32],7,"lr=3e-04, wd=0.0",50,layer4_lr3e-05_hd128_wd0.0_cosine,"lr3e-05,wd0.0",-3.4878237413985698,2.792866116916406e-06
[32],7,"lr=3e-04, wd=0.0",50,layer4_lr3e-05_hd128_wd0.01_cosine,"lr3e-05,wd0.01",-4.02445320505147,3.077213668408701e-06
[32],7,"lr=3e-04, wd=0.0",50,layer4_lr0.0001_hd128_wd0.0_cosine,"lr0.0001,wd0.0",-2.5316496394716492,9.258049059915547e-05
[32],7,"lr=3e-04, wd=0.0",50,layer4_lr0.0001_hd128_wd0.01_cosine,"lr0.0001,wd0.01",-3.7736835871754035,2.9537037739606157e-05
[32],7,"lr=3e-04, wd=0.0",50,layer4_lr0.0003_hd128_wd0.0_cosine,"lr0.0003,wd0.0",-2.018616059437517,0.00020224396349732956
[32],7,"lr=3e-04, wd=0.0",50,layer4_lr0.0003_hd128_wd0.01_cosine,"lr0.0003,wd0.01",-3.2727992716132714,6.955965604648713e-05
[32],7,"lr=3e-04, wd=0.0",50,layer4_lr0.001_hd128_wd0.0_cosine,"lr0.001,wd0.0",-1.9876420845151184,9.151584524159534e-07
[32],7,"lr=3e-04, wd=0.0",50,layer4_lr0.001_hd128_wd0.01_cosine,"lr0.001,wd0.01",0.41386972323782256,0.0003618654781469041
[32],7,"lr=3e-04, wd=0.0",50,layer4_lr0.003_hd128_wd0.0_cosine,"lr0.003,wd0.0",-0.5177169974206941,0.0004615687711109851
[32],7,"lr=3e-04, wd=0.0",50,layer4_lr0.003_hd128_wd0.01_cosine,"lr0.003,wd0.01",2.4432433698327647,0.0008014509828435293
[32],7,"lr=3e-04, wd=0.0",90,layer4_lr1e-05_hd128_wd0.0_cosine,"lr1e-05,wd0.0",-4.026882647539895,7.489927239045243e-06
[32],7,"lr=3e-04, wd=0.0",90,layer4_lr1e-05_hd128_wd0.01_cosine,"lr1e-05,wd0.01",-4.167827790279502,1.774381467935865e-06
[32],7,"lr=3e-04, wd=0.0",90,layer4_lr3e-05_hd128_wd0.0_cosine,"lr3e-05,wd0.0",-4.102893502180365,7.861756566608733e-08
[32],7,"lr=3e-04, wd=0.0",90,layer4_lr3e-05_hd128_wd0.01_cosine,"lr3e-05,wd0.01",-4.185964813847432,4.146243989888893e-07
[32],7,"lr=3e-04, wd=0.0",90,layer4_lr0.0001_hd128_wd0.0_cosine,"lr0.0001,wd0.0",-3.6789292757600425,5.755556925965029e-06
[32],7,"lr=3e-04, wd=0.0",90,layer4_lr0.0001_hd128_wd0.01_cosine,"lr0.0001,wd0.01",-4.1312698947745,4.982634730830205e-06
[32],7,"lr=3e-04, wd=0.0",90,layer4_lr0.0003_hd128_wd0.0_cosine,"lr0.0003,wd0.0",-2.4641887368113617,2.2562030475677834e-06
[32],7,"lr=3e-04, wd=0.0",90,layer4_lr0.0003_hd128_wd0.01_cosine,"lr0.0003,wd0.01",-3.810138949448204,2.782766663573028e-05
[32],7,"lr=3e-04, wd=0.0",90,layer4_lr0.001_hd128_wd0.0_cosine,"lr0.001,wd0.0",-2.447927879728693,5.803815605624457e-05
[32],7,"lr=3e-04, wd=0.0",90,layer4_lr0.001_hd128_wd0.01_cosine,"lr0.001,wd0.01",-3.533353722119047,4.962740776824636e-05
[32],7,"lr=3e-04, wd=0.0",90,layer4_lr0.003_hd128_wd0.0_cosine,"lr0.003,wd0.0",-2.449975162653557,5.833028203166968e-05
[32],7,"lr=3e-04, wd=0.0",90,layer4_lr0.003_hd128_wd0.01_cosine,"lr0.003,wd0.01",-3.2205991874352127,9.058486596804136e-05
[32],8,"lr=3e-04, wd=0.01",0,layer4_lr1e-05_hd128_wd0.0_cosine,"lr1e-05,wd0.0",-0.8194700381557454,3.871679084077366e-05
[32],8,"lr=3e-04, wd=0.01",0,layer4_lr1e-05_hd128_wd0.01_cosine,"lr1e-05,wd0.01",-0.8258139745027541,9.154986411117336e-05
[32],8,"lr=3e-04, wd=0.01",0,layer4_lr3e-05_hd128_wd0.0_cosine,"lr3e-05,wd0.0",-0.8708929694837098,0.0006939384650509707
[32],8,"lr=3e-04, wd=0.01",0,layer4_lr3e-05_hd128_wd0.01_cosine,"lr3e-05,wd0.01",-0.9015335029103301,2.2012557295742386e-05
[32],8,"lr=3e-04, wd=0.01",0,layer4_lr0.0001_hd128_wd0.0_cosine,"lr0.0001,wd0.0",-0.9302452243080739,0.0002754213550868512
[32],8,"lr=3e-04, wd=0.01",0,layer4_lr0.0001_hd128_wd0.01_cosine,"lr0.0001,wd0.01",-0.9535540504678057,0.00021204572246833717
[32],8,"lr=3e-04, wd=0.01",0,layer4_lr0.0003_hd128_wd0.0_cosine,"lr0.0003,wd0.0",-0.9587259189469514,2.2957306815138922e-05
[32],8,"lr=3e-04, wd=0.01",0,layer4_lr0.0003_hd128_wd0.01_cosine,"lr0.0003,wd0.01",-0.9729600181772393,0.0002700201200937751
[32],8,"lr=3e-04, wd=0.01",0,layer4_lr0.001_hd128_wd0.0_cosine,"lr0.001,wd0.0",-0.9384476957355842,0.0001901397430367171
[32],8,"lr=3e-04, wd=0.01",0,layer4_lr0.001_hd128_wd0.01_cosine,"lr0.001,wd0.01",-0.9517684843915863,0.0001701948949309174
[32],8,"lr=3e-04, wd=0.01",0,layer4_lr0.003_hd128_wd0.0_cosine,"lr0.003,wd0.0",-0.8962483896709762,0.0001287891511839412
[32],8,"lr=3e-04, wd=0.01",0,layer4_lr0.003_hd128_wd0.01_cosine,"lr0.003,wd0.01",-0.910076552346888,4.376073650352454e-05
[32],8,"lr=3e-04, wd=0.01",5,layer4_lr1e-05_hd128_wd0.0_cosine,"lr1e-05,wd0.0",-1.7264053262613235,0.0007851044454319467
[32],8,"lr=3e-04, wd=0.01",5,layer4_lr1e-05_hd128_wd0.01_cosine,"lr1e-05,wd0.01",-1.7858823710764489,0.00022010243924847688
[32],8,"lr=3e-04, wd=0.01",5,layer4_lr3e-05_hd128_wd0.0_cosine,"lr3e-05,wd0.0",-2.140325806556953,0.0007752105464105087
[32],8,"lr=3e-04, wd=0.01",5,layer4_lr3e-05_hd128_wd0.01_cosine,"lr3e-05,wd0.01",-2.5663690947573046,0.00012818152108071427
[32],8,"lr=3e-04, wd=0.01",5,layer4_lr0.0001_hd128_wd0.0_cosine,"lr0.0001,wd0.0",-2.110121988187734,1.978641617379646e-05
[32],8,"lr=3e-04, wd=0.01",5,layer4_lr0.0001_hd128_wd0.01_cosine,"lr0.0001,wd0.01",-2.862842255480235,0.00010774042913002501
[32],8,"lr=3e-04, wd=0.01",5,layer4_lr0.0003_hd128_wd0.0_cosine,"lr0.0003,wd0.0",-1.5976675359055417,0.0015071727237190723
[32],8,"lr=3e-04, wd=0.01",5,layer4_lr0.0003_hd128_wd0.01_cosine,"lr0.0003,wd0.01",-2.4448774341844794,8.043570219207598e-05
[32],8,"lr=3e-04, wd=0.01",5,layer4_lr0.001_hd128_wd0.0_cosine,"lr0.001,wd0.0",-1.5105717959571183,0.0023308461882882627
[32],8,"lr=3e-04, wd=0.01",5,layer4_lr0.001_hd128_wd0.01_cosine,"lr0.001,wd0.01",-2.4015941327742993,9.886221789228043e-05
[32],8,"lr=3e-04, wd=0.01",5,layer4_lr0.003_hd128_wd0.0_cosine,"lr0.003,wd0.0",-1.5554611546403736,0.001603564492650016
[32],8,"lr=3e-04, wd=0.01",5,layer4_lr0.003_hd128_wd0.01_cosine,"lr0.003,wd0.01",-1.8742330547649793,0.0010264736321046425
[32],8,"lr=3e-04, wd=0.01",10,layer4_lr1e-05_hd128_wd0.0_cosine,"lr1e-05,wd0.0",-2.018684861405081,0.0006317225068989108
[32],8,"lr=3e-04, wd=0.01",10,layer4_lr1e-05_hd128_wd0.01_cosine,"lr1e-05,wd0.01",-2.1643806071352896,0.0003220649880453163
[32],8,"lr=3e-04, wd=0.01",10,layer4_lr3e-05_hd128_wd0.0_cosine,"lr3e-05,wd0.0",-2.59298705111218,0.00031658949495987326
[32],8,"lr=3e-04, wd=0.01",10,layer4_lr3e-05_hd128_wd0.01_cosine,"lr3e-05,wd0.01",-3.206000939927444,3.217713152569526e-05
[32],8,"lr=3e-04, wd=0.01",10,layer4_lr0.0001_hd128_wd0.0_cosine,"lr0.0001,wd0.0",-1.8258679619147145,0.0003028662671939134
[32],8,"lr=3e-04, wd=0.01",10,layer4_lr0.0001_hd128_wd0.01_cosine,"lr0.0001,wd0.01",-3.4351269880001265,1.4515009983279598e-05
[32],8,"lr=3e-04, wd=0.01",10,layer4_lr0.0003_hd128_wd0.0_cosine,"lr0.0003,wd0.0",-1.5926087890751914,0.0019887275416231084
[32],8,"lr=3e-04, wd=0.01",10,layer4_lr0.0003_hd128_wd0.01_cosine,"lr0.0003,wd0.01",-3.334305842919636,3.652314023620405e-05
[32],8,"lr=3e-04, wd=0.01",10,layer4_lr0.001_hd128_wd0.0_cosine,"lr0.001,wd0.0",-1.61073359355649,0.0022145297556980252
[32],8,"lr=3e-04, wd=0.01",10,layer4_lr0.001_hd128_wd0.01_cosine,"lr0.001,wd0.01",-2.8577671984136725,0.00015967013397893257
[32],8,"lr=3e-04, wd=0.01",10,layer4_lr0.003_hd128_wd0.0_cosine,"lr0.003,wd0.0",-1.9134030589816338,0.0009949308732395581
[32],8,"lr=3e-04, wd=0.01",10,layer4_lr0.003_hd128_wd0.01_cosine,"lr0.003,wd0.01",-1.878137542617402,0.00043218543357346876
[32],8,"lr=3e-04, wd=0.01",20,layer4_lr1e-05_hd128_wd0.0_cosine,"lr1e-05,wd0.0",-2.3522153044392664,3.3701019357694966e-05
[32],8,"lr=3e-04, wd=0.01",20,layer4_lr1e-05_hd128_wd0.01_cosine,"lr1e-05,wd0.01",-2.391326648189476,1.4133147404685498e-06
[32],8,"lr=3e-04, wd=0.01",20,layer4_lr3e-05_hd128_wd0.0_cosine,"lr3e-05,wd0.0",-2.4319565093534927,1.564885108456514e-05
[32],8,"lr=3e-04, wd=0.01",20,layer4_lr3e-05_hd128_wd0.01_cosine,"lr3e-05,wd0.01",-3.5865309685167763,1.623676526547279e-05
[32],8,"lr=3e-04, wd=0.01",20,layer4_lr0.0001_hd128_wd0.0_cosine,"lr0.0001,wd0.0",-1.6852413024038193,0.0006914345199149002
[32],8,"lr=3e-04, wd=0.01",20,layer4_lr0.0001_hd128_wd0.01_cosine,"lr0.0001,wd0.01",-3.4829312215427968,2.2129245494885295e-07
[32],8,"lr=3e-04, wd=0.01",20,layer4_lr0.0003_hd128_wd0.0_cosine,"lr0.0003,wd0.0",-1.672859545533011,0.001988937535341403
[32],8,"lr=3e-04, wd=0.01",20,layer4_lr0.0003_hd128_wd0.01_cosine,"lr0.0003,wd0.01",-3.48675775164654,3.9628890832532606e-05
[32],8,"lr=3e-04, wd=0.01",20,layer4_lr0.001_hd128_wd0.0_cosine,"lr0.001,wd0.0",-1.6534519682908457,0.002119423471694716
[32],8,"lr=3e-04, wd=0.01",20,layer4_lr0.001_hd128_wd0.01_cosine,"lr0.001,wd0.01",-2.4066888606821117,0.00018020640234510672
[32],8,"lr=3e-04, wd=0.01",20,layer4_lr0.003_hd128_wd0.0_cosine,"lr0.003,wd0.0",-1.8837393103797693,0.0011922570321260813
[32],8,"lr=3e-04, wd=0.01",20,layer4_lr0.003_hd128_wd0.01_cosine,"lr0.003,wd0.01",0.07043359412861028,0.0007845873085693616
[32],8,"lr=3e-04, wd=0.01",50,layer4_lr1e-05_hd128_wd0.0_cosine,"lr1e-05,wd0.0",-3.767965434537024,1.2823229598247286e-05
[32],8,"lr=3e-04, wd=0.01",50,layer4_lr1e-05_hd128_wd0.01_cosine,"lr1e-05,wd0.01",-3.8707580137840583,1.3717600534179165e-05
[32],8,"lr=3e-04, wd=0.01",50,layer4_lr3e-05_hd128_wd0.0_cosine,"lr3e-05,wd0.0",-3.4322580366402984,6.895614569244373e-06
[32],8,"lr=3e-04, wd=0.01",50,layer4_lr3e-05_hd128_wd0.01_cosine,"lr3e-05,wd0.01",-4.064994058107592,3.038428103654111e-07
[32],8,"lr=3e-04, wd=0.01",50,layer4_lr0.0001_hd128_wd0.0_cosine,"lr0.0001,wd0.0",-2.3560238633733026,0.0001852108076889788
[32],8,"lr=3e-04, wd=0.01",50,layer4_lr0.0001_hd128_wd0.01_cosine,"lr0.0001,wd0.01",-4.0579443552373355,1.8782896035535328e-06
[32],8,"lr=3e-04, wd=0.01",50,layer4_lr0.0003_hd128_wd0.0_cosine,"lr0.0003,wd0.0",-1.9533870600602563,0.00011677594039569306
[32],8,"lr=3e-04, wd=0.01",50,layer4_lr0.0003_hd128_wd0.01_cosine,"lr0.0003,wd0.01",-3.9107152911260425,1.4914561921850776e-05
[32],8,"lr=3e-04, wd=0.01",50,layer4_lr0.001_hd128_wd0.0_cosine,"lr0.001,wd0.0",-1.8879054743250316,1.1283717860819564e-05
[32],8,"lr=3e-04, wd=0.01",50,layer4_lr0.001_hd128_wd0.01_cosine,"lr0.001,wd0.01",-0.30340412591591015,0.0002946189650179321
[32],8,"lr=3e-04, wd=0.01",50,layer4_lr0.003_hd128_wd0.0_cosine,"lr0.003,wd0.0",-2.328297470334841,0.0005287417099573528
[32],8,"lr=3e-04, wd=0.01",50,layer4_lr0.003_hd128_wd0.01_cosine,"lr0.003,wd0.01",4.2239748189312545,0.0007864123575518628
[32],8,"lr=3e-04, wd=0.01",90,layer4_lr1e-05_hd128_wd0.0_cosine,"lr1e-05,wd0.0",-4.003328273494743,1.1306624858518916e-05
[32],8,"lr=3e-04, wd=0.01",90,layer4_lr1e-05_hd128_wd0.01_cosine,"lr1e-05,wd0.01",-4.163800710335297,3.103549499140231e-06
[32],8,"lr=3e-04, wd=0.01",90,layer4_lr3e-05_hd128_wd0.0_cosine,"lr3e-05,wd0.0",-4.10870437988259,3.0137761111606814e-06
[32],8,"lr=3e-04, wd=0.01",90,layer4_lr3e-05_hd128_wd0.01_cosine,"lr3e-05,wd0.01",-4.186472733068601,9.501254523920275e-08
[32],8,"lr=3e-04, wd=0.01",90,layer4_lr0.0001_hd128_wd0.0_cosine,"lr0.0001,wd0.0",-2.3780455659417954,5.776933303377321e-07
[32],8,"lr=3e-04, wd=0.01",90,layer4_lr0.0001_hd128_wd0.01_cosine,"lr0.0001,wd0.01",-4.19848028700373,9.323389347442247e-08
[32],8,"lr=3e-04, wd=0.01",90,layer4_lr0.0003_hd128_wd0.0_cosine,"lr0.0003,wd0.0",-2.3568896769989562,1.7207489949396409e-07
[32],8,"lr=3e-04, wd=0.01",90,layer4_lr0.0003_hd128_wd0.01_cosine,"lr0.0003,wd0.01",-4.077162230617021,8.618925256658693e-06
[32],8,"lr=3e-04, wd=0.01",90,layer4_lr0.001_hd128_wd0.0_cosine,"lr0.001,wd0.0",-2.378549521550417,4.4520679572989394e-05
[32],8,"lr=3e-04, wd=0.01",90,layer4_lr0.001_hd128_wd0.01_cosine,"lr0.001,wd0.01",-3.464935652598102,5.588302054866413e-05
[32],8,"lr=3e-04, wd=0.01",90,layer4_lr0.003_hd128_wd0.0_cosine,"lr0.003,wd0.0",-2.2757482866247005,1.0587620555245296e-05
[32],8,"lr=3e-04, wd=0.01",90,layer4_lr0.003_hd128_wd0.01_cosine,"lr0.003,wd0.01",-2.8939163817395626,0.00014265045183888588
[32],9,"lr=0.001, wd=0.0",0,layer4_lr1e-05_hd128_wd0.0_cosine,"lr1e-05,wd0.0",-0.718259911210748,7.1235752119077684e-06
[32],9,"lr=0.001, wd=0.0",0,layer4_lr1e-05_hd128_wd0.01_cosine,"lr1e-05,wd0.01",-0.705708437113676,0.0003733140614556265
[32],9,"lr=0.001, wd=0.0",0,layer4_lr3e-05_hd128_wd0.0_cosine,"lr3e-05,wd0.0",-0.7768564497849343,0.00034140667852263656
[32],9,"lr=0.001, wd=0.0",0,layer4_lr3e-05_hd128_wd0.01_cosine,"lr3e-05,wd0.01",-0.7690801842583066,1.7393590960360828e-05
[32],9,"lr=0.001, wd=0.0",0,layer4_lr0.0001_hd128_wd0.0_cosine,"lr0.0001,wd0.0",-0.8738357534753551,0.00010270026018467735
[32],9,"lr=0.001, wd=0.0",0,layer4_lr0.0001_hd128_wd0.01_cosine,"lr0.0001,wd0.01",-0.8565076164178382,5.088726670320542e-05
[32],9,"lr=0.001, wd=0.0",0,layer4_lr0.0003_hd128_wd0.0_cosine,"lr0.0003,wd0.0",-0.9439439818851707,0.00010290486079479042
[32],9,"lr=0.001, wd=0.0",0,layer4_lr0.0003_hd128_wd0.01_cosine,"lr0.0003,wd0.01",-0.9211358647741626,0.00010613326946151756
[32],9,"lr=0.001, wd=0.0",0,layer4_lr0.001_hd128_wd0.0_cosine,"lr0.001,wd0.0",-0.9731701722807106,0.00034524589939876607
[32],9,"lr=0.001, wd=0.0",0,layer4_lr0.001_hd128_wd0.01_cosine,"lr0.001,wd0.01",-0.9463869039548192,6.077744205762661e-05
[32],9,"lr=0.001, wd=0.0",0,layer4_lr0.003_hd128_wd0.0_cosine,"lr0.003,wd0.0",-0.9463410323439441,0.00025874780584236314
[32],9,"lr=0.001, wd=0.0",0,layer4_lr0.003_hd128_wd0.01_cosine,"lr0.003,wd0.01",-0.9271756923601109,2.3961818963025127e-06
[32],9,"lr=0.001, wd=0.0",5,layer4_lr1e-05_hd128_wd0.0_cosine,"lr1e-05,wd0.0",-1.785142566547567,0.0007901671542003064
[32],9,"lr=0.001, wd=0.0",5,layer4_lr1e-05_hd128_wd0.01_cosine,"lr1e-05,wd0.01",-1.8751301117387036,8.73228123788357e-05
[32],9,"lr=0.001, wd=0.0",5,layer4_lr3e-05_hd128_wd0.0_cosine,"lr3e-05,wd0.0",-1.9576033538418192,0.0009824344076973972
[32],9,"lr=0.001, wd=0.0",5,layer4_lr3e-05_hd128_wd0.01_cosine,"lr3e-05,wd0.01",-2.1422912968054066,0.00035096489719471766
[32],9,"lr=0.001, wd=0.0",5,layer4_lr0.0001_hd128_wd0.0_cosine,"lr0.0001,wd0.0",-2.348228079154562,7.294360289035577e-05
[32],9,"lr=0.001, wd=0.0",5,layer4_lr0.0001_hd128_wd0.01_cosine,"lr0.0001,wd0.01",-2.405794070436707,0.00019928183797507802
[32],9,"lr=0.001, wd=0.0",5,layer4_lr0.0003_hd128_wd0.0_cosine,"lr0.0003,wd0.0",-2.082926975954352,0.0006546346773619458
[32],9,"lr=0.001, wd=0.0",5,layer4_lr0.0003_hd128_wd0.01_cosine,"lr0.0003,wd0.01",-2.8715964109672254,0.00017321368021278697
[32],9,"lr=0.001, wd=0.0",5,layer4_lr0.001_hd128_wd0.0_cosine,"lr0.001,wd0.0",-1.8853719401111788,0.0013049233119761363
[32],9,"lr=0.001, wd=0.0",5,layer4_lr0.001_hd128_wd0.01_cosine,"lr0.001,wd0.01",-2.6170577293112807,0.00017118231321942766
[32],9,"lr=0.001, wd=0.0",5,layer4_lr0.003_hd128_wd0.0_cosine,"lr0.003,wd0.0",-2.2988742473661095,0.0005180930739067033
[32],9,"lr=0.001, wd=0.0",5,layer4_lr0.003_hd128_wd0.01_cosine,"lr0.003,wd0.01",-1.7353546621972595,0.001820199477981347
[32],9,"lr=0.001, wd=0.0",10,layer4_lr1e-05_hd128_wd0.0_cosine,"lr1e-05,wd0.0",-2.0291909365158367,0.00046447459046209706
[32],9,"lr=0.001, wd=0.0",10,layer4_lr1e-05_hd128_wd0.01_cosine,"lr1e-05,wd0.01",-2.1381835953947594,0.00023919869356639226
[32],9,"lr=0.001, wd=0.0",10,layer4_lr3e-05_hd128_wd0.0_cosine,"lr3e-05,wd0.0",-2.177100948218334,0.0005833336296121996
[32],9,"lr=0.001, wd=0.0",10,layer4_lr3e-05_hd128_wd0.01_cosine,"lr3e-05,wd0.01",-2.3868017279952696,9.979079389284742e-05
[32],9,"lr=0.001, wd=0.0",10,layer4_lr0.0001_hd128_wd0.0_cosine,"lr0.0001,wd0.0",-2.5143181897667355,6.158174822014341e-06
[32],9,"lr=0.001, wd=0.0",10,layer4_lr0.0001_hd128_wd0.01_cosine,"lr0.0001,wd0.01",-3.0372465674548748,0.00012855797250843818
[32],9,"lr=0.001, wd=0.0",10,layer4_lr0.0003_hd128_wd0.0_cosine,"lr0.0003,wd0.0",-1.8970750906872926,0.0012228310601130488
[32],9,"lr=0.001, wd=0.0",10,layer4_lr0.0003_hd128_wd0.01_cosine,"lr0.0003,wd0.01",-2.731241599534984,0.00015609858288858052
[32],9,"lr=0.001, wd=0.0",10,layer4_lr0.001_hd128_wd0.0_cosine,"lr0.001,wd0.0",-1.8489449579596784,0.001444182488389997
[32],9,"lr=0.001, wd=0.0",10,layer4_lr0.001_hd128_wd0.01_cosine,"lr0.001,wd0.01",-2.5118559984061557,0.000242539500381517
[32],9,"lr=0.001, wd=0.0",10,layer4_lr0.003_hd128_wd0.0_cosine,"lr0.003,wd0.0",-0.2059153895005683,0.0005663832907507687
[32],9,"lr=0.001, wd=0.0",10,layer4_lr0.003_hd128_wd0.01_cosine,"lr0.003,wd0.01",-2.32101975907898,0.0005561020401671836
[32],9,"lr=0.001, wd=0.0",20,layer4_lr1e-05_hd128_wd0.0_cosine,"lr1e-05,wd0.0",-1.9735849849189817,1.6764957030840711e-06
[32],9,"lr=0.001, wd=0.0",20,layer4_lr1e-05_hd128_wd0.01_cosine,"lr1e-05,wd0.01",-1.9963551855008401,1.5425830984815642e-05
[32],9,"lr=0.001, wd=0.0",20,layer4_lr3e-05_hd128_wd0.0_cosine,"lr3e-05,wd0.0",-2.385005410355913,0.00010953905649712371
[32],9,"lr=0.001, wd=0.0",20,layer4_lr3e-05_hd128_wd0.01_cosine,"lr3e-05,wd0.01",-2.626939718239923,5.7399736200282815e-05
[32],9,"lr=0.001, wd=0.0",20,layer4_lr0.0001_hd128_wd0.0_cosine,"lr0.0001,wd0.0",-2.101957849663441,0.0001681448293483376
[32],9,"lr=0.001, wd=0.0",20,layer4_lr0.0001_hd128_wd0.01_cosine,"lr0.0001,wd0.01",-3.22123724060613,6.747786547428407e-05
[32],9,"lr=0.001, wd=0.0",20,layer4_lr0.0003_hd128_wd0.0_cosine,"lr0.0003,wd0.0",-1.871118699465089,0.001158324194511664
[32],9,"lr=0.001, wd=0.0",20,layer4_lr0.0003_hd128_wd0.01_cosine,"lr0.0003,wd0.01",-2.5106602590625897,0.00016199842720323465
[32],9,"lr=0.001, wd=0.0",20,layer4_lr0.001_hd128_wd0.0_cosine,"lr0.001,wd0.0",-1.843475484669112,0.001466084803904765
[32],9,"lr=0.001, wd=0.0",20,layer4_lr0.001_hd128_wd0.01_cosine,"lr0.001,wd0.01",-1.782981851563875,0.00026918125029836603
[32],9,"lr=0.001, wd=0.0",20,layer4_lr0.003_hd128_wd0.0_cosine,"lr0.003,wd0.0",0.2855323230306386,0.0007204376739813176
[32],9,"lr=0.001, wd=0.0",20,layer4_lr0.003_hd128_wd0.01_cosine,"lr0.003,wd0.01",-1.2763835354658815,0.0009073202275004959
[32],9,"lr=0.001, wd=0.0",50,layer4_lr1e-05_hd128_wd0.0_cosine,"lr1e-05,wd0.0",-3.555958059221123,1.2081470215180801e-05
[32],9,"lr=0.001, wd=0.0",50,layer4_lr1e-05_hd128_wd0.01_cosine,"lr1e-05,wd0.01",-3.712827310868577,1.0211086792852456e-05
[32],9,"lr=0.001, wd=0.0",50,layer4_lr3e-05_hd128_wd0.0_cosine,"lr3e-05,wd0.0",-3.410171366576763,1.2440942043125575e-06
[32],9,"lr=0.001, wd=0.0",50,layer4_lr3e-05_hd128_wd0.01_cosine,"lr3e-05,wd0.01",-3.879400690324771,4.2238957524716544e-08
[32],9,"lr=0.001, wd=0.0",50,layer4_lr0.0001_hd128_wd0.0_cosine,"lr0.0001,wd0.0",-2.4634311818573367,7.400227311796824e-05
[32],9,"lr=0.001, wd=0.0",50,layer4_lr0.0001_hd128_wd0.01_cosine,"lr0.0001,wd0.01",-3.7921800448310403,2.1398161963963753e-05
[32],9,"lr=0.001, wd=0.0",50,layer4_lr0.0003_hd128_wd0.0_cosine,"lr0.0003,wd0.0",-2.1241067574009374,0.00025800574078395757
[32],9,"lr=0.001, wd=0.0",50,layer4_lr0.0003_hd128_wd0.01_cosine,"lr0.0003,wd0.01",-3.4325194392004454,5.953211439890936e-05
[32],9,"lr=0.001, wd=0.0",50,layer4_lr0.001_hd128_wd0.0_cosine,"lr0.001,wd0.0",-2.073664200995684,0.0002050636947142223
[32],9,"lr=0.001, wd=0.0",50,layer4_lr0.001_hd128_wd0.01_cosine,"lr0.001,wd0.01",0.04810986842592069,0.0003522707108725488
[32],9,"lr=0.001, wd=0.0",50,layer4_lr0.003_hd128_wd0.0_cosine,"lr0.003,wd0.0",-0.5070586379860385,0.00038883621096027235
[32],9,"lr=0.001, wd=0.0",50,layer4_lr0.003_hd128_wd0.01_cosine,"lr0.003,wd0.01",2.0410136959211815,0.00078094273831315
[32],9,"lr=0.001, wd=0.0",90,layer4_lr1e-05_hd128_wd0.0_cosine,"lr1e-05,wd0.0",-3.9864366905069963,9.030526553290805e-06
[32],9,"lr=0.001, wd=0.0",90,layer4_lr1e-05_hd128_wd0.01_cosine,"lr1e-05,wd0.01",-4.133712189284727,2.166377165937413e-06
[32],9,"lr=0.001, wd=0.0",90,layer4_lr3e-05_hd128_wd0.0_cosine,"lr3e-05,wd0.0",-4.119679175211132,9.509367380024744e-08
[32],9,"lr=0.001, wd=0.0",90,layer4_lr3e-05_hd128_wd0.01_cosine,"lr3e-05,wd0.01",-4.171678287482568,2.801517314296566e-07
[32],9,"lr=0.001, wd=0.0",90,layer4_lr0.0001_hd128_wd0.0_cosine,"lr0.0001,wd0.0",-3.795189807173349,2.5391077674585513e-06
[32],9,"lr=0.001, wd=0.0",90,layer4_lr0.0001_hd128_wd0.01_cosine,"lr0.0001,wd0.01",-4.139921006886689,2.8656367672666356e-06
[32],9,"lr=0.001, wd=0.0",90,layer4_lr0.0003_hd128_wd0.0_cosine,"lr0.0003,wd0.0",-2.731696754393364,7.221285776521254e-06
[32],9,"lr=0.001, wd=0.0",90,layer4_lr0.0003_hd128_wd0.01_cosine,"lr0.0003,wd0.01",-3.8636728368310416,2.3066858103544895e-05
[32],9,"lr=0.001, wd=0.0",90,layer4_lr0.001_hd128_wd0.0_cosine,"lr0.001,wd0.0",-2.7587136583425487,8.009226678209174e-05
[32],9,"lr=0.001, wd=0.0",90,layer4_lr0.001_hd128_wd0.01_cosine,"lr0.001,wd0.01",-3.6831744743871107,2.8515062305402388e-05
[32],9,"lr=0.001, wd=0.0",90,layer4_lr0.003_hd128_wd0.0_cosine,"lr0.003,wd0.0",-3.1363986826693333,0.00010645858741602715
[32],9,"lr=0.001, wd=0.0",90,layer4_lr0.003_hd128_wd0.01_cosine,"lr0.003,wd0.01",-3.297154204601108,7.376473730935952e-05
[32],10,"lr=0.001, wd=0.01",0,layer4_lr1e-05_hd128_wd0.0_cosine,"lr1e-05,wd0.0",-0.7245342808663586,3.1580032205165244e-05
[32],10,"lr=0.001, wd=0.01",0,layer4_lr1e-05_hd128_wd0.01_cosine,"lr1e-05,wd0.01",-0.7197611117892571,0.00047258501444350035
[32],10,"lr=0.001, wd=0.01",0,layer4_lr3e-05_hd128_wd0.0_cosine,"lr3e-05,wd0.0",-0.7651775270925895,0.00026015357993601235
[32],10,"lr=0.001, wd=0.01",0,layer4_lr3e-05_hd128_wd0.01_cosine,"lr3e-05,wd0.01",-0.7756543343996616,3.270323078674311e-05
[32],10,"lr=0.001, wd=0.01",0,layer4_lr0.0001_hd128_wd0.0_cosine,"lr0.0001,wd0.0",-0.8303750942257394,6.765759912245562e-05
[32],10,"lr=0.001, wd=0.01",0,layer4_lr0.0001_hd128_wd0.01_cosine,"lr0.0001,wd0.01",-0.8536272439824117,3.9116679269834645e-05
[32],10,"lr=0.001, wd=0.01",0,layer4_lr0.0003_hd128_wd0.0_cosine,"lr0.0003,wd0.0",-0.8952179696208913,0.0001299827336752829
[32],10,"lr=0.001, wd=0.01",0,layer4_lr0.0003_hd128_wd0.01_cosine,"lr0.0003,wd0.01",-0.9334902900223735,0.00010238138975601618
[32],10,"lr=0.001, wd=0.01",0,layer4_lr0.001_hd128_wd0.0_cosine,"lr0.001,wd0.0",-0.9375361867510619,0.00035934368673669245
[32],10,"lr=0.001, wd=0.01",0,layer4_lr0.001_hd128_wd0.01_cosine,"lr0.001,wd0.01",-0.9702093848635557,6.634885548804303e-05
[32],10,"lr=0.001, wd=0.01",0,layer4_lr0.003_hd128_wd0.0_cosine,"lr0.003,wd0.0",-0.9311304982615951,0.0002586509782395603
[32],10,"lr=0.001, wd=0.01",0,layer4_lr0.003_hd128_wd0.01_cosine,"lr0.003,wd0.01",-0.9506843153940882,3.7991062832782327e-06
[32],10,"lr=0.001, wd=0.01",5,layer4_lr1e-05_hd128_wd0.0_cosine,"lr1e-05,wd0.0",-1.624950885920833,3.2323693172994775e-05
[32],10,"lr=0.001, wd=0.01",5,layer4_lr1e-05_hd128_wd0.01_cosine,"lr1e-05,wd0.01",-1.6433986072582814,0.00012368303671651644
[32],10,"lr=0.001, wd=0.01",5,layer4_lr3e-05_hd128_wd0.0_cosine,"lr3e-05,wd0.0",-1.7138660239501258,0.00010054457923770663
[32],10,"lr=0.001, wd=0.01",5,layer4_lr3e-05_hd128_wd0.01_cosine,"lr3e-05,wd0.01",-1.8395227534851692,7.910766158330843e-07
[32],10,"lr=0.001, wd=0.01",5,layer4_lr0.0001_hd128_wd0.0_cosine,"lr0.0001,wd0.0",-1.5954104713433213,0.0006506749709258385
[32],10,"lr=0.001, wd=0.01",5,layer4_lr0.0001_hd128_wd0.01_cosine,"lr0.0001,wd0.01",-2.1821222978269277,9.761306753031591e-06
[32],10,"lr=0.001, wd=0.01",5,layer4_lr0.0003_hd128_wd0.0_cosine,"lr0.0003,wd0.0",-1.3003605233505022,0.002720671218050561
[32],10,"lr=0.001, wd=0.01",5,layer4_lr0.0003_hd128_wd0.01_cosine,"lr0.0003,wd0.01",-2.4479232569213916,5.268318649127545e-06
[32],10,"lr=0.001, wd=0.01",5,layer4_lr0.001_hd128_wd0.0_cosine,"lr0.001,wd0.0",-1.247181795100249,0.003801333432340849
[32],10,"lr=0.001, wd=0.01",5,layer4_lr0.001_hd128_wd0.01_cosine,"lr0.001,wd0.01",-2.1985664572349495,2.7234599864430394e-07
[32],10,"lr=0.001, wd=0.01",5,layer4_lr0.003_hd128_wd0.0_cosine,"lr0.003,wd0.0",-1.3262909924056014,0.003423342289838237
[32],10,"lr=0.001, wd=0.01",5,layer4_lr0.003_hd128_wd0.01_cosine,"lr0.003,wd0.01",-2.030748350064352,0.0008210026020366419
[32],10,"lr=0.001, wd=0.01",10,layer4_lr1e-05_hd128_wd0.0_cosine,"lr1e-05,wd0.0",-1.5994470631656281,1.027301401951641e-05
[32],10,"lr=0.001, wd=0.01",10,layer4_lr1e-05_hd128_wd0.01_cosine,"lr1e-05,wd0.01",-1.6655196200151168,1.6555201296555105e-06
[32],10,"lr=0.001, wd=0.01",10,layer4_lr3e-05_hd128_wd0.0_cosine,"lr3e-05,wd0.0",-1.6830383622903824,5.535022842722951e-06
[32],10,"lr=0.001, wd=0.01",10,layer4_lr3e-05_hd128_wd0.01_cosine,"lr3e-05,wd0.01",-1.7874632325677837,0.00010864576832293921
[32],10,"lr=0.001, wd=0.01",10,layer4_lr0.0001_hd128_wd0.0_cosine,"lr0.0001,wd0.0",-1.4118303299858115,0.0011984084918812681
[32],10,"lr=0.001, wd=0.01",10,layer4_lr0.0001_hd128_wd0.01_cosine,"lr0.0001,wd0.01",-2.059452956431029,0.00016535079444705692
[32],10,"lr=0.001, wd=0.01",10,layer4_lr0.0003_hd128_wd0.0_cosine,"lr0.0003,wd0.0",-1.3047276018491638,0.003143874904570939
[32],10,"lr=0.001, wd=0.01",10,layer4_lr0.0003_hd128_wd0.01_cosine,"lr0.0003,wd0.01",-2.554929395844209,3.3737619628464964e-05
[32],10,"lr=0.001, wd=0.01",10,layer4_lr0.001_hd128_wd0.0_cosine,"lr0.001,wd0.0",-1.425126473280719,0.0028210238081425292
[32],10,"lr=0.001, wd=0.01",10,layer4_lr0.001_hd128_wd0.01_cosine,"lr0.001,wd0.01",-3.292084081565488,1.6040855119734325e-05
[32],10,"lr=0.001, wd=0.01",10,layer4_lr0.003_hd128_wd0.0_cosine,"lr0.003,wd0.0",-1.6462359925079646,0.0016669721990795435
[32],10,"lr=0.001, wd=0.01",10,layer4_lr0.003_hd128_wd0.01_cosine,"lr0.003,wd0.01",-2.6877500007164974,0.0002554733902223953
[32],10,"lr=0.001, wd=0.01",20,layer4_lr1e-05_hd128_wd0.0_cosine,"lr1e-05,wd0.0",-1.658552574067667,0.00010986752085006411
[32],10,"lr=0.001, wd=0.01",20,layer4_lr1e-05_hd128_wd0.01_cosine,"lr1e-05,wd0.01",-1.6476506264383526,0.0002657601948417518
[32],10,"lr=0.001, wd=0.01",20,layer4_lr3e-05_hd128_wd0.0_cosine,"lr3e-05,wd0.0",-1.645369268262098,9.70343087965647e-05
[32],10,"lr=0.001, wd=0.01",20,layer4_lr3e-05_hd128_wd0.01_cosine,"lr3e-05,wd0.01",-2.020091319390239,2.8088851309902827e-05
[32],10,"lr=0.001, wd=0.01",20,layer4_lr0.0001_hd128_wd0.0_cosine,"lr0.0001,wd0.0",-1.5171233999301135,0.001114882322152396
[32],10,"lr=0.001, wd=0.01",20,layer4_lr0.0001_hd128_wd0.01_cosine,"lr0.0001,wd0.01",-2.1854965715976076,9.518208034386596e-05
[32],10,"lr=0.001, wd=0.01",20,layer4_lr0.0003_hd128_wd0.0_cosine,"lr0.0003,wd0.0",-1.5800351732510558,0.0022669433070902903
[32],10,"lr=0.001, wd=0.01",20,layer4_lr0.0003_hd128_wd0.01_cosine,"lr0.0003,wd0.01",-2.9348865199629697,6.504791671393122e-06
[32],10,"lr=0.001, wd=0.01",20,layer4_lr0.001_hd128_wd0.0_cosine,"lr0.001,wd0.0",-1.6038407005891357,0.0023043440426012644
[32],10,"lr=0.001, wd=0.01",20,layer4_lr0.001_hd128_wd0.01_cosine,"lr0.001,wd0.01",-3.464278539614692,2.5085551354132354e-05
[32],10,"lr=0.001, wd=0.01",20,layer4_lr0.003_hd128_wd0.0_cosine,"lr0.003,wd0.0",-1.7630106989553351,0.0015438185527656136
[32],10,"lr=0.001, wd=0.01",20,layer4_lr0.003_hd128_wd0.01_cosine,"lr0.003,wd0.01",-1.2713250245904257,0.000519653683096412
[32],10,"lr=0.001, wd=0.01",50,layer4_lr1e-05_hd128_wd0.0_cosine,"lr1e-05,wd0.0",-3.455634169106506,3.693811016237278e-05
[32],10,"lr=0.001, wd=0.01",50,layer4_lr1e-05_hd128_wd0.01_cosine,"lr1e-05,wd0.01",-3.565524520170911,2.8430305151615264e-05
[32],10,"lr=0.001, wd=0.01",50,layer4_lr3e-05_hd128_wd0.0_cosine,"lr3e-05,wd0.0",-3.208016633195393,4.635888553085139e-05
[32],10,"lr=0.001, wd=0.01",50,layer4_lr3e-05_hd128_wd0.01_cosine,"lr3e-05,wd0.01",-3.547270835705363,2.4829136232844232e-05
[32],10,"lr=0.001, wd=0.01",50,layer4_lr0.0001_hd128_wd0.0_cosine,"lr0.0001,wd0.0",-2.244335643615547,0.00020260912000781946
[32],10,"lr=0.001, wd=0.01",50,layer4_lr0.0001_hd128_wd0.01_cosine,"lr0.0001,wd0.01",-3.8589470082550523,1.9904257088764937e-06
[32],10,"lr=0.001, wd=0.01",50,layer4_lr0.0003_hd128_wd0.0_cosine,"lr0.0003,wd0.0",-1.9656493179210301,0.00013800255906903247
[32],10,"lr=0.001, wd=0.01",50,layer4_lr0.0003_hd128_wd0.01_cosine,"lr0.0003,wd0.01",-3.9515192518773326,1.1896009148586813e-07
[32],10,"lr=0.001, wd=0.01",50,layer4_lr0.001_hd128_wd0.0_cosine,"lr0.001,wd0.0",-1.96990468875591,9.188315962700772e-06
[32],10,"lr=0.001, wd=0.01",50,layer4_lr0.001_hd128_wd0.01_cosine,"lr0.001,wd0.01",-2.36683847015474,0.00016103400895796667
[32],10,"lr=0.001, wd=0.01",50,layer4_lr0.003_hd128_wd0.0_cosine,"lr0.003,wd0.0",-2.234592401017136,0.0005526918059215107
[32],10,"lr=0.001, wd=0.01",50,layer4_lr0.003_hd128_wd0.01_cosine,"lr0.003,wd0.01",1.653713789865125,0.0005983623563488181
[32],10,"lr=0.001, wd=0.01",90,layer4_lr1e-05_hd128_wd0.0_cosine,"lr1e-05,wd0.0",-3.8894906925996926,1.915424702463567e-05
[32],10,"lr=0.001, wd=0.01",90,layer4_lr1e-05_hd128_wd0.01_cosine,"lr1e-05,wd0.01",-4.081608721212298,6.769140794585064e-06
[32],10,"lr=0.001, wd=0.01",90,layer4_lr3e-05_hd128_wd0.0_cosine,"lr3e-05,wd0.0",-4.0225897560752,7.281682445480886e-06
[32],10,"lr=0.001, wd=0.01",90,layer4_lr3e-05_hd128_wd0.01_cosine,"lr3e-05,wd0.01",-4.086819424690164,4.708736503979557e-06
[32],10,"lr=0.001, wd=0.01",90,layer4_lr0.0001_hd128_wd0.0_cosine,"lr0.0001,wd0.0",-2.3614918004087793,1.489856272107573e-06
[32],10,"lr=0.001, wd=0.01",90,layer4_lr0.0001_hd128_wd0.01_cosine,"lr0.0001,wd0.01",-4.165262587149395,1.063501519883883e-06
[32],10,"lr=0.001, wd=0.01",90,layer4_lr0.0003_hd128_wd0.0_cosine,"lr0.0003,wd0.0",-2.3864218094100123,1.8293086954650762e-06
[32],10,"lr=0.001, wd=0.01",90,layer4_lr0.0003_hd128_wd0.01_cosine,"lr0.0003,wd0.01",-4.145707602640017,3.021941051292685e-06
[32],10,"lr=0.001, wd=0.01",90,layer4_lr0.001_hd128_wd0.0_cosine,"lr0.001,wd0.0",-2.404636716201883,2.7421931026009997e-05
[32],10,"lr=0.001, wd=0.01",90,layer4_lr0.001_hd128_wd0.01_cosine,"lr0.001,wd0.01",-3.8942484689293,1.4530544848381811e-05
[32],10,"lr=0.001, wd=0.01",90,layer4_lr0.003_hd128_wd0.0_cosine,"lr0.003,wd0.0",-2.332233628806214,9.099373062958572e-06
[32],10,"lr=0.001, wd=0.01",90,layer4_lr0.003_hd128_wd0.01_cosine,"lr0.003,wd0.01",-3.0002702724624584,0.0001165891970441452
[32],11,"lr=0.003, wd=0.0",0,layer4_lr1e-05_hd128_wd0.0_cosine,"lr1e-05,wd0.0",-0.6703772431847186,2.3362584328942486e-05
[32],11,"lr=0.003, wd=0.0",0,layer4_lr1e-05_hd128_wd0.01_cosine,"lr1e-05,wd0.01",-0.6585986347933759,0.00046170833905153264
[32],11,"lr=0.003, wd=0.0",0,layer4_lr3e-05_hd128_wd0.0_cosine,"lr3e-05,wd0.0",-0.7286361068456844,0.0002609376944496792
[32],11,"lr=0.003, wd=0.0",0,layer4_lr3e-05_hd128_wd0.01_cosine,"lr3e-05,wd0.01",-0.7214440370870373,4.283277129269237e-05
[32],11,"lr=0.003, wd=0.0",0,layer4_lr0.0001_hd128_wd0.0_cosine,"lr0.0001,wd0.0",-0.8611914878399063,6.281675206017362e-05
[32],11,"lr=0.003, wd=0.0",0,layer4_lr0.0001_hd128_wd0.01_cosine,"lr0.0001,wd0.01",-0.8459270785301594,2.2576101527429075e-05
[32],11,"lr=0.003, wd=0.0",0,layer4_lr0.0003_hd128_wd0.0_cosine,"lr0.0003,wd0.0",-0.947088691622168,0.00013607050825536332
[32],11,"lr=0.003, wd=0.0",0,layer4_lr0.0003_hd128_wd0.01_cosine,"lr0.0003,wd0.01",-0.9384327310457441,7.26977757181281e-05
[32],11,"lr=0.003, wd=0.0",0,layer4_lr0.001_hd128_wd0.0_cosine,"lr0.001,wd0.0",-1.0120168952952933,0.00036143815114171124
[32],11,"lr=0.003, wd=0.0",0,layer4_lr0.001_hd128_wd0.01_cosine,"lr0.001,wd0.01",-0.9988065155581882,4.736289885102266e-05
[32],11,"lr=0.003, wd=0.0",0,layer4_lr0.003_hd128_wd0.0_cosine,"lr0.003,wd0.0",-1.04604031823051,0.0002509162707086314
[32],11,"lr=0.003, wd=0.0",0,layer4_lr0.003_hd128_wd0.01_cosine,"lr0.003,wd0.01",-1.0178128666364534,1.7383179852073493e-06
[32],11,"lr=0.003, wd=0.0",5,layer4_lr1e-05_hd128_wd0.0_cosine,"lr1e-05,wd0.0",-1.780789179117775,0.000275877265677954
[32],11,"lr=0.003, wd=0.0",5,layer4_lr1e-05_hd128_wd0.01_cosine,"lr1e-05,wd0.01",-1.8010843919492245,2.658980328522392e-08
[32],11,"lr=0.003, wd=0.0",5,layer4_lr3e-05_hd128_wd0.0_cosine,"lr3e-05,wd0.0",-1.906490523869142,0.0007753831490575475
[32],11,"lr=0.003, wd=0.0",5,layer4_lr3e-05_hd128_wd0.01_cosine,"lr3e-05,wd0.01",-2.087387770795377,0.0001941843385500594
[32],11,"lr=0.003, wd=0.0",5,layer4_lr0.0001_hd128_wd0.0_cosine,"lr0.0001,wd0.0",-2.359151969915238,2.4700574584020307e-05
[32],11,"lr=0.003, wd=0.0",5,layer4_lr0.0001_hd128_wd0.01_cosine,"lr0.0001,wd0.01",-2.406197947851958,0.00020177345615405556
[32],11,"lr=0.003, wd=0.0",5,layer4_lr0.0003_hd128_wd0.0_cosine,"lr0.0003,wd0.0",-1.9380196600561408,0.0010853930897667383
[32],11,"lr=0.003, wd=0.0",5,layer4_lr0.0003_hd128_wd0.01_cosine,"lr0.0003,wd0.01",-2.979393711576459,0.00014579652473372174
[32],11,"lr=0.003, wd=0.0",5,layer4_lr0.001_hd128_wd0.0_cosine,"lr0.001,wd0.0",-1.6917538080690504,0.0019599444617020554
[32],11,"lr=0.003, wd=0.0",5,layer4_lr0.001_hd128_wd0.01_cosine,"lr0.001,wd0.01",-2.9358085725231646,0.00015453334226945756
[32],11,"lr=0.003, wd=0.0",5,layer4_lr0.003_hd128_wd0.0_cosine,"lr0.003,wd0.0",-2.0791282741109938,0.0006800388108257288
[32],11,"lr=0.003, wd=0.0",5,layer4_lr0.003_hd128_wd0.01_cosine,"lr0.003,wd0.01",-1.7224542093967425,0.001853011631309491
[32],11,"lr=0.003, wd=0.0",10,layer4_lr1e-05_hd128_wd0.0_cosine,"lr1e-05,wd0.0",-1.8360157985261656,0.00017166159462891732
[32],11,"lr=0.003, wd=0.0",10,layer4_lr1e-05_hd128_wd0.01_cosine,"lr1e-05,wd0.01",-1.9623851396609193,8.932595068351493e-05
[32],11,"lr=0.003, wd=0.0",10,layer4_lr3e-05_hd128_wd0.0_cosine,"lr3e-05,wd0.0",-2.1488270617995378,0.0002811478502253912
[32],11,"lr=0.003, wd=0.0",10,layer4_lr3e-05_hd128_wd0.01_cosine,"lr3e-05,wd0.01",-2.320863567589264,9.075052147378245e-06
[32],11,"lr=0.003, wd=0.0",10,layer4_lr0.0001_hd128_wd0.0_cosine,"lr0.0001,wd0.0",-2.236586900263577,9.473087409786814e-05
[32],11,"lr=0.003, wd=0.0",10,layer4_lr0.0001_hd128_wd0.01_cosine,"lr0.0001,wd0.01",-2.989859515972332,8.311633585086072e-05
[32],11,"lr=0.003, wd=0.0",10,layer4_lr0.0003_hd128_wd0.0_cosine,"lr0.0003,wd0.0",-1.756102986158744,0.0016776640942424352
[32],11,"lr=0.003, wd=0.0",10,layer4_lr0.0003_hd128_wd0.01_cosine,"lr0.0003,wd0.01",-3.0482748740113035,0.00011274645748000225
[32],11,"lr=0.003, wd=0.0",10,layer4_lr0.001_hd128_wd0.0_cosine,"lr0.001,wd0.0",-1.757018273545801,0.0017381523000374638
[32],11,"lr=0.003, wd=0.0",10,layer4_lr0.001_hd128_wd0.01_cosine,"lr0.001,wd0.01",-2.285881970558061,0.00022911662539464104
[32],11,"lr=0.003, wd=0.0",10,layer4_lr0.003_hd128_wd0.0_cosine,"lr0.003,wd0.0",0.43724616970400554,0.000740128536093788
[32],11,"lr=0.003, wd=0.0",10,layer4_lr0.003_hd128_wd0.01_cosine,"lr0.003,wd0.01",-2.0797432685418373,0.0005846252314618418
[32],11,"lr=0.003, wd=0.0",20,layer4_lr1e-05_hd128_wd0.0_cosine,"lr1e-05,wd0.0",-1.903445684231454,1.3015401237567145e-05
[32],11,"lr=0.003, wd=0.0",20,layer4_lr1e-05_hd128_wd0.01_cosine,"lr1e-05,wd0.01",-1.90117633191944,6.762723412747685e-05
[32],11,"lr=0.003, wd=0.0",20,layer4_lr3e-05_hd128_wd0.0_cosine,"lr3e-05,wd0.0",-2.2855574922785857,9.954871043410665e-06
[32],11,"lr=0.003, wd=0.0",20,layer4_lr3e-05_hd128_wd0.01_cosine,"lr3e-05,wd0.01",-2.5300197696305,1.646428302906846e-05
[32],11,"lr=0.003, wd=0.0",20,layer4_lr0.0001_hd128_wd0.0_cosine,"lr0.0001,wd0.0",-1.9521203680726298,0.0003922380789586824
[32],11,"lr=0.003, wd=0.0",20,layer4_lr0.0001_hd128_wd0.01_cosine,"lr0.0001,wd0.01",-3.2325157579742925,2.4714546156798858e-05
[32],11,"lr=0.003, wd=0.0",20,layer4_lr0.0003_hd128_wd0.0_cosine,"lr0.0003,wd0.0",-1.80813388449786,0.001511778765045267
[32],11,"lr=0.003, wd=0.0",20,layer4_lr0.0003_hd128_wd0.01_cosine,"lr0.0003,wd0.01",-2.956924902555441,0.00011638474406761253
[32],11,"lr=0.003, wd=0.0",20,layer4_lr0.001_hd128_wd0.0_cosine,"lr0.001,wd0.0",-1.7317773358551463,0.0017681727181611255
[32],11,"lr=0.003, wd=0.0",20,layer4_lr0.001_hd128_wd0.01_cosine,"lr0.001,wd0.01",-1.6221735479423312,0.00025905707821763515
[32],11,"lr=0.003, wd=0.0",20,layer4_lr0.003_hd128_wd0.0_cosine,"lr0.003,wd0.0",-0.5746104990083687,0.0009039033410886027
[32],11,"lr=0.003, wd=0.0",20,layer4_lr0.003_hd128_wd0.01_cosine,"lr0.003,wd0.01",-0.6840689333306291,0.0008717482082334083
[32],11,"lr=0.003, wd=0.0",50,layer4_lr1e-05_hd128_wd0.0_cosine,"lr1e-05,wd0.0",-3.5962014096366812,1.4094201069512214e-05
[32],11,"lr=0.003, wd=0.0",50,layer4_lr1e-05_hd128_wd0.01_cosine,"lr1e-05,wd0.01",-3.7324122916548066,1.0389372036608726e-05
[32],11,"lr=0.003, wd=0.0",50,layer4_lr3e-05_hd128_wd0.0_cosine,"lr3e-05,wd0.0",-3.5666868668844782,6.935898571899518e-06
[32],11,"lr=0.003, wd=0.0",50,layer4_lr3e-05_hd128_wd0.01_cosine,"lr3e-05,wd0.01",-3.9360159917978383,2.765575689844247e-07
[32],11,"lr=0.003, wd=0.0",50,layer4_lr0.0001_hd128_wd0.0_cosine,"lr0.0001,wd0.0",-2.484691732610469,0.00013445710982057192
[32],11,"lr=0.003, wd=0.0",50,layer4_lr0.0001_hd128_wd0.01_cosine,"lr0.0001,wd0.01",-3.907334544544929,1.4370491172401647e-05
[32],11,"lr=0.003, wd=0.0",50,layer4_lr0.0003_hd128_wd0.0_cosine,"lr0.0003,wd0.0",-2.0556660832127363,0.00010785144617093026
[32],11,"lr=0.003, wd=0.0",50,layer4_lr0.0003_hd128_wd0.01_cosine,"lr0.0003,wd0.01",-3.5900705740544843,4.458478842018928e-05
[32],11,"lr=0.003, wd=0.0",50,layer4_lr0.001_hd128_wd0.0_cosine,"lr0.001,wd0.0",-2.0629298230674995,1.5629826027135807e-06
[32],11,"lr=0.003, wd=0.0",50,layer4_lr0.001_hd128_wd0.01_cosine,"lr0.001,wd0.01",0.4397613140547554,0.0003512076188454405
[32],11,"lr=0.003, wd=0.0",50,layer4_lr0.003_hd128_wd0.0_cosine,"lr0.003,wd0.0",-0.8606271195103625,0.0003928615360370855
[32],11,"lr=0.003, wd=0.0",50,layer4_lr0.003_hd128_wd0.01_cosine,"lr0.003,wd0.01",3.037614412102207,0.0007867868171582407
[32],11,"lr=0.003, wd=0.0",90,layer4_lr1e-05_hd128_wd0.0_cosine,"lr1e-05,wd0.0",-4.007776142354241,7.845251123215803e-06
[32],11,"lr=0.003, wd=0.0",90,layer4_lr1e-05_hd128_wd0.01_cosine,"lr1e-05,wd0.01",-4.139435780216644,1.6840175831269415e-06
[32],11,"lr=0.003, wd=0.0",90,layer4_lr3e-05_hd128_wd0.0_cosine,"lr3e-05,wd0.0",-4.131369588082104,5.039085922357317e-08
[32],11,"lr=0.003, wd=0.0",90,layer4_lr3e-05_hd128_wd0.01_cosine,"lr3e-05,wd0.01",-4.165020339271097,6.819897768784652e-07
[32],11,"lr=0.003, wd=0.0",90,layer4_lr0.0001_hd128_wd0.0_cosine,"lr0.0001,wd0.0",-2.5244236984106725,9.170379684671968e-07
[32],11,"lr=0.003, wd=0.0",90,layer4_lr0.0001_hd128_wd0.01_cosine,"lr0.0001,wd0.01",-4.1264739467012665,4.816534640272185e-06
[32],11,"lr=0.003, wd=0.0",90,layer4_lr0.0003_hd128_wd0.0_cosine,"lr0.0003,wd0.0",-2.5445809360367524,1.3293390437483292e-07
[32],11,"lr=0.003, wd=0.0",90,layer4_lr0.0003_hd128_wd0.01_cosine,"lr0.0003,wd0.01",-3.821064423623488,2.706079372751402e-05
[32],11,"lr=0.003, wd=0.0",90,layer4_lr0.001_hd128_wd0.0_cosine,"lr0.001,wd0.0",-2.592060613434841,4.563678739321795e-05
[32],11,"lr=0.003, wd=0.0",90,layer4_lr0.001_hd128_wd0.01_cosine,"lr0.001,wd0.01",-3.7030093851741857,3.165581400711282e-05
[32],11,"lr=0.003, wd=0.0",90,layer4_lr0.003_hd128_wd0.0_cosine,"lr0.003,wd0.0",-2.5381122629585064,3.2972260309889945e-05
[32],11,"lr=0.003, wd=0.0",90,layer4_lr0.003_hd128_wd0.01_cosine,"lr0.003,wd0.01",-3.241092500758721,8.933830180169994e-05
[32],12,"lr=0.003, wd=0.01",0,layer4_lr1e-05_hd128_wd0.0_cosine,"lr1e-05,wd0.0",-0.7259224921056768,0.000165825915388915
[32],12,"lr=0.003, wd=0.01",0,layer4_lr1e-05_hd128_wd0.01_cosine,"lr1e-05,wd0.01",-0.714569150915054,0.0008553138182879237
[32],12,"lr=0.003, wd=0.01",0,layer4_lr3e-05_hd128_wd0.0_cosine,"lr3e-05,wd0.0",-0.7683981667029992,8.55554627122831e-05
[32],12,"lr=0.003, wd=0.01",0,layer4_lr3e-05_hd128_wd0.01_cosine,"lr3e-05,wd0.01",-0.7679173251435599,0.00016695381018607682
[32],12,"lr=0.003, wd=0.01",0,layer4_lr0.0001_hd128_wd0.0_cosine,"lr0.0001,wd0.0",-0.8185292706163875,5.310203791225293e-06
[32],12,"lr=0.003, wd=0.01",0,layer4_lr0.0001_hd128_wd0.01_cosine,"lr0.0001,wd0.01",-0.8265458546947735,3.889258749772407e-09
[32],12,"lr=0.003, wd=0.01",0,layer4_lr0.0003_hd128_wd0.0_cosine,"lr0.0003,wd0.0",-0.869652369038127,0.0002615333004667999
[32],12,"lr=0.003, wd=0.01",0,layer4_lr0.0003_hd128_wd0.01_cosine,"lr0.0003,wd0.01",-0.8930554533910205,2.8161323576415554e-05
[32],12,"lr=0.003, wd=0.01",0,layer4_lr0.001_hd128_wd0.0_cosine,"lr0.001,wd0.0",-0.9300649944934359,0.000490934541893545
[32],12,"lr=0.003, wd=0.01",0,layer4_lr0.001_hd128_wd0.01_cosine,"lr0.001,wd0.01",-0.9799083165146443,2.882335519938262e-05
[32],12,"lr=0.003, wd=0.01",0,layer4_lr0.003_hd128_wd0.0_cosine,"lr0.003,wd0.0",-0.9814329687486169,0.0003206353439322109
[32],12,"lr=0.003, wd=0.01",0,layer4_lr0.003_hd128_wd0.01_cosine,"lr0.003,wd0.01",-1.0207528211282006,2.425673933921811e-07
[32],12,"lr=0.003, wd=0.01",5,layer4_lr1e-05_hd128_wd0.0_cosine,"lr1e-05,wd0.0",-1.4151937629079283,0.0002627008430349992
[32],12,"lr=0.003, wd=0.01",5,layer4_lr1e-05_hd128_wd0.01_cosine,"lr1e-05,wd0.01",-1.407311964087639,0.0009620925021283165
[32],12,"lr=0.003, wd=0.01",5,layer4_lr3e-05_hd128_wd0.0_cosine,"lr3e-05,wd0.0",-1.367287275494537,0.0003680522070341602
[32],12,"lr=0.003, wd=0.01",5,layer4_lr3e-05_hd128_wd0.01_cosine,"lr3e-05,wd0.01",-1.50619276087964,0.0005529011032618224
[32],12,"lr=0.003, wd=0.01",5,layer4_lr0.0001_hd128_wd0.0_cosine,"lr0.0001,wd0.0",-1.1971100424901686,0.0027093184879764514
[32],12,"lr=0.003, wd=0.01",5,layer4_lr0.0001_hd128_wd0.01_cosine,"lr0.0001,wd0.01",-1.54994180555766,0.000961559988678995
[32],12,"lr=0.003, wd=0.01",5,layer4_lr0.0003_hd128_wd0.0_cosine,"lr0.0003,wd0.0",-1.0385485660580298,0.00531481796517641
[32],12,"lr=0.003, wd=0.01",5,layer4_lr0.0003_hd128_wd0.01_cosine,"lr0.0003,wd0.01",-1.6099555334936673,0.000615927183998996
[32],12,"lr=0.003, wd=0.01",5,layer4_lr0.001_hd128_wd0.0_cosine,"lr0.001,wd0.0",-1.0115214112813598,0.006347500680991521
[32],12,"lr=0.003, wd=0.01",5,layer4_lr0.001_hd128_wd0.01_cosine,"lr0.001,wd0.01",-1.5948585476810533,0.0013436989613320666
[32],12,"lr=0.003, wd=0.01",5,layer4_lr0.003_hd128_wd0.0_cosine,"lr0.003,wd0.0",-1.0375669087415813,0.006573425908590932
[32],12,"lr=0.003, wd=0.01",5,layer4_lr0.003_hd128_wd0.01_cosine,"lr0.003,wd0.01",-1.8486702439607394,0.00013568834112563657
[32],12,"lr=0.003, wd=0.01",10,layer4_lr1e-05_hd128_wd0.0_cosine,"lr1e-05,wd0.0",-1.36426226494619,0.00026640810159299605
[32],12,"lr=0.003, wd=0.01",10,layer4_lr1e-05_hd128_wd0.01_cosine,"lr1e-05,wd0.01",-1.4129496677034672,0.00037492117554286807
[32],12,"lr=0.003, wd=0.01",10,layer4_lr3e-05_hd128_wd0.0_cosine,"lr3e-05,wd0.0",-1.2424509166789675,0.000986147360940732
[32],12,"lr=0.003, wd=0.01",10,layer4_lr3e-05_hd128_wd0.01_cosine,"lr3e-05,wd0.01",-1.3407359899967062,0.001473774272262211
[32],12,"lr=0.003, wd=0.01",10,layer4_lr0.0001_hd128_wd0.0_cosine,"lr0.0001,wd0.0",-1.129337960716265,0.0032325599543795783
[32],12,"lr=0.003, wd=0.01",10,layer4_lr0.0001_hd128_wd0.01_cosine,"lr0.0001,wd0.01",-1.4158413945717638,0.0015634214342051852
[32],12,"lr=0.003, wd=0.01",10,layer4_lr0.0003_hd128_wd0.0_cosine,"lr0.0003,wd0.0",-1.0983841717450598,0.005306981852610099
[32],12,"lr=0.003, wd=0.01",10,layer4_lr0.0003_hd128_wd0.01_cosine,"lr0.0003,wd0.01",-1.6013728109837995,0.0007646672617554625
[32],12,"lr=0.003, wd=0.01",10,layer4_lr0.001_hd128_wd0.0_cosine,"lr0.001,wd0.0",-1.200258619500509,0.004240499398236976
[32],12,"lr=0.003, wd=0.01",10,layer4_lr0.001_hd128_wd0.01_cosine,"lr0.001,wd0.01",-1.9722761195879708,0.0003197506499441383
[32],12,"lr=0.003, wd=0.01",10,layer4_lr0.003_hd128_wd0.0_cosine,"lr0.003,wd0.0",-1.310773771287166,0.0029533657370755632
[32],12,"lr=0.003, wd=0.01",10,layer4_lr0.003_hd128_wd0.01_cosine,"lr0.003,wd0.01",-2.3654455662986043,1.0854292091380749e-05
[32],12,"lr=0.003, wd=0.01",20,layer4_lr1e-05_hd128_wd0.0_cosine,"lr1e-05,wd0.0",-1.5094590543496154,0.0004147148483411467
[32],12,"lr=0.003, wd=0.01",20,layer4_lr1e-05_hd128_wd0.01_cosine,"lr1e-05,wd0.01",-1.5078247750154732,0.0007122617605710605
[32],12,"lr=0.003, wd=0.01",20,layer4_lr3e-05_hd128_wd0.0_cosine,"lr3e-05,wd0.0",-1.3237486474346196,0.0007037257650183236
[32],12,"lr=0.003, wd=0.01",20,layer4_lr3e-05_hd128_wd0.01_cosine,"lr3e-05,wd0.01",-1.4902591680735195,0.00048685542820564
[32],12,"lr=0.003, wd=0.01",20,layer4_lr0.0001_hd128_wd0.0_cosine,"lr0.0001,wd0.0",-1.3123609778561447,0.0020887297921053476
[32],12,"lr=0.003, wd=0.01",20,layer4_lr0.0001_hd128_wd0.01_cosine,"lr0.0001,wd0.01",-1.531788159872406,0.0006355023024002871
[32],12,"lr=0.003, wd=0.01",20,layer4_lr0.0003_hd128_wd0.0_cosine,"lr0.0003,wd0.0",-1.3760141512720587,0.003050430922691409
[32],12,"lr=0.003, wd=0.01",20,layer4_lr0.0003_hd128_wd0.01_cosine,"lr0.0003,wd0.01",-1.7028989954579035,0.0003227139277233092
[32],12,"lr=0.003, wd=0.01",20,layer4_lr0.001_hd128_wd0.0_cosine,"lr0.001,wd0.0",-1.46206456182518,0.0028373131357914963
[32],12,"lr=0.003, wd=0.01",20,layer4_lr0.001_hd128_wd0.01_cosine,"lr0.001,wd0.01",-2.0701995791482255,0.00019765737733137227
[32],12,"lr=0.003, wd=0.01",20,layer4_lr0.003_hd128_wd0.0_cosine,"lr0.003,wd0.0",-1.489432537517387,0.002161658069987884
[32],12,"lr=0.003, wd=0.01",20,layer4_lr0.003_hd128_wd0.01_cosine,"lr0.003,wd0.01",-2.6765349045701914,0.00011362396781214532
[32],12,"lr=0.003, wd=0.01",50,layer4_lr1e-05_hd128_wd0.0_cosine,"lr1e-05,wd0.0",-2.5070561120079256,4.8854012573950755e-05
[32],12,"lr=0.003, wd=0.01",50,layer4_lr1e-05_hd128_wd0.01_cosine,"lr1e-05,wd0.01",-2.4244180643492306,3.831962457177576e-05
[32],12,"lr=0.003, wd=0.01",50,layer4_lr3e-05_hd128_wd0.0_cosine,"lr3e-05,wd0.0",-2.3928980606278634,9.88920246691657e-05
[32],12,"lr=0.003, wd=0.01",50,layer4_lr3e-05_hd128_wd0.01_cosine,"lr3e-05,wd0.01",-2.338771320768859,8.561342816220776e-05
[32],12,"lr=0.003, wd=0.01",50,layer4_lr0.0001_hd128_wd0.0_cosine,"lr0.0001,wd0.0",-2.1192728010776953,0.0002444840045844283
[32],12,"lr=0.003, wd=0.01",50,layer4_lr0.0001_hd128_wd0.01_cosine,"lr0.0001,wd0.01",-2.5681748829048163,1.8469336830030822e-05
[32],12,"lr=0.003, wd=0.01",50,layer4_lr0.0003_hd128_wd0.0_cosine,"lr0.0003,wd0.0",-1.9990898908545198,0.00015479575320266582
[32],12,"lr=0.003, wd=0.01",50,layer4_lr0.0003_hd128_wd0.01_cosine,"lr0.0003,wd0.01",-3.2850964060996892,1.207877904654671e-05
[32],12,"lr=0.003, wd=0.01",50,layer4_lr0.001_hd128_wd0.0_cosine,"lr0.001,wd0.0",-2.0204372369446437,1.932539246429702e-05
[32],12,"lr=0.003, wd=0.01",50,layer4_lr0.001_hd128_wd0.01_cosine,"lr0.001,wd0.01",-3.306840928205967,5.544676700254182e-05
[32],12,"lr=0.003, wd=0.01",50,layer4_lr0.003_hd128_wd0.0_cosine,"lr0.003,wd0.0",-2.152332809860037,0.000559900870933598
[32],12,"lr=0.003, wd=0.01",50,layer4_lr0.003_hd128_wd0.01_cosine,"lr0.003,wd0.01",-2.4343982378484412,0.0002640522500137793
[32],12,"lr=0.003, wd=0.01",90,layer4_lr1e-05_hd128_wd0.0_cosine,"lr1e-05,wd0.0",-3.88782939008349,1.503536639332987e-05
[32],12,"lr=0.003, wd=0.01",90,layer4_lr1e-05_hd128_wd0.01_cosine,"lr1e-05,wd0.01",-4.029168747972053,5.388099384549405e-06
[32],12,"lr=0.003, wd=0.01",90,layer4_lr3e-05_hd128_wd0.0_cosine,"lr3e-05,wd0.0",-3.96968414109055,8.08502460690182e-06
[32],12,"lr=0.003, wd=0.01",90,layer4_lr3e-05_hd128_wd0.01_cosine,"lr3e-05,wd0.01",-3.989074757067477,6.0687603208184145e-06
[32],12,"lr=0.003, wd=0.01",90,layer4_lr0.0001_hd128_wd0.0_cosine,"lr0.0001,wd0.0",-2.3913250138327173,8.73056982052107e-07
[32],12,"lr=0.003, wd=0.01",90,layer4_lr0.0001_hd128_wd0.01_cosine,"lr0.0001,wd0.01",-4.081515528284281,3.942930919938606e-06
[32],12,"lr=0.003, wd=0.01",90,layer4_lr0.0003_hd128_wd0.0_cosine,"lr0.0003,wd0.0",-2.445815779483258,3.29707864139856e-07
[32],12,"lr=0.003, wd=0.01",90,layer4_lr0.0003_hd128_wd0.01_cosine,"lr0.0003,wd0.01",-4.131051473683793,5.323078341898629e-07
[32],12,"lr=0.003, wd=0.01",90,layer4_lr0.001_hd128_wd0.0_cosine,"lr0.001,wd0.0",-2.4592187776624272,3.190210947346965e-05
[32],12,"lr=0.003, wd=0.01",90,layer4_lr0.001_hd128_wd0.01_cosine,"lr0.001,wd0.01",-3.840994396560371,6.653292471230988e-08
[32],12,"lr=0.003, wd=0.01",90,layer4_lr0.003_hd128_wd0.0_cosine,"lr0.003,wd0.0",-2.3844710763106787,1.4341339846902417e-05
[32],12,"lr=0.003, wd=0.01",90,layer4_lr0.003_hd128_wd0.01_cosine,"lr0.003,wd0.01",-3.431254205460854,5.865276827321395e-05
[64],1,"lr=1e-05, wd=0.0",0,layer4_lr1e-05_hd128_wd0.0_cosine,"lr1e-05,wd0.0",-2.3162184338152736,0.0002363207435536582
[64],1,"lr=1e-05, wd=0.0",0,layer4_lr1e-05_hd128_wd0.01_cosine,"lr1e-05,wd0.01",-3.109093785338389,2.2656400275732313e-07
[64],1,"lr=1e-05, wd=0.0",0,layer4_lr3e-05_hd128_wd0.0_cosine,"lr3e-05,wd0.0",-1.7542137652441783,0.0011643137377317647
[64],1,"lr=1e-05, wd=0.0",0,layer4_lr3e-05_hd128_wd0.01_cosine,"lr3e-05,wd0.01",-2.1807964459065006,0.00015317533186278608
[64],1,"lr=1e-05, wd=0.0",0,layer4_lr0.0001_hd128_wd0.0_cosine,"lr0.0001,wd0.0",-1.3530707640508806,0.0005974710989302936
[64],1,"lr=1e-05, wd=0.0",0,layer4_lr0.0001_hd128_wd0.01_cosine,"lr0.0001,wd0.01",-1.329988984482701,0.0004956163101787764
[64],1,"lr=1e-05, wd=0.0",0,layer4_lr0.0003_hd128_wd0.0_cosine,"lr0.0003,wd0.0",-1.1487599895041205,1.4178273425931053e-05
[64],1,"lr=1e-05, wd=0.0",0,layer4_lr0.0003_hd128_wd0.01_cosine,"lr0.0003,wd0.01",-1.1539549302981247,0.0006179646906419767
[64],1,"lr=1e-05, wd=0.0",0,layer4_lr0.001_hd128_wd0.0_cosine,"lr0.001,wd0.0",-1.0748605131453666,2.0778184672758253e-05
[64],1,"lr=1e-05, wd=0.0",0,layer4_lr0.001_hd128_wd0.01_cosine,"lr0.001,wd0.01",-1.082414942953711,0.00048311655114363335
[64],1,"lr=1e-05, wd=0.0",0,layer4_lr0.003_hd128_wd0.0_cosine,"lr0.003,wd0.0",-1.0328240424066695,3.180306239679176e-06
[64],1,"lr=1e-05, wd=0.0",0,layer4_lr0.003_hd128_wd0.01_cosine,"lr0.003,wd0.01",-1.0380800802179933,0.00024630274126658956
[64],1,"lr=1e-05, wd=0.0",5,layer4_lr1e-05_hd128_wd0.0_cosine,"lr1e-05,wd0.0",-2.8443156860850607,0.00019654117619189931
[64],1,"lr=1e-05, wd=0.0",5,layer4_lr1e-05_hd128_wd0.01_cosine,"lr1e-05,wd0.01",-3.1525287459207165,4.127193033857888e-06
[64],1,"lr=1e-05, wd=0.0",5,layer4_lr3e-05_hd128_wd0.0_cosine,"lr3e-05,wd0.0",-1.745094404825105,0.000575258323920508
[64],1,"lr=1e-05, wd=0.0",5,layer4_lr3e-05_hd128_wd0.01_cosine,"lr3e-05,wd0.01",-1.8054492726600373,4.550367024890638e-05
[64],1,"lr=1e-05, wd=0.0",5,layer4_lr0.0001_hd128_wd0.0_cosine,"lr0.0001,wd0.0",-1.6881544085614966,0.0003852913532529794
[64],1,"lr=1e-05, wd=0.0",5,layer4_lr0.0001_hd128_wd0.01_cosine,"lr0.0001,wd0.01",-1.8023908042723626,7.486754101305429e-06
[64],1,"lr=1e-05, wd=0.0",5,layer4_lr0.0003_hd128_wd0.0_cosine,"lr0.0003,wd0.0",-1.266792079538625,0.0035102265992929256
[64],1,"lr=1e-05, wd=0.0",5,layer4_lr0.0003_hd128_wd0.01_cosine,"lr0.0003,wd0.01",-1.4211671362441072,0.00010958968348121689
[64],1,"lr=1e-05, wd=0.0",5,layer4_lr0.001_hd128_wd0.0_cosine,"lr0.001,wd0.0",-0.9937660802299797,0.006526751653000401
[64],1,"lr=1e-05, wd=0.0",5,layer4_lr0.001_hd128_wd0.01_cosine,"lr0.001,wd0.01",-1.0660333351142541,0.0015718715100021372
[64],1,"lr=1e-05, wd=0.0",5,layer4_lr0.003_hd128_wd0.0_cosine,"lr0.003,wd0.0",-0.9012854547323788,0.006922943032827227
[64],1,"lr=1e-05, wd=0.0",5,layer4_lr0.003_hd128_wd0.01_cosine,"lr0.003,wd0.01",-1.2308422961695618,0.000737892362121112
[64],1,"lr=1e-05, wd=0.0",10,layer4_lr1e-05_hd128_wd0.0_cosine,"lr1e-05,wd0.0",-2.973856935570393,0.0001520112513528743
[64],1,"lr=1e-05, wd=0.0",10,layer4_lr1e-05_hd128_wd0.01_cosine,"lr1e-05,wd0.01",-3.4923261391698195,9.131582182859466e-06
[64],1,"lr=1e-05, wd=0.0",10,layer4_lr3e-05_hd128_wd0.0_cosine,"lr3e-05,wd0.0",-2.2302049784239446,0.00013761334739954893
[64],1,"lr=1e-05, wd=0.0",10,layer4_lr3e-05_hd128_wd0.01_cosine,"lr3e-05,wd0.01",-2.3739789866001555,1.082032974904216e-05
[64],1,"lr=1e-05, wd=0.0",10,layer4_lr0.0001_hd128_wd0.0_cosine,"lr0.0001,wd0.0",-1.9227374481173556,0.000682654275522626
[64],1,"lr=1e-05, wd=0.0",10,layer4_lr0.0001_hd128_wd0.01_cosine,"lr0.0001,wd0.01",-2.106796182206276,0.00010127186542646436
[64],1,"lr=1e-05, wd=0.0",10,layer4_lr0.0003_hd128_wd0.0_cosine,"lr0.0003,wd0.0",-1.3636114354037727,0.0036468003156779473
[64],1,"lr=1e-05, wd=0.0",10,layer4_lr0.0003_hd128_wd0.01_cosine,"lr0.0003,wd0.01",-1.6922026558325776,0.00014796780233802158
[64],1,"lr=1e-05, wd=0.0",10,layer4_lr0.001_hd128_wd0.0_cosine,"lr0.001,wd0.0",-1.2997725033089291,0.0037998746284226568
[64],1,"lr=1e-05, wd=0.0",10,layer4_lr0.001_hd128_wd0.01_cosine,"lr0.001,wd0.01",-1.6037904691591054,4.579918005495923e-06
[64],1,"lr=1e-05, wd=0.0",10,layer4_lr0.003_hd128_wd0.0_cosine,"lr0.003,wd0.0",-1.3576648596506278,0.0021717376952815003
[64],1,"lr=1e-05, wd=0.0",10,layer4_lr0.003_hd128_wd0.01_cosine,"lr0.003,wd0.01",-1.2822476207473836,5.4792320452001096e-05
[64],1,"lr=1e-05, wd=0.0",20,layer4_lr1e-05_hd128_wd0.0_cosine,"lr1e-05,wd0.0",-3.1788761066084725,0.0001004844627976506
[64],1,"lr=1e-05, wd=0.0",20,layer4_lr1e-05_hd128_wd0.01_cosine,"lr1e-05,wd0.01",-3.8210339310303616,3.8409925391496465e-06
[64],1,"lr=1e-05, wd=0.0",20,layer4_lr3e-05_hd128_wd0.0_cosine,"lr3e-05,wd0.0",-2.6822777801755557,3.363171261363196e-05
[64],1,"lr=1e-05, wd=0.0",20,layer4_lr3e-05_hd128_wd0.01_cosine,"lr3e-05,wd0.01",-3.0084757496578063,9.548885285331472e-07
[64],1,"lr=1e-05, wd=0.0",20,layer4_lr0.0001_hd128_wd0.0_cosine,"lr0.0001,wd0.0",-2.020136902132345,0.000894765900989756
[64],1,"lr=1e-05, wd=0.0",20,layer4_lr0.0001_hd128_wd0.01_cosine,"lr0.0001,wd0.01",-2.5169472561547,4.332160299872177e-05
[64],1,"lr=1e-05, wd=0.0",20,layer4_lr0.0003_hd128_wd0.0_cosine,"lr0.0003,wd0.0",-1.5180830433336252,0.0028111899115132455
[64],1,"lr=1e-05, wd=0.0",20,layer4_lr0.0003_hd128_wd0.01_cosine,"lr0.0003,wd0.01",-2.020989232949956,3.6637690919159526e-05
[64],1,"lr=1e-05, wd=0.0",20,layer4_lr0.001_hd128_wd0.0_cosine,"lr0.001,wd0.0",-1.4802980261088556,0.0030072684820525108
[64],1,"lr=1e-05, wd=0.0",20,layer4_lr0.001_hd128_wd0.01_cosine,"lr0.001,wd0.01",-1.6241972213323261,3.28182590522333e-05
[64],1,"lr=1e-05, wd=0.0",20,layer4_lr0.003_hd128_wd0.0_cosine,"lr0.003,wd0.0",-1.5983079208081277,0.0019808555398848314
[64],1,"lr=1e-05, wd=0.0",20,layer4_lr0.003_hd128_wd0.01_cosine,"lr0.003,wd0.01",-1.842954471906582,0.0007858391390134239
[64],1,"lr=1e-05, wd=0.0",50,layer4_lr1e-05_hd128_wd0.0_cosine,"lr1e-05,wd0.0",-3.7109147677349124,2.875432551503956e-05
[64],1,"lr=1e-05, wd=0.0",50,layer4_lr1e-05_hd128_wd0.01_cosine,"lr1e-05,wd0.01",-4.149000727356922,1.5536052848475898e-06
[64],1,"lr=1e-05, wd=0.0",50,layer4_lr3e-05_hd128_wd0.0_cosine,"lr3e-05,wd0.0",-3.8459492731655183,7.892468291098787e-06
[64],1,"lr=1e-05, wd=0.0",50,layer4_lr3e-05_hd128_wd0.01_cosine,"lr3e-05,wd0.01",-4.01954749421547,1.78546399657778e-06
[64],1,"lr=1e-05, wd=0.0",50,layer4_lr0.0001_hd128_wd0.0_cosine,"lr0.0001,wd0.0",-2.192461731506901,0.00027787319128624275
[64],1,"lr=1e-05, wd=0.0",50,layer4_lr0.0001_hd128_wd0.01_cosine,"lr0.0001,wd0.01",-3.9629526781839997,1.9590996509595183e-06
[64],1,"lr=1e-05, wd=0.0",50,layer4_lr0.0003_hd128_wd0.0_cosine,"lr0.0003,wd0.0",-1.7341021358083857,0.0002649295627716491
[64],1,"lr=1e-05, wd=0.0",50,layer4_lr0.0003_hd128_wd0.01_cosine,"lr0.0003,wd0.01",-3.853537930501687,1.1147522508901135e-07
[64],1,"lr=1e-05, wd=0.0",50,layer4_lr0.001_hd128_wd0.0_cosine,"lr0.001,wd0.0",-1.703845924688208,9.054972312768196e-05
[64],1,"lr=1e-05, wd=0.0",50,layer4_lr0.001_hd128_wd0.01_cosine,"lr0.001,wd0.01",-2.4066609775416437,0.00020472070992879924
[64],1,"lr=1e-05, wd=0.0",50,layer4_lr0.003_hd128_wd0.0_cosine,"lr0.003,wd0.0",-2.17816667868238,0.0005799307720757092
[64],1,"lr=1e-05, wd=0.0",50,layer4_lr0.003_hd128_wd0.01_cosine,"lr0.003,wd0.01",-2.168415344101761,0.0007229010319773312
[64],1,"lr=1e-05, wd=0.0",90,layer4_lr1e-05_hd128_wd0.0_cosine,"lr1e-05,wd0.0",-4.015621053462728,7.759551732393786e-06
[64],1,"lr=1e-05, wd=0.0",90,layer4_lr1e-05_hd128_wd0.01_cosine,"lr1e-05,wd0.01",-4.208643766791178,1.471491121247897e-07
[64],1,"lr=1e-05, wd=0.0",90,layer4_lr3e-05_hd128_wd0.0_cosine,"lr3e-05,wd0.0",-3.998860864507654,1.0007133117984678e-05
[64],1,"lr=1e-05, wd=0.0",90,layer4_lr3e-05_hd128_wd0.01_cosine,"lr3e-05,wd0.01",-4.1099120727131195,1.9291619142705928e-07
[64],1,"lr=1e-05, wd=0.0",90,layer4_lr0.0001_hd128_wd0.0_cosine,"lr0.0001,wd0.0",-2.3981414260272937,6.083411276908348e-06
[64],1,"lr=1e-05, wd=0.0",90,layer4_lr0.0001_hd128_wd0.01_cosine,"lr0.0001,wd0.01",-4.118956972692888,1.7779503459970668e-06
[64],1,"lr=1e-05, wd=0.0",90,layer4_lr0.0003_hd128_wd0.0_cosine,"lr0.0003,wd0.0",-2.498168431009187,2.3454321650039034e-05
[64],1,"lr=1e-05, wd=0.0",90,layer4_lr0.0003_hd128_wd0.01_cosine,"lr0.0003,wd0.01",-4.125009404097951,2.2081283472216716e-06
[64],1,"lr=1e-05, wd=0.0",90,layer4_lr0.001_hd128_wd0.0_cosine,"lr0.001,wd0.0",-2.4206598880255035,0.00012415180261633084
[64],1,"lr=1e-05, wd=0.0",90,layer4_lr0.001_hd128_wd0.01_cosine,"lr0.001,wd0.01",-3.8648291051569967,1.0623622672088549e-05
[64],1,"lr=1e-05, wd=0.0",90,layer4_lr0.003_hd128_wd0.0_cosine,"lr0.003,wd0.0",-2.275270876831378,8.554872184870191e-05
[64],1,"lr=1e-05, wd=0.0",90,layer4_lr0.003_hd128_wd0.01_cosine,"lr0.003,wd0.01",-3.0323389289293172,0.00012698367322510557
[64],2,"lr=1e-05, wd=0.01",0,layer4_lr1e-05_hd128_wd0.0_cosine,"lr1e-05,wd0.0",-1.760212931196755,0.0006866344588628039
[64],2,"lr=1e-05, wd=0.01",0,layer4_lr1e-05_hd128_wd0.01_cosine,"lr1e-05,wd0.01",-3.163933300290921,0.00010310571973208725
[64],2,"lr=1e-05, wd=0.01",0,layer4_lr3e-05_hd128_wd0.0_cosine,"lr3e-05,wd0.0",-1.6868986980216771,0.0019966664940582793
[64],2,"lr=1e-05, wd=0.01",0,layer4_lr3e-05_hd128_wd0.01_cosine,"lr3e-05,wd0.01",-2.3646079459951777,0.0005110294261947438
[64],2,"lr=1e-05, wd=0.01",0,layer4_lr0.0001_hd128_wd0.0_cosine,"lr0.0001,wd0.0",-1.1979604900994216,0.0011880045369194751
[64],2,"lr=1e-05, wd=0.01",0,layer4_lr0.0001_hd128_wd0.01_cosine,"lr0.0001,wd0.01",-1.2774908173506296,0.0010372582041215633
[64],2,"lr=1e-05, wd=0.01",0,layer4_lr0.0003_hd128_wd0.0_cosine,"lr0.0003,wd0.0",-1.0934973212875263,0.00018703306388015214
[64],2,"lr=1e-05, wd=0.01",0,layer4_lr0.0003_hd128_wd0.01_cosine,"lr0.0003,wd0.01",-1.0895310592431673,0.0012173443125907785
[64],2,"lr=1e-05, wd=0.01",0,layer4_lr0.001_hd128_wd0.0_cosine,"lr0.001,wd0.0",-1.0470499212825635,2.9531994515093174e-05
[64],2,"lr=1e-05, wd=0.01",0,layer4_lr0.001_hd128_wd0.01_cosine,"lr0.001,wd0.01",-1.0378798719236948,0.0010380096775796184
[64],2,"lr=1e-05, wd=0.01",0,layer4_lr0.003_hd128_wd0.0_cosine,"lr0.003,wd0.0",-1.0153612936647685,6.953573336098726e-05
[64],2,"lr=1e-05, wd=0.01",0,layer4_lr0.003_hd128_wd0.01_cosine,"lr0.003,wd0.01",-1.0118769796433427,0.0006778922999926195
[64],2,"lr=1e-05, wd=0.01",5,layer4_lr1e-05_hd128_wd0.0_cosine,"lr1e-05,wd0.0",-1.7666702470699922,0.0005669417957098128
[64],2,"lr=1e-05, wd=0.01",5,layer4_lr1e-05_hd128_wd0.01_cosine,"lr1e-05,wd0.01",-3.111085682177721,7.940617046431851e-05
[64],2,"lr=1e-05, wd=0.01",5,layer4_lr3e-05_hd128_wd0.0_cosine,"lr3e-05,wd0.0",-1.764876792697957,0.0003333305273237286
[64],2,"lr=1e-05, wd=0.01",5,layer4_lr3e-05_hd128_wd0.01_cosine,"lr3e-05,wd0.01",-1.8334612336519338,0.00018835400182888826
[64],2,"lr=1e-05, wd=0.01",5,layer4_lr0.0001_hd128_wd0.0_cosine,"lr0.0001,wd0.0",-1.551013554717098,0.00033147643092136677
[64],2,"lr=1e-05, wd=0.01",5,layer4_lr0.0001_hd128_wd0.01_cosine,"lr0.0001,wd0.01",-1.8768197010873182,1.0571902754460334e-06
[64],2,"lr=1e-05, wd=0.01",5,layer4_lr0.0003_hd128_wd0.0_cosine,"lr0.0003,wd0.0",-1.2662268275429105,0.003076132858508245
[64],2,"lr=1e-05, wd=0.01",5,layer4_lr0.0003_hd128_wd0.01_cosine,"lr0.0003,wd0.01",-1.4510143453713962,2.9914097559539703e-05
[64],2,"lr=1e-05, wd=0.01",5,layer4_lr0.001_hd128_wd0.0_cosine,"lr0.001,wd0.0",-1.0075104183757129,0.005760360298204323
[64],2,"lr=1e-05, wd=0.01",5,layer4_lr0.001_hd128_wd0.01_cosine,"lr0.001,wd0.01",-1.0645768440878376,0.0011120052727673216
[64],2,"lr=1e-05, wd=0.01",5,layer4_lr0.003_hd128_wd0.0_cosine,"lr0.003,wd0.0",-0.9128518131120558,0.006069534877189925
[64],2,"lr=1e-05, wd=0.01",5,layer4_lr0.003_hd128_wd0.01_cosine,"lr0.003,wd0.01",-1.2585428457194787,0.0009157051611883236
[64],2,"lr=1e-05, wd=0.01",10,layer4_lr1e-05_hd128_wd0.0_cosine,"lr1e-05,wd0.0",-2.2921051436287314,0.00045730242378742706
[64],2,"lr=1e-05, wd=0.01",10,layer4_lr1e-05_hd128_wd0.01_cosine,"lr1e-05,wd0.01",-3.327565799319971,5.490044705089998e-05
[64],2,"lr=1e-05, wd=0.01",10,layer4_lr3e-05_hd128_wd0.0_cosine,"lr3e-05,wd0.0",-2.3274135202822492,0.00015586305690252006
[64],2,"lr=1e-05, wd=0.01",10,layer4_lr3e-05_hd128_wd0.01_cosine,"lr3e-05,wd0.01",-2.3306870036997163,3.665559770052401e-06
[64],2,"lr=1e-05, wd=0.01",10,layer4_lr0.0001_hd128_wd0.0_cosine,"lr0.0001,wd0.0",-1.8311316841349907,0.0006267234201325742
[64],2,"lr=1e-05, wd=0.01",10,layer4_lr0.0001_hd128_wd0.01_cosine,"lr0.0001,wd0.01",-2.17859886300914,3.4431327936917004e-05
[64],2,"lr=1e-05, wd=0.01",10,layer4_lr0.0003_hd128_wd0.0_cosine,"lr0.0003,wd0.0",-1.3392760012268676,0.003471474552754692
[64],2,"lr=1e-05, wd=0.01",10,layer4_lr0.0003_hd128_wd0.01_cosine,"lr0.0003,wd0.01",-1.6860128792858826,6.68064568747058e-05
[64],2,"lr=1e-05, wd=0.01",10,layer4_lr0.001_hd128_wd0.0_cosine,"lr0.001,wd0.0",-1.289860496793002,0.0036919865491732667
[64],2,"lr=1e-05, wd=0.01",10,layer4_lr0.001_hd128_wd0.01_cosine,"lr0.001,wd0.01",-1.565784160997539,1.5771995779430638e-05
[64],2,"lr=1e-05, wd=0.01",10,layer4_lr0.003_hd128_wd0.0_cosine,"lr0.003,wd0.0",-1.3468035639894285,0.002005008294964041
[64],2,"lr=1e-05, wd=0.01",10,layer4_lr0.003_hd128_wd0.01_cosine,"lr0.003,wd0.01",-1.2727174413423965,1.1222043833858356e-05
[64],2,"lr=1e-05, wd=0.01",20,layer4_lr1e-05_hd128_wd0.0_cosine,"lr1e-05,wd0.0",-2.5098886508220732,0.00024265569030788357
[64],2,"lr=1e-05, wd=0.01",20,layer4_lr1e-05_hd128_wd0.01_cosine,"lr1e-05,wd0.01",-3.579224337253407,2.856188087950229e-05
[64],2,"lr=1e-05, wd=0.01",20,layer4_lr3e-05_hd128_wd0.0_cosine,"lr3e-05,wd0.0",-2.5113853986883377,2.742341324193496e-05
[64],2,"lr=1e-05, wd=0.01",20,layer4_lr3e-05_hd128_wd0.01_cosine,"lr3e-05,wd0.01",-3.2372835547921706,5.3633151721281675e-06
[64],2,"lr=1e-05, wd=0.01",20,layer4_lr0.0001_hd128_wd0.0_cosine,"lr0.0001,wd0.0",-1.9252071093600984,0.0009410001827261596
[64],2,"lr=1e-05, wd=0.01",20,layer4_lr0.0001_hd128_wd0.01_cosine,"lr0.0001,wd0.01",-2.5309791938811963,2.0745846619809498e-05
[64],2,"lr=1e-05, wd=0.01",20,layer4_lr0.0003_hd128_wd0.0_cosine,"lr0.0003,wd0.0",-1.5261009542927972,0.0027547772622030487
[64],2,"lr=1e-05, wd=0.01",20,layer4_lr0.0003_hd128_wd0.01_cosine,"lr0.0003,wd0.01",-1.9293449652615247,2.0755475634484842e-05
[64],2,"lr=1e-05, wd=0.01",20,layer4_lr0.001_hd128_wd0.0_cosine,"lr0.001,wd0.0",-1.485494604987623,0.002962836591015624
[64],2,"lr=1e-05, wd=0.01",20,layer4_lr0.001_hd128_wd0.01_cosine,"lr0.001,wd0.01",-1.5439739031111201,1.627951489680064e-05
[64],2,"lr=1e-05, wd=0.01",20,layer4_lr0.003_hd128_wd0.0_cosine,"lr0.003,wd0.0",-1.577047648382276,0.0019216351956463803
[64],2,"lr=1e-05, wd=0.01",20,layer4_lr0.003_hd128_wd0.01_cosine,"lr0.003,wd0.01",-1.8416545968275788,0.0008064670162811782
[64],2,"lr=1e-05, wd=0.01",50,layer4_lr1e-05_hd128_wd0.0_cosine,"lr1e-05,wd0.0",-3.4512517794657986,3.398952309510759e-05
[64],2,"lr=1e-05, wd=0.01",50,layer4_lr1e-05_hd128_wd0.01_cosine,"lr1e-05,wd0.01",-3.9853032959046386,6.038500146339955e-06
[64],2,"lr=1e-05, wd=0.01",50,layer4_lr3e-05_hd128_wd0.0_cosine,"lr3e-05,wd0.0",-3.6887368840786614,1.4680497749650567e-05
[64],2,"lr=1e-05, wd=0.01",50,layer4_lr3e-05_hd128_wd0.01_cosine,"lr3e-05,wd0.01",-4.058749616906919,1.0395914195445179e-07
[64],2,"lr=1e-05, wd=0.01",50,layer4_lr0.0001_hd128_wd0.0_cosine,"lr0.0001,wd0.0",-2.1889612500814146,0.0002680876757307071
[64],2,"lr=1e-05, wd=0.01",50,layer4_lr0.0001_hd128_wd0.01_cosine,"lr0.0001,wd0.01",-3.999144819769177,1.154433488366467e-06
[64],2,"lr=1e-05, wd=0.01",50,layer4_lr0.0003_hd128_wd0.0_cosine,"lr0.0003,wd0.0",-1.7372482364244966,0.0002947161685039494
[64],2,"lr=1e-05, wd=0.01",50,layer4_lr0.0003_hd128_wd0.01_cosine,"lr0.0003,wd0.01",-3.8621672192373073,1.8852414717965694e-07
[64],2,"lr=1e-05, wd=0.01",50,layer4_lr0.001_hd128_wd0.0_cosine,"lr0.001,wd0.0",-1.7022583780028409,0.00012527606100401996
[64],2,"lr=1e-05, wd=0.01",50,layer4_lr0.001_hd128_wd0.01_cosine,"lr0.001,wd0.01",-2.4437399419616845,0.00021033445910484603
[64],2,"lr=1e-05, wd=0.01",50,layer4_lr0.003_hd128_wd0.0_cosine,"lr0.003,wd0.0",-2.2252818651167496,0.0005757641854834392
[64],2,"lr=1e-05, wd=0.01",50,layer4_lr0.003_hd128_wd0.01_cosine,"lr0.003,wd0.01",-2.1723141008884763,0.0007274337990973858
[64],2,"lr=1e-05, wd=0.01",90,layer4_lr1e-05_hd128_wd0.0_cosine,"lr1e-05,wd0.0",-4.056106424559519,8.487481199771319e-07
[64],2,"lr=1e-05, wd=0.01",90,layer4_lr1e-05_hd128_wd0.01_cosine,"lr1e-05,wd0.01",-4.119082628871897,4.372803966974384e-06
[64],2,"lr=1e-05, wd=0.01",90,layer4_lr3e-05_hd128_wd0.0_cosine,"lr3e-05,wd0.0",-3.9589566588352634,1.2776613696236481e-05
[64],2,"lr=1e-05, wd=0.01",90,layer4_lr3e-05_hd128_wd0.01_cosine,"lr3e-05,wd0.01",-4.140421212499629,3.1094774207425263e-07
[64],2,"lr=1e-05, wd=0.01",90,layer4_lr0.0001_hd128_wd0.0_cosine,"lr0.0001,wd0.0",-2.3976380344123123,6.6283090166729095e-06
[64],2,"lr=1e-05, wd=0.01",90,layer4_lr0.0001_hd128_wd0.01_cosine,"lr0.0001,wd0.01",-4.130232024483186,1.919176592951808e-06
[64],2,"lr=1e-05, wd=0.01",90,layer4_lr0.0003_hd128_wd0.0_cosine,"lr0.0003,wd0.0",-2.486962849110663,2.5133638925630676e-05
[64],2,"lr=1e-05, wd=0.01",90,layer4_lr0.0003_hd128_wd0.01_cosine,"lr0.0003,wd0.01",-4.139835967545228,1.9175013982470584e-06
[64],2,"lr=1e-05, wd=0.01",90,layer4_lr0.001_hd128_wd0.0_cosine,"lr0.001,wd0.0",-2.4186709386705685,0.0001257434911664741
[64],2,"lr=1e-05, wd=0.01",90,layer4_lr0.001_hd128_wd0.01_cosine,"lr0.001,wd0.01",-3.884666825146641,4.856697699746616e-06
[64],2,"lr=1e-05, wd=0.01",90,layer4_lr0.003_hd128_wd0.0_cosine,"lr0.003,wd0.0",-2.301762962026394,9.031139176964688e-05
[64],2,"lr=1e-05, wd=0.01",90,layer4_lr0.003_hd128_wd0.01_cosine,"lr0.003,wd0.01",-3.209674403348508,9.523007459378054e-05
[64],3,"lr=3e-05, wd=0.0",0,layer4_lr1e-05_hd128_wd0.0_cosine,"lr1e-05,wd0.0",-2.7994745882558605,2.723587301128418e-05
[64],3,"lr=3e-05, wd=0.0",0,layer4_lr1e-05_hd128_wd0.01_cosine,"lr1e-05,wd0.01",-1.9896804609670313,0.00044907302962068614
[64],3,"lr=3e-05, wd=0.0",0,layer4_lr3e-05_hd128_wd0.0_cosine,"lr3e-05,wd0.0",-2.8460665616813943,0.00016164100922132267
[64],3,"lr=3e-05, wd=0.0",0,layer4_lr3e-05_hd128_wd0.01_cosine,"lr3e-05,wd0.01",-2.448089359787107,8.28157073472121e-05
[64],3,"lr=3e-05, wd=0.0",0,layer4_lr0.0001_hd128_wd0.0_cosine,"lr0.0001,wd0.0",-2.2955989025206263,4.279935857976844e-06
[64],3,"lr=3e-05, wd=0.0",0,layer4_lr0.0001_hd128_wd0.01_cosine,"lr0.0001,wd0.01",-1.9589472714327507,4.074885988627012e-08
[64],3,"lr=3e-05, wd=0.0",0,layer4_lr0.0003_hd128_wd0.0_cosine,"lr0.0003,wd0.0",-1.2722804379158756,0.00035824965660681497
[64],3,"lr=3e-05, wd=0.0",0,layer4_lr0.0003_hd128_wd0.01_cosine,"lr0.0003,wd0.01",-1.2405836980735334,4.493733629435937e-06
[64],3,"lr=3e-05, wd=0.0",0,layer4_lr0.001_hd128_wd0.0_cosine,"lr0.001,wd0.0",-1.00993258895859,0.0007451695745022091
[64],3,"lr=3e-05, wd=0.0",0,layer4_lr0.001_hd128_wd0.01_cosine,"lr0.001,wd0.01",-1.0363648236910146,3.864824344265004e-07
[64],3,"lr=3e-05, wd=0.0",0,layer4_lr0.003_hd128_wd0.0_cosine,"lr0.003,wd0.0",-0.946746068654945,0.000608270255319745
[64],3,"lr=3e-05, wd=0.0",0,layer4_lr0.003_hd128_wd0.01_cosine,"lr0.003,wd0.01",-0.9661350117335309,4.897331687463423e-05
[64],3,"lr=3e-05, wd=0.0",5,layer4_lr1e-05_hd128_wd0.0_cosine,"lr1e-05,wd0.0",-2.6190930945454283,5.3609922454982546e-08
[64],3,"lr=3e-05, wd=0.0",5,layer4_lr1e-05_hd128_wd0.01_cosine,"lr1e-05,wd0.01",-2.4602195068418458,0.0001216294118875047
[64],3,"lr=3e-05, wd=0.0",5,layer4_lr3e-05_hd128_wd0.0_cosine,"lr3e-05,wd0.0",-3.1091332292494567,0.0001165189240573161
[64],3,"lr=3e-05, wd=0.0",5,layer4_lr3e-05_hd128_wd0.01_cosine,"lr3e-05,wd0.01",-3.1280167887599486,0.00011193385409326948
[64],3,"lr=3e-05, wd=0.0",5,layer4_lr0.0001_hd128_wd0.0_cosine,"lr0.0001,wd0.0",-1.7177964014311566,1.9541401183717955e-05
[64],3,"lr=3e-05, wd=0.0",5,layer4_lr0.0001_hd128_wd0.01_cosine,"lr0.0001,wd0.01",-1.8198000437019066,2.7792045674582704e-06
[64],3,"lr=3e-05, wd=0.0",5,layer4_lr0.0003_hd128_wd0.0_cosine,"lr0.0003,wd0.0",-1.5825045259501227,0.002469514477670459
[64],3,"lr=3e-05, wd=0.0",5,layer4_lr0.0003_hd128_wd0.01_cosine,"lr0.0003,wd0.01",-1.8052321876667239,5.396921050465742e-08
[64],3,"lr=3e-05, wd=0.0",5,layer4_lr0.001_hd128_wd0.0_cosine,"lr0.001,wd0.0",-1.1840837283410506,0.004757530216529418
[64],3,"lr=3e-05, wd=0.0",5,layer4_lr0.001_hd128_wd0.01_cosine,"lr0.001,wd0.01",-1.2837060269095277,0.00038482754246199434
[64],3,"lr=3e-05, wd=0.0",5,layer4_lr0.003_hd128_wd0.0_cosine,"lr0.003,wd0.0",-1.0723591532415502,0.004799968050305623
[64],3,"lr=3e-05, wd=0.0",5,layer4_lr0.003_hd128_wd0.01_cosine,"lr0.003,wd0.01",-1.2457770914476576,0.0005777738665511755
[64],3,"lr=3e-05, wd=0.0",10,layer4_lr1e-05_hd128_wd0.0_cosine,"lr1e-05,wd0.0",-3.636206073328976,1.1626172954980326e-05
[64],3,"lr=3e-05, wd=0.0",10,layer4_lr1e-05_hd128_wd0.01_cosine,"lr1e-05,wd0.01",-3.5697039944653435,1.3978972491572686e-07
[64],3,"lr=3e-05, wd=0.0",10,layer4_lr3e-05_hd128_wd0.0_cosine,"lr3e-05,wd0.0",-3.2048980492519434,9.582066837975508e-05
[64],3,"lr=3e-05, wd=0.0",10,layer4_lr3e-05_hd128_wd0.01_cosine,"lr3e-05,wd0.01",-3.040784071019379,0.0001160010019184468
[64],3,"lr=3e-05, wd=0.0",10,layer4_lr0.0001_hd128_wd0.0_cosine,"lr0.0001,wd0.0",-2.0003926188450105,0.00022636829419139245
[64],3,"lr=3e-05, wd=0.0",10,layer4_lr0.0001_hd128_wd0.01_cosine,"lr0.0001,wd0.01",-2.2955067567068417,8.622301424151438e-06
[64],3,"lr=3e-05, wd=0.0",10,layer4_lr0.0003_hd128_wd0.0_cosine,"lr0.0003,wd0.0",-1.4927901394982719,0.0027688824917672427
[64],3,"lr=3e-05, wd=0.0",10,layer4_lr0.0003_hd128_wd0.01_cosine,"lr0.0003,wd0.01",-2.0995029360977817,1.7141951582787896e-05
[64],3,"lr=3e-05, wd=0.0",10,layer4_lr0.001_hd128_wd0.0_cosine,"lr0.001,wd0.0",-1.4575036325438702,0.003172433783054263
[64],3,"lr=3e-05, wd=0.0",10,layer4_lr0.001_hd128_wd0.01_cosine,"lr0.001,wd0.01",-1.579979628741864,2.9707152988015375e-05
[64],3,"lr=3e-05, wd=0.0",10,layer4_lr0.003_hd128_wd0.0_cosine,"lr0.003,wd0.0",-1.5971933099941027,0.001691666399264373
[64],3,"lr=3e-05, wd=0.0",10,layer4_lr0.003_hd128_wd0.01_cosine,"lr0.003,wd0.01",-1.2477439406013089,2.359712566564814e-05
[64],3,"lr=3e-05, wd=0.0",20,layer4_lr1e-05_hd128_wd0.0_cosine,"lr1e-05,wd0.0",-3.701705012880556,3.259876532763437e-05
[64],3,"lr=3e-05, wd=0.0",20,layer4_lr1e-05_hd128_wd0.01_cosine,"lr1e-05,wd0.01",-3.953762460914669,1.2184295012627376e-07
[64],3,"lr=3e-05, wd=0.0",20,layer4_lr3e-05_hd128_wd0.0_cosine,"lr3e-05,wd0.0",-3.4447595356958978,5.811571633890375e-05
[64],3,"lr=3e-05, wd=0.0",20,layer4_lr3e-05_hd128_wd0.01_cosine,"lr3e-05,wd0.01",-3.319855946719928,7.064044426690788e-05
[64],3,"lr=3e-05, wd=0.0",20,layer4_lr0.0001_hd128_wd0.0_cosine,"lr0.0001,wd0.0",-1.9943947185352215,0.0005314013061281828
[64],3,"lr=3e-05, wd=0.0",20,layer4_lr0.0001_hd128_wd0.01_cosine,"lr0.0001,wd0.01",-2.9532891269617614,7.841669757400319e-06
[64],3,"lr=3e-05, wd=0.0",20,layer4_lr0.0003_hd128_wd0.0_cosine,"lr0.0003,wd0.0",-1.4988668639928164,0.0023841828228910963
[64],3,"lr=3e-05, wd=0.0",20,layer4_lr0.0003_hd128_wd0.01_cosine,"lr0.0003,wd0.01",-2.3181195789100935,1.6930323234898321e-06
[64],3,"lr=3e-05, wd=0.0",20,layer4_lr0.001_hd128_wd0.0_cosine,"lr0.001,wd0.0",-1.535691468352424,0.002637807830626005
[64],3,"lr=3e-05, wd=0.0",20,layer4_lr0.001_hd128_wd0.01_cosine,"lr0.001,wd0.01",-1.742602800620304,1.364787152275729e-07
[64],3,"lr=3e-05, wd=0.0",20,layer4_lr0.003_hd128_wd0.0_cosine,"lr0.003,wd0.0",-1.7400590180152093,0.0016560948973915212
[64],3,"lr=3e-05, wd=0.0",20,layer4_lr0.003_hd128_wd0.01_cosine,"lr0.003,wd0.01",-1.5006756543645514,0.0010836528897941182
[64],3,"lr=3e-05, wd=0.0",50,layer4_lr1e-05_hd128_wd0.0_cosine,"lr1e-05,wd0.0",-4.186056331238987,2.470557763306153e-07
[64],3,"lr=3e-05, wd=0.0",50,layer4_lr1e-05_hd128_wd0.01_cosine,"lr1e-05,wd0.01",-4.0872490610099845,6.895179235239602e-06
[64],3,"lr=3e-05, wd=0.0",50,layer4_lr3e-05_hd128_wd0.0_cosine,"lr3e-05,wd0.0",-3.8557477887912057,2.2480409687871662e-06
[64],3,"lr=3e-05, wd=0.0",50,layer4_lr3e-05_hd128_wd0.01_cosine,"lr3e-05,wd0.01",-4.000635532121023,1.232089440238494e-05
[64],3,"lr=3e-05, wd=0.0",50,layer4_lr0.0001_hd128_wd0.0_cosine,"lr0.0001,wd0.0",-2.3664717865813705,0.00027848855845366896
[64],3,"lr=3e-05, wd=0.0",50,layer4_lr0.0001_hd128_wd0.01_cosine,"lr0.0001,wd0.01",-4.0381086893524785,7.485567869093232e-08
[64],3,"lr=3e-05, wd=0.0",50,layer4_lr0.0003_hd128_wd0.0_cosine,"lr0.0003,wd0.0",-1.8981336775998299,4.973622130241987e-05
[64],3,"lr=3e-05, wd=0.0",50,layer4_lr0.0003_hd128_wd0.01_cosine,"lr0.0003,wd0.01",-3.961552285202715,4.703857616601992e-06
[64],3,"lr=3e-05, wd=0.0",50,layer4_lr0.001_hd128_wd0.0_cosine,"lr0.001,wd0.0",-1.7138931912142492,0.0003673627145603988
[64],3,"lr=3e-05, wd=0.0",50,layer4_lr0.001_hd128_wd0.01_cosine,"lr0.001,wd0.01",-2.4520077904393744,0.00023995194195668878
[64],3,"lr=3e-05, wd=0.0",50,layer4_lr0.003_hd128_wd0.0_cosine,"lr0.003,wd0.0",-2.1851420375846065,0.0005089542977678834
[64],3,"lr=3e-05, wd=0.0",50,layer4_lr0.003_hd128_wd0.01_cosine,"lr0.003,wd0.01",0.1434136258832357,0.0008265642433829622
[64],3,"lr=3e-05, wd=0.0",90,layer4_lr1e-05_hd128_wd0.0_cosine,"lr1e-05,wd0.0",-4.179996457418898,1.4527273604868856e-06
[64],3,"lr=3e-05, wd=0.0",90,layer4_lr1e-05_hd128_wd0.01_cosine,"lr1e-05,wd0.01",-4.166992497001207,3.686740736087014e-06
[64],3,"lr=3e-05, wd=0.0",90,layer4_lr3e-05_hd128_wd0.0_cosine,"lr3e-05,wd0.0",-4.097655286700286,8.131542868513064e-07
[64],3,"lr=3e-05, wd=0.0",90,layer4_lr3e-05_hd128_wd0.01_cosine,"lr3e-05,wd0.01",-4.098344447466167,6.06244805065423e-06
[64],3,"lr=3e-05, wd=0.0",90,layer4_lr0.0001_hd128_wd0.0_cosine,"lr0.0001,wd0.0",-2.295782696543232,1.5108096080419109e-06
[64],3,"lr=3e-05, wd=0.0",90,layer4_lr0.0001_hd128_wd0.01_cosine,"lr0.0001,wd0.01",-4.135848425541063,1.9374332416856673e-07
[64],3,"lr=3e-05, wd=0.0",90,layer4_lr0.0003_hd128_wd0.0_cosine,"lr0.0003,wd0.0",-2.480867656354658,5.474987622007342e-06
[64],3,"lr=3e-05, wd=0.0",90,layer4_lr0.0003_hd128_wd0.01_cosine,"lr0.0003,wd0.01",-4.054236200551226,6.631002530126421e-06
[64],3,"lr=3e-05, wd=0.0",90,layer4_lr0.001_hd128_wd0.0_cosine,"lr0.001,wd0.0",-2.4346208202331256,9.063595555587317e-05
[64],3,"lr=3e-05, wd=0.0",90,layer4_lr0.001_hd128_wd0.01_cosine,"lr0.001,wd0.01",-3.6697124670777415,3.651156212702356e-05
[64],3,"lr=3e-05, wd=0.0",90,layer4_lr0.003_hd128_wd0.0_cosine,"lr0.003,wd0.0",-2.1698960409511163,2.1495303044084262e-05
[64],3,"lr=3e-05, wd=0.0",90,layer4_lr0.003_hd128_wd0.01_cosine,"lr0.003,wd0.01",-2.554982391592076,0.00018697879288826226
[64],4,"lr=3e-05, wd=0.01",0,layer4_lr1e-05_hd128_wd0.0_cosine,"lr1e-05,wd0.0",-1.569845218694972,0.000142939053945668
[64],4,"lr=3e-05, wd=0.01",0,layer4_lr1e-05_hd128_wd0.01_cosine,"lr1e-05,wd0.01",-2.3021094157303628,1.5670729207783723e-05
[64],4,"lr=3e-05, wd=0.01",0,layer4_lr3e-05_hd128_wd0.0_cosine,"lr3e-05,wd0.0",-2.04124711868293,0.0009080947373534445
[64],4,"lr=3e-05, wd=0.01",0,layer4_lr3e-05_hd128_wd0.01_cosine,"lr3e-05,wd0.01",-3.3119222320761588,6.21316151485753e-05
[64],4,"lr=3e-05, wd=0.01",0,layer4_lr0.0001_hd128_wd0.0_cosine,"lr0.0001,wd0.0",-1.4717926807566915,0.0003751785207141582
[64],4,"lr=3e-05, wd=0.01",0,layer4_lr0.0001_hd128_wd0.01_cosine,"lr0.0001,wd0.01",-2.080597543413259,0.0002842413732512078
[64],4,"lr=3e-05, wd=0.01",0,layer4_lr0.0003_hd128_wd0.0_cosine,"lr0.0003,wd0.0",-1.0795146353905543,4.03921011578611e-06
[64],4,"lr=3e-05, wd=0.01",0,layer4_lr0.0003_hd128_wd0.01_cosine,"lr0.0003,wd0.01",-1.1170923303709455,0.0003716249469113784
[64],4,"lr=3e-05, wd=0.01",0,layer4_lr0.001_hd128_wd0.0_cosine,"lr0.001,wd0.0",-0.9576180864452143,0.00011468176875261966
[64],4,"lr=3e-05, wd=0.01",0,layer4_lr0.001_hd128_wd0.01_cosine,"lr0.001,wd0.01",-0.9725249795900941,0.0002692291704202803
[64],4,"lr=3e-05, wd=0.01",0,layer4_lr0.003_hd128_wd0.0_cosine,"lr0.003,wd0.0",-0.9033540642868655,6.818619924378163e-05
[64],4,"lr=3e-05, wd=0.01",0,layer4_lr0.003_hd128_wd0.01_cosine,"lr0.003,wd0.01",-0.9166312893797967,9.680585116078403e-05
[64],4,"lr=3e-05, wd=0.01",5,layer4_lr1e-05_hd128_wd0.0_cosine,"lr1e-05,wd0.0",-2.321881030070884,0.0002751283397022047
[64],4,"lr=3e-05, wd=0.01",5,layer4_lr1e-05_hd128_wd0.01_cosine,"lr1e-05,wd0.01",-2.419455986518107,3.830256083906715e-06
[64],4,"lr=3e-05, wd=0.01",5,layer4_lr3e-05_hd128_wd0.0_cosine,"lr3e-05,wd0.0",-1.9950303648926593,0.0007229343571569756
[64],4,"lr=3e-05, wd=0.01",5,layer4_lr3e-05_hd128_wd0.01_cosine,"lr3e-05,wd0.01",-3.3748649017704553,4.2027265735344715e-05
[64],4,"lr=3e-05, wd=0.01",5,layer4_lr0.0001_hd128_wd0.0_cosine,"lr0.0001,wd0.0",-1.6235059736631956,7.828634653650808e-08
[64],4,"lr=3e-05, wd=0.01",5,layer4_lr0.0001_hd128_wd0.01_cosine,"lr0.0001,wd0.01",-1.755259212464113,0.00016639570889886486
[64],4,"lr=3e-05, wd=0.01",5,layer4_lr0.0003_hd128_wd0.0_cosine,"lr0.0003,wd0.0",-1.668416540859468,0.0018214344034826395
[64],4,"lr=3e-05, wd=0.01",5,layer4_lr0.0003_hd128_wd0.01_cosine,"lr0.0003,wd0.01",-2.1162670814912703,5.501980264897526e-05
[64],4,"lr=3e-05, wd=0.01",5,layer4_lr0.001_hd128_wd0.0_cosine,"lr0.001,wd0.0",-1.2028425113688515,0.00365529997416686
[64],4,"lr=3e-05, wd=0.01",5,layer4_lr0.001_hd128_wd0.01_cosine,"lr0.001,wd0.01",-1.3229389549801722,9.43862719019965e-05
[64],4,"lr=3e-05, wd=0.01",5,layer4_lr0.003_hd128_wd0.0_cosine,"lr0.003,wd0.0",-1.0826238720584143,0.0036009999426936863
[64],4,"lr=3e-05, wd=0.01",5,layer4_lr0.003_hd128_wd0.01_cosine,"lr0.003,wd0.01",-1.2389841855465842,0.0008447099040955155
[64],4,"lr=3e-05, wd=0.01",10,layer4_lr1e-05_hd128_wd0.0_cosine,"lr1e-05,wd0.0",-2.2344518496425847,0.00027900659041503814
[64],4,"lr=3e-05, wd=0.01",10,layer4_lr1e-05_hd128_wd0.01_cosine,"lr1e-05,wd0.01",-3.604102254174623,2.4406579644175743e-05
[64],4,"lr=3e-05, wd=0.01",10,layer4_lr3e-05_hd128_wd0.0_cosine,"lr3e-05,wd0.0",-2.2870910173713663,0.0005431531603595814
[64],4,"lr=3e-05, wd=0.01",10,layer4_lr3e-05_hd128_wd0.01_cosine,"lr3e-05,wd0.01",-3.5813823235630515,2.877287115410579e-05
[64],4,"lr=3e-05, wd=0.01",10,layer4_lr0.0001_hd128_wd0.0_cosine,"lr0.0001,wd0.0",-1.9304937899223715,0.0001813151694964068
[64],4,"lr=3e-05, wd=0.01",10,layer4_lr0.0001_hd128_wd0.01_cosine,"lr0.0001,wd0.01",-2.1786605064289386,4.73754553658398e-05
[64],4,"lr=3e-05, wd=0.01",10,layer4_lr0.0003_hd128_wd0.0_cosine,"lr0.0003,wd0.0",-1.6207529520827653,0.0022268548487240835
[64],4,"lr=3e-05, wd=0.01",10,layer4_lr0.0003_hd128_wd0.01_cosine,"lr0.0003,wd0.01",-2.2586096697867295,4.069110496996272e-06
[64],4,"lr=3e-05, wd=0.01",10,layer4_lr0.001_hd128_wd0.0_cosine,"lr0.001,wd0.0",-1.5132284859162766,0.002760016714904252
[64],4,"lr=3e-05, wd=0.01",10,layer4_lr0.001_hd128_wd0.01_cosine,"lr0.001,wd0.01",-1.7628597780444781,0.00011268688172602987
[64],4,"lr=3e-05, wd=0.01",10,layer4_lr0.003_hd128_wd0.0_cosine,"lr0.003,wd0.0",-1.6671427750981453,0.0013353361702727667
[64],4,"lr=3e-05, wd=0.01",10,layer4_lr0.003_hd128_wd0.01_cosine,"lr0.003,wd0.01",-1.280443816354991,7.842392599687761e-05
[64],4,"lr=3e-05, wd=0.01",20,layer4_lr1e-05_hd128_wd0.0_cosine,"lr1e-05,wd0.0",-2.3242171589322824,0.00018338254625664612
[64],4,"lr=3e-05, wd=0.01",20,layer4_lr1e-05_hd128_wd0.01_cosine,"lr1e-05,wd0.01",-3.7561507093683697,2.9287462513521297e-05
[64],4,"lr=3e-05, wd=0.01",20,layer4_lr3e-05_hd128_wd0.0_cosine,"lr3e-05,wd0.0",-2.2081038720551143,0.0001965007345950429
[64],4,"lr=3e-05, wd=0.01",20,layer4_lr3e-05_hd128_wd0.01_cosine,"lr3e-05,wd0.01",-3.770183424374412,1.4584025951022345e-05
[64],4,"lr=3e-05, wd=0.01",20,layer4_lr0.0001_hd128_wd0.0_cosine,"lr0.0001,wd0.0",-1.9470780755466182,0.0004464623199008085
[64],4,"lr=3e-05, wd=0.01",20,layer4_lr0.0001_hd128_wd0.01_cosine,"lr0.0001,wd0.01",-2.4507972140367524,7.026029283532775e-06
[64],4,"lr=3e-05, wd=0.01",20,layer4_lr0.0003_hd128_wd0.0_cosine,"lr0.0003,wd0.0",-1.6561475509437782,0.00212437658554896
[64],4,"lr=3e-05, wd=0.01",20,layer4_lr0.0003_hd128_wd0.01_cosine,"lr0.0003,wd0.01",-2.5272605724666457,8.240818254306975e-06
[64],4,"lr=3e-05, wd=0.01",20,layer4_lr0.001_hd128_wd0.0_cosine,"lr0.001,wd0.0",-1.5759833139269892,0.00249507128903653
[64],4,"lr=3e-05, wd=0.01",20,layer4_lr0.001_hd128_wd0.01_cosine,"lr0.001,wd0.01",-1.988841208689424,2.0039736034538272e-05
[64],4,"lr=3e-05, wd=0.01",20,layer4_lr0.003_hd128_wd0.0_cosine,"lr0.003,wd0.0",-1.7289876345249342,0.0015197070100619956
[64],4,"lr=3e-05, wd=0.01",20,layer4_lr0.003_hd128_wd0.01_cosine,"lr0.003,wd0.01",-1.792666926994956,0.0011255359972873313
[64],4,"lr=3e-05, wd=0.01",50,layer4_lr1e-05_hd128_wd0.0_cosine,"lr1e-05,wd0.0",-3.880961496918574,1.6845688598946407e-05
[64],4,"lr=3e-05, wd=0.01",50,layer4_lr1e-05_hd128_wd0.01_cosine,"lr1e-05,wd0.01",-4.209481138508189,4.1754520558852564e-08
[64],4,"lr=3e-05, wd=0.01",50,layer4_lr3e-05_hd128_wd0.0_cosine,"lr3e-05,wd0.0",-2.460135372757801,9.554277780121581e-06
[64],4,"lr=3e-05, wd=0.01",50,layer4_lr3e-05_hd128_wd0.01_cosine,"lr3e-05,wd0.01",-4.055502526771353,2.1572330959360965e-06
[64],4,"lr=3e-05, wd=0.01",50,layer4_lr0.0001_hd128_wd0.0_cosine,"lr0.0001,wd0.0",-2.3496393424629973,0.00024244630602771286
[64],4,"lr=3e-05, wd=0.01",50,layer4_lr0.0001_hd128_wd0.01_cosine,"lr0.0001,wd0.01",-4.018911852292693,1.3503365331411683e-06
[64],4,"lr=3e-05, wd=0.01",50,layer4_lr0.0003_hd128_wd0.0_cosine,"lr0.0003,wd0.0",-1.8578295161934146,0.00012501801055886125
[64],4,"lr=3e-05, wd=0.01",50,layer4_lr0.0003_hd128_wd0.01_cosine,"lr0.0003,wd0.01",-3.965901147808373,7.4510325349288216e-06
[64],4,"lr=3e-05, wd=0.01",50,layer4_lr0.001_hd128_wd0.0_cosine,"lr0.001,wd0.0",-1.6940106020741275,0.0004130495197288519
[64],4,"lr=3e-05, wd=0.01",50,layer4_lr0.001_hd128_wd0.01_cosine,"lr0.001,wd0.01",-2.0034424574829677,0.00024472675735919274
[64],4,"lr=3e-05, wd=0.01",50,layer4_lr0.003_hd128_wd0.0_cosine,"lr0.003,wd0.0",-2.240737489150973,0.0005356084982706391
[64],4,"lr=3e-05, wd=0.01",50,layer4_lr0.003_hd128_wd0.01_cosine,"lr0.003,wd0.01",1.7741223118331413,0.0008335474288046988
[64],4,"lr=3e-05, wd=0.01",90,layer4_lr1e-05_hd128_wd0.0_cosine,"lr1e-05,wd0.0",-4.146960392256749,3.313443359692022e-08
[64],4,"lr=3e-05, wd=0.01",90,layer4_lr1e-05_hd128_wd0.01_cosine,"lr1e-05,wd0.01",-4.224976156770722,4.3873550312726545e-07
[64],4,"lr=3e-05, wd=0.01",90,layer4_lr3e-05_hd128_wd0.0_cosine,"lr3e-05,wd0.0",-3.861020727315041,7.2828728191833e-07
[64],4,"lr=3e-05, wd=0.01",90,layer4_lr3e-05_hd128_wd0.01_cosine,"lr3e-05,wd0.01",-4.163605696286682,1.5409019117433826e-06
[64],4,"lr=3e-05, wd=0.01",90,layer4_lr0.0001_hd128_wd0.0_cosine,"lr0.0001,wd0.0",-2.348971095964651,3.1859614275466807e-07
[64],4,"lr=3e-05, wd=0.01",90,layer4_lr0.0001_hd128_wd0.01_cosine,"lr0.0001,wd0.01",-4.172264073022316,6.10895478069992e-08
[64],4,"lr=3e-05, wd=0.01",90,layer4_lr0.0003_hd128_wd0.0_cosine,"lr0.0003,wd0.0",-2.462850674095503,7.535689997349008e-06
[64],4,"lr=3e-05, wd=0.01",90,layer4_lr0.0003_hd128_wd0.01_cosine,"lr0.0003,wd0.01",-4.104429933134806,4.942076132241517e-06
[64],4,"lr=3e-05, wd=0.01",90,layer4_lr0.001_hd128_wd0.0_cosine,"lr0.001,wd0.0",-2.4228706876583495,9.739439259881684e-05
[64],4,"lr=3e-05, wd=0.01",90,layer4_lr0.001_hd128_wd0.01_cosine,"lr0.001,wd0.01",-3.8066268266529133,1.966263582017548e-05
[64],4,"lr=3e-05, wd=0.01",90,layer4_lr0.003_hd128_wd0.0_cosine,"lr0.003,wd0.0",-2.17930127521844,3.5810318941053416e-05
[64],4,"lr=3e-05, wd=0.01",90,layer4_lr0.003_hd128_wd0.01_cosine,"lr0.003,wd0.01",-2.6880897773455468,0.00017400281503464132
[64],5,"lr=1e-04, wd=0.0",0,layer4_lr1e-05_hd128_wd0.0_cosine,"lr1e-05,wd0.0",-1.3922604407583925,0.0001944591301642191
[64],5,"lr=1e-04, wd=0.0",0,layer4_lr1e-05_hd128_wd0.01_cosine,"lr1e-05,wd0.01",-1.265803926089503,0.000892531349919607
[64],5,"lr=1e-04, wd=0.0",0,layer4_lr3e-05_hd128_wd0.0_cosine,"lr3e-05,wd0.0",-2.2406863235354644,1.3078022171139205e-05
[64],5,"lr=1e-04, wd=0.0",0,layer4_lr3e-05_hd128_wd0.01_cosine,"lr3e-05,wd0.01",-1.944105628407712,0.0003275394842568278
[64],5,"lr=1e-04, wd=0.0",0,layer4_lr0.0001_hd128_wd0.0_cosine,"lr0.0001,wd0.0",-3.2799890668227825,7.113210061649228e-05
[64],5,"lr=1e-04, wd=0.0",0,layer4_lr0.0001_hd128_wd0.01_cosine,"lr0.0001,wd0.01",-2.2651153876530206,0.00010689685701301229
[64],5,"lr=1e-04, wd=0.0",0,layer4_lr0.0003_hd128_wd0.0_cosine,"lr0.0003,wd0.0",-2.0221777181863247,0.0008953818472151682
[64],5,"lr=1e-04, wd=0.0",0,layer4_lr0.0003_hd128_wd0.01_cosine,"lr0.0003,wd0.01",-2.0294673295507457,7.185041313361269e-05
[64],5,"lr=1e-04, wd=0.0",0,layer4_lr0.001_hd128_wd0.0_cosine,"lr0.001,wd0.0",-1.366426194152992,0.0014068799048681249
[64],5,"lr=1e-04, wd=0.0",0,layer4_lr0.001_hd128_wd0.01_cosine,"lr0.001,wd0.01",-1.3809045137094536,0.00011325581583908521
[64],5,"lr=1e-04, wd=0.0",0,layer4_lr0.003_hd128_wd0.0_cosine,"lr0.003,wd0.0",-1.0413738362996567,0.0011765073516896653
[64],5,"lr=1e-04, wd=0.0",0,layer4_lr0.003_hd128_wd0.01_cosine,"lr0.003,wd0.01",-1.06832254016055,0.00027391652073048697
[64],5,"lr=1e-04, wd=0.0",5,layer4_lr1e-05_hd128_wd0.0_cosine,"lr1e-05,wd0.0",-2.1111845764202672,0.00014335409729224644
[64],5,"lr=1e-04, wd=0.0",5,layer4_lr1e-05_hd128_wd0.01_cosine,"lr1e-05,wd0.01",-1.9840317201744515,1.8953423723753274e-08
[64],5,"lr=1e-04, wd=0.0",5,layer4_lr3e-05_hd128_wd0.0_cosine,"lr3e-05,wd0.0",-3.0787989605515893,7.816749599594883e-05
[64],5,"lr=1e-04, wd=0.0",5,layer4_lr3e-05_hd128_wd0.01_cosine,"lr3e-05,wd0.01",-2.7134946786417675,3.2633051415461316e-05
[64],5,"lr=1e-04, wd=0.0",5,layer4_lr0.0001_hd128_wd0.0_cosine,"lr0.0001,wd0.0",-3.2159533871036836,9.421121146297457e-05
[64],5,"lr=1e-04, wd=0.0",5,layer4_lr0.0001_hd128_wd0.01_cosine,"lr0.0001,wd0.01",-3.1687210295257575,0.00010249135983543585
[64],5,"lr=1e-04, wd=0.0",5,layer4_lr0.0003_hd128_wd0.0_cosine,"lr0.0003,wd0.0",-1.7396507498833076,0.0013623808693955445
[64],5,"lr=1e-04, wd=0.0",5,layer4_lr0.0003_hd128_wd0.01_cosine,"lr0.0003,wd0.01",-2.636371566738592,8.684716378722998e-05
[64],5,"lr=1e-04, wd=0.0",5,layer4_lr0.001_hd128_wd0.0_cosine,"lr0.001,wd0.0",-1.4548337318033986,0.002496190876789973
[64],5,"lr=1e-04, wd=0.0",5,layer4_lr0.001_hd128_wd0.01_cosine,"lr0.001,wd0.01",-2.36381358848332,7.771457831911139e-05
[64],5,"lr=1e-04, wd=0.0",5,layer4_lr0.003_hd128_wd0.0_cosine,"lr0.003,wd0.0",-1.6836684840031824,0.0019501945350332707
[64],5,"lr=1e-04, wd=0.0",5,layer4_lr0.003_hd128_wd0.01_cosine,"lr0.003,wd0.01",-1.8367294658404287,0.0009714988442965514
[64],5,"lr=1e-04, wd=0.0",10,layer4_lr1e-05_hd128_wd0.0_cosine,"lr1e-05,wd0.0",-2.3225930157897285,0.00036570192760011116
[64],5,"lr=1e-04, wd=0.0",10,layer4_lr1e-05_hd128_wd0.01_cosine,"lr1e-05,wd0.01",-2.18699292592038,0.00024038935601870248
[64],5,"lr=1e-04, wd=0.0",10,layer4_lr3e-05_hd128_wd0.0_cosine,"lr3e-05,wd0.0",-3.247803497123099,8.626316147051145e-05
[64],5,"lr=1e-04, wd=0.0",10,layer4_lr3e-05_hd128_wd0.01_cosine,"lr3e-05,wd0.01",-3.6000730799463927,1.4841619413357202e-05
[64],5,"lr=1e-04, wd=0.0",10,layer4_lr0.0001_hd128_wd0.0_cosine,"lr0.0001,wd0.0",-3.0079442548920747,0.0001247952438151317
[64],5,"lr=1e-04, wd=0.0",10,layer4_lr0.0001_hd128_wd0.01_cosine,"lr0.0001,wd0.01",-3.3756667864187477,6.787593957598345e-05
[64],5,"lr=1e-04, wd=0.0",10,layer4_lr0.0003_hd128_wd0.0_cosine,"lr0.0003,wd0.0",-1.776769192213623,0.0016708474191921491
[64],5,"lr=1e-04, wd=0.0",10,layer4_lr0.0003_hd128_wd0.01_cosine,"lr0.0003,wd0.01",-3.4800513174363505,3.078522783230878e-05
[64],5,"lr=1e-04, wd=0.0",10,layer4_lr0.001_hd128_wd0.0_cosine,"lr0.001,wd0.0",-1.5526743420055147,0.0025722227207079507
[64],5,"lr=1e-04, wd=0.0",10,layer4_lr0.001_hd128_wd0.01_cosine,"lr0.001,wd0.01",-2.443677311097119,3.611610276971911e-05
[64],5,"lr=1e-04, wd=0.0",10,layer4_lr0.003_hd128_wd0.0_cosine,"lr0.003,wd0.0",-1.9069762113765525,0.0012776396876832466
[64],5,"lr=1e-04, wd=0.0",10,layer4_lr0.003_hd128_wd0.01_cosine,"lr0.003,wd0.01",-2.3519989709966835,6.959486396968559e-05
[64],5,"lr=1e-04, wd=0.0",20,layer4_lr1e-05_hd128_wd0.0_cosine,"lr1e-05,wd0.0",-2.9681412841077406,5.649429726221737e-05
[64],5,"lr=1e-04, wd=0.0",20,layer4_lr1e-05_hd128_wd0.01_cosine,"lr1e-05,wd0.01",-2.5214590150204574,1.0461547399256688e-05
[64],5,"lr=1e-04, wd=0.0",20,layer4_lr3e-05_hd128_wd0.0_cosine,"lr3e-05,wd0.0",-3.3627921618814027,6.440082352283813e-05
[64],5,"lr=1e-04, wd=0.0",20,layer4_lr3e-05_hd128_wd0.01_cosine,"lr3e-05,wd0.01",-3.8883973328534243,5.616422877320228e-13
[64],5,"lr=1e-04, wd=0.0",20,layer4_lr0.0001_hd128_wd0.0_cosine,"lr0.0001,wd0.0",-2.6155770886122394,0.00018375357472597838
[64],5,"lr=1e-04, wd=0.0",20,layer4_lr0.0001_hd128_wd0.01_cosine,"lr0.0001,wd0.01",-3.9251901474971107,1.0054543607599814e-05
[64],5,"lr=1e-04, wd=0.0",20,layer4_lr0.0003_hd128_wd0.0_cosine,"lr0.0003,wd0.0",-1.6939954538883017,0.0019117490718881208
[64],5,"lr=1e-04, wd=0.0",20,layer4_lr0.0003_hd128_wd0.01_cosine,"lr0.0003,wd0.01",-3.4225891428376682,1.6025853610807984e-05
[64],5,"lr=1e-04, wd=0.0",20,layer4_lr0.001_hd128_wd0.0_cosine,"lr0.001,wd0.0",-1.5497422153931835,0.002289786246434566
[64],5,"lr=1e-04, wd=0.0",20,layer4_lr0.001_hd128_wd0.01_cosine,"lr0.001,wd0.01",-2.88324771140983,5.9944823856358074e-05
[64],5,"lr=1e-04, wd=0.0",20,layer4_lr0.003_hd128_wd0.0_cosine,"lr0.003,wd0.0",-1.8384703240688887,0.0012364701292949128
[64],5,"lr=1e-04, wd=0.0",20,layer4_lr0.003_hd128_wd0.01_cosine,"lr0.003,wd0.01",-2.2263099774885804,0.0006649767457810791
[64],5,"lr=1e-04, wd=0.0",50,layer4_lr1e-05_hd128_wd0.0_cosine,"lr1e-05,wd0.0",-4.0511961825198375,2.415975918808441e-07
[64],5,"lr=1e-04, wd=0.0",50,layer4_lr1e-05_hd128_wd0.01_cosine,"lr1e-05,wd0.01",-4.017856742153302,6.328986735937104e-06
[64],5,"lr=1e-04, wd=0.0",50,layer4_lr3e-05_hd128_wd0.0_cosine,"lr3e-05,wd0.0",-4.113941287353985,4.456362004487661e-06
[64],5,"lr=1e-04, wd=0.0",50,layer4_lr3e-05_hd128_wd0.01_cosine,"lr3e-05,wd0.01",-4.13555267571246,4.1032575798624933e-07
[64],5,"lr=1e-04, wd=0.0",50,layer4_lr0.0001_hd128_wd0.0_cosine,"lr0.0001,wd0.0",-1.8947073635007725,0.00020777885105595348
[64],5,"lr=1e-04, wd=0.0",50,layer4_lr0.0001_hd128_wd0.01_cosine,"lr0.0001,wd0.01",-3.966579000480615,8.094741799330113e-06
[64],5,"lr=1e-04, wd=0.0",50,layer4_lr0.0003_hd128_wd0.0_cosine,"lr0.0003,wd0.0",-2.0619011036415245,0.0005771673333903972
[64],5,"lr=1e-04, wd=0.0",50,layer4_lr0.0003_hd128_wd0.01_cosine,"lr0.0003,wd0.01",-3.784343580014027,2.0253803050348154e-05
[64],5,"lr=1e-04, wd=0.0",50,layer4_lr0.001_hd128_wd0.0_cosine,"lr0.001,wd0.0",-1.9687697605904095,9.18533506699909e-06
[64],5,"lr=1e-04, wd=0.0",50,layer4_lr0.001_hd128_wd0.01_cosine,"lr0.001,wd0.01",-1.9777268300796624,0.0002598770123059431
[64],5,"lr=1e-04, wd=0.0",50,layer4_lr0.003_hd128_wd0.0_cosine,"lr0.003,wd0.0",-2.2259084487734246,0.00045329157078609106
[64],5,"lr=1e-04, wd=0.0",50,layer4_lr0.003_hd128_wd0.01_cosine,"lr0.003,wd0.01",0.6983557189342449,0.0007074792158306308
[64],5,"lr=1e-04, wd=0.0",90,layer4_lr1e-05_hd128_wd0.0_cosine,"lr1e-05,wd0.0",-4.115835989397905,4.99851769532825e-06
[64],5,"lr=1e-04, wd=0.0",90,layer4_lr1e-05_hd128_wd0.01_cosine,"lr1e-05,wd0.01",-4.189057871763629,1.6348019568527647e-06
[64],5,"lr=1e-04, wd=0.0",90,layer4_lr3e-05_hd128_wd0.0_cosine,"lr3e-05,wd0.0",-4.137073211551017,1.7335898983322313e-06
[64],5,"lr=1e-04, wd=0.0",90,layer4_lr3e-05_hd128_wd0.01_cosine,"lr3e-05,wd0.01",-4.1718785063628365,3.6498124162475326e-09
[64],5,"lr=1e-04, wd=0.0",90,layer4_lr0.0001_hd128_wd0.0_cosine,"lr0.0001,wd0.0",-3.4904914601849626,5.4247254894190374e-05
[64],5,"lr=1e-04, wd=0.0",90,layer4_lr0.0001_hd128_wd0.01_cosine,"lr0.0001,wd0.01",-4.173576193047247,1.205199554658037e-06
[64],5,"lr=1e-04, wd=0.0",90,layer4_lr0.0003_hd128_wd0.0_cosine,"lr0.0003,wd0.0",-2.4161481560366957,5.391627124665237e-06
[64],5,"lr=1e-04, wd=0.0",90,layer4_lr0.0003_hd128_wd0.01_cosine,"lr0.0003,wd0.01",-3.961176733949433,1.692308066345141e-05
[64],5,"lr=1e-04, wd=0.0",90,layer4_lr0.001_hd128_wd0.0_cosine,"lr0.001,wd0.0",-2.40980626671014,4.7621681795227084e-05
[64],5,"lr=1e-04, wd=0.0",90,layer4_lr0.001_hd128_wd0.01_cosine,"lr0.001,wd0.01",-3.5978521822411746,4.3272406649169655e-05
[64],5,"lr=1e-04, wd=0.0",90,layer4_lr0.003_hd128_wd0.0_cosine,"lr0.003,wd0.0",-2.3203449991067533,9.224761968184539e-06
[64],5,"lr=1e-04, wd=0.0",90,layer4_lr0.003_hd128_wd0.01_cosine,"lr0.003,wd0.01",-3.289101265066166,7.760002775929996e-05
[64],6,"lr=1e-04, wd=0.01",0,layer4_lr1e-05_hd128_wd0.0_cosine,"lr1e-05,wd0.0",-1.0412759592162908,4.110214960763869e-06
[64],6,"lr=1e-04, wd=0.01",0,layer4_lr1e-05_hd128_wd0.01_cosine,"lr1e-05,wd0.01",-1.0691112156980602,0.00018202368228906876
[64],6,"lr=1e-04, wd=0.01",0,layer4_lr3e-05_hd128_wd0.0_cosine,"lr3e-05,wd0.0",-1.316669517395848,0.0004400175394396994
[64],6,"lr=1e-04, wd=0.01",0,layer4_lr3e-05_hd128_wd0.01_cosine,"lr3e-05,wd0.01",-1.6044391520335086,5.505403313039208e-07
[64],6,"lr=1e-04, wd=0.01",0,layer4_lr0.0001_hd128_wd0.0_cosine,"lr0.0001,wd0.0",-1.9925642586057704,9.633637697762181e-05
[64],6,"lr=1e-04, wd=0.01",0,layer4_lr0.0001_hd128_wd0.01_cosine,"lr0.0001,wd0.01",-2.8738634362526208,5.173863016370841e-05
[64],6,"lr=1e-04, wd=0.01",0,layer4_lr0.0003_hd128_wd0.0_cosine,"lr0.0003,wd0.0",-1.4631973277724617,0.00014633814175938804
[64],6,"lr=1e-04, wd=0.01",0,layer4_lr0.0003_hd128_wd0.01_cosine,"lr0.0003,wd0.01",-2.021511550592738,7.674663208892356e-05
[64],6,"lr=1e-04, wd=0.01",0,layer4_lr0.001_hd128_wd0.0_cosine,"lr0.001,wd0.0",-1.037460025766104,0.00044737134642103163
[64],6,"lr=1e-04, wd=0.01",0,layer4_lr0.001_hd128_wd0.01_cosine,"lr0.001,wd0.01",-1.0903226345251265,3.342334003442215e-05
[64],6,"lr=1e-04, wd=0.01",0,layer4_lr0.003_hd128_wd0.0_cosine,"lr0.003,wd0.0",-0.9190456180119853,0.0003608689794090877
[64],6,"lr=1e-04, wd=0.01",0,layer4_lr0.003_hd128_wd0.01_cosine,"lr0.003,wd0.01",-0.9439495436668488,6.461907526283258e-07
[64],6,"lr=1e-04, wd=0.01",5,layer4_lr1e-05_hd128_wd0.0_cosine,"lr1e-05,wd0.0",-1.9575371186069903,0.00045987823057250704
[64],6,"lr=1e-04, wd=0.01",5,layer4_lr1e-05_hd128_wd0.01_cosine,"lr1e-05,wd0.01",-1.9622212922674125,4.849416164073187e-05
[64],6,"lr=1e-04, wd=0.01",5,layer4_lr3e-05_hd128_wd0.0_cosine,"lr3e-05,wd0.0",-1.8706075883626003,0.0005976565852721399
[64],6,"lr=1e-04, wd=0.01",5,layer4_lr3e-05_hd128_wd0.01_cosine,"lr3e-05,wd0.01",-3.047342353285285,3.0060411805139044e-05
[64],6,"lr=1e-04, wd=0.01",5,layer4_lr0.0001_hd128_wd0.0_cosine,"lr0.0001,wd0.0",-2.0658165351560185,1.855936098829722e-05
[64],6,"lr=1e-04, wd=0.01",5,layer4_lr0.0001_hd128_wd0.01_cosine,"lr0.0001,wd0.01",-3.4331783663476068,4.260982463993803e-05
[64],6,"lr=1e-04, wd=0.01",5,layer4_lr0.0003_hd128_wd0.0_cosine,"lr0.0003,wd0.0",-1.4544847572786959,0.0011836727463228889
[64],6,"lr=1e-04, wd=0.01",5,layer4_lr0.0003_hd128_wd0.01_cosine,"lr0.0003,wd0.01",-2.147804854959002,3.471791474297437e-05
[64],6,"lr=1e-04, wd=0.01",5,layer4_lr0.001_hd128_wd0.0_cosine,"lr0.001,wd0.0",-1.514276013110224,0.002601398085263346
[64],6,"lr=1e-04, wd=0.01",5,layer4_lr0.001_hd128_wd0.01_cosine,"lr0.001,wd0.01",-2.1112888571335144,2.0480526682258645e-05
[64],6,"lr=1e-04, wd=0.01",5,layer4_lr0.003_hd128_wd0.0_cosine,"lr0.003,wd0.0",-1.5463828906095716,0.001883381915763888
[64],6,"lr=1e-04, wd=0.01",5,layer4_lr0.003_hd128_wd0.01_cosine,"lr0.003,wd0.01",-1.8192769578183872,0.0010431740731070215
[64],6,"lr=1e-04, wd=0.01",10,layer4_lr1e-05_hd128_wd0.0_cosine,"lr1e-05,wd0.0",-2.3851440532978905,0.00044577501405729237
[64],6,"lr=1e-04, wd=0.01",10,layer4_lr1e-05_hd128_wd0.01_cosine,"lr1e-05,wd0.01",-2.4263952151179993,0.00019218353119188517
[64],6,"lr=1e-04, wd=0.01",10,layer4_lr3e-05_hd128_wd0.0_cosine,"lr3e-05,wd0.0",-1.634403370867763,0.000390886615696836
[64],6,"lr=1e-04, wd=0.01",10,layer4_lr3e-05_hd128_wd0.01_cosine,"lr3e-05,wd0.01",-3.8001902500078657,1.1925204033088156e-05
[64],6,"lr=1e-04, wd=0.01",10,layer4_lr0.0001_hd128_wd0.0_cosine,"lr0.0001,wd0.0",-2.0532100867161422,2.7368455192526402e-05
[64],6,"lr=1e-04, wd=0.01",10,layer4_lr0.0001_hd128_wd0.01_cosine,"lr0.0001,wd0.01",-3.643256890080187,2.8853317845526123e-05
[64],6,"lr=1e-04, wd=0.01",10,layer4_lr0.0003_hd128_wd0.0_cosine,"lr0.0003,wd0.0",-1.5056785421124625,0.0019892272917102346
[64],6,"lr=1e-04, wd=0.01",10,layer4_lr0.0003_hd128_wd0.01_cosine,"lr0.0003,wd0.01",-3.06877108944371,3.0622812592650956e-05
[64],6,"lr=1e-04, wd=0.01",10,layer4_lr0.001_hd128_wd0.0_cosine,"lr0.001,wd0.0",-1.5767161902719944,0.002500242546468913
[64],6,"lr=1e-04, wd=0.01",10,layer4_lr0.001_hd128_wd0.01_cosine,"lr0.001,wd0.01",-2.905204956138697,9.445053410880095e-05
[64],6,"lr=1e-04, wd=0.01",10,layer4_lr0.003_hd128_wd0.0_cosine,"lr0.003,wd0.0",-1.8932193451460353,0.0011184395024088577
[64],6,"lr=1e-04, wd=0.01",10,layer4_lr0.003_hd128_wd0.01_cosine,"lr0.003,wd0.01",-2.665155487248188,0.0002812560032534169
[64],6,"lr=1e-04, wd=0.01",20,layer4_lr1e-05_hd128_wd0.0_cosine,"lr1e-05,wd0.0",-3.009127777868294,7.218995526251831e-05
[64],6,"lr=1e-04, wd=0.01",20,layer4_lr1e-05_hd128_wd0.01_cosine,"lr1e-05,wd0.01",-3.018328586458266,4.172729823965154e-06
[64],6,"lr=1e-04, wd=0.01",20,layer4_lr3e-05_hd128_wd0.0_cosine,"lr3e-05,wd0.0",-3.0596011854227196,0.00012386356846297213
[64],6,"lr=1e-04, wd=0.01",20,layer4_lr3e-05_hd128_wd0.01_cosine,"lr3e-05,wd0.01",-4.023390788248714,4.325771216826824e-06
[64],6,"lr=1e-04, wd=0.01",20,layer4_lr0.0001_hd128_wd0.0_cosine,"lr0.0001,wd0.0",-1.7692945916479927,0.0003617085641299788
[64],6,"lr=1e-04, wd=0.01",20,layer4_lr0.0001_hd128_wd0.01_cosine,"lr0.0001,wd0.01",-3.8383134434460446,1.3259029386817622e-05
[64],6,"lr=1e-04, wd=0.01",20,layer4_lr0.0003_hd128_wd0.0_cosine,"lr0.0003,wd0.0",-1.6104136242345524,0.0020686294136174287
[64],6,"lr=1e-04, wd=0.01",20,layer4_lr0.0003_hd128_wd0.01_cosine,"lr0.0003,wd0.01",-3.550735439839724,3.842545731483027e-05
[64],6,"lr=1e-04, wd=0.01",20,layer4_lr0.001_hd128_wd0.0_cosine,"lr0.001,wd0.0",-1.6205498035859915,0.0022595197235381953
[64],6,"lr=1e-04, wd=0.01",20,layer4_lr0.001_hd128_wd0.01_cosine,"lr0.001,wd0.01",-2.9534056372728568,0.00013351355915156363
[64],6,"lr=1e-04, wd=0.01",20,layer4_lr0.003_hd128_wd0.0_cosine,"lr0.003,wd0.0",-1.8861414641924956,0.0012794235497564897
[64],6,"lr=1e-04, wd=0.01",20,layer4_lr0.003_hd128_wd0.01_cosine,"lr0.003,wd0.01",-2.153491571649271,0.000743765182827731
[64],6,"lr=1e-04, wd=0.01",50,layer4_lr1e-05_hd128_wd0.0_cosine,"lr1e-05,wd0.0",-3.9741283173283835,2.848633021383895e-07
[64],6,"lr=1e-04, wd=0.01",50,layer4_lr1e-05_hd128_wd0.01_cosine,"lr1e-05,wd0.01",-4.049131503626992,4.2830263501176414e-06
[64],6,"lr=1e-04, wd=0.01",50,layer4_lr3e-05_hd128_wd0.0_cosine,"lr3e-05,wd0.0",-3.3883909579186104,8.333804715009142e-07
[64],6,"lr=1e-04, wd=0.01",50,layer4_lr3e-05_hd128_wd0.01_cosine,"lr3e-05,wd0.01",-4.18541568357071,5.5092878087162824e-08
[64],6,"lr=1e-04, wd=0.01",50,layer4_lr0.0001_hd128_wd0.0_cosine,"lr0.0001,wd0.0",-2.321369208493583,0.0001459847514805204
[64],6,"lr=1e-04, wd=0.01",50,layer4_lr0.0001_hd128_wd0.01_cosine,"lr0.0001,wd0.01",-4.069576207390396,6.671040424460537e-06
[64],6,"lr=1e-04, wd=0.01",50,layer4_lr0.0003_hd128_wd0.0_cosine,"lr0.0003,wd0.0",-1.9672213952645343,0.0002665463755370724
[64],6,"lr=1e-04, wd=0.01",50,layer4_lr0.0003_hd128_wd0.01_cosine,"lr0.0003,wd0.01",-3.7299183980752266,3.311431936336492e-05
[64],6,"lr=1e-04, wd=0.01",50,layer4_lr0.001_hd128_wd0.0_cosine,"lr0.001,wd0.0",-1.899126574931156,4.406522178909953e-06
[64],6,"lr=1e-04, wd=0.01",50,layer4_lr0.001_hd128_wd0.01_cosine,"lr0.001,wd0.01",-0.8909030744824498,0.0002826321877864206
[64],6,"lr=1e-04, wd=0.01",50,layer4_lr0.003_hd128_wd0.0_cosine,"lr0.003,wd0.0",-2.305609284314936,0.0005394419084046692
[64],6,"lr=1e-04, wd=0.01",50,layer4_lr0.003_hd128_wd0.01_cosine,"lr0.003,wd0.01",2.426924784382545,0.0007732074485870576
[64],6,"lr=1e-04, wd=0.01",90,layer4_lr1e-05_hd128_wd0.0_cosine,"lr1e-05,wd0.0",-4.096146547609923,5.704947555942405e-06
[64],6,"lr=1e-04, wd=0.01",90,layer4_lr1e-05_hd128_wd0.01_cosine,"lr1e-05,wd0.01",-4.202785460630697,1.1660588613860614e-06
[64],6,"lr=1e-04, wd=0.01",90,layer4_lr3e-05_hd128_wd0.0_cosine,"lr3e-05,wd0.0",-4.08945430821344,1.045619700221885e-06
[64],6,"lr=1e-04, wd=0.01",90,layer4_lr3e-05_hd128_wd0.01_cosine,"lr3e-05,wd0.01",-4.193144996329484,3.18523304427635e-10
[64],6,"lr=1e-04, wd=0.01",90,layer4_lr0.0001_hd128_wd0.0_cosine,"lr0.0001,wd0.0",-2.452643362261088,1.9710610973575613e-06
[64],6,"lr=1e-04, wd=0.01",90,layer4_lr0.0001_hd128_wd0.01_cosine,"lr0.0001,wd0.01",-4.143858098001561,4.701590941264993e-06
[64],6,"lr=1e-04, wd=0.01",90,layer4_lr0.0003_hd128_wd0.0_cosine,"lr0.0003,wd0.0",-2.2860925707404975,9.338147247759084e-07
[64],6,"lr=1e-04, wd=0.01",90,layer4_lr0.0003_hd128_wd0.01_cosine,"lr0.0003,wd0.01",-3.8506023100455584,2.5105002914956184e-05
[64],6,"lr=1e-04, wd=0.01",90,layer4_lr0.001_hd128_wd0.0_cosine,"lr0.001,wd0.0",-2.347354961621869,3.678146065789233e-05
[64],6,"lr=1e-04, wd=0.01",90,layer4_lr0.001_hd128_wd0.01_cosine,"lr0.001,wd0.01",-3.023358846238311,9.013501748343318e-05
[64],6,"lr=1e-04, wd=0.01",90,layer4_lr0.003_hd128_wd0.0_cosine,"lr0.003,wd0.0",-2.231784924047471,5.1909825670620646e-06
[64],6,"lr=1e-04, wd=0.01",90,layer4_lr0.003_hd128_wd0.01_cosine,"lr0.003,wd0.01",-3.012768837641528,0.0001304295538349122
[64],7,"lr=3e-04, wd=0.0",0,layer4_lr1e-05_hd128_wd0.0_cosine,"lr1e-05,wd0.0",-0.9660365851949939,7.649488135803828e-06
[64],7,"lr=3e-04, wd=0.0",0,layer4_lr1e-05_hd128_wd0.01_cosine,"lr1e-05,wd0.01",-0.9445155184724255,0.00034654899888620884
[64],7,"lr=3e-04, wd=0.0",0,layer4_lr3e-05_hd128_wd0.0_cosine,"lr3e-05,wd0.0",-1.165906409650768,0.00026734371473835603
[64],7,"lr=3e-04, wd=0.0",0,layer4_lr3e-05_hd128_wd0.01_cosine,"lr3e-05,wd0.01",-1.1247444560749211,2.7111894940740728e-05
[64],7,"lr=3e-04, wd=0.0",0,layer4_lr0.0001_hd128_wd0.0_cosine,"lr0.0001,wd0.0",-1.9589136908273288,1.7772882723151852e-05
[64],7,"lr=3e-04, wd=0.0",0,layer4_lr0.0001_hd128_wd0.01_cosine,"lr0.0001,wd0.01",-1.5801324263086234,5.66483094980393e-06
[64],7,"lr=3e-04, wd=0.0",0,layer4_lr0.0003_hd128_wd0.0_cosine,"lr0.0003,wd0.0",-2.5604054710048865,0.00034952071367293593
[64],7,"lr=3e-04, wd=0.0",0,layer4_lr0.0003_hd128_wd0.01_cosine,"lr0.0003,wd0.01",-2.049503454570896,9.332721340748372e-06
[64],7,"lr=3e-04, wd=0.0",0,layer4_lr0.001_hd128_wd0.0_cosine,"lr0.001,wd0.0",-1.8861461911062296,0.000734619801714162
[64],7,"lr=3e-04, wd=0.0",0,layer4_lr0.001_hd128_wd0.01_cosine,"lr0.001,wd0.01",-1.5617171885492065,3.01256852184331e-07
[64],7,"lr=3e-04, wd=0.0",0,layer4_lr0.003_hd128_wd0.0_cosine,"lr0.003,wd0.0",-1.1995697581686766,0.0005196734767226454
[64],7,"lr=3e-04, wd=0.0",0,layer4_lr0.003_hd128_wd0.01_cosine,"lr0.003,wd0.01",-1.169880771840086,1.6991054493828223e-05
[64],7,"lr=3e-04, wd=0.0",5,layer4_lr1e-05_hd128_wd0.0_cosine,"lr1e-05,wd0.0",-1.6398714094757865,0.0016297819254234285
[64],7,"lr=3e-04, wd=0.0",5,layer4_lr1e-05_hd128_wd0.01_cosine,"lr1e-05,wd0.01",-1.730851777772183,0.0007086379397890303
[64],7,"lr=3e-04, wd=0.0",5,layer4_lr3e-05_hd128_wd0.0_cosine,"lr3e-05,wd0.0",-2.230636615541399,0.0006044969926437326
[64],7,"lr=3e-04, wd=0.0",5,layer4_lr3e-05_hd128_wd0.01_cosine,"lr3e-05,wd0.01",-2.323459239284311,0.00011835554660912201
[64],7,"lr=3e-04, wd=0.0",5,layer4_lr0.0001_hd128_wd0.0_cosine,"lr0.0001,wd0.0",-2.5042620514495004,5.598218292154074e-05
[64],7,"lr=3e-04, wd=0.0",5,layer4_lr0.0001_hd128_wd0.01_cosine,"lr0.0001,wd0.01",-2.388941939957093,0.00010597764190898642
[64],7,"lr=3e-04, wd=0.0",5,layer4_lr0.0003_hd128_wd0.0_cosine,"lr0.0003,wd0.0",-2.501858190548862,0.0003769187139039675
[64],7,"lr=3e-04, wd=0.0",5,layer4_lr0.0003_hd128_wd0.01_cosine,"lr0.0003,wd0.01",-2.8068714029881954,4.388904949266236e-05
[64],7,"lr=3e-04, wd=0.0",5,layer4_lr0.001_hd128_wd0.0_cosine,"lr0.001,wd0.0",-2.0060720587075864,0.000814074903751356
[64],7,"lr=3e-04, wd=0.0",5,layer4_lr0.001_hd128_wd0.01_cosine,"lr0.001,wd0.01",-2.4236715617508025,9.614665817140035e-05
[64],7,"lr=3e-04, wd=0.0",5,layer4_lr0.003_hd128_wd0.0_cosine,"lr0.003,wd0.0",-2.1805005106575104,0.00048005319279143324
[64],7,"lr=3e-04, wd=0.0",5,layer4_lr0.003_hd128_wd0.01_cosine,"lr0.003,wd0.01",-1.7972514759524894,0.0014907972695577952
[64],7,"lr=3e-04, wd=0.0",10,layer4_lr1e-05_hd128_wd0.0_cosine,"lr1e-05,wd0.0",-1.8347719759378802,0.0013623955029531825
[64],7,"lr=3e-04, wd=0.0",10,layer4_lr1e-05_hd128_wd0.01_cosine,"lr1e-05,wd0.01",-1.9053154913818862,0.0010200730874394643
[64],7,"lr=3e-04, wd=0.0",10,layer4_lr3e-05_hd128_wd0.0_cosine,"lr3e-05,wd0.0",-2.3406364555840056,0.0005425934873202378
[64],7,"lr=3e-04, wd=0.0",10,layer4_lr3e-05_hd128_wd0.01_cosine,"lr3e-05,wd0.01",-2.481259462381642,7.922894028664619e-05
[64],7,"lr=3e-04, wd=0.0",10,layer4_lr0.0001_hd128_wd0.0_cosine,"lr0.0001,wd0.0",-3.1564479648640544,3.4653782037724734e-05
[64],7,"lr=3e-04, wd=0.0",10,layer4_lr0.0001_hd128_wd0.01_cosine,"lr0.0001,wd0.01",-2.9631232848899587,0.00012303433252673843
[64],7,"lr=3e-04, wd=0.0",10,layer4_lr0.0003_hd128_wd0.0_cosine,"lr0.0003,wd0.0",-2.1404559029579286,0.0004110513002168268
[64],7,"lr=3e-04, wd=0.0",10,layer4_lr0.0003_hd128_wd0.01_cosine,"lr0.0003,wd0.01",-2.8062819333615265,0.00013334497554701622
[64],7,"lr=3e-04, wd=0.0",10,layer4_lr0.001_hd128_wd0.0_cosine,"lr0.001,wd0.0",-2.0838343712660956,0.0008746535779551803
[64],7,"lr=3e-04, wd=0.0",10,layer4_lr0.001_hd128_wd0.01_cosine,"lr0.001,wd0.01",-2.673916411765911,0.00019074184179662426
[64],7,"lr=3e-04, wd=0.0",10,layer4_lr0.003_hd128_wd0.0_cosine,"lr0.003,wd0.0",-2.3294779978621762,0.0004571818181810215
[64],7,"lr=3e-04, wd=0.0",10,layer4_lr0.003_hd128_wd0.01_cosine,"lr0.003,wd0.01",-2.4023274760246793,0.00032593693203404356
[64],7,"lr=3e-04, wd=0.0",20,layer4_lr1e-05_hd128_wd0.0_cosine,"lr1e-05,wd0.0",-2.292369650970134,0.00021845688078471378
[64],7,"lr=3e-04, wd=0.0",20,layer4_lr1e-05_hd128_wd0.01_cosine,"lr1e-05,wd0.01",-2.347256607568009,6.742838712590595e-05
[64],7,"lr=3e-04, wd=0.0",20,layer4_lr3e-05_hd128_wd0.0_cosine,"lr3e-05,wd0.0",-2.657647425679889,0.0002632361891619849
[64],7,"lr=3e-04, wd=0.0",20,layer4_lr3e-05_hd128_wd0.01_cosine,"lr3e-05,wd0.01",-2.6321800345380737,0.00010458053896578179
[64],7,"lr=3e-04, wd=0.0",20,layer4_lr0.0001_hd128_wd0.0_cosine,"lr0.0001,wd0.0",-3.426369219831396,1.1167473403166806e-05
[64],7,"lr=3e-04, wd=0.0",20,layer4_lr0.0001_hd128_wd0.01_cosine,"lr0.0001,wd0.01",-3.2798769040308047,8.282152903956965e-05
[64],7,"lr=3e-04, wd=0.0",20,layer4_lr0.0003_hd128_wd0.0_cosine,"lr0.0003,wd0.0",-1.5556413530754285,0.0004604048092744792
[64],7,"lr=3e-04, wd=0.0",20,layer4_lr0.0003_hd128_wd0.01_cosine,"lr0.0003,wd0.01",-2.8097371261718758,0.0001967835716391662
[64],7,"lr=3e-04, wd=0.0",20,layer4_lr0.001_hd128_wd0.0_cosine,"lr0.001,wd0.0",-1.1337720623441006,0.0009169844947880498
[64],7,"lr=3e-04, wd=0.0",20,layer4_lr0.001_hd128_wd0.01_cosine,"lr0.001,wd0.01",-2.701684333198015,0.000220085164460085
[64],7,"lr=3e-04, wd=0.0",20,layer4_lr0.003_hd128_wd0.0_cosine,"lr0.003,wd0.0",-1.0698981405927017,0.000518721416653845
[64],7,"lr=3e-04, wd=0.0",20,layer4_lr0.003_hd128_wd0.01_cosine,"lr0.003,wd0.01",-1.7549460374894719,0.0008501286739485648
[64],7,"lr=3e-04, wd=0.0",50,layer4_lr1e-05_hd128_wd0.0_cosine,"lr1e-05,wd0.0",-3.331796590921098,3.906850723194948e-06
[64],7,"lr=3e-04, wd=0.0",50,layer4_lr1e-05_hd128_wd0.01_cosine,"lr1e-05,wd0.01",-3.5280881572726215,6.750234642588637e-06
[64],7,"lr=3e-04, wd=0.0",50,layer4_lr3e-05_hd128_wd0.0_cosine,"lr3e-05,wd0.0",-3.28677449158697,1.5680934653308378e-05
[64],7,"lr=3e-04, wd=0.0",50,layer4_lr3e-05_hd128_wd0.01_cosine,"lr3e-05,wd0.01",-3.817786683218412,3.1787270771182378e-06
[64],7,"lr=3e-04, wd=0.0",50,layer4_lr0.0001_hd128_wd0.0_cosine,"lr0.0001,wd0.0",-3.778434049408562,3.308628022851123e-08
[64],7,"lr=3e-04, wd=0.0",50,layer4_lr0.0001_hd128_wd0.01_cosine,"lr0.0001,wd0.01",-3.6708352633475365,3.57664891144237e-05
[64],7,"lr=3e-04, wd=0.0",50,layer4_lr0.0003_hd128_wd0.0_cosine,"lr0.0003,wd0.0",0.37959727490520034,0.00046043550433612514
[64],7,"lr=3e-04, wd=0.0",50,layer4_lr0.0003_hd128_wd0.01_cosine,"lr0.0003,wd0.01",-3.222128013864439,7.71125844870747e-05
[64],7,"lr=3e-04, wd=0.0",50,layer4_lr0.001_hd128_wd0.0_cosine,"lr0.001,wd0.0",1.5286869844197417,0.0007797747820612243
[64],7,"lr=3e-04, wd=0.0",50,layer4_lr0.001_hd128_wd0.01_cosine,"lr0.001,wd0.01",-1.0014088316186265,0.000329448504045619
[64],7,"lr=3e-04, wd=0.0",50,layer4_lr0.003_hd128_wd0.0_cosine,"lr0.003,wd0.0",-2.165023011351636,0.0003195902446455739
[64],7,"lr=3e-04, wd=0.0",50,layer4_lr0.003_hd128_wd0.01_cosine,"lr0.003,wd0.01",0.9815242507046342,0.0007827660473839361
[64],7,"lr=3e-04, wd=0.0",90,layer4_lr1e-05_hd128_wd0.0_cosine,"lr1e-05,wd0.0",-3.953152308753592,1.0218779533887396e-05
[64],7,"lr=3e-04, wd=0.0",90,layer4_lr1e-05_hd128_wd0.01_cosine,"lr1e-05,wd0.01",-4.1178194395165075,2.556319718178032e-06
[64],7,"lr=3e-04, wd=0.0",90,layer4_lr3e-05_hd128_wd0.0_cosine,"lr3e-05,wd0.0",-4.032190161271646,1.6014210601127967e-07
[64],7,"lr=3e-04, wd=0.0",90,layer4_lr3e-05_hd128_wd0.01_cosine,"lr3e-05,wd0.01",-4.144688329213107,6.602843828043412e-08
[64],7,"lr=3e-04, wd=0.0",90,layer4_lr0.0001_hd128_wd0.0_cosine,"lr0.0001,wd0.0",-4.121568934767095,8.16938171434118e-08
[64],7,"lr=3e-04, wd=0.0",90,layer4_lr0.0001_hd128_wd0.01_cosine,"lr0.0001,wd0.01",-4.108545563895547,2.8196109274575685e-06
[64],7,"lr=3e-04, wd=0.0",90,layer4_lr0.0003_hd128_wd0.0_cosine,"lr0.0003,wd0.0",-1.7243212016913034,0.00020512002977920874
[64],7,"lr=3e-04, wd=0.0",90,layer4_lr0.0003_hd128_wd0.01_cosine,"lr0.0003,wd0.01",-3.798476542225959,2.7814776661295818e-05
[64],7,"lr=3e-04, wd=0.0",90,layer4_lr0.001_hd128_wd0.0_cosine,"lr0.001,wd0.0",-1.788752327271287,0.00028602222481887644
[64],7,"lr=3e-04, wd=0.0",90,layer4_lr0.001_hd128_wd0.01_cosine,"lr0.001,wd0.01",-3.5248252701984764,3.94650351343779e-05
[64],7,"lr=3e-04, wd=0.0",90,layer4_lr0.003_hd128_wd0.0_cosine,"lr0.003,wd0.0",-3.137154279659856,0.00010146455526520673
[64],7,"lr=3e-04, wd=0.0",90,layer4_lr0.003_hd128_wd0.01_cosine,"lr0.003,wd0.01",-3.280219965836198,6.471221053127744e-05
[64],8,"lr=3e-04, wd=0.01",0,layer4_lr1e-05_hd128_wd0.0_cosine,"lr1e-05,wd0.0",-0.8900526459004485,2.5572678027817917e-05
[64],8,"lr=3e-04, wd=0.01",0,layer4_lr1e-05_hd128_wd0.01_cosine,"lr1e-05,wd0.01",-0.8930832110050142,0.0004305044006903439
[64],8,"lr=3e-04, wd=0.01",0,layer4_lr3e-05_hd128_wd0.0_cosine,"lr3e-05,wd0.0",-1.0000343237817457,0.00023999418869626122
[64],8,"lr=3e-04, wd=0.01",0,layer4_lr3e-05_hd128_wd0.01_cosine,"lr3e-05,wd0.01",-1.033825559769319,3.547132902343598e-05
[64],8,"lr=3e-04, wd=0.01",0,layer4_lr0.0001_hd128_wd0.0_cosine,"lr0.0001,wd0.0",-1.2537582773404925,3.6019256017933594e-05
[64],8,"lr=3e-04, wd=0.01",0,layer4_lr0.0001_hd128_wd0.01_cosine,"lr0.0001,wd0.01",-1.5063622277106572,1.6452057052538113e-05
[64],8,"lr=3e-04, wd=0.01",0,layer4_lr0.0003_hd128_wd0.0_cosine,"lr0.0003,wd0.0",-1.6335712754032015,0.00024006182950008867
[64],8,"lr=3e-04, wd=0.01",0,layer4_lr0.0003_hd128_wd0.01_cosine,"lr0.0003,wd0.01",-2.8020215078497857,2.8280379981900532e-05
[64],8,"lr=3e-04, wd=0.01",0,layer4_lr0.001_hd128_wd0.0_cosine,"lr0.001,wd0.0",-1.3579541197599552,0.0006102895228367024
[64],8,"lr=3e-04, wd=0.01",0,layer4_lr0.001_hd128_wd0.01_cosine,"lr0.001,wd0.01",-1.6710153702667354,3.806084784058939e-06
[64],8,"lr=3e-04, wd=0.01",0,layer4_lr0.003_hd128_wd0.0_cosine,"lr0.003,wd0.0",-1.0339168767043012,0.0005136296869170566
[64],8,"lr=3e-04, wd=0.01",0,layer4_lr0.003_hd128_wd0.01_cosine,"lr0.003,wd0.01",-1.0773462145067476,2.173932962620576e-05
[64],8,"lr=3e-04, wd=0.01",5,layer4_lr1e-05_hd128_wd0.0_cosine,"lr1e-05,wd0.0",-1.6783763178716495,0.0006443677754579017
[64],8,"lr=3e-04, wd=0.01",5,layer4_lr1e-05_hd128_wd0.01_cosine,"lr1e-05,wd0.01",-1.716427045162888,0.00018540386980952584
[64],8,"lr=3e-04, wd=0.01",5,layer4_lr3e-05_hd128_wd0.0_cosine,"lr3e-05,wd0.0",-2.34745549017651,0.00028610564534744815
[64],8,"lr=3e-04, wd=0.01",5,layer4_lr3e-05_hd128_wd0.01_cosine,"lr3e-05,wd0.01",-2.47909676130172,3.6401558525077398e-06
[64],8,"lr=3e-04, wd=0.01",5,layer4_lr0.0001_hd128_wd0.0_cosine,"lr0.0001,wd0.0",-2.571406217480095,2.621349145528892e-07
[64],8,"lr=3e-04, wd=0.01",5,layer4_lr0.0001_hd128_wd0.01_cosine,"lr0.0001,wd0.01",-3.4023228715011573,3.0332737369844004e-05
[64],8,"lr=3e-04, wd=0.01",5,layer4_lr0.0003_hd128_wd0.0_cosine,"lr0.0003,wd0.0",-1.7381898828486702,0.0012591280354877518
[64],8,"lr=3e-04, wd=0.01",5,layer4_lr0.0003_hd128_wd0.01_cosine,"lr0.0003,wd0.01",-3.6017383819848185,2.2814775076480735e-05
[64],8,"lr=3e-04, wd=0.01",5,layer4_lr0.001_hd128_wd0.0_cosine,"lr0.001,wd0.0",-1.4439784375059899,0.002500048825729192
[64],8,"lr=3e-04, wd=0.01",5,layer4_lr0.001_hd128_wd0.01_cosine,"lr0.001,wd0.01",-3.522280024749698,1.7628326883882844e-05
[64],8,"lr=3e-04, wd=0.01",5,layer4_lr0.003_hd128_wd0.0_cosine,"lr0.003,wd0.0",-1.7107875539887725,0.0018996121819513329
[64],8,"lr=3e-04, wd=0.01",5,layer4_lr0.003_hd128_wd0.01_cosine,"lr0.003,wd0.01",-1.92403660384579,0.0010595212723266943
[64],8,"lr=3e-04, wd=0.01",10,layer4_lr1e-05_hd128_wd0.0_cosine,"lr1e-05,wd0.0",-1.924503962128487,0.0003752405242700273
[64],8,"lr=3e-04, wd=0.01",10,layer4_lr1e-05_hd128_wd0.01_cosine,"lr1e-05,wd0.01",-1.9843773232615074,0.00022424472868627597
[64],8,"lr=3e-04, wd=0.01",10,layer4_lr3e-05_hd128_wd0.0_cosine,"lr3e-05,wd0.0",-2.751630662640578,9.040443992482072e-05
[64],8,"lr=3e-04, wd=0.01",10,layer4_lr3e-05_hd128_wd0.01_cosine,"lr3e-05,wd0.01",-2.7634065055524832,1.228827784559489e-05
[64],8,"lr=3e-04, wd=0.01",10,layer4_lr0.0001_hd128_wd0.0_cosine,"lr0.0001,wd0.0",-2.0272302091132763,0.0003124656631870924
[64],8,"lr=3e-04, wd=0.01",10,layer4_lr0.0001_hd128_wd0.01_cosine,"lr0.0001,wd0.01",-3.7639688313444477,4.76031967504654e-06
[64],8,"lr=3e-04, wd=0.01",10,layer4_lr0.0003_hd128_wd0.0_cosine,"lr0.0003,wd0.0",-1.5073807322698842,0.0022749220377562603
[64],8,"lr=3e-04, wd=0.01",10,layer4_lr0.0003_hd128_wd0.01_cosine,"lr0.0003,wd0.01",-3.8022878731563132,1.6103974420962513e-05
[64],8,"lr=3e-04, wd=0.01",10,layer4_lr0.001_hd128_wd0.0_cosine,"lr0.001,wd0.0",-1.4869224345038163,0.002746358910738819
[64],8,"lr=3e-04, wd=0.01",10,layer4_lr0.001_hd128_wd0.01_cosine,"lr0.001,wd0.01",-3.5106951478138546,5.012201085759833e-05
[64],8,"lr=3e-04, wd=0.01",10,layer4_lr0.003_hd128_wd0.0_cosine,"lr0.003,wd0.0",-0.9747843513081822,0.0014396728127771816
[64],8,"lr=3e-04, wd=0.01",10,layer4_lr0.003_hd128_wd0.01_cosine,"lr0.003,wd0.01",-2.6537543645977446,0.0002415134268678034
[64],8,"lr=3e-04, wd=0.01",20,layer4_lr1e-05_hd128_wd0.0_cosine,"lr1e-05,wd0.0",-2.1349182483253424,4.9259249066233934e-06
[64],8,"lr=3e-04, wd=0.01",20,layer4_lr1e-05_hd128_wd0.01_cosine,"lr1e-05,wd0.01",-2.186525468802075,7.912947128171649e-06
[64],8,"lr=3e-04, wd=0.01",20,layer4_lr3e-05_hd128_wd0.0_cosine,"lr3e-05,wd0.0",-2.648067358762065,8.319954955843627e-07
[64],8,"lr=3e-04, wd=0.01",20,layer4_lr3e-05_hd128_wd0.01_cosine,"lr3e-05,wd0.01",-3.39759360149324,2.1732577067937975e-06
[64],8,"lr=3e-04, wd=0.01",20,layer4_lr0.0001_hd128_wd0.0_cosine,"lr0.0001,wd0.0",-1.650830507156428,0.0009079597421221768
[64],8,"lr=3e-04, wd=0.01",20,layer4_lr0.0001_hd128_wd0.01_cosine,"lr0.0001,wd0.01",-3.8126889304503635,2.2043472611127435e-06
[64],8,"lr=3e-04, wd=0.01",20,layer4_lr0.0003_hd128_wd0.0_cosine,"lr0.0003,wd0.0",-1.548343968040606,0.0021982435670601574
[64],8,"lr=3e-04, wd=0.01",20,layer4_lr0.0003_hd128_wd0.01_cosine,"lr0.0003,wd0.01",-3.889743757164336,1.6146339229721663e-05
[64],8,"lr=3e-04, wd=0.01",20,layer4_lr0.001_hd128_wd0.0_cosine,"lr0.001,wd0.0",-1.5915748411538848,0.0024213817825522173
[64],8,"lr=3e-04, wd=0.01",20,layer4_lr0.001_hd128_wd0.01_cosine,"lr0.001,wd0.01",-3.1110954946352836,8.887863839384133e-05
[64],8,"lr=3e-04, wd=0.01",20,layer4_lr0.003_hd128_wd0.0_cosine,"lr0.003,wd0.0",-0.3630096580058102,0.0015661496261096712
[64],8,"lr=3e-04, wd=0.01",20,layer4_lr0.003_hd128_wd0.01_cosine,"lr0.003,wd0.01",-1.2798048404972406,0.000540710643820832
[64],8,"lr=3e-04, wd=0.01",50,layer4_lr1e-05_hd128_wd0.0_cosine,"lr1e-05,wd0.0",-3.640844618429343,2.862143402359458e-05
[64],8,"lr=3e-04, wd=0.01",50,layer4_lr1e-05_hd128_wd0.01_cosine,"lr1e-05,wd0.01",-3.7120426149248353,2.682422764922357e-05
[64],8,"lr=3e-04, wd=0.01",50,layer4_lr3e-05_hd128_wd0.0_cosine,"lr3e-05,wd0.0",-3.5974684535889456,2.0879320104608887e-05
[64],8,"lr=3e-04, wd=0.01",50,layer4_lr3e-05_hd128_wd0.01_cosine,"lr3e-05,wd0.01",-3.9959385663999862,7.587954970136831e-06
[64],8,"lr=3e-04, wd=0.01",50,layer4_lr0.0001_hd128_wd0.0_cosine,"lr0.0001,wd0.0",-2.4172836282333203,0.0002160921213179135
[64],8,"lr=3e-04, wd=0.01",50,layer4_lr0.0001_hd128_wd0.01_cosine,"lr0.0001,wd0.01",-4.136505898949987,1.6466303009943191e-06
[64],8,"lr=3e-04, wd=0.01",50,layer4_lr0.0003_hd128_wd0.0_cosine,"lr0.0003,wd0.0",-2.008462325340845,0.00039500098788452934
[64],8,"lr=3e-04, wd=0.01",50,layer4_lr0.0003_hd128_wd0.01_cosine,"lr0.0003,wd0.01",-4.042061488330599,1.0702672830639358e-05
[64],8,"lr=3e-04, wd=0.01",50,layer4_lr0.001_hd128_wd0.0_cosine,"lr0.001,wd0.0",-1.9503852177255965,0.00024085208266963725
[64],8,"lr=3e-04, wd=0.01",50,layer4_lr0.001_hd128_wd0.01_cosine,"lr0.001,wd0.01",-1.0209756335167643,0.00022973415366784984
[64],8,"lr=3e-04, wd=0.01",50,layer4_lr0.003_hd128_wd0.0_cosine,"lr0.003,wd0.0",2.155237944541892,0.0006765382830276285
[64],8,"lr=3e-04, wd=0.01",50,layer4_lr0.003_hd128_wd0.01_cosine,"lr0.003,wd0.01",2.260835676385775,0.0006623211030353019
[64],8,"lr=3e-04, wd=0.01",90,layer4_lr1e-05_hd128_wd0.0_cosine,"lr1e-05,wd0.0",-3.925910440634295,1.8045159954626785e-05
[64],8,"lr=3e-04, wd=0.01",90,layer4_lr1e-05_hd128_wd0.01_cosine,"lr1e-05,wd0.01",-4.121549089113266,5.957770752208263e-06
[64],8,"lr=3e-04, wd=0.01",90,layer4_lr3e-05_hd128_wd0.0_cosine,"lr3e-05,wd0.0",-4.067039245895503,7.521018292286294e-06
[64],8,"lr=3e-04, wd=0.01",90,layer4_lr3e-05_hd128_wd0.01_cosine,"lr3e-05,wd0.01",-4.160019697217088,2.531352318908637e-06
[64],8,"lr=3e-04, wd=0.01",90,layer4_lr0.0001_hd128_wd0.0_cosine,"lr0.0001,wd0.0",-2.455912111216353,2.640610138375379e-07
[64],8,"lr=3e-04, wd=0.01",90,layer4_lr0.0001_hd128_wd0.01_cosine,"lr0.0001,wd0.01",-4.210703757255476,2.602718917905846e-07
[64],8,"lr=3e-04, wd=0.01",90,layer4_lr0.0003_hd128_wd0.0_cosine,"lr0.0003,wd0.0",-2.249235881289393,1.1134351811928164e-05
[64],8,"lr=3e-04, wd=0.01",90,layer4_lr0.0003_hd128_wd0.01_cosine,"lr0.0003,wd0.01",-4.06915803282268,1.0425067088658494e-05
[64],8,"lr=3e-04, wd=0.01",90,layer4_lr0.001_hd128_wd0.0_cosine,"lr0.001,wd0.0",-2.2785149083946736,7.99700237415032e-06
[64],8,"lr=3e-04, wd=0.01",90,layer4_lr0.001_hd128_wd0.01_cosine,"lr0.001,wd0.01",-3.1517235552258973,7.750189320655748e-05
[64],8,"lr=3e-04, wd=0.01",90,layer4_lr0.003_hd128_wd0.0_cosine,"lr0.003,wd0.0",-2.3029168247667697,1.1870999833728636e-05
[64],8,"lr=3e-04, wd=0.01",90,layer4_lr0.003_hd128_wd0.01_cosine,"lr0.003,wd0.01",-3.0879541225051343,0.00011310230778051181
[64],9,"lr=0.001, wd=0.0",0,layer4_lr1e-05_hd128_wd0.0_cosine,"lr1e-05,wd0.0",-0.8522375322268433,1.6287959477076147e-05
[64],9,"lr=0.001, wd=0.0",0,layer4_lr1e-05_hd128_wd0.01_cosine,"lr1e-05,wd0.01",-0.8475804180622882,0.00014927911369906906
[64],9,"lr=0.001, wd=0.0",0,layer4_lr3e-05_hd128_wd0.0_cosine,"lr3e-05,wd0.0",-0.9243636981492176,0.0006455584732294646
[64],9,"lr=0.001, wd=0.0",0,layer4_lr3e-05_hd128_wd0.01_cosine,"lr3e-05,wd0.01",-0.9328683113231027,1.2108268451670737e-05
[64],9,"lr=0.001, wd=0.0",0,layer4_lr0.0001_hd128_wd0.0_cosine,"lr0.0001,wd0.0",-1.0860841081441301,0.00025679552036923326
[64],9,"lr=0.001, wd=0.0",0,layer4_lr0.0001_hd128_wd0.01_cosine,"lr0.0001,wd0.01",-1.0693564907709894,0.0001958878122012522
[64],9,"lr=0.001, wd=0.0",0,layer4_lr0.0003_hd128_wd0.0_cosine,"lr0.0003,wd0.0",-1.518897809938218,3.7485725251971927e-05
[64],9,"lr=0.001, wd=0.0",0,layer4_lr0.0003_hd128_wd0.01_cosine,"lr0.0003,wd0.01",-1.3839149256940637,0.00022832800048418862
[64],9,"lr=0.001, wd=0.0",0,layer4_lr0.001_hd128_wd0.0_cosine,"lr0.001,wd0.0",-2.5153542827738966,0.00025235578897358547
[64],9,"lr=0.001, wd=0.0",0,layer4_lr0.001_hd128_wd0.01_cosine,"lr0.001,wd0.01",-1.7502722822137766,0.00012721149744081642
[64],9,"lr=0.001, wd=0.0",0,layer4_lr0.003_hd128_wd0.0_cosine,"lr0.003,wd0.0",-1.7853814092643203,0.00016781259622323402
[64],9,"lr=0.001, wd=0.0",0,layer4_lr0.003_hd128_wd0.01_cosine,"lr0.003,wd0.01",-1.4475756282340295,3.082825522387011e-05
[64],9,"lr=0.001, wd=0.0",5,layer4_lr1e-05_hd128_wd0.0_cosine,"lr1e-05,wd0.0",-1.590892979845452,0.0021365343796529075
[64],9,"lr=0.001, wd=0.0",5,layer4_lr1e-05_hd128_wd0.01_cosine,"lr1e-05,wd0.01",-1.7582688575677667,0.0007965407214996549
[64],9,"lr=0.001, wd=0.0",5,layer4_lr3e-05_hd128_wd0.0_cosine,"lr3e-05,wd0.0",-1.8088002842488358,0.001526558222950394
[64],9,"lr=0.001, wd=0.0",5,layer4_lr3e-05_hd128_wd0.01_cosine,"lr3e-05,wd0.01",-1.970005544989328,0.0007741395366484159
[64],9,"lr=0.001, wd=0.0",5,layer4_lr0.0001_hd128_wd0.0_cosine,"lr0.0001,wd0.0",-2.203638711678942,0.0003221451280554794
[64],9,"lr=0.001, wd=0.0",5,layer4_lr0.0001_hd128_wd0.01_cosine,"lr0.0001,wd0.01",-2.2477904510547133,0.0003438558395546814
[64],9,"lr=0.001, wd=0.0",5,layer4_lr0.0003_hd128_wd0.0_cosine,"lr0.0003,wd0.0",-2.257630950587937,3.271179605313405e-05
[64],9,"lr=0.001, wd=0.0",5,layer4_lr0.0003_hd128_wd0.01_cosine,"lr0.0003,wd0.01",-2.2304230454454075,0.00044088866869850256
[64],9,"lr=0.001, wd=0.0",5,layer4_lr0.001_hd128_wd0.0_cosine,"lr0.001,wd0.0",-2.6681114326720996,0.00027824432997632705
[64],9,"lr=0.001, wd=0.0",5,layer4_lr0.001_hd128_wd0.01_cosine,"lr0.001,wd0.01",-2.270812104853307,0.0003584990217121011
[64],9,"lr=0.001, wd=0.0",5,layer4_lr0.003_hd128_wd0.0_cosine,"lr0.003,wd0.0",-2.501579139280523,0.00012652840124786265
[64],9,"lr=0.001, wd=0.0",5,layer4_lr0.003_hd128_wd0.01_cosine,"lr0.003,wd0.01",-1.70834829490901,0.001921644164366556
[64],9,"lr=0.001, wd=0.0",10,layer4_lr1e-05_hd128_wd0.0_cosine,"lr1e-05,wd0.0",-1.9349632145750149,0.0011131347450720665
[64],9,"lr=0.001, wd=0.0",10,layer4_lr1e-05_hd128_wd0.01_cosine,"lr1e-05,wd0.01",-2.0340294192330237,0.0007092640275379549
[64],9,"lr=0.001, wd=0.0",10,layer4_lr3e-05_hd128_wd0.0_cosine,"lr3e-05,wd0.0",-1.9492296584970312,0.001131498499396542
[64],9,"lr=0.001, wd=0.0",10,layer4_lr3e-05_hd128_wd0.01_cosine,"lr3e-05,wd0.01",-2.154443754829141,0.00036116189446580473
[64],9,"lr=0.001, wd=0.0",10,layer4_lr0.0001_hd128_wd0.0_cosine,"lr0.0001,wd0.0",-2.337994193001237,0.00019863517727807616
[64],9,"lr=0.001, wd=0.0",10,layer4_lr0.0001_hd128_wd0.01_cosine,"lr0.0001,wd0.01",-2.327899672294079,0.0002893063365700522
[64],9,"lr=0.001, wd=0.0",10,layer4_lr0.0003_hd128_wd0.0_cosine,"lr0.0003,wd0.0",-2.4415470930879364,6.559410772816581e-05
[64],9,"lr=0.001, wd=0.0",10,layer4_lr0.0003_hd128_wd0.01_cosine,"lr0.0003,wd0.01",-2.377951527967204,0.0003298404128114506
[64],9,"lr=0.001, wd=0.0",10,layer4_lr0.001_hd128_wd0.0_cosine,"lr0.001,wd0.0",-2.552963540288413,0.0003055780229363925
[64],9,"lr=0.001, wd=0.0",10,layer4_lr0.001_hd128_wd0.01_cosine,"lr0.001,wd0.01",-2.4717057773666538,0.000310229072191517
[64],9,"lr=0.001, wd=0.0",10,layer4_lr0.003_hd128_wd0.0_cosine,"lr0.003,wd0.0",-2.8293160835245663,0.00010502009036062585
[64],9,"lr=0.001, wd=0.0",10,layer4_lr0.003_hd128_wd0.01_cosine,"lr0.003,wd0.01",-2.2917713695124875,0.0005678508937179319
[64],9,"lr=0.001, wd=0.0",20,layer4_lr1e-05_hd128_wd0.0_cosine,"lr1e-05,wd0.0",-1.9559364902069352,5.8616344003858144e-05
[64],9,"lr=0.001, wd=0.0",20,layer4_lr1e-05_hd128_wd0.01_cosine,"lr1e-05,wd0.01",-2.0023631194246856,3.691895644644475e-06
[64],9,"lr=0.001, wd=0.0",20,layer4_lr3e-05_hd128_wd0.0_cosine,"lr3e-05,wd0.0",-2.1767818176931146,0.00034148047138873503
[64],9,"lr=0.001, wd=0.0",20,layer4_lr3e-05_hd128_wd0.01_cosine,"lr3e-05,wd0.01",-2.3244139594960918,0.00018816508503313194
[64],9,"lr=0.001, wd=0.0",20,layer4_lr0.0001_hd128_wd0.0_cosine,"lr0.0001,wd0.0",-2.325981688014154,0.00012124971969316844
[64],9,"lr=0.001, wd=0.0",20,layer4_lr0.0001_hd128_wd0.01_cosine,"lr0.0001,wd0.01",-2.3410143439324087,0.00021084964248901795
[64],9,"lr=0.001, wd=0.0",20,layer4_lr0.0003_hd128_wd0.0_cosine,"lr0.0003,wd0.0",-2.7691669794314997,0.00011602676332085173
[64],9,"lr=0.001, wd=0.0",20,layer4_lr0.0003_hd128_wd0.01_cosine,"lr0.0003,wd0.01",-2.5865269886566526,0.0002717073857633028
[64],9,"lr=0.001, wd=0.0",20,layer4_lr0.001_hd128_wd0.0_cosine,"lr0.001,wd0.0",-2.108181980680376,0.00034021745866907735
[64],9,"lr=0.001, wd=0.0",20,layer4_lr0.001_hd128_wd0.01_cosine,"lr0.001,wd0.01",-2.496840550685706,0.0003271567816349411
[64],9,"lr=0.001, wd=0.0",20,layer4_lr0.003_hd128_wd0.0_cosine,"lr0.003,wd0.0",-3.040622390431264,0.00012067485372443352
[64],9,"lr=0.001, wd=0.0",20,layer4_lr0.003_hd128_wd0.01_cosine,"lr0.003,wd0.01",-1.5597861913702245,0.0009874911255193704
[64],9,"lr=0.001, wd=0.0",50,layer4_lr1e-05_hd128_wd0.0_cosine,"lr1e-05,wd0.0",-2.8238191649740028,8.332054364279558e-06
[64],9,"lr=0.001, wd=0.0",50,layer4_lr1e-05_hd128_wd0.01_cosine,"lr1e-05,wd0.01",-2.7101750184971327,7.537572848924818e-06
[64],9,"lr=0.001, wd=0.0",50,layer4_lr3e-05_hd128_wd0.0_cosine,"lr3e-05,wd0.0",-2.583609517324072,2.8678717176028574e-06
[64],9,"lr=0.001, wd=0.0",50,layer4_lr3e-05_hd128_wd0.01_cosine,"lr3e-05,wd0.01",-2.940719306195522,8.00114639366393e-07
[64],9,"lr=0.001, wd=0.0",50,layer4_lr0.0001_hd128_wd0.0_cosine,"lr0.0001,wd0.0",-2.546266160558533,7.407964474849356e-05
[64],9,"lr=0.001, wd=0.0",50,layer4_lr0.0001_hd128_wd0.01_cosine,"lr0.0001,wd0.01",-2.6185605318426854,5.615274314472728e-05
[64],9,"lr=0.001, wd=0.0",50,layer4_lr0.0003_hd128_wd0.0_cosine,"lr0.0003,wd0.0",-3.0454009373484205,0.00012709589515373025
[64],9,"lr=0.001, wd=0.0",50,layer4_lr0.0003_hd128_wd0.01_cosine,"lr0.0003,wd0.01",-3.1964854756636836,9.076659581358695e-05
[64],9,"lr=0.001, wd=0.0",50,layer4_lr0.001_hd128_wd0.0_cosine,"lr0.001,wd0.0",-0.9383181011523232,0.00035520446980309646
[64],9,"lr=0.001, wd=0.0",50,layer4_lr0.001_hd128_wd0.01_cosine,"lr0.001,wd0.01",-1.2973905702025847,0.0003827093649038465
[64],9,"lr=0.001, wd=0.0",50,layer4_lr0.003_hd128_wd0.0_cosine,"lr0.003,wd0.0",-2.9563239346272328,0.00013521077873417141
[64],9,"lr=0.001, wd=0.0",50,layer4_lr0.003_hd128_wd0.01_cosine,"lr0.003,wd0.01",1.5021644202462259,0.0008691385469302788
[64],9,"lr=0.001, wd=0.0",90,layer4_lr1e-05_hd128_wd0.0_cosine,"lr1e-05,wd0.0",-3.900521456989104,9.00117526494289e-06
[64],9,"lr=0.001, wd=0.0",90,layer4_lr1e-05_hd128_wd0.01_cosine,"lr1e-05,wd0.01",-4.046366112313113,2.0180248235646384e-06
[64],9,"lr=0.001, wd=0.0",90,layer4_lr3e-05_hd128_wd0.0_cosine,"lr3e-05,wd0.0",-3.9845190596430484,1.4014491232038613e-08
[64],9,"lr=0.001, wd=0.0",90,layer4_lr3e-05_hd128_wd0.01_cosine,"lr3e-05,wd0.01",-4.084554999479508,2.117762689554175e-09
[64],9,"lr=0.001, wd=0.0",90,layer4_lr0.0001_hd128_wd0.0_cosine,"lr0.0001,wd0.0",-3.785872290923986,7.917800468883183e-06
[64],9,"lr=0.001, wd=0.0",90,layer4_lr0.0001_hd128_wd0.01_cosine,"lr0.0001,wd0.01",-4.008553773933735,3.081532407871809e-07
[64],9,"lr=0.001, wd=0.0",90,layer4_lr0.0003_hd128_wd0.0_cosine,"lr0.0003,wd0.0",-3.4410363544880513,5.714615355136756e-05
[64],9,"lr=0.001, wd=0.0",90,layer4_lr0.0003_hd128_wd0.01_cosine,"lr0.0003,wd0.01",-3.7327608477201566,1.6495248837543863e-05
[64],9,"lr=0.001, wd=0.0",90,layer4_lr0.001_hd128_wd0.0_cosine,"lr0.001,wd0.0",-1.3898571160595536,0.0002285810301087226
[64],9,"lr=0.001, wd=0.0",90,layer4_lr0.001_hd128_wd0.01_cosine,"lr0.001,wd0.01",-3.4130366623485395,3.7068314718459096e-05
[64],9,"lr=0.001, wd=0.0",90,layer4_lr0.003_hd128_wd0.0_cosine,"lr0.003,wd0.0",-3.0830195814580503,9.063568415061782e-05
[64],9,"lr=0.001, wd=0.0",90,layer4_lr0.003_hd128_wd0.01_cosine,"lr0.003,wd0.01",-3.1308270605509865,8.78733800019294e-05
[64],10,"lr=0.001, wd=0.01",0,layer4_lr1e-05_hd128_wd0.0_cosine,"lr1e-05,wd0.0",-0.7786273524690748,0.000257087345576377
[64],10,"lr=0.001, wd=0.01",0,layer4_lr1e-05_hd128_wd0.01_cosine,"lr1e-05,wd0.01",-0.7685506528133543,0.001030965354549699
[64],10,"lr=0.001, wd=0.01",0,layer4_lr3e-05_hd128_wd0.0_cosine,"lr3e-05,wd0.0",-0.8498923690681707,3.740138261762772e-05
[64],10,"lr=0.001, wd=0.01",0,layer4_lr3e-05_hd128_wd0.01_cosine,"lr3e-05,wd0.01",-0.8569041330176583,0.00024494114967804094
[64],10,"lr=0.001, wd=0.01",0,layer4_lr0.0001_hd128_wd0.0_cosine,"lr0.0001,wd0.0",-0.9636394605920021,9.375942106384408e-07
[64],10,"lr=0.001, wd=0.01",0,layer4_lr0.0001_hd128_wd0.01_cosine,"lr0.0001,wd0.01",-0.9941383161914423,7.034062003034871e-06
[64],10,"lr=0.001, wd=0.01",0,layer4_lr0.0003_hd128_wd0.0_cosine,"lr0.0003,wd0.0",-1.0930504045837155,0.00036338870065835693
[64],10,"lr=0.001, wd=0.01",0,layer4_lr0.0003_hd128_wd0.01_cosine,"lr0.0003,wd0.01",-1.2104986859240563,1.1552311167213734e-05
[64],10,"lr=0.001, wd=0.01",0,layer4_lr0.001_hd128_wd0.0_cosine,"lr0.001,wd0.0",-1.3017507890998041,0.0006462874981176107
[64],10,"lr=0.001, wd=0.01",0,layer4_lr0.001_hd128_wd0.01_cosine,"lr0.001,wd0.01",-1.6997882367132748,3.806201068778646e-06
[64],10,"lr=0.001, wd=0.01",0,layer4_lr0.003_hd128_wd0.0_cosine,"lr0.003,wd0.0",-1.2374242276929028,0.0005375981202577309
[64],10,"lr=0.001, wd=0.01",0,layer4_lr0.003_hd128_wd0.01_cosine,"lr0.003,wd0.01",-1.3970535527231283,2.37526110570939e-05
[64],10,"lr=0.001, wd=0.01",5,layer4_lr1e-05_hd128_wd0.0_cosine,"lr1e-05,wd0.0",-1.6188819147582156,5.052079537266497e-05
[64],10,"lr=0.001, wd=0.01",5,layer4_lr1e-05_hd128_wd0.01_cosine,"lr1e-05,wd0.01",-1.6231662670991471,4.268958400879128e-05
[64],10,"lr=0.001, wd=0.01",5,layer4_lr3e-05_hd128_wd0.0_cosine,"lr3e-05,wd0.0",-1.7949222104357603,1.7136733559086267e-05
[64],10,"lr=0.001, wd=0.01",5,layer4_lr3e-05_hd128_wd0.01_cosine,"lr3e-05,wd0.01",-1.8930065211366678,2.1394927171777385e-05
[64],10,"lr=0.001, wd=0.01",5,layer4_lr0.0001_hd128_wd0.0_cosine,"lr0.0001,wd0.0",-1.5834359299305165,0.0013812086626932205
[64],10,"lr=0.001, wd=0.01",5,layer4_lr0.0001_hd128_wd0.01_cosine,"lr0.0001,wd0.01",-2.0287459136389434,0.00011346675753722344
[64],10,"lr=0.001, wd=0.01",5,layer4_lr0.0003_hd128_wd0.0_cosine,"lr0.0003,wd0.0",-1.261328235227852,0.003575284205614037
[64],10,"lr=0.001, wd=0.01",5,layer4_lr0.0003_hd128_wd0.01_cosine,"lr0.0003,wd0.01",-2.1359258675087003,1.8464588973645636e-05
[64],10,"lr=0.001, wd=0.01",5,layer4_lr0.001_hd128_wd0.0_cosine,"lr0.001,wd0.0",-1.2520718955281211,0.0038930065981013
[64],10,"lr=0.001, wd=0.01",5,layer4_lr0.001_hd128_wd0.01_cosine,"lr0.001,wd0.01",-2.884038452197189,3.2964629672340235e-06
[64],10,"lr=0.001, wd=0.01",5,layer4_lr0.003_hd128_wd0.0_cosine,"lr0.003,wd0.0",-1.362144624376967,0.0033710299855796684
[64],10,"lr=0.001, wd=0.01",5,layer4_lr0.003_hd128_wd0.01_cosine,"lr0.003,wd0.01",-1.9841824258192338,0.00048797407041650803
[64],10,"lr=0.001, wd=0.01",10,layer4_lr1e-05_hd128_wd0.0_cosine,"lr1e-05,wd0.0",-1.647396398984901,1.117174430977686e-05
[64],10,"lr=0.001, wd=0.01",10,layer4_lr1e-05_hd128_wd0.01_cosine,"lr1e-05,wd0.01",-1.6936413169574722,3.912148866937485e-05
[64],10,"lr=0.001, wd=0.01",10,layer4_lr3e-05_hd128_wd0.0_cosine,"lr3e-05,wd0.0",-1.6549892122731333,0.00010371320812116749
[64],10,"lr=0.001, wd=0.01",10,layer4_lr3e-05_hd128_wd0.01_cosine,"lr3e-05,wd0.01",-1.735445563998073,0.0003230019980823452
[64],10,"lr=0.001, wd=0.01",10,layer4_lr0.0001_hd128_wd0.0_cosine,"lr0.0001,wd0.0",-1.3450346753620726,0.002294899037359638
[64],10,"lr=0.001, wd=0.01",10,layer4_lr0.0001_hd128_wd0.01_cosine,"lr0.0001,wd0.01",-1.961945278125913,0.0005467983211451925
[64],10,"lr=0.001, wd=0.01",10,layer4_lr0.0003_hd128_wd0.0_cosine,"lr0.0003,wd0.0",-1.167454804345985,0.004931998479470439
[64],10,"lr=0.001, wd=0.01",10,layer4_lr0.0003_hd128_wd0.01_cosine,"lr0.0003,wd0.01",-2.3820113817305937,0.00010750687357025133
[64],10,"lr=0.001, wd=0.01",10,layer4_lr0.001_hd128_wd0.0_cosine,"lr0.001,wd0.0",-1.3023750646412366,0.0037151399238782743
[64],10,"lr=0.001, wd=0.01",10,layer4_lr0.001_hd128_wd0.01_cosine,"lr0.001,wd0.01",-3.397902690363819,4.5633885197150575e-07
[64],10,"lr=0.001, wd=0.01",10,layer4_lr0.003_hd128_wd0.0_cosine,"lr0.003,wd0.0",-1.5304989538706506,0.0024464723129673195
[64],10,"lr=0.001, wd=0.01",10,layer4_lr0.003_hd128_wd0.01_cosine,"lr0.003,wd0.01",-2.9392743350473647,0.0001638714405339996
[64],10,"lr=0.001, wd=0.01",20,layer4_lr1e-05_hd128_wd0.0_cosine,"lr1e-05,wd0.0",-1.619028288659153,0.0002777761237613273
[64],10,"lr=0.001, wd=0.01",20,layer4_lr1e-05_hd128_wd0.01_cosine,"lr1e-05,wd0.01",-1.5965579901771176,0.0004893767421869334
[64],10,"lr=0.001, wd=0.01",20,layer4_lr3e-05_hd128_wd0.0_cosine,"lr3e-05,wd0.0",-1.5984563209383167,0.0002155752114358702
[64],10,"lr=0.001, wd=0.01",20,layer4_lr3e-05_hd128_wd0.01_cosine,"lr3e-05,wd0.01",-1.846993106096688,0.00011296537516041002
[64],10,"lr=0.001, wd=0.01",20,layer4_lr0.0001_hd128_wd0.0_cosine,"lr0.0001,wd0.0",-1.4044621845867753,0.001958112495474758
[64],10,"lr=0.001, wd=0.01",20,layer4_lr0.0001_hd128_wd0.01_cosine,"lr0.0001,wd0.01",-2.0535018759108175,0.00035799748129388597
[64],10,"lr=0.001, wd=0.01",20,layer4_lr0.0003_hd128_wd0.0_cosine,"lr0.0003,wd0.0",-1.420800468516515,0.0029003515387912393
[64],10,"lr=0.001, wd=0.01",20,layer4_lr0.0003_hd128_wd0.01_cosine,"lr0.0003,wd0.01",-2.763214634211702,8.112288630957504e-05
[64],10,"lr=0.001, wd=0.01",20,layer4_lr0.001_hd128_wd0.0_cosine,"lr0.001,wd0.0",-1.51385566601728,0.0026955838858293184
[64],10,"lr=0.001, wd=0.01",20,layer4_lr0.001_hd128_wd0.01_cosine,"lr0.001,wd0.01",-3.601337206750386,2.7844680450850687e-07
[64],10,"lr=0.001, wd=0.01",20,layer4_lr0.003_hd128_wd0.0_cosine,"lr0.003,wd0.0",-1.63192741774063,0.002162561587505708
[64],10,"lr=0.001, wd=0.01",20,layer4_lr0.003_hd128_wd0.01_cosine,"lr0.003,wd0.01",-1.7824744213509283,0.0003389059830117114
[64],10,"lr=0.001, wd=0.01",50,layer4_lr1e-05_hd128_wd0.0_cosine,"lr1e-05,wd0.0",-3.2223356615483683,5.658291892205778e-05
[64],10,"lr=0.001, wd=0.01",50,layer4_lr1e-05_hd128_wd0.01_cosine,"lr1e-05,wd0.01",-3.229675444743592,4.646333190873984e-05
[64],10,"lr=0.001, wd=0.01",50,layer4_lr3e-05_hd128_wd0.0_cosine,"lr3e-05,wd0.0",-3.0869301720668076,6.959850920898587e-05
[64],10,"lr=0.001, wd=0.01",50,layer4_lr3e-05_hd128_wd0.01_cosine,"lr3e-05,wd0.01",-3.2123297990795003,4.961727866105789e-05
[64],10,"lr=0.001, wd=0.01",50,layer4_lr0.0001_hd128_wd0.0_cosine,"lr0.0001,wd0.0",-2.3074505154878717,0.00025185286623843753
[64],10,"lr=0.001, wd=0.01",50,layer4_lr0.0001_hd128_wd0.01_cosine,"lr0.0001,wd0.01",-3.650774157657832,1.6761707025430496e-05
[64],10,"lr=0.001, wd=0.01",50,layer4_lr0.0003_hd128_wd0.0_cosine,"lr0.0003,wd0.0",-2.0130401210074713,0.00039598246246892965
[64],10,"lr=0.001, wd=0.01",50,layer4_lr0.0003_hd128_wd0.01_cosine,"lr0.0003,wd0.01",-3.7960753345761846,1.2276584998344165e-05
[64],10,"lr=0.001, wd=0.01",50,layer4_lr0.001_hd128_wd0.0_cosine,"lr0.001,wd0.0",-1.990083934602616,0.0005091190054029946
[64],10,"lr=0.001, wd=0.01",50,layer4_lr0.001_hd128_wd0.01_cosine,"lr0.001,wd0.01",-3.690895424303077,3.123034438506871e-05
[64],10,"lr=0.001, wd=0.01",50,layer4_lr0.003_hd128_wd0.0_cosine,"lr0.003,wd0.0",-0.4785055882509557,0.0007231792143667257
[64],10,"lr=0.001, wd=0.01",50,layer4_lr0.003_hd128_wd0.01_cosine,"lr0.003,wd0.01",-0.3252353079934225,0.000422804063557039
[64],10,"lr=0.001, wd=0.01",90,layer4_lr1e-05_hd128_wd0.0_cosine,"lr1e-05,wd0.0",-3.825458858257606,2.4014425405467e-05
[64],10,"lr=0.001, wd=0.01",90,layer4_lr1e-05_hd128_wd0.01_cosine,"lr1e-05,wd0.01",-4.038619475937251,8.891465628231659e-06
[64],10,"lr=0.001, wd=0.01",90,layer4_lr3e-05_hd128_wd0.0_cosine,"lr3e-05,wd0.0",-3.976925439478746,1.039893828741856e-05
[64],10,"lr=0.001, wd=0.01",90,layer4_lr3e-05_hd128_wd0.01_cosine,"lr3e-05,wd0.01",-4.021501092385959,7.592552941730273e-06
[64],10,"lr=0.001, wd=0.01",90,layer4_lr0.0001_hd128_wd0.0_cosine,"lr0.0001,wd0.0",-2.3999431324741987,5.139138287630358e-07
[64],10,"lr=0.001, wd=0.01",90,layer4_lr0.0001_hd128_wd0.01_cosine,"lr0.0001,wd0.01",-4.115473620455795,3.827795204320755e-06
[64],10,"lr=0.001, wd=0.01",90,layer4_lr0.0003_hd128_wd0.0_cosine,"lr0.0003,wd0.0",-2.3187683385385642,8.084643563301384e-06
[64],10,"lr=0.001, wd=0.01",90,layer4_lr0.0003_hd128_wd0.01_cosine,"lr0.0003,wd0.01",-4.177001421598479,7.0838142695261355e-09
[64],10,"lr=0.001, wd=0.01",90,layer4_lr0.001_hd128_wd0.0_cosine,"lr0.001,wd0.0",-2.2648155953333866,1.415476529726204e-06
[64],10,"lr=0.001, wd=0.01",90,layer4_lr0.001_hd128_wd0.01_cosine,"lr0.001,wd0.01",-3.932274328667935,1.2314853769865821e-05
[64],10,"lr=0.001, wd=0.01",90,layer4_lr0.003_hd128_wd0.0_cosine,"lr0.003,wd0.0",-2.3114776277785283,1.8138872569824522e-05
[64],10,"lr=0.001, wd=0.01",90,layer4_lr0.003_hd128_wd0.01_cosine,"lr0.003,wd0.01",-2.905389540152793,0.00012483078024501772
[64],11,"lr=0.003, wd=0.0",0,layer4_lr1e-05_hd128_wd0.0_cosine,"lr1e-05,wd0.0",-0.7139600944507267,5.613366501186609e-05
[64],11,"lr=0.003, wd=0.0",0,layer4_lr1e-05_hd128_wd0.01_cosine,"lr1e-05,wd0.01",-0.6977308174473069,0.0005897729579749087
[64],11,"lr=0.003, wd=0.0",0,layer4_lr3e-05_hd128_wd0.0_cosine,"lr3e-05,wd0.0",-0.8048958375393029,0.00019812081122540486
[64],11,"lr=0.003, wd=0.0",0,layer4_lr3e-05_hd128_wd0.01_cosine,"lr3e-05,wd0.01",-0.7913520052455433,7.648927931983296e-05
[64],11,"lr=0.003, wd=0.0",0,layer4_lr0.0001_hd128_wd0.0_cosine,"lr0.0001,wd0.0",-0.9433144050235864,4.219988935467945e-05
[64],11,"lr=0.003, wd=0.0",0,layer4_lr0.0001_hd128_wd0.01_cosine,"lr0.0001,wd0.01",-0.9345256315079005,1.1354519870209598e-05
[64],11,"lr=0.003, wd=0.0",0,layer4_lr0.0003_hd128_wd0.0_cosine,"lr0.0003,wd0.0",-1.1335771707530211,0.00016117397127206822
[64],11,"lr=0.003, wd=0.0",0,layer4_lr0.0003_hd128_wd0.01_cosine,"lr0.0003,wd0.01",-1.1165215825517294,6.039846065718853e-05
[64],11,"lr=0.003, wd=0.0",0,layer4_lr0.001_hd128_wd0.0_cosine,"lr0.001,wd0.0",-1.8257378752159243,0.00042103742434788726
[64],11,"lr=0.003, wd=0.0",0,layer4_lr0.001_hd128_wd0.01_cosine,"lr0.001,wd0.01",-1.6761563707655232,3.498035471193729e-05
[64],11,"lr=0.003, wd=0.0",0,layer4_lr0.003_hd128_wd0.0_cosine,"lr0.003,wd0.0",-2.306509276337884,0.0003322407736162206
[64],11,"lr=0.003, wd=0.0",0,layer4_lr0.003_hd128_wd0.01_cosine,"lr0.003,wd0.01",-2.0670957787061934,1.2836841822628158e-07
[64],11,"lr=0.003, wd=0.0",5,layer4_lr1e-05_hd128_wd0.0_cosine,"lr1e-05,wd0.0",-1.8279061701414674,0.000463921101562506
[64],11,"lr=0.003, wd=0.0",5,layer4_lr1e-05_hd128_wd0.01_cosine,"lr1e-05,wd0.01",-1.8584328380993551,1.7435169194311503e-05
[64],11,"lr=0.003, wd=0.0",5,layer4_lr3e-05_hd128_wd0.0_cosine,"lr3e-05,wd0.0",-1.9267328567367465,0.0009540693471096082
[64],11,"lr=0.003, wd=0.0",5,layer4_lr3e-05_hd128_wd0.01_cosine,"lr3e-05,wd0.01",-2.074337881710084,0.0003546336539659981
[64],11,"lr=0.003, wd=0.0",5,layer4_lr0.0001_hd128_wd0.0_cosine,"lr0.0001,wd0.0",-2.3791744552530805,5.051244833465579e-05
[64],11,"lr=0.003, wd=0.0",5,layer4_lr0.0001_hd128_wd0.01_cosine,"lr0.0001,wd0.01",-2.397296115424454,0.00018401142090841322
[64],11,"lr=0.003, wd=0.0",5,layer4_lr0.0003_hd128_wd0.0_cosine,"lr0.0003,wd0.0",-2.2209315297305463,0.00044716839188003657
[64],11,"lr=0.003, wd=0.0",5,layer4_lr0.0003_hd128_wd0.01_cosine,"lr0.0003,wd0.01",-3.015202140927956,0.00013490226737767662
[64],11,"lr=0.003, wd=0.0",5,layer4_lr0.001_hd128_wd0.0_cosine,"lr0.001,wd0.0",-2.1524825986048604,0.0007033838205658622
[64],11,"lr=0.003, wd=0.0",5,layer4_lr0.001_hd128_wd0.01_cosine,"lr0.001,wd0.01",-2.617333704921476,0.00019117591260021867
[64],11,"lr=0.003, wd=0.0",5,layer4_lr0.003_hd128_wd0.0_cosine,"lr0.003,wd0.0",-2.1309857218067645,0.00036477795750430587
[64],11,"lr=0.003, wd=0.0",5,layer4_lr0.003_hd128_wd0.01_cosine,"lr0.003,wd0.01",-1.7271095252286948,0.0018444787174605403
[64],11,"lr=0.003, wd=0.0",10,layer4_lr1e-05_hd128_wd0.0_cosine,"lr1e-05,wd0.0",-1.943740479416104,0.00029556725848814023
[64],11,"lr=0.003, wd=0.0",10,layer4_lr1e-05_hd128_wd0.01_cosine,"lr1e-05,wd0.01",-2.0802472597657795,0.0001741247641193947
[64],11,"lr=0.003, wd=0.0",10,layer4_lr3e-05_hd128_wd0.0_cosine,"lr3e-05,wd0.0",-2.1640305219536007,0.00047935767283316475
[64],11,"lr=0.003, wd=0.0",10,layer4_lr3e-05_hd128_wd0.01_cosine,"lr3e-05,wd0.01",-2.3417132932427145,5.9008545262745005e-05
[64],11,"lr=0.003, wd=0.0",10,layer4_lr0.0001_hd128_wd0.0_cosine,"lr0.0001,wd0.0",-2.5225979798817395,4.985693383120057e-06
[64],11,"lr=0.003, wd=0.0",10,layer4_lr0.0001_hd128_wd0.01_cosine,"lr0.0001,wd0.01",-2.697676375019469,0.0001175479521499036
[64],11,"lr=0.003, wd=0.0",10,layer4_lr0.0003_hd128_wd0.0_cosine,"lr0.0003,wd0.0",-2.0555961235856954,0.000937716308432673
[64],11,"lr=0.003, wd=0.0",10,layer4_lr0.0003_hd128_wd0.01_cosine,"lr0.0003,wd0.01",-3.0422209921863073,0.00012085604228152894
[64],11,"lr=0.003, wd=0.0",10,layer4_lr0.001_hd128_wd0.0_cosine,"lr0.001,wd0.0",-2.0952002507805116,0.0008758667910875966
[64],11,"lr=0.003, wd=0.0",10,layer4_lr0.001_hd128_wd0.01_cosine,"lr0.001,wd0.01",-2.7230314155504223,0.00021044858078235075
[64],11,"lr=0.003, wd=0.0",10,layer4_lr0.003_hd128_wd0.0_cosine,"lr0.003,wd0.0",-1.3009862711700313,0.0003881266297222079
[64],11,"lr=0.003, wd=0.0",10,layer4_lr0.003_hd128_wd0.01_cosine,"lr0.003,wd0.01",-2.2740372042111496,0.0004729102387524938
[64],11,"lr=0.003, wd=0.0",20,layer4_lr1e-05_hd128_wd0.0_cosine,"lr1e-05,wd0.0",-1.9256450455614962,3.0350881421583036e-06
[64],11,"lr=0.003, wd=0.0",20,layer4_lr1e-05_hd128_wd0.01_cosine,"lr1e-05,wd0.01",-1.9242529090999134,4.061022577036047e-05
[64],11,"lr=0.003, wd=0.0",20,layer4_lr3e-05_hd128_wd0.0_cosine,"lr3e-05,wd0.0",-2.3658695986330374,5.040884241949599e-05
[64],11,"lr=0.003, wd=0.0",20,layer4_lr3e-05_hd128_wd0.01_cosine,"lr3e-05,wd0.01",-2.4862360913681356,3.983140170084337e-05
[64],11,"lr=0.003, wd=0.0",20,layer4_lr0.0001_hd128_wd0.0_cosine,"lr0.0001,wd0.0",-2.235202540557231,0.000154287142823004
[64],11,"lr=0.003, wd=0.0",20,layer4_lr0.0001_hd128_wd0.01_cosine,"lr0.0001,wd0.01",-2.90507683775578,5.874668087897088e-05
[64],11,"lr=0.003, wd=0.0",20,layer4_lr0.0003_hd128_wd0.0_cosine,"lr0.0003,wd0.0",-1.9759713508553485,0.0009561679346869775
[64],11,"lr=0.003, wd=0.0",20,layer4_lr0.0003_hd128_wd0.01_cosine,"lr0.0003,wd0.01",-2.8720313307306906,0.00013394652543447004
[64],11,"lr=0.003, wd=0.0",20,layer4_lr0.001_hd128_wd0.0_cosine,"lr0.001,wd0.0",-2.0546128787142486,0.000926365136559809
[64],11,"lr=0.003, wd=0.0",20,layer4_lr0.001_hd128_wd0.01_cosine,"lr0.001,wd0.01",-2.1234047851281512,0.00023151100261567772
[64],11,"lr=0.003, wd=0.0",20,layer4_lr0.003_hd128_wd0.0_cosine,"lr0.003,wd0.0",-0.7573239454838774,0.0004369855121198879
[64],11,"lr=0.003, wd=0.0",20,layer4_lr0.003_hd128_wd0.01_cosine,"lr0.003,wd0.01",-0.09657528601395393,0.0008841806851221346
[64],11,"lr=0.003, wd=0.0",50,layer4_lr1e-05_hd128_wd0.0_cosine,"lr1e-05,wd0.0",-3.4716007779388667,1.4735725279717093e-05
[64],11,"lr=0.003, wd=0.0",50,layer4_lr1e-05_hd128_wd0.01_cosine,"lr1e-05,wd0.01",-3.6085075514660407,1.1234112053139775e-05
[64],11,"lr=0.003, wd=0.0",50,layer4_lr3e-05_hd128_wd0.0_cosine,"lr3e-05,wd0.0",-3.4184887532348323,3.769692864410198e-06
[64],11,"lr=0.003, wd=0.0",50,layer4_lr3e-05_hd128_wd0.01_cosine,"lr3e-05,wd0.01",-3.8119344979396352,3.111471969628048e-07
[64],11,"lr=0.003, wd=0.0",50,layer4_lr0.0001_hd128_wd0.0_cosine,"lr0.0001,wd0.0",-2.522019335457531,7.160845408091729e-05
[64],11,"lr=0.003, wd=0.0",50,layer4_lr0.0001_hd128_wd0.01_cosine,"lr0.0001,wd0.01",-3.804499817989587,1.7786996803226558e-05
[64],11,"lr=0.003, wd=0.0",50,layer4_lr0.0003_hd128_wd0.0_cosine,"lr0.0003,wd0.0",-2.256919272898876,0.0003007863330756588
[64],11,"lr=0.003, wd=0.0",50,layer4_lr0.0003_hd128_wd0.01_cosine,"lr0.0003,wd0.01",-3.496950237247158,5.350855008520154e-05
[64],11,"lr=0.003, wd=0.0",50,layer4_lr0.001_hd128_wd0.0_cosine,"lr0.001,wd0.0",-2.2983928287126814,0.0005720936461805671
[64],11,"lr=0.003, wd=0.0",50,layer4_lr0.001_hd128_wd0.01_cosine,"lr0.001,wd0.01",-0.22987045585810062,0.00033562107142012
[64],11,"lr=0.003, wd=0.0",50,layer4_lr0.003_hd128_wd0.0_cosine,"lr0.003,wd0.0",-0.3930319520740504,0.00033728456681680636
[64],11,"lr=0.003, wd=0.0",50,layer4_lr0.003_hd128_wd0.01_cosine,"lr0.003,wd0.01",2.7979866184406816,0.0008151823186735585
[64],11,"lr=0.003, wd=0.0",90,layer4_lr1e-05_hd128_wd0.0_cosine,"lr1e-05,wd0.0",-3.978837715399525,8.083939995757004e-06
[64],11,"lr=0.003, wd=0.0",90,layer4_lr1e-05_hd128_wd0.01_cosine,"lr1e-05,wd0.01",-4.119050515719418,1.9087924978142558e-06
[64],11,"lr=0.003, wd=0.0",90,layer4_lr3e-05_hd128_wd0.0_cosine,"lr3e-05,wd0.0",-4.114075260010452,6.939803498798554e-09
[64],11,"lr=0.003, wd=0.0",90,layer4_lr3e-05_hd128_wd0.01_cosine,"lr3e-05,wd0.01",-4.163052892243573,2.3453884656268674e-07
[64],11,"lr=0.003, wd=0.0",90,layer4_lr0.0001_hd128_wd0.0_cosine,"lr0.0001,wd0.0",-3.8352025181961094,3.901129102159541e-08
[64],11,"lr=0.003, wd=0.0",90,layer4_lr0.0001_hd128_wd0.01_cosine,"lr0.0001,wd0.01",-4.140571628632106,2.783993310702605e-06
[64],11,"lr=0.003, wd=0.0",90,layer4_lr0.0003_hd128_wd0.0_cosine,"lr0.0003,wd0.0",-3.691504853253166,1.2897424669915798e-05
[64],11,"lr=0.003, wd=0.0",90,layer4_lr0.0003_hd128_wd0.01_cosine,"lr0.0003,wd0.01",-3.8621445976941446,2.3302483624011916e-05
[64],11,"lr=0.003, wd=0.0",90,layer4_lr0.001_hd128_wd0.0_cosine,"lr0.001,wd0.0",-3.118623697605926,0.00010743958563663558
[64],11,"lr=0.003, wd=0.0",90,layer4_lr0.001_hd128_wd0.01_cosine,"lr0.001,wd0.01",-3.6080606514635845,3.7236525710443006e-05
[64],11,"lr=0.003, wd=0.0",90,layer4_lr0.003_hd128_wd0.0_cosine,"lr0.003,wd0.0",-2.64572751710553,0.0001426494320277541
[64],11,"lr=0.003, wd=0.0",90,layer4_lr0.003_hd128_wd0.01_cosine,"lr0.003,wd0.01",-3.0950762066231086,0.0001188370472243831
[64],12,"lr=0.003, wd=0.01",0,layer4_lr1e-05_hd128_wd0.0_cosine,"lr1e-05,wd0.0",-0.8013301852852086,0.0003120762604442129
[64],12,"lr=0.003, wd=0.01",0,layer4_lr1e-05_hd128_wd0.01_cosine,"lr1e-05,wd0.01",-0.7855688025971248,0.0011535447091085681
[64],12,"lr=0.003, wd=0.01",0,layer4_lr3e-05_hd128_wd0.0_cosine,"lr3e-05,wd0.0",-0.8691364209109164,2.6727765503398944e-05
[64],12,"lr=0.003, wd=0.01",0,layer4_lr3e-05_hd128_wd0.01_cosine,"lr3e-05,wd0.01",-0.8652085421860528,0.0002856683796786585
[64],12,"lr=0.003, wd=0.01",0,layer4_lr0.0001_hd128_wd0.0_cosine,"lr0.0001,wd0.0",-0.9690371587011466,1.0530872566367224e-06
[64],12,"lr=0.003, wd=0.01",0,layer4_lr0.0001_hd128_wd0.01_cosine,"lr0.0001,wd0.01",-0.9827366209121172,1.006305039599549e-05
[64],12,"lr=0.003, wd=0.01",0,layer4_lr0.0003_hd128_wd0.0_cosine,"lr0.0003,wd0.0",-1.073911607915396,0.00034590184835281423
[64],12,"lr=0.003, wd=0.01",0,layer4_lr0.0003_hd128_wd0.01_cosine,"lr0.0003,wd0.01",-1.115318304514675,1.0094406825869047e-05
[64],12,"lr=0.003, wd=0.01",0,layer4_lr0.001_hd128_wd0.0_cosine,"lr0.001,wd0.0",-1.2169220345571894,0.0005728694639600355
[64],12,"lr=0.003, wd=0.01",0,layer4_lr0.001_hd128_wd0.01_cosine,"lr0.001,wd0.01",-1.3824976102963873,1.4257600354008435e-05
[64],12,"lr=0.003, wd=0.01",0,layer4_lr0.003_hd128_wd0.0_cosine,"lr0.003,wd0.0",-1.4500499649563123,0.0004030765632975755
[64],12,"lr=0.003, wd=0.01",0,layer4_lr0.003_hd128_wd0.01_cosine,"lr0.003,wd0.01",-1.8192170641004897,4.61200200491806e-06
[64],12,"lr=0.003, wd=0.01",5,layer4_lr1e-05_hd128_wd0.0_cosine,"lr1e-05,wd0.0",-1.3519926345408222,0.0006394458532266008
[64],12,"lr=0.003, wd=0.01",5,layer4_lr1e-05_hd128_wd0.01_cosine,"lr1e-05,wd0.01",-1.331984605213428,0.0015625591449012508
[64],12,"lr=0.003, wd=0.01",5,layer4_lr3e-05_hd128_wd0.0_cosine,"lr3e-05,wd0.0",-1.4386381255881244,0.0011134731093354608
[64],12,"lr=0.003, wd=0.01",5,layer4_lr3e-05_hd128_wd0.01_cosine,"lr3e-05,wd0.01",-1.5383079821192274,0.0012967646525521876
[64],12,"lr=0.003, wd=0.01",5,layer4_lr0.0001_hd128_wd0.0_cosine,"lr0.0001,wd0.0",-1.2015910308511157,0.00424537424139294
[64],12,"lr=0.003, wd=0.01",5,layer4_lr0.0001_hd128_wd0.01_cosine,"lr0.0001,wd0.01",-1.552265831430297,0.0019392019650184996
[64],12,"lr=0.003, wd=0.01",5,layer4_lr0.0003_hd128_wd0.0_cosine,"lr0.0003,wd0.0",-1.016011478036695,0.006871577761616212
[64],12,"lr=0.003, wd=0.01",5,layer4_lr0.0003_hd128_wd0.01_cosine,"lr0.0003,wd0.01",-1.6236117584847218,0.001299511403871943
[64],12,"lr=0.003, wd=0.01",5,layer4_lr0.001_hd128_wd0.0_cosine,"lr0.001,wd0.0",-0.9940475214065976,0.007560919870468935
[64],12,"lr=0.003, wd=0.01",5,layer4_lr0.001_hd128_wd0.01_cosine,"lr0.001,wd0.01",-1.5675524339384008,0.000980229801358253
[64],12,"lr=0.003, wd=0.01",5,layer4_lr0.003_hd128_wd0.0_cosine,"lr0.003,wd0.0",-1.134606013402283,0.005479006496838356
[64],12,"lr=0.003, wd=0.01",5,layer4_lr0.003_hd128_wd0.01_cosine,"lr0.003,wd0.01",-2.3424306298739728,2.209983461326221e-06
[64],12,"lr=0.003, wd=0.01",10,layer4_lr1e-05_hd128_wd0.0_cosine,"lr1e-05,wd0.0",-1.3713746843127883,0.0006481494275408689
[64],12,"lr=0.003, wd=0.01",10,layer4_lr1e-05_hd128_wd0.01_cosine,"lr1e-05,wd0.01",-1.412724758247672,0.0008319100610337439
[64],12,"lr=0.003, wd=0.01",10,layer4_lr3e-05_hd128_wd0.0_cosine,"lr3e-05,wd0.0",-1.3009648023991682,0.0016108951118959573
[64],12,"lr=0.003, wd=0.01",10,layer4_lr3e-05_hd128_wd0.01_cosine,"lr3e-05,wd0.01",-1.3868821683963213,0.0020728060384173
[64],12,"lr=0.003, wd=0.01",10,layer4_lr0.0001_hd128_wd0.0_cosine,"lr0.0001,wd0.0",-1.130747622625013,0.004621257239676496
[64],12,"lr=0.003, wd=0.01",10,layer4_lr0.0001_hd128_wd0.01_cosine,"lr0.0001,wd0.01",-1.4465258843640856,0.002545753781919205
[64],12,"lr=0.003, wd=0.01",10,layer4_lr0.0003_hd128_wd0.0_cosine,"lr0.0003,wd0.0",-1.061950741830697,0.006665625622421445
[64],12,"lr=0.003, wd=0.01",10,layer4_lr0.0003_hd128_wd0.01_cosine,"lr0.0003,wd0.01",-1.6368871490977905,0.0013371955386051577
[64],12,"lr=0.003, wd=0.01",10,layer4_lr0.001_hd128_wd0.0_cosine,"lr0.001,wd0.0",-1.174673106212896,0.005392122645846234
[64],12,"lr=0.003, wd=0.01",10,layer4_lr0.001_hd128_wd0.01_cosine,"lr0.001,wd0.01",-1.9184646567419927,0.0006025411341380491
[64],12,"lr=0.003, wd=0.01",10,layer4_lr0.003_hd128_wd0.0_cosine,"lr0.003,wd0.0",-1.3189492294229648,0.0035114186372024385
[64],12,"lr=0.003, wd=0.01",10,layer4_lr0.003_hd128_wd0.01_cosine,"lr0.003,wd0.01",-2.9317147482826744,2.009583113740247e-05
[64],12,"lr=0.003, wd=0.01",20,layer4_lr1e-05_hd128_wd0.0_cosine,"lr1e-05,wd0.0",-1.4917897780099456,0.0008132892027400673
[64],12,"lr=0.003, wd=0.01",20,layer4_lr1e-05_hd128_wd0.01_cosine,"lr1e-05,wd0.01",-1.4872088042503702,0.0012278667415690683
[64],12,"lr=0.003, wd=0.01",20,layer4_lr3e-05_hd128_wd0.0_cosine,"lr3e-05,wd0.0",-1.3051125476667536,0.001292793454828604
[64],12,"lr=0.003, wd=0.01",20,layer4_lr3e-05_hd128_wd0.01_cosine,"lr3e-05,wd0.01",-1.4853575031261868,0.0009496689782361123
[64],12,"lr=0.003, wd=0.01",20,layer4_lr0.0001_hd128_wd0.0_cosine,"lr0.0001,wd0.0",-1.2969106134963255,0.0030137392389500196
[64],12,"lr=0.003, wd=0.01",20,layer4_lr0.0001_hd128_wd0.01_cosine,"lr0.0001,wd0.01",-1.568830321099045,0.001235728099411508
[64],12,"lr=0.003, wd=0.01",20,layer4_lr0.0003_hd128_wd0.0_cosine,"lr0.0003,wd0.0",-1.3333755381328207,0.0038012452238684958
[64],12,"lr=0.003, wd=0.01",20,layer4_lr0.0003_hd128_wd0.01_cosine,"lr0.0003,wd0.01",-1.7596584191988465,0.0007184478377815855
[64],12,"lr=0.003, wd=0.01",20,layer4_lr0.001_hd128_wd0.0_cosine,"lr0.001,wd0.0",-1.4164359727899496,0.0034444649182019623
[64],12,"lr=0.003, wd=0.01",20,layer4_lr0.001_hd128_wd0.01_cosine,"lr0.001,wd0.01",-2.1376159445878096,0.00030442780874325327
[64],12,"lr=0.003, wd=0.01",20,layer4_lr0.003_hd128_wd0.0_cosine,"lr0.003,wd0.0",-1.5462942702809856,0.002501475148870263
[64],12,"lr=0.003, wd=0.01",20,layer4_lr0.003_hd128_wd0.01_cosine,"lr0.003,wd0.01",-3.2793794535111043,2.020981863894625e-05
[64],12,"lr=0.003, wd=0.01",50,layer4_lr1e-05_hd128_wd0.0_cosine,"lr1e-05,wd0.0",-2.4404344666850277,0.00011165908641616673
[64],12,"lr=0.003, wd=0.01",50,layer4_lr1e-05_hd128_wd0.01_cosine,"lr1e-05,wd0.01",-2.388641843101126,9.8844148485931e-05
[64],12,"lr=0.003, wd=0.01",50,layer4_lr3e-05_hd128_wd0.0_cosine,"lr3e-05,wd0.0",-2.3436279796999044,0.00017753057721118574
[64],12,"lr=0.003, wd=0.01",50,layer4_lr3e-05_hd128_wd0.01_cosine,"lr3e-05,wd0.01",-2.2880174573750187,0.00025691628987509506
[64],12,"lr=0.003, wd=0.01",50,layer4_lr0.0001_hd128_wd0.0_cosine,"lr0.0001,wd0.0",-2.1338869311492012,0.00032237319045113006
[64],12,"lr=0.003, wd=0.01",50,layer4_lr0.0001_hd128_wd0.01_cosine,"lr0.0001,wd0.01",-2.7338423798300884,7.08874150777942e-05
[64],12,"lr=0.003, wd=0.01",50,layer4_lr0.0003_hd128_wd0.0_cosine,"lr0.0003,wd0.0",-2.025574882941987,0.00028476958813840016
[64],12,"lr=0.003, wd=0.01",50,layer4_lr0.0003_hd128_wd0.01_cosine,"lr0.0003,wd0.01",-3.132013453526731,5.0467321128787085e-05
[64],12,"lr=0.003, wd=0.01",50,layer4_lr0.001_hd128_wd0.0_cosine,"lr0.001,wd0.0",-2.0424924962492965,0.00041416288256457707
[64],12,"lr=0.003, wd=0.01",50,layer4_lr0.001_hd128_wd0.01_cosine,"lr0.001,wd0.01",-3.4313330683834735,1.279158294403634e-06
[64],12,"lr=0.003, wd=0.01",50,layer4_lr0.003_hd128_wd0.0_cosine,"lr0.003,wd0.0",-1.8994789086006365,0.0007187907743691233
[64],12,"lr=0.003, wd=0.01",50,layer4_lr0.003_hd128_wd0.01_cosine,"lr0.003,wd0.01",-3.710108490605978,3.5691784836457026e-06
[64],12,"lr=0.003, wd=0.01",90,layer4_lr1e-05_hd128_wd0.0_cosine,"lr1e-05,wd0.0",-3.800133579142605,2.09975810630099e-05
[64],12,"lr=0.003, wd=0.01",90,layer4_lr1e-05_hd128_wd0.01_cosine,"lr1e-05,wd0.01",-3.9502659050137643,8.750200711238592e-06
[64],12,"lr=0.003, wd=0.01",90,layer4_lr3e-05_hd128_wd0.0_cosine,"lr3e-05,wd0.0",-3.901870135298808,1.3012691900840656e-05
[64],12,"lr=0.003, wd=0.01",90,layer4_lr3e-05_hd128_wd0.01_cosine,"lr3e-05,wd0.01",-3.842849167880776,1.5292300915012673e-05
[64],12,"lr=0.003, wd=0.01",90,layer4_lr0.0001_hd128_wd0.0_cosine,"lr0.0001,wd0.0",-2.4474367687084015,1.295749603317468e-07
[64],12,"lr=0.003, wd=0.01",90,layer4_lr0.0001_hd128_wd0.01_cosine,"lr0.0001,wd0.01",-3.9877536634806545,9.520901362649066e-06
[64],12,"lr=0.003, wd=0.01",90,layer4_lr0.0003_hd128_wd0.0_cosine,"lr0.0003,wd0.0",-2.4573364347087105,3.8818873942531956e-07
[64],12,"lr=0.003, wd=0.01",90,layer4_lr0.0003_hd128_wd0.01_cosine,"lr0.0003,wd0.01",-4.105887579736705,9.634042982894965e-08
[64],12,"lr=0.003, wd=0.01",90,layer4_lr0.001_hd128_wd0.0_cosine,"lr0.001,wd0.0",-2.43019646374179,1.8408439509491576e-05
[64],12,"lr=0.003, wd=0.01",90,layer4_lr0.001_hd128_wd0.01_cosine,"lr0.001,wd0.01",-3.7521317748469913,5.4797364307470505e-06
[64],12,"lr=0.003, wd=0.01",90,layer4_lr0.003_hd128_wd0.0_cosine,"lr0.003,wd0.0",-2.47252739256726,4.7408248368632793e-05
[64],12,"lr=0.003, wd=0.01",90,layer4_lr0.003_hd128_wd0.01_cosine,"lr0.003,wd0.01",-3.6017257364280484,3.996686187818461e-05
baseline,0,baseline,5,layer4_lr1e-05_hd128_wd0.0_cosine,"lr1e-05,wd0.0",-1.0851530632211925,7.438186302978864e-06
baseline,0,baseline,5,layer4_lr1e-05_hd128_wd0.01_cosine,"lr1e-05,wd0.01",-1.0837982258977743,0.00023353101369218517
baseline,0,baseline,5,layer4_lr3e-05_hd128_wd0.0_cosine,"lr3e-05,wd0.0",-1.1741660268873844,7.881942421407334e-05
baseline,0,baseline,5,layer4_lr3e-05_hd128_wd0.01_cosine,"lr3e-05,wd0.01",-1.1654332536562617,9.760619405978108e-05
baseline,0,baseline,5,layer4_lr0.0001_hd128_wd0.0_cosine,"lr0.0001,wd0.0",-1.164511369093312,0.0006277280522737828
baseline,0,baseline,5,layer4_lr0.0001_hd128_wd0.01_cosine,"lr0.0001,wd0.01",-1.209267309680669,4.1214537428147715e-05
baseline,0,baseline,5,layer4_lr0.0003_hd128_wd0.0_cosine,"lr0.0003,wd0.0",-1.0946980773693937,0.0029785862916533803
baseline,0,baseline,5,layer4_lr0.0003_hd128_wd0.01_cosine,"lr0.0003,wd0.01",-1.3083337372547752,4.820181454384126e-05
baseline,0,baseline,5,layer4_lr0.001_hd128_wd0.0_cosine,"lr0.001,wd0.0",-0.9014304458369796,0.009316871004710863
baseline,0,baseline,5,layer4_lr0.001_hd128_wd0.01_cosine,"lr0.001,wd0.01",-0.8151888286631377,0.0064707159221615036
baseline,0,baseline,5,layer4_lr0.003_hd128_wd0.0_cosine,"lr0.003,wd0.0",-0.6469182769388624,0.016016298999516503
baseline,0,baseline,5,layer4_lr0.003_hd128_wd0.01_cosine,"lr0.003,wd0.01",-1.5828649957193879,0.002428121961818984
baseline,0,baseline,10,layer4_lr1e-05_hd128_wd0.0_cosine,"lr1e-05,wd0.0",-1.14095318490132,0.00012496213611965152
baseline,0,baseline,10,layer4_lr1e-05_hd128_wd0.01_cosine,"lr1e-05,wd0.01",-1.2577233527748268,0.000262279460390668
baseline,0,baseline,10,layer4_lr3e-05_hd128_wd0.0_cosine,"lr3e-05,wd0.0",-1.4312747420607097,0.00018140520016855674
baseline,0,baseline,10,layer4_lr3e-05_hd128_wd0.01_cosine,"lr3e-05,wd0.01",-1.4179149816975858,2.410708861226028e-06
baseline,0,baseline,10,layer4_lr0.0001_hd128_wd0.0_cosine,"lr0.0001,wd0.0",-1.4112110336108958,0.00032746043779168486
baseline,0,baseline,10,layer4_lr0.0001_hd128_wd0.01_cosine,"lr0.0001,wd0.01",-1.448460610989392,1.7771622697218827e-05
baseline,0,baseline,10,layer4_lr0.0003_hd128_wd0.0_cosine,"lr0.0003,wd0.0",-1.265927710148431,0.0034944061082006176
baseline,0,baseline,10,layer4_lr0.0003_hd128_wd0.01_cosine,"lr0.0003,wd0.01",-1.5422229307809396,8.366674056814982e-06
baseline,0,baseline,10,layer4_lr0.001_hd128_wd0.0_cosine,"lr0.001,wd0.0",-1.5827438018160094,0.0011531388442944266
baseline,0,baseline,10,layer4_lr0.001_hd128_wd0.01_cosine,"lr0.001,wd0.01",-1.7887309594091152,0.0001078458735915935
baseline,0,baseline,10,layer4_lr0.003_hd128_wd0.0_cosine,"lr0.003,wd0.0",-1.6451116241577655,0.0008043366159640831
baseline,0,baseline,10,layer4_lr0.003_hd128_wd0.01_cosine,"lr0.003,wd0.01",-1.200254693827855,1.1720243016381196e-05
baseline,0,baseline,20,layer4_lr1e-05_hd128_wd0.0_cosine,"lr1e-05,wd0.0",-1.418079927585359,3.339780748480822e-05
baseline,0,baseline,20,layer4_lr1e-05_hd128_wd0.01_cosine,"lr1e-05,wd0.01",-1.3876877069039708,0.00014272275363702512
baseline,0,baseline,20,layer4_lr3e-05_hd128_wd0.0_cosine,"lr3e-05,wd0.0",-1.5471087331989761,7.084368860508413e-05
baseline,0,baseline,20,layer4_lr3e-05_hd128_wd0.01_cosine,"lr3e-05,wd0.01",-1.7770466077418465,3.1800574520943115e-05
baseline,0,baseline,20,layer4_lr0.0001_hd128_wd0.0_cosine,"lr0.0001,wd0.0",-1.6504022405193683,0.0006390189285414177
baseline,0,baseline,20,layer4_lr0.0001_hd128_wd0.01_cosine,"lr0.0001,wd0.01",-1.7906469292463276,1.8814768093471075e-06
baseline,0,baseline,20,layer4_lr0.0003_hd128_wd0.0_cosine,"lr0.0003,wd0.0",-1.7168690511952243,0.0013310128498466437
baseline,0,baseline,20,layer4_lr0.0003_hd128_wd0.01_cosine,"lr0.0003,wd0.01",-1.7978631412536727,9.462756150787765e-08
baseline,0,baseline,20,layer4_lr0.001_hd128_wd0.0_cosine,"lr0.001,wd0.0",-1.6724094688961506,0.0016994109970943723
baseline,0,baseline,20,layer4_lr0.001_hd128_wd0.01_cosine,"lr0.001,wd0.01",-1.929309577132435,3.350610873878357e-05
baseline,0,baseline,20,layer4_lr0.003_hd128_wd0.0_cosine,"lr0.003,wd0.0",-1.8832986062031534,0.000975111116770339
baseline,0,baseline,20,layer4_lr0.003_hd128_wd0.01_cosine,"lr0.003,wd0.01",-1.9372279988325738,0.0011942025844502739
baseline,0,baseline,50,layer4_lr1e-05_hd128_wd0.0_cosine,"lr1e-05,wd0.0",-2.417339593033304,1.8040705762637377e-06
baseline,0,baseline,50,layer4_lr1e-05_hd128_wd0.01_cosine,"lr1e-05,wd0.01",-2.4445609863979234,2.168269241659096e-07
baseline,0,baseline,50,layer4_lr3e-05_hd128_wd0.0_cosine,"lr3e-05,wd0.0",-2.575122274692372,1.5217900734625606e-05
baseline,0,baseline,50,layer4_lr3e-05_hd128_wd0.01_cosine,"lr3e-05,wd0.01",-2.5226921589525944,2.9661176393438246e-06
baseline,0,baseline,50,layer4_lr0.0001_hd128_wd0.0_cosine,"lr0.0001,wd0.0",-2.1156008675562368,8.399569662862501e-05
baseline,0,baseline,50,layer4_lr0.0001_hd128_wd0.01_cosine,"lr0.0001,wd0.01",-3.5237839118761505,5.242699588979439e-07
baseline,0,baseline,50,layer4_lr0.0003_hd128_wd0.0_cosine,"lr0.0003,wd0.0",-1.8101093267225605,7.472672712586213e-05
baseline,0,baseline,50,layer4_lr0.0003_hd128_wd0.01_cosine,"lr0.0003,wd0.01",-3.672621458946232,1.1875667452957685e-06
baseline,0,baseline,50,layer4_lr0.001_hd128_wd0.0_cosine,"lr0.001,wd0.0",-1.7471441494665192,0.0004743041261366686
baseline,0,baseline,50,layer4_lr0.001_hd128_wd0.01_cosine,"lr0.001,wd0.01",-2.2763265556956105,0.0002536641448473717
baseline,0,baseline,50,layer4_lr0.003_hd128_wd0.0_cosine,"lr0.003,wd0.0",-2.182690470162515,0.0003557264869984945
baseline,0,baseline,50,layer4_lr0.003_hd128_wd0.01_cosine,"lr0.003,wd0.01",-0.6511630092406309,0.0007068142997527049
baseline,0,baseline,90,layer4_lr1e-05_hd128_wd0.0_cosine,"lr1e-05,wd0.0",-4.066846416621778,2.7488276325150216e-06
baseline,0,baseline,90,layer4_lr1e-05_hd128_wd0.01_cosine,"lr1e-05,wd0.01",-4.164480856852178,1.229266900961066e-07
baseline,0,baseline,90,layer4_lr3e-05_hd128_wd0.0_cosine,"lr3e-05,wd0.0",-4.098730986951415,1.602933882001876e-06
baseline,0,baseline,90,layer4_lr3e-05_hd128_wd0.01_cosine,"lr3e-05,wd0.01",-4.136792091828702,5.030513088112368e-07
baseline,0,baseline,90,layer4_lr0.0001_hd128_wd0.0_cosine,"lr0.0001,wd0.0",-2.3160076438747996,1.223201831332689e-07
baseline,0,baseline,90,layer4_lr0.0001_hd128_wd0.01_cosine,"lr0.0001,wd0.01",-4.144102703212992,1.5660316332289286e-06
baseline,0,baseline,90,layer4_lr0.0003_hd128_wd0.0_cosine,"lr0.0003,wd0.0",-2.2855508018208965,8.240092071983047e-07
baseline,0,baseline,90,layer4_lr0.0003_hd128_wd0.01_cosine,"lr0.0003,wd0.01",-4.129882965509728,2.1713486240794543e-06
baseline,0,baseline,90,layer4_lr0.001_hd128_wd0.0_cosine,"lr0.001,wd0.0",-2.3655979366902296,5.4258850345885335e-05
baseline,0,baseline,90,layer4_lr0.001_hd128_wd0.01_cosine,"lr0.001,wd0.01",-3.7042554016359825,3.6279837930099355e-06
baseline,0,baseline,90,layer4_lr0.003_hd128_wd0.0_cosine,"lr0.003,wd0.0",-2.247972205085208,3.0109387530629816e-07
baseline,0,baseline,90,layer4_lr0.003_hd128_wd0.01_cosine,"lr0.003,wd0.01",-3.3584933784520743,1.0660364511855192e-05
