scale,epoch,target_hp,source_config,source_hp,nll,rank
[8],0,"lr1e-05,wd0.0",3,"lr=3e-05, wd=0.0",-0.9168,1
[8],0,"lr1e-05,wd0.0",5,"lr=1e-04, wd=0.0",-0.906,2
[8],0,"lr1e-05,wd0.0",4,"lr=3e-05, wd=0.01",-0.8502,3
[8],0,"lr1e-05,wd0.0",6,"lr=1e-04, wd=0.01",-0.8136,4
[8],0,"lr1e-05,wd0.0",7,"lr=3e-04, wd=0.0",-0.7924,5
[8],0,"lr1e-05,wd0.0",9,"lr=0.001, wd=0.0",-0.7516,6
[8],0,"lr1e-05,wd0.0",10,"lr=0.001, wd=0.01",-0.7484,7
[8],0,"lr1e-05,wd0.0",8,"lr=3e-04, wd=0.01",-0.7284,8
[8],0,"lr1e-05,wd0.0",1,"lr=1e-05, wd=0.0",-0.7132,9
[8],0,"lr1e-05,wd0.0",12,"lr=0.003, wd=0.01",-0.7017,10
[8],0,"lr1e-05,wd0.0",2,"lr=1e-05, wd=0.01",-0.6822,11
[8],0,"lr1e-05,wd0.0",11,"lr=0.003, wd=0.0",-0.6476,12
[8],0,"lr1e-05,wd0.01",3,"lr=3e-05, wd=0.0",-1.0391,1
[8],0,"lr1e-05,wd0.01",4,"lr=3e-05, wd=0.01",-0.9842,2
[8],0,"lr1e-05,wd0.01",5,"lr=1e-04, wd=0.0",-0.9577,3
[8],0,"lr1e-05,wd0.01",6,"lr=1e-04, wd=0.01",-0.8697,4
[8],0,"lr1e-05,wd0.01",1,"lr=1e-05, wd=0.0",-0.8252,5
[8],0,"lr1e-05,wd0.01",7,"lr=3e-04, wd=0.0",-0.815,6
[8],0,"lr1e-05,wd0.01",2,"lr=1e-05, wd=0.01",-0.7882,7
[8],0,"lr1e-05,wd0.01",9,"lr=0.001, wd=0.0",-0.77,8
[8],0,"lr1e-05,wd0.01",10,"lr=0.001, wd=0.01",-0.7673,9
[8],0,"lr1e-05,wd0.01",8,"lr=3e-04, wd=0.01",-0.761,10
[8],0,"lr1e-05,wd0.01",12,"lr=0.003, wd=0.01",-0.7257,11
[8],0,"lr1e-05,wd0.01",11,"lr=0.003, wd=0.0",-0.6609,12
[8],0,"lr3e-05,wd0.0",5,"lr=1e-04, wd=0.0",-0.8295,1
[8],0,"lr3e-05,wd0.0",7,"lr=3e-04, wd=0.0",-0.7571,2
[8],0,"lr3e-05,wd0.0",3,"lr=3e-05, wd=0.0",-0.7388,3
[8],0,"lr3e-05,wd0.0",6,"lr=1e-04, wd=0.01",-0.7355,4
[8],0,"lr3e-05,wd0.0",10,"lr=0.001, wd=0.01",-0.7334,5
[8],0,"lr3e-05,wd0.0",9,"lr=0.001, wd=0.0",-0.729,6
[8],0,"lr3e-05,wd0.0",12,"lr=0.003, wd=0.01",-0.6863,7
[8],0,"lr3e-05,wd0.0",8,"lr=3e-04, wd=0.01",-0.6841,8
[8],0,"lr3e-05,wd0.0",4,"lr=3e-05, wd=0.01",-0.6637,9
[8],0,"lr3e-05,wd0.0",11,"lr=0.003, wd=0.0",-0.6375,10
[8],0,"lr3e-05,wd0.0",1,"lr=1e-05, wd=0.0",-0.56,11
[8],0,"lr3e-05,wd0.0",2,"lr=1e-05, wd=0.01",-0.5434,12
[8],0,"lr3e-05,wd0.01",3,"lr=3e-05, wd=0.0",-0.9516,1
[8],0,"lr3e-05,wd0.01",5,"lr=1e-04, wd=0.0",-0.9269,2
[8],0,"lr3e-05,wd0.01",4,"lr=3e-05, wd=0.01",-0.8863,3
[8],0,"lr3e-05,wd0.01",6,"lr=1e-04, wd=0.01",-0.8355,4
[8],0,"lr3e-05,wd0.01",7,"lr=3e-04, wd=0.0",-0.8105,5
[8],0,"lr3e-05,wd0.01",10,"lr=0.001, wd=0.01",-0.7751,6
[8],0,"lr3e-05,wd0.01",9,"lr=0.001, wd=0.0",-0.7713,7
[8],0,"lr3e-05,wd0.01",8,"lr=3e-04, wd=0.01",-0.7451,8
[8],0,"lr3e-05,wd0.01",1,"lr=1e-05, wd=0.0",-0.7414,9
[8],0,"lr3e-05,wd0.01",12,"lr=0.003, wd=0.01",-0.7357,10
[8],0,"lr3e-05,wd0.01",2,"lr=1e-05, wd=0.01",-0.7091,11
[8],0,"lr3e-05,wd0.01",11,"lr=0.003, wd=0.0",-0.6701,12
[8],0,"lr0.0001,wd0.0",5,"lr=1e-04, wd=0.0",-0.8885,1
[8],0,"lr0.0001,wd0.0",3,"lr=3e-05, wd=0.0",-0.8487,2
[8],0,"lr0.0001,wd0.0",7,"lr=3e-04, wd=0.0",-0.7991,3
[8],0,"lr0.0001,wd0.0",6,"lr=1e-04, wd=0.01",-0.7927,4
[8],0,"lr0.0001,wd0.0",9,"lr=0.001, wd=0.0",-0.7792,5
[8],0,"lr0.0001,wd0.0",10,"lr=0.001, wd=0.01",-0.7784,6
[8],0,"lr0.0001,wd0.0",4,"lr=3e-05, wd=0.01",-0.7778,7
[8],0,"lr0.0001,wd0.0",12,"lr=0.003, wd=0.01",-0.7402,8
[8],0,"lr0.0001,wd0.0",8,"lr=3e-04, wd=0.01",-0.7237,9
[8],0,"lr0.0001,wd0.0",11,"lr=0.003, wd=0.0",-0.6789,10
[8],0,"lr0.0001,wd0.0",1,"lr=1e-05, wd=0.0",-0.6555,11
[8],0,"lr0.0001,wd0.0",2,"lr=1e-05, wd=0.01",-0.6307,12
[8],0,"lr0.0001,wd0.01",5,"lr=1e-04, wd=0.0",-0.8983,1
[8],0,"lr0.0001,wd0.01",3,"lr=3e-05, wd=0.0",-0.877,2
[8],0,"lr0.0001,wd0.01",4,"lr=3e-05, wd=0.01",-0.8064,3
[8],0,"lr0.0001,wd0.01",6,"lr=1e-04, wd=0.01",-0.8048,4
[8],0,"lr0.0001,wd0.01",7,"lr=3e-04, wd=0.0",-0.8022,5
[8],0,"lr0.0001,wd0.01",10,"lr=0.001, wd=0.01",-0.7832,6
[8],0,"lr0.0001,wd0.01",9,"lr=0.001, wd=0.0",-0.776,7
[8],0,"lr0.0001,wd0.01",12,"lr=0.003, wd=0.01",-0.7473,8
[8],0,"lr0.0001,wd0.01",8,"lr=3e-04, wd=0.01",-0.7307,9
[8],0,"lr0.0001,wd0.01",11,"lr=0.003, wd=0.0",-0.6792,10
[8],0,"lr0.0001,wd0.01",1,"lr=1e-05, wd=0.0",-0.6783,11
[8],0,"lr0.0001,wd0.01",2,"lr=1e-05, wd=0.01",-0.6501,12
[8],0,"lr0.0003,wd0.0",3,"lr=3e-05, wd=0.0",-1.0381,1
[8],0,"lr0.0003,wd0.0",5,"lr=1e-04, wd=0.0",-0.9813,2
[8],0,"lr0.0003,wd0.0",4,"lr=3e-05, wd=0.01",-0.9744,3
[8],0,"lr0.0003,wd0.0",6,"lr=1e-04, wd=0.01",-0.8856,4
[8],0,"lr0.0003,wd0.0",7,"lr=3e-04, wd=0.0",-0.8583,5
[8],0,"lr0.0003,wd0.0",9,"lr=0.001, wd=0.0",-0.8419,6
[8],0,"lr0.0003,wd0.0",10,"lr=0.001, wd=0.01",-0.8373,7
[8],0,"lr0.0003,wd0.0",12,"lr=0.003, wd=0.01",-0.8138,8
[8],0,"lr0.0003,wd0.0",1,"lr=1e-05, wd=0.0",-0.8055,9
[8],0,"lr0.0003,wd0.0",8,"lr=3e-04, wd=0.01",-0.7844,10
[8],0,"lr0.0003,wd0.0",2,"lr=1e-05, wd=0.01",-0.7677,11
[8],0,"lr0.0003,wd0.0",11,"lr=0.003, wd=0.0",-0.7316,12
[8],0,"lr0.0003,wd0.01",5,"lr=1e-04, wd=0.0",-0.8949,1
[8],0,"lr0.0003,wd0.01",3,"lr=3e-05, wd=0.0",-0.8624,2
[8],0,"lr0.0003,wd0.01",7,"lr=3e-04, wd=0.0",-0.8045,3
[8],0,"lr0.0003,wd0.01",6,"lr=1e-04, wd=0.01",-0.8001,4
[8],0,"lr0.0003,wd0.01",10,"lr=0.001, wd=0.01",-0.7983,5
[8],0,"lr0.0003,wd0.01",4,"lr=3e-05, wd=0.01",-0.7924,6
[8],0,"lr0.0003,wd0.01",9,"lr=0.001, wd=0.0",-0.7872,7
[8],0,"lr0.0003,wd0.01",12,"lr=0.003, wd=0.01",-0.7655,8
[8],0,"lr0.0003,wd0.01",8,"lr=3e-04, wd=0.01",-0.7304,9
[8],0,"lr0.0003,wd0.01",11,"lr=0.003, wd=0.0",-0.6929,10
[8],0,"lr0.0003,wd0.01",1,"lr=1e-05, wd=0.0",-0.6676,11
[8],0,"lr0.0003,wd0.01",2,"lr=1e-05, wd=0.01",-0.6405,12
[8],0,"lr0.001,wd0.0",3,"lr=3e-05, wd=0.0",-1.0927,1
[8],0,"lr0.001,wd0.0",4,"lr=3e-05, wd=0.01",-1.0329,2
[8],0,"lr0.001,wd0.0",5,"lr=1e-04, wd=0.0",-1.0108,3
[8],0,"lr0.001,wd0.0",6,"lr=1e-04, wd=0.01",-0.916,4
[8],0,"lr0.001,wd0.0",7,"lr=3e-04, wd=0.0",-0.8783,5
[8],0,"lr0.001,wd0.0",12,"lr=0.003, wd=0.01",-0.8635,6
[8],0,"lr0.001,wd0.0",10,"lr=0.001, wd=0.01",-0.8629,7
[8],0,"lr0.001,wd0.0",9,"lr=0.001, wd=0.0",-0.8616,8
[8],0,"lr0.001,wd0.0",1,"lr=1e-05, wd=0.0",-0.84,9
[8],0,"lr0.001,wd0.0",8,"lr=3e-04, wd=0.01",-0.8052,10
[8],0,"lr0.001,wd0.0",2,"lr=1e-05, wd=0.01",-0.8,11
[8],0,"lr0.001,wd0.0",11,"lr=0.003, wd=0.0",-0.7568,12
[8],0,"lr0.001,wd0.01",5,"lr=1e-04, wd=0.0",-0.9112,1
[8],0,"lr0.001,wd0.01",3,"lr=3e-05, wd=0.0",-0.8907,2
[8],0,"lr0.001,wd0.01",4,"lr=3e-05, wd=0.01",-0.8248,3
[8],0,"lr0.001,wd0.01",7,"lr=3e-04, wd=0.0",-0.818,4
[8],0,"lr0.001,wd0.01",10,"lr=0.001, wd=0.01",-0.8164,5
[8],0,"lr0.001,wd0.01",6,"lr=1e-04, wd=0.01",-0.8154,6
[8],0,"lr0.001,wd0.01",9,"lr=0.001, wd=0.0",-0.8008,7
[8],0,"lr0.001,wd0.01",12,"lr=0.003, wd=0.01",-0.8003,8
[8],0,"lr0.001,wd0.01",8,"lr=3e-04, wd=0.01",-0.7418,9
[8],0,"lr0.001,wd0.01",11,"lr=0.003, wd=0.0",-0.7098,10
[8],0,"lr0.001,wd0.01",1,"lr=1e-05, wd=0.0",-0.6876,11
[8],0,"lr0.001,wd0.01",2,"lr=1e-05, wd=0.01",-0.6591,12
[8],0,"lr0.003,wd0.0",3,"lr=3e-05, wd=0.0",-1.0555,1
[8],0,"lr0.003,wd0.0",4,"lr=3e-05, wd=0.01",-0.9987,2
[8],0,"lr0.003,wd0.0",5,"lr=1e-04, wd=0.0",-0.9971,3
[8],0,"lr0.003,wd0.0",6,"lr=1e-04, wd=0.01",-0.9025,4
[8],0,"lr0.003,wd0.0",7,"lr=3e-04, wd=0.0",-0.8741,5
[8],0,"lr0.003,wd0.0",12,"lr=0.003, wd=0.01",-0.8729,6
[8],0,"lr0.003,wd0.0",10,"lr=0.001, wd=0.01",-0.8591,7
[8],0,"lr0.003,wd0.0",9,"lr=0.001, wd=0.0",-0.8529,8
[8],0,"lr0.003,wd0.0",1,"lr=1e-05, wd=0.0",-0.8064,9
[8],0,"lr0.003,wd0.0",8,"lr=3e-04, wd=0.01",-0.7995,10
[8],0,"lr0.003,wd0.0",2,"lr=1e-05, wd=0.01",-0.7702,11
[8],0,"lr0.003,wd0.0",11,"lr=0.003, wd=0.0",-0.7564,12
[8],0,"lr0.003,wd0.01",5,"lr=1e-04, wd=0.0",-0.9341,1
[8],0,"lr0.003,wd0.01",3,"lr=3e-05, wd=0.0",-0.934,2
[8],0,"lr0.003,wd0.01",4,"lr=3e-05, wd=0.01",-0.8738,3
[8],0,"lr0.003,wd0.01",6,"lr=1e-04, wd=0.01",-0.8386,4
[8],0,"lr0.003,wd0.01",7,"lr=3e-04, wd=0.0",-0.8359,5
[8],0,"lr0.003,wd0.01",10,"lr=0.001, wd=0.01",-0.8282,6
[8],0,"lr0.003,wd0.01",12,"lr=0.003, wd=0.01",-0.828,7
[8],0,"lr0.003,wd0.01",9,"lr=0.001, wd=0.0",-0.8136,8
[8],0,"lr0.003,wd0.01",8,"lr=3e-04, wd=0.01",-0.7587,9
[8],0,"lr0.003,wd0.01",11,"lr=0.003, wd=0.0",-0.7226,10
[8],0,"lr0.003,wd0.01",1,"lr=1e-05, wd=0.0",-0.7156,11
[8],0,"lr0.003,wd0.01",2,"lr=1e-05, wd=0.01",-0.686,12
[8],5,"lr1e-05,wd0.0",7,"lr=3e-04, wd=0.0",-1.7422,1
[8],5,"lr1e-05,wd0.0",5,"lr=1e-04, wd=0.0",-1.691,2
[8],5,"lr1e-05,wd0.0",9,"lr=0.001, wd=0.0",-1.6759,3
[8],5,"lr1e-05,wd0.0",8,"lr=3e-04, wd=0.01",-1.6734,4
[8],5,"lr1e-05,wd0.0",6,"lr=1e-04, wd=0.01",-1.6715,5
[8],5,"lr1e-05,wd0.0",3,"lr=3e-05, wd=0.0",-1.6152,6
[8],5,"lr1e-05,wd0.0",4,"lr=3e-05, wd=0.01",-1.5943,7
[8],5,"lr1e-05,wd0.0",11,"lr=0.003, wd=0.0",-1.4756,8
[8],5,"lr1e-05,wd0.0",10,"lr=0.001, wd=0.01",-1.444,9
[8],5,"lr1e-05,wd0.0",1,"lr=1e-05, wd=0.0",-1.3823,10
[8],5,"lr1e-05,wd0.0",2,"lr=1e-05, wd=0.01",-1.3536,11
[8],5,"lr1e-05,wd0.0",12,"lr=0.003, wd=0.01",-1.2987,12
[8],5,"lr1e-05,wd0.01",7,"lr=3e-04, wd=0.0",-1.9051,1
[8],5,"lr1e-05,wd0.01",5,"lr=1e-04, wd=0.0",-1.8834,2
[8],5,"lr1e-05,wd0.01",6,"lr=1e-04, wd=0.01",-1.8634,3
[8],5,"lr1e-05,wd0.01",8,"lr=3e-04, wd=0.01",-1.8123,4
[8],5,"lr1e-05,wd0.01",9,"lr=0.001, wd=0.0",-1.7653,5
[8],5,"lr1e-05,wd0.01",3,"lr=3e-05, wd=0.0",-1.7363,6
[8],5,"lr1e-05,wd0.01",4,"lr=3e-05, wd=0.01",-1.7241,7
[8],5,"lr1e-05,wd0.01",11,"lr=0.003, wd=0.0",-1.5003,8
[8],5,"lr1e-05,wd0.01",10,"lr=0.001, wd=0.01",-1.4531,9
[8],5,"lr1e-05,wd0.01",1,"lr=1e-05, wd=0.0",-1.4468,10
[8],5,"lr1e-05,wd0.01",2,"lr=1e-05, wd=0.01",-1.4276,11
[8],5,"lr1e-05,wd0.01",12,"lr=0.003, wd=0.01",-1.2947,12
[8],5,"lr3e-05,wd0.0",9,"lr=0.001, wd=0.0",-1.5845,1
[8],5,"lr3e-05,wd0.0",7,"lr=3e-04, wd=0.0",-1.5547,2
[8],5,"lr3e-05,wd0.0",5,"lr=1e-04, wd=0.0",-1.4419,3
[8],5,"lr3e-05,wd0.0",8,"lr=3e-04, wd=0.01",-1.4409,4
[8],5,"lr3e-05,wd0.0",10,"lr=0.001, wd=0.01",-1.4273,5
[8],5,"lr3e-05,wd0.0",11,"lr=0.003, wd=0.0",-1.4224,6
[8],5,"lr3e-05,wd0.0",6,"lr=1e-04, wd=0.01",-1.4023,7
[8],5,"lr3e-05,wd0.0",12,"lr=0.003, wd=0.01",-1.3877,8
[8],5,"lr3e-05,wd0.0",3,"lr=3e-05, wd=0.0",-1.3779,9
[8],5,"lr3e-05,wd0.0",4,"lr=3e-05, wd=0.01",-1.3554,10
[8],5,"lr3e-05,wd0.0",1,"lr=1e-05, wd=0.0",-1.2662,11
[8],5,"lr3e-05,wd0.0",2,"lr=1e-05, wd=0.01",-1.2589,12
[8],5,"lr3e-05,wd0.01",9,"lr=0.001, wd=0.0",-1.8129,1
[8],5,"lr3e-05,wd0.01",7,"lr=3e-04, wd=0.0",-1.7489,2
[8],5,"lr3e-05,wd0.01",8,"lr=3e-04, wd=0.01",-1.6142,3
[8],5,"lr3e-05,wd0.01",5,"lr=1e-04, wd=0.0",-1.5887,4
[8],5,"lr3e-05,wd0.01",11,"lr=0.003, wd=0.0",-1.5803,5
[8],5,"lr3e-05,wd0.01",6,"lr=1e-04, wd=0.01",-1.5598,6
[8],5,"lr3e-05,wd0.01",10,"lr=0.001, wd=0.01",-1.5318,7
[8],5,"lr3e-05,wd0.01",3,"lr=3e-05, wd=0.0",-1.4952,8
[8],5,"lr3e-05,wd0.01",12,"lr=0.003, wd=0.01",-1.486,9
[8],5,"lr3e-05,wd0.01",4,"lr=3e-05, wd=0.01",-1.481,10
[8],5,"lr3e-05,wd0.01",1,"lr=1e-05, wd=0.0",-1.3706,11
[8],5,"lr3e-05,wd0.01",2,"lr=1e-05, wd=0.01",-1.3625,12
[8],5,"lr0.0001,wd0.0",9,"lr=0.001, wd=0.0",-1.7129,1
[8],5,"lr0.0001,wd0.0",11,"lr=0.003, wd=0.0",-1.7065,2
[8],5,"lr0.0001,wd0.0",7,"lr=3e-04, wd=0.0",-1.5418,3
[8],5,"lr0.0001,wd0.0",10,"lr=0.001, wd=0.01",-1.528,4
[8],5,"lr0.0001,wd0.0",12,"lr=0.003, wd=0.01",-1.5258,5
[8],5,"lr0.0001,wd0.0",8,"lr=3e-04, wd=0.01",-1.4105,6
[8],5,"lr0.0001,wd0.0",5,"lr=1e-04, wd=0.0",-1.2999,7
[8],5,"lr0.0001,wd0.0",6,"lr=1e-04, wd=0.01",-1.2855,8
[8],5,"lr0.0001,wd0.0",3,"lr=3e-05, wd=0.0",-1.243,9
[8],5,"lr0.0001,wd0.0",4,"lr=3e-05, wd=0.01",-1.232,10
[8],5,"lr0.0001,wd0.0",2,"lr=1e-05, wd=0.01",-1.175,11
[8],5,"lr0.0001,wd0.0",1,"lr=1e-05, wd=0.0",-1.1716,12
[8],5,"lr0.0001,wd0.01",11,"lr=0.003, wd=0.0",-1.8162,1
[8],5,"lr0.0001,wd0.01",9,"lr=0.001, wd=0.0",-1.8056,2
[8],5,"lr0.0001,wd0.01",12,"lr=0.003, wd=0.01",-1.7237,3
[8],5,"lr0.0001,wd0.01",7,"lr=3e-04, wd=0.0",-1.7187,4
[8],5,"lr0.0001,wd0.01",10,"lr=0.001, wd=0.01",-1.6922,5
[8],5,"lr0.0001,wd0.01",8,"lr=3e-04, wd=0.01",-1.5697,6
[8],5,"lr0.0001,wd0.01",5,"lr=1e-04, wd=0.0",-1.4143,7
[8],5,"lr0.0001,wd0.01",6,"lr=1e-04, wd=0.01",-1.4044,8
[8],5,"lr0.0001,wd0.01",3,"lr=3e-05, wd=0.0",-1.3621,9
[8],5,"lr0.0001,wd0.01",4,"lr=3e-05, wd=0.01",-1.3568,10
[8],5,"lr0.0001,wd0.01",2,"lr=1e-05, wd=0.01",-1.3167,11
[8],5,"lr0.0001,wd0.01",1,"lr=1e-05, wd=0.0",-1.3155,12
[8],5,"lr0.0003,wd0.0",11,"lr=0.003, wd=0.0",-1.5592,1
[8],5,"lr0.0003,wd0.0",9,"lr=0.001, wd=0.0",-1.4659,2
[8],5,"lr0.0003,wd0.0",12,"lr=0.003, wd=0.01",-1.3277,3
[8],5,"lr0.0003,wd0.0",10,"lr=0.001, wd=0.01",-1.3267,4
[8],5,"lr0.0003,wd0.0",7,"lr=3e-04, wd=0.0",-1.3114,5
[8],5,"lr0.0003,wd0.0",8,"lr=3e-04, wd=0.01",-1.2247,6
[8],5,"lr0.0003,wd0.0",5,"lr=1e-04, wd=0.0",-1.1138,7
[8],5,"lr0.0003,wd0.0",6,"lr=1e-04, wd=0.01",-1.1109,8
[8],5,"lr0.0003,wd0.0",3,"lr=3e-05, wd=0.0",-1.0692,9
[8],5,"lr0.0003,wd0.0",4,"lr=3e-05, wd=0.01",-1.061,10
[8],5,"lr0.0003,wd0.0",2,"lr=1e-05, wd=0.01",-1.0257,11
[8],5,"lr0.0003,wd0.0",1,"lr=1e-05, wd=0.0",-1.0189,12
[8],5,"lr0.0003,wd0.01",11,"lr=0.003, wd=0.0",-1.8175,1
[8],5,"lr0.0003,wd0.01",9,"lr=0.001, wd=0.0",-1.7105,2
[8],5,"lr0.0003,wd0.01",12,"lr=0.003, wd=0.01",-1.6855,3
[8],5,"lr0.0003,wd0.01",10,"lr=0.001, wd=0.01",-1.5356,4
[8],5,"lr0.0003,wd0.01",7,"lr=3e-04, wd=0.0",-1.4658,5
[8],5,"lr0.0003,wd0.01",8,"lr=3e-04, wd=0.01",-1.3602,6
[8],5,"lr0.0003,wd0.01",2,"lr=1e-05, wd=0.01",-1.258,7
[8],5,"lr0.0003,wd0.01",5,"lr=1e-04, wd=0.0",-1.2566,8
[8],5,"lr0.0003,wd0.01",6,"lr=1e-04, wd=0.01",-1.2539,9
[8],5,"lr0.0003,wd0.01",4,"lr=3e-05, wd=0.01",-1.2537,10
[8],5,"lr0.0003,wd0.01",3,"lr=3e-05, wd=0.0",-1.2523,11
[8],5,"lr0.0003,wd0.01",1,"lr=1e-05, wd=0.0",-1.2484,12
[8],5,"lr0.001,wd0.0",11,"lr=0.003, wd=0.0",-1.3753,1
[8],5,"lr0.001,wd0.0",9,"lr=0.001, wd=0.0",-1.2595,2
[8],5,"lr0.001,wd0.0",12,"lr=0.003, wd=0.01",-1.192,3
[8],5,"lr0.001,wd0.0",10,"lr=0.001, wd=0.01",-1.1732,4
[8],5,"lr0.001,wd0.0",7,"lr=3e-04, wd=0.0",-1.1347,5
[8],5,"lr0.001,wd0.0",8,"lr=3e-04, wd=0.01",-1.0753,6
[8],5,"lr0.001,wd0.0",6,"lr=1e-04, wd=0.01",-0.9708,7
[8],5,"lr0.001,wd0.0",5,"lr=1e-04, wd=0.0",-0.9662,8
[8],5,"lr0.001,wd0.0",2,"lr=1e-05, wd=0.01",-0.9417,9
[8],5,"lr0.001,wd0.0",4,"lr=3e-05, wd=0.01",-0.9371,10
[8],5,"lr0.001,wd0.0",3,"lr=3e-05, wd=0.0",-0.9359,11
[8],5,"lr0.001,wd0.0",1,"lr=1e-05, wd=0.0",-0.9309,12
[8],5,"lr0.001,wd0.01",11,"lr=0.003, wd=0.0",-1.3249,1
[8],5,"lr0.001,wd0.01",9,"lr=0.001, wd=0.0",-1.2081,2
[8],5,"lr0.001,wd0.01",12,"lr=0.003, wd=0.01",-1.1987,3
[8],5,"lr0.001,wd0.01",10,"lr=0.001, wd=0.01",-1.1313,4
[8],5,"lr0.001,wd0.01",7,"lr=3e-04, wd=0.0",-1.0899,5
[8],5,"lr0.001,wd0.01",8,"lr=3e-04, wd=0.01",-1.0426,6
[8],5,"lr0.001,wd0.01",4,"lr=3e-05, wd=0.01",-0.9864,7
[8],5,"lr0.001,wd0.01",5,"lr=1e-04, wd=0.0",-0.9771,8
[8],5,"lr0.001,wd0.01",3,"lr=3e-05, wd=0.0",-0.9766,9
[8],5,"lr0.001,wd0.01",6,"lr=1e-04, wd=0.01",-0.9752,10
[8],5,"lr0.001,wd0.01",2,"lr=1e-05, wd=0.01",-0.9652,11
[8],5,"lr0.001,wd0.01",1,"lr=1e-05, wd=0.0",-0.9633,12
[8],5,"lr0.003,wd0.0",11,"lr=0.003, wd=0.0",-1.2167,1
[8],5,"lr0.003,wd0.0",9,"lr=0.001, wd=0.0",-1.0953,2
[8],5,"lr0.003,wd0.0",12,"lr=0.003, wd=0.01",-1.0694,3
[8],5,"lr0.003,wd0.0",10,"lr=0.001, wd=0.01",-1.0256,4
[8],5,"lr0.003,wd0.0",7,"lr=3e-04, wd=0.0",-0.996,5
[8],5,"lr0.003,wd0.0",8,"lr=3e-04, wd=0.01",-0.946,6
[8],5,"lr0.003,wd0.0",5,"lr=1e-04, wd=0.0",-0.8681,7
[8],5,"lr0.003,wd0.0",6,"lr=1e-04, wd=0.01",-0.8657,8
[8],5,"lr0.003,wd0.0",3,"lr=3e-05, wd=0.0",-0.8302,9
[8],5,"lr0.003,wd0.0",4,"lr=3e-05, wd=0.01",-0.8254,10
[8],5,"lr0.003,wd0.0",2,"lr=1e-05, wd=0.01",-0.7908,11
[8],5,"lr0.003,wd0.0",1,"lr=1e-05, wd=0.0",-0.7899,12
[8],5,"lr0.003,wd0.01",11,"lr=0.003, wd=0.0",-1.6526,1
[8],5,"lr0.003,wd0.01",12,"lr=0.003, wd=0.01",-1.638,2
[8],5,"lr0.003,wd0.01",9,"lr=0.001, wd=0.0",-1.6292,3
[8],5,"lr0.003,wd0.01",2,"lr=1e-05, wd=0.01",-1.5608,4
[8],5,"lr0.003,wd0.01",1,"lr=1e-05, wd=0.0",-1.5411,5
[8],5,"lr0.003,wd0.01",8,"lr=3e-04, wd=0.01",-1.5157,6
[8],5,"lr0.003,wd0.01",10,"lr=0.001, wd=0.01",-1.5058,7
[8],5,"lr0.003,wd0.01",7,"lr=3e-04, wd=0.0",-1.4797,8
[8],5,"lr0.003,wd0.01",4,"lr=3e-05, wd=0.01",-1.3743,9
[8],5,"lr0.003,wd0.01",3,"lr=3e-05, wd=0.0",-1.3302,10
[8],5,"lr0.003,wd0.01",6,"lr=1e-04, wd=0.01",-1.3163,11
[8],5,"lr0.003,wd0.01",5,"lr=1e-04, wd=0.0",-1.2851,12
[8],10,"lr1e-05,wd0.0",7,"lr=3e-04, wd=0.0",-1.8946,1
[8],10,"lr1e-05,wd0.0",9,"lr=0.001, wd=0.0",-1.88,2
[8],10,"lr1e-05,wd0.0",8,"lr=3e-04, wd=0.01",-1.7872,3
[8],10,"lr1e-05,wd0.0",5,"lr=1e-04, wd=0.0",-1.7866,4
[8],10,"lr1e-05,wd0.0",6,"lr=1e-04, wd=0.01",-1.7648,5
[8],10,"lr1e-05,wd0.0",11,"lr=0.003, wd=0.0",-1.6623,6
[8],10,"lr1e-05,wd0.0",3,"lr=3e-05, wd=0.0",-1.6328,7
[8],10,"lr1e-05,wd0.0",4,"lr=3e-05, wd=0.01",-1.6,8
[8],10,"lr1e-05,wd0.0",12,"lr=0.003, wd=0.01",-1.4789,9
[8],10,"lr1e-05,wd0.0",1,"lr=1e-05, wd=0.0",-1.4566,10
[8],10,"lr1e-05,wd0.0",10,"lr=0.001, wd=0.01",-1.4547,11
[8],10,"lr1e-05,wd0.0",2,"lr=1e-05, wd=0.01",-1.4215,12
[8],10,"lr1e-05,wd0.01",7,"lr=3e-04, wd=0.0",-2.0914,1
[8],10,"lr1e-05,wd0.01",9,"lr=0.001, wd=0.0",-2.0782,2
[8],10,"lr1e-05,wd0.01",8,"lr=3e-04, wd=0.01",-1.9955,3
[8],10,"lr1e-05,wd0.01",5,"lr=1e-04, wd=0.0",-1.9753,4
[8],10,"lr1e-05,wd0.01",6,"lr=1e-04, wd=0.01",-1.9617,5
[8],10,"lr1e-05,wd0.01",11,"lr=0.003, wd=0.0",-1.8604,6
[8],10,"lr1e-05,wd0.01",4,"lr=3e-05, wd=0.01",-1.8102,7
[8],10,"lr1e-05,wd0.01",3,"lr=3e-05, wd=0.0",-1.81,8
[8],10,"lr1e-05,wd0.01",1,"lr=1e-05, wd=0.0",-1.6246,9
[8],10,"lr1e-05,wd0.01",2,"lr=1e-05, wd=0.01",-1.61,10
[8],10,"lr1e-05,wd0.01",12,"lr=0.003, wd=0.01",-1.5706,11
[8],10,"lr1e-05,wd0.01",10,"lr=0.001, wd=0.01",-1.5426,12
[8],10,"lr3e-05,wd0.0",7,"lr=3e-04, wd=0.0",-1.7737,1
[8],10,"lr3e-05,wd0.0",9,"lr=0.001, wd=0.0",-1.7469,2
[8],10,"lr3e-05,wd0.0",3,"lr=3e-05, wd=0.0",-1.6775,3
[8],10,"lr3e-05,wd0.0",5,"lr=1e-04, wd=0.0",-1.6556,4
[8],10,"lr3e-05,wd0.0",8,"lr=3e-04, wd=0.01",-1.6436,5
[8],10,"lr3e-05,wd0.0",4,"lr=3e-05, wd=0.01",-1.6405,6
[8],10,"lr3e-05,wd0.0",6,"lr=1e-04, wd=0.01",-1.6238,7
[8],10,"lr3e-05,wd0.0",11,"lr=0.003, wd=0.0",-1.543,8
[8],10,"lr3e-05,wd0.0",1,"lr=1e-05, wd=0.0",-1.5351,9
[8],10,"lr3e-05,wd0.0",2,"lr=1e-05, wd=0.01",-1.5205,10
[8],10,"lr3e-05,wd0.0",10,"lr=0.001, wd=0.01",-1.5074,11
[8],10,"lr3e-05,wd0.0",12,"lr=0.003, wd=0.01",-1.4951,12
[8],10,"lr3e-05,wd0.01",9,"lr=0.001, wd=0.0",-1.8956,1
[8],10,"lr3e-05,wd0.01",7,"lr=3e-04, wd=0.0",-1.887,2
[8],10,"lr3e-05,wd0.01",8,"lr=3e-04, wd=0.01",-1.7427,3
[8],10,"lr3e-05,wd0.01",3,"lr=3e-05, wd=0.0",-1.7324,4
[8],10,"lr3e-05,wd0.01",4,"lr=3e-05, wd=0.01",-1.7114,5
[8],10,"lr3e-05,wd0.01",5,"lr=1e-04, wd=0.0",-1.7094,6
[8],10,"lr3e-05,wd0.01",6,"lr=1e-04, wd=0.01",-1.6983,7
[8],10,"lr3e-05,wd0.01",11,"lr=0.003, wd=0.0",-1.655,8
[8],10,"lr3e-05,wd0.01",1,"lr=1e-05, wd=0.0",-1.5904,9
[8],10,"lr3e-05,wd0.01",2,"lr=1e-05, wd=0.01",-1.5742,10
[8],10,"lr3e-05,wd0.01",10,"lr=0.001, wd=0.01",-1.5526,11
[8],10,"lr3e-05,wd0.01",12,"lr=0.003, wd=0.01",-1.5378,12
[8],10,"lr0.0001,wd0.0",9,"lr=0.001, wd=0.0",-1.7251,1
[8],10,"lr0.0001,wd0.0",11,"lr=0.003, wd=0.0",-1.6855,2
[8],10,"lr0.0001,wd0.0",7,"lr=3e-04, wd=0.0",-1.6635,3
[8],10,"lr0.0001,wd0.0",10,"lr=0.001, wd=0.01",-1.5646,4
[8],10,"lr0.0001,wd0.0",12,"lr=0.003, wd=0.01",-1.527,5
[8],10,"lr0.0001,wd0.0",8,"lr=3e-04, wd=0.01",-1.521,6
[8],10,"lr0.0001,wd0.0",5,"lr=1e-04, wd=0.0",-1.4105,7
[8],10,"lr0.0001,wd0.0",6,"lr=1e-04, wd=0.01",-1.4073,8
[8],10,"lr0.0001,wd0.0",3,"lr=3e-05, wd=0.0",-1.3799,9
[8],10,"lr0.0001,wd0.0",4,"lr=3e-05, wd=0.01",-1.3752,10
[8],10,"lr0.0001,wd0.0",2,"lr=1e-05, wd=0.01",-1.3099,11
[8],10,"lr0.0001,wd0.0",1,"lr=1e-05, wd=0.0",-1.3015,12
[8],10,"lr0.0001,wd0.01",9,"lr=0.001, wd=0.0",-1.8928,1
[8],10,"lr0.0001,wd0.01",11,"lr=0.003, wd=0.0",-1.8882,2
[8],10,"lr0.0001,wd0.01",7,"lr=3e-04, wd=0.0",-1.8186,3
[8],10,"lr0.0001,wd0.01",12,"lr=0.003, wd=0.01",-1.795,4
[8],10,"lr0.0001,wd0.01",10,"lr=0.001, wd=0.01",-1.7686,5
[8],10,"lr0.0001,wd0.01",8,"lr=3e-04, wd=0.01",-1.6676,6
[8],10,"lr0.0001,wd0.01",3,"lr=3e-05, wd=0.0",-1.4992,7
[8],10,"lr0.0001,wd0.01",4,"lr=3e-05, wd=0.01",-1.4971,8
[8],10,"lr0.0001,wd0.01",6,"lr=1e-04, wd=0.01",-1.4941,9
[8],10,"lr0.0001,wd0.01",5,"lr=1e-04, wd=0.0",-1.4903,10
[8],10,"lr0.0001,wd0.01",2,"lr=1e-05, wd=0.01",-1.4824,11
[8],10,"lr0.0001,wd0.01",1,"lr=1e-05, wd=0.0",-1.4775,12
[8],10,"lr0.0003,wd0.0",11,"lr=0.003, wd=0.0",-1.5246,1
[8],10,"lr0.0003,wd0.0",9,"lr=0.001, wd=0.0",-1.4852,2
[8],10,"lr0.0003,wd0.0",7,"lr=3e-04, wd=0.0",-1.3899,3
[8],10,"lr0.0003,wd0.0",10,"lr=0.001, wd=0.01",-1.3774,4
[8],10,"lr0.0003,wd0.0",12,"lr=0.003, wd=0.01",-1.3522,5
[8],10,"lr0.0003,wd0.0",8,"lr=3e-04, wd=0.01",-1.2976,6
[8],10,"lr0.0003,wd0.0",6,"lr=1e-04, wd=0.01",-1.1859,7
[8],10,"lr0.0003,wd0.0",5,"lr=1e-04, wd=0.0",-1.1795,8
[8],10,"lr0.0003,wd0.0",4,"lr=3e-05, wd=0.01",-1.1398,9
[8],10,"lr0.0003,wd0.0",3,"lr=3e-05, wd=0.0",-1.1387,10
[8],10,"lr0.0003,wd0.0",2,"lr=1e-05, wd=0.01",-1.1106,11
[8],10,"lr0.0003,wd0.0",1,"lr=1e-05, wd=0.0",-1.1028,12
[8],10,"lr0.0003,wd0.01",11,"lr=0.003, wd=0.0",-1.9042,1
[8],10,"lr0.0003,wd0.01",12,"lr=0.003, wd=0.01",-1.8466,2
[8],10,"lr0.0003,wd0.01",9,"lr=0.001, wd=0.0",-1.7551,3
[8],10,"lr0.0003,wd0.01",10,"lr=0.001, wd=0.01",-1.6716,4
[8],10,"lr0.0003,wd0.01",7,"lr=3e-04, wd=0.0",-1.5276,5
[8],10,"lr0.0003,wd0.01",8,"lr=3e-04, wd=0.01",-1.4125,6
[8],10,"lr0.0003,wd0.01",2,"lr=1e-05, wd=0.01",-1.3222,7
[8],10,"lr0.0003,wd0.01",1,"lr=1e-05, wd=0.0",-1.3121,8
[8],10,"lr0.0003,wd0.01",4,"lr=3e-05, wd=0.01",-1.3063,9
[8],10,"lr0.0003,wd0.01",3,"lr=3e-05, wd=0.0",-1.2986,10
[8],10,"lr0.0003,wd0.01",6,"lr=1e-04, wd=0.01",-1.2827,11
[8],10,"lr0.0003,wd0.01",5,"lr=1e-04, wd=0.0",-1.2763,12
[8],10,"lr0.001,wd0.0",11,"lr=0.003, wd=0.0",-1.5457,1
[8],10,"lr0.001,wd0.0",9,"lr=0.001, wd=0.0",-1.4905,2
[8],10,"lr0.001,wd0.0",7,"lr=3e-04, wd=0.0",-1.4085,3
[8],10,"lr0.001,wd0.0",10,"lr=0.001, wd=0.01",-1.4038,4
[8],10,"lr0.001,wd0.0",12,"lr=0.003, wd=0.01",-1.3996,5
[8],10,"lr0.001,wd0.0",8,"lr=3e-04, wd=0.01",-1.2975,6
[8],10,"lr0.001,wd0.0",2,"lr=1e-05, wd=0.01",-1.2227,7
[8],10,"lr0.001,wd0.0",1,"lr=1e-05, wd=0.0",-1.2161,8
[8],10,"lr0.001,wd0.0",6,"lr=1e-04, wd=0.01",-1.1919,9
[8],10,"lr0.001,wd0.0",5,"lr=1e-04, wd=0.0",-1.1899,10
[8],10,"lr0.001,wd0.0",4,"lr=3e-05, wd=0.01",-1.1865,11
[8],10,"lr0.001,wd0.0",3,"lr=3e-05, wd=0.0",-1.1854,12
[8],10,"lr0.001,wd0.01",11,"lr=0.003, wd=0.0",-1.7674,1
[8],10,"lr0.001,wd0.01",9,"lr=0.001, wd=0.0",-1.6452,2
[8],10,"lr0.001,wd0.01",12,"lr=0.003, wd=0.01",-1.5712,3
[8],10,"lr0.001,wd0.01",7,"lr=3e-04, wd=0.0",-1.5245,4
[8],10,"lr0.001,wd0.01",10,"lr=0.001, wd=0.01",-1.5187,5
[8],10,"lr0.001,wd0.01",8,"lr=3e-04, wd=0.01",-1.4211,6
[8],10,"lr0.001,wd0.01",1,"lr=1e-05, wd=0.0",-1.3696,7
[8],10,"lr0.001,wd0.01",2,"lr=1e-05, wd=0.01",-1.3671,8
[8],10,"lr0.001,wd0.01",3,"lr=3e-05, wd=0.0",-1.364,9
[8],10,"lr0.001,wd0.01",4,"lr=3e-05, wd=0.01",-1.3605,10
[8],10,"lr0.001,wd0.01",5,"lr=1e-04, wd=0.0",-1.3525,11
[8],10,"lr0.001,wd0.01",6,"lr=1e-04, wd=0.01",-1.3423,12
[8],10,"lr0.003,wd0.0",11,"lr=0.003, wd=0.0",-1.7243,1
[8],10,"lr0.003,wd0.0",9,"lr=0.001, wd=0.0",-1.6255,2
[8],10,"lr0.003,wd0.0",12,"lr=0.003, wd=0.01",-1.5573,3
[8],10,"lr0.003,wd0.0",10,"lr=0.001, wd=0.01",-1.4999,4
[8],10,"lr0.003,wd0.0",7,"lr=3e-04, wd=0.0",-1.4828,5
[8],10,"lr0.003,wd0.0",8,"lr=3e-04, wd=0.01",-1.3514,6
[8],10,"lr0.003,wd0.0",2,"lr=1e-05, wd=0.01",-1.3119,7
[8],10,"lr0.003,wd0.0",1,"lr=1e-05, wd=0.0",-1.3079,8
[8],10,"lr0.003,wd0.0",4,"lr=3e-05, wd=0.01",-1.2859,9
[8],10,"lr0.003,wd0.0",3,"lr=3e-05, wd=0.0",-1.2838,10
[8],10,"lr0.003,wd0.0",5,"lr=1e-04, wd=0.0",-1.2482,11
[8],10,"lr0.003,wd0.0",6,"lr=1e-04, wd=0.01",-1.2468,12
[8],10,"lr0.003,wd0.01",11,"lr=0.003, wd=0.0",-1.5207,1
[8],10,"lr0.003,wd0.01",12,"lr=0.003, wd=0.01",-1.4223,2
[8],10,"lr0.003,wd0.01",9,"lr=0.001, wd=0.0",-1.3761,3
[8],10,"lr0.003,wd0.01",10,"lr=0.001, wd=0.01",-1.3142,4
[8],10,"lr0.003,wd0.01",7,"lr=3e-04, wd=0.0",-1.2581,5
[8],10,"lr0.003,wd0.01",8,"lr=3e-04, wd=0.01",-1.181,6
[8],10,"lr0.003,wd0.01",2,"lr=1e-05, wd=0.01",-1.1798,7
[8],10,"lr0.003,wd0.01",1,"lr=1e-05, wd=0.0",-1.1747,8
[8],10,"lr0.003,wd0.01",4,"lr=3e-05, wd=0.01",-1.1728,9
[8],10,"lr0.003,wd0.01",3,"lr=3e-05, wd=0.0",-1.1537,10
[8],10,"lr0.003,wd0.01",5,"lr=1e-04, wd=0.0",-1.0953,11
[8],10,"lr0.003,wd0.01",6,"lr=1e-04, wd=0.01",-1.0919,12
[8],20,"lr1e-05,wd0.0",7,"lr=3e-04, wd=0.0",-1.9827,1
[8],20,"lr1e-05,wd0.0",9,"lr=0.001, wd=0.0",-1.841,2
[8],20,"lr1e-05,wd0.0",11,"lr=0.003, wd=0.0",-1.7562,3
[8],20,"lr1e-05,wd0.0",5,"lr=1e-04, wd=0.0",-1.7332,4
[8],20,"lr1e-05,wd0.0",8,"lr=3e-04, wd=0.01",-1.6758,5
[8],20,"lr1e-05,wd0.0",6,"lr=1e-04, wd=0.01",-1.6662,6
[8],20,"lr1e-05,wd0.0",3,"lr=3e-05, wd=0.0",-1.6517,7
[8],20,"lr1e-05,wd0.0",10,"lr=0.001, wd=0.01",-1.6353,8
[8],20,"lr1e-05,wd0.0",4,"lr=3e-05, wd=0.01",-1.6349,9
[8],20,"lr1e-05,wd0.0",12,"lr=0.003, wd=0.01",-1.6173,10
[8],20,"lr1e-05,wd0.0",1,"lr=1e-05, wd=0.0",-1.513,11
[8],20,"lr1e-05,wd0.0",2,"lr=1e-05, wd=0.01",-1.4969,12
[8],20,"lr1e-05,wd0.01",7,"lr=3e-04, wd=0.0",-2.2035,1
[8],20,"lr1e-05,wd0.01",9,"lr=0.001, wd=0.0",-2.0954,2
[8],20,"lr1e-05,wd0.01",11,"lr=0.003, wd=0.0",-1.9109,3
[8],20,"lr1e-05,wd0.01",5,"lr=1e-04, wd=0.0",-1.8259,4
[8],20,"lr1e-05,wd0.01",8,"lr=3e-04, wd=0.01",-1.8214,5
[8],20,"lr1e-05,wd0.01",6,"lr=1e-04, wd=0.01",-1.747,6
[8],20,"lr1e-05,wd0.01",10,"lr=0.001, wd=0.01",-1.69,7
[8],20,"lr1e-05,wd0.01",12,"lr=0.003, wd=0.01",-1.6869,8
[8],20,"lr1e-05,wd0.01",3,"lr=3e-05, wd=0.0",-1.6698,9
[8],20,"lr1e-05,wd0.01",4,"lr=3e-05, wd=0.01",-1.6449,10
[8],20,"lr1e-05,wd0.01",1,"lr=1e-05, wd=0.0",-1.5372,11
[8],20,"lr1e-05,wd0.01",2,"lr=1e-05, wd=0.01",-1.5158,12
[8],20,"lr3e-05,wd0.0",7,"lr=3e-04, wd=0.0",-1.7707,1
[8],20,"lr3e-05,wd0.0",3,"lr=3e-05, wd=0.0",-1.7239,2
[8],20,"lr3e-05,wd0.0",4,"lr=3e-05, wd=0.01",-1.6976,3
[8],20,"lr3e-05,wd0.0",9,"lr=0.001, wd=0.0",-1.6887,4
[8],20,"lr3e-05,wd0.0",5,"lr=1e-04, wd=0.0",-1.6827,5
[8],20,"lr3e-05,wd0.0",6,"lr=1e-04, wd=0.01",-1.6653,6
[8],20,"lr3e-05,wd0.0",8,"lr=3e-04, wd=0.01",-1.6622,7
[8],20,"lr3e-05,wd0.0",11,"lr=0.003, wd=0.0",-1.651,8
[8],20,"lr3e-05,wd0.0",10,"lr=0.001, wd=0.01",-1.6342,9
[8],20,"lr3e-05,wd0.0",12,"lr=0.003, wd=0.01",-1.6199,10
[8],20,"lr3e-05,wd0.0",1,"lr=1e-05, wd=0.0",-1.561,11
[8],20,"lr3e-05,wd0.0",2,"lr=1e-05, wd=0.01",-1.5417,12
[8],20,"lr3e-05,wd0.01",7,"lr=3e-04, wd=0.0",-2.0652,1
[8],20,"lr3e-05,wd0.01",9,"lr=0.001, wd=0.0",-2.0467,2
[8],20,"lr3e-05,wd0.01",5,"lr=1e-04, wd=0.0",-2.032,3
[8],20,"lr3e-05,wd0.01",3,"lr=3e-05, wd=0.0",-2.0222,4
[8],20,"lr3e-05,wd0.01",11,"lr=0.003, wd=0.0",-2.0212,5
[8],20,"lr3e-05,wd0.01",4,"lr=3e-05, wd=0.01",-2.0062,6
[8],20,"lr3e-05,wd0.01",6,"lr=1e-04, wd=0.01",-2.0058,7
[8],20,"lr3e-05,wd0.01",8,"lr=3e-04, wd=0.01",-1.9994,8
[8],20,"lr3e-05,wd0.01",12,"lr=0.003, wd=0.01",-1.9579,9
[8],20,"lr3e-05,wd0.01",10,"lr=0.001, wd=0.01",-1.9503,10
[8],20,"lr3e-05,wd0.01",1,"lr=1e-05, wd=0.0",-1.8674,11
[8],20,"lr3e-05,wd0.01",2,"lr=1e-05, wd=0.01",-1.8502,12
[8],20,"lr0.0001,wd0.0",7,"lr=3e-04, wd=0.0",-1.7347,1
[8],20,"lr0.0001,wd0.0",11,"lr=0.003, wd=0.0",-1.705,2
[8],20,"lr0.0001,wd0.0",9,"lr=0.001, wd=0.0",-1.6954,3
[8],20,"lr0.0001,wd0.0",10,"lr=0.001, wd=0.01",-1.6521,4
[8],20,"lr0.0001,wd0.0",8,"lr=3e-04, wd=0.01",-1.6507,5
[8],20,"lr0.0001,wd0.0",12,"lr=0.003, wd=0.01",-1.6253,6
[8],20,"lr0.0001,wd0.0",5,"lr=1e-04, wd=0.0",-1.5913,7
[8],20,"lr0.0001,wd0.0",6,"lr=1e-04, wd=0.01",-1.5881,8
[8],20,"lr0.0001,wd0.0",3,"lr=3e-05, wd=0.0",-1.5578,9
[8],20,"lr0.0001,wd0.0",4,"lr=3e-05, wd=0.01",-1.5509,10
[8],20,"lr0.0001,wd0.0",1,"lr=1e-05, wd=0.0",-1.4754,11
[8],20,"lr0.0001,wd0.0",2,"lr=1e-05, wd=0.01",-1.4688,12
[8],20,"lr0.0001,wd0.01",11,"lr=0.003, wd=0.0",-1.958,1
[8],20,"lr0.0001,wd0.01",12,"lr=0.003, wd=0.01",-1.9326,2
[8],20,"lr0.0001,wd0.01",7,"lr=3e-04, wd=0.0",-1.9126,3
[8],20,"lr0.0001,wd0.01",9,"lr=0.001, wd=0.0",-1.9095,4
[8],20,"lr0.0001,wd0.01",10,"lr=0.001, wd=0.01",-1.9066,5
[8],20,"lr0.0001,wd0.01",8,"lr=3e-04, wd=0.01",-1.8069,6
[8],20,"lr0.0001,wd0.01",6,"lr=1e-04, wd=0.01",-1.6673,7
[8],20,"lr0.0001,wd0.01",5,"lr=1e-04, wd=0.0",-1.665,8
[8],20,"lr0.0001,wd0.01",3,"lr=3e-05, wd=0.0",-1.6535,9
[8],20,"lr0.0001,wd0.01",4,"lr=3e-05, wd=0.01",-1.6406,10
[8],20,"lr0.0001,wd0.01",1,"lr=1e-05, wd=0.0",-1.6036,11
[8],20,"lr0.0001,wd0.01",2,"lr=1e-05, wd=0.01",-1.5935,12
[8],20,"lr0.0003,wd0.0",11,"lr=0.003, wd=0.0",-1.6309,1
[8],20,"lr0.0003,wd0.0",9,"lr=0.001, wd=0.0",-1.611,2
[8],20,"lr0.0003,wd0.0",7,"lr=3e-04, wd=0.0",-1.6026,3
[8],20,"lr0.0003,wd0.0",10,"lr=0.001, wd=0.01",-1.5638,4
[8],20,"lr0.0003,wd0.0",8,"lr=3e-04, wd=0.01",-1.5626,5
[8],20,"lr0.0003,wd0.0",12,"lr=0.003, wd=0.01",-1.5547,6
[8],20,"lr0.0003,wd0.0",6,"lr=1e-04, wd=0.01",-1.5016,7
[8],20,"lr0.0003,wd0.0",5,"lr=1e-04, wd=0.0",-1.4976,8
[8],20,"lr0.0003,wd0.0",1,"lr=1e-05, wd=0.0",-1.485,9
[8],20,"lr0.0003,wd0.0",2,"lr=1e-05, wd=0.01",-1.483,10
[8],20,"lr0.0003,wd0.0",3,"lr=3e-05, wd=0.0",-1.4718,11
[8],20,"lr0.0003,wd0.0",4,"lr=3e-05, wd=0.01",-1.4712,12
[8],20,"lr0.0003,wd0.01",11,"lr=0.003, wd=0.0",-1.8572,1
[8],20,"lr0.0003,wd0.01",12,"lr=0.003, wd=0.01",-1.7882,2
[8],20,"lr0.0003,wd0.01",10,"lr=0.001, wd=0.01",-1.6865,3
[8],20,"lr0.0003,wd0.01",9,"lr=0.001, wd=0.0",-1.6573,4
[8],20,"lr0.0003,wd0.01",7,"lr=3e-04, wd=0.0",-1.5547,5
[8],20,"lr0.0003,wd0.01",8,"lr=3e-04, wd=0.01",-1.4539,6
[8],20,"lr0.0003,wd0.01",2,"lr=1e-05, wd=0.01",-1.3602,7
[8],20,"lr0.0003,wd0.01",1,"lr=1e-05, wd=0.0",-1.3589,8
[8],20,"lr0.0003,wd0.01",4,"lr=3e-05, wd=0.01",-1.338,9
[8],20,"lr0.0003,wd0.01",3,"lr=3e-05, wd=0.0",-1.3339,10
[8],20,"lr0.0003,wd0.01",6,"lr=1e-04, wd=0.01",-1.3317,11
[8],20,"lr0.0003,wd0.01",5,"lr=1e-04, wd=0.0",-1.3239,12
[8],20,"lr0.001,wd0.0",11,"lr=0.003, wd=0.0",-1.6039,1
[8],20,"lr0.001,wd0.0",9,"lr=0.001, wd=0.0",-1.5819,2
[8],20,"lr0.001,wd0.0",7,"lr=3e-04, wd=0.0",-1.5716,3
[8],20,"lr0.001,wd0.0",10,"lr=0.001, wd=0.01",-1.5425,4
[8],20,"lr0.001,wd0.0",12,"lr=0.003, wd=0.01",-1.5379,5
[8],20,"lr0.001,wd0.0",8,"lr=3e-04, wd=0.01",-1.5373,6
[8],20,"lr0.001,wd0.0",6,"lr=1e-04, wd=0.01",-1.4712,7
[8],20,"lr0.001,wd0.0",1,"lr=1e-05, wd=0.0",-1.4703,8
[8],20,"lr0.001,wd0.0",5,"lr=1e-04, wd=0.0",-1.4692,9
[8],20,"lr0.001,wd0.0",2,"lr=1e-05, wd=0.01",-1.4641,10
[8],20,"lr0.001,wd0.0",3,"lr=3e-05, wd=0.0",-1.4511,11
[8],20,"lr0.001,wd0.0",4,"lr=3e-05, wd=0.01",-1.4472,12
[8],20,"lr0.001,wd0.01",11,"lr=0.003, wd=0.0",-1.7034,1
[8],20,"lr0.001,wd0.01",12,"lr=0.003, wd=0.01",-1.5964,2
[8],20,"lr0.001,wd0.01",9,"lr=0.001, wd=0.0",-1.5515,3
[8],20,"lr0.001,wd0.01",10,"lr=0.001, wd=0.01",-1.5317,4
[8],20,"lr0.001,wd0.01",7,"lr=3e-04, wd=0.0",-1.4709,5
[8],20,"lr0.001,wd0.01",8,"lr=3e-04, wd=0.01",-1.3948,6
[8],20,"lr0.001,wd0.01",2,"lr=1e-05, wd=0.01",-1.3282,7
[8],20,"lr0.001,wd0.01",1,"lr=1e-05, wd=0.0",-1.3263,8
[8],20,"lr0.001,wd0.01",4,"lr=3e-05, wd=0.01",-1.3061,9
[8],20,"lr0.001,wd0.01",3,"lr=3e-05, wd=0.0",-1.2984,10
[8],20,"lr0.001,wd0.01",6,"lr=1e-04, wd=0.01",-1.2876,11
[8],20,"lr0.001,wd0.01",5,"lr=1e-04, wd=0.0",-1.2847,12
[8],20,"lr0.003,wd0.0",11,"lr=0.003, wd=0.0",-1.7332,1
[8],20,"lr0.003,wd0.0",9,"lr=0.001, wd=0.0",-1.674,2
[8],20,"lr0.003,wd0.0",12,"lr=0.003, wd=0.01",-1.6551,3
[8],20,"lr0.003,wd0.0",7,"lr=3e-04, wd=0.0",-1.6498,4
[8],20,"lr0.003,wd0.0",10,"lr=0.001, wd=0.01",-1.6401,5
[8],20,"lr0.003,wd0.0",8,"lr=3e-04, wd=0.01",-1.5431,6
[8],20,"lr0.003,wd0.0",1,"lr=1e-05, wd=0.0",-1.4495,7
[8],20,"lr0.003,wd0.0",2,"lr=1e-05, wd=0.01",-1.4469,8
[8],20,"lr0.003,wd0.0",3,"lr=3e-05, wd=0.0",-1.4318,9
[8],20,"lr0.003,wd0.0",4,"lr=3e-05, wd=0.01",-1.4299,10
[8],20,"lr0.003,wd0.0",5,"lr=1e-04, wd=0.0",-1.4151,11
[8],20,"lr0.003,wd0.0",6,"lr=1e-04, wd=0.01",-1.415,12
[8],20,"lr0.003,wd0.01",11,"lr=0.003, wd=0.0",-1.8598,1
[8],20,"lr0.003,wd0.01",12,"lr=0.003, wd=0.01",-1.8464,2
[8],20,"lr0.003,wd0.01",9,"lr=0.001, wd=0.0",-1.7905,3
[8],20,"lr0.003,wd0.01",10,"lr=0.001, wd=0.01",-1.7463,4
[8],20,"lr0.003,wd0.01",7,"lr=3e-04, wd=0.0",-1.7441,5
[8],20,"lr0.003,wd0.01",8,"lr=3e-04, wd=0.01",-1.568,6
[8],20,"lr0.003,wd0.01",2,"lr=1e-05, wd=0.01",-1.538,7
[8],20,"lr0.003,wd0.01",1,"lr=1e-05, wd=0.0",-1.5303,8
[8],20,"lr0.003,wd0.01",4,"lr=3e-05, wd=0.01",-1.5148,9
[8],20,"lr0.003,wd0.01",3,"lr=3e-05, wd=0.0",-1.513,10
[8],20,"lr0.003,wd0.01",5,"lr=1e-04, wd=0.0",-1.4949,11
[8],20,"lr0.003,wd0.01",6,"lr=1e-04, wd=0.01",-1.4872,12
[8],50,"lr1e-05,wd0.0",10,"lr=0.001, wd=0.01",-2.5721,1
[8],50,"lr1e-05,wd0.0",11,"lr=0.003, wd=0.0",-2.5605,2
[8],50,"lr1e-05,wd0.0",5,"lr=1e-04, wd=0.0",-2.5092,3
[8],50,"lr1e-05,wd0.0",9,"lr=0.001, wd=0.0",-2.5085,4
[8],50,"lr1e-05,wd0.0",7,"lr=3e-04, wd=0.0",-2.4907,5
[8],50,"lr1e-05,wd0.0",12,"lr=0.003, wd=0.01",-2.4836,6
[8],50,"lr1e-05,wd0.0",8,"lr=3e-04, wd=0.01",-2.4277,7
[8],50,"lr1e-05,wd0.0",6,"lr=1e-04, wd=0.01",-2.4223,8
[8],50,"lr1e-05,wd0.0",3,"lr=3e-05, wd=0.0",-2.3653,9
[8],50,"lr1e-05,wd0.0",4,"lr=3e-05, wd=0.01",-2.3615,10
[8],50,"lr1e-05,wd0.0",1,"lr=1e-05, wd=0.0",-2.251,11
[8],50,"lr1e-05,wd0.0",2,"lr=1e-05, wd=0.01",-2.2453,12
[8],50,"lr1e-05,wd0.01",10,"lr=0.001, wd=0.01",-3.112,1
[8],50,"lr1e-05,wd0.01",11,"lr=0.003, wd=0.0",-2.94,2
[8],50,"lr1e-05,wd0.01",9,"lr=0.001, wd=0.0",-2.7831,3
[8],50,"lr1e-05,wd0.01",7,"lr=3e-04, wd=0.0",-2.7386,4
[8],50,"lr1e-05,wd0.01",5,"lr=1e-04, wd=0.0",-2.6587,5
[8],50,"lr1e-05,wd0.01",8,"lr=3e-04, wd=0.01",-2.563,6
[8],50,"lr1e-05,wd0.01",12,"lr=0.003, wd=0.01",-2.5552,7
[8],50,"lr1e-05,wd0.01",6,"lr=1e-04, wd=0.01",-2.5254,8
[8],50,"lr1e-05,wd0.01",3,"lr=3e-05, wd=0.0",-2.4082,9
[8],50,"lr1e-05,wd0.01",4,"lr=3e-05, wd=0.01",-2.3926,10
[8],50,"lr1e-05,wd0.01",1,"lr=1e-05, wd=0.0",-2.2833,11
[8],50,"lr1e-05,wd0.01",2,"lr=1e-05, wd=0.01",-2.2788,12
[8],50,"lr3e-05,wd0.0",12,"lr=0.003, wd=0.01",-2.4488,1
[8],50,"lr3e-05,wd0.0",10,"lr=0.001, wd=0.01",-2.3883,2
[8],50,"lr3e-05,wd0.0",11,"lr=0.003, wd=0.0",-2.3744,3
[8],50,"lr3e-05,wd0.0",9,"lr=0.001, wd=0.0",-2.3419,4
[8],50,"lr3e-05,wd0.0",5,"lr=1e-04, wd=0.0",-2.3261,5
[8],50,"lr3e-05,wd0.0",7,"lr=3e-04, wd=0.0",-2.3186,6
[8],50,"lr3e-05,wd0.0",3,"lr=3e-05, wd=0.0",-2.3038,7
[8],50,"lr3e-05,wd0.0",4,"lr=3e-05, wd=0.01",-2.3015,8
[8],50,"lr3e-05,wd0.0",8,"lr=3e-04, wd=0.01",-2.2985,9
[8],50,"lr3e-05,wd0.0",6,"lr=1e-04, wd=0.01",-2.2979,10
[8],50,"lr3e-05,wd0.0",1,"lr=1e-05, wd=0.0",-2.2212,11
[8],50,"lr3e-05,wd0.0",2,"lr=1e-05, wd=0.01",-2.22,12
[8],50,"lr3e-05,wd0.01",5,"lr=1e-04, wd=0.0",-2.9135,1
[8],50,"lr3e-05,wd0.01",6,"lr=1e-04, wd=0.01",-2.6145,2
[8],50,"lr3e-05,wd0.01",12,"lr=0.003, wd=0.01",-2.6076,3
[8],50,"lr3e-05,wd0.01",3,"lr=3e-05, wd=0.0",-2.5756,4
[8],50,"lr3e-05,wd0.01",10,"lr=0.001, wd=0.01",-2.5684,5
[8],50,"lr3e-05,wd0.01",4,"lr=3e-05, wd=0.01",-2.5612,6
[8],50,"lr3e-05,wd0.01",7,"lr=3e-04, wd=0.0",-2.5348,7
[8],50,"lr3e-05,wd0.01",8,"lr=3e-04, wd=0.01",-2.5173,8
[8],50,"lr3e-05,wd0.01",11,"lr=0.003, wd=0.0",-2.5095,9
[8],50,"lr3e-05,wd0.01",9,"lr=0.001, wd=0.0",-2.4973,10
[8],50,"lr3e-05,wd0.01",1,"lr=1e-05, wd=0.0",-2.4156,11
[8],50,"lr3e-05,wd0.01",2,"lr=1e-05, wd=0.01",-2.4132,12
[8],50,"lr0.0001,wd0.0",12,"lr=0.003, wd=0.01",-2.1713,1
[8],50,"lr0.0001,wd0.0",11,"lr=0.003, wd=0.0",-2.1706,2
[8],50,"lr0.0001,wd0.0",8,"lr=3e-04, wd=0.01",-2.1491,3
[8],50,"lr0.0001,wd0.0",6,"lr=1e-04, wd=0.01",-2.1491,4
[8],50,"lr0.0001,wd0.0",10,"lr=0.001, wd=0.01",-2.1411,5
[8],50,"lr0.0001,wd0.0",5,"lr=1e-04, wd=0.0",-2.1391,6
[8],50,"lr0.0001,wd0.0",9,"lr=0.001, wd=0.0",-2.1391,7
[8],50,"lr0.0001,wd0.0",7,"lr=3e-04, wd=0.0",-2.1302,8
[8],50,"lr0.0001,wd0.0",4,"lr=3e-05, wd=0.01",-2.0485,9
[8],50,"lr0.0001,wd0.0",2,"lr=1e-05, wd=0.01",-2.0481,10
[8],50,"lr0.0001,wd0.0",3,"lr=3e-05, wd=0.0",-2.0449,11
[8],50,"lr0.0001,wd0.0",1,"lr=1e-05, wd=0.0",-2.0381,12
[8],50,"lr0.0001,wd0.01",5,"lr=1e-04, wd=0.0",-3.7887,1
[8],50,"lr0.0001,wd0.01",6,"lr=1e-04, wd=0.01",-3.7738,2
[8],50,"lr0.0001,wd0.01",12,"lr=0.003, wd=0.01",-3.7343,3
[8],50,"lr0.0001,wd0.01",3,"lr=3e-05, wd=0.0",-3.7092,4
[8],50,"lr0.0001,wd0.01",4,"lr=3e-05, wd=0.01",-3.6915,5
[8],50,"lr0.0001,wd0.01",8,"lr=3e-04, wd=0.01",-3.687,6
[8],50,"lr0.0001,wd0.01",10,"lr=0.001, wd=0.01",-3.6309,7
[8],50,"lr0.0001,wd0.01",7,"lr=3e-04, wd=0.0",-3.591,8
[8],50,"lr0.0001,wd0.01",2,"lr=1e-05, wd=0.01",-3.47,9
[8],50,"lr0.0001,wd0.01",1,"lr=1e-05, wd=0.0",-3.4545,10
[8],50,"lr0.0001,wd0.01",11,"lr=0.003, wd=0.0",-3.2908,11
[8],50,"lr0.0001,wd0.01",9,"lr=0.001, wd=0.0",-2.9639,12
[8],50,"lr0.0003,wd0.0",12,"lr=0.003, wd=0.01",-1.9539,1
[8],50,"lr0.0003,wd0.0",11,"lr=0.003, wd=0.0",-1.9323,2
[8],50,"lr0.0003,wd0.0",10,"lr=0.001, wd=0.01",-1.8979,3
[8],50,"lr0.0003,wd0.0",9,"lr=0.001, wd=0.0",-1.8864,4
[8],50,"lr0.0003,wd0.0",2,"lr=1e-05, wd=0.01",-1.8743,5
[8],50,"lr0.0003,wd0.0",1,"lr=1e-05, wd=0.0",-1.8706,6
[8],50,"lr0.0003,wd0.0",7,"lr=3e-04, wd=0.0",-1.8489,7
[8],50,"lr0.0003,wd0.0",8,"lr=3e-04, wd=0.01",-1.8487,8
[8],50,"lr0.0003,wd0.0",6,"lr=1e-04, wd=0.01",-1.8371,9
[8],50,"lr0.0003,wd0.0",5,"lr=1e-04, wd=0.0",-1.8301,10
[8],50,"lr0.0003,wd0.0",4,"lr=3e-05, wd=0.01",-1.8253,11
[8],50,"lr0.0003,wd0.0",3,"lr=3e-05, wd=0.0",-1.8237,12
[8],50,"lr0.0003,wd0.01",12,"lr=0.003, wd=0.01",-3.6711,1
[8],50,"lr0.0003,wd0.01",5,"lr=1e-04, wd=0.0",-3.4722,2
[8],50,"lr0.0003,wd0.01",10,"lr=0.001, wd=0.01",-3.4684,3
[8],50,"lr0.0003,wd0.01",6,"lr=1e-04, wd=0.01",-3.3748,4
[8],50,"lr0.0003,wd0.01",11,"lr=0.003, wd=0.0",-3.2881,5
[8],50,"lr0.0003,wd0.01",7,"lr=3e-04, wd=0.0",-3.2374,6
[8],50,"lr0.0003,wd0.01",8,"lr=3e-04, wd=0.01",-3.2303,7
[8],50,"lr0.0003,wd0.01",9,"lr=0.001, wd=0.0",-2.6231,8
[8],50,"lr0.0003,wd0.01",3,"lr=3e-05, wd=0.0",-2.5558,9
[8],50,"lr0.0003,wd0.01",4,"lr=3e-05, wd=0.01",-2.4856,10
[8],50,"lr0.0003,wd0.01",2,"lr=1e-05, wd=0.01",-2.3268,11
[8],50,"lr0.0003,wd0.01",1,"lr=1e-05, wd=0.0",-2.3212,12
[8],50,"lr0.001,wd0.0",12,"lr=0.003, wd=0.01",-1.8261,1
[8],50,"lr0.001,wd0.0",11,"lr=0.003, wd=0.0",-1.7991,2
[8],50,"lr0.001,wd0.0",10,"lr=0.001, wd=0.01",-1.7726,3
[8],50,"lr0.001,wd0.0",2,"lr=1e-05, wd=0.01",-1.7593,4
[8],50,"lr0.001,wd0.0",1,"lr=1e-05, wd=0.0",-1.7544,5
[8],50,"lr0.001,wd0.0",9,"lr=0.001, wd=0.0",-1.7494,6
[8],50,"lr0.001,wd0.0",8,"lr=3e-04, wd=0.01",-1.7324,7
[8],50,"lr0.001,wd0.0",6,"lr=1e-04, wd=0.01",-1.7301,8
[8],50,"lr0.001,wd0.0",7,"lr=3e-04, wd=0.0",-1.7295,9
[8],50,"lr0.001,wd0.0",4,"lr=3e-05, wd=0.01",-1.7263,10
[8],50,"lr0.001,wd0.0",5,"lr=1e-04, wd=0.0",-1.7238,11
[8],50,"lr0.001,wd0.0",3,"lr=3e-05, wd=0.0",-1.7228,12
[8],50,"lr0.001,wd0.01",12,"lr=0.003, wd=0.01",-2.7027,1
[8],50,"lr0.001,wd0.01",11,"lr=0.003, wd=0.0",-2.4236,2
[8],50,"lr0.001,wd0.01",10,"lr=0.001, wd=0.01",-2.3433,3
[8],50,"lr0.001,wd0.01",7,"lr=3e-04, wd=0.0",-2.3242,4
[8],50,"lr0.001,wd0.01",9,"lr=0.001, wd=0.0",-2.3167,5
[8],50,"lr0.001,wd0.01",8,"lr=3e-04, wd=0.01",-2.2873,6
[8],50,"lr0.001,wd0.01",5,"lr=1e-04, wd=0.0",-2.2551,7
[8],50,"lr0.001,wd0.01",6,"lr=1e-04, wd=0.01",-2.242,8
[8],50,"lr0.001,wd0.01",3,"lr=3e-05, wd=0.0",-2.1666,9
[8],50,"lr0.001,wd0.01",4,"lr=3e-05, wd=0.01",-2.156,10
[8],50,"lr0.001,wd0.01",2,"lr=1e-05, wd=0.01",-2.1169,11
[8],50,"lr0.001,wd0.01",1,"lr=1e-05, wd=0.0",-2.1028,12
[8],50,"lr0.003,wd0.0",8,"lr=3e-04, wd=0.01",-2.3451,1
[8],50,"lr0.003,wd0.0",6,"lr=1e-04, wd=0.01",-2.342,2
[8],50,"lr0.003,wd0.0",12,"lr=0.003, wd=0.01",-2.3351,3
[8],50,"lr0.003,wd0.0",7,"lr=3e-04, wd=0.0",-2.3213,4
[8],50,"lr0.003,wd0.0",5,"lr=1e-04, wd=0.0",-2.3198,5
[8],50,"lr0.003,wd0.0",11,"lr=0.003, wd=0.0",-2.3058,6
[8],50,"lr0.003,wd0.0",9,"lr=0.001, wd=0.0",-2.3043,7
[8],50,"lr0.003,wd0.0",2,"lr=1e-05, wd=0.01",-2.288,8
[8],50,"lr0.003,wd0.0",10,"lr=0.001, wd=0.01",-2.2836,9
[8],50,"lr0.003,wd0.0",1,"lr=1e-05, wd=0.0",-2.2752,10
[8],50,"lr0.003,wd0.0",3,"lr=3e-05, wd=0.0",-2.2681,11
[8],50,"lr0.003,wd0.0",4,"lr=3e-05, wd=0.01",-2.263,12
[8],50,"lr0.003,wd0.01",12,"lr=0.003, wd=0.01",-2.2158,1
[8],50,"lr0.003,wd0.01",10,"lr=0.001, wd=0.01",-2.1631,2
[8],50,"lr0.003,wd0.01",9,"lr=0.001, wd=0.0",-2.1222,3
[8],50,"lr0.003,wd0.01",7,"lr=3e-04, wd=0.0",-2.1065,4
[8],50,"lr0.003,wd0.01",5,"lr=1e-04, wd=0.0",-2.0976,5
[8],50,"lr0.003,wd0.01",8,"lr=3e-04, wd=0.01",-2.0975,6
[8],50,"lr0.003,wd0.01",6,"lr=1e-04, wd=0.01",-2.0785,7
[8],50,"lr0.003,wd0.01",3,"lr=3e-05, wd=0.0",-2.0421,8
[8],50,"lr0.003,wd0.01",4,"lr=3e-05, wd=0.01",-2.038,9
[8],50,"lr0.003,wd0.01",2,"lr=1e-05, wd=0.01",-2.022,10
[8],50,"lr0.003,wd0.01",1,"lr=1e-05, wd=0.0",-2.0116,11
[8],50,"lr0.003,wd0.01",11,"lr=0.003, wd=0.0",-1.9835,12
[8],90,"lr1e-05,wd0.0",10,"lr=0.001, wd=0.01",-4.0352,1
[8],90,"lr1e-05,wd0.0",11,"lr=0.003, wd=0.0",-4.0283,2
[8],90,"lr1e-05,wd0.0",9,"lr=0.001, wd=0.0",-4.0208,3
[8],90,"lr1e-05,wd0.0",7,"lr=3e-04, wd=0.0",-4.0179,4
[8],90,"lr1e-05,wd0.0",5,"lr=1e-04, wd=0.0",-4.0065,5
[8],90,"lr1e-05,wd0.0",12,"lr=0.003, wd=0.01",-4.0042,6
[8],90,"lr1e-05,wd0.0",8,"lr=3e-04, wd=0.01",-4.0035,7
[8],90,"lr1e-05,wd0.0",6,"lr=1e-04, wd=0.01",-3.995,8
[8],90,"lr1e-05,wd0.0",3,"lr=3e-05, wd=0.0",-3.9545,9
[8],90,"lr1e-05,wd0.0",4,"lr=3e-05, wd=0.01",-3.9526,10
[8],90,"lr1e-05,wd0.0",1,"lr=1e-05, wd=0.0",-3.913,11
[8],90,"lr1e-05,wd0.0",2,"lr=1e-05, wd=0.01",-3.9081,12
[8],90,"lr1e-05,wd0.01",10,"lr=0.001, wd=0.01",-4.1512,1
[8],90,"lr1e-05,wd0.01",8,"lr=3e-04, wd=0.01",-4.1396,2
[8],90,"lr1e-05,wd0.01",5,"lr=1e-04, wd=0.0",-4.1381,3
[8],90,"lr1e-05,wd0.01",7,"lr=3e-04, wd=0.0",-4.1372,4
[8],90,"lr1e-05,wd0.01",12,"lr=0.003, wd=0.01",-4.1369,5
[8],90,"lr1e-05,wd0.01",11,"lr=0.003, wd=0.0",-4.1335,6
[8],90,"lr1e-05,wd0.01",6,"lr=1e-04, wd=0.01",-4.1302,7
[8],90,"lr1e-05,wd0.01",9,"lr=0.001, wd=0.0",-4.124,8
[8],90,"lr1e-05,wd0.01",3,"lr=3e-05, wd=0.0",-4.0855,9
[8],90,"lr1e-05,wd0.01",4,"lr=3e-05, wd=0.01",-4.0835,10
[8],90,"lr1e-05,wd0.01",2,"lr=1e-05, wd=0.01",-4.0612,11
[8],90,"lr1e-05,wd0.01",1,"lr=1e-05, wd=0.0",-4.0605,12
[8],90,"lr3e-05,wd0.0",11,"lr=0.003, wd=0.0",-4.0072,1
[8],90,"lr3e-05,wd0.0",9,"lr=0.001, wd=0.0",-3.9988,2
[8],90,"lr3e-05,wd0.0",10,"lr=0.001, wd=0.01",-3.994,3
[8],90,"lr3e-05,wd0.0",5,"lr=1e-04, wd=0.0",-3.9928,4
[8],90,"lr3e-05,wd0.0",6,"lr=1e-04, wd=0.01",-3.9921,5
[8],90,"lr3e-05,wd0.0",8,"lr=3e-04, wd=0.01",-3.9907,6
[8],90,"lr3e-05,wd0.0",7,"lr=3e-04, wd=0.0",-3.9901,7
[8],90,"lr3e-05,wd0.0",12,"lr=0.003, wd=0.01",-3.984,8
[8],90,"lr3e-05,wd0.0",3,"lr=3e-05, wd=0.0",-3.9773,9
[8],90,"lr3e-05,wd0.0",4,"lr=3e-05, wd=0.01",-3.9765,10
[8],90,"lr3e-05,wd0.0",2,"lr=1e-05, wd=0.01",-3.9601,11
[8],90,"lr3e-05,wd0.0",1,"lr=1e-05, wd=0.0",-3.9587,12
[8],90,"lr3e-05,wd0.01",6,"lr=1e-04, wd=0.01",-4.1244,1
[8],90,"lr3e-05,wd0.01",8,"lr=3e-04, wd=0.01",-4.1181,2
[8],90,"lr3e-05,wd0.01",5,"lr=1e-04, wd=0.0",-4.1153,3
[8],90,"lr3e-05,wd0.01",4,"lr=3e-05, wd=0.01",-4.112,4
[8],90,"lr3e-05,wd0.01",7,"lr=3e-04, wd=0.0",-4.1097,5
[8],90,"lr3e-05,wd0.01",10,"lr=0.001, wd=0.01",-4.1097,6
[8],90,"lr3e-05,wd0.01",3,"lr=3e-05, wd=0.0",-4.1096,7
[8],90,"lr3e-05,wd0.01",9,"lr=0.001, wd=0.0",-4.1033,8
[8],90,"lr3e-05,wd0.01",11,"lr=0.003, wd=0.0",-4.1006,9
[8],90,"lr3e-05,wd0.01",12,"lr=0.003, wd=0.01",-4.0997,10
[8],90,"lr3e-05,wd0.01",2,"lr=1e-05, wd=0.01",-4.0962,11
[8],90,"lr3e-05,wd0.01",1,"lr=1e-05, wd=0.0",-4.0943,12
[8],90,"lr0.0001,wd0.0",1,"lr=1e-05, wd=0.0",-2.4367,1
[8],90,"lr0.0001,wd0.0",2,"lr=1e-05, wd=0.01",-2.4353,2
[8],90,"lr0.0001,wd0.0",3,"lr=3e-05, wd=0.0",-2.4211,3
[8],90,"lr0.0001,wd0.0",5,"lr=1e-04, wd=0.0",-2.4149,4
[8],90,"lr0.0001,wd0.0",4,"lr=3e-05, wd=0.01",-2.414,5
[8],90,"lr0.0001,wd0.0",6,"lr=1e-04, wd=0.01",-2.411,6
[8],90,"lr0.0001,wd0.0",8,"lr=3e-04, wd=0.01",-2.3883,7
[8],90,"lr0.0001,wd0.0",7,"lr=3e-04, wd=0.0",-2.387,8
[8],90,"lr0.0001,wd0.0",12,"lr=0.003, wd=0.01",-2.3812,9
[8],90,"lr0.0001,wd0.0",11,"lr=0.003, wd=0.0",-2.3737,10
[8],90,"lr0.0001,wd0.0",9,"lr=0.001, wd=0.0",-2.3645,11
[8],90,"lr0.0001,wd0.0",10,"lr=0.001, wd=0.01",-2.3531,12
[8],90,"lr0.0001,wd0.01",6,"lr=1e-04, wd=0.01",-4.1441,1
[8],90,"lr0.0001,wd0.01",8,"lr=3e-04, wd=0.01",-4.1426,2
[8],90,"lr0.0001,wd0.01",7,"lr=3e-04, wd=0.0",-4.1347,3
[8],90,"lr0.0001,wd0.01",5,"lr=1e-04, wd=0.0",-4.1334,4
[8],90,"lr0.0001,wd0.01",4,"lr=3e-05, wd=0.01",-4.128,5
[8],90,"lr0.0001,wd0.01",3,"lr=3e-05, wd=0.0",-4.1252,6
[8],90,"lr0.0001,wd0.01",10,"lr=0.001, wd=0.01",-4.1234,7
[8],90,"lr0.0001,wd0.01",12,"lr=0.003, wd=0.01",-4.1206,8
[8],90,"lr0.0001,wd0.01",9,"lr=0.001, wd=0.0",-4.1156,9
[8],90,"lr0.0001,wd0.01",11,"lr=0.003, wd=0.0",-4.1143,10
[8],90,"lr0.0001,wd0.01",2,"lr=1e-05, wd=0.01",-4.109,11
[8],90,"lr0.0001,wd0.01",1,"lr=1e-05, wd=0.0",-4.1054,12
[8],90,"lr0.0003,wd0.0",5,"lr=1e-04, wd=0.0",-2.4662,1
[8],90,"lr0.0003,wd0.0",12,"lr=0.003, wd=0.01",-2.4644,2
[8],90,"lr0.0003,wd0.0",3,"lr=3e-05, wd=0.0",-2.4535,3
[8],90,"lr0.0003,wd0.0",6,"lr=1e-04, wd=0.01",-2.4527,4
[8],90,"lr0.0003,wd0.0",1,"lr=1e-05, wd=0.0",-2.4448,5
[8],90,"lr0.0003,wd0.0",2,"lr=1e-05, wd=0.01",-2.4442,6
[8],90,"lr0.0003,wd0.0",11,"lr=0.003, wd=0.0",-2.4435,7
[8],90,"lr0.0003,wd0.0",4,"lr=3e-05, wd=0.01",-2.4414,8
[8],90,"lr0.0003,wd0.0",7,"lr=3e-04, wd=0.0",-2.4408,9
[8],90,"lr0.0003,wd0.0",8,"lr=3e-04, wd=0.01",-2.4343,10
[8],90,"lr0.0003,wd0.0",10,"lr=0.001, wd=0.01",-2.4275,11
[8],90,"lr0.0003,wd0.0",9,"lr=0.001, wd=0.0",-2.4253,12
[8],90,"lr0.0003,wd0.01",12,"lr=0.003, wd=0.01",-4.1499,1
[8],90,"lr0.0003,wd0.01",5,"lr=1e-04, wd=0.0",-4.1421,2
[8],90,"lr0.0003,wd0.01",3,"lr=3e-05, wd=0.0",-4.1416,3
[8],90,"lr0.0003,wd0.01",4,"lr=3e-05, wd=0.01",-4.1399,4
[8],90,"lr0.0003,wd0.01",6,"lr=1e-04, wd=0.01",-4.1362,5
[8],90,"lr0.0003,wd0.01",10,"lr=0.001, wd=0.01",-4.1258,6
[8],90,"lr0.0003,wd0.01",1,"lr=1e-05, wd=0.0",-4.1258,7
[8],90,"lr0.0003,wd0.01",2,"lr=1e-05, wd=0.01",-4.1258,8
[8],90,"lr0.0003,wd0.01",8,"lr=3e-04, wd=0.01",-4.1249,9
[8],90,"lr0.0003,wd0.01",11,"lr=0.003, wd=0.0",-4.1068,10
[8],90,"lr0.0003,wd0.01",7,"lr=3e-04, wd=0.0",-4.1068,11
[8],90,"lr0.0003,wd0.01",9,"lr=0.001, wd=0.0",-4.1013,12
[8],90,"lr0.001,wd0.0",12,"lr=0.003, wd=0.01",-2.522,1
[8],90,"lr0.001,wd0.0",11,"lr=0.003, wd=0.0",-2.4977,2
[8],90,"lr0.001,wd0.0",2,"lr=1e-05, wd=0.01",-2.4806,3
[8],90,"lr0.001,wd0.0",1,"lr=1e-05, wd=0.0",-2.4789,4
[8],90,"lr0.001,wd0.0",10,"lr=0.001, wd=0.01",-2.4689,5
[8],90,"lr0.001,wd0.0",5,"lr=1e-04, wd=0.0",-2.4645,6
[8],90,"lr0.001,wd0.0",9,"lr=0.001, wd=0.0",-2.4563,7
[8],90,"lr0.001,wd0.0",7,"lr=3e-04, wd=0.0",-2.4505,8
[8],90,"lr0.001,wd0.0",3,"lr=3e-05, wd=0.0",-2.4495,9
[8],90,"lr0.001,wd0.0",6,"lr=1e-04, wd=0.01",-2.4473,10
[8],90,"lr0.001,wd0.0",8,"lr=3e-04, wd=0.01",-2.4414,11
[8],90,"lr0.001,wd0.0",4,"lr=3e-05, wd=0.01",-2.4389,12
[8],90,"lr0.001,wd0.01",5,"lr=1e-04, wd=0.0",-3.7864,1
[8],90,"lr0.001,wd0.01",6,"lr=1e-04, wd=0.01",-3.7579,2
[8],90,"lr0.001,wd0.01",12,"lr=0.003, wd=0.01",-3.7301,3
[8],90,"lr0.001,wd0.01",10,"lr=0.001, wd=0.01",-3.7293,4
[8],90,"lr0.001,wd0.01",3,"lr=3e-05, wd=0.0",-3.6962,5
[8],90,"lr0.001,wd0.01",8,"lr=3e-04, wd=0.01",-3.6954,6
[8],90,"lr0.001,wd0.01",7,"lr=3e-04, wd=0.0",-3.6838,7
[8],90,"lr0.001,wd0.01",4,"lr=3e-05, wd=0.01",-3.671,8
[8],90,"lr0.001,wd0.01",11,"lr=0.003, wd=0.0",-3.6309,9
[8],90,"lr0.001,wd0.01",9,"lr=0.001, wd=0.0",-3.6037,10
[8],90,"lr0.001,wd0.01",1,"lr=1e-05, wd=0.0",-3.4959,11
[8],90,"lr0.001,wd0.01",2,"lr=1e-05, wd=0.01",-3.4939,12
[8],90,"lr0.003,wd0.0",2,"lr=1e-05, wd=0.01",-2.434,1
[8],90,"lr0.003,wd0.0",1,"lr=1e-05, wd=0.0",-2.4317,2
[8],90,"lr0.003,wd0.0",3,"lr=3e-05, wd=0.0",-2.3875,3
[8],90,"lr0.003,wd0.0",4,"lr=3e-05, wd=0.01",-2.376,4
[8],90,"lr0.003,wd0.0",5,"lr=1e-04, wd=0.0",-2.3757,5
[8],90,"lr0.003,wd0.0",6,"lr=1e-04, wd=0.01",-2.3689,6
[8],90,"lr0.003,wd0.0",12,"lr=0.003, wd=0.01",-2.365,7
[8],90,"lr0.003,wd0.0",11,"lr=0.003, wd=0.0",-2.328,8
[8],90,"lr0.003,wd0.0",8,"lr=3e-04, wd=0.01",-2.3212,9
[8],90,"lr0.003,wd0.0",7,"lr=3e-04, wd=0.0",-2.3104,10
[8],90,"lr0.003,wd0.0",10,"lr=0.001, wd=0.01",-2.305,11
[8],90,"lr0.003,wd0.0",9,"lr=0.001, wd=0.0",-2.2901,12
[8],90,"lr0.003,wd0.01",12,"lr=0.003, wd=0.01",-3.364,1
[8],90,"lr0.003,wd0.01",5,"lr=1e-04, wd=0.0",-3.3596,2
[8],90,"lr0.003,wd0.01",6,"lr=1e-04, wd=0.01",-3.3274,3
[8],90,"lr0.003,wd0.01",10,"lr=0.001, wd=0.01",-3.2907,4
[8],90,"lr0.003,wd0.01",3,"lr=3e-05, wd=0.0",-3.2812,5
[8],90,"lr0.003,wd0.01",8,"lr=3e-04, wd=0.01",-3.2705,6
[8],90,"lr0.003,wd0.01",7,"lr=3e-04, wd=0.0",-3.2595,7
[8],90,"lr0.003,wd0.01",4,"lr=3e-05, wd=0.01",-3.258,8
[8],90,"lr0.003,wd0.01",11,"lr=0.003, wd=0.0",-3.2258,9
[8],90,"lr0.003,wd0.01",9,"lr=0.001, wd=0.0",-3.1956,10
[8],90,"lr0.003,wd0.01",2,"lr=1e-05, wd=0.01",-3.1286,11
[8],90,"lr0.003,wd0.01",1,"lr=1e-05, wd=0.0",-3.1229,12
[16],0,"lr1e-05,wd0.0",3,"lr=3e-05, wd=0.0",-1.1246,1
[16],0,"lr1e-05,wd0.0",1,"lr=1e-05, wd=0.0",-1.1015,2
[16],0,"lr1e-05,wd0.0",4,"lr=3e-05, wd=0.01",-1.0049,3
[16],0,"lr1e-05,wd0.0",2,"lr=1e-05, wd=0.01",-0.9882,4
[16],0,"lr1e-05,wd0.0",5,"lr=1e-04, wd=0.0",-0.9589,5
[16],0,"lr1e-05,wd0.0",6,"lr=1e-04, wd=0.01",-0.9509,6
[16],0,"lr1e-05,wd0.0",7,"lr=3e-04, wd=0.0",-0.794,7
[16],0,"lr1e-05,wd0.0",8,"lr=3e-04, wd=0.01",-0.787,8
[16],0,"lr1e-05,wd0.0",12,"lr=0.003, wd=0.01",-0.7496,9
[16],0,"lr1e-05,wd0.0",10,"lr=0.001, wd=0.01",-0.7183,10
[16],0,"lr1e-05,wd0.0",9,"lr=0.001, wd=0.0",-0.7146,11
[16],0,"lr1e-05,wd0.0",11,"lr=0.003, wd=0.0",-0.6762,12
[16],0,"lr1e-05,wd0.01",1,"lr=1e-05, wd=0.0",-1.27,1
[16],0,"lr1e-05,wd0.01",3,"lr=3e-05, wd=0.0",-1.1665,2
[16],0,"lr1e-05,wd0.01",2,"lr=1e-05, wd=0.01",-1.1412,3
[16],0,"lr1e-05,wd0.01",4,"lr=3e-05, wd=0.01",-1.0567,4
[16],0,"lr1e-05,wd0.01",6,"lr=1e-04, wd=0.01",-0.9727,5
[16],0,"lr1e-05,wd0.01",5,"lr=1e-04, wd=0.0",-0.9663,6
[16],0,"lr1e-05,wd0.01",8,"lr=3e-04, wd=0.01",-0.7959,7
[16],0,"lr1e-05,wd0.01",7,"lr=3e-04, wd=0.0",-0.7886,8
[16],0,"lr1e-05,wd0.01",12,"lr=0.003, wd=0.01",-0.7498,9
[16],0,"lr1e-05,wd0.01",10,"lr=0.001, wd=0.01",-0.7218,10
[16],0,"lr1e-05,wd0.01",9,"lr=0.001, wd=0.0",-0.711,11
[16],0,"lr1e-05,wd0.01",11,"lr=0.003, wd=0.0",-0.6756,12
[16],0,"lr3e-05,wd0.0",3,"lr=3e-05, wd=0.0",-1.0569,1
[16],0,"lr3e-05,wd0.0",5,"lr=1e-04, wd=0.0",-0.9404,2
[16],0,"lr3e-05,wd0.0",4,"lr=3e-05, wd=0.01",-0.9315,3
[16],0,"lr3e-05,wd0.0",6,"lr=1e-04, wd=0.01",-0.9233,4
[16],0,"lr3e-05,wd0.0",1,"lr=1e-05, wd=0.0",-0.8625,5
[16],0,"lr3e-05,wd0.0",7,"lr=3e-04, wd=0.0",-0.8061,6
[16],0,"lr3e-05,wd0.0",8,"lr=3e-04, wd=0.01",-0.793,7
[16],0,"lr3e-05,wd0.0",2,"lr=1e-05, wd=0.01",-0.7874,8
[16],0,"lr3e-05,wd0.0",12,"lr=0.003, wd=0.01",-0.7691,9
[16],0,"lr3e-05,wd0.0",9,"lr=0.001, wd=0.0",-0.7332,10
[16],0,"lr3e-05,wd0.0",10,"lr=0.001, wd=0.01",-0.7307,11
[16],0,"lr3e-05,wd0.0",11,"lr=0.003, wd=0.0",-0.6984,12
[16],0,"lr3e-05,wd0.01",1,"lr=1e-05, wd=0.0",-1.1505,1
[16],0,"lr3e-05,wd0.01",3,"lr=3e-05, wd=0.0",-1.1473,2
[16],0,"lr3e-05,wd0.01",2,"lr=1e-05, wd=0.01",-1.0327,3
[16],0,"lr3e-05,wd0.01",4,"lr=3e-05, wd=0.01",-1.0258,4
[16],0,"lr3e-05,wd0.01",6,"lr=1e-04, wd=0.01",-0.9728,5
[16],0,"lr3e-05,wd0.01",5,"lr=1e-04, wd=0.0",-0.9722,6
[16],0,"lr3e-05,wd0.01",8,"lr=3e-04, wd=0.01",-0.822,7
[16],0,"lr3e-05,wd0.01",7,"lr=3e-04, wd=0.0",-0.8151,8
[16],0,"lr3e-05,wd0.01",12,"lr=0.003, wd=0.01",-0.7845,9
[16],0,"lr3e-05,wd0.01",10,"lr=0.001, wd=0.01",-0.7488,10
[16],0,"lr3e-05,wd0.01",9,"lr=0.001, wd=0.0",-0.7402,11
[16],0,"lr3e-05,wd0.01",11,"lr=0.003, wd=0.0",-0.7098,12
[16],0,"lr0.0001,wd0.0",3,"lr=3e-05, wd=0.0",-1.1121,1
[16],0,"lr0.0001,wd0.0",1,"lr=1e-05, wd=0.0",-1.009,2
[16],0,"lr0.0001,wd0.0",4,"lr=3e-05, wd=0.01",-0.983,3
[16],0,"lr0.0001,wd0.0",5,"lr=1e-04, wd=0.0",-0.9689,4
[16],0,"lr0.0001,wd0.0",6,"lr=1e-04, wd=0.01",-0.9544,5
[16],0,"lr0.0001,wd0.0",2,"lr=1e-05, wd=0.01",-0.9152,6
[16],0,"lr0.0001,wd0.0",7,"lr=3e-04, wd=0.0",-0.8466,7
[16],0,"lr0.0001,wd0.0",8,"lr=3e-04, wd=0.01",-0.8326,8
[16],0,"lr0.0001,wd0.0",12,"lr=0.003, wd=0.01",-0.8272,9
[16],0,"lr0.0001,wd0.0",9,"lr=0.001, wd=0.0",-0.7902,10
[16],0,"lr0.0001,wd0.0",10,"lr=0.001, wd=0.01",-0.775,11
[16],0,"lr0.0001,wd0.0",11,"lr=0.003, wd=0.0",-0.753,12
[16],0,"lr0.0001,wd0.01",3,"lr=3e-05, wd=0.0",-1.1297,1
[16],0,"lr0.0001,wd0.01",1,"lr=1e-05, wd=0.0",-1.0464,2
[16],0,"lr0.0001,wd0.01",4,"lr=3e-05, wd=0.01",-0.9962,3
[16],0,"lr0.0001,wd0.01",5,"lr=1e-04, wd=0.0",-0.9702,4
[16],0,"lr0.0001,wd0.01",6,"lr=1e-04, wd=0.01",-0.9641,5
[16],0,"lr0.0001,wd0.01",2,"lr=1e-05, wd=0.01",-0.9454,6
[16],0,"lr0.0001,wd0.01",8,"lr=3e-04, wd=0.01",-0.8434,7
[16],0,"lr0.0001,wd0.01",7,"lr=3e-04, wd=0.0",-0.8354,8
[16],0,"lr0.0001,wd0.01",12,"lr=0.003, wd=0.01",-0.8341,9
[16],0,"lr0.0001,wd0.01",10,"lr=0.001, wd=0.01",-0.7838,10
[16],0,"lr0.0001,wd0.01",9,"lr=0.001, wd=0.0",-0.7761,11
[16],0,"lr0.0001,wd0.01",11,"lr=0.003, wd=0.0",-0.7451,12
[16],0,"lr0.0003,wd0.0",1,"lr=1e-05, wd=0.0",-1.241,1
[16],0,"lr0.0003,wd0.0",3,"lr=3e-05, wd=0.0",-1.1914,2
[16],0,"lr0.0003,wd0.0",2,"lr=1e-05, wd=0.01",-1.1162,3
[16],0,"lr0.0003,wd0.0",4,"lr=3e-05, wd=0.01",-1.0596,4
[16],0,"lr0.0003,wd0.0",5,"lr=1e-04, wd=0.0",-0.9966,5
[16],0,"lr0.0003,wd0.0",6,"lr=1e-04, wd=0.01",-0.9888,6
[16],0,"lr0.0003,wd0.0",12,"lr=0.003, wd=0.01",-0.8898,7
[16],0,"lr0.0003,wd0.0",7,"lr=3e-04, wd=0.0",-0.8691,8
[16],0,"lr0.0003,wd0.0",8,"lr=3e-04, wd=0.01",-0.8588,9
[16],0,"lr0.0003,wd0.0",9,"lr=0.001, wd=0.0",-0.8368,10
[16],0,"lr0.0003,wd0.0",11,"lr=0.003, wd=0.0",-0.8302,11
[16],0,"lr0.0003,wd0.0",10,"lr=0.001, wd=0.01",-0.8168,12
[16],0,"lr0.0003,wd0.01",3,"lr=3e-05, wd=0.0",-1.1325,1
[16],0,"lr0.0003,wd0.01",1,"lr=1e-05, wd=0.0",-1.0294,2
[16],0,"lr0.0003,wd0.01",4,"lr=3e-05, wd=0.01",-0.9901,3
[16],0,"lr0.0003,wd0.01",5,"lr=1e-04, wd=0.0",-0.9716,4
[16],0,"lr0.0003,wd0.01",6,"lr=1e-04, wd=0.01",-0.9602,5
[16],0,"lr0.0003,wd0.01",2,"lr=1e-05, wd=0.01",-0.9353,6
[16],0,"lr0.0003,wd0.01",12,"lr=0.003, wd=0.01",-0.8905,7
[16],0,"lr0.0003,wd0.01",8,"lr=3e-04, wd=0.01",-0.8482,8
[16],0,"lr0.0003,wd0.01",7,"lr=3e-04, wd=0.0",-0.8435,9
[16],0,"lr0.0003,wd0.01",10,"lr=0.001, wd=0.01",-0.813,10
[16],0,"lr0.0003,wd0.01",9,"lr=0.001, wd=0.0",-0.8067,11
[16],0,"lr0.0003,wd0.01",11,"lr=0.003, wd=0.0",-0.7992,12
[16],0,"lr0.001,wd0.0",1,"lr=1e-05, wd=0.0",-1.2665,1
[16],0,"lr0.001,wd0.0",3,"lr=3e-05, wd=0.0",-1.2028,2
[16],0,"lr0.001,wd0.0",2,"lr=1e-05, wd=0.01",-1.1406,3
[16],0,"lr0.001,wd0.0",4,"lr=3e-05, wd=0.01",-1.0691,4
[16],0,"lr0.001,wd0.0",5,"lr=1e-04, wd=0.0",-0.9978,5
[16],0,"lr0.001,wd0.0",6,"lr=1e-04, wd=0.01",-0.9913,6
[16],0,"lr0.001,wd0.0",12,"lr=0.003, wd=0.01",-0.9499,7
[16],0,"lr0.001,wd0.0",11,"lr=0.003, wd=0.0",-0.8868,8
[16],0,"lr0.001,wd0.0",7,"lr=3e-04, wd=0.0",-0.8606,9
[16],0,"lr0.001,wd0.0",8,"lr=3e-04, wd=0.01",-0.8515,10
[16],0,"lr0.001,wd0.0",9,"lr=0.001, wd=0.0",-0.8452,11
[16],0,"lr0.001,wd0.0",10,"lr=0.001, wd=0.01",-0.8314,12
[16],0,"lr0.001,wd0.01",3,"lr=3e-05, wd=0.0",-1.1411,1
[16],0,"lr0.001,wd0.01",1,"lr=1e-05, wd=0.0",-1.0587,2
[16],0,"lr0.001,wd0.01",4,"lr=3e-05, wd=0.01",-0.9932,3
[16],0,"lr0.001,wd0.01",5,"lr=1e-04, wd=0.0",-0.9773,4
[16],0,"lr0.001,wd0.01",2,"lr=1e-05, wd=0.01",-0.9633,5
[16],0,"lr0.001,wd0.01",6,"lr=1e-04, wd=0.01",-0.962,6
[16],0,"lr0.001,wd0.01",12,"lr=0.003, wd=0.01",-0.9504,7
[16],0,"lr0.001,wd0.01",11,"lr=0.003, wd=0.0",-0.85,8
[16],0,"lr0.001,wd0.01",7,"lr=3e-04, wd=0.0",-0.844,9
[16],0,"lr0.001,wd0.01",8,"lr=3e-04, wd=0.01",-0.841,10
[16],0,"lr0.001,wd0.01",10,"lr=0.001, wd=0.01",-0.827,11
[16],0,"lr0.001,wd0.01",9,"lr=0.001, wd=0.0",-0.8169,12
[16],0,"lr0.003,wd0.0",1,"lr=1e-05, wd=0.0",-1.1834,1
[16],0,"lr0.003,wd0.0",3,"lr=3e-05, wd=0.0",-1.1671,2
[16],0,"lr0.003,wd0.0",2,"lr=1e-05, wd=0.01",-1.0705,3
[16],0,"lr0.003,wd0.0",4,"lr=3e-05, wd=0.01",-1.0342,4
[16],0,"lr0.003,wd0.0",5,"lr=1e-04, wd=0.0",-0.9865,5
[16],0,"lr0.003,wd0.0",6,"lr=1e-04, wd=0.01",-0.977,6
[16],0,"lr0.003,wd0.0",12,"lr=0.003, wd=0.01",-0.9714,7
[16],0,"lr0.003,wd0.0",11,"lr=0.003, wd=0.0",-0.8914,8
[16],0,"lr0.003,wd0.0",7,"lr=3e-04, wd=0.0",-0.8427,9
[16],0,"lr0.003,wd0.0",8,"lr=3e-04, wd=0.01",-0.833,10
[16],0,"lr0.003,wd0.0",9,"lr=0.001, wd=0.0",-0.8248,11
[16],0,"lr0.003,wd0.0",10,"lr=0.001, wd=0.01",-0.8224,12
[16],0,"lr0.003,wd0.01",3,"lr=3e-05, wd=0.0",-1.1352,1
[16],0,"lr0.003,wd0.01",1,"lr=1e-05, wd=0.0",-1.0756,2
[16],0,"lr0.003,wd0.01",4,"lr=3e-05, wd=0.01",-0.9906,3
[16],0,"lr0.003,wd0.01",2,"lr=1e-05, wd=0.01",-0.9783,4
[16],0,"lr0.003,wd0.01",5,"lr=1e-04, wd=0.0",-0.9779,5
[16],0,"lr0.003,wd0.01",12,"lr=0.003, wd=0.01",-0.9717,6
[16],0,"lr0.003,wd0.01",6,"lr=1e-04, wd=0.01",-0.9623,7
[16],0,"lr0.003,wd0.01",11,"lr=0.003, wd=0.0",-0.8606,8
[16],0,"lr0.003,wd0.01",7,"lr=3e-04, wd=0.0",-0.8371,9
[16],0,"lr0.003,wd0.01",8,"lr=3e-04, wd=0.01",-0.8287,10
[16],0,"lr0.003,wd0.01",10,"lr=0.001, wd=0.01",-0.8194,11
[16],0,"lr0.003,wd0.01",9,"lr=0.001, wd=0.0",-0.8074,12
[16],5,"lr1e-05,wd0.0",5,"lr=1e-04, wd=0.0",-2.3015,1
[16],5,"lr1e-05,wd0.0",6,"lr=1e-04, wd=0.01",-2.0905,2
[16],5,"lr1e-05,wd0.0",7,"lr=3e-04, wd=0.0",-1.8235,3
[16],5,"lr1e-05,wd0.0",8,"lr=3e-04, wd=0.01",-1.7592,4
[16],5,"lr1e-05,wd0.0",9,"lr=0.001, wd=0.0",-1.6975,5
[16],5,"lr1e-05,wd0.0",3,"lr=3e-05, wd=0.0",-1.6944,6
[16],5,"lr1e-05,wd0.0",11,"lr=0.003, wd=0.0",-1.6731,7
[16],5,"lr1e-05,wd0.0",4,"lr=3e-05, wd=0.01",-1.6031,8
[16],5,"lr1e-05,wd0.0",10,"lr=0.001, wd=0.01",-1.5394,9
[16],5,"lr1e-05,wd0.0",2,"lr=1e-05, wd=0.01",-1.3429,10
[16],5,"lr1e-05,wd0.0",12,"lr=0.003, wd=0.01",-1.3394,11
[16],5,"lr1e-05,wd0.0",1,"lr=1e-05, wd=0.0",-1.2742,12
[16],5,"lr1e-05,wd0.01",5,"lr=1e-04, wd=0.0",-2.5368,1
[16],5,"lr1e-05,wd0.01",6,"lr=1e-04, wd=0.01",-2.2676,2
[16],5,"lr1e-05,wd0.01",7,"lr=3e-04, wd=0.0",-1.9198,3
[16],5,"lr1e-05,wd0.01",3,"lr=3e-05, wd=0.0",-1.8274,4
[16],5,"lr1e-05,wd0.01",8,"lr=3e-04, wd=0.01",-1.8247,5
[16],5,"lr1e-05,wd0.01",9,"lr=0.001, wd=0.0",-1.7648,6
[16],5,"lr1e-05,wd0.01",11,"lr=0.003, wd=0.0",-1.7167,7
[16],5,"lr1e-05,wd0.01",4,"lr=3e-05, wd=0.01",-1.7118,8
[16],5,"lr1e-05,wd0.01",10,"lr=0.001, wd=0.01",-1.5975,9
[16],5,"lr1e-05,wd0.01",12,"lr=0.003, wd=0.01",-1.3828,10
[16],5,"lr1e-05,wd0.01",2,"lr=1e-05, wd=0.01",-1.3012,11
[16],5,"lr1e-05,wd0.01",1,"lr=1e-05, wd=0.0",-1.2911,12
[16],5,"lr3e-05,wd0.0",7,"lr=3e-04, wd=0.0",-1.947,1
[16],5,"lr3e-05,wd0.0",9,"lr=0.001, wd=0.0",-1.9461,2
[16],5,"lr3e-05,wd0.0",8,"lr=3e-04, wd=0.01",-1.9313,3
[16],5,"lr3e-05,wd0.0",5,"lr=1e-04, wd=0.0",-1.8647,4
[16],5,"lr3e-05,wd0.0",11,"lr=0.003, wd=0.0",-1.8017,5
[16],5,"lr3e-05,wd0.0",6,"lr=1e-04, wd=0.01",-1.753,6
[16],5,"lr3e-05,wd0.0",10,"lr=0.001, wd=0.01",-1.6794,7
[16],5,"lr3e-05,wd0.0",3,"lr=3e-05, wd=0.0",-1.503,8
[16],5,"lr3e-05,wd0.0",4,"lr=3e-05, wd=0.01",-1.4222,9
[16],5,"lr3e-05,wd0.0",12,"lr=0.003, wd=0.01",-1.3701,10
[16],5,"lr3e-05,wd0.0",1,"lr=1e-05, wd=0.0",-1.3144,11
[16],5,"lr3e-05,wd0.0",2,"lr=1e-05, wd=0.01",-1.277,12
[16],5,"lr3e-05,wd0.01",7,"lr=3e-04, wd=0.0",-2.3672,1
[16],5,"lr3e-05,wd0.01",8,"lr=3e-04, wd=0.01",-2.3495,2
[16],5,"lr3e-05,wd0.01",9,"lr=0.001, wd=0.0",-2.281,3
[16],5,"lr3e-05,wd0.01",5,"lr=1e-04, wd=0.0",-2.1452,4
[16],5,"lr3e-05,wd0.01",11,"lr=0.003, wd=0.0",-2.0778,5
[16],5,"lr3e-05,wd0.01",6,"lr=1e-04, wd=0.01",-2.0332,6
[16],5,"lr3e-05,wd0.01",10,"lr=0.001, wd=0.01",-1.9151,7
[16],5,"lr3e-05,wd0.01",3,"lr=3e-05, wd=0.0",-1.6268,8
[16],5,"lr3e-05,wd0.01",4,"lr=3e-05, wd=0.01",-1.5492,9
[16],5,"lr3e-05,wd0.01",12,"lr=0.003, wd=0.01",-1.5052,10
[16],5,"lr3e-05,wd0.01",1,"lr=1e-05, wd=0.0",-1.415,11
[16],5,"lr3e-05,wd0.01",2,"lr=1e-05, wd=0.01",-1.3843,12
[16],5,"lr0.0001,wd0.0",9,"lr=0.001, wd=0.0",-1.9787,1
[16],5,"lr0.0001,wd0.0",7,"lr=3e-04, wd=0.0",-1.9545,2
[16],5,"lr0.0001,wd0.0",11,"lr=0.003, wd=0.0",-1.8572,3
[16],5,"lr0.0001,wd0.0",8,"lr=3e-04, wd=0.01",-1.7915,4
[16],5,"lr0.0001,wd0.0",6,"lr=1e-04, wd=0.01",-1.6246,5
[16],5,"lr0.0001,wd0.0",5,"lr=1e-04, wd=0.0",-1.6089,6
[16],5,"lr0.0001,wd0.0",10,"lr=0.001, wd=0.01",-1.5213,7
[16],5,"lr0.0001,wd0.0",12,"lr=0.003, wd=0.01",-1.3672,8
[16],5,"lr0.0001,wd0.0",3,"lr=3e-05, wd=0.0",-1.3551,9
[16],5,"lr0.0001,wd0.0",4,"lr=3e-05, wd=0.01",-1.2828,10
[16],5,"lr0.0001,wd0.0",1,"lr=1e-05, wd=0.0",-1.2199,11
[16],5,"lr0.0001,wd0.0",2,"lr=1e-05, wd=0.01",-1.1971,12
[16],5,"lr0.0001,wd0.01",9,"lr=0.001, wd=0.0",-2.3038,1
[16],5,"lr0.0001,wd0.01",11,"lr=0.003, wd=0.0",-2.1642,2
[16],5,"lr0.0001,wd0.01",7,"lr=3e-04, wd=0.0",-2.0891,3
[16],5,"lr0.0001,wd0.01",8,"lr=3e-04, wd=0.01",-2.0043,4
[16],5,"lr0.0001,wd0.01",10,"lr=0.001, wd=0.01",-1.8468,5
[16],5,"lr0.0001,wd0.01",5,"lr=1e-04, wd=0.0",-1.8217,6
[16],5,"lr0.0001,wd0.01",6,"lr=1e-04, wd=0.01",-1.803,7
[16],5,"lr0.0001,wd0.01",12,"lr=0.003, wd=0.01",-1.5667,8
[16],5,"lr0.0001,wd0.01",3,"lr=3e-05, wd=0.0",-1.464,9
[16],5,"lr0.0001,wd0.01",4,"lr=3e-05, wd=0.01",-1.3978,10
[16],5,"lr0.0001,wd0.01",1,"lr=1e-05, wd=0.0",-1.3301,11
[16],5,"lr0.0001,wd0.01",2,"lr=1e-05, wd=0.01",-1.3147,12
[16],5,"lr0.0003,wd0.0",9,"lr=0.001, wd=0.0",-1.7174,1
[16],5,"lr0.0003,wd0.0",11,"lr=0.003, wd=0.0",-1.6999,2
[16],5,"lr0.0003,wd0.0",7,"lr=3e-04, wd=0.0",-1.6629,3
[16],5,"lr0.0003,wd0.0",8,"lr=3e-04, wd=0.01",-1.5512,4
[16],5,"lr0.0003,wd0.0",10,"lr=0.001, wd=0.01",-1.4019,5
[16],5,"lr0.0003,wd0.0",5,"lr=1e-04, wd=0.0",-1.3702,6
[16],5,"lr0.0003,wd0.0",6,"lr=1e-04, wd=0.01",-1.3387,7
[16],5,"lr0.0003,wd0.0",12,"lr=0.003, wd=0.01",-1.2894,8
[16],5,"lr0.0003,wd0.0",3,"lr=3e-05, wd=0.0",-1.1454,9
[16],5,"lr0.0003,wd0.0",4,"lr=3e-05, wd=0.01",-1.0995,10
[16],5,"lr0.0003,wd0.0",1,"lr=1e-05, wd=0.0",-1.0682,11
[16],5,"lr0.0003,wd0.0",2,"lr=1e-05, wd=0.01",-1.0552,12
[16],5,"lr0.0003,wd0.01",9,"lr=0.001, wd=0.0",-2.2156,1
[16],5,"lr0.0003,wd0.01",11,"lr=0.003, wd=0.0",-2.163,2
[16],5,"lr0.0003,wd0.01",7,"lr=3e-04, wd=0.0",-1.9341,3
[16],5,"lr0.0003,wd0.01",8,"lr=3e-04, wd=0.01",-1.8358,4
[16],5,"lr0.0003,wd0.01",10,"lr=0.001, wd=0.01",-1.819,5
[16],5,"lr0.0003,wd0.01",6,"lr=1e-04, wd=0.01",-1.5808,6
[16],5,"lr0.0003,wd0.01",5,"lr=1e-04, wd=0.0",-1.5751,7
[16],5,"lr0.0003,wd0.01",12,"lr=0.003, wd=0.01",-1.57,8
[16],5,"lr0.0003,wd0.01",3,"lr=3e-05, wd=0.0",-1.3121,9
[16],5,"lr0.0003,wd0.01",1,"lr=1e-05, wd=0.0",-1.2787,10
[16],5,"lr0.0003,wd0.01",2,"lr=1e-05, wd=0.01",-1.2774,11
[16],5,"lr0.0003,wd0.01",4,"lr=3e-05, wd=0.01",-1.2733,12
[16],5,"lr0.001,wd0.0",11,"lr=0.003, wd=0.0",-1.6299,1
[16],5,"lr0.001,wd0.0",9,"lr=0.001, wd=0.0",-1.6017,2
[16],5,"lr0.001,wd0.0",7,"lr=3e-04, wd=0.0",-1.448,3
[16],5,"lr0.001,wd0.0",8,"lr=3e-04, wd=0.01",-1.3489,4
[16],5,"lr0.001,wd0.0",10,"lr=0.001, wd=0.01",-1.2985,5
[16],5,"lr0.001,wd0.0",12,"lr=0.003, wd=0.01",-1.1688,6
[16],5,"lr0.001,wd0.0",5,"lr=1e-04, wd=0.0",-1.1401,7
[16],5,"lr0.001,wd0.0",6,"lr=1e-04, wd=0.01",-1.1367,8
[16],5,"lr0.001,wd0.0",3,"lr=3e-05, wd=0.0",-0.9703,9
[16],5,"lr0.001,wd0.0",1,"lr=1e-05, wd=0.0",-0.953,10
[16],5,"lr0.001,wd0.0",2,"lr=1e-05, wd=0.01",-0.952,11
[16],5,"lr0.001,wd0.0",4,"lr=3e-05, wd=0.01",-0.9506,12
[16],5,"lr0.001,wd0.01",9,"lr=0.001, wd=0.0",-2.2553,1
[16],5,"lr0.001,wd0.01",11,"lr=0.003, wd=0.0",-2.2484,2
[16],5,"lr0.001,wd0.01",10,"lr=0.001, wd=0.01",-1.5982,3
[16],5,"lr0.001,wd0.01",7,"lr=3e-04, wd=0.0",-1.5781,4
[16],5,"lr0.001,wd0.01",12,"lr=0.003, wd=0.01",-1.4319,5
[16],5,"lr0.001,wd0.01",8,"lr=3e-04, wd=0.01",-1.4255,6
[16],5,"lr0.001,wd0.01",5,"lr=1e-04, wd=0.0",-1.1705,7
[16],5,"lr0.001,wd0.01",6,"lr=1e-04, wd=0.01",-1.1546,8
[16],5,"lr0.001,wd0.01",3,"lr=3e-05, wd=0.0",-0.98,9
[16],5,"lr0.001,wd0.01",1,"lr=1e-05, wd=0.0",-0.9796,10
[16],5,"lr0.001,wd0.01",2,"lr=1e-05, wd=0.01",-0.9772,11
[16],5,"lr0.001,wd0.01",4,"lr=3e-05, wd=0.01",-0.9693,12
[16],5,"lr0.003,wd0.0",11,"lr=0.003, wd=0.0",-1.6887,1
[16],5,"lr0.003,wd0.0",9,"lr=0.001, wd=0.0",-1.6389,2
[16],5,"lr0.003,wd0.0",7,"lr=3e-04, wd=0.0",-1.3208,3
[16],5,"lr0.003,wd0.0",10,"lr=0.001, wd=0.01",-1.2543,4
[16],5,"lr0.003,wd0.0",8,"lr=3e-04, wd=0.01",-1.22,5
[16],5,"lr0.003,wd0.0",12,"lr=0.003, wd=0.01",-1.112,6
[16],5,"lr0.003,wd0.0",5,"lr=1e-04, wd=0.0",-1.029,7
[16],5,"lr0.003,wd0.0",6,"lr=1e-04, wd=0.01",-1.0187,8
[16],5,"lr0.003,wd0.0",3,"lr=3e-05, wd=0.0",-0.8733,9
[16],5,"lr0.003,wd0.0",4,"lr=3e-05, wd=0.01",-0.8542,10
[16],5,"lr0.003,wd0.0",1,"lr=1e-05, wd=0.0",-0.8371,11
[16],5,"lr0.003,wd0.0",2,"lr=1e-05, wd=0.01",-0.8295,12
[16],5,"lr0.003,wd0.01",10,"lr=0.001, wd=0.01",-1.8651,1
[16],5,"lr0.003,wd0.01",9,"lr=0.001, wd=0.0",-1.7679,2
[16],5,"lr0.003,wd0.01",11,"lr=0.003, wd=0.0",-1.7127,3
[16],5,"lr0.003,wd0.01",7,"lr=3e-04, wd=0.0",-1.6067,4
[16],5,"lr0.003,wd0.01",12,"lr=0.003, wd=0.01",-1.5883,5
[16],5,"lr0.003,wd0.01",2,"lr=1e-05, wd=0.01",-1.5562,6
[16],5,"lr0.003,wd0.01",1,"lr=1e-05, wd=0.0",-1.4875,7
[16],5,"lr0.003,wd0.01",8,"lr=3e-04, wd=0.01",-1.4652,8
[16],5,"lr0.003,wd0.01",6,"lr=1e-04, wd=0.01",-1.3729,9
[16],5,"lr0.003,wd0.01",5,"lr=1e-04, wd=0.0",-1.3254,10
[16],5,"lr0.003,wd0.01",4,"lr=3e-05, wd=0.01",-1.2829,11
[16],5,"lr0.003,wd0.01",3,"lr=3e-05, wd=0.0",-1.266,12
[16],10,"lr1e-05,wd0.0",6,"lr=1e-04, wd=0.01",-2.2173,1
[16],10,"lr1e-05,wd0.0",8,"lr=3e-04, wd=0.01",-2.0943,2
[16],10,"lr1e-05,wd0.0",7,"lr=3e-04, wd=0.0",-2.0528,3
[16],10,"lr1e-05,wd0.0",5,"lr=1e-04, wd=0.0",-2.0449,4
[16],10,"lr1e-05,wd0.0",9,"lr=0.001, wd=0.0",-1.9616,5
[16],10,"lr1e-05,wd0.0",11,"lr=0.003, wd=0.0",-1.8527,6
[16],10,"lr1e-05,wd0.0",1,"lr=1e-05, wd=0.0",-1.7036,7
[16],10,"lr1e-05,wd0.0",3,"lr=3e-05, wd=0.0",-1.6989,8
[16],10,"lr1e-05,wd0.0",2,"lr=1e-05, wd=0.01",-1.6904,9
[16],10,"lr1e-05,wd0.0",4,"lr=3e-05, wd=0.01",-1.6625,10
[16],10,"lr1e-05,wd0.0",10,"lr=0.001, wd=0.01",-1.6553,11
[16],10,"lr1e-05,wd0.0",12,"lr=0.003, wd=0.01",-1.4762,12
[16],10,"lr1e-05,wd0.01",5,"lr=1e-04, wd=0.0",-2.9309,1
[16],10,"lr1e-05,wd0.01",6,"lr=1e-04, wd=0.01",-2.7315,2
[16],10,"lr1e-05,wd0.01",8,"lr=3e-04, wd=0.01",-2.29,3
[16],10,"lr1e-05,wd0.01",7,"lr=3e-04, wd=0.0",-2.2882,4
[16],10,"lr1e-05,wd0.01",9,"lr=0.001, wd=0.0",-2.1111,5
[16],10,"lr1e-05,wd0.01",11,"lr=0.003, wd=0.0",-2.0136,6
[16],10,"lr1e-05,wd0.01",3,"lr=3e-05, wd=0.0",-1.8667,7
[16],10,"lr1e-05,wd0.01",2,"lr=1e-05, wd=0.01",-1.8093,8
[16],10,"lr1e-05,wd0.01",1,"lr=1e-05, wd=0.0",-1.808,9
[16],10,"lr1e-05,wd0.01",4,"lr=3e-05, wd=0.01",-1.7992,10
[16],10,"lr1e-05,wd0.01",10,"lr=0.001, wd=0.01",-1.7472,11
[16],10,"lr1e-05,wd0.01",12,"lr=0.003, wd=0.01",-1.5683,12
[16],10,"lr3e-05,wd0.0",9,"lr=0.001, wd=0.0",-2.2052,1
[16],10,"lr3e-05,wd0.0",7,"lr=3e-04, wd=0.0",-2.1725,2
[16],10,"lr3e-05,wd0.0",8,"lr=3e-04, wd=0.01",-2.0728,3
[16],10,"lr3e-05,wd0.0",5,"lr=1e-04, wd=0.0",-2.0152,4
[16],10,"lr3e-05,wd0.0",6,"lr=1e-04, wd=0.01",-1.959,5
[16],10,"lr3e-05,wd0.0",11,"lr=0.003, wd=0.0",-1.9494,6
[16],10,"lr3e-05,wd0.0",3,"lr=3e-05, wd=0.0",-1.8275,7
[16],10,"lr3e-05,wd0.0",4,"lr=3e-05, wd=0.01",-1.7041,8
[16],10,"lr3e-05,wd0.0",10,"lr=0.001, wd=0.01",-1.6531,9
[16],10,"lr3e-05,wd0.0",1,"lr=1e-05, wd=0.0",-1.6499,10
[16],10,"lr3e-05,wd0.0",2,"lr=1e-05, wd=0.01",-1.6075,11
[16],10,"lr3e-05,wd0.0",12,"lr=0.003, wd=0.01",-1.3793,12
[16],10,"lr3e-05,wd0.01",7,"lr=3e-04, wd=0.0",-2.8585,1
[16],10,"lr3e-05,wd0.01",9,"lr=0.001, wd=0.0",-2.5855,2
[16],10,"lr3e-05,wd0.01",8,"lr=3e-04, wd=0.01",-2.528,3
[16],10,"lr3e-05,wd0.01",11,"lr=0.003, wd=0.0",-2.2264,4
[16],10,"lr3e-05,wd0.01",5,"lr=1e-04, wd=0.0",-2.2134,5
[16],10,"lr3e-05,wd0.01",6,"lr=1e-04, wd=0.01",-2.1272,6
[16],10,"lr3e-05,wd0.01",10,"lr=0.001, wd=0.01",-1.8941,7
[16],10,"lr3e-05,wd0.01",3,"lr=3e-05, wd=0.0",-1.8748,8
[16],10,"lr3e-05,wd0.01",4,"lr=3e-05, wd=0.01",-1.7567,9
[16],10,"lr3e-05,wd0.01",1,"lr=1e-05, wd=0.0",-1.7393,10
[16],10,"lr3e-05,wd0.01",2,"lr=1e-05, wd=0.01",-1.7022,11
[16],10,"lr3e-05,wd0.01",12,"lr=0.003, wd=0.01",-1.467,12
[16],10,"lr0.0001,wd0.0",7,"lr=3e-04, wd=0.0",-1.9256,1
[16],10,"lr0.0001,wd0.0",9,"lr=0.001, wd=0.0",-1.871,2
[16],10,"lr0.0001,wd0.0",8,"lr=3e-04, wd=0.01",-1.8424,3
[16],10,"lr0.0001,wd0.0",5,"lr=1e-04, wd=0.0",-1.7811,4
[16],10,"lr0.0001,wd0.0",11,"lr=0.003, wd=0.0",-1.7584,5
[16],10,"lr0.0001,wd0.0",6,"lr=1e-04, wd=0.01",-1.7399,6
[16],10,"lr0.0001,wd0.0",10,"lr=0.001, wd=0.01",-1.511,7
[16],10,"lr0.0001,wd0.0",3,"lr=3e-05, wd=0.0",-1.4865,8
[16],10,"lr0.0001,wd0.0",4,"lr=3e-05, wd=0.01",-1.4185,9
[16],10,"lr0.0001,wd0.0",12,"lr=0.003, wd=0.01",-1.4063,10
[16],10,"lr0.0001,wd0.0",1,"lr=1e-05, wd=0.0",-1.357,11
[16],10,"lr0.0001,wd0.0",2,"lr=1e-05, wd=0.01",-1.3377,12
[16],10,"lr0.0001,wd0.01",9,"lr=0.001, wd=0.0",-2.5561,1
[16],10,"lr0.0001,wd0.01",11,"lr=0.003, wd=0.0",-2.2763,2
[16],10,"lr0.0001,wd0.01",7,"lr=3e-04, wd=0.0",-2.2121,3
[16],10,"lr0.0001,wd0.01",8,"lr=3e-04, wd=0.01",-2.1101,4
[16],10,"lr0.0001,wd0.01",5,"lr=1e-04, wd=0.0",-1.9992,5
[16],10,"lr0.0001,wd0.01",6,"lr=1e-04, wd=0.01",-1.9854,6
[16],10,"lr0.0001,wd0.01",10,"lr=0.001, wd=0.01",-1.8259,7
[16],10,"lr0.0001,wd0.01",3,"lr=3e-05, wd=0.0",-1.6156,8
[16],10,"lr0.0001,wd0.01",12,"lr=0.003, wd=0.01",-1.5976,9
[16],10,"lr0.0001,wd0.01",4,"lr=3e-05, wd=0.01",-1.5377,10
[16],10,"lr0.0001,wd0.01",1,"lr=1e-05, wd=0.0",-1.5179,11
[16],10,"lr0.0001,wd0.01",2,"lr=1e-05, wd=0.01",-1.5049,12
[16],10,"lr0.0003,wd0.0",11,"lr=0.003, wd=0.0",-1.6992,1
[16],10,"lr0.0003,wd0.0",9,"lr=0.001, wd=0.0",-1.6981,2
[16],10,"lr0.0003,wd0.0",7,"lr=3e-04, wd=0.0",-1.6672,3
[16],10,"lr0.0003,wd0.0",8,"lr=3e-04, wd=0.01",-1.6011,4
[16],10,"lr0.0003,wd0.0",10,"lr=0.001, wd=0.01",-1.4832,5
[16],10,"lr0.0003,wd0.0",5,"lr=1e-04, wd=0.0",-1.4441,6
[16],10,"lr0.0003,wd0.0",6,"lr=1e-04, wd=0.01",-1.4165,7
[16],10,"lr0.0003,wd0.0",12,"lr=0.003, wd=0.01",-1.3527,8
[16],10,"lr0.0003,wd0.0",3,"lr=3e-05, wd=0.0",-1.2176,9
[16],10,"lr0.0003,wd0.0",4,"lr=3e-05, wd=0.01",-1.1761,10
[16],10,"lr0.0003,wd0.0",1,"lr=1e-05, wd=0.0",-1.1252,11
[16],10,"lr0.0003,wd0.0",2,"lr=1e-05, wd=0.01",-1.119,12
[16],10,"lr0.0003,wd0.01",9,"lr=0.001, wd=0.0",-2.4369,1
[16],10,"lr0.0003,wd0.01",11,"lr=0.003, wd=0.0",-2.2928,2
[16],10,"lr0.0003,wd0.01",7,"lr=3e-04, wd=0.0",-2.0602,3
[16],10,"lr0.0003,wd0.01",8,"lr=3e-04, wd=0.01",-1.994,4
[16],10,"lr0.0003,wd0.01",10,"lr=0.001, wd=0.01",-1.9704,5
[16],10,"lr0.0003,wd0.01",12,"lr=0.003, wd=0.01",-1.7138,6
[16],10,"lr0.0003,wd0.01",5,"lr=1e-04, wd=0.0",-1.6627,7
[16],10,"lr0.0003,wd0.01",6,"lr=1e-04, wd=0.01",-1.645,8
[16],10,"lr0.0003,wd0.01",3,"lr=3e-05, wd=0.0",-1.3837,9
[16],10,"lr0.0003,wd0.01",2,"lr=1e-05, wd=0.01",-1.3674,10
[16],10,"lr0.0003,wd0.01",1,"lr=1e-05, wd=0.0",-1.3642,11
[16],10,"lr0.0003,wd0.01",4,"lr=3e-05, wd=0.01",-1.352,12
[16],10,"lr0.001,wd0.0",11,"lr=0.003, wd=0.0",-1.7272,1
[16],10,"lr0.001,wd0.0",9,"lr=0.001, wd=0.0",-1.6831,2
[16],10,"lr0.001,wd0.0",7,"lr=3e-04, wd=0.0",-1.6265,3
[16],10,"lr0.001,wd0.0",8,"lr=3e-04, wd=0.01",-1.5646,4
[16],10,"lr0.001,wd0.0",10,"lr=0.001, wd=0.01",-1.5394,5
[16],10,"lr0.001,wd0.0",5,"lr=1e-04, wd=0.0",-1.458,6
[16],10,"lr0.001,wd0.0",12,"lr=0.003, wd=0.01",-1.4428,7
[16],10,"lr0.001,wd0.0",6,"lr=1e-04, wd=0.01",-1.4308,8
[16],10,"lr0.001,wd0.0",3,"lr=3e-05, wd=0.0",-1.2017,9
[16],10,"lr0.001,wd0.0",1,"lr=1e-05, wd=0.0",-1.1703,10
[16],10,"lr0.001,wd0.0",4,"lr=3e-05, wd=0.01",-1.1698,11
[16],10,"lr0.001,wd0.0",2,"lr=1e-05, wd=0.01",-1.1681,12
[16],10,"lr0.001,wd0.01",9,"lr=0.001, wd=0.0",-2.2906,1
[16],10,"lr0.001,wd0.01",11,"lr=0.003, wd=0.0",-2.1369,2
[16],10,"lr0.001,wd0.01",10,"lr=0.001, wd=0.01",-2.0543,3
[16],10,"lr0.001,wd0.01",7,"lr=3e-04, wd=0.0",-1.9737,4
[16],10,"lr0.001,wd0.01",8,"lr=3e-04, wd=0.01",-1.9124,5
[16],10,"lr0.001,wd0.01",5,"lr=1e-04, wd=0.0",-1.7606,6
[16],10,"lr0.001,wd0.01",12,"lr=0.003, wd=0.01",-1.7167,7
[16],10,"lr0.001,wd0.01",6,"lr=1e-04, wd=0.01",-1.686,8
[16],10,"lr0.001,wd0.01",3,"lr=3e-05, wd=0.0",-1.4076,9
[16],10,"lr0.001,wd0.01",4,"lr=3e-05, wd=0.01",-1.3709,10
[16],10,"lr0.001,wd0.01",1,"lr=1e-05, wd=0.0",-1.3537,11
[16],10,"lr0.001,wd0.01",2,"lr=1e-05, wd=0.01",-1.3508,12
[16],10,"lr0.003,wd0.0",11,"lr=0.003, wd=0.0",-1.9833,1
[16],10,"lr0.003,wd0.0",9,"lr=0.001, wd=0.0",-1.9664,2
[16],10,"lr0.003,wd0.0",7,"lr=3e-04, wd=0.0",-1.8335,3
[16],10,"lr0.003,wd0.0",8,"lr=3e-04, wd=0.01",-1.7715,4
[16],10,"lr0.003,wd0.0",10,"lr=0.001, wd=0.01",-1.724,5
[16],10,"lr0.003,wd0.0",5,"lr=1e-04, wd=0.0",-1.5999,6
[16],10,"lr0.003,wd0.0",12,"lr=0.003, wd=0.01",-1.5404,7
[16],10,"lr0.003,wd0.0",6,"lr=1e-04, wd=0.01",-1.5375,8
[16],10,"lr0.003,wd0.0",1,"lr=1e-05, wd=0.0",-1.2902,9
[16],10,"lr0.003,wd0.0",2,"lr=1e-05, wd=0.01",-1.2901,10
[16],10,"lr0.003,wd0.0",3,"lr=3e-05, wd=0.0",-1.2712,11
[16],10,"lr0.003,wd0.0",4,"lr=3e-05, wd=0.01",-1.2406,12
[16],10,"lr0.003,wd0.01",10,"lr=0.001, wd=0.01",-2.3603,1
[16],10,"lr0.003,wd0.01",12,"lr=0.003, wd=0.01",-1.9958,2
[16],10,"lr0.003,wd0.01",7,"lr=3e-04, wd=0.0",-1.9177,3
[16],10,"lr0.003,wd0.01",8,"lr=3e-04, wd=0.01",-1.6761,4
[16],10,"lr0.003,wd0.01",5,"lr=1e-04, wd=0.0",-1.3552,5
[16],10,"lr0.003,wd0.01",6,"lr=1e-04, wd=0.01",-1.3522,6
[16],10,"lr0.003,wd0.01",2,"lr=1e-05, wd=0.01",-1.2052,7
[16],10,"lr0.003,wd0.01",1,"lr=1e-05, wd=0.0",-1.2027,8
[16],10,"lr0.003,wd0.01",3,"lr=3e-05, wd=0.0",-1.1416,9
[16],10,"lr0.003,wd0.01",4,"lr=3e-05, wd=0.01",-1.1283,10
[16],10,"lr0.003,wd0.01",9,"lr=0.001, wd=0.0",-0.7325,11
[16],10,"lr0.003,wd0.01",11,"lr=0.003, wd=0.0",1.0248,12
[16],20,"lr1e-05,wd0.0",8,"lr=3e-04, wd=0.01",-2.7512,1
[16],20,"lr1e-05,wd0.0",7,"lr=3e-04, wd=0.0",-2.711,2
[16],20,"lr1e-05,wd0.0",6,"lr=1e-04, wd=0.01",-2.6843,3
[16],20,"lr1e-05,wd0.0",5,"lr=1e-04, wd=0.0",-2.6198,4
[16],20,"lr1e-05,wd0.0",9,"lr=0.001, wd=0.0",-2.1316,5
[16],20,"lr1e-05,wd0.0",11,"lr=0.003, wd=0.0",-1.9851,6
[16],20,"lr1e-05,wd0.0",3,"lr=3e-05, wd=0.0",-1.8986,7
[16],20,"lr1e-05,wd0.0",10,"lr=0.001, wd=0.01",-1.7945,8
[16],20,"lr1e-05,wd0.0",4,"lr=3e-05, wd=0.01",-1.794,9
[16],20,"lr1e-05,wd0.0",12,"lr=0.003, wd=0.01",-1.6437,10
[16],20,"lr1e-05,wd0.0",1,"lr=1e-05, wd=0.0",-1.5039,11
[16],20,"lr1e-05,wd0.0",2,"lr=1e-05, wd=0.01",-1.4906,12
[16],20,"lr1e-05,wd0.01",5,"lr=1e-04, wd=0.0",-3.188,1
[16],20,"lr1e-05,wd0.01",6,"lr=1e-04, wd=0.01",-3.1577,2
[16],20,"lr1e-05,wd0.01",8,"lr=3e-04, wd=0.01",-3.1297,3
[16],20,"lr1e-05,wd0.01",7,"lr=3e-04, wd=0.0",-2.9299,4
[16],20,"lr1e-05,wd0.01",9,"lr=0.001, wd=0.0",-2.1791,5
[16],20,"lr1e-05,wd0.01",11,"lr=0.003, wd=0.0",-2.031,6
[16],20,"lr1e-05,wd0.01",3,"lr=3e-05, wd=0.0",-1.9976,7
[16],20,"lr1e-05,wd0.01",4,"lr=3e-05, wd=0.01",-1.885,8
[16],20,"lr1e-05,wd0.01",10,"lr=0.001, wd=0.01",-1.8114,9
[16],20,"lr1e-05,wd0.01",12,"lr=0.003, wd=0.01",-1.6636,10
[16],20,"lr1e-05,wd0.01",1,"lr=1e-05, wd=0.0",-1.5365,11
[16],20,"lr1e-05,wd0.01",2,"lr=1e-05, wd=0.01",-1.5123,12
[16],20,"lr3e-05,wd0.0",7,"lr=3e-04, wd=0.0",-2.2396,1
[16],20,"lr3e-05,wd0.0",9,"lr=0.001, wd=0.0",-2.1646,2
[16],20,"lr3e-05,wd0.0",5,"lr=1e-04, wd=0.0",-2.0988,3
[16],20,"lr3e-05,wd0.0",8,"lr=3e-04, wd=0.01",-2.0898,4
[16],20,"lr3e-05,wd0.0",6,"lr=1e-04, wd=0.01",-2.0137,5
[16],20,"lr3e-05,wd0.0",11,"lr=0.003, wd=0.0",-1.9387,6
[16],20,"lr3e-05,wd0.0",3,"lr=3e-05, wd=0.0",-1.886,7
[16],20,"lr3e-05,wd0.0",4,"lr=3e-05, wd=0.01",-1.8151,8
[16],20,"lr3e-05,wd0.0",1,"lr=1e-05, wd=0.0",-1.6968,9
[16],20,"lr3e-05,wd0.0",2,"lr=1e-05, wd=0.01",-1.6669,10
[16],20,"lr3e-05,wd0.0",10,"lr=0.001, wd=0.01",-1.6579,11
[16],20,"lr3e-05,wd0.0",12,"lr=0.003, wd=0.01",-1.5056,12
[16],20,"lr3e-05,wd0.01",7,"lr=3e-04, wd=0.0",-3.1493,1
[16],20,"lr3e-05,wd0.01",9,"lr=0.001, wd=0.0",-3.1387,2
[16],20,"lr3e-05,wd0.01",8,"lr=3e-04, wd=0.01",-2.949,3
[16],20,"lr3e-05,wd0.01",11,"lr=0.003, wd=0.0",-2.4293,4
[16],20,"lr3e-05,wd0.01",5,"lr=1e-04, wd=0.0",-2.3477,5
[16],20,"lr3e-05,wd0.01",6,"lr=1e-04, wd=0.01",-2.2788,6
[16],20,"lr3e-05,wd0.01",10,"lr=0.001, wd=0.01",-2.1585,7
[16],20,"lr3e-05,wd0.01",3,"lr=3e-05, wd=0.0",-2.1536,8
[16],20,"lr3e-05,wd0.01",4,"lr=3e-05, wd=0.01",-2.1215,9
[16],20,"lr3e-05,wd0.01",1,"lr=1e-05, wd=0.0",-1.9563,10
[16],20,"lr3e-05,wd0.01",2,"lr=1e-05, wd=0.01",-1.9372,11
[16],20,"lr3e-05,wd0.01",12,"lr=0.003, wd=0.01",-1.6771,12
[16],20,"lr0.0001,wd0.0",7,"lr=3e-04, wd=0.0",-1.8994,1
[16],20,"lr0.0001,wd0.0",8,"lr=3e-04, wd=0.01",-1.8616,2
[16],20,"lr0.0001,wd0.0",9,"lr=0.001, wd=0.0",-1.8494,3
[16],20,"lr0.0001,wd0.0",11,"lr=0.003, wd=0.0",-1.8269,4
[16],20,"lr0.0001,wd0.0",5,"lr=1e-04, wd=0.0",-1.8256,5
[16],20,"lr0.0001,wd0.0",6,"lr=1e-04, wd=0.01",-1.7919,6
[16],20,"lr0.0001,wd0.0",3,"lr=3e-05, wd=0.0",-1.694,7
[16],20,"lr0.0001,wd0.0",10,"lr=0.001, wd=0.01",-1.6403,8
[16],20,"lr0.0001,wd0.0",4,"lr=3e-05, wd=0.01",-1.6326,9
[16],20,"lr0.0001,wd0.0",12,"lr=0.003, wd=0.01",-1.5271,10
[16],20,"lr0.0001,wd0.0",1,"lr=1e-05, wd=0.0",-1.481,11
[16],20,"lr0.0001,wd0.0",2,"lr=1e-05, wd=0.01",-1.472,12
[16],20,"lr0.0001,wd0.01",9,"lr=0.001, wd=0.0",-2.6282,1
[16],20,"lr0.0001,wd0.01",11,"lr=0.003, wd=0.0",-2.3116,2
[16],20,"lr0.0001,wd0.01",7,"lr=3e-04, wd=0.0",-2.2803,3
[16],20,"lr0.0001,wd0.01",8,"lr=3e-04, wd=0.01",-2.1916,4
[16],20,"lr0.0001,wd0.01",5,"lr=1e-04, wd=0.0",-2.0964,5
[16],20,"lr0.0001,wd0.01",10,"lr=0.001, wd=0.01",-2.0587,6
[16],20,"lr0.0001,wd0.01",6,"lr=1e-04, wd=0.01",-2.0532,7
[16],20,"lr0.0001,wd0.01",3,"lr=3e-05, wd=0.0",-1.8814,8
[16],20,"lr0.0001,wd0.01",4,"lr=3e-05, wd=0.01",-1.8196,9
[16],20,"lr0.0001,wd0.01",12,"lr=0.003, wd=0.01",-1.7622,10
[16],20,"lr0.0001,wd0.01",1,"lr=1e-05, wd=0.0",-1.6283,11
[16],20,"lr0.0001,wd0.01",2,"lr=1e-05, wd=0.01",-1.6197,12
[16],20,"lr0.0003,wd0.0",11,"lr=0.003, wd=0.0",-1.7576,1
[16],20,"lr0.0003,wd0.0",9,"lr=0.001, wd=0.0",-1.7264,2
[16],20,"lr0.0003,wd0.0",7,"lr=3e-04, wd=0.0",-1.6901,3
[16],20,"lr0.0003,wd0.0",8,"lr=3e-04, wd=0.01",-1.6445,4
[16],20,"lr0.0003,wd0.0",10,"lr=0.001, wd=0.01",-1.6155,5
[16],20,"lr0.0003,wd0.0",5,"lr=1e-04, wd=0.0",-1.5894,6
[16],20,"lr0.0003,wd0.0",6,"lr=1e-04, wd=0.01",-1.5778,7
[16],20,"lr0.0003,wd0.0",12,"lr=0.003, wd=0.01",-1.5516,8
[16],20,"lr0.0003,wd0.0",3,"lr=3e-05, wd=0.0",-1.4824,9
[16],20,"lr0.0003,wd0.0",4,"lr=3e-05, wd=0.01",-1.4594,10
[16],20,"lr0.0003,wd0.0",1,"lr=1e-05, wd=0.0",-1.4126,11
[16],20,"lr0.0003,wd0.0",2,"lr=1e-05, wd=0.01",-1.4093,12
[16],20,"lr0.0003,wd0.01",9,"lr=0.001, wd=0.0",-2.9065,1
[16],20,"lr0.0003,wd0.01",11,"lr=0.003, wd=0.0",-2.3842,2
[16],20,"lr0.0003,wd0.01",7,"lr=3e-04, wd=0.0",-2.1527,3
[16],20,"lr0.0003,wd0.01",10,"lr=0.001, wd=0.01",-2.0785,4
[16],20,"lr0.0003,wd0.01",8,"lr=3e-04, wd=0.01",-2.0744,5
[16],20,"lr0.0003,wd0.01",12,"lr=0.003, wd=0.01",-1.8419,6
[16],20,"lr0.0003,wd0.01",5,"lr=1e-04, wd=0.0",-1.7817,7
[16],20,"lr0.0003,wd0.01",6,"lr=1e-04, wd=0.01",-1.7133,8
[16],20,"lr0.0003,wd0.01",3,"lr=3e-05, wd=0.0",-1.4181,9
[16],20,"lr0.0003,wd0.01",4,"lr=3e-05, wd=0.01",-1.4094,10
[16],20,"lr0.0003,wd0.01",2,"lr=1e-05, wd=0.01",-1.3666,11
[16],20,"lr0.0003,wd0.01",1,"lr=1e-05, wd=0.0",-1.3596,12
[16],20,"lr0.001,wd0.0",11,"lr=0.003, wd=0.0",-1.7311,1
[16],20,"lr0.001,wd0.0",9,"lr=0.001, wd=0.0",-1.6956,2
[16],20,"lr0.001,wd0.0",7,"lr=3e-04, wd=0.0",-1.65,3
[16],20,"lr0.001,wd0.0",8,"lr=3e-04, wd=0.01",-1.6134,4
[16],20,"lr0.001,wd0.0",10,"lr=0.001, wd=0.01",-1.6009,5
[16],20,"lr0.001,wd0.0",5,"lr=1e-04, wd=0.0",-1.5663,6
[16],20,"lr0.001,wd0.0",12,"lr=0.003, wd=0.01",-1.5578,7
[16],20,"lr0.001,wd0.0",6,"lr=1e-04, wd=0.01",-1.556,8
[16],20,"lr0.001,wd0.0",3,"lr=3e-05, wd=0.0",-1.4562,9
[16],20,"lr0.001,wd0.0",4,"lr=3e-05, wd=0.01",-1.4403,10
[16],20,"lr0.001,wd0.0",1,"lr=1e-05, wd=0.0",-1.4346,11
[16],20,"lr0.001,wd0.0",2,"lr=1e-05, wd=0.01",-1.4291,12
[16],20,"lr0.001,wd0.01",10,"lr=0.001, wd=0.01",-2.1728,1
[16],20,"lr0.001,wd0.01",7,"lr=3e-04, wd=0.0",-2.1437,2
[16],20,"lr0.001,wd0.01",11,"lr=0.003, wd=0.0",-2.034,3
[16],20,"lr0.001,wd0.01",8,"lr=3e-04, wd=0.01",-2.0122,4
[16],20,"lr0.001,wd0.01",12,"lr=0.003, wd=0.01",-1.8129,5
[16],20,"lr0.001,wd0.01",9,"lr=0.001, wd=0.0",-1.7376,6
[16],20,"lr0.001,wd0.01",5,"lr=1e-04, wd=0.0",-1.5842,7
[16],20,"lr0.001,wd0.01",6,"lr=1e-04, wd=0.01",-1.5467,8
[16],20,"lr0.001,wd0.01",3,"lr=3e-05, wd=0.0",-1.3528,9
[16],20,"lr0.001,wd0.01",4,"lr=3e-05, wd=0.01",-1.3442,10
[16],20,"lr0.001,wd0.01",2,"lr=1e-05, wd=0.01",-1.3386,11
[16],20,"lr0.001,wd0.01",1,"lr=1e-05, wd=0.0",-1.3287,12
[16],20,"lr0.003,wd0.0",11,"lr=0.003, wd=0.0",-1.9626,1
[16],20,"lr0.003,wd0.0",9,"lr=0.001, wd=0.0",-1.9403,2
[16],20,"lr0.003,wd0.0",7,"lr=3e-04, wd=0.0",-1.8217,3
[16],20,"lr0.003,wd0.0",8,"lr=3e-04, wd=0.01",-1.7685,4
[16],20,"lr0.003,wd0.0",10,"lr=0.001, wd=0.01",-1.7627,5
[16],20,"lr0.003,wd0.0",12,"lr=0.003, wd=0.01",-1.7024,6
[16],20,"lr0.003,wd0.0",5,"lr=1e-04, wd=0.0",-1.6948,7
[16],20,"lr0.003,wd0.0",6,"lr=1e-04, wd=0.01",-1.6705,8
[16],20,"lr0.003,wd0.0",3,"lr=3e-05, wd=0.0",-1.4322,9
[16],20,"lr0.003,wd0.0",4,"lr=3e-05, wd=0.01",-1.4079,10
[16],20,"lr0.003,wd0.0",1,"lr=1e-05, wd=0.0",-1.4004,11
[16],20,"lr0.003,wd0.0",2,"lr=1e-05, wd=0.01",-1.3997,12
[16],20,"lr0.003,wd0.01",12,"lr=0.003, wd=0.01",-2.4089,1
[16],20,"lr0.003,wd0.01",8,"lr=3e-04, wd=0.01",-1.9389,2
[16],20,"lr0.003,wd0.01",7,"lr=3e-04, wd=0.0",-1.8886,3
[16],20,"lr0.003,wd0.01",5,"lr=1e-04, wd=0.0",-1.8829,4
[16],20,"lr0.003,wd0.01",6,"lr=1e-04, wd=0.01",-1.8759,5
[16],20,"lr0.003,wd0.01",3,"lr=3e-05, wd=0.0",-1.5412,6
[16],20,"lr0.003,wd0.01",4,"lr=3e-05, wd=0.01",-1.5191,7
[16],20,"lr0.003,wd0.01",2,"lr=1e-05, wd=0.01",-1.479,8
[16],20,"lr0.003,wd0.01",1,"lr=1e-05, wd=0.0",-1.4745,9
[16],20,"lr0.003,wd0.01",10,"lr=0.001, wd=0.01",0.015,10
[16],20,"lr0.003,wd0.01",9,"lr=0.001, wd=0.0",3.5391,11
[16],20,"lr0.003,wd0.01",11,"lr=0.003, wd=0.0",4.9319,12
[16],50,"lr1e-05,wd0.0",5,"lr=1e-04, wd=0.0",-3.8456,1
[16],50,"lr1e-05,wd0.0",8,"lr=3e-04, wd=0.01",-3.8367,2
[16],50,"lr1e-05,wd0.0",6,"lr=1e-04, wd=0.01",-3.8112,3
[16],50,"lr1e-05,wd0.0",7,"lr=3e-04, wd=0.0",-3.7526,4
[16],50,"lr1e-05,wd0.0",9,"lr=0.001, wd=0.0",-3.7005,5
[16],50,"lr1e-05,wd0.0",10,"lr=0.001, wd=0.01",-3.6448,6
[16],50,"lr1e-05,wd0.0",11,"lr=0.003, wd=0.0",-3.4839,7
[16],50,"lr1e-05,wd0.0",12,"lr=0.003, wd=0.01",-3.3292,8
[16],50,"lr1e-05,wd0.0",3,"lr=3e-05, wd=0.0",-2.7811,9
[16],50,"lr1e-05,wd0.0",4,"lr=3e-05, wd=0.01",-2.6136,10
[16],50,"lr1e-05,wd0.0",1,"lr=1e-05, wd=0.0",-2.2139,11
[16],50,"lr1e-05,wd0.0",2,"lr=1e-05, wd=0.01",-2.2095,12
[16],50,"lr1e-05,wd0.01",5,"lr=1e-04, wd=0.0",-4.0654,1
[16],50,"lr1e-05,wd0.01",8,"lr=3e-04, wd=0.01",-4.0579,2
[16],50,"lr1e-05,wd0.01",6,"lr=1e-04, wd=0.01",-4.0327,3
[16],50,"lr1e-05,wd0.01",7,"lr=3e-04, wd=0.0",-3.9889,4
[16],50,"lr1e-05,wd0.01",9,"lr=0.001, wd=0.0",-3.8713,5
[16],50,"lr1e-05,wd0.01",10,"lr=0.001, wd=0.01",-3.794,6
[16],50,"lr1e-05,wd0.01",11,"lr=0.003, wd=0.0",-3.6518,7
[16],50,"lr1e-05,wd0.01",12,"lr=0.003, wd=0.01",-3.2882,8
[16],50,"lr1e-05,wd0.01",3,"lr=3e-05, wd=0.0",-2.8087,9
[16],50,"lr1e-05,wd0.01",4,"lr=3e-05, wd=0.01",-2.6929,10
[16],50,"lr1e-05,wd0.01",1,"lr=1e-05, wd=0.0",-2.2539,11
[16],50,"lr1e-05,wd0.01",2,"lr=1e-05, wd=0.01",-2.2366,12
[16],50,"lr3e-05,wd0.0",5,"lr=1e-04, wd=0.0",-3.2591,1
[16],50,"lr3e-05,wd0.0",8,"lr=3e-04, wd=0.01",-3.1687,2
[16],50,"lr3e-05,wd0.0",9,"lr=0.001, wd=0.0",-3.1284,3
[16],50,"lr3e-05,wd0.0",7,"lr=3e-04, wd=0.0",-2.9523,4
[16],50,"lr3e-05,wd0.0",10,"lr=0.001, wd=0.01",-2.8244,5
[16],50,"lr3e-05,wd0.0",11,"lr=0.003, wd=0.0",-2.7378,6
[16],50,"lr3e-05,wd0.0",6,"lr=1e-04, wd=0.01",-2.7267,7
[16],50,"lr3e-05,wd0.0",12,"lr=0.003, wd=0.01",-2.5221,8
[16],50,"lr3e-05,wd0.0",3,"lr=3e-05, wd=0.0",-2.382,9
[16],50,"lr3e-05,wd0.0",4,"lr=3e-05, wd=0.01",-2.3745,10
[16],50,"lr3e-05,wd0.0",2,"lr=1e-05, wd=0.01",-2.1878,11
[16],50,"lr3e-05,wd0.0",1,"lr=1e-05, wd=0.0",-2.1822,12
[16],50,"lr3e-05,wd0.01",8,"lr=3e-04, wd=0.01",-3.9366,1
[16],50,"lr3e-05,wd0.01",9,"lr=0.001, wd=0.0",-3.9304,2
[16],50,"lr3e-05,wd0.01",5,"lr=1e-04, wd=0.0",-3.9284,3
[16],50,"lr3e-05,wd0.01",7,"lr=3e-04, wd=0.0",-3.8893,4
[16],50,"lr3e-05,wd0.01",6,"lr=1e-04, wd=0.01",-3.8377,5
[16],50,"lr3e-05,wd0.01",11,"lr=0.003, wd=0.0",-3.7086,6
[16],50,"lr3e-05,wd0.01",10,"lr=0.001, wd=0.01",-3.7077,7
[16],50,"lr3e-05,wd0.01",4,"lr=3e-05, wd=0.01",-3.601,8
[16],50,"lr3e-05,wd0.01",3,"lr=3e-05, wd=0.0",-3.5537,9
[16],50,"lr3e-05,wd0.01",12,"lr=0.003, wd=0.01",-2.811,10
[16],50,"lr3e-05,wd0.01",1,"lr=1e-05, wd=0.0",-2.3929,11
[16],50,"lr3e-05,wd0.01",2,"lr=1e-05, wd=0.01",-2.3775,12
[16],50,"lr0.0001,wd0.0",9,"lr=0.001, wd=0.0",-2.2941,1
[16],50,"lr0.0001,wd0.0",7,"lr=3e-04, wd=0.0",-2.25,2
[16],50,"lr0.0001,wd0.0",11,"lr=0.003, wd=0.0",-2.2375,3
[16],50,"lr0.0001,wd0.0",8,"lr=3e-04, wd=0.01",-2.2316,4
[16],50,"lr0.0001,wd0.0",10,"lr=0.001, wd=0.01",-2.2086,5
[16],50,"lr0.0001,wd0.0",5,"lr=1e-04, wd=0.0",-2.1836,6
[16],50,"lr0.0001,wd0.0",6,"lr=1e-04, wd=0.01",-2.1809,7
[16],50,"lr0.0001,wd0.0",12,"lr=0.003, wd=0.01",-2.1478,8
[16],50,"lr0.0001,wd0.0",4,"lr=3e-05, wd=0.01",-2.1217,9
[16],50,"lr0.0001,wd0.0",3,"lr=3e-05, wd=0.0",-2.121,10
[16],50,"lr0.0001,wd0.0",2,"lr=1e-05, wd=0.01",-2.0253,11
[16],50,"lr0.0001,wd0.0",1,"lr=1e-05, wd=0.0",-2.0107,12
[16],50,"lr0.0001,wd0.01",5,"lr=1e-04, wd=0.0",-3.9317,1
[16],50,"lr0.0001,wd0.01",8,"lr=3e-04, wd=0.01",-3.9128,2
[16],50,"lr0.0001,wd0.01",6,"lr=1e-04, wd=0.01",-3.9091,3
[16],50,"lr0.0001,wd0.01",4,"lr=3e-05, wd=0.01",-3.8779,4
[16],50,"lr0.0001,wd0.01",3,"lr=3e-05, wd=0.0",-3.8466,5
[16],50,"lr0.0001,wd0.01",7,"lr=3e-04, wd=0.0",-3.8464,6
[16],50,"lr0.0001,wd0.01",9,"lr=0.001, wd=0.0",-3.8447,7
[16],50,"lr0.0001,wd0.01",10,"lr=0.001, wd=0.01",-3.821,8
[16],50,"lr0.0001,wd0.01",11,"lr=0.003, wd=0.0",-3.5312,9
[16],50,"lr0.0001,wd0.01",1,"lr=1e-05, wd=0.0",-3.4352,10
[16],50,"lr0.0001,wd0.01",12,"lr=0.003, wd=0.01",-3.4337,11
[16],50,"lr0.0001,wd0.01",2,"lr=1e-05, wd=0.01",-3.3725,12
[16],50,"lr0.0003,wd0.0",11,"lr=0.003, wd=0.0",-1.9975,1
[16],50,"lr0.0003,wd0.0",12,"lr=0.003, wd=0.01",-1.9804,2
[16],50,"lr0.0003,wd0.0",9,"lr=0.001, wd=0.0",-1.964,3
[16],50,"lr0.0003,wd0.0",10,"lr=0.001, wd=0.01",-1.9385,4
[16],50,"lr0.0003,wd0.0",7,"lr=3e-04, wd=0.0",-1.9131,5
[16],50,"lr0.0003,wd0.0",8,"lr=3e-04, wd=0.01",-1.8882,6
[16],50,"lr0.0003,wd0.0",2,"lr=1e-05, wd=0.01",-1.8422,7
[16],50,"lr0.0003,wd0.0",1,"lr=1e-05, wd=0.0",-1.8352,8
[16],50,"lr0.0003,wd0.0",6,"lr=1e-04, wd=0.01",-1.804,9
[16],50,"lr0.0003,wd0.0",5,"lr=1e-04, wd=0.0",-1.8021,10
[16],50,"lr0.0003,wd0.0",3,"lr=3e-05, wd=0.0",-1.7874,11
[16],50,"lr0.0003,wd0.0",4,"lr=3e-05, wd=0.01",-1.7869,12
[16],50,"lr0.0003,wd0.01",5,"lr=1e-04, wd=0.0",-3.8058,1
[16],50,"lr0.0003,wd0.01",8,"lr=3e-04, wd=0.01",-3.7823,2
[16],50,"lr0.0003,wd0.01",10,"lr=0.001, wd=0.01",-3.7671,3
[16],50,"lr0.0003,wd0.01",7,"lr=3e-04, wd=0.0",-3.7563,4
[16],50,"lr0.0003,wd0.01",6,"lr=1e-04, wd=0.01",-3.744,5
[16],50,"lr0.0003,wd0.01",9,"lr=0.001, wd=0.0",-3.7321,6
[16],50,"lr0.0003,wd0.01",4,"lr=3e-05, wd=0.01",-3.6308,7
[16],50,"lr0.0003,wd0.01",12,"lr=0.003, wd=0.01",-3.6197,8
[16],50,"lr0.0003,wd0.01",3,"lr=3e-05, wd=0.0",-3.591,9
[16],50,"lr0.0003,wd0.01",11,"lr=0.003, wd=0.0",-3.4868,10
[16],50,"lr0.0003,wd0.01",1,"lr=1e-05, wd=0.0",-2.3082,11
[16],50,"lr0.0003,wd0.01",2,"lr=1e-05, wd=0.01",-2.2836,12
[16],50,"lr0.001,wd0.0",11,"lr=0.003, wd=0.0",-1.9217,1
[16],50,"lr0.001,wd0.0",12,"lr=0.003, wd=0.01",-1.9185,2
[16],50,"lr0.001,wd0.0",9,"lr=0.001, wd=0.0",-1.8712,3
[16],50,"lr0.001,wd0.0",10,"lr=0.001, wd=0.01",-1.8515,4
[16],50,"lr0.001,wd0.0",2,"lr=1e-05, wd=0.01",-1.7352,5
[16],50,"lr0.001,wd0.0",1,"lr=1e-05, wd=0.0",-1.7296,6
[16],50,"lr0.001,wd0.0",6,"lr=1e-04, wd=0.01",-1.7259,7
[16],50,"lr0.001,wd0.0",5,"lr=1e-04, wd=0.0",-1.7252,8
[16],50,"lr0.001,wd0.0",7,"lr=3e-04, wd=0.0",-1.7149,9
[16],50,"lr0.001,wd0.0",8,"lr=3e-04, wd=0.01",-1.7115,10
[16],50,"lr0.001,wd0.0",4,"lr=3e-05, wd=0.01",-1.7109,11
[16],50,"lr0.001,wd0.0",3,"lr=3e-05, wd=0.0",-1.7067,12
[16],50,"lr0.001,wd0.01",12,"lr=0.003, wd=0.01",-2.8297,1
[16],50,"lr0.001,wd0.01",5,"lr=1e-04, wd=0.0",-2.7467,2
[16],50,"lr0.001,wd0.01",6,"lr=1e-04, wd=0.01",-2.513,3
[16],50,"lr0.001,wd0.01",3,"lr=3e-05, wd=0.0",-2.2865,4
[16],50,"lr0.001,wd0.01",4,"lr=3e-05, wd=0.01",-2.272,5
[16],50,"lr0.001,wd0.01",10,"lr=0.001, wd=0.01",-2.1645,6
[16],50,"lr0.001,wd0.01",1,"lr=1e-05, wd=0.0",-2.0866,7
[16],50,"lr0.001,wd0.01",2,"lr=1e-05, wd=0.01",-2.0758,8
[16],50,"lr0.001,wd0.01",8,"lr=3e-04, wd=0.01",-2.0553,9
[16],50,"lr0.001,wd0.01",7,"lr=3e-04, wd=0.0",-1.237,10
[16],50,"lr0.001,wd0.01",11,"lr=0.003, wd=0.0",0.0363,11
[16],50,"lr0.001,wd0.01",9,"lr=0.001, wd=0.0",0.4825,12
[16],50,"lr0.003,wd0.0",9,"lr=0.001, wd=0.0",-2.3185,1
[16],50,"lr0.003,wd0.0",4,"lr=3e-05, wd=0.01",-2.29,2
[16],50,"lr0.003,wd0.0",11,"lr=0.003, wd=0.0",-2.2881,3
[16],50,"lr0.003,wd0.0",6,"lr=1e-04, wd=0.01",-2.2879,4
[16],50,"lr0.003,wd0.0",7,"lr=3e-04, wd=0.0",-2.2835,5
[16],50,"lr0.003,wd0.0",3,"lr=3e-05, wd=0.0",-2.28,6
[16],50,"lr0.003,wd0.0",5,"lr=1e-04, wd=0.0",-2.2729,7
[16],50,"lr0.003,wd0.0",8,"lr=3e-04, wd=0.01",-2.2721,8
[16],50,"lr0.003,wd0.0",10,"lr=0.001, wd=0.01",-2.2571,9
[16],50,"lr0.003,wd0.0",2,"lr=1e-05, wd=0.01",-2.2448,10
[16],50,"lr0.003,wd0.0",1,"lr=1e-05, wd=0.0",-2.2412,11
[16],50,"lr0.003,wd0.0",12,"lr=0.003, wd=0.01",-2.2372,12
[16],50,"lr0.003,wd0.01",6,"lr=1e-04, wd=0.01",-2.1342,1
[16],50,"lr0.003,wd0.01",3,"lr=3e-05, wd=0.0",-2.1227,2
[16],50,"lr0.003,wd0.01",4,"lr=3e-05, wd=0.01",-2.1042,3
[16],50,"lr0.003,wd0.01",1,"lr=1e-05, wd=0.0",-1.9994,4
[16],50,"lr0.003,wd0.01",2,"lr=1e-05, wd=0.01",-1.9933,5
[16],50,"lr0.003,wd0.01",5,"lr=1e-04, wd=0.0",-1.2418,6
[16],50,"lr0.003,wd0.01",12,"lr=0.003, wd=0.01",-0.9495,7
[16],50,"lr0.003,wd0.01",10,"lr=0.001, wd=0.01",2.6519,8
[16],50,"lr0.003,wd0.01",8,"lr=3e-04, wd=0.01",2.7436,9
[16],50,"lr0.003,wd0.01",7,"lr=3e-04, wd=0.0",4.021,10
[16],50,"lr0.003,wd0.01",11,"lr=0.003, wd=0.0",5.8847,11
[16],50,"lr0.003,wd0.01",9,"lr=0.001, wd=0.0",5.9985,12
[16],90,"lr1e-05,wd0.0",5,"lr=1e-04, wd=0.0",-4.1473,1
[16],90,"lr1e-05,wd0.0",6,"lr=1e-04, wd=0.01",-4.1249,2
[16],90,"lr1e-05,wd0.0",8,"lr=3e-04, wd=0.01",-4.0807,3
[16],90,"lr1e-05,wd0.0",7,"lr=3e-04, wd=0.0",-4.0537,4
[16],90,"lr1e-05,wd0.0",9,"lr=0.001, wd=0.0",-4.0257,5
[16],90,"lr1e-05,wd0.0",11,"lr=0.003, wd=0.0",-4.0066,6
[16],90,"lr1e-05,wd0.0",10,"lr=0.001, wd=0.01",-3.9978,7
[16],90,"lr1e-05,wd0.0",4,"lr=3e-05, wd=0.01",-3.9925,8
[16],90,"lr1e-05,wd0.0",3,"lr=3e-05, wd=0.0",-3.9859,9
[16],90,"lr1e-05,wd0.0",12,"lr=0.003, wd=0.01",-3.9737,10
[16],90,"lr1e-05,wd0.0",2,"lr=1e-05, wd=0.01",-3.8743,11
[16],90,"lr1e-05,wd0.0",1,"lr=1e-05, wd=0.0",-3.8719,12
[16],90,"lr1e-05,wd0.01",5,"lr=1e-04, wd=0.0",-4.2092,1
[16],90,"lr1e-05,wd0.01",6,"lr=1e-04, wd=0.01",-4.2074,2
[16],90,"lr1e-05,wd0.01",8,"lr=3e-04, wd=0.01",-4.1938,3
[16],90,"lr1e-05,wd0.01",7,"lr=3e-04, wd=0.0",-4.1793,4
[16],90,"lr1e-05,wd0.01",9,"lr=0.001, wd=0.0",-4.1566,5
[16],90,"lr1e-05,wd0.01",10,"lr=0.001, wd=0.01",-4.1403,6
[16],90,"lr1e-05,wd0.01",3,"lr=3e-05, wd=0.0",-4.1276,7
[16],90,"lr1e-05,wd0.01",4,"lr=3e-05, wd=0.01",-4.1232,8
[16],90,"lr1e-05,wd0.01",11,"lr=0.003, wd=0.0",-4.1211,9
[16],90,"lr1e-05,wd0.01",12,"lr=0.003, wd=0.01",-4.107,10
[16],90,"lr1e-05,wd0.01",1,"lr=1e-05, wd=0.0",-4.0311,11
[16],90,"lr1e-05,wd0.01",2,"lr=1e-05, wd=0.01",-4.0295,12
[16],90,"lr3e-05,wd0.0",8,"lr=3e-04, wd=0.01",-4.0893,1
[16],90,"lr3e-05,wd0.0",7,"lr=3e-04, wd=0.0",-4.0852,2
[16],90,"lr3e-05,wd0.0",9,"lr=0.001, wd=0.0",-4.0741,3
[16],90,"lr3e-05,wd0.0",10,"lr=0.001, wd=0.01",-4.0654,4
[16],90,"lr3e-05,wd0.0",5,"lr=1e-04, wd=0.0",-4.0544,5
[16],90,"lr3e-05,wd0.0",6,"lr=1e-04, wd=0.01",-4.0382,6
[16],90,"lr3e-05,wd0.0",12,"lr=0.003, wd=0.01",-4.0369,7
[16],90,"lr3e-05,wd0.0",11,"lr=0.003, wd=0.0",-4.0208,8
[16],90,"lr3e-05,wd0.0",3,"lr=3e-05, wd=0.0",-3.979,9
[16],90,"lr3e-05,wd0.0",4,"lr=3e-05, wd=0.01",-3.9754,10
[16],90,"lr3e-05,wd0.0",2,"lr=1e-05, wd=0.01",-3.9438,11
[16],90,"lr3e-05,wd0.0",1,"lr=1e-05, wd=0.0",-3.9416,12
[16],90,"lr3e-05,wd0.01",8,"lr=3e-04, wd=0.01",-4.1752,1
[16],90,"lr3e-05,wd0.01",9,"lr=0.001, wd=0.0",-4.1656,2
[16],90,"lr3e-05,wd0.01",5,"lr=1e-04, wd=0.0",-4.1542,3
[16],90,"lr3e-05,wd0.01",7,"lr=3e-04, wd=0.0",-4.1538,4
[16],90,"lr3e-05,wd0.01",10,"lr=0.001, wd=0.01",-4.1435,5
[16],90,"lr3e-05,wd0.01",6,"lr=1e-04, wd=0.01",-4.1421,6
[16],90,"lr3e-05,wd0.01",12,"lr=0.003, wd=0.01",-4.1172,7
[16],90,"lr3e-05,wd0.01",4,"lr=3e-05, wd=0.01",-4.1086,8
[16],90,"lr3e-05,wd0.01",3,"lr=3e-05, wd=0.0",-4.0992,9
[16],90,"lr3e-05,wd0.01",11,"lr=0.003, wd=0.0",-4.0892,10
[16],90,"lr3e-05,wd0.01",2,"lr=1e-05, wd=0.01",-4.086,11
[16],90,"lr3e-05,wd0.01",1,"lr=1e-05, wd=0.0",-4.0855,12
[16],90,"lr0.0001,wd0.0",1,"lr=1e-05, wd=0.0",-2.4346,1
[16],90,"lr0.0001,wd0.0",3,"lr=3e-05, wd=0.0",-2.4301,2
[16],90,"lr0.0001,wd0.0",2,"lr=1e-05, wd=0.01",-2.4283,3
[16],90,"lr0.0001,wd0.0",4,"lr=3e-05, wd=0.01",-2.4132,4
[16],90,"lr0.0001,wd0.0",9,"lr=0.001, wd=0.0",-2.4004,5
[16],90,"lr0.0001,wd0.0",11,"lr=0.003, wd=0.0",-2.3983,6
[16],90,"lr0.0001,wd0.0",7,"lr=3e-04, wd=0.0",-2.3699,7
[16],90,"lr0.0001,wd0.0",12,"lr=0.003, wd=0.01",-2.3621,8
[16],90,"lr0.0001,wd0.0",5,"lr=1e-04, wd=0.0",-2.3535,9
[16],90,"lr0.0001,wd0.0",6,"lr=1e-04, wd=0.01",-2.3517,10
[16],90,"lr0.0001,wd0.0",10,"lr=0.001, wd=0.01",-2.3473,11
[16],90,"lr0.0001,wd0.0",8,"lr=3e-04, wd=0.01",-2.3453,12
[16],90,"lr0.0001,wd0.01",7,"lr=3e-04, wd=0.0",-4.1688,1
[16],90,"lr0.0001,wd0.01",9,"lr=0.001, wd=0.0",-4.1643,2
[16],90,"lr0.0001,wd0.01",8,"lr=3e-04, wd=0.01",-4.1618,3
[16],90,"lr0.0001,wd0.01",10,"lr=0.001, wd=0.01",-4.1617,4
[16],90,"lr0.0001,wd0.01",5,"lr=1e-04, wd=0.0",-4.1449,5
[16],90,"lr0.0001,wd0.01",6,"lr=1e-04, wd=0.01",-4.1411,6
[16],90,"lr0.0001,wd0.01",12,"lr=0.003, wd=0.01",-4.1407,7
[16],90,"lr0.0001,wd0.01",4,"lr=3e-05, wd=0.01",-4.1383,8
[16],90,"lr0.0001,wd0.01",3,"lr=3e-05, wd=0.0",-4.1269,9
[16],90,"lr0.0001,wd0.01",2,"lr=1e-05, wd=0.01",-4.1018,10
[16],90,"lr0.0001,wd0.01",11,"lr=0.003, wd=0.0",-4.1003,11
[16],90,"lr0.0001,wd0.01",1,"lr=1e-05, wd=0.0",-4.0979,12
[16],90,"lr0.0003,wd0.0",3,"lr=3e-05, wd=0.0",-2.5048,1
[16],90,"lr0.0003,wd0.0",4,"lr=3e-05, wd=0.01",-2.498,2
[16],90,"lr0.0003,wd0.0",1,"lr=1e-05, wd=0.0",-2.4749,3
[16],90,"lr0.0003,wd0.0",2,"lr=1e-05, wd=0.01",-2.4674,4
[16],90,"lr0.0003,wd0.0",5,"lr=1e-04, wd=0.0",-2.4655,5
[16],90,"lr0.0003,wd0.0",11,"lr=0.003, wd=0.0",-2.4595,6
[16],90,"lr0.0003,wd0.0",6,"lr=1e-04, wd=0.01",-2.4557,7
[16],90,"lr0.0003,wd0.0",12,"lr=0.003, wd=0.01",-2.4501,8
[16],90,"lr0.0003,wd0.0",9,"lr=0.001, wd=0.0",-2.4267,9
[16],90,"lr0.0003,wd0.0",7,"lr=3e-04, wd=0.0",-2.4198,10
[16],90,"lr0.0003,wd0.0",10,"lr=0.001, wd=0.01",-2.4075,11
[16],90,"lr0.0003,wd0.0",8,"lr=3e-04, wd=0.01",-2.4065,12
[16],90,"lr0.0003,wd0.01",3,"lr=3e-05, wd=0.0",-4.148,1
[16],90,"lr0.0003,wd0.01",4,"lr=3e-05, wd=0.01",-4.1439,2
[16],90,"lr0.0003,wd0.01",12,"lr=0.003, wd=0.01",-4.1387,3
[16],90,"lr0.0003,wd0.01",6,"lr=1e-04, wd=0.01",-4.1379,4
[16],90,"lr0.0003,wd0.01",5,"lr=1e-04, wd=0.0",-4.1318,5
[16],90,"lr0.0003,wd0.01",10,"lr=0.001, wd=0.01",-4.1243,6
[16],90,"lr0.0003,wd0.01",1,"lr=1e-05, wd=0.0",-4.1197,7
[16],90,"lr0.0003,wd0.01",2,"lr=1e-05, wd=0.01",-4.1156,8
[16],90,"lr0.0003,wd0.01",8,"lr=3e-04, wd=0.01",-4.114,9
[16],90,"lr0.0003,wd0.01",7,"lr=3e-04, wd=0.0",-4.0818,10
[16],90,"lr0.0003,wd0.01",9,"lr=0.001, wd=0.0",-4.0302,11
[16],90,"lr0.0003,wd0.01",11,"lr=0.003, wd=0.0",-3.946,12
[16],90,"lr0.001,wd0.0",11,"lr=0.003, wd=0.0",-2.5067,1
[16],90,"lr0.001,wd0.0",12,"lr=0.003, wd=0.01",-2.4895,2
[16],90,"lr0.001,wd0.0",3,"lr=3e-05, wd=0.0",-2.4835,3
[16],90,"lr0.001,wd0.0",4,"lr=3e-05, wd=0.01",-2.4752,4
[16],90,"lr0.001,wd0.0",1,"lr=1e-05, wd=0.0",-2.4727,5
[16],90,"lr0.001,wd0.0",2,"lr=1e-05, wd=0.01",-2.4686,6
[16],90,"lr0.001,wd0.0",9,"lr=0.001, wd=0.0",-2.4562,7
[16],90,"lr0.001,wd0.0",5,"lr=1e-04, wd=0.0",-2.456,8
[16],90,"lr0.001,wd0.0",6,"lr=1e-04, wd=0.01",-2.4485,9
[16],90,"lr0.001,wd0.0",10,"lr=0.001, wd=0.01",-2.4359,10
[16],90,"lr0.001,wd0.0",7,"lr=3e-04, wd=0.0",-2.4292,11
[16],90,"lr0.001,wd0.0",8,"lr=3e-04, wd=0.01",-2.4201,12
[16],90,"lr0.001,wd0.01",5,"lr=1e-04, wd=0.0",-3.8473,1
[16],90,"lr0.001,wd0.01",4,"lr=3e-05, wd=0.01",-3.843,2
[16],90,"lr0.001,wd0.01",10,"lr=0.001, wd=0.01",-3.8293,3
[16],90,"lr0.001,wd0.01",3,"lr=3e-05, wd=0.0",-3.8263,4
[16],90,"lr0.001,wd0.01",12,"lr=0.003, wd=0.01",-3.8207,5
[16],90,"lr0.001,wd0.01",6,"lr=1e-04, wd=0.01",-3.8148,6
[16],90,"lr0.001,wd0.01",8,"lr=3e-04, wd=0.01",-3.794,7
[16],90,"lr0.001,wd0.01",7,"lr=3e-04, wd=0.0",-3.7562,8
[16],90,"lr0.001,wd0.01",9,"lr=0.001, wd=0.0",-3.6923,9
[16],90,"lr0.001,wd0.01",11,"lr=0.003, wd=0.0",-3.6363,10
[16],90,"lr0.001,wd0.01",1,"lr=1e-05, wd=0.0",-3.4977,11
[16],90,"lr0.001,wd0.01",2,"lr=1e-05, wd=0.01",-3.4784,12
[16],90,"lr0.003,wd0.0",2,"lr=1e-05, wd=0.01",-2.4039,1
[16],90,"lr0.003,wd0.0",1,"lr=1e-05, wd=0.0",-2.4026,2
[16],90,"lr0.003,wd0.0",4,"lr=3e-05, wd=0.01",-2.3959,3
[16],90,"lr0.003,wd0.0",3,"lr=3e-05, wd=0.0",-2.3935,4
[16],90,"lr0.003,wd0.0",11,"lr=0.003, wd=0.0",-2.3823,5
[16],90,"lr0.003,wd0.0",9,"lr=0.001, wd=0.0",-2.3344,6
[16],90,"lr0.003,wd0.0",12,"lr=0.003, wd=0.01",-2.3344,7
[16],90,"lr0.003,wd0.0",10,"lr=0.001, wd=0.01",-2.2849,8
[16],90,"lr0.003,wd0.0",6,"lr=1e-04, wd=0.01",-2.2598,9
[16],90,"lr0.003,wd0.0",5,"lr=1e-04, wd=0.0",-2.2535,10
[16],90,"lr0.003,wd0.0",7,"lr=3e-04, wd=0.0",-2.2376,11
[16],90,"lr0.003,wd0.0",8,"lr=3e-04, wd=0.01",-2.2182,12
[16],90,"lr0.003,wd0.01",12,"lr=0.003, wd=0.01",-3.3772,1
[16],90,"lr0.003,wd0.01",3,"lr=3e-05, wd=0.0",-3.3705,2
[16],90,"lr0.003,wd0.01",4,"lr=3e-05, wd=0.01",-3.3693,3
[16],90,"lr0.003,wd0.01",6,"lr=1e-04, wd=0.01",-3.3202,4
[16],90,"lr0.003,wd0.01",5,"lr=1e-04, wd=0.0",-3.2433,5
[16],90,"lr0.003,wd0.01",1,"lr=1e-05, wd=0.0",-3.1132,6
[16],90,"lr0.003,wd0.01",2,"lr=1e-05, wd=0.01",-3.0954,7
[16],90,"lr0.003,wd0.01",10,"lr=0.001, wd=0.01",-3.0538,8
[16],90,"lr0.003,wd0.01",11,"lr=0.003, wd=0.0",-3.0131,9
[16],90,"lr0.003,wd0.01",8,"lr=3e-04, wd=0.01",-2.9996,10
[16],90,"lr0.003,wd0.01",9,"lr=0.001, wd=0.0",-2.9775,11
[16],90,"lr0.003,wd0.01",7,"lr=3e-04, wd=0.0",-2.9433,12
[24],0,"lr1e-05,wd0.0",1,"lr=1e-05, wd=0.0",-1.3858,1
[24],0,"lr1e-05,wd0.0",2,"lr=1e-05, wd=0.01",-1.3276,2
[24],0,"lr1e-05,wd0.0",4,"lr=3e-05, wd=0.01",-1.1122,3
[24],0,"lr1e-05,wd0.0",3,"lr=3e-05, wd=0.0",-1.1082,4
[24],0,"lr1e-05,wd0.0",5,"lr=1e-04, wd=0.0",-0.966,5
[24],0,"lr1e-05,wd0.0",6,"lr=1e-04, wd=0.01",-0.9406,6
[24],0,"lr1e-05,wd0.0",7,"lr=3e-04, wd=0.0",-0.8334,7
[24],0,"lr1e-05,wd0.0",8,"lr=3e-04, wd=0.01",-0.7706,8
[24],0,"lr1e-05,wd0.0",12,"lr=0.003, wd=0.01",-0.7544,9
[24],0,"lr1e-05,wd0.0",10,"lr=0.001, wd=0.01",-0.7354,10
[24],0,"lr1e-05,wd0.0",9,"lr=0.001, wd=0.0",-0.707,11
[24],0,"lr1e-05,wd0.0",11,"lr=0.003, wd=0.0",-0.6661,12
[24],0,"lr1e-05,wd0.01",1,"lr=1e-05, wd=0.0",-1.4766,1
[24],0,"lr1e-05,wd0.01",2,"lr=1e-05, wd=0.01",-1.4666,2
[24],0,"lr1e-05,wd0.01",4,"lr=3e-05, wd=0.01",-1.1441,3
[24],0,"lr1e-05,wd0.01",3,"lr=3e-05, wd=0.0",-1.1128,4
[24],0,"lr1e-05,wd0.01",6,"lr=1e-04, wd=0.01",-0.954,5
[24],0,"lr1e-05,wd0.01",5,"lr=1e-04, wd=0.0",-0.9536,6
[24],0,"lr1e-05,wd0.01",7,"lr=3e-04, wd=0.0",-0.8147,7
[24],0,"lr1e-05,wd0.01",8,"lr=3e-04, wd=0.01",-0.7765,8
[24],0,"lr1e-05,wd0.01",12,"lr=0.003, wd=0.01",-0.7469,9
[24],0,"lr1e-05,wd0.01",10,"lr=0.001, wd=0.01",-0.7337,10
[24],0,"lr1e-05,wd0.01",9,"lr=0.001, wd=0.0",-0.7,11
[24],0,"lr1e-05,wd0.01",11,"lr=0.003, wd=0.0",-0.6584,12
[24],0,"lr3e-05,wd0.0",1,"lr=1e-05, wd=0.0",-1.2069,1
[24],0,"lr3e-05,wd0.0",2,"lr=1e-05, wd=0.01",-1.1328,2
[24],0,"lr3e-05,wd0.0",3,"lr=3e-05, wd=0.0",-1.0838,3
[24],0,"lr3e-05,wd0.0",4,"lr=3e-05, wd=0.01",-1.075,4
[24],0,"lr3e-05,wd0.0",5,"lr=1e-04, wd=0.0",-0.9784,5
[24],0,"lr3e-05,wd0.0",6,"lr=1e-04, wd=0.01",-0.9391,6
[24],0,"lr3e-05,wd0.0",7,"lr=3e-04, wd=0.0",-0.8781,7
[24],0,"lr3e-05,wd0.0",8,"lr=3e-04, wd=0.01",-0.8005,8
[24],0,"lr3e-05,wd0.0",12,"lr=0.003, wd=0.01",-0.7902,9
[24],0,"lr3e-05,wd0.0",10,"lr=0.001, wd=0.01",-0.7625,10
[24],0,"lr3e-05,wd0.0",9,"lr=0.001, wd=0.0",-0.7354,11
[24],0,"lr3e-05,wd0.0",11,"lr=0.003, wd=0.0",-0.6968,12
[24],0,"lr3e-05,wd0.01",1,"lr=1e-05, wd=0.0",-1.4116,1
[24],0,"lr3e-05,wd0.01",2,"lr=1e-05, wd=0.01",-1.3681,2
[24],0,"lr3e-05,wd0.01",4,"lr=3e-05, wd=0.01",-1.1431,3
[24],0,"lr3e-05,wd0.01",3,"lr=3e-05, wd=0.0",-1.1201,4
[24],0,"lr3e-05,wd0.01",5,"lr=1e-04, wd=0.0",-0.9827,5
[24],0,"lr3e-05,wd0.01",6,"lr=1e-04, wd=0.01",-0.9747,6
[24],0,"lr3e-05,wd0.01",7,"lr=3e-04, wd=0.0",-0.8697,7
[24],0,"lr3e-05,wd0.01",8,"lr=3e-04, wd=0.01",-0.8265,8
[24],0,"lr3e-05,wd0.01",12,"lr=0.003, wd=0.01",-0.7962,9
[24],0,"lr3e-05,wd0.01",10,"lr=0.001, wd=0.01",-0.7755,10
[24],0,"lr3e-05,wd0.01",9,"lr=0.001, wd=0.0",-0.738,11
[24],0,"lr3e-05,wd0.01",11,"lr=0.003, wd=0.0",-0.6977,12
[24],0,"lr0.0001,wd0.0",1,"lr=1e-05, wd=0.0",-1.2998,1
[24],0,"lr0.0001,wd0.0",2,"lr=1e-05, wd=0.01",-1.2322,2
[24],0,"lr0.0001,wd0.0",3,"lr=3e-05, wd=0.0",-1.1085,3
[24],0,"lr0.0001,wd0.0",4,"lr=3e-05, wd=0.01",-1.1015,4
[24],0,"lr0.0001,wd0.0",5,"lr=1e-04, wd=0.0",-1.0018,5
[24],0,"lr0.0001,wd0.0",6,"lr=1e-04, wd=0.01",-0.9649,6
[24],0,"lr0.0001,wd0.0",7,"lr=3e-04, wd=0.0",-0.9257,7
[24],0,"lr0.0001,wd0.0",12,"lr=0.003, wd=0.01",-0.8522,8
[24],0,"lr0.0001,wd0.0",8,"lr=3e-04, wd=0.01",-0.852,9
[24],0,"lr0.0001,wd0.0",10,"lr=0.001, wd=0.01",-0.8152,10
[24],0,"lr0.0001,wd0.0",9,"lr=0.001, wd=0.0",-0.7974,11
[24],0,"lr0.0001,wd0.0",11,"lr=0.003, wd=0.0",-0.7531,12
[24],0,"lr0.0001,wd0.01",1,"lr=1e-05, wd=0.0",-1.3362,1
[24],0,"lr0.0001,wd0.01",2,"lr=1e-05, wd=0.01",-1.2711,2
[24],0,"lr0.0001,wd0.01",4,"lr=3e-05, wd=0.01",-1.12,3
[24],0,"lr0.0001,wd0.01",3,"lr=3e-05, wd=0.0",-1.1162,4
[24],0,"lr0.0001,wd0.01",5,"lr=1e-04, wd=0.0",-0.992,5
[24],0,"lr0.0001,wd0.01",6,"lr=1e-04, wd=0.01",-0.9762,6
[24],0,"lr0.0001,wd0.01",7,"lr=3e-04, wd=0.0",-0.9093,7
[24],0,"lr0.0001,wd0.01",8,"lr=3e-04, wd=0.01",-0.8726,8
[24],0,"lr0.0001,wd0.01",12,"lr=0.003, wd=0.01",-0.8617,9
[24],0,"lr0.0001,wd0.01",10,"lr=0.001, wd=0.01",-0.8292,10
[24],0,"lr0.0001,wd0.01",9,"lr=0.001, wd=0.0",-0.7843,11
[24],0,"lr0.0001,wd0.01",11,"lr=0.003, wd=0.0",-0.7451,12
[24],0,"lr0.0003,wd0.0",1,"lr=1e-05, wd=0.0",-1.4216,1
[24],0,"lr0.0003,wd0.0",2,"lr=1e-05, wd=0.01",-1.3604,2
[24],0,"lr0.0003,wd0.0",3,"lr=3e-05, wd=0.0",-1.1305,3
[24],0,"lr0.0003,wd0.0",4,"lr=3e-05, wd=0.01",-1.1274,4
[24],0,"lr0.0003,wd0.0",5,"lr=1e-04, wd=0.0",-0.9999,5
[24],0,"lr0.0003,wd0.0",6,"lr=1e-04, wd=0.01",-0.9754,6
[24],0,"lr0.0003,wd0.0",7,"lr=3e-04, wd=0.0",-0.9397,7
[24],0,"lr0.0003,wd0.0",12,"lr=0.003, wd=0.01",-0.9141,8
[24],0,"lr0.0003,wd0.0",8,"lr=3e-04, wd=0.01",-0.878,9
[24],0,"lr0.0003,wd0.0",10,"lr=0.001, wd=0.01",-0.8587,10
[24],0,"lr0.0003,wd0.0",9,"lr=0.001, wd=0.0",-0.8523,11
[24],0,"lr0.0003,wd0.0",11,"lr=0.003, wd=0.0",-0.8272,12
[24],0,"lr0.0003,wd0.01",1,"lr=1e-05, wd=0.0",-1.3013,1
[24],0,"lr0.0003,wd0.01",2,"lr=1e-05, wd=0.01",-1.2305,2
[24],0,"lr0.0003,wd0.01",3,"lr=3e-05, wd=0.0",-1.1147,3
[24],0,"lr0.0003,wd0.01",4,"lr=3e-05, wd=0.01",-1.1036,4
[24],0,"lr0.0003,wd0.01",5,"lr=1e-04, wd=0.0",-0.9894,5
[24],0,"lr0.0003,wd0.01",6,"lr=1e-04, wd=0.01",-0.9668,6
[24],0,"lr0.0003,wd0.01",12,"lr=0.003, wd=0.01",-0.9342,7
[24],0,"lr0.0003,wd0.01",7,"lr=3e-04, wd=0.0",-0.9196,8
[24],0,"lr0.0003,wd0.01",8,"lr=3e-04, wd=0.01",-0.8848,9
[24],0,"lr0.0003,wd0.01",10,"lr=0.001, wd=0.01",-0.876,10
[24],0,"lr0.0003,wd0.01",9,"lr=0.001, wd=0.0",-0.8251,11
[24],0,"lr0.0003,wd0.01",11,"lr=0.003, wd=0.0",-0.8073,12
[24],0,"lr0.001,wd0.0",1,"lr=1e-05, wd=0.0",-1.3912,1
[24],0,"lr0.001,wd0.0",2,"lr=1e-05, wd=0.01",-1.3334,2
[24],0,"lr0.001,wd0.0",3,"lr=3e-05, wd=0.0",-1.1153,3
[24],0,"lr0.001,wd0.0",4,"lr=3e-05, wd=0.01",-1.1073,4
[24],0,"lr0.001,wd0.0",12,"lr=0.003, wd=0.01",-0.9791,5
[24],0,"lr0.001,wd0.0",5,"lr=1e-04, wd=0.0",-0.9768,6
[24],0,"lr0.001,wd0.0",6,"lr=1e-04, wd=0.01",-0.9559,7
[24],0,"lr0.001,wd0.0",7,"lr=3e-04, wd=0.0",-0.919,8
[24],0,"lr0.001,wd0.0",11,"lr=0.003, wd=0.0",-0.8925,9
[24],0,"lr0.001,wd0.0",10,"lr=0.001, wd=0.01",-0.8813,10
[24],0,"lr0.001,wd0.0",9,"lr=0.001, wd=0.0",-0.8693,11
[24],0,"lr0.001,wd0.0",8,"lr=3e-04, wd=0.01",-0.8593,12
[24],0,"lr0.001,wd0.01",1,"lr=1e-05, wd=0.0",-1.2785,1
[24],0,"lr0.001,wd0.01",2,"lr=1e-05, wd=0.01",-1.21,2
[24],0,"lr0.001,wd0.01",3,"lr=3e-05, wd=0.0",-1.1064,3
[24],0,"lr0.001,wd0.01",4,"lr=3e-05, wd=0.01",-1.0864,4
[24],0,"lr0.001,wd0.01",12,"lr=0.003, wd=0.01",-1.0074,5
[24],0,"lr0.001,wd0.01",5,"lr=1e-04, wd=0.0",-0.9793,6
[24],0,"lr0.001,wd0.01",6,"lr=1e-04, wd=0.01",-0.9516,7
[24],0,"lr0.001,wd0.01",7,"lr=3e-04, wd=0.0",-0.9117,8
[24],0,"lr0.001,wd0.01",10,"lr=0.001, wd=0.01",-0.8989,9
[24],0,"lr0.001,wd0.01",11,"lr=0.003, wd=0.0",-0.8682,10
[24],0,"lr0.001,wd0.01",8,"lr=3e-04, wd=0.01",-0.8662,11
[24],0,"lr0.001,wd0.01",9,"lr=0.001, wd=0.0",-0.8426,12
[24],0,"lr0.003,wd0.0",1,"lr=1e-05, wd=0.0",-1.3023,1
[24],0,"lr0.003,wd0.0",2,"lr=1e-05, wd=0.01",-1.2492,2
[24],0,"lr0.003,wd0.0",3,"lr=3e-05, wd=0.0",-1.0807,3
[24],0,"lr0.003,wd0.0",4,"lr=3e-05, wd=0.01",-1.0716,4
[24],0,"lr0.003,wd0.0",12,"lr=0.003, wd=0.01",-1.0119,5
[24],0,"lr0.003,wd0.0",5,"lr=1e-04, wd=0.0",-0.9493,6
[24],0,"lr0.003,wd0.0",6,"lr=1e-04, wd=0.01",-0.9251,7
[24],0,"lr0.003,wd0.0",11,"lr=0.003, wd=0.0",-0.9063,8
[24],0,"lr0.003,wd0.0",7,"lr=3e-04, wd=0.0",-0.8884,9
[24],0,"lr0.003,wd0.0",10,"lr=0.001, wd=0.01",-0.873,10
[24],0,"lr0.003,wd0.0",9,"lr=0.001, wd=0.0",-0.8457,11
[24],0,"lr0.003,wd0.0",8,"lr=3e-04, wd=0.01",-0.8245,12
[24],0,"lr0.003,wd0.01",1,"lr=1e-05, wd=0.0",-1.2501,1
[24],0,"lr0.003,wd0.01",2,"lr=1e-05, wd=0.01",-1.1892,2
[24],0,"lr0.003,wd0.01",3,"lr=3e-05, wd=0.0",-1.0839,3
[24],0,"lr0.003,wd0.01",4,"lr=3e-05, wd=0.01",-1.0662,4
[24],0,"lr0.003,wd0.01",12,"lr=0.003, wd=0.01",-1.0331,5
[24],0,"lr0.003,wd0.01",5,"lr=1e-04, wd=0.0",-0.9571,6
[24],0,"lr0.003,wd0.01",6,"lr=1e-04, wd=0.01",-0.9285,7
[24],0,"lr0.003,wd0.01",7,"lr=3e-04, wd=0.0",-0.8885,8
[24],0,"lr0.003,wd0.01",10,"lr=0.001, wd=0.01",-0.8855,9
[24],0,"lr0.003,wd0.01",11,"lr=0.003, wd=0.0",-0.882,10
[24],0,"lr0.003,wd0.01",8,"lr=3e-04, wd=0.01",-0.8318,11
[24],0,"lr0.003,wd0.01",9,"lr=0.001, wd=0.0",-0.8299,12
[24],5,"lr1e-05,wd0.0",5,"lr=1e-04, wd=0.0",-2.4251,1
[24],5,"lr1e-05,wd0.0",6,"lr=1e-04, wd=0.01",-2.2109,2
[24],5,"lr1e-05,wd0.0",3,"lr=3e-05, wd=0.0",-1.9386,3
[24],5,"lr1e-05,wd0.0",4,"lr=3e-05, wd=0.01",-1.8689,4
[24],5,"lr1e-05,wd0.0",9,"lr=0.001, wd=0.0",-1.7928,5
[24],5,"lr1e-05,wd0.0",7,"lr=3e-04, wd=0.0",-1.7912,6
[24],5,"lr1e-05,wd0.0",11,"lr=0.003, wd=0.0",-1.7703,7
[24],5,"lr1e-05,wd0.0",8,"lr=3e-04, wd=0.01",-1.7105,8
[24],5,"lr1e-05,wd0.0",10,"lr=0.001, wd=0.01",-1.6626,9
[24],5,"lr1e-05,wd0.0",1,"lr=1e-05, wd=0.0",-1.6044,10
[24],5,"lr1e-05,wd0.0",2,"lr=1e-05, wd=0.01",-1.5183,11
[24],5,"lr1e-05,wd0.0",12,"lr=0.003, wd=0.01",-1.3974,12
[24],5,"lr1e-05,wd0.01",6,"lr=1e-04, wd=0.01",-2.3028,1
[24],5,"lr1e-05,wd0.01",5,"lr=1e-04, wd=0.0",-2.2957,2
[24],5,"lr1e-05,wd0.01",3,"lr=3e-05, wd=0.0",-2.1086,3
[24],5,"lr1e-05,wd0.01",4,"lr=3e-05, wd=0.01",-1.9677,4
[24],5,"lr1e-05,wd0.01",9,"lr=0.001, wd=0.0",-1.894,5
[24],5,"lr1e-05,wd0.01",7,"lr=3e-04, wd=0.0",-1.868,6
[24],5,"lr1e-05,wd0.01",11,"lr=0.003, wd=0.0",-1.815,7
[24],5,"lr1e-05,wd0.01",8,"lr=3e-04, wd=0.01",-1.781,8
[24],5,"lr1e-05,wd0.01",10,"lr=0.001, wd=0.01",-1.7092,9
[24],5,"lr1e-05,wd0.01",1,"lr=1e-05, wd=0.0",-1.651,10
[24],5,"lr1e-05,wd0.01",2,"lr=1e-05, wd=0.01",-1.562,11
[24],5,"lr1e-05,wd0.01",12,"lr=0.003, wd=0.01",-1.4296,12
[24],5,"lr3e-05,wd0.0",5,"lr=1e-04, wd=0.0",-2.4804,1
[24],5,"lr3e-05,wd0.0",7,"lr=3e-04, wd=0.0",-2.1769,2
[24],5,"lr3e-05,wd0.0",6,"lr=1e-04, wd=0.01",-2.1027,3
[24],5,"lr3e-05,wd0.0",8,"lr=3e-04, wd=0.01",-2.0729,4
[24],5,"lr3e-05,wd0.0",9,"lr=0.001, wd=0.0",-1.8603,5
[24],5,"lr3e-05,wd0.0",11,"lr=0.003, wd=0.0",-1.8601,6
[24],5,"lr3e-05,wd0.0",10,"lr=0.001, wd=0.01",-1.7283,7
[24],5,"lr3e-05,wd0.0",3,"lr=3e-05, wd=0.0",-1.5639,8
[24],5,"lr3e-05,wd0.0",4,"lr=3e-05, wd=0.01",-1.5142,9
[24],5,"lr3e-05,wd0.0",1,"lr=1e-05, wd=0.0",-1.4779,10
[24],5,"lr3e-05,wd0.0",2,"lr=1e-05, wd=0.01",-1.4743,11
[24],5,"lr3e-05,wd0.0",12,"lr=0.003, wd=0.01",-1.3929,12
[24],5,"lr3e-05,wd0.01",5,"lr=1e-04, wd=0.0",-3.2154,1
[24],5,"lr3e-05,wd0.01",7,"lr=3e-04, wd=0.0",-2.6549,2
[24],5,"lr3e-05,wd0.01",6,"lr=1e-04, wd=0.01",-2.6381,3
[24],5,"lr3e-05,wd0.01",8,"lr=3e-04, wd=0.01",-2.4817,4
[24],5,"lr3e-05,wd0.01",9,"lr=0.001, wd=0.0",-2.1721,5
[24],5,"lr3e-05,wd0.01",11,"lr=0.003, wd=0.0",-2.1149,6
[24],5,"lr3e-05,wd0.01",10,"lr=0.001, wd=0.01",-1.9083,7
[24],5,"lr3e-05,wd0.01",3,"lr=3e-05, wd=0.0",-1.7301,8
[24],5,"lr3e-05,wd0.01",4,"lr=3e-05, wd=0.01",-1.7,9
[24],5,"lr3e-05,wd0.01",1,"lr=1e-05, wd=0.0",-1.5881,10
[24],5,"lr3e-05,wd0.01",2,"lr=1e-05, wd=0.01",-1.572,11
[24],5,"lr3e-05,wd0.01",12,"lr=0.003, wd=0.01",-1.5197,12
[24],5,"lr0.0001,wd0.0",7,"lr=3e-04, wd=0.0",-2.3596,1
[24],5,"lr0.0001,wd0.0",9,"lr=0.001, wd=0.0",-2.229,2
[24],5,"lr0.0001,wd0.0",11,"lr=0.003, wd=0.0",-2.1889,3
[24],5,"lr0.0001,wd0.0",5,"lr=1e-04, wd=0.0",-2.0332,4
[24],5,"lr0.0001,wd0.0",6,"lr=1e-04, wd=0.01",-1.8944,5
[24],5,"lr0.0001,wd0.0",8,"lr=3e-04, wd=0.01",-1.8768,6
[24],5,"lr0.0001,wd0.0",10,"lr=0.001, wd=0.01",-1.532,7
[24],5,"lr0.0001,wd0.0",4,"lr=3e-05, wd=0.01",-1.4526,8
[24],5,"lr0.0001,wd0.0",3,"lr=3e-05, wd=0.0",-1.4087,9
[24],5,"lr0.0001,wd0.0",1,"lr=1e-05, wd=0.0",-1.3659,10
[24],5,"lr0.0001,wd0.0",2,"lr=1e-05, wd=0.01",-1.3359,11
[24],5,"lr0.0001,wd0.0",12,"lr=0.003, wd=0.01",-1.2801,12
[24],5,"lr0.0001,wd0.01",7,"lr=3e-04, wd=0.0",-2.8993,1
[24],5,"lr0.0001,wd0.01",8,"lr=3e-04, wd=0.01",-2.383,2
[24],5,"lr0.0001,wd0.01",11,"lr=0.003, wd=0.0",-2.3238,3
[24],5,"lr0.0001,wd0.01",9,"lr=0.001, wd=0.0",-2.2778,4
[24],5,"lr0.0001,wd0.01",5,"lr=1e-04, wd=0.0",-2.2098,5
[24],5,"lr0.0001,wd0.01",6,"lr=1e-04, wd=0.01",-2.1059,6
[24],5,"lr0.0001,wd0.01",10,"lr=0.001, wd=0.01",-2.0082,7
[24],5,"lr0.0001,wd0.01",12,"lr=0.003, wd=0.01",-1.6001,8
[24],5,"lr0.0001,wd0.01",4,"lr=3e-05, wd=0.01",-1.5275,9
[24],5,"lr0.0001,wd0.01",3,"lr=3e-05, wd=0.0",-1.5128,10
[24],5,"lr0.0001,wd0.01",1,"lr=1e-05, wd=0.0",-1.4758,11
[24],5,"lr0.0001,wd0.01",2,"lr=1e-05, wd=0.01",-1.4521,12
[24],5,"lr0.0003,wd0.0",9,"lr=0.001, wd=0.0",-1.9201,1
[24],5,"lr0.0003,wd0.0",7,"lr=3e-04, wd=0.0",-1.8161,2
[24],5,"lr0.0003,wd0.0",11,"lr=0.003, wd=0.0",-1.7937,3
[24],5,"lr0.0003,wd0.0",8,"lr=3e-04, wd=0.01",-1.5825,4
[24],5,"lr0.0003,wd0.0",5,"lr=1e-04, wd=0.0",-1.5336,5
[24],5,"lr0.0003,wd0.0",6,"lr=1e-04, wd=0.01",-1.4528,6
[24],5,"lr0.0003,wd0.0",10,"lr=0.001, wd=0.01",-1.3272,7
[24],5,"lr0.0003,wd0.0",3,"lr=3e-05, wd=0.0",-1.2328,8
[24],5,"lr0.0003,wd0.0",4,"lr=3e-05, wd=0.01",-1.2302,9
[24],5,"lr0.0003,wd0.0",1,"lr=1e-05, wd=0.0",-1.1527,10
[24],5,"lr0.0003,wd0.0",2,"lr=1e-05, wd=0.01",-1.1392,11
[24],5,"lr0.0003,wd0.0",12,"lr=0.003, wd=0.01",-1.1346,12
[24],5,"lr0.0003,wd0.01",11,"lr=0.003, wd=0.0",-2.6773,1
[24],5,"lr0.0003,wd0.01",9,"lr=0.001, wd=0.0",-2.368,2
[24],5,"lr0.0003,wd0.01",7,"lr=3e-04, wd=0.0",-2.351,3
[24],5,"lr0.0003,wd0.01",8,"lr=3e-04, wd=0.01",-2.1646,4
[24],5,"lr0.0003,wd0.01",10,"lr=0.001, wd=0.01",-1.9779,5
[24],5,"lr0.0003,wd0.01",5,"lr=1e-04, wd=0.0",-1.8965,6
[24],5,"lr0.0003,wd0.01",6,"lr=1e-04, wd=0.01",-1.8192,7
[24],5,"lr0.0003,wd0.01",12,"lr=0.003, wd=0.01",-1.6063,8
[24],5,"lr0.0003,wd0.01",4,"lr=3e-05, wd=0.01",-1.4408,9
[24],5,"lr0.0003,wd0.01",3,"lr=3e-05, wd=0.0",-1.4258,10
[24],5,"lr0.0003,wd0.01",1,"lr=1e-05, wd=0.0",-1.3425,11
[24],5,"lr0.0003,wd0.01",2,"lr=1e-05, wd=0.01",-1.3402,12
[24],5,"lr0.001,wd0.0",9,"lr=0.001, wd=0.0",-1.7857,1
[24],5,"lr0.001,wd0.0",11,"lr=0.003, wd=0.0",-1.6779,2
[24],5,"lr0.001,wd0.0",7,"lr=3e-04, wd=0.0",-1.6468,3
[24],5,"lr0.001,wd0.0",8,"lr=3e-04, wd=0.01",-1.4434,4
[24],5,"lr0.001,wd0.0",10,"lr=0.001, wd=0.01",-1.2758,5
[24],5,"lr0.001,wd0.0",5,"lr=1e-04, wd=0.0",-1.2544,6
[24],5,"lr0.001,wd0.0",6,"lr=1e-04, wd=0.01",-1.2437,7
[24],5,"lr0.001,wd0.0",12,"lr=0.003, wd=0.01",-1.0754,8
[24],5,"lr0.001,wd0.0",4,"lr=3e-05, wd=0.01",-1.0312,9
[24],5,"lr0.001,wd0.0",3,"lr=3e-05, wd=0.0",-1.0112,10
[24],5,"lr0.001,wd0.0",2,"lr=1e-05, wd=0.01",-0.9965,11
[24],5,"lr0.001,wd0.0",1,"lr=1e-05, wd=0.0",-0.9861,12
[24],5,"lr0.001,wd0.01",11,"lr=0.003, wd=0.0",-2.6464,1
[24],5,"lr0.001,wd0.01",9,"lr=0.001, wd=0.0",-2.3476,2
[24],5,"lr0.001,wd0.01",7,"lr=3e-04, wd=0.0",-2.3155,3
[24],5,"lr0.001,wd0.01",8,"lr=3e-04, wd=0.01",-1.9387,4
[24],5,"lr0.001,wd0.01",10,"lr=0.001, wd=0.01",-1.9118,5
[24],5,"lr0.001,wd0.01",12,"lr=0.003, wd=0.01",-1.5647,6
[24],5,"lr0.001,wd0.01",5,"lr=1e-04, wd=0.0",-1.3969,7
[24],5,"lr0.001,wd0.01",6,"lr=1e-04, wd=0.01",-1.3335,8
[24],5,"lr0.001,wd0.01",4,"lr=3e-05, wd=0.01",-1.0581,9
[24],5,"lr0.001,wd0.01",3,"lr=3e-05, wd=0.0",-1.0484,10
[24],5,"lr0.001,wd0.01",2,"lr=1e-05, wd=0.01",-1.0055,11
[24],5,"lr0.001,wd0.01",1,"lr=1e-05, wd=0.0",-0.9943,12
[24],5,"lr0.003,wd0.0",9,"lr=0.001, wd=0.0",-2.0659,1
[24],5,"lr0.003,wd0.0",11,"lr=0.003, wd=0.0",-1.9777,2
[24],5,"lr0.003,wd0.0",7,"lr=3e-04, wd=0.0",-1.7387,3
[24],5,"lr0.003,wd0.0",8,"lr=3e-04, wd=0.01",-1.3904,4
[24],5,"lr0.003,wd0.0",10,"lr=0.001, wd=0.01",-1.2988,5
[24],5,"lr0.003,wd0.0",5,"lr=1e-04, wd=0.0",-1.1669,6
[24],5,"lr0.003,wd0.0",6,"lr=1e-04, wd=0.01",-1.1301,7
[24],5,"lr0.003,wd0.0",12,"lr=0.003, wd=0.01",-1.1011,8
[24],5,"lr0.003,wd0.0",4,"lr=3e-05, wd=0.01",-0.9401,9
[24],5,"lr0.003,wd0.0",3,"lr=3e-05, wd=0.0",-0.9233,10
[24],5,"lr0.003,wd0.0",2,"lr=1e-05, wd=0.01",-0.8889,11
[24],5,"lr0.003,wd0.0",1,"lr=1e-05, wd=0.0",-0.8811,12
[24],5,"lr0.003,wd0.01",10,"lr=0.001, wd=0.01",-2.0015,1
[24],5,"lr0.003,wd0.01",12,"lr=0.003, wd=0.01",-1.8484,2
[24],5,"lr0.003,wd0.01",8,"lr=3e-04, wd=0.01",-1.8359,3
[24],5,"lr0.003,wd0.01",7,"lr=3e-04, wd=0.0",-1.7409,4
[24],5,"lr0.003,wd0.01",11,"lr=0.003, wd=0.0",-1.7028,5
[24],5,"lr0.003,wd0.01",9,"lr=0.001, wd=0.0",-1.6681,6
[24],5,"lr0.003,wd0.01",5,"lr=1e-04, wd=0.0",-1.4152,7
[24],5,"lr0.003,wd0.01",6,"lr=1e-04, wd=0.01",-1.3594,8
[24],5,"lr0.003,wd0.01",2,"lr=1e-05, wd=0.01",-1.3368,9
[24],5,"lr0.003,wd0.01",4,"lr=3e-05, wd=0.01",-1.3013,10
[24],5,"lr0.003,wd0.01",1,"lr=1e-05, wd=0.0",-1.2925,11
[24],5,"lr0.003,wd0.01",3,"lr=3e-05, wd=0.0",-1.2847,12
[24],10,"lr1e-05,wd0.0",3,"lr=3e-05, wd=0.0",-2.5065,1
[24],10,"lr1e-05,wd0.0",4,"lr=3e-05, wd=0.01",-2.2857,2
[24],10,"lr1e-05,wd0.0",5,"lr=1e-04, wd=0.0",-2.1975,3
[24],10,"lr1e-05,wd0.0",7,"lr=3e-04, wd=0.0",-2.0929,4
[24],10,"lr1e-05,wd0.0",9,"lr=0.001, wd=0.0",-2.0139,5
[24],10,"lr1e-05,wd0.0",8,"lr=3e-04, wd=0.01",-2.0027,6
[24],10,"lr1e-05,wd0.0",11,"lr=0.003, wd=0.0",-1.8122,7
[24],10,"lr1e-05,wd0.0",1,"lr=1e-05, wd=0.0",-1.7625,8
[24],10,"lr1e-05,wd0.0",2,"lr=1e-05, wd=0.01",-1.6861,9
[24],10,"lr1e-05,wd0.0",10,"lr=0.001, wd=0.01",-1.6343,10
[24],10,"lr1e-05,wd0.0",6,"lr=1e-04, wd=0.01",-1.6214,11
[24],10,"lr1e-05,wd0.0",12,"lr=0.003, wd=0.01",-1.4491,12
[24],10,"lr1e-05,wd0.01",3,"lr=3e-05, wd=0.0",-3.0462,1
[24],10,"lr1e-05,wd0.01",5,"lr=1e-04, wd=0.0",-2.7771,2
[24],10,"lr1e-05,wd0.01",4,"lr=3e-05, wd=0.01",-2.5607,3
[24],10,"lr1e-05,wd0.01",6,"lr=1e-04, wd=0.01",-2.5526,4
[24],10,"lr1e-05,wd0.01",7,"lr=3e-04, wd=0.0",-2.2449,5
[24],10,"lr1e-05,wd0.01",8,"lr=3e-04, wd=0.01",-2.1806,6
[24],10,"lr1e-05,wd0.01",9,"lr=0.001, wd=0.0",-2.1554,7
[24],10,"lr1e-05,wd0.01",11,"lr=0.003, wd=0.0",-1.959,8
[24],10,"lr1e-05,wd0.01",1,"lr=1e-05, wd=0.0",-1.8577,9
[24],10,"lr1e-05,wd0.01",2,"lr=1e-05, wd=0.01",-1.8014,10
[24],10,"lr1e-05,wd0.01",10,"lr=0.001, wd=0.01",-1.7091,11
[24],10,"lr1e-05,wd0.01",12,"lr=0.003, wd=0.01",-1.5169,12
[24],10,"lr3e-05,wd0.0",5,"lr=1e-04, wd=0.0",-2.8175,1
[24],10,"lr3e-05,wd0.0",8,"lr=3e-04, wd=0.01",-2.4562,2
[24],10,"lr3e-05,wd0.0",6,"lr=1e-04, wd=0.01",-2.2957,3
[24],10,"lr3e-05,wd0.0",11,"lr=0.003, wd=0.0",-2.1136,4
[24],10,"lr3e-05,wd0.0",9,"lr=0.001, wd=0.0",-2.109,5
[24],10,"lr3e-05,wd0.0",1,"lr=1e-05, wd=0.0",-1.8747,6
[24],10,"lr3e-05,wd0.0",2,"lr=1e-05, wd=0.01",-1.8332,7
[24],10,"lr3e-05,wd0.0",3,"lr=3e-05, wd=0.0",-1.7964,8
[24],10,"lr3e-05,wd0.0",4,"lr=3e-05, wd=0.01",-1.7894,9
[24],10,"lr3e-05,wd0.0",10,"lr=0.001, wd=0.01",-1.7049,10
[24],10,"lr3e-05,wd0.0",7,"lr=3e-04, wd=0.0",-1.6639,11
[24],10,"lr3e-05,wd0.0",12,"lr=0.003, wd=0.01",-1.3318,12
[24],10,"lr3e-05,wd0.01",5,"lr=1e-04, wd=0.0",-3.6574,1
[24],10,"lr3e-05,wd0.01",7,"lr=3e-04, wd=0.0",-3.3115,2
[24],10,"lr3e-05,wd0.01",6,"lr=1e-04, wd=0.01",-3.1526,3
[24],10,"lr3e-05,wd0.01",8,"lr=3e-04, wd=0.01",-3.1262,4
[24],10,"lr3e-05,wd0.01",9,"lr=0.001, wd=0.0",-2.423,5
[24],10,"lr3e-05,wd0.01",11,"lr=0.003, wd=0.0",-2.3453,6
[24],10,"lr3e-05,wd0.01",1,"lr=1e-05, wd=0.0",-1.9477,7
[24],10,"lr3e-05,wd0.01",2,"lr=1e-05, wd=0.01",-1.9119,8
[24],10,"lr3e-05,wd0.01",10,"lr=0.001, wd=0.01",-1.8854,9
[24],10,"lr3e-05,wd0.01",3,"lr=3e-05, wd=0.0",-1.8769,10
[24],10,"lr3e-05,wd0.01",4,"lr=3e-05, wd=0.01",-1.8588,11
[24],10,"lr3e-05,wd0.01",12,"lr=0.003, wd=0.01",-1.4227,12
[24],10,"lr0.0001,wd0.0",7,"lr=3e-04, wd=0.0",-2.2878,1
[24],10,"lr0.0001,wd0.0",9,"lr=0.001, wd=0.0",-2.1545,2
[24],10,"lr0.0001,wd0.0",5,"lr=1e-04, wd=0.0",-2.0156,3
[24],10,"lr0.0001,wd0.0",11,"lr=0.003, wd=0.0",-1.9587,4
[24],10,"lr0.0001,wd0.0",6,"lr=1e-04, wd=0.01",-1.8575,5
[24],10,"lr0.0001,wd0.0",8,"lr=3e-04, wd=0.01",-1.7409,6
[24],10,"lr0.0001,wd0.0",3,"lr=3e-05, wd=0.0",-1.6437,7
[24],10,"lr0.0001,wd0.0",4,"lr=3e-05, wd=0.01",-1.6129,8
[24],10,"lr0.0001,wd0.0",1,"lr=1e-05, wd=0.0",-1.5004,9
[24],10,"lr0.0001,wd0.0",2,"lr=1e-05, wd=0.01",-1.4725,10
[24],10,"lr0.0001,wd0.0",10,"lr=0.001, wd=0.01",-1.3965,11
[24],10,"lr0.0001,wd0.0",12,"lr=0.003, wd=0.01",-1.2531,12
[24],10,"lr0.0001,wd0.01",7,"lr=3e-04, wd=0.0",-3.3373,1
[24],10,"lr0.0001,wd0.01",11,"lr=0.003, wd=0.0",-2.8951,2
[24],10,"lr0.0001,wd0.01",9,"lr=0.001, wd=0.0",-2.7725,3
[24],10,"lr0.0001,wd0.01",8,"lr=3e-04, wd=0.01",-2.681,4
[24],10,"lr0.0001,wd0.01",5,"lr=1e-04, wd=0.0",-2.3292,5
[24],10,"lr0.0001,wd0.01",6,"lr=1e-04, wd=0.01",-2.1887,6
[24],10,"lr0.0001,wd0.01",10,"lr=0.001, wd=0.01",-1.8827,7
[24],10,"lr0.0001,wd0.01",4,"lr=3e-05, wd=0.01",-1.8705,8
[24],10,"lr0.0001,wd0.01",3,"lr=3e-05, wd=0.0",-1.8257,9
[24],10,"lr0.0001,wd0.01",1,"lr=1e-05, wd=0.0",-1.6939,10
[24],10,"lr0.0001,wd0.01",2,"lr=1e-05, wd=0.01",-1.6744,11
[24],10,"lr0.0001,wd0.01",12,"lr=0.003, wd=0.01",-1.5378,12
[24],10,"lr0.0003,wd0.0",9,"lr=0.001, wd=0.0",-1.782,1
[24],10,"lr0.0003,wd0.0",7,"lr=3e-04, wd=0.0",-1.7609,2
[24],10,"lr0.0003,wd0.0",11,"lr=0.003, wd=0.0",-1.6626,3
[24],10,"lr0.0003,wd0.0",8,"lr=3e-04, wd=0.01",-1.5933,4
[24],10,"lr0.0003,wd0.0",5,"lr=1e-04, wd=0.0",-1.5707,5
[24],10,"lr0.0003,wd0.0",6,"lr=1e-04, wd=0.01",-1.5472,6
[24],10,"lr0.0003,wd0.0",10,"lr=0.001, wd=0.01",-1.3468,7
[24],10,"lr0.0003,wd0.0",3,"lr=3e-05, wd=0.0",-1.3101,8
[24],10,"lr0.0003,wd0.0",4,"lr=3e-05, wd=0.01",-1.3086,9
[24],10,"lr0.0003,wd0.0",12,"lr=0.003, wd=0.01",-1.2224,10
[24],10,"lr0.0003,wd0.0",1,"lr=1e-05, wd=0.0",-1.2147,11
[24],10,"lr0.0003,wd0.0",2,"lr=1e-05, wd=0.01",-1.2007,12
[24],10,"lr0.0003,wd0.01",7,"lr=3e-04, wd=0.0",-3.1555,1
[24],10,"lr0.0003,wd0.01",11,"lr=0.003, wd=0.0",-2.7958,2
[24],10,"lr0.0003,wd0.01",8,"lr=3e-04, wd=0.01",-2.3142,3
[24],10,"lr0.0003,wd0.01",9,"lr=0.001, wd=0.0",-2.2407,4
[24],10,"lr0.0003,wd0.01",10,"lr=0.001, wd=0.01",-2.0066,5
[24],10,"lr0.0003,wd0.01",5,"lr=1e-04, wd=0.0",-1.9658,6
[24],10,"lr0.0003,wd0.01",6,"lr=1e-04, wd=0.01",-1.9227,7
[24],10,"lr0.0003,wd0.01",12,"lr=0.003, wd=0.01",-1.6547,8
[24],10,"lr0.0003,wd0.01",3,"lr=3e-05, wd=0.0",-1.5199,9
[24],10,"lr0.0003,wd0.01",4,"lr=3e-05, wd=0.01",-1.5183,10
[24],10,"lr0.0003,wd0.01",2,"lr=1e-05, wd=0.01",-1.4296,11
[24],10,"lr0.0003,wd0.01",1,"lr=1e-05, wd=0.0",-1.4232,12
[24],10,"lr0.001,wd0.0",9,"lr=0.001, wd=0.0",-1.8048,1
[24],10,"lr0.001,wd0.0",11,"lr=0.003, wd=0.0",-1.7397,2
[24],10,"lr0.001,wd0.0",7,"lr=3e-04, wd=0.0",-1.6866,3
[24],10,"lr0.001,wd0.0",8,"lr=3e-04, wd=0.01",-1.5911,4
[24],10,"lr0.001,wd0.0",5,"lr=1e-04, wd=0.0",-1.5353,5
[24],10,"lr0.001,wd0.0",6,"lr=1e-04, wd=0.01",-1.5298,6
[24],10,"lr0.001,wd0.0",10,"lr=0.001, wd=0.01",-1.4487,7
[24],10,"lr0.001,wd0.0",12,"lr=0.003, wd=0.01",-1.2896,8
[24],10,"lr0.001,wd0.0",3,"lr=3e-05, wd=0.0",-1.2879,9
[24],10,"lr0.001,wd0.0",4,"lr=3e-05, wd=0.01",-1.2857,10
[24],10,"lr0.001,wd0.0",1,"lr=1e-05, wd=0.0",-1.2001,11
[24],10,"lr0.001,wd0.0",2,"lr=1e-05, wd=0.01",-1.1944,12
[24],10,"lr0.001,wd0.01",10,"lr=0.001, wd=0.01",-2.7835,1
[24],10,"lr0.001,wd0.01",7,"lr=3e-04, wd=0.0",-2.7756,2
[24],10,"lr0.001,wd0.01",8,"lr=3e-04, wd=0.01",-2.3878,3
[24],10,"lr0.001,wd0.01",12,"lr=0.003, wd=0.01",-1.9474,4
[24],10,"lr0.001,wd0.01",6,"lr=1e-04, wd=0.01",-1.7761,5
[24],10,"lr0.001,wd0.01",5,"lr=1e-04, wd=0.0",-1.7322,6
[24],10,"lr0.001,wd0.01",3,"lr=3e-05, wd=0.0",-1.5557,7
[24],10,"lr0.001,wd0.01",9,"lr=0.001, wd=0.0",-1.551,8
[24],10,"lr0.001,wd0.01",4,"lr=3e-05, wd=0.01",-1.5335,9
[24],10,"lr0.001,wd0.01",11,"lr=0.003, wd=0.0",-1.4255,10
[24],10,"lr0.001,wd0.01",1,"lr=1e-05, wd=0.0",-1.4102,11
[24],10,"lr0.001,wd0.01",2,"lr=1e-05, wd=0.01",-1.3946,12
[24],10,"lr0.003,wd0.0",9,"lr=0.001, wd=0.0",-2.2257,1
[24],10,"lr0.003,wd0.0",11,"lr=0.003, wd=0.0",-2.1757,2
[24],10,"lr0.003,wd0.0",7,"lr=3e-04, wd=0.0",-2.012,3
[24],10,"lr0.003,wd0.0",8,"lr=3e-04, wd=0.01",-1.8175,4
[24],10,"lr0.003,wd0.0",5,"lr=1e-04, wd=0.0",-1.7309,5
[24],10,"lr0.003,wd0.0",6,"lr=1e-04, wd=0.01",-1.7199,6
[24],10,"lr0.003,wd0.0",10,"lr=0.001, wd=0.01",-1.6064,7
[24],10,"lr0.003,wd0.0",12,"lr=0.003, wd=0.01",-1.393,8
[24],10,"lr0.003,wd0.0",3,"lr=3e-05, wd=0.0",-1.3604,9
[24],10,"lr0.003,wd0.0",4,"lr=3e-05, wd=0.01",-1.3543,10
[24],10,"lr0.003,wd0.0",2,"lr=1e-05, wd=0.01",-1.2991,11
[24],10,"lr0.003,wd0.0",1,"lr=1e-05, wd=0.0",-1.2948,12
[24],10,"lr0.003,wd0.01",7,"lr=3e-04, wd=0.0",-2.4492,1
[24],10,"lr0.003,wd0.01",12,"lr=0.003, wd=0.01",-2.4095,2
[24],10,"lr0.003,wd0.01",10,"lr=0.001, wd=0.01",-2.3421,3
[24],10,"lr0.003,wd0.01",9,"lr=0.001, wd=0.0",-2.0328,4
[24],10,"lr0.003,wd0.01",8,"lr=3e-04, wd=0.01",-2.0097,5
[24],10,"lr0.003,wd0.01",5,"lr=1e-04, wd=0.0",-1.5115,6
[24],10,"lr0.003,wd0.01",11,"lr=0.003, wd=0.0",-1.49,7
[24],10,"lr0.003,wd0.01",6,"lr=1e-04, wd=0.01",-1.4607,8
[24],10,"lr0.003,wd0.01",3,"lr=3e-05, wd=0.0",-1.2708,9
[24],10,"lr0.003,wd0.01",4,"lr=3e-05, wd=0.01",-1.2671,10
[24],10,"lr0.003,wd0.01",2,"lr=1e-05, wd=0.01",-1.2011,11
[24],10,"lr0.003,wd0.01",1,"lr=1e-05, wd=0.0",-1.18,12
[24],20,"lr1e-05,wd0.0",5,"lr=1e-04, wd=0.0",-2.754,1
[24],20,"lr1e-05,wd0.0",7,"lr=3e-04, wd=0.0",-2.7076,2
[24],20,"lr1e-05,wd0.0",3,"lr=3e-05, wd=0.0",-2.6469,3
[24],20,"lr1e-05,wd0.0",6,"lr=1e-04, wd=0.01",-2.5348,4
[24],20,"lr1e-05,wd0.0",4,"lr=3e-05, wd=0.01",-2.4407,5
[24],20,"lr1e-05,wd0.0",8,"lr=3e-04, wd=0.01",-2.3858,6
[24],20,"lr1e-05,wd0.0",9,"lr=0.001, wd=0.0",-1.9608,7
[24],20,"lr1e-05,wd0.0",1,"lr=1e-05, wd=0.0",-1.8753,8
[24],20,"lr1e-05,wd0.0",11,"lr=0.003, wd=0.0",-1.8695,9
[24],20,"lr1e-05,wd0.0",2,"lr=1e-05, wd=0.01",-1.7904,10
[24],20,"lr1e-05,wd0.0",10,"lr=0.001, wd=0.01",-1.7074,11
[24],20,"lr1e-05,wd0.0",12,"lr=0.003, wd=0.01",-1.5861,12
[24],20,"lr1e-05,wd0.01",5,"lr=1e-04, wd=0.0",-3.535,1
[24],20,"lr1e-05,wd0.01",3,"lr=3e-05, wd=0.0",-3.2919,2
[24],20,"lr1e-05,wd0.01",6,"lr=1e-04, wd=0.01",-3.2358,3
[24],20,"lr1e-05,wd0.01",4,"lr=3e-05, wd=0.01",-2.9975,4
[24],20,"lr1e-05,wd0.01",7,"lr=3e-04, wd=0.0",-2.5982,5
[24],20,"lr1e-05,wd0.01",8,"lr=3e-04, wd=0.01",-2.4379,6
[24],20,"lr1e-05,wd0.01",9,"lr=0.001, wd=0.0",-1.9966,7
[24],20,"lr1e-05,wd0.01",1,"lr=1e-05, wd=0.0",-1.9597,8
[24],20,"lr1e-05,wd0.01",2,"lr=1e-05, wd=0.01",-1.8924,9
[24],20,"lr1e-05,wd0.01",11,"lr=0.003, wd=0.0",-1.8807,10
[24],20,"lr1e-05,wd0.01",10,"lr=0.001, wd=0.01",-1.7057,11
[24],20,"lr1e-05,wd0.01",12,"lr=0.003, wd=0.01",-1.5934,12
[24],20,"lr3e-05,wd0.0",5,"lr=1e-04, wd=0.0",-3.1068,1
[24],20,"lr3e-05,wd0.0",7,"lr=3e-04, wd=0.0",-2.8827,2
[24],20,"lr3e-05,wd0.0",6,"lr=1e-04, wd=0.01",-2.2672,3
[24],20,"lr3e-05,wd0.0",9,"lr=0.001, wd=0.0",-2.2444,4
[24],20,"lr3e-05,wd0.0",8,"lr=3e-04, wd=0.01",-2.1589,5
[24],20,"lr3e-05,wd0.0",11,"lr=0.003, wd=0.0",-2.1104,6
[24],20,"lr3e-05,wd0.0",3,"lr=3e-05, wd=0.0",-2.0752,7
[24],20,"lr3e-05,wd0.0",4,"lr=3e-05, wd=0.01",-2.0091,8
[24],20,"lr3e-05,wd0.0",1,"lr=1e-05, wd=0.0",-1.9167,9
[24],20,"lr3e-05,wd0.0",2,"lr=1e-05, wd=0.01",-1.9101,10
[24],20,"lr3e-05,wd0.0",10,"lr=0.001, wd=0.01",-1.6163,11
[24],20,"lr3e-05,wd0.0",12,"lr=0.003, wd=0.01",-1.4042,12
[24],20,"lr3e-05,wd0.01",5,"lr=1e-04, wd=0.0",-3.9012,1
[24],20,"lr3e-05,wd0.01",6,"lr=1e-04, wd=0.01",-3.4911,2
[24],20,"lr3e-05,wd0.01",8,"lr=3e-04, wd=0.01",-3.4817,3
[24],20,"lr3e-05,wd0.01",7,"lr=3e-04, wd=0.0",-3.3763,4
[24],20,"lr3e-05,wd0.01",9,"lr=0.001, wd=0.0",-2.6381,5
[24],20,"lr3e-05,wd0.01",11,"lr=0.003, wd=0.0",-2.5449,6
[24],20,"lr3e-05,wd0.01",4,"lr=3e-05, wd=0.01",-2.2684,7
[24],20,"lr3e-05,wd0.01",3,"lr=3e-05, wd=0.0",-2.2631,8
[24],20,"lr3e-05,wd0.01",1,"lr=1e-05, wd=0.0",-2.1271,9
[24],20,"lr3e-05,wd0.01",2,"lr=1e-05, wd=0.01",-2.0971,10
[24],20,"lr3e-05,wd0.01",10,"lr=0.001, wd=0.01",-2.0318,11
[24],20,"lr3e-05,wd0.01",12,"lr=0.003, wd=0.01",-1.5716,12
[24],20,"lr0.0001,wd0.0",7,"lr=3e-04, wd=0.0",-2.0394,1
[24],20,"lr0.0001,wd0.0",5,"lr=1e-04, wd=0.0",-2.0007,2
[24],20,"lr0.0001,wd0.0",6,"lr=1e-04, wd=0.01",-1.8736,3
[24],20,"lr0.0001,wd0.0",9,"lr=0.001, wd=0.0",-1.8449,4
[24],20,"lr0.0001,wd0.0",3,"lr=3e-05, wd=0.0",-1.7935,5
[24],20,"lr0.0001,wd0.0",11,"lr=0.003, wd=0.0",-1.7848,6
[24],20,"lr0.0001,wd0.0",4,"lr=3e-05, wd=0.01",-1.7709,7
[24],20,"lr0.0001,wd0.0",8,"lr=3e-04, wd=0.01",-1.7505,8
[24],20,"lr0.0001,wd0.0",1,"lr=1e-05, wd=0.0",-1.6804,9
[24],20,"lr0.0001,wd0.0",2,"lr=1e-05, wd=0.01",-1.6569,10
[24],20,"lr0.0001,wd0.0",10,"lr=0.001, wd=0.01",-1.5226,11
[24],20,"lr0.0001,wd0.0",12,"lr=0.003, wd=0.01",-1.4223,12
[24],20,"lr0.0001,wd0.01",7,"lr=3e-04, wd=0.0",-3.5602,1
[24],20,"lr0.0001,wd0.01",9,"lr=0.001, wd=0.0",-2.9199,2
[24],20,"lr0.0001,wd0.01",11,"lr=0.003, wd=0.0",-2.9126,3
[24],20,"lr0.0001,wd0.01",8,"lr=3e-04, wd=0.01",-2.7494,4
[24],20,"lr0.0001,wd0.01",5,"lr=1e-04, wd=0.0",-2.4363,5
[24],20,"lr0.0001,wd0.01",6,"lr=1e-04, wd=0.01",-2.2488,6
[24],20,"lr0.0001,wd0.01",3,"lr=3e-05, wd=0.0",-2.0867,7
[24],20,"lr0.0001,wd0.01",4,"lr=3e-05, wd=0.01",-2.0717,8
[24],20,"lr0.0001,wd0.01",10,"lr=0.001, wd=0.01",-1.9953,9
[24],20,"lr0.0001,wd0.01",1,"lr=1e-05, wd=0.0",-1.9079,10
[24],20,"lr0.0001,wd0.01",2,"lr=1e-05, wd=0.01",-1.8891,11
[24],20,"lr0.0001,wd0.01",12,"lr=0.003, wd=0.01",-1.6625,12
[24],20,"lr0.0003,wd0.0",9,"lr=0.001, wd=0.0",-1.7972,1
[24],20,"lr0.0003,wd0.0",11,"lr=0.003, wd=0.0",-1.7591,2
[24],20,"lr0.0003,wd0.0",7,"lr=3e-04, wd=0.0",-1.7437,3
[24],20,"lr0.0003,wd0.0",8,"lr=3e-04, wd=0.01",-1.6665,4
[24],20,"lr0.0003,wd0.0",5,"lr=1e-04, wd=0.0",-1.647,5
[24],20,"lr0.0003,wd0.0",6,"lr=1e-04, wd=0.01",-1.6299,6
[24],20,"lr0.0003,wd0.0",10,"lr=0.001, wd=0.01",-1.5949,7
[24],20,"lr0.0003,wd0.0",4,"lr=3e-05, wd=0.01",-1.5283,8
[24],20,"lr0.0003,wd0.0",3,"lr=3e-05, wd=0.0",-1.5241,9
[24],20,"lr0.0003,wd0.0",12,"lr=0.003, wd=0.01",-1.4926,10
[24],20,"lr0.0003,wd0.0",1,"lr=1e-05, wd=0.0",-1.4679,11
[24],20,"lr0.0003,wd0.0",2,"lr=1e-05, wd=0.01",-1.4544,12
[24],20,"lr0.0003,wd0.01",7,"lr=3e-04, wd=0.0",-3.0763,1
[24],20,"lr0.0003,wd0.01",11,"lr=0.003, wd=0.0",-2.9943,2
[24],20,"lr0.0003,wd0.01",8,"lr=3e-04, wd=0.01",-2.4654,3
[24],20,"lr0.0003,wd0.01",9,"lr=0.001, wd=0.0",-2.3088,4
[24],20,"lr0.0003,wd0.01",10,"lr=0.001, wd=0.01",-2.2226,5
[24],20,"lr0.0003,wd0.01",5,"lr=1e-04, wd=0.0",-2.1757,6
[24],20,"lr0.0003,wd0.01",6,"lr=1e-04, wd=0.01",-2.105,7
[24],20,"lr0.0003,wd0.01",12,"lr=0.003, wd=0.01",-1.7648,8
[24],20,"lr0.0003,wd0.01",3,"lr=3e-05, wd=0.0",-1.6501,9
[24],20,"lr0.0003,wd0.01",4,"lr=3e-05, wd=0.01",-1.5888,10
[24],20,"lr0.0003,wd0.01",2,"lr=1e-05, wd=0.01",-1.4428,11
[24],20,"lr0.0003,wd0.01",1,"lr=1e-05, wd=0.0",-1.4318,12
[24],20,"lr0.001,wd0.0",9,"lr=0.001, wd=0.0",-1.7925,1
[24],20,"lr0.001,wd0.0",11,"lr=0.003, wd=0.0",-1.7417,2
[24],20,"lr0.001,wd0.0",7,"lr=3e-04, wd=0.0",-1.6981,3
[24],20,"lr0.001,wd0.0",8,"lr=3e-04, wd=0.01",-1.6417,4
[24],20,"lr0.001,wd0.0",10,"lr=0.001, wd=0.01",-1.6062,5
[24],20,"lr0.001,wd0.0",5,"lr=1e-04, wd=0.0",-1.6054,6
[24],20,"lr0.001,wd0.0",6,"lr=1e-04, wd=0.01",-1.5918,7
[24],20,"lr0.001,wd0.0",12,"lr=0.003, wd=0.01",-1.5469,8
[24],20,"lr0.001,wd0.0",4,"lr=3e-05, wd=0.01",-1.4988,9
[24],20,"lr0.001,wd0.0",3,"lr=3e-05, wd=0.0",-1.4968,10
[24],20,"lr0.001,wd0.0",1,"lr=1e-05, wd=0.0",-1.4526,11
[24],20,"lr0.001,wd0.0",2,"lr=1e-05, wd=0.01",-1.4474,12
[24],20,"lr0.001,wd0.01",10,"lr=0.001, wd=0.01",-3.0427,1
[24],20,"lr0.001,wd0.01",8,"lr=3e-04, wd=0.01",-2.8673,2
[24],20,"lr0.001,wd0.01",7,"lr=3e-04, wd=0.0",-2.079,3
[24],20,"lr0.001,wd0.01",12,"lr=0.003, wd=0.01",-2.0624,4
[24],20,"lr0.001,wd0.01",5,"lr=1e-04, wd=0.0",-1.9724,5
[24],20,"lr0.001,wd0.01",6,"lr=1e-04, wd=0.01",-1.9198,6
[24],20,"lr0.001,wd0.01",3,"lr=3e-05, wd=0.0",-1.5139,7
[24],20,"lr0.001,wd0.01",4,"lr=3e-05, wd=0.01",-1.4728,8
[24],20,"lr0.001,wd0.01",2,"lr=1e-05, wd=0.01",-1.381,9
[24],20,"lr0.001,wd0.01",1,"lr=1e-05, wd=0.0",-1.3692,10
[24],20,"lr0.001,wd0.01",11,"lr=0.003, wd=0.0",-0.9174,11
[24],20,"lr0.001,wd0.01",9,"lr=0.001, wd=0.0",-0.5953,12
[24],20,"lr0.003,wd0.0",9,"lr=0.001, wd=0.0",-2.1222,1
[24],20,"lr0.003,wd0.0",11,"lr=0.003, wd=0.0",-2.0614,2
[24],20,"lr0.003,wd0.0",7,"lr=3e-04, wd=0.0",-1.9902,3
[24],20,"lr0.003,wd0.0",8,"lr=3e-04, wd=0.01",-1.8267,4
[24],20,"lr0.003,wd0.0",5,"lr=1e-04, wd=0.0",-1.7788,5
[24],20,"lr0.003,wd0.0",10,"lr=0.001, wd=0.01",-1.744,6
[24],20,"lr0.003,wd0.0",6,"lr=1e-04, wd=0.01",-1.7347,7
[24],20,"lr0.003,wd0.0",12,"lr=0.003, wd=0.01",-1.5978,8
[24],20,"lr0.003,wd0.0",3,"lr=3e-05, wd=0.0",-1.5741,9
[24],20,"lr0.003,wd0.0",4,"lr=3e-05, wd=0.01",-1.5533,10
[24],20,"lr0.003,wd0.0",2,"lr=1e-05, wd=0.01",-1.4539,11
[24],20,"lr0.003,wd0.0",1,"lr=1e-05, wd=0.0",-1.453,12
[24],20,"lr0.003,wd0.01",12,"lr=0.003, wd=0.01",-2.717,1
[24],20,"lr0.003,wd0.01",6,"lr=1e-04, wd=0.01",-1.8939,2
[24],20,"lr0.003,wd0.01",7,"lr=3e-04, wd=0.0",-1.8781,3
[24],20,"lr0.003,wd0.01",5,"lr=1e-04, wd=0.0",-1.7863,4
[24],20,"lr0.003,wd0.01",3,"lr=3e-05, wd=0.0",-1.7737,5
[24],20,"lr0.003,wd0.01",4,"lr=3e-05, wd=0.01",-1.722,6
[24],20,"lr0.003,wd0.01",1,"lr=1e-05, wd=0.0",-1.552,7
[24],20,"lr0.003,wd0.01",2,"lr=1e-05, wd=0.01",-1.5484,8
[24],20,"lr0.003,wd0.01",10,"lr=0.001, wd=0.01",-0.5329,9
[24],20,"lr0.003,wd0.01",9,"lr=0.001, wd=0.0",-0.3421,10
[24],20,"lr0.003,wd0.01",8,"lr=3e-04, wd=0.01",0.303,11
[24],20,"lr0.003,wd0.01",11,"lr=0.003, wd=0.0",0.746,12
[24],50,"lr1e-05,wd0.0",5,"lr=1e-04, wd=0.0",-4.0335,1
[24],50,"lr1e-05,wd0.0",6,"lr=1e-04, wd=0.01",-3.9396,2
[24],50,"lr1e-05,wd0.0",3,"lr=3e-05, wd=0.0",-3.8867,3
[24],50,"lr1e-05,wd0.0",4,"lr=3e-05, wd=0.01",-3.8532,4
[24],50,"lr1e-05,wd0.0",7,"lr=3e-04, wd=0.0",-3.8282,5
[24],50,"lr1e-05,wd0.0",8,"lr=3e-04, wd=0.01",-3.7984,6
[24],50,"lr1e-05,wd0.0",11,"lr=0.003, wd=0.0",-3.5683,7
[24],50,"lr1e-05,wd0.0",10,"lr=0.001, wd=0.01",-3.5287,8
[24],50,"lr1e-05,wd0.0",9,"lr=0.001, wd=0.0",-3.5087,9
[24],50,"lr1e-05,wd0.0",12,"lr=0.003, wd=0.01",-2.9352,10
[24],50,"lr1e-05,wd0.0",1,"lr=1e-05, wd=0.0",-2.4508,11
[24],50,"lr1e-05,wd0.0",2,"lr=1e-05, wd=0.01",-2.3826,12
[24],50,"lr1e-05,wd0.01",5,"lr=1e-04, wd=0.0",-4.1637,1
[24],50,"lr1e-05,wd0.01",6,"lr=1e-04, wd=0.01",-4.1445,2
[24],50,"lr1e-05,wd0.01",3,"lr=3e-05, wd=0.0",-4.0393,3
[24],50,"lr1e-05,wd0.01",4,"lr=3e-05, wd=0.01",-4.0289,4
[24],50,"lr1e-05,wd0.01",7,"lr=3e-04, wd=0.0",-3.9608,5
[24],50,"lr1e-05,wd0.01",8,"lr=3e-04, wd=0.01",-3.9297,6
[24],50,"lr1e-05,wd0.01",11,"lr=0.003, wd=0.0",-3.7224,7
[24],50,"lr1e-05,wd0.01",9,"lr=0.001, wd=0.0",-3.6926,8
[24],50,"lr1e-05,wd0.01",10,"lr=0.001, wd=0.01",-3.6493,9
[24],50,"lr1e-05,wd0.01",12,"lr=0.003, wd=0.01",-2.5967,10
[24],50,"lr1e-05,wd0.01",1,"lr=1e-05, wd=0.0",-2.5192,11
[24],50,"lr1e-05,wd0.01",2,"lr=1e-05, wd=0.01",-2.4497,12
[24],50,"lr3e-05,wd0.0",5,"lr=1e-04, wd=0.0",-3.8119,1
[24],50,"lr3e-05,wd0.0",6,"lr=1e-04, wd=0.01",-3.5399,2
[24],50,"lr3e-05,wd0.0",7,"lr=3e-04, wd=0.0",-3.5192,3
[24],50,"lr3e-05,wd0.0",8,"lr=3e-04, wd=0.01",-3.3766,4
[24],50,"lr3e-05,wd0.0",11,"lr=0.003, wd=0.0",-3.3618,5
[24],50,"lr3e-05,wd0.0",3,"lr=3e-05, wd=0.0",-3.3042,6
[24],50,"lr3e-05,wd0.0",10,"lr=0.001, wd=0.01",-3.0661,7
[24],50,"lr3e-05,wd0.0",9,"lr=0.001, wd=0.0",-3.0465,8
[24],50,"lr3e-05,wd0.0",4,"lr=3e-05, wd=0.01",-2.6515,9
[24],50,"lr3e-05,wd0.0",12,"lr=0.003, wd=0.01",-2.5156,10
[24],50,"lr3e-05,wd0.0",1,"lr=1e-05, wd=0.0",-2.2909,11
[24],50,"lr3e-05,wd0.0",2,"lr=1e-05, wd=0.01",-2.2812,12
[24],50,"lr3e-05,wd0.01",5,"lr=1e-04, wd=0.0",-4.1202,1
[24],50,"lr3e-05,wd0.01",7,"lr=3e-04, wd=0.0",-4.0799,2
[24],50,"lr3e-05,wd0.01",6,"lr=1e-04, wd=0.01",-4.0527,3
[24],50,"lr3e-05,wd0.01",8,"lr=3e-04, wd=0.01",-4.0319,4
[24],50,"lr3e-05,wd0.01",11,"lr=0.003, wd=0.0",-3.906,5
[24],50,"lr3e-05,wd0.01",3,"lr=3e-05, wd=0.0",-3.8191,6
[24],50,"lr3e-05,wd0.01",9,"lr=0.001, wd=0.0",-3.8069,7
[24],50,"lr3e-05,wd0.01",4,"lr=3e-05, wd=0.01",-3.8044,8
[24],50,"lr3e-05,wd0.01",10,"lr=0.001, wd=0.01",-3.6043,9
[24],50,"lr3e-05,wd0.01",1,"lr=1e-05, wd=0.0",-2.7585,10
[24],50,"lr3e-05,wd0.01",2,"lr=1e-05, wd=0.01",-2.6121,11
[24],50,"lr3e-05,wd0.01",12,"lr=0.003, wd=0.01",-2.5105,12
[24],50,"lr0.0001,wd0.0",7,"lr=3e-04, wd=0.0",-2.4642,1
[24],50,"lr0.0001,wd0.0",11,"lr=0.003, wd=0.0",-2.3443,2
[24],50,"lr0.0001,wd0.0",9,"lr=0.001, wd=0.0",-2.315,3
[24],50,"lr0.0001,wd0.0",8,"lr=3e-04, wd=0.01",-2.3037,4
[24],50,"lr0.0001,wd0.0",5,"lr=1e-04, wd=0.0",-2.2492,5
[24],50,"lr0.0001,wd0.0",6,"lr=1e-04, wd=0.01",-2.2424,6
[24],50,"lr0.0001,wd0.0",10,"lr=0.001, wd=0.01",-2.2085,7
[24],50,"lr0.0001,wd0.0",4,"lr=3e-05, wd=0.01",-2.1586,8
[24],50,"lr0.0001,wd0.0",3,"lr=3e-05, wd=0.0",-2.1497,9
[24],50,"lr0.0001,wd0.0",12,"lr=0.003, wd=0.01",-2.1489,10
[24],50,"lr0.0001,wd0.0",1,"lr=1e-05, wd=0.0",-2.0833,11
[24],50,"lr0.0001,wd0.0",2,"lr=1e-05, wd=0.01",-2.0587,12
[24],50,"lr0.0001,wd0.01",5,"lr=1e-04, wd=0.0",-4.022,1
[24],50,"lr0.0001,wd0.01",6,"lr=1e-04, wd=0.01",-4.0077,2
[24],50,"lr0.0001,wd0.01",8,"lr=3e-04, wd=0.01",-3.9988,3
[24],50,"lr0.0001,wd0.01",4,"lr=3e-05, wd=0.01",-3.9141,4
[24],50,"lr0.0001,wd0.01",7,"lr=3e-04, wd=0.0",-3.913,5
[24],50,"lr0.0001,wd0.01",3,"lr=3e-05, wd=0.0",-3.9031,6
[24],50,"lr0.0001,wd0.01",11,"lr=0.003, wd=0.0",-3.8827,7
[24],50,"lr0.0001,wd0.01",10,"lr=0.001, wd=0.01",-3.8094,8
[24],50,"lr0.0001,wd0.01",1,"lr=1e-05, wd=0.0",-3.7991,9
[24],50,"lr0.0001,wd0.01",2,"lr=1e-05, wd=0.01",-3.7787,10
[24],50,"lr0.0001,wd0.01",9,"lr=0.001, wd=0.0",-3.6767,11
[24],50,"lr0.0001,wd0.01",12,"lr=0.003, wd=0.01",-3.0833,12
[24],50,"lr0.0003,wd0.0",9,"lr=0.001, wd=0.0",-2.0278,1
[24],50,"lr0.0003,wd0.0",12,"lr=0.003, wd=0.01",-2.0024,2
[24],50,"lr0.0003,wd0.0",11,"lr=0.003, wd=0.0",-1.9966,3
[24],50,"lr0.0003,wd0.0",7,"lr=3e-04, wd=0.0",-1.9654,4
[24],50,"lr0.0003,wd0.0",10,"lr=0.001, wd=0.01",-1.9536,5
[24],50,"lr0.0003,wd0.0",8,"lr=3e-04, wd=0.01",-1.9335,6
[24],50,"lr0.0003,wd0.0",5,"lr=1e-04, wd=0.0",-1.8755,7
[24],50,"lr0.0003,wd0.0",6,"lr=1e-04, wd=0.01",-1.8588,8
[24],50,"lr0.0003,wd0.0",1,"lr=1e-05, wd=0.0",-1.7866,9
[24],50,"lr0.0003,wd0.0",2,"lr=1e-05, wd=0.01",-1.7821,10
[24],50,"lr0.0003,wd0.0",4,"lr=3e-05, wd=0.01",-1.7624,11
[24],50,"lr0.0003,wd0.0",3,"lr=3e-05, wd=0.0",-1.7561,12
[24],50,"lr0.0003,wd0.01",5,"lr=1e-04, wd=0.0",-3.9349,1
[24],50,"lr0.0003,wd0.01",6,"lr=1e-04, wd=0.01",-3.8946,2
[24],50,"lr0.0003,wd0.01",8,"lr=3e-04, wd=0.01",-3.8926,3
[24],50,"lr0.0003,wd0.01",10,"lr=0.001, wd=0.01",-3.8348,4
[24],50,"lr0.0003,wd0.01",3,"lr=3e-05, wd=0.0",-3.7806,5
[24],50,"lr0.0003,wd0.01",4,"lr=3e-05, wd=0.01",-3.7413,6
[24],50,"lr0.0003,wd0.01",11,"lr=0.003, wd=0.0",-3.663,7
[24],50,"lr0.0003,wd0.01",7,"lr=3e-04, wd=0.0",-3.643,8
[24],50,"lr0.0003,wd0.01",12,"lr=0.003, wd=0.01",-3.5282,9
[24],50,"lr0.0003,wd0.01",9,"lr=0.001, wd=0.0",-3.4299,10
[24],50,"lr0.0003,wd0.01",1,"lr=1e-05, wd=0.0",-3.3459,11
[24],50,"lr0.0003,wd0.01",2,"lr=1e-05, wd=0.01",-2.9819,12
[24],50,"lr0.001,wd0.0",9,"lr=0.001, wd=0.0",-2.0098,1
[24],50,"lr0.001,wd0.0",12,"lr=0.003, wd=0.01",-2.002,2
[24],50,"lr0.001,wd0.0",11,"lr=0.003, wd=0.0",-1.9728,3
[24],50,"lr0.001,wd0.0",10,"lr=0.001, wd=0.01",-1.9251,4
[24],50,"lr0.001,wd0.0",7,"lr=3e-04, wd=0.0",-1.8612,5
[24],50,"lr0.001,wd0.0",8,"lr=3e-04, wd=0.01",-1.8199,6
[24],50,"lr0.001,wd0.0",2,"lr=1e-05, wd=0.01",-1.713,7
[24],50,"lr0.001,wd0.0",1,"lr=1e-05, wd=0.0",-1.7093,8
[24],50,"lr0.001,wd0.0",3,"lr=3e-05, wd=0.0",-1.7086,9
[24],50,"lr0.001,wd0.0",6,"lr=1e-04, wd=0.01",-1.7082,10
[24],50,"lr0.001,wd0.0",4,"lr=3e-05, wd=0.01",-1.7077,11
[24],50,"lr0.001,wd0.0",5,"lr=1e-04, wd=0.0",-1.6984,12
[24],50,"lr0.001,wd0.01",12,"lr=0.003, wd=0.01",-3.0839,1
[24],50,"lr0.001,wd0.01",3,"lr=3e-05, wd=0.0",-2.3809,2
[24],50,"lr0.001,wd0.01",4,"lr=3e-05, wd=0.01",-2.3808,3
[24],50,"lr0.001,wd0.01",10,"lr=0.001, wd=0.01",-2.2734,4
[24],50,"lr0.001,wd0.01",1,"lr=1e-05, wd=0.0",-2.2316,5
[24],50,"lr0.001,wd0.01",2,"lr=1e-05, wd=0.01",-2.2037,6
[24],50,"lr0.001,wd0.01",6,"lr=1e-04, wd=0.01",-2.1667,7
[24],50,"lr0.001,wd0.01",5,"lr=1e-04, wd=0.0",-1.9003,8
[24],50,"lr0.001,wd0.01",8,"lr=3e-04, wd=0.01",-0.7829,9
[24],50,"lr0.001,wd0.01",7,"lr=3e-04, wd=0.0",0.3399,10
[24],50,"lr0.001,wd0.01",9,"lr=0.001, wd=0.0",0.7467,11
[24],50,"lr0.001,wd0.01",11,"lr=0.003, wd=0.0",0.7768,12
[24],50,"lr0.003,wd0.0",7,"lr=3e-04, wd=0.0",-2.3659,1
[24],50,"lr0.003,wd0.0",8,"lr=3e-04, wd=0.01",-2.2825,2
[24],50,"lr0.003,wd0.0",6,"lr=1e-04, wd=0.01",-2.2646,3
[24],50,"lr0.003,wd0.0",4,"lr=3e-05, wd=0.01",-2.2638,4
[24],50,"lr0.003,wd0.0",1,"lr=1e-05, wd=0.0",-2.2611,5
[24],50,"lr0.003,wd0.0",2,"lr=1e-05, wd=0.01",-2.2572,6
[24],50,"lr0.003,wd0.0",5,"lr=1e-04, wd=0.0",-2.238,7
[24],50,"lr0.003,wd0.0",3,"lr=3e-05, wd=0.0",-2.2282,8
[24],50,"lr0.003,wd0.0",10,"lr=0.001, wd=0.01",-2.2226,9
[24],50,"lr0.003,wd0.0",12,"lr=0.003, wd=0.01",-2.1949,10
[24],50,"lr0.003,wd0.0",9,"lr=0.001, wd=0.0",-1.8835,11
[24],50,"lr0.003,wd0.0",11,"lr=0.003, wd=0.0",-1.7437,12
[24],50,"lr0.003,wd0.01",4,"lr=3e-05, wd=0.01",-2.1706,1
[24],50,"lr0.003,wd0.01",3,"lr=3e-05, wd=0.0",-2.1671,2
[24],50,"lr0.003,wd0.01",1,"lr=1e-05, wd=0.0",-2.0944,3
[24],50,"lr0.003,wd0.01",2,"lr=1e-05, wd=0.01",-2.0742,4
[24],50,"lr0.003,wd0.01",12,"lr=0.003, wd=0.01",-1.5857,5
[24],50,"lr0.003,wd0.01",5,"lr=1e-04, wd=0.0",1.4189,6
[24],50,"lr0.003,wd0.01",6,"lr=1e-04, wd=0.01",1.7471,7
[24],50,"lr0.003,wd0.01",10,"lr=0.001, wd=0.01",1.827,8
[24],50,"lr0.003,wd0.01",9,"lr=0.001, wd=0.0",2.8321,9
[24],50,"lr0.003,wd0.01",7,"lr=3e-04, wd=0.0",3.3063,10
[24],50,"lr0.003,wd0.01",11,"lr=0.003, wd=0.0",4.012,11
[24],50,"lr0.003,wd0.01",8,"lr=3e-04, wd=0.01",4.5971,12
[24],90,"lr1e-05,wd0.0",5,"lr=1e-04, wd=0.0",-4.1697,1
[24],90,"lr1e-05,wd0.0",3,"lr=3e-05, wd=0.0",-4.1476,2
[24],90,"lr1e-05,wd0.0",6,"lr=1e-04, wd=0.01",-4.1293,3
[24],90,"lr1e-05,wd0.0",4,"lr=3e-05, wd=0.01",-4.1103,4
[24],90,"lr1e-05,wd0.0",7,"lr=3e-04, wd=0.0",-4.0506,5
[24],90,"lr1e-05,wd0.0",8,"lr=3e-04, wd=0.01",-4.0217,6
[24],90,"lr1e-05,wd0.0",11,"lr=0.003, wd=0.0",-3.9907,7
[24],90,"lr1e-05,wd0.0",9,"lr=0.001, wd=0.0",-3.9801,8
[24],90,"lr1e-05,wd0.0",1,"lr=1e-05, wd=0.0",-3.9572,9
[24],90,"lr1e-05,wd0.0",10,"lr=0.001, wd=0.01",-3.9489,10
[24],90,"lr1e-05,wd0.0",12,"lr=0.003, wd=0.01",-3.9406,11
[24],90,"lr1e-05,wd0.0",2,"lr=1e-05, wd=0.01",-3.9405,12
[24],90,"lr1e-05,wd0.01",5,"lr=1e-04, wd=0.0",-4.2163,1
[24],90,"lr1e-05,wd0.01",6,"lr=1e-04, wd=0.01",-4.2155,2
[24],90,"lr1e-05,wd0.01",4,"lr=3e-05, wd=0.01",-4.2015,3
[24],90,"lr1e-05,wd0.01",3,"lr=3e-05, wd=0.0",-4.1955,4
[24],90,"lr1e-05,wd0.01",7,"lr=3e-04, wd=0.0",-4.1796,5
[24],90,"lr1e-05,wd0.01",8,"lr=3e-04, wd=0.01",-4.1715,6
[24],90,"lr1e-05,wd0.01",11,"lr=0.003, wd=0.0",-4.1329,7
[24],90,"lr1e-05,wd0.01",9,"lr=0.001, wd=0.0",-4.1256,8
[24],90,"lr1e-05,wd0.01",1,"lr=1e-05, wd=0.0",-4.1105,9
[24],90,"lr1e-05,wd0.01",10,"lr=0.001, wd=0.01",-4.108,10
[24],90,"lr1e-05,wd0.01",2,"lr=1e-05, wd=0.01",-4.0978,11
[24],90,"lr1e-05,wd0.01",12,"lr=0.003, wd=0.01",-4.0768,12
[24],90,"lr3e-05,wd0.0",5,"lr=1e-04, wd=0.0",-4.1426,1
[24],90,"lr3e-05,wd0.0",7,"lr=3e-04, wd=0.0",-4.1191,2
[24],90,"lr3e-05,wd0.0",6,"lr=1e-04, wd=0.01",-4.1048,3
[24],90,"lr3e-05,wd0.0",11,"lr=0.003, wd=0.0",-4.1027,4
[24],90,"lr3e-05,wd0.0",8,"lr=3e-04, wd=0.01",-4.1021,5
[24],90,"lr3e-05,wd0.0",9,"lr=0.001, wd=0.0",-4.0647,6
[24],90,"lr3e-05,wd0.0",10,"lr=0.001, wd=0.01",-4.0519,7
[24],90,"lr3e-05,wd0.0",12,"lr=0.003, wd=0.01",-4.016,8
[24],90,"lr3e-05,wd0.0",3,"lr=3e-05, wd=0.0",-4.0018,9
[24],90,"lr3e-05,wd0.0",4,"lr=3e-05, wd=0.01",-3.996,10
[24],90,"lr3e-05,wd0.0",1,"lr=1e-05, wd=0.0",-3.9658,11
[24],90,"lr3e-05,wd0.0",2,"lr=1e-05, wd=0.01",-3.9592,12
[24],90,"lr3e-05,wd0.01",7,"lr=3e-04, wd=0.0",-4.1899,1
[24],90,"lr3e-05,wd0.01",6,"lr=1e-04, wd=0.01",-4.1846,2
[24],90,"lr3e-05,wd0.01",8,"lr=3e-04, wd=0.01",-4.184,3
[24],90,"lr3e-05,wd0.01",5,"lr=1e-04, wd=0.0",-4.1776,4
[24],90,"lr3e-05,wd0.01",11,"lr=0.003, wd=0.0",-4.1735,5
[24],90,"lr3e-05,wd0.01",9,"lr=0.001, wd=0.0",-4.149,6
[24],90,"lr3e-05,wd0.01",10,"lr=0.001, wd=0.01",-4.1149,7
[24],90,"lr3e-05,wd0.01",4,"lr=3e-05, wd=0.01",-4.1094,8
[24],90,"lr3e-05,wd0.01",3,"lr=3e-05, wd=0.0",-4.1076,9
[24],90,"lr3e-05,wd0.01",2,"lr=1e-05, wd=0.01",-4.1027,10
[24],90,"lr3e-05,wd0.01",1,"lr=1e-05, wd=0.0",-4.1017,11
[24],90,"lr3e-05,wd0.01",12,"lr=0.003, wd=0.01",-4.0706,12
[24],90,"lr0.0001,wd0.0",9,"lr=0.001, wd=0.0",-2.9696,1
[24],90,"lr0.0001,wd0.0",7,"lr=3e-04, wd=0.0",-2.4616,2
[24],90,"lr0.0001,wd0.0",11,"lr=0.003, wd=0.0",-2.4514,3
[24],90,"lr0.0001,wd0.0",1,"lr=1e-05, wd=0.0",-2.4382,4
[24],90,"lr0.0001,wd0.0",2,"lr=1e-05, wd=0.01",-2.4163,5
[24],90,"lr0.0001,wd0.0",12,"lr=0.003, wd=0.01",-2.4072,6
[24],90,"lr0.0001,wd0.0",3,"lr=3e-05, wd=0.0",-2.3983,7
[24],90,"lr0.0001,wd0.0",4,"lr=3e-05, wd=0.01",-2.3962,8
[24],90,"lr0.0001,wd0.0",8,"lr=3e-04, wd=0.01",-2.3591,9
[24],90,"lr0.0001,wd0.0",10,"lr=0.001, wd=0.01",-2.3422,10
[24],90,"lr0.0001,wd0.0",6,"lr=1e-04, wd=0.01",-2.3365,11
[24],90,"lr0.0001,wd0.0",5,"lr=1e-04, wd=0.0",-2.3327,12
[24],90,"lr0.0001,wd0.01",8,"lr=3e-04, wd=0.01",-4.1893,1
[24],90,"lr0.0001,wd0.01",5,"lr=1e-04, wd=0.0",-4.1749,2
[24],90,"lr0.0001,wd0.01",7,"lr=3e-04, wd=0.0",-4.1705,3
[24],90,"lr0.0001,wd0.01",10,"lr=0.001, wd=0.01",-4.1653,4
[24],90,"lr0.0001,wd0.01",6,"lr=1e-04, wd=0.01",-4.1626,5
[24],90,"lr0.0001,wd0.01",11,"lr=0.003, wd=0.0",-4.1516,6
[24],90,"lr0.0001,wd0.01",3,"lr=3e-05, wd=0.0",-4.134,7
[24],90,"lr0.0001,wd0.01",4,"lr=3e-05, wd=0.01",-4.133,8
[24],90,"lr0.0001,wd0.01",2,"lr=1e-05, wd=0.01",-4.1321,9
[24],90,"lr0.0001,wd0.01",12,"lr=0.003, wd=0.01",-4.1316,10
[24],90,"lr0.0001,wd0.01",1,"lr=1e-05, wd=0.0",-4.1282,11
[24],90,"lr0.0001,wd0.01",9,"lr=0.001, wd=0.0",-4.1078,12
[24],90,"lr0.0003,wd0.0",3,"lr=3e-05, wd=0.0",-2.505,1
[24],90,"lr0.0003,wd0.0",1,"lr=1e-05, wd=0.0",-2.5014,2
[24],90,"lr0.0003,wd0.0",4,"lr=3e-05, wd=0.01",-2.4986,3
[24],90,"lr0.0003,wd0.0",9,"lr=0.001, wd=0.0",-2.4954,4
[24],90,"lr0.0003,wd0.0",2,"lr=1e-05, wd=0.01",-2.4854,5
[24],90,"lr0.0003,wd0.0",12,"lr=0.003, wd=0.01",-2.4799,6
[24],90,"lr0.0003,wd0.0",11,"lr=0.003, wd=0.0",-2.4499,7
[24],90,"lr0.0003,wd0.0",5,"lr=1e-04, wd=0.0",-2.4408,8
[24],90,"lr0.0003,wd0.0",6,"lr=1e-04, wd=0.01",-2.4322,9
[24],90,"lr0.0003,wd0.0",7,"lr=3e-04, wd=0.0",-2.4119,10
[24],90,"lr0.0003,wd0.0",10,"lr=0.001, wd=0.01",-2.3826,11
[24],90,"lr0.0003,wd0.0",8,"lr=3e-04, wd=0.01",-2.3765,12
[24],90,"lr0.0003,wd0.01",1,"lr=1e-05, wd=0.0",-4.145,1
[24],90,"lr0.0003,wd0.01",4,"lr=3e-05, wd=0.01",-4.1427,2
[24],90,"lr0.0003,wd0.01",12,"lr=0.003, wd=0.01",-4.1411,3
[24],90,"lr0.0003,wd0.01",2,"lr=1e-05, wd=0.01",-4.1392,4
[24],90,"lr0.0003,wd0.01",6,"lr=1e-04, wd=0.01",-4.1305,5
[24],90,"lr0.0003,wd0.01",3,"lr=3e-05, wd=0.0",-4.1269,6
[24],90,"lr0.0003,wd0.01",10,"lr=0.001, wd=0.01",-4.1211,7
[24],90,"lr0.0003,wd0.01",8,"lr=3e-04, wd=0.01",-4.1031,8
[24],90,"lr0.0003,wd0.01",5,"lr=1e-04, wd=0.0",-4.0915,9
[24],90,"lr0.0003,wd0.01",7,"lr=3e-04, wd=0.0",-3.9461,10
[24],90,"lr0.0003,wd0.01",11,"lr=0.003, wd=0.0",-3.9331,11
[24],90,"lr0.0003,wd0.01",9,"lr=0.001, wd=0.0",-3.8744,12
[24],90,"lr0.001,wd0.0",9,"lr=0.001, wd=0.0",-2.5152,1
[24],90,"lr0.001,wd0.0",12,"lr=0.003, wd=0.01",-2.5021,2
[24],90,"lr0.001,wd0.0",11,"lr=0.003, wd=0.0",-2.481,3
[24],90,"lr0.001,wd0.0",1,"lr=1e-05, wd=0.0",-2.4723,4
[24],90,"lr0.001,wd0.0",3,"lr=3e-05, wd=0.0",-2.4648,5
[24],90,"lr0.001,wd0.0",2,"lr=1e-05, wd=0.01",-2.461,6
[24],90,"lr0.001,wd0.0",4,"lr=3e-05, wd=0.01",-2.4603,7
[24],90,"lr0.001,wd0.0",5,"lr=1e-04, wd=0.0",-2.4341,8
[24],90,"lr0.001,wd0.0",6,"lr=1e-04, wd=0.01",-2.4269,9
[24],90,"lr0.001,wd0.0",7,"lr=3e-04, wd=0.0",-2.425,10
[24],90,"lr0.001,wd0.0",10,"lr=0.001, wd=0.01",-2.4112,11
[24],90,"lr0.001,wd0.0",8,"lr=3e-04, wd=0.01",-2.3972,12
[24],90,"lr0.001,wd0.01",3,"lr=3e-05, wd=0.0",-3.8667,1
[24],90,"lr0.001,wd0.01",12,"lr=0.003, wd=0.01",-3.8667,2
[24],90,"lr0.001,wd0.01",10,"lr=0.001, wd=0.01",-3.8635,3
[24],90,"lr0.001,wd0.01",4,"lr=3e-05, wd=0.01",-3.8509,4
[24],90,"lr0.001,wd0.01",6,"lr=1e-04, wd=0.01",-3.8347,5
[24],90,"lr0.001,wd0.01",1,"lr=1e-05, wd=0.0",-3.7529,6
[24],90,"lr0.001,wd0.01",5,"lr=1e-04, wd=0.0",-3.7111,7
[24],90,"lr0.001,wd0.01",2,"lr=1e-05, wd=0.01",-3.7094,8
[24],90,"lr0.001,wd0.01",8,"lr=3e-04, wd=0.01",-3.7081,9
[24],90,"lr0.001,wd0.01",11,"lr=0.003, wd=0.0",-3.7031,10
[24],90,"lr0.001,wd0.01",9,"lr=0.001, wd=0.0",-3.6247,11
[24],90,"lr0.001,wd0.01",7,"lr=3e-04, wd=0.0",-3.4748,12
[24],90,"lr0.003,wd0.0",9,"lr=0.001, wd=0.0",-2.5949,1
[24],90,"lr0.003,wd0.0",11,"lr=0.003, wd=0.0",-2.4441,2
[24],90,"lr0.003,wd0.0",1,"lr=1e-05, wd=0.0",-2.3901,3
[24],90,"lr0.003,wd0.0",2,"lr=1e-05, wd=0.01",-2.3816,4
[24],90,"lr0.003,wd0.0",12,"lr=0.003, wd=0.01",-2.3695,5
[24],90,"lr0.003,wd0.0",4,"lr=3e-05, wd=0.01",-2.3245,6
[24],90,"lr0.003,wd0.0",3,"lr=3e-05, wd=0.0",-2.3132,7
[24],90,"lr0.003,wd0.0",7,"lr=3e-04, wd=0.0",-2.3131,8
[24],90,"lr0.003,wd0.0",10,"lr=0.001, wd=0.01",-2.3047,9
[24],90,"lr0.003,wd0.0",8,"lr=3e-04, wd=0.01",-2.2479,10
[24],90,"lr0.003,wd0.0",6,"lr=1e-04, wd=0.01",-2.1996,11
[24],90,"lr0.003,wd0.0",5,"lr=1e-04, wd=0.0",-2.1932,12
[24],90,"lr0.003,wd0.01",12,"lr=0.003, wd=0.01",-3.3525,1
[24],90,"lr0.003,wd0.01",1,"lr=1e-05, wd=0.0",-3.3297,2
[24],90,"lr0.003,wd0.01",4,"lr=3e-05, wd=0.01",-3.3055,3
[24],90,"lr0.003,wd0.01",2,"lr=1e-05, wd=0.01",-3.2898,4
[24],90,"lr0.003,wd0.01",9,"lr=0.001, wd=0.0",-3.2325,5
[24],90,"lr0.003,wd0.01",11,"lr=0.003, wd=0.0",-3.2082,6
[24],90,"lr0.003,wd0.01",3,"lr=3e-05, wd=0.0",-3.1777,7
[24],90,"lr0.003,wd0.01",7,"lr=3e-04, wd=0.0",-3.1192,8
[24],90,"lr0.003,wd0.01",10,"lr=0.001, wd=0.01",-2.9685,9
[24],90,"lr0.003,wd0.01",6,"lr=1e-04, wd=0.01",-2.8856,10
[24],90,"lr0.003,wd0.01",8,"lr=3e-04, wd=0.01",-2.7666,11
[24],90,"lr0.003,wd0.01",5,"lr=1e-04, wd=0.0",-2.6457,12
[32],0,"lr1e-05,wd0.0",1,"lr=1e-05, wd=0.0",-1.3599,1
[32],0,"lr1e-05,wd0.0",2,"lr=1e-05, wd=0.01",-1.2856,2
[32],0,"lr1e-05,wd0.0",3,"lr=3e-05, wd=0.0",-1.0666,3
[32],0,"lr1e-05,wd0.0",5,"lr=1e-04, wd=0.0",-1.0554,4
[32],0,"lr1e-05,wd0.0",4,"lr=3e-05, wd=0.01",-1.016,5
[32],0,"lr1e-05,wd0.0",6,"lr=1e-04, wd=0.01",-0.9478,6
[32],0,"lr1e-05,wd0.0",7,"lr=3e-04, wd=0.0",-0.8705,7
[32],0,"lr1e-05,wd0.0",8,"lr=3e-04, wd=0.01",-0.8195,8
[32],0,"lr1e-05,wd0.0",12,"lr=0.003, wd=0.01",-0.7259,9
[32],0,"lr1e-05,wd0.0",10,"lr=0.001, wd=0.01",-0.7245,10
[32],0,"lr1e-05,wd0.0",9,"lr=0.001, wd=0.0",-0.7183,11
[32],0,"lr1e-05,wd0.0",11,"lr=0.003, wd=0.0",-0.6704,12
[32],0,"lr1e-05,wd0.01",2,"lr=1e-05, wd=0.01",-1.3659,1
[32],0,"lr1e-05,wd0.01",1,"lr=1e-05, wd=0.0",-1.347,2
[32],0,"lr1e-05,wd0.01",3,"lr=3e-05, wd=0.0",-1.0427,3
[32],0,"lr1e-05,wd0.01",4,"lr=3e-05, wd=0.01",-1.0419,4
[32],0,"lr1e-05,wd0.01",5,"lr=1e-04, wd=0.0",-1.0262,5
[32],0,"lr1e-05,wd0.01",6,"lr=1e-04, wd=0.01",-0.9618,6
[32],0,"lr1e-05,wd0.01",7,"lr=3e-04, wd=0.0",-0.8503,7
[32],0,"lr1e-05,wd0.01",8,"lr=3e-04, wd=0.01",-0.8258,8
[32],0,"lr1e-05,wd0.01",10,"lr=0.001, wd=0.01",-0.7198,9
[32],0,"lr1e-05,wd0.01",12,"lr=0.003, wd=0.01",-0.7146,10
[32],0,"lr1e-05,wd0.01",9,"lr=0.001, wd=0.0",-0.7057,11
[32],0,"lr1e-05,wd0.01",11,"lr=0.003, wd=0.0",-0.6586,12
[32],0,"lr3e-05,wd0.0",1,"lr=1e-05, wd=0.0",-1.241,1
[32],0,"lr3e-05,wd0.0",2,"lr=1e-05, wd=0.01",-1.165,2
[32],0,"lr3e-05,wd0.0",5,"lr=1e-04, wd=0.0",-1.1208,3
[32],0,"lr3e-05,wd0.0",3,"lr=3e-05, wd=0.0",-1.0719,4
[32],0,"lr3e-05,wd0.0",4,"lr=3e-05, wd=0.01",-1.0035,5
[32],0,"lr3e-05,wd0.0",6,"lr=1e-04, wd=0.01",-0.9664,6
[32],0,"lr3e-05,wd0.0",7,"lr=3e-04, wd=0.0",-0.925,7
[32],0,"lr3e-05,wd0.0",8,"lr=3e-04, wd=0.01",-0.8709,8
[32],0,"lr3e-05,wd0.0",9,"lr=0.001, wd=0.0",-0.7769,9
[32],0,"lr3e-05,wd0.0",12,"lr=0.003, wd=0.01",-0.7684,10
[32],0,"lr3e-05,wd0.0",10,"lr=0.001, wd=0.01",-0.7652,11
[32],0,"lr3e-05,wd0.0",11,"lr=0.003, wd=0.0",-0.7286,12
[32],0,"lr3e-05,wd0.01",1,"lr=1e-05, wd=0.0",-1.3149,1
[32],0,"lr3e-05,wd0.01",2,"lr=1e-05, wd=0.01",-1.2931,2
[32],0,"lr3e-05,wd0.01",5,"lr=1e-04, wd=0.0",-1.0905,3
[32],0,"lr3e-05,wd0.01",3,"lr=3e-05, wd=0.0",-1.0643,4
[32],0,"lr3e-05,wd0.01",4,"lr=3e-05, wd=0.01",-1.0573,5
[32],0,"lr3e-05,wd0.01",6,"lr=1e-04, wd=0.01",-1.0047,6
[32],0,"lr3e-05,wd0.01",7,"lr=3e-04, wd=0.0",-0.9175,7
[32],0,"lr3e-05,wd0.01",8,"lr=3e-04, wd=0.01",-0.9015,8
[32],0,"lr3e-05,wd0.01",10,"lr=0.001, wd=0.01",-0.7757,9
[32],0,"lr3e-05,wd0.01",9,"lr=0.001, wd=0.0",-0.7691,10
[32],0,"lr3e-05,wd0.01",12,"lr=0.003, wd=0.01",-0.7679,11
[32],0,"lr3e-05,wd0.01",11,"lr=0.003, wd=0.0",-0.7214,12
[32],0,"lr0.0001,wd0.0",1,"lr=1e-05, wd=0.0",-1.2344,1
[32],0,"lr0.0001,wd0.0",5,"lr=1e-04, wd=0.0",-1.1839,2
[32],0,"lr0.0001,wd0.0",2,"lr=1e-05, wd=0.01",-1.1681,3
[32],0,"lr0.0001,wd0.0",3,"lr=3e-05, wd=0.0",-1.0627,4
[32],0,"lr0.0001,wd0.0",4,"lr=3e-05, wd=0.01",-1.0085,5
[32],0,"lr0.0001,wd0.0",6,"lr=1e-04, wd=0.01",-1.0024,6
[32],0,"lr0.0001,wd0.0",7,"lr=3e-04, wd=0.0",-0.9915,7
[32],0,"lr0.0001,wd0.0",8,"lr=3e-04, wd=0.01",-0.9302,8
[32],0,"lr0.0001,wd0.0",9,"lr=0.001, wd=0.0",-0.8738,9
[32],0,"lr0.0001,wd0.0",11,"lr=0.003, wd=0.0",-0.8612,10
[32],0,"lr0.0001,wd0.0",10,"lr=0.001, wd=0.01",-0.8304,11
[32],0,"lr0.0001,wd0.0",12,"lr=0.003, wd=0.01",-0.8185,12
[32],0,"lr0.0001,wd0.01",1,"lr=1e-05, wd=0.0",-1.259,1
[32],0,"lr0.0001,wd0.01",2,"lr=1e-05, wd=0.01",-1.2,2
[32],0,"lr0.0001,wd0.01",5,"lr=1e-04, wd=0.0",-1.1317,3
[32],0,"lr0.0001,wd0.01",3,"lr=3e-05, wd=0.0",-1.0513,4
[32],0,"lr0.0001,wd0.01",4,"lr=3e-05, wd=0.01",-1.0267,5
[32],0,"lr0.0001,wd0.01",6,"lr=1e-04, wd=0.01",-1.0227,6
[32],0,"lr0.0001,wd0.01",7,"lr=3e-04, wd=0.0",-0.9681,7
[32],0,"lr0.0001,wd0.01",8,"lr=3e-04, wd=0.01",-0.9536,8
[32],0,"lr0.0001,wd0.01",9,"lr=0.001, wd=0.0",-0.8565,9
[32],0,"lr0.0001,wd0.01",10,"lr=0.001, wd=0.01",-0.8536,10
[32],0,"lr0.0001,wd0.01",11,"lr=0.003, wd=0.0",-0.8459,11
[32],0,"lr0.0001,wd0.01",12,"lr=0.003, wd=0.01",-0.8265,12
[32],0,"lr0.0003,wd0.0",1,"lr=1e-05, wd=0.0",-1.2463,1
[32],0,"lr0.0003,wd0.0",2,"lr=1e-05, wd=0.01",-1.1876,2
[32],0,"lr0.0003,wd0.0",5,"lr=1e-04, wd=0.0",-1.1397,3
[32],0,"lr0.0003,wd0.0",3,"lr=3e-05, wd=0.0",-1.0357,4
[32],0,"lr0.0003,wd0.0",7,"lr=3e-04, wd=0.0",-1.0184,5
[32],0,"lr0.0003,wd0.0",4,"lr=3e-05, wd=0.01",-1.0009,6
[32],0,"lr0.0003,wd0.0",6,"lr=1e-04, wd=0.01",-0.999,7
[32],0,"lr0.0003,wd0.0",8,"lr=3e-04, wd=0.01",-0.9587,8
[32],0,"lr0.0003,wd0.0",11,"lr=0.003, wd=0.0",-0.9471,9
[32],0,"lr0.0003,wd0.0",9,"lr=0.001, wd=0.0",-0.9439,10
[32],0,"lr0.0003,wd0.0",10,"lr=0.001, wd=0.01",-0.8952,11
[32],0,"lr0.0003,wd0.0",12,"lr=0.003, wd=0.01",-0.8697,12
[32],0,"lr0.0003,wd0.01",1,"lr=1e-05, wd=0.0",-1.2195,1
[32],0,"lr0.0003,wd0.01",2,"lr=1e-05, wd=0.01",-1.1485,2
[32],0,"lr0.0003,wd0.01",5,"lr=1e-04, wd=0.0",-1.1177,3
[32],0,"lr0.0003,wd0.01",3,"lr=3e-05, wd=0.0",-1.0281,4
[32],0,"lr0.0003,wd0.01",6,"lr=1e-04, wd=0.01",-1.0026,5
[32],0,"lr0.0003,wd0.01",4,"lr=3e-05, wd=0.01",-0.9914,6
[32],0,"lr0.0003,wd0.01",7,"lr=3e-04, wd=0.0",-0.987,7
[32],0,"lr0.0003,wd0.01",8,"lr=3e-04, wd=0.01",-0.973,8
[32],0,"lr0.0003,wd0.01",11,"lr=0.003, wd=0.0",-0.9384,9
[32],0,"lr0.0003,wd0.01",10,"lr=0.001, wd=0.01",-0.9335,10
[32],0,"lr0.0003,wd0.01",9,"lr=0.001, wd=0.0",-0.9211,11
[32],0,"lr0.0003,wd0.01",12,"lr=0.003, wd=0.01",-0.8931,12
[32],0,"lr0.001,wd0.0",1,"lr=1e-05, wd=0.0",-1.2012,1
[32],0,"lr0.001,wd0.0",2,"lr=1e-05, wd=0.01",-1.1528,2
[32],0,"lr0.001,wd0.0",5,"lr=1e-04, wd=0.0",-1.0521,3
[32],0,"lr0.001,wd0.0",11,"lr=0.003, wd=0.0",-1.012,4
[32],0,"lr0.001,wd0.0",3,"lr=3e-05, wd=0.0",-0.9938,5
[32],0,"lr0.001,wd0.0",7,"lr=3e-04, wd=0.0",-0.9831,6
[32],0,"lr0.001,wd0.0",9,"lr=0.001, wd=0.0",-0.9732,7
[32],0,"lr0.001,wd0.0",4,"lr=3e-05, wd=0.01",-0.9696,8
[32],0,"lr0.001,wd0.0",6,"lr=1e-04, wd=0.01",-0.9565,9
[32],0,"lr0.001,wd0.0",8,"lr=3e-04, wd=0.01",-0.9384,10
[32],0,"lr0.001,wd0.0",10,"lr=0.001, wd=0.01",-0.9375,11
[32],0,"lr0.001,wd0.0",12,"lr=0.003, wd=0.01",-0.9301,12
[32],0,"lr0.001,wd0.01",1,"lr=1e-05, wd=0.0",-1.1741,1
[32],0,"lr0.001,wd0.01",2,"lr=1e-05, wd=0.01",-1.1106,2
[32],0,"lr0.001,wd0.01",5,"lr=1e-04, wd=0.0",-1.0673,3
[32],0,"lr0.001,wd0.01",3,"lr=3e-05, wd=0.0",-0.9991,4
[32],0,"lr0.001,wd0.01",11,"lr=0.003, wd=0.0",-0.9988,5
[32],0,"lr0.001,wd0.01",12,"lr=0.003, wd=0.01",-0.9799,6
[32],0,"lr0.001,wd0.01",7,"lr=3e-04, wd=0.0",-0.9718,7
[32],0,"lr0.001,wd0.01",10,"lr=0.001, wd=0.01",-0.9702,8
[32],0,"lr0.001,wd0.01",6,"lr=1e-04, wd=0.01",-0.9635,9
[32],0,"lr0.001,wd0.01",4,"lr=3e-05, wd=0.01",-0.9621,10
[32],0,"lr0.001,wd0.01",8,"lr=3e-04, wd=0.01",-0.9518,11
[32],0,"lr0.001,wd0.01",9,"lr=0.001, wd=0.0",-0.9464,12
[32],0,"lr0.003,wd0.0",1,"lr=1e-05, wd=0.0",-1.1403,1
[32],0,"lr0.003,wd0.0",2,"lr=1e-05, wd=0.01",-1.1013,2
[32],0,"lr0.003,wd0.0",11,"lr=0.003, wd=0.0",-1.046,3
[32],0,"lr0.003,wd0.0",5,"lr=1e-04, wd=0.0",-0.9945,4
[32],0,"lr0.003,wd0.0",12,"lr=0.003, wd=0.01",-0.9814,5
[32],0,"lr0.003,wd0.0",3,"lr=3e-05, wd=0.0",-0.9605,6
[32],0,"lr0.003,wd0.0",9,"lr=0.001, wd=0.0",-0.9463,7
[32],0,"lr0.003,wd0.0",4,"lr=3e-05, wd=0.01",-0.9396,8
[32],0,"lr0.003,wd0.0",7,"lr=3e-04, wd=0.0",-0.9334,9
[32],0,"lr0.003,wd0.0",10,"lr=0.001, wd=0.01",-0.9311,10
[32],0,"lr0.003,wd0.0",6,"lr=1e-04, wd=0.01",-0.9073,11
[32],0,"lr0.003,wd0.0",8,"lr=3e-04, wd=0.01",-0.8962,12
[32],0,"lr0.003,wd0.01",1,"lr=1e-05, wd=0.0",-1.1289,1
[32],0,"lr0.003,wd0.01",2,"lr=1e-05, wd=0.01",-1.081,2
[32],0,"lr0.003,wd0.01",12,"lr=0.003, wd=0.01",-1.0208,3
[32],0,"lr0.003,wd0.01",11,"lr=0.003, wd=0.0",-1.0178,4
[32],0,"lr0.003,wd0.01",5,"lr=1e-04, wd=0.0",-1.0122,5
[32],0,"lr0.003,wd0.01",3,"lr=3e-05, wd=0.0",-0.9687,6
[32],0,"lr0.003,wd0.01",10,"lr=0.001, wd=0.01",-0.9507,7
[32],0,"lr0.003,wd0.01",4,"lr=3e-05, wd=0.01",-0.9406,8
[32],0,"lr0.003,wd0.01",7,"lr=3e-04, wd=0.0",-0.9338,9
[32],0,"lr0.003,wd0.01",9,"lr=0.001, wd=0.0",-0.9272,10
[32],0,"lr0.003,wd0.01",6,"lr=1e-04, wd=0.01",-0.9193,11
[32],0,"lr0.003,wd0.01",8,"lr=3e-04, wd=0.01",-0.9101,12
[32],5,"lr1e-05,wd0.0",3,"lr=3e-05, wd=0.0",-2.3995,1
[32],5,"lr1e-05,wd0.0",5,"lr=1e-04, wd=0.0",-2.3734,2
[32],5,"lr1e-05,wd0.0",6,"lr=1e-04, wd=0.01",-2.0995,3
[32],5,"lr1e-05,wd0.0",4,"lr=3e-05, wd=0.01",-1.9883,4
[32],5,"lr1e-05,wd0.0",9,"lr=0.001, wd=0.0",-1.7851,5
[32],5,"lr1e-05,wd0.0",11,"lr=0.003, wd=0.0",-1.7808,6
[32],5,"lr1e-05,wd0.0",7,"lr=3e-04, wd=0.0",-1.7612,7
[32],5,"lr1e-05,wd0.0",8,"lr=3e-04, wd=0.01",-1.7264,8
[32],5,"lr1e-05,wd0.0",2,"lr=1e-05, wd=0.01",-1.6307,9
[32],5,"lr1e-05,wd0.0",10,"lr=0.001, wd=0.01",-1.625,10
[32],5,"lr1e-05,wd0.0",1,"lr=1e-05, wd=0.0",-1.5342,11
[32],5,"lr1e-05,wd0.0",12,"lr=0.003, wd=0.01",-1.4152,12
[32],5,"lr1e-05,wd0.01",3,"lr=3e-05, wd=0.0",-2.858,1
[32],5,"lr1e-05,wd0.01",4,"lr=3e-05, wd=0.01",-2.4842,2
[32],5,"lr1e-05,wd0.01",5,"lr=1e-04, wd=0.0",-2.1814,3
[32],5,"lr1e-05,wd0.01",6,"lr=1e-04, wd=0.01",-2.0745,4
[32],5,"lr1e-05,wd0.01",9,"lr=0.001, wd=0.0",-1.8751,5
[32],5,"lr1e-05,wd0.01",7,"lr=3e-04, wd=0.0",-1.8583,6
[32],5,"lr1e-05,wd0.01",11,"lr=0.003, wd=0.0",-1.8011,7
[32],5,"lr1e-05,wd0.01",8,"lr=3e-04, wd=0.01",-1.7859,8
[32],5,"lr1e-05,wd0.01",1,"lr=1e-05, wd=0.0",-1.6435,9
[32],5,"lr1e-05,wd0.01",10,"lr=0.001, wd=0.01",-1.6434,10
[32],5,"lr1e-05,wd0.01",2,"lr=1e-05, wd=0.01",-1.5507,11
[32],5,"lr1e-05,wd0.01",12,"lr=0.003, wd=0.01",-1.4073,12
[32],5,"lr3e-05,wd0.0",5,"lr=1e-04, wd=0.0",-2.8119,1
[32],5,"lr3e-05,wd0.0",6,"lr=1e-04, wd=0.01",-2.2533,2
[32],5,"lr3e-05,wd0.0",7,"lr=3e-04, wd=0.0",-2.1787,3
[32],5,"lr3e-05,wd0.0",8,"lr=3e-04, wd=0.01",-2.1403,4
[32],5,"lr3e-05,wd0.0",9,"lr=0.001, wd=0.0",-1.9576,5
[32],5,"lr3e-05,wd0.0",11,"lr=0.003, wd=0.0",-1.9065,6
[32],5,"lr3e-05,wd0.0",10,"lr=0.001, wd=0.01",-1.7139,7
[32],5,"lr3e-05,wd0.0",4,"lr=3e-05, wd=0.01",-1.7127,8
[32],5,"lr3e-05,wd0.0",3,"lr=3e-05, wd=0.0",-1.6967,9
[32],5,"lr3e-05,wd0.0",1,"lr=1e-05, wd=0.0",-1.4256,10
[32],5,"lr3e-05,wd0.0",2,"lr=1e-05, wd=0.01",-1.4043,11
[32],5,"lr3e-05,wd0.0",12,"lr=0.003, wd=0.01",-1.3673,12
[32],5,"lr3e-05,wd0.01",5,"lr=1e-04, wd=0.0",-3.4894,1
[32],5,"lr3e-05,wd0.01",6,"lr=1e-04, wd=0.01",-3.0851,2
[32],5,"lr3e-05,wd0.01",7,"lr=3e-04, wd=0.0",-2.5876,3
[32],5,"lr3e-05,wd0.01",8,"lr=3e-04, wd=0.01",-2.5664,4
[32],5,"lr3e-05,wd0.01",9,"lr=0.001, wd=0.0",-2.1423,5
[32],5,"lr3e-05,wd0.01",11,"lr=0.003, wd=0.0",-2.0874,6
[32],5,"lr3e-05,wd0.01",3,"lr=3e-05, wd=0.0",-1.9892,7
[32],5,"lr3e-05,wd0.01",4,"lr=3e-05, wd=0.01",-1.8744,8
[32],5,"lr3e-05,wd0.01",10,"lr=0.001, wd=0.01",-1.8395,9
[32],5,"lr3e-05,wd0.01",12,"lr=0.003, wd=0.01",-1.5062,10
[32],5,"lr3e-05,wd0.01",2,"lr=1e-05, wd=0.01",-1.5031,11
[32],5,"lr3e-05,wd0.01",1,"lr=1e-05, wd=0.0",-1.5015,12
[32],5,"lr0.0001,wd0.0",7,"lr=3e-04, wd=0.0",-2.4647,1
[32],5,"lr0.0001,wd0.0",11,"lr=0.003, wd=0.0",-2.3592,2
[32],5,"lr0.0001,wd0.0",9,"lr=0.001, wd=0.0",-2.3482,3
[32],5,"lr0.0001,wd0.0",8,"lr=3e-04, wd=0.01",-2.1101,4
[32],5,"lr0.0001,wd0.0",5,"lr=1e-04, wd=0.0",-1.9621,5
[32],5,"lr0.0001,wd0.0",6,"lr=1e-04, wd=0.01",-1.9387,6
[32],5,"lr0.0001,wd0.0",10,"lr=0.001, wd=0.01",-1.5954,7
[32],5,"lr0.0001,wd0.0",3,"lr=3e-05, wd=0.0",-1.5842,8
[32],5,"lr0.0001,wd0.0",4,"lr=3e-05, wd=0.01",-1.5011,9
[32],5,"lr0.0001,wd0.0",1,"lr=1e-05, wd=0.0",-1.4198,10
[32],5,"lr0.0001,wd0.0",2,"lr=1e-05, wd=0.01",-1.3868,11
[32],5,"lr0.0001,wd0.0",12,"lr=0.003, wd=0.01",-1.1971,12
[32],5,"lr0.0001,wd0.01",7,"lr=3e-04, wd=0.0",-3.0654,1
[32],5,"lr0.0001,wd0.01",8,"lr=3e-04, wd=0.01",-2.8628,2
[32],5,"lr0.0001,wd0.01",11,"lr=0.003, wd=0.0",-2.4062,3
[32],5,"lr0.0001,wd0.01",9,"lr=0.001, wd=0.0",-2.4058,4
[32],5,"lr0.0001,wd0.01",5,"lr=1e-04, wd=0.0",-2.3408,5
[32],5,"lr0.0001,wd0.01",10,"lr=0.001, wd=0.01",-2.1821,6
[32],5,"lr0.0001,wd0.01",6,"lr=1e-04, wd=0.01",-2.1747,7
[32],5,"lr0.0001,wd0.01",3,"lr=3e-05, wd=0.0",-1.749,8
[32],5,"lr0.0001,wd0.01",4,"lr=3e-05, wd=0.01",-1.7219,9
[32],5,"lr0.0001,wd0.01",12,"lr=0.003, wd=0.01",-1.5499,10
[32],5,"lr0.0001,wd0.01",2,"lr=1e-05, wd=0.01",-1.5332,11
[32],5,"lr0.0001,wd0.01",1,"lr=1e-05, wd=0.0",-1.531,12
[32],5,"lr0.0003,wd0.0",9,"lr=0.001, wd=0.0",-2.0829,1
[32],5,"lr0.0003,wd0.0",11,"lr=0.003, wd=0.0",-1.938,2
[32],5,"lr0.0003,wd0.0",7,"lr=3e-04, wd=0.0",-1.9058,3
[32],5,"lr0.0003,wd0.0",5,"lr=1e-04, wd=0.0",-1.6675,4
[32],5,"lr0.0003,wd0.0",6,"lr=1e-04, wd=0.01",-1.6514,5
[32],5,"lr0.0003,wd0.0",8,"lr=3e-04, wd=0.01",-1.5977,6
[32],5,"lr0.0003,wd0.0",4,"lr=3e-05, wd=0.01",-1.3093,7
[32],5,"lr0.0003,wd0.0",10,"lr=0.001, wd=0.01",-1.3004,8
[32],5,"lr0.0003,wd0.0",3,"lr=3e-05, wd=0.0",-1.2901,9
[32],5,"lr0.0003,wd0.0",1,"lr=1e-05, wd=0.0",-1.1552,10
[32],5,"lr0.0003,wd0.0",2,"lr=1e-05, wd=0.01",-1.1479,11
[32],5,"lr0.0003,wd0.0",12,"lr=0.003, wd=0.01",-1.0385,12
[32],5,"lr0.0003,wd0.01",11,"lr=0.003, wd=0.0",-2.9794,1
[32],5,"lr0.0003,wd0.01",9,"lr=0.001, wd=0.0",-2.8716,2
[32],5,"lr0.0003,wd0.01",7,"lr=3e-04, wd=0.0",-2.6102,3
[32],5,"lr0.0003,wd0.01",10,"lr=0.001, wd=0.01",-2.4479,4
[32],5,"lr0.0003,wd0.01",8,"lr=3e-04, wd=0.01",-2.4449,5
[32],5,"lr0.0003,wd0.01",6,"lr=1e-04, wd=0.01",-2.0739,6
[32],5,"lr0.0003,wd0.01",5,"lr=1e-04, wd=0.0",-2.0635,7
[32],5,"lr0.0003,wd0.01",12,"lr=0.003, wd=0.01",-1.61,8
[32],5,"lr0.0003,wd0.01",4,"lr=3e-05, wd=0.01",-1.4476,9
[32],5,"lr0.0003,wd0.01",3,"lr=3e-05, wd=0.0",-1.4402,10
[32],5,"lr0.0003,wd0.01",2,"lr=1e-05, wd=0.01",-1.3442,11
[32],5,"lr0.0003,wd0.01",1,"lr=1e-05, wd=0.0",-1.34,12
[32],5,"lr0.001,wd0.0",9,"lr=0.001, wd=0.0",-1.8854,1
[32],5,"lr0.001,wd0.0",7,"lr=3e-04, wd=0.0",-1.7567,2
[32],5,"lr0.001,wd0.0",11,"lr=0.003, wd=0.0",-1.6918,3
[32],5,"lr0.001,wd0.0",8,"lr=3e-04, wd=0.01",-1.5106,4
[32],5,"lr0.001,wd0.0",5,"lr=1e-04, wd=0.0",-1.4077,5
[32],5,"lr0.001,wd0.0",6,"lr=1e-04, wd=0.01",-1.3582,6
[32],5,"lr0.001,wd0.0",10,"lr=0.001, wd=0.01",-1.2472,7
[32],5,"lr0.001,wd0.0",3,"lr=3e-05, wd=0.0",-1.0876,8
[32],5,"lr0.001,wd0.0",4,"lr=3e-05, wd=0.01",-1.0862,9
[32],5,"lr0.001,wd0.0",12,"lr=0.003, wd=0.01",-1.0115,10
[32],5,"lr0.001,wd0.0",2,"lr=1e-05, wd=0.01",-0.9624,11
[32],5,"lr0.001,wd0.0",1,"lr=1e-05, wd=0.0",-0.9487,12
[32],5,"lr0.001,wd0.01",11,"lr=0.003, wd=0.0",-2.9358,1
[32],5,"lr0.001,wd0.01",9,"lr=0.001, wd=0.0",-2.6171,2
[32],5,"lr0.001,wd0.01",7,"lr=3e-04, wd=0.0",-2.5132,3
[32],5,"lr0.001,wd0.01",8,"lr=3e-04, wd=0.01",-2.4016,4
[32],5,"lr0.001,wd0.01",10,"lr=0.001, wd=0.01",-2.1986,5
[32],5,"lr0.001,wd0.01",12,"lr=0.003, wd=0.01",-1.5949,6
[32],5,"lr0.001,wd0.01",5,"lr=1e-04, wd=0.0",-1.5735,7
[32],5,"lr0.001,wd0.01",6,"lr=1e-04, wd=0.01",-1.5345,8
[32],5,"lr0.001,wd0.01",3,"lr=3e-05, wd=0.0",-1.1453,9
[32],5,"lr0.001,wd0.01",4,"lr=3e-05, wd=0.01",-1.1422,10
[32],5,"lr0.001,wd0.01",2,"lr=1e-05, wd=0.01",-0.9819,11
[32],5,"lr0.001,wd0.01",1,"lr=1e-05, wd=0.0",-0.9756,12
[32],5,"lr0.003,wd0.0",9,"lr=0.001, wd=0.0",-2.2989,1
[32],5,"lr0.003,wd0.0",11,"lr=0.003, wd=0.0",-2.0791,2
[32],5,"lr0.003,wd0.0",7,"lr=3e-04, wd=0.0",-2.0007,3
[32],5,"lr0.003,wd0.0",8,"lr=3e-04, wd=0.01",-1.5555,4
[32],5,"lr0.003,wd0.0",10,"lr=0.001, wd=0.01",-1.3263,5
[32],5,"lr0.003,wd0.0",5,"lr=1e-04, wd=0.0",-1.3096,6
[32],5,"lr0.003,wd0.0",6,"lr=1e-04, wd=0.01",-1.2381,7
[32],5,"lr0.003,wd0.0",12,"lr=0.003, wd=0.01",-1.0376,8
[32],5,"lr0.003,wd0.0",3,"lr=3e-05, wd=0.0",-1.008,9
[32],5,"lr0.003,wd0.0",4,"lr=3e-05, wd=0.01",-0.9993,10
[32],5,"lr0.003,wd0.0",2,"lr=1e-05, wd=0.01",-0.8573,11
[32],5,"lr0.003,wd0.0",1,"lr=1e-05, wd=0.0",-0.8456,12
[32],5,"lr0.003,wd0.01",10,"lr=0.001, wd=0.01",-2.0307,1
[32],5,"lr0.003,wd0.01",8,"lr=3e-04, wd=0.01",-1.8742,2
[32],5,"lr0.003,wd0.01",12,"lr=0.003, wd=0.01",-1.8487,3
[32],5,"lr0.003,wd0.01",9,"lr=0.001, wd=0.0",-1.7354,4
[32],5,"lr0.003,wd0.01",7,"lr=3e-04, wd=0.0",-1.7271,5
[32],5,"lr0.003,wd0.01",11,"lr=0.003, wd=0.0",-1.7225,6
[32],5,"lr0.003,wd0.01",5,"lr=1e-04, wd=0.0",-1.6141,7
[32],5,"lr0.003,wd0.01",6,"lr=1e-04, wd=0.01",-1.5706,8
[32],5,"lr0.003,wd0.01",4,"lr=3e-05, wd=0.01",-1.2748,9
[32],5,"lr0.003,wd0.01",2,"lr=1e-05, wd=0.01",-1.2427,10
[32],5,"lr0.003,wd0.01",3,"lr=3e-05, wd=0.0",-1.21,11
[32],5,"lr0.003,wd0.01",1,"lr=1e-05, wd=0.0",-1.2005,12
[32],10,"lr1e-05,wd0.0",3,"lr=3e-05, wd=0.0",-3.132,1
[32],10,"lr1e-05,wd0.0",4,"lr=3e-05, wd=0.01",-2.6366,2
[32],10,"lr1e-05,wd0.0",5,"lr=1e-04, wd=0.0",-2.5827,3
[32],10,"lr1e-05,wd0.0",6,"lr=1e-04, wd=0.01",-2.0421,4
[32],10,"lr1e-05,wd0.0",1,"lr=1e-05, wd=0.0",-2.0348,5
[32],10,"lr1e-05,wd0.0",9,"lr=0.001, wd=0.0",-2.0292,6
[32],10,"lr1e-05,wd0.0",8,"lr=3e-04, wd=0.01",-2.0187,7
[32],10,"lr1e-05,wd0.0",7,"lr=3e-04, wd=0.0",-2.004,8
[32],10,"lr1e-05,wd0.0",2,"lr=1e-05, wd=0.01",-1.9863,9
[32],10,"lr1e-05,wd0.0",11,"lr=0.003, wd=0.0",-1.836,10
[32],10,"lr1e-05,wd0.0",10,"lr=0.001, wd=0.01",-1.5994,11
[32],10,"lr1e-05,wd0.0",12,"lr=0.003, wd=0.01",-1.3643,12
[32],10,"lr1e-05,wd0.01",3,"lr=3e-05, wd=0.0",-3.6283,1
[32],10,"lr1e-05,wd0.01",4,"lr=3e-05, wd=0.01",-3.3424,2
[32],10,"lr1e-05,wd0.01",6,"lr=1e-04, wd=0.01",-2.5996,3
[32],10,"lr1e-05,wd0.01",5,"lr=1e-04, wd=0.0",-2.4477,4
[32],10,"lr1e-05,wd0.01",8,"lr=3e-04, wd=0.01",-2.1644,5
[32],10,"lr1e-05,wd0.01",1,"lr=1e-05, wd=0.0",-2.1615,6
[32],10,"lr1e-05,wd0.01",7,"lr=3e-04, wd=0.0",-2.1505,7
[32],10,"lr1e-05,wd0.01",9,"lr=0.001, wd=0.0",-2.1382,8
[32],10,"lr1e-05,wd0.01",2,"lr=1e-05, wd=0.01",-2.1309,9
[32],10,"lr1e-05,wd0.01",11,"lr=0.003, wd=0.0",-1.9624,10
[32],10,"lr1e-05,wd0.01",10,"lr=0.001, wd=0.01",-1.6655,11
[32],10,"lr1e-05,wd0.01",12,"lr=0.003, wd=0.01",-1.4129,12
[32],10,"lr3e-05,wd0.0",5,"lr=1e-04, wd=0.0",-3.0324,1
[32],10,"lr3e-05,wd0.0",6,"lr=1e-04, wd=0.01",-2.6383,2
[32],10,"lr3e-05,wd0.0",8,"lr=3e-04, wd=0.01",-2.593,3
[32],10,"lr3e-05,wd0.0",9,"lr=0.001, wd=0.0",-2.1771,4
[32],10,"lr3e-05,wd0.0",11,"lr=0.003, wd=0.0",-2.1488,5
[32],10,"lr3e-05,wd0.0",3,"lr=3e-05, wd=0.0",-2.1433,6
[32],10,"lr3e-05,wd0.0",4,"lr=3e-05, wd=0.01",-2.0317,7
[32],10,"lr3e-05,wd0.0",2,"lr=1e-05, wd=0.01",-1.8437,8
[32],10,"lr3e-05,wd0.0",1,"lr=1e-05, wd=0.0",-1.8181,9
[32],10,"lr3e-05,wd0.0",10,"lr=0.001, wd=0.01",-1.683,10
[32],10,"lr3e-05,wd0.0",12,"lr=0.003, wd=0.01",-1.2425,11
[32],10,"lr3e-05,wd0.0",7,"lr=3e-04, wd=0.0",-1.2052,12
[32],10,"lr3e-05,wd0.01",5,"lr=1e-04, wd=0.0",-3.6843,1
[32],10,"lr3e-05,wd0.01",6,"lr=1e-04, wd=0.01",-3.5295,2
[32],10,"lr3e-05,wd0.01",8,"lr=3e-04, wd=0.01",-3.206,3
[32],10,"lr3e-05,wd0.01",7,"lr=3e-04, wd=0.0",-3.1011,4
[32],10,"lr3e-05,wd0.01",9,"lr=0.001, wd=0.0",-2.3868,5
[32],10,"lr3e-05,wd0.01",11,"lr=0.003, wd=0.0",-2.3209,6
[32],10,"lr3e-05,wd0.01",3,"lr=3e-05, wd=0.0",-2.2816,7
[32],10,"lr3e-05,wd0.01",4,"lr=3e-05, wd=0.01",-2.1952,8
[32],10,"lr3e-05,wd0.01",2,"lr=1e-05, wd=0.01",-1.8344,9
[32],10,"lr3e-05,wd0.01",1,"lr=1e-05, wd=0.0",-1.8283,10
[32],10,"lr3e-05,wd0.01",10,"lr=0.001, wd=0.01",-1.7875,11
[32],10,"lr3e-05,wd0.01",12,"lr=0.003, wd=0.01",-1.3407,12
[32],10,"lr0.0001,wd0.0",7,"lr=3e-04, wd=0.0",-2.7207,1
[32],10,"lr0.0001,wd0.0",9,"lr=0.001, wd=0.0",-2.5143,2
[32],10,"lr0.0001,wd0.0",11,"lr=0.003, wd=0.0",-2.2366,3
[32],10,"lr0.0001,wd0.0",5,"lr=1e-04, wd=0.0",-2.1431,4
[32],10,"lr0.0001,wd0.0",6,"lr=1e-04, wd=0.01",-1.9645,5
[32],10,"lr0.0001,wd0.0",8,"lr=3e-04, wd=0.01",-1.8259,6
[32],10,"lr0.0001,wd0.0",3,"lr=3e-05, wd=0.0",-1.8048,7
[32],10,"lr0.0001,wd0.0",4,"lr=3e-05, wd=0.01",-1.7426,8
[32],10,"lr0.0001,wd0.0",1,"lr=1e-05, wd=0.0",-1.5554,9
[32],10,"lr0.0001,wd0.0",2,"lr=1e-05, wd=0.01",-1.5207,10
[32],10,"lr0.0001,wd0.0",10,"lr=0.001, wd=0.01",-1.4118,11
[32],10,"lr0.0001,wd0.0",12,"lr=0.003, wd=0.01",-1.1293,12
[32],10,"lr0.0001,wd0.01",8,"lr=3e-04, wd=0.01",-3.4351,1
[32],10,"lr0.0001,wd0.01",5,"lr=1e-04, wd=0.0",-3.1903,2
[32],10,"lr0.0001,wd0.01",7,"lr=3e-04, wd=0.0",-3.1079,3
[32],10,"lr0.0001,wd0.01",9,"lr=0.001, wd=0.0",-3.0372,4
[32],10,"lr0.0001,wd0.01",11,"lr=0.003, wd=0.0",-2.9899,5
[32],10,"lr0.0001,wd0.01",6,"lr=1e-04, wd=0.01",-2.4174,6
[32],10,"lr0.0001,wd0.01",10,"lr=0.001, wd=0.01",-2.0595,7
[32],10,"lr0.0001,wd0.01",4,"lr=3e-05, wd=0.01",-1.9917,8
[32],10,"lr0.0001,wd0.01",3,"lr=3e-05, wd=0.0",-1.9816,9
[32],10,"lr0.0001,wd0.01",1,"lr=1e-05, wd=0.0",-1.7231,10
[32],10,"lr0.0001,wd0.01",2,"lr=1e-05, wd=0.01",-1.7145,11
[32],10,"lr0.0001,wd0.01",12,"lr=0.003, wd=0.01",-1.4158,12
[32],10,"lr0.0003,wd0.0",9,"lr=0.001, wd=0.0",-1.8971,1
[32],10,"lr0.0003,wd0.0",7,"lr=3e-04, wd=0.0",-1.8469,2
[32],10,"lr0.0003,wd0.0",11,"lr=0.003, wd=0.0",-1.7561,3
[32],10,"lr0.0003,wd0.0",5,"lr=1e-04, wd=0.0",-1.6335,4
[32],10,"lr0.0003,wd0.0",6,"lr=1e-04, wd=0.01",-1.6292,5
[32],10,"lr0.0003,wd0.0",8,"lr=3e-04, wd=0.01",-1.5926,6
[32],10,"lr0.0003,wd0.0",3,"lr=3e-05, wd=0.0",-1.4527,7
[32],10,"lr0.0003,wd0.0",4,"lr=3e-05, wd=0.01",-1.4178,8
[32],10,"lr0.0003,wd0.0",10,"lr=0.001, wd=0.01",-1.3047,9
[32],10,"lr0.0003,wd0.0",1,"lr=1e-05, wd=0.0",-1.2407,10
[32],10,"lr0.0003,wd0.0",2,"lr=1e-05, wd=0.01",-1.2277,11
[32],10,"lr0.0003,wd0.0",12,"lr=0.003, wd=0.01",-1.0984,12
[32],10,"lr0.0003,wd0.01",8,"lr=3e-04, wd=0.01",-3.3343,1
[32],10,"lr0.0003,wd0.01",11,"lr=0.003, wd=0.0",-3.0483,2
[32],10,"lr0.0003,wd0.01",7,"lr=3e-04, wd=0.0",-2.9155,3
[32],10,"lr0.0003,wd0.01",9,"lr=0.001, wd=0.0",-2.7312,4
[32],10,"lr0.0003,wd0.01",10,"lr=0.001, wd=0.01",-2.5549,5
[32],10,"lr0.0003,wd0.01",5,"lr=1e-04, wd=0.0",-2.2376,6
[32],10,"lr0.0003,wd0.01",6,"lr=1e-04, wd=0.01",-2.1744,7
[32],10,"lr0.0003,wd0.01",4,"lr=3e-05, wd=0.01",-1.7908,8
[32],10,"lr0.0003,wd0.01",3,"lr=3e-05, wd=0.0",-1.7463,9
[32],10,"lr0.0003,wd0.01",12,"lr=0.003, wd=0.01",-1.6014,10
[32],10,"lr0.0003,wd0.01",1,"lr=1e-05, wd=0.0",-1.4599,11
[32],10,"lr0.0003,wd0.01",2,"lr=1e-05, wd=0.01",-1.4482,12
[32],10,"lr0.001,wd0.0",9,"lr=0.001, wd=0.0",-1.8489,1
[32],10,"lr0.001,wd0.0",7,"lr=3e-04, wd=0.0",-1.7636,2
[32],10,"lr0.001,wd0.0",11,"lr=0.003, wd=0.0",-1.757,3
[32],10,"lr0.001,wd0.0",8,"lr=3e-04, wd=0.01",-1.6107,4
[32],10,"lr0.001,wd0.0",6,"lr=1e-04, wd=0.01",-1.5642,5
[32],10,"lr0.001,wd0.0",5,"lr=1e-04, wd=0.0",-1.5572,6
[32],10,"lr0.001,wd0.0",10,"lr=0.001, wd=0.01",-1.4251,7
[32],10,"lr0.001,wd0.0",3,"lr=3e-05, wd=0.0",-1.4088,8
[32],10,"lr0.001,wd0.0",4,"lr=3e-05, wd=0.01",-1.3897,9
[32],10,"lr0.001,wd0.0",1,"lr=1e-05, wd=0.0",-1.2044,10
[32],10,"lr0.001,wd0.0",12,"lr=0.003, wd=0.01",-1.2003,11
[32],10,"lr0.001,wd0.0",2,"lr=1e-05, wd=0.01",-1.1967,12
[32],10,"lr0.001,wd0.01",10,"lr=0.001, wd=0.01",-3.2921,1
[32],10,"lr0.001,wd0.01",8,"lr=3e-04, wd=0.01",-2.8578,2
[32],10,"lr0.001,wd0.01",7,"lr=3e-04, wd=0.0",-2.5602,3
[32],10,"lr0.001,wd0.01",9,"lr=0.001, wd=0.0",-2.5119,4
[32],10,"lr0.001,wd0.01",11,"lr=0.003, wd=0.0",-2.2859,5
[32],10,"lr0.001,wd0.01",6,"lr=1e-04, wd=0.01",-1.9857,6
[32],10,"lr0.001,wd0.01",12,"lr=0.003, wd=0.01",-1.9723,7
[32],10,"lr0.001,wd0.01",5,"lr=1e-04, wd=0.0",-1.9555,8
[32],10,"lr0.001,wd0.01",3,"lr=3e-05, wd=0.0",-1.7798,9
[32],10,"lr0.001,wd0.01",4,"lr=3e-05, wd=0.01",-1.7657,10
[32],10,"lr0.001,wd0.01",1,"lr=1e-05, wd=0.0",-1.4482,11
[32],10,"lr0.001,wd0.01",2,"lr=1e-05, wd=0.01",-1.4221,12
[32],10,"lr0.003,wd0.0",7,"lr=3e-04, wd=0.0",-2.224,1
[32],10,"lr0.003,wd0.0",8,"lr=3e-04, wd=0.01",-1.9134,2
[32],10,"lr0.003,wd0.0",5,"lr=1e-04, wd=0.0",-1.7569,3
[32],10,"lr0.003,wd0.0",6,"lr=1e-04, wd=0.01",-1.7534,4
[32],10,"lr0.003,wd0.0",10,"lr=0.001, wd=0.01",-1.6462,5
[32],10,"lr0.003,wd0.0",3,"lr=3e-05, wd=0.0",-1.5147,6
[32],10,"lr0.003,wd0.0",4,"lr=3e-05, wd=0.01",-1.477,7
[32],10,"lr0.003,wd0.0",12,"lr=0.003, wd=0.01",-1.3108,8
[32],10,"lr0.003,wd0.0",1,"lr=1e-05, wd=0.0",-1.2781,9
[32],10,"lr0.003,wd0.0",2,"lr=1e-05, wd=0.01",-1.2711,10
[32],10,"lr0.003,wd0.0",9,"lr=0.001, wd=0.0",-0.2059,11
[32],10,"lr0.003,wd0.0",11,"lr=0.003, wd=0.0",0.4372,12
[32],10,"lr0.003,wd0.01",10,"lr=0.001, wd=0.01",-2.6878,1
[32],10,"lr0.003,wd0.01",7,"lr=3e-04, wd=0.0",-2.463,2
[32],10,"lr0.003,wd0.01",12,"lr=0.003, wd=0.01",-2.3654,3
[32],10,"lr0.003,wd0.01",9,"lr=0.001, wd=0.0",-2.321,4
[32],10,"lr0.003,wd0.01",11,"lr=0.003, wd=0.0",-2.0797,5
[32],10,"lr0.003,wd0.01",8,"lr=3e-04, wd=0.01",-1.8781,6
[32],10,"lr0.003,wd0.01",5,"lr=1e-04, wd=0.0",-1.847,7
[32],10,"lr0.003,wd0.01",6,"lr=1e-04, wd=0.01",-1.7842,8
[32],10,"lr0.003,wd0.01",4,"lr=3e-05, wd=0.01",-1.3484,9
[32],10,"lr0.003,wd0.01",3,"lr=3e-05, wd=0.0",-1.3285,10
[32],10,"lr0.003,wd0.01",1,"lr=1e-05, wd=0.0",-1.182,11
[32],10,"lr0.003,wd0.01",2,"lr=1e-05, wd=0.01",-1.168,12
[32],20,"lr1e-05,wd0.0",3,"lr=3e-05, wd=0.0",-3.2605,1
[32],20,"lr1e-05,wd0.0",5,"lr=1e-04, wd=0.0",-3.0177,2
[32],20,"lr1e-05,wd0.0",4,"lr=3e-05, wd=0.01",-2.9611,3
[32],20,"lr1e-05,wd0.0",6,"lr=1e-04, wd=0.01",-2.8266,4
[32],20,"lr1e-05,wd0.0",7,"lr=3e-04, wd=0.0",-2.5552,5
[32],20,"lr1e-05,wd0.0",8,"lr=3e-04, wd=0.01",-2.3522,6
[32],20,"lr1e-05,wd0.0",1,"lr=1e-05, wd=0.0",-2.2167,7
[32],20,"lr1e-05,wd0.0",2,"lr=1e-05, wd=0.01",-2.1014,8
[32],20,"lr1e-05,wd0.0",9,"lr=0.001, wd=0.0",-1.9736,9
[32],20,"lr1e-05,wd0.0",11,"lr=0.003, wd=0.0",-1.9034,10
[32],20,"lr1e-05,wd0.0",10,"lr=0.001, wd=0.01",-1.6586,11
[32],20,"lr1e-05,wd0.0",12,"lr=0.003, wd=0.01",-1.5095,12
[32],20,"lr1e-05,wd0.01",3,"lr=3e-05, wd=0.0",-3.9762,1
[32],20,"lr1e-05,wd0.01",4,"lr=3e-05, wd=0.01",-3.647,2
[32],20,"lr1e-05,wd0.01",6,"lr=1e-04, wd=0.01",-3.3846,3
[32],20,"lr1e-05,wd0.01",5,"lr=1e-04, wd=0.0",-3.3392,4
[32],20,"lr1e-05,wd0.01",7,"lr=3e-04, wd=0.0",-2.5218,5
[32],20,"lr1e-05,wd0.01",8,"lr=3e-04, wd=0.01",-2.3913,6
[32],20,"lr1e-05,wd0.01",1,"lr=1e-05, wd=0.0",-2.2774,7
[32],20,"lr1e-05,wd0.01",2,"lr=1e-05, wd=0.01",-2.2531,8
[32],20,"lr1e-05,wd0.01",9,"lr=0.001, wd=0.0",-1.9964,9
[32],20,"lr1e-05,wd0.01",11,"lr=0.003, wd=0.0",-1.9012,10
[32],20,"lr1e-05,wd0.01",10,"lr=0.001, wd=0.01",-1.6477,11
[32],20,"lr1e-05,wd0.01",12,"lr=0.003, wd=0.01",-1.5078,12
[32],20,"lr3e-05,wd0.0",5,"lr=1e-04, wd=0.0",-3.3688,1
[32],20,"lr3e-05,wd0.0",7,"lr=3e-04, wd=0.0",-2.6076,2
[32],20,"lr3e-05,wd0.0",6,"lr=1e-04, wd=0.01",-2.5855,3
[32],20,"lr3e-05,wd0.0",8,"lr=3e-04, wd=0.01",-2.432,4
[32],20,"lr3e-05,wd0.0",9,"lr=0.001, wd=0.0",-2.385,5
[32],20,"lr3e-05,wd0.0",3,"lr=3e-05, wd=0.0",-2.3479,6
[32],20,"lr3e-05,wd0.0",11,"lr=0.003, wd=0.0",-2.2856,7
[32],20,"lr3e-05,wd0.0",4,"lr=3e-05, wd=0.01",-2.1919,8
[32],20,"lr3e-05,wd0.0",1,"lr=1e-05, wd=0.0",-2.0699,9
[32],20,"lr3e-05,wd0.0",2,"lr=1e-05, wd=0.01",-1.9826,10
[32],20,"lr3e-05,wd0.0",10,"lr=0.001, wd=0.01",-1.6454,11
[32],20,"lr3e-05,wd0.0",12,"lr=0.003, wd=0.01",-1.3237,12
[32],20,"lr3e-05,wd0.01",5,"lr=1e-04, wd=0.0",-4.088,1
[32],20,"lr3e-05,wd0.01",6,"lr=1e-04, wd=0.01",-3.7685,2
[32],20,"lr3e-05,wd0.01",8,"lr=3e-04, wd=0.01",-3.5865,3
[32],20,"lr3e-05,wd0.01",7,"lr=3e-04, wd=0.0",-3.2061,4
[32],20,"lr3e-05,wd0.01",9,"lr=0.001, wd=0.0",-2.6269,5
[32],20,"lr3e-05,wd0.01",11,"lr=0.003, wd=0.0",-2.53,6
[32],20,"lr3e-05,wd0.01",3,"lr=3e-05, wd=0.0",-2.4723,7
[32],20,"lr3e-05,wd0.01",4,"lr=3e-05, wd=0.01",-2.4369,8
[32],20,"lr3e-05,wd0.01",2,"lr=1e-05, wd=0.01",-2.2458,9
[32],20,"lr3e-05,wd0.01",1,"lr=1e-05, wd=0.0",-2.2445,10
[32],20,"lr3e-05,wd0.01",10,"lr=0.001, wd=0.01",-2.0201,11
[32],20,"lr3e-05,wd0.01",12,"lr=0.003, wd=0.01",-1.4903,12
[32],20,"lr0.0001,wd0.0",7,"lr=3e-04, wd=0.0",-2.2064,1
[32],20,"lr0.0001,wd0.0",5,"lr=1e-04, wd=0.0",-2.1401,2
[32],20,"lr0.0001,wd0.0",9,"lr=0.001, wd=0.0",-2.102,3
[32],20,"lr0.0001,wd0.0",3,"lr=3e-05, wd=0.0",-1.9745,4
[32],20,"lr0.0001,wd0.0",11,"lr=0.003, wd=0.0",-1.9521,5
[32],20,"lr0.0001,wd0.0",6,"lr=1e-04, wd=0.01",-1.9214,6
[32],20,"lr0.0001,wd0.0",4,"lr=3e-05, wd=0.01",-1.9022,7
[32],20,"lr0.0001,wd0.0",1,"lr=1e-05, wd=0.0",-1.7547,8
[32],20,"lr0.0001,wd0.0",2,"lr=1e-05, wd=0.01",-1.7311,9
[32],20,"lr0.0001,wd0.0",8,"lr=3e-04, wd=0.01",-1.6852,10
[32],20,"lr0.0001,wd0.0",10,"lr=0.001, wd=0.01",-1.5171,11
[32],20,"lr0.0001,wd0.0",12,"lr=0.003, wd=0.01",-1.3124,12
[32],20,"lr0.0001,wd0.01",5,"lr=1e-04, wd=0.0",-3.7062,1
[32],20,"lr0.0001,wd0.01",8,"lr=3e-04, wd=0.01",-3.4829,2
[32],20,"lr0.0001,wd0.01",11,"lr=0.003, wd=0.0",-3.2325,3
[32],20,"lr0.0001,wd0.01",9,"lr=0.001, wd=0.0",-3.2212,4
[32],20,"lr0.0001,wd0.01",7,"lr=3e-04, wd=0.0",-3.2187,5
[32],20,"lr0.0001,wd0.01",6,"lr=1e-04, wd=0.01",-2.5811,6
[32],20,"lr0.0001,wd0.01",3,"lr=3e-05, wd=0.0",-2.3413,7
[32],20,"lr0.0001,wd0.01",4,"lr=3e-05, wd=0.01",-2.3254,8
[32],20,"lr0.0001,wd0.01",10,"lr=0.001, wd=0.01",-2.1855,9
[32],20,"lr0.0001,wd0.01",1,"lr=1e-05, wd=0.0",-2.0273,10
[32],20,"lr0.0001,wd0.01",2,"lr=1e-05, wd=0.01",-2.0071,11
[32],20,"lr0.0001,wd0.01",12,"lr=0.003, wd=0.01",-1.5318,12
[32],20,"lr0.0003,wd0.0",9,"lr=0.001, wd=0.0",-1.8711,1
[32],20,"lr0.0003,wd0.0",11,"lr=0.003, wd=0.0",-1.8081,2
[32],20,"lr0.0003,wd0.0",7,"lr=3e-04, wd=0.0",-1.8065,3
[32],20,"lr0.0003,wd0.0",8,"lr=3e-04, wd=0.01",-1.6729,4
[32],20,"lr0.0003,wd0.0",6,"lr=1e-04, wd=0.01",-1.6674,5
[32],20,"lr0.0003,wd0.0",5,"lr=1e-04, wd=0.0",-1.6456,6
[32],20,"lr0.0003,wd0.0",10,"lr=0.001, wd=0.01",-1.58,7
[32],20,"lr0.0003,wd0.0",3,"lr=3e-05, wd=0.0",-1.5628,8
[32],20,"lr0.0003,wd0.0",4,"lr=3e-05, wd=0.01",-1.562,9
[32],20,"lr0.0003,wd0.0",1,"lr=1e-05, wd=0.0",-1.4753,10
[32],20,"lr0.0003,wd0.0",2,"lr=1e-05, wd=0.01",-1.472,11
[32],20,"lr0.0003,wd0.0",12,"lr=0.003, wd=0.01",-1.376,12
[32],20,"lr0.0003,wd0.01",8,"lr=3e-04, wd=0.01",-3.4868,1
[32],20,"lr0.0003,wd0.01",11,"lr=0.003, wd=0.0",-2.9569,2
[32],20,"lr0.0003,wd0.01",10,"lr=0.001, wd=0.01",-2.9349,3
[32],20,"lr0.0003,wd0.01",9,"lr=0.001, wd=0.0",-2.5107,4
[32],20,"lr0.0003,wd0.01",7,"lr=3e-04, wd=0.0",-2.4002,5
[32],20,"lr0.0003,wd0.01",5,"lr=1e-04, wd=0.0",-2.3561,6
[32],20,"lr0.0003,wd0.01",6,"lr=1e-04, wd=0.01",-2.2837,7
[32],20,"lr0.0003,wd0.01",3,"lr=3e-05, wd=0.0",-2.1312,8
[32],20,"lr0.0003,wd0.01",4,"lr=3e-05, wd=0.01",-2.0808,9
[32],20,"lr0.0003,wd0.01",12,"lr=0.003, wd=0.01",-1.7029,10
[32],20,"lr0.0003,wd0.01",1,"lr=1e-05, wd=0.0",-1.5612,11
[32],20,"lr0.0003,wd0.01",2,"lr=1e-05, wd=0.01",-1.5142,12
[32],20,"lr0.001,wd0.0",9,"lr=0.001, wd=0.0",-1.8435,1
[32],20,"lr0.001,wd0.0",7,"lr=3e-04, wd=0.0",-1.7527,2
[32],20,"lr0.001,wd0.0",11,"lr=0.003, wd=0.0",-1.7318,3
[32],20,"lr0.001,wd0.0",8,"lr=3e-04, wd=0.01",-1.6535,4
[32],20,"lr0.001,wd0.0",6,"lr=1e-04, wd=0.01",-1.6252,5
[32],20,"lr0.001,wd0.0",5,"lr=1e-04, wd=0.0",-1.6116,6
[32],20,"lr0.001,wd0.0",10,"lr=0.001, wd=0.01",-1.6038,7
[32],20,"lr0.001,wd0.0",4,"lr=3e-05, wd=0.01",-1.5318,8
[32],20,"lr0.001,wd0.0",3,"lr=3e-05, wd=0.0",-1.5307,9
[32],20,"lr0.001,wd0.0",12,"lr=0.003, wd=0.01",-1.4621,10
[32],20,"lr0.001,wd0.0",1,"lr=1e-05, wd=0.0",-1.4471,11
[32],20,"lr0.001,wd0.0",2,"lr=1e-05, wd=0.01",-1.4451,12
[32],20,"lr0.001,wd0.01",10,"lr=0.001, wd=0.01",-3.4643,1
[32],20,"lr0.001,wd0.01",8,"lr=3e-04, wd=0.01",-2.4067,2
[32],20,"lr0.001,wd0.01",5,"lr=1e-04, wd=0.0",-2.1926,3
[32],20,"lr0.001,wd0.01",6,"lr=1e-04, wd=0.01",-2.1755,4
[32],20,"lr0.001,wd0.01",12,"lr=0.003, wd=0.01",-2.0702,5
[32],20,"lr0.001,wd0.01",9,"lr=0.001, wd=0.0",-1.783,6
[32],20,"lr0.001,wd0.01",3,"lr=3e-05, wd=0.0",-1.7766,7
[32],20,"lr0.001,wd0.01",7,"lr=3e-04, wd=0.0",-1.7618,8
[32],20,"lr0.001,wd0.01",4,"lr=3e-05, wd=0.01",-1.6831,9
[32],20,"lr0.001,wd0.01",11,"lr=0.003, wd=0.0",-1.6222,10
[32],20,"lr0.001,wd0.01",1,"lr=1e-05, wd=0.0",-1.451,11
[32],20,"lr0.001,wd0.01",2,"lr=1e-05, wd=0.01",-1.407,12
[32],20,"lr0.003,wd0.0",8,"lr=3e-04, wd=0.01",-1.8837,1
[32],20,"lr0.003,wd0.0",5,"lr=1e-04, wd=0.0",-1.8331,2
[32],20,"lr0.003,wd0.0",6,"lr=1e-04, wd=0.01",-1.7847,3
[32],20,"lr0.003,wd0.0",10,"lr=0.001, wd=0.01",-1.763,4
[32],20,"lr0.003,wd0.0",3,"lr=3e-05, wd=0.0",-1.6766,5
[32],20,"lr0.003,wd0.0",4,"lr=3e-05, wd=0.01",-1.6591,6
[32],20,"lr0.003,wd0.0",12,"lr=0.003, wd=0.01",-1.4894,7
[32],20,"lr0.003,wd0.0",1,"lr=1e-05, wd=0.0",-1.4741,8
[32],20,"lr0.003,wd0.0",2,"lr=1e-05, wd=0.01",-1.4521,9
[32],20,"lr0.003,wd0.0",7,"lr=3e-04, wd=0.0",-1.2525,10
[32],20,"lr0.003,wd0.0",11,"lr=0.003, wd=0.0",-0.5746,11
[32],20,"lr0.003,wd0.0",9,"lr=0.001, wd=0.0",0.2855,12
[32],20,"lr0.003,wd0.01",12,"lr=0.003, wd=0.01",-2.6765,1
[32],20,"lr0.003,wd0.01",6,"lr=1e-04, wd=0.01",-1.935,2
[32],20,"lr0.003,wd0.01",4,"lr=3e-05, wd=0.01",-1.8745,3
[32],20,"lr0.003,wd0.01",3,"lr=3e-05, wd=0.0",-1.8546,4
[32],20,"lr0.003,wd0.01",5,"lr=1e-04, wd=0.0",-1.8387,5
[32],20,"lr0.003,wd0.01",7,"lr=3e-04, wd=0.0",-1.7483,6
[32],20,"lr0.003,wd0.01",1,"lr=1e-05, wd=0.0",-1.6251,7
[32],20,"lr0.003,wd0.01",2,"lr=1e-05, wd=0.01",-1.5841,8
[32],20,"lr0.003,wd0.01",9,"lr=0.001, wd=0.0",-1.2764,9
[32],20,"lr0.003,wd0.01",10,"lr=0.001, wd=0.01",-1.2713,10
[32],20,"lr0.003,wd0.01",11,"lr=0.003, wd=0.0",-0.6841,11
[32],20,"lr0.003,wd0.01",8,"lr=3e-04, wd=0.01",0.0704,12
[32],50,"lr1e-05,wd0.0",5,"lr=1e-04, wd=0.0",-4.0799,1
[32],50,"lr1e-05,wd0.0",6,"lr=1e-04, wd=0.01",-3.9863,2
[32],50,"lr1e-05,wd0.0",3,"lr=3e-05, wd=0.0",-3.8912,3
[32],50,"lr1e-05,wd0.0",4,"lr=3e-05, wd=0.01",-3.7746,4
[32],50,"lr1e-05,wd0.0",8,"lr=3e-04, wd=0.01",-3.768,5
[32],50,"lr1e-05,wd0.0",1,"lr=1e-05, wd=0.0",-3.719,6
[32],50,"lr1e-05,wd0.0",7,"lr=3e-04, wd=0.0",-3.7139,7
[32],50,"lr1e-05,wd0.0",11,"lr=0.003, wd=0.0",-3.5962,8
[32],50,"lr1e-05,wd0.0",2,"lr=1e-05, wd=0.01",-3.5705,9
[32],50,"lr1e-05,wd0.0",9,"lr=0.001, wd=0.0",-3.556,10
[32],50,"lr1e-05,wd0.0",10,"lr=0.001, wd=0.01",-3.4556,11
[32],50,"lr1e-05,wd0.0",12,"lr=0.003, wd=0.01",-2.5071,12
[32],50,"lr1e-05,wd0.01",3,"lr=3e-05, wd=0.0",-4.1723,1
[32],50,"lr1e-05,wd0.01",5,"lr=1e-04, wd=0.0",-4.1448,2
[32],50,"lr1e-05,wd0.01",6,"lr=1e-04, wd=0.01",-4.1405,3
[32],50,"lr1e-05,wd0.01",4,"lr=3e-05, wd=0.01",-4.0745,4
[32],50,"lr1e-05,wd0.01",7,"lr=3e-04, wd=0.0",-3.8817,5
[32],50,"lr1e-05,wd0.01",8,"lr=3e-04, wd=0.01",-3.8708,6
[32],50,"lr1e-05,wd0.01",2,"lr=1e-05, wd=0.01",-3.7837,7
[32],50,"lr1e-05,wd0.01",1,"lr=1e-05, wd=0.0",-3.7358,8
[32],50,"lr1e-05,wd0.01",11,"lr=0.003, wd=0.0",-3.7324,9
[32],50,"lr1e-05,wd0.01",9,"lr=0.001, wd=0.0",-3.7128,10
[32],50,"lr1e-05,wd0.01",10,"lr=0.001, wd=0.01",-3.5655,11
[32],50,"lr1e-05,wd0.01",12,"lr=0.003, wd=0.01",-2.4244,12
[32],50,"lr3e-05,wd0.0",5,"lr=1e-04, wd=0.0",-4.0217,1
[32],50,"lr3e-05,wd0.0",3,"lr=3e-05, wd=0.0",-3.7708,2
[32],50,"lr3e-05,wd0.0",4,"lr=3e-05, wd=0.01",-3.6208,3
[32],50,"lr3e-05,wd0.0",11,"lr=0.003, wd=0.0",-3.5667,4
[32],50,"lr3e-05,wd0.0",7,"lr=3e-04, wd=0.0",-3.4878,5
[32],50,"lr3e-05,wd0.0",6,"lr=1e-04, wd=0.01",-3.4501,6
[32],50,"lr3e-05,wd0.0",8,"lr=3e-04, wd=0.01",-3.4323,7
[32],50,"lr3e-05,wd0.0",9,"lr=0.001, wd=0.0",-3.4102,8
[32],50,"lr3e-05,wd0.0",10,"lr=0.001, wd=0.01",-3.208,9
[32],50,"lr3e-05,wd0.0",1,"lr=1e-05, wd=0.0",-2.546,10
[32],50,"lr3e-05,wd0.0",2,"lr=1e-05, wd=0.01",-2.4373,11
[32],50,"lr3e-05,wd0.0",12,"lr=0.003, wd=0.01",-2.3929,12
[32],50,"lr3e-05,wd0.01",5,"lr=1e-04, wd=0.0",-4.1421,1
[32],50,"lr3e-05,wd0.01",6,"lr=1e-04, wd=0.01",-4.1107,2
[32],50,"lr3e-05,wd0.01",8,"lr=3e-04, wd=0.01",-4.065,3
[32],50,"lr3e-05,wd0.01",7,"lr=3e-04, wd=0.0",-4.0245,4
[32],50,"lr3e-05,wd0.01",4,"lr=3e-05, wd=0.01",-4.0082,5
[32],50,"lr3e-05,wd0.01",3,"lr=3e-05, wd=0.0",-3.9997,6
[32],50,"lr3e-05,wd0.01",11,"lr=0.003, wd=0.0",-3.936,7
[32],50,"lr3e-05,wd0.01",9,"lr=0.001, wd=0.0",-3.8794,8
[32],50,"lr3e-05,wd0.01",2,"lr=1e-05, wd=0.01",-3.6844,9
[32],50,"lr3e-05,wd0.01",1,"lr=1e-05, wd=0.0",-3.6744,10
[32],50,"lr3e-05,wd0.01",10,"lr=0.001, wd=0.01",-3.5473,11
[32],50,"lr3e-05,wd0.01",12,"lr=0.003, wd=0.01",-2.3388,12
[32],50,"lr0.0001,wd0.0",7,"lr=3e-04, wd=0.0",-2.5316,1
[32],50,"lr0.0001,wd0.0",11,"lr=0.003, wd=0.0",-2.4847,2
[32],50,"lr0.0001,wd0.0",9,"lr=0.001, wd=0.0",-2.4634,3
[32],50,"lr0.0001,wd0.0",8,"lr=3e-04, wd=0.01",-2.356,4
[32],50,"lr0.0001,wd0.0",5,"lr=1e-04, wd=0.0",-2.331,5
[32],50,"lr0.0001,wd0.0",6,"lr=1e-04, wd=0.01",-2.2998,6
[32],50,"lr0.0001,wd0.0",10,"lr=0.001, wd=0.01",-2.2443,7
[32],50,"lr0.0001,wd0.0",4,"lr=3e-05, wd=0.01",-2.1904,8
[32],50,"lr0.0001,wd0.0",3,"lr=3e-05, wd=0.0",-2.1832,9
[32],50,"lr0.0001,wd0.0",2,"lr=1e-05, wd=0.01",-2.1196,10
[32],50,"lr0.0001,wd0.0",12,"lr=0.003, wd=0.01",-2.1193,11
[32],50,"lr0.0001,wd0.0",1,"lr=1e-05, wd=0.0",-2.1008,12
[32],50,"lr0.0001,wd0.01",8,"lr=3e-04, wd=0.01",-4.0579,1
[32],50,"lr0.0001,wd0.01",5,"lr=1e-04, wd=0.0",-4.0311,2
[32],50,"lr0.0001,wd0.01",6,"lr=1e-04, wd=0.01",-4.0199,3
[32],50,"lr0.0001,wd0.01",4,"lr=3e-05, wd=0.01",-4.0001,4
[32],50,"lr0.0001,wd0.01",3,"lr=3e-05, wd=0.0",-3.9735,5
[32],50,"lr0.0001,wd0.01",11,"lr=0.003, wd=0.0",-3.9073,6
[32],50,"lr0.0001,wd0.01",2,"lr=1e-05, wd=0.01",-3.8919,7
[32],50,"lr0.0001,wd0.01",1,"lr=1e-05, wd=0.0",-3.8717,8
[32],50,"lr0.0001,wd0.01",10,"lr=0.001, wd=0.01",-3.8589,9
[32],50,"lr0.0001,wd0.01",9,"lr=0.001, wd=0.0",-3.7922,10
[32],50,"lr0.0001,wd0.01",7,"lr=3e-04, wd=0.0",-3.7737,11
[32],50,"lr0.0001,wd0.01",12,"lr=0.003, wd=0.01",-2.5682,12
[32],50,"lr0.0003,wd0.0",9,"lr=0.001, wd=0.0",-2.1241,1
[32],50,"lr0.0003,wd0.0",11,"lr=0.003, wd=0.0",-2.0557,2
[32],50,"lr0.0003,wd0.0",7,"lr=3e-04, wd=0.0",-2.0186,3
[32],50,"lr0.0003,wd0.0",12,"lr=0.003, wd=0.01",-1.9991,4
[32],50,"lr0.0003,wd0.0",10,"lr=0.001, wd=0.01",-1.9656,5
[32],50,"lr0.0003,wd0.0",8,"lr=3e-04, wd=0.01",-1.9534,6
[32],50,"lr0.0003,wd0.0",5,"lr=1e-04, wd=0.0",-1.9402,7
[32],50,"lr0.0003,wd0.0",6,"lr=1e-04, wd=0.01",-1.9128,8
[32],50,"lr0.0003,wd0.0",2,"lr=1e-05, wd=0.01",-1.7583,9
[32],50,"lr0.0003,wd0.0",1,"lr=1e-05, wd=0.0",-1.7544,10
[32],50,"lr0.0003,wd0.0",3,"lr=3e-05, wd=0.0",-1.7485,11
[32],50,"lr0.0003,wd0.0",4,"lr=3e-05, wd=0.01",-1.7476,12
[32],50,"lr0.0003,wd0.01",10,"lr=0.001, wd=0.01",-3.9515,1
[32],50,"lr0.0003,wd0.01",6,"lr=1e-04, wd=0.01",-3.9203,2
[32],50,"lr0.0003,wd0.01",8,"lr=3e-04, wd=0.01",-3.9107,3
[32],50,"lr0.0003,wd0.01",5,"lr=1e-04, wd=0.0",-3.8942,4
[32],50,"lr0.0003,wd0.01",3,"lr=3e-05, wd=0.0",-3.8893,5
[32],50,"lr0.0003,wd0.01",4,"lr=3e-05, wd=0.01",-3.8871,6
[32],50,"lr0.0003,wd0.01",1,"lr=1e-05, wd=0.0",-3.7152,7
[32],50,"lr0.0003,wd0.01",2,"lr=1e-05, wd=0.01",-3.6829,8
[32],50,"lr0.0003,wd0.01",11,"lr=0.003, wd=0.0",-3.5901,9
[32],50,"lr0.0003,wd0.01",9,"lr=0.001, wd=0.0",-3.4325,10
[32],50,"lr0.0003,wd0.01",12,"lr=0.003, wd=0.01",-3.2851,11
[32],50,"lr0.0003,wd0.01",7,"lr=3e-04, wd=0.0",-3.2728,12
[32],50,"lr0.001,wd0.0",9,"lr=0.001, wd=0.0",-2.0737,1
[32],50,"lr0.001,wd0.0",11,"lr=0.003, wd=0.0",-2.0629,2
[32],50,"lr0.001,wd0.0",12,"lr=0.003, wd=0.01",-2.0204,3
[32],50,"lr0.001,wd0.0",7,"lr=3e-04, wd=0.0",-1.9876,4
[32],50,"lr0.001,wd0.0",10,"lr=0.001, wd=0.01",-1.9699,5
[32],50,"lr0.001,wd0.0",8,"lr=3e-04, wd=0.01",-1.8879,6
[32],50,"lr0.001,wd0.0",5,"lr=1e-04, wd=0.0",-1.7511,7
[32],50,"lr0.001,wd0.0",6,"lr=1e-04, wd=0.01",-1.7151,8
[32],50,"lr0.001,wd0.0",3,"lr=3e-05, wd=0.0",-1.7144,9
[32],50,"lr0.001,wd0.0",4,"lr=3e-05, wd=0.01",-1.7139,10
[32],50,"lr0.001,wd0.0",2,"lr=1e-05, wd=0.01",-1.7036,11
[32],50,"lr0.001,wd0.0",1,"lr=1e-05, wd=0.0",-1.7024,12
[32],50,"lr0.001,wd0.01",12,"lr=0.003, wd=0.01",-3.3068,1
[32],50,"lr0.001,wd0.01",4,"lr=3e-05, wd=0.01",-2.643,2
[32],50,"lr0.001,wd0.01",3,"lr=3e-05, wd=0.0",-2.5679,3
[32],50,"lr0.001,wd0.01",10,"lr=0.001, wd=0.01",-2.3668,4
[32],50,"lr0.001,wd0.01",1,"lr=1e-05, wd=0.0",-2.2974,5
[32],50,"lr0.001,wd0.01",2,"lr=1e-05, wd=0.01",-2.2873,6
[32],50,"lr0.001,wd0.01",5,"lr=1e-04, wd=0.0",-1.8936,7
[32],50,"lr0.001,wd0.01",6,"lr=1e-04, wd=0.01",-1.5141,8
[32],50,"lr0.001,wd0.01",8,"lr=3e-04, wd=0.01",-0.3034,9
[32],50,"lr0.001,wd0.01",9,"lr=0.001, wd=0.0",0.0481,10
[32],50,"lr0.001,wd0.01",7,"lr=3e-04, wd=0.0",0.4139,11
[32],50,"lr0.001,wd0.01",11,"lr=0.003, wd=0.0",0.4398,12
[32],50,"lr0.003,wd0.0",8,"lr=3e-04, wd=0.01",-2.3283,1
[32],50,"lr0.003,wd0.0",6,"lr=1e-04, wd=0.01",-2.2564,2
[32],50,"lr0.003,wd0.0",4,"lr=3e-05, wd=0.01",-2.244,3
[32],50,"lr0.003,wd0.0",2,"lr=1e-05, wd=0.01",-2.2412,4
[32],50,"lr0.003,wd0.0",5,"lr=1e-04, wd=0.0",-2.2347,5
[32],50,"lr0.003,wd0.0",10,"lr=0.001, wd=0.01",-2.2346,6
[32],50,"lr0.003,wd0.0",1,"lr=1e-05, wd=0.0",-2.2145,7
[32],50,"lr0.003,wd0.0",3,"lr=3e-05, wd=0.0",-2.2039,8
[32],50,"lr0.003,wd0.0",12,"lr=0.003, wd=0.01",-2.1523,9
[32],50,"lr0.003,wd0.0",11,"lr=0.003, wd=0.0",-0.8606,10
[32],50,"lr0.003,wd0.0",7,"lr=3e-04, wd=0.0",-0.5177,11
[32],50,"lr0.003,wd0.0",9,"lr=0.001, wd=0.0",-0.5071,12
[32],50,"lr0.003,wd0.01",12,"lr=0.003, wd=0.01",-2.4344,1
[32],50,"lr0.003,wd0.01",3,"lr=3e-05, wd=0.0",-2.1533,2
[32],50,"lr0.003,wd0.01",4,"lr=3e-05, wd=0.01",-2.1492,3
[32],50,"lr0.003,wd0.01",1,"lr=1e-05, wd=0.0",-2.1228,4
[32],50,"lr0.003,wd0.01",2,"lr=1e-05, wd=0.01",-2.1208,5
[32],50,"lr0.003,wd0.01",5,"lr=1e-04, wd=0.0",0.5688,6
[32],50,"lr0.003,wd0.01",10,"lr=0.001, wd=0.01",1.6537,7
[32],50,"lr0.003,wd0.01",9,"lr=0.001, wd=0.0",2.041,8
[32],50,"lr0.003,wd0.01",7,"lr=3e-04, wd=0.0",2.4432,9
[32],50,"lr0.003,wd0.01",6,"lr=1e-04, wd=0.01",2.6959,10
[32],50,"lr0.003,wd0.01",11,"lr=0.003, wd=0.0",3.0376,11
[32],50,"lr0.003,wd0.01",8,"lr=3e-04, wd=0.01",4.224,12
[32],90,"lr1e-05,wd0.0",3,"lr=3e-05, wd=0.0",-4.1868,1
[32],90,"lr1e-05,wd0.0",4,"lr=3e-05, wd=0.01",-4.1684,2
[32],90,"lr1e-05,wd0.0",5,"lr=1e-04, wd=0.0",-4.1675,3
[32],90,"lr1e-05,wd0.0",6,"lr=1e-04, wd=0.01",-4.1237,4
[32],90,"lr1e-05,wd0.0",1,"lr=1e-05, wd=0.0",-4.0654,5
[32],90,"lr1e-05,wd0.0",7,"lr=3e-04, wd=0.0",-4.0269,6
[32],90,"lr1e-05,wd0.0",2,"lr=1e-05, wd=0.01",-4.0126,7
[32],90,"lr1e-05,wd0.0",11,"lr=0.003, wd=0.0",-4.0078,8
[32],90,"lr1e-05,wd0.0",8,"lr=3e-04, wd=0.01",-4.0033,9
[32],90,"lr1e-05,wd0.0",9,"lr=0.001, wd=0.0",-3.9864,10
[32],90,"lr1e-05,wd0.0",10,"lr=0.001, wd=0.01",-3.8895,11
[32],90,"lr1e-05,wd0.0",12,"lr=0.003, wd=0.01",-3.8878,12
[32],90,"lr1e-05,wd0.01",3,"lr=3e-05, wd=0.0",-4.2215,1
[32],90,"lr1e-05,wd0.01",6,"lr=1e-04, wd=0.01",-4.2137,2
[32],90,"lr1e-05,wd0.01",4,"lr=3e-05, wd=0.01",-4.2084,3
[32],90,"lr1e-05,wd0.01",5,"lr=1e-04, wd=0.0",-4.207,4
[32],90,"lr1e-05,wd0.01",7,"lr=3e-04, wd=0.0",-4.1678,5
[32],90,"lr1e-05,wd0.01",8,"lr=3e-04, wd=0.01",-4.1638,6
[32],90,"lr1e-05,wd0.01",2,"lr=1e-05, wd=0.01",-4.1508,7
[32],90,"lr1e-05,wd0.01",11,"lr=0.003, wd=0.0",-4.1394,8
[32],90,"lr1e-05,wd0.01",1,"lr=1e-05, wd=0.0",-4.1342,9
[32],90,"lr1e-05,wd0.01",9,"lr=0.001, wd=0.0",-4.1337,10
[32],90,"lr1e-05,wd0.01",10,"lr=0.001, wd=0.01",-4.0816,11
[32],90,"lr1e-05,wd0.01",12,"lr=0.003, wd=0.01",-4.0292,12
[32],90,"lr3e-05,wd0.0",5,"lr=1e-04, wd=0.0",-4.178,1
[32],90,"lr3e-05,wd0.0",11,"lr=0.003, wd=0.0",-4.1314,2
[32],90,"lr3e-05,wd0.0",6,"lr=1e-04, wd=0.01",-4.127,3
[32],90,"lr3e-05,wd0.0",9,"lr=0.001, wd=0.0",-4.1197,4
[32],90,"lr3e-05,wd0.0",8,"lr=3e-04, wd=0.01",-4.1087,5
[32],90,"lr3e-05,wd0.0",7,"lr=3e-04, wd=0.0",-4.1029,6
[32],90,"lr3e-05,wd0.0",3,"lr=3e-05, wd=0.0",-4.0383,7
[32],90,"lr3e-05,wd0.0",10,"lr=0.001, wd=0.01",-4.0226,8
[32],90,"lr3e-05,wd0.0",4,"lr=3e-05, wd=0.01",-4.0217,9
[32],90,"lr3e-05,wd0.0",12,"lr=0.003, wd=0.01",-3.9697,10
[32],90,"lr3e-05,wd0.0",1,"lr=1e-05, wd=0.0",-3.9687,11
[32],90,"lr3e-05,wd0.0",2,"lr=1e-05, wd=0.01",-3.965,12
[32],90,"lr3e-05,wd0.01",6,"lr=1e-04, wd=0.01",-4.1928,1
[32],90,"lr3e-05,wd0.01",8,"lr=3e-04, wd=0.01",-4.1865,2
[32],90,"lr3e-05,wd0.01",7,"lr=3e-04, wd=0.0",-4.186,3
[32],90,"lr3e-05,wd0.01",5,"lr=1e-04, wd=0.0",-4.1777,4
[32],90,"lr3e-05,wd0.01",9,"lr=0.001, wd=0.0",-4.1717,5
[32],90,"lr3e-05,wd0.01",11,"lr=0.003, wd=0.0",-4.165,6
[32],90,"lr3e-05,wd0.01",4,"lr=3e-05, wd=0.01",-4.1316,7
[32],90,"lr3e-05,wd0.01",3,"lr=3e-05, wd=0.0",-4.1166,8
[32],90,"lr3e-05,wd0.01",2,"lr=1e-05, wd=0.01",-4.0962,9
[32],90,"lr3e-05,wd0.01",1,"lr=1e-05, wd=0.0",-4.0923,10
[32],90,"lr3e-05,wd0.01",10,"lr=0.001, wd=0.01",-4.0868,11
[32],90,"lr3e-05,wd0.01",12,"lr=0.003, wd=0.01",-3.9891,12
[32],90,"lr0.0001,wd0.0",9,"lr=0.001, wd=0.0",-3.7952,1
[32],90,"lr0.0001,wd0.0",7,"lr=3e-04, wd=0.0",-3.6789,2
[32],90,"lr0.0001,wd0.0",11,"lr=0.003, wd=0.0",-2.5244,3
[32],90,"lr0.0001,wd0.0",1,"lr=1e-05, wd=0.0",-2.4408,4
[32],90,"lr0.0001,wd0.0",2,"lr=1e-05, wd=0.01",-2.4231,5
[32],90,"lr0.0001,wd0.0",12,"lr=0.003, wd=0.01",-2.3913,6
[32],90,"lr0.0001,wd0.0",8,"lr=3e-04, wd=0.01",-2.378,7
[32],90,"lr0.0001,wd0.0",10,"lr=0.001, wd=0.01",-2.3615,8
[32],90,"lr0.0001,wd0.0",4,"lr=3e-05, wd=0.01",-2.3543,9
[32],90,"lr0.0001,wd0.0",3,"lr=3e-05, wd=0.0",-2.3499,10
[32],90,"lr0.0001,wd0.0",6,"lr=1e-04, wd=0.01",-2.3494,11
[32],90,"lr0.0001,wd0.0",5,"lr=1e-04, wd=0.0",-2.3478,12
[32],90,"lr0.0001,wd0.01",8,"lr=3e-04, wd=0.01",-4.1985,1
[32],90,"lr0.0001,wd0.01",6,"lr=1e-04, wd=0.01",-4.1853,2
[32],90,"lr0.0001,wd0.01",5,"lr=1e-04, wd=0.0",-4.1763,3
[32],90,"lr0.0001,wd0.01",10,"lr=0.001, wd=0.01",-4.1653,4
[32],90,"lr0.0001,wd0.01",9,"lr=0.001, wd=0.0",-4.1399,5
[32],90,"lr0.0001,wd0.01",4,"lr=3e-05, wd=0.01",-4.1392,6
[32],90,"lr0.0001,wd0.01",2,"lr=1e-05, wd=0.01",-4.135,7
[32],90,"lr0.0001,wd0.01",1,"lr=1e-05, wd=0.0",-4.1348,8
[32],90,"lr0.0001,wd0.01",7,"lr=3e-04, wd=0.0",-4.1313,9
[32],90,"lr0.0001,wd0.01",3,"lr=3e-05, wd=0.0",-4.1293,10
[32],90,"lr0.0001,wd0.01",11,"lr=0.003, wd=0.0",-4.1265,11
[32],90,"lr0.0001,wd0.01",12,"lr=0.003, wd=0.01",-4.0815,12
[32],90,"lr0.0003,wd0.0",9,"lr=0.001, wd=0.0",-2.7317,1
[32],90,"lr0.0003,wd0.0",11,"lr=0.003, wd=0.0",-2.5446,2
[32],90,"lr0.0003,wd0.0",1,"lr=1e-05, wd=0.0",-2.5103,3
[32],90,"lr0.0003,wd0.0",2,"lr=1e-05, wd=0.01",-2.5006,4
[32],90,"lr0.0003,wd0.0",3,"lr=3e-05, wd=0.0",-2.4926,5
[32],90,"lr0.0003,wd0.0",4,"lr=3e-05, wd=0.01",-2.4799,6
[32],90,"lr0.0003,wd0.0",7,"lr=3e-04, wd=0.0",-2.4642,7
[32],90,"lr0.0003,wd0.0",12,"lr=0.003, wd=0.01",-2.4458,8
[32],90,"lr0.0003,wd0.0",5,"lr=1e-04, wd=0.0",-2.4352,9
[32],90,"lr0.0003,wd0.0",6,"lr=1e-04, wd=0.01",-2.4054,10
[32],90,"lr0.0003,wd0.0",10,"lr=0.001, wd=0.01",-2.3864,11
[32],90,"lr0.0003,wd0.0",8,"lr=3e-04, wd=0.01",-2.3569,12
[32],90,"lr0.0003,wd0.01",10,"lr=0.001, wd=0.01",-4.1457,1
[32],90,"lr0.0003,wd0.01",2,"lr=1e-05, wd=0.01",-4.1416,2
[32],90,"lr0.0003,wd0.01",12,"lr=0.003, wd=0.01",-4.1311,3
[32],90,"lr0.0003,wd0.01",4,"lr=3e-05, wd=0.01",-4.1297,4
[32],90,"lr0.0003,wd0.01",1,"lr=1e-05, wd=0.0",-4.1246,5
[32],90,"lr0.0003,wd0.01",3,"lr=3e-05, wd=0.0",-4.1212,6
[32],90,"lr0.0003,wd0.01",6,"lr=1e-04, wd=0.01",-4.102,7
[32],90,"lr0.0003,wd0.01",8,"lr=3e-04, wd=0.01",-4.0772,8
[32],90,"lr0.0003,wd0.01",5,"lr=1e-04, wd=0.0",-4.0313,9
[32],90,"lr0.0003,wd0.01",9,"lr=0.001, wd=0.0",-3.8637,10
[32],90,"lr0.0003,wd0.01",11,"lr=0.003, wd=0.0",-3.8211,11
[32],90,"lr0.0003,wd0.01",7,"lr=3e-04, wd=0.0",-3.8101,12
[32],90,"lr0.001,wd0.0",9,"lr=0.001, wd=0.0",-2.7587,1
[32],90,"lr0.001,wd0.0",11,"lr=0.003, wd=0.0",-2.5921,2
[32],90,"lr0.001,wd0.0",1,"lr=1e-05, wd=0.0",-2.4656,3
[32],90,"lr0.001,wd0.0",2,"lr=1e-05, wd=0.01",-2.4601,4
[32],90,"lr0.001,wd0.0",12,"lr=0.003, wd=0.01",-2.4592,5
[32],90,"lr0.001,wd0.0",7,"lr=3e-04, wd=0.0",-2.4479,6
[32],90,"lr0.001,wd0.0",3,"lr=3e-05, wd=0.0",-2.4353,7
[32],90,"lr0.001,wd0.0",4,"lr=3e-05, wd=0.01",-2.4318,8
[32],90,"lr0.001,wd0.0",5,"lr=1e-04, wd=0.0",-2.4312,9
[32],90,"lr0.001,wd0.0",6,"lr=1e-04, wd=0.01",-2.4106,10
[32],90,"lr0.001,wd0.0",10,"lr=0.001, wd=0.01",-2.4046,11
[32],90,"lr0.001,wd0.0",8,"lr=3e-04, wd=0.01",-2.3785,12
[32],90,"lr0.001,wd0.01",10,"lr=0.001, wd=0.01",-3.8942,1
[32],90,"lr0.001,wd0.01",4,"lr=3e-05, wd=0.01",-3.8731,2
[32],90,"lr0.001,wd0.01",1,"lr=1e-05, wd=0.0",-3.8675,3
[32],90,"lr0.001,wd0.01",2,"lr=1e-05, wd=0.01",-3.8556,4
[32],90,"lr0.001,wd0.01",3,"lr=3e-05, wd=0.0",-3.8514,5
[32],90,"lr0.001,wd0.01",12,"lr=0.003, wd=0.01",-3.841,6
[32],90,"lr0.001,wd0.01",11,"lr=0.003, wd=0.0",-3.703,7
[32],90,"lr0.001,wd0.01",9,"lr=0.001, wd=0.0",-3.6832,8
[32],90,"lr0.001,wd0.01",6,"lr=1e-04, wd=0.01",-3.682,9
[32],90,"lr0.001,wd0.01",7,"lr=3e-04, wd=0.0",-3.5334,10
[32],90,"lr0.001,wd0.01",5,"lr=1e-04, wd=0.0",-3.4835,11
[32],90,"lr0.001,wd0.01",8,"lr=3e-04, wd=0.01",-3.4649,12
[32],90,"lr0.003,wd0.0",9,"lr=0.001, wd=0.0",-3.1364,1
[32],90,"lr0.003,wd0.0",11,"lr=0.003, wd=0.0",-2.5381,2
[32],90,"lr0.003,wd0.0",7,"lr=3e-04, wd=0.0",-2.45,3
[32],90,"lr0.003,wd0.0",12,"lr=0.003, wd=0.01",-2.3845,4
[32],90,"lr0.003,wd0.0",2,"lr=1e-05, wd=0.01",-2.3806,5
[32],90,"lr0.003,wd0.0",1,"lr=1e-05, wd=0.0",-2.3792,6
[32],90,"lr0.003,wd0.0",10,"lr=0.001, wd=0.01",-2.3322,7
[32],90,"lr0.003,wd0.0",8,"lr=3e-04, wd=0.01",-2.2757,8
[32],90,"lr0.003,wd0.0",4,"lr=3e-05, wd=0.01",-2.2587,9
[32],90,"lr0.003,wd0.0",3,"lr=3e-05, wd=0.0",-2.2384,10
[32],90,"lr0.003,wd0.0",5,"lr=1e-04, wd=0.0",-2.2038,11
[32],90,"lr0.003,wd0.0",6,"lr=1e-04, wd=0.01",-2.1939,12
[32],90,"lr0.003,wd0.01",12,"lr=0.003, wd=0.01",-3.4313,1
[32],90,"lr0.003,wd0.01",2,"lr=1e-05, wd=0.01",-3.3305,2
[32],90,"lr0.003,wd0.01",9,"lr=0.001, wd=0.0",-3.2972,3
[32],90,"lr0.003,wd0.01",11,"lr=0.003, wd=0.0",-3.2411,4
[32],90,"lr0.003,wd0.01",1,"lr=1e-05, wd=0.0",-3.2406,5
[32],90,"lr0.003,wd0.01",7,"lr=3e-04, wd=0.0",-3.2206,6
[32],90,"lr0.003,wd0.01",4,"lr=3e-05, wd=0.01",-3.1504,7
[32],90,"lr0.003,wd0.01",5,"lr=1e-04, wd=0.0",-3.001,8
[32],90,"lr0.003,wd0.01",10,"lr=0.001, wd=0.01",-3.0003,9
[32],90,"lr0.003,wd0.01",3,"lr=3e-05, wd=0.0",-2.994,10
[32],90,"lr0.003,wd0.01",8,"lr=3e-04, wd=0.01",-2.8939,11
[32],90,"lr0.003,wd0.01",6,"lr=1e-04, wd=0.01",-2.5586,12
[64],0,"lr1e-05,wd0.0",3,"lr=3e-05, wd=0.0",-2.7995,1
[64],0,"lr1e-05,wd0.0",1,"lr=1e-05, wd=0.0",-2.3162,2
[64],0,"lr1e-05,wd0.0",2,"lr=1e-05, wd=0.01",-1.7602,3
[64],0,"lr1e-05,wd0.0",4,"lr=3e-05, wd=0.01",-1.5698,4
[64],0,"lr1e-05,wd0.0",5,"lr=1e-04, wd=0.0",-1.3923,5
[64],0,"lr1e-05,wd0.0",6,"lr=1e-04, wd=0.01",-1.0413,6
[64],0,"lr1e-05,wd0.0",7,"lr=3e-04, wd=0.0",-0.966,7
[64],0,"lr1e-05,wd0.0",8,"lr=3e-04, wd=0.01",-0.8901,8
[64],0,"lr1e-05,wd0.0",9,"lr=0.001, wd=0.0",-0.8522,9
[64],0,"lr1e-05,wd0.0",12,"lr=0.003, wd=0.01",-0.8013,10
[64],0,"lr1e-05,wd0.0",10,"lr=0.001, wd=0.01",-0.7786,11
[64],0,"lr1e-05,wd0.0",11,"lr=0.003, wd=0.0",-0.714,12
[64],0,"lr1e-05,wd0.01",2,"lr=1e-05, wd=0.01",-3.1639,1
[64],0,"lr1e-05,wd0.01",1,"lr=1e-05, wd=0.0",-3.1091,2
[64],0,"lr1e-05,wd0.01",4,"lr=3e-05, wd=0.01",-2.3021,3
[64],0,"lr1e-05,wd0.01",3,"lr=3e-05, wd=0.0",-1.9897,4
[64],0,"lr1e-05,wd0.01",5,"lr=1e-04, wd=0.0",-1.2658,5
[64],0,"lr1e-05,wd0.01",6,"lr=1e-04, wd=0.01",-1.0691,6
[64],0,"lr1e-05,wd0.01",7,"lr=3e-04, wd=0.0",-0.9445,7
[64],0,"lr1e-05,wd0.01",8,"lr=3e-04, wd=0.01",-0.8931,8
[64],0,"lr1e-05,wd0.01",9,"lr=0.001, wd=0.0",-0.8476,9
[64],0,"lr1e-05,wd0.01",12,"lr=0.003, wd=0.01",-0.7856,10
[64],0,"lr1e-05,wd0.01",10,"lr=0.001, wd=0.01",-0.7686,11
[64],0,"lr1e-05,wd0.01",11,"lr=0.003, wd=0.0",-0.6977,12
[64],0,"lr3e-05,wd0.0",3,"lr=3e-05, wd=0.0",-2.8461,1
[64],0,"lr3e-05,wd0.0",5,"lr=1e-04, wd=0.0",-2.2407,2
[64],0,"lr3e-05,wd0.0",4,"lr=3e-05, wd=0.01",-2.0412,3
[64],0,"lr3e-05,wd0.0",1,"lr=1e-05, wd=0.0",-1.7542,4
[64],0,"lr3e-05,wd0.0",2,"lr=1e-05, wd=0.01",-1.6869,5
[64],0,"lr3e-05,wd0.0",6,"lr=1e-04, wd=0.01",-1.3167,6
[64],0,"lr3e-05,wd0.0",7,"lr=3e-04, wd=0.0",-1.1659,7
[64],0,"lr3e-05,wd0.0",8,"lr=3e-04, wd=0.01",-1.0,8
[64],0,"lr3e-05,wd0.0",9,"lr=0.001, wd=0.0",-0.9244,9
[64],0,"lr3e-05,wd0.0",12,"lr=0.003, wd=0.01",-0.8691,10
[64],0,"lr3e-05,wd0.0",10,"lr=0.001, wd=0.01",-0.8499,11
[64],0,"lr3e-05,wd0.0",11,"lr=0.003, wd=0.0",-0.8049,12
[64],0,"lr3e-05,wd0.01",4,"lr=3e-05, wd=0.01",-3.3119,1
[64],0,"lr3e-05,wd0.01",3,"lr=3e-05, wd=0.0",-2.4481,2
[64],0,"lr3e-05,wd0.01",2,"lr=1e-05, wd=0.01",-2.3646,3
[64],0,"lr3e-05,wd0.01",1,"lr=1e-05, wd=0.0",-2.1808,4
[64],0,"lr3e-05,wd0.01",5,"lr=1e-04, wd=0.0",-1.9441,5
[64],0,"lr3e-05,wd0.01",6,"lr=1e-04, wd=0.01",-1.6044,6
[64],0,"lr3e-05,wd0.01",7,"lr=3e-04, wd=0.0",-1.1247,7
[64],0,"lr3e-05,wd0.01",8,"lr=3e-04, wd=0.01",-1.0338,8
[64],0,"lr3e-05,wd0.01",9,"lr=0.001, wd=0.0",-0.9329,9
[64],0,"lr3e-05,wd0.01",12,"lr=0.003, wd=0.01",-0.8652,10
[64],0,"lr3e-05,wd0.01",10,"lr=0.001, wd=0.01",-0.8569,11
[64],0,"lr3e-05,wd0.01",11,"lr=0.003, wd=0.0",-0.7914,12
[64],0,"lr0.0001,wd0.0",5,"lr=1e-04, wd=0.0",-3.28,1
[64],0,"lr0.0001,wd0.0",3,"lr=3e-05, wd=0.0",-2.2956,2
[64],0,"lr0.0001,wd0.0",6,"lr=1e-04, wd=0.01",-1.9926,3
[64],0,"lr0.0001,wd0.0",7,"lr=3e-04, wd=0.0",-1.9589,4
[64],0,"lr0.0001,wd0.0",4,"lr=3e-05, wd=0.01",-1.4718,5
[64],0,"lr0.0001,wd0.0",1,"lr=1e-05, wd=0.0",-1.3531,6
[64],0,"lr0.0001,wd0.0",8,"lr=3e-04, wd=0.01",-1.2538,7
[64],0,"lr0.0001,wd0.0",2,"lr=1e-05, wd=0.01",-1.198,8
[64],0,"lr0.0001,wd0.0",9,"lr=0.001, wd=0.0",-1.0861,9
[64],0,"lr0.0001,wd0.0",12,"lr=0.003, wd=0.01",-0.969,10
[64],0,"lr0.0001,wd0.0",10,"lr=0.001, wd=0.01",-0.9636,11
[64],0,"lr0.0001,wd0.0",11,"lr=0.003, wd=0.0",-0.9433,12
[64],0,"lr0.0001,wd0.01",6,"lr=1e-04, wd=0.01",-2.8739,1
[64],0,"lr0.0001,wd0.01",5,"lr=1e-04, wd=0.0",-2.2651,2
[64],0,"lr0.0001,wd0.01",4,"lr=3e-05, wd=0.01",-2.0806,3
[64],0,"lr0.0001,wd0.01",3,"lr=3e-05, wd=0.0",-1.9589,4
[64],0,"lr0.0001,wd0.01",7,"lr=3e-04, wd=0.0",-1.5801,5
[64],0,"lr0.0001,wd0.01",8,"lr=3e-04, wd=0.01",-1.5064,6
[64],0,"lr0.0001,wd0.01",1,"lr=1e-05, wd=0.0",-1.33,7
[64],0,"lr0.0001,wd0.01",2,"lr=1e-05, wd=0.01",-1.2775,8
[64],0,"lr0.0001,wd0.01",9,"lr=0.001, wd=0.0",-1.0694,9
[64],0,"lr0.0001,wd0.01",10,"lr=0.001, wd=0.01",-0.9941,10
[64],0,"lr0.0001,wd0.01",12,"lr=0.003, wd=0.01",-0.9827,11
[64],0,"lr0.0001,wd0.01",11,"lr=0.003, wd=0.0",-0.9345,12
[64],0,"lr0.0003,wd0.0",7,"lr=3e-04, wd=0.0",-2.5604,1
[64],0,"lr0.0003,wd0.0",5,"lr=1e-04, wd=0.0",-2.0222,2
[64],0,"lr0.0003,wd0.0",8,"lr=3e-04, wd=0.01",-1.6336,3
[64],0,"lr0.0003,wd0.0",9,"lr=0.001, wd=0.0",-1.5189,4
[64],0,"lr0.0003,wd0.0",6,"lr=1e-04, wd=0.01",-1.4632,5
[64],0,"lr0.0003,wd0.0",3,"lr=3e-05, wd=0.0",-1.2723,6
[64],0,"lr0.0003,wd0.0",1,"lr=1e-05, wd=0.0",-1.1488,7
[64],0,"lr0.0003,wd0.0",11,"lr=0.003, wd=0.0",-1.1336,8
[64],0,"lr0.0003,wd0.0",2,"lr=1e-05, wd=0.01",-1.0935,9
[64],0,"lr0.0003,wd0.0",10,"lr=0.001, wd=0.01",-1.0931,10
[64],0,"lr0.0003,wd0.0",4,"lr=3e-05, wd=0.01",-1.0795,11
[64],0,"lr0.0003,wd0.0",12,"lr=0.003, wd=0.01",-1.0739,12
[64],0,"lr0.0003,wd0.01",8,"lr=3e-04, wd=0.01",-2.802,1
[64],0,"lr0.0003,wd0.01",7,"lr=3e-04, wd=0.0",-2.0495,2
[64],0,"lr0.0003,wd0.01",5,"lr=1e-04, wd=0.0",-2.0295,3
[64],0,"lr0.0003,wd0.01",6,"lr=1e-04, wd=0.01",-2.0215,4
[64],0,"lr0.0003,wd0.01",9,"lr=0.001, wd=0.0",-1.3839,5
[64],0,"lr0.0003,wd0.01",3,"lr=3e-05, wd=0.0",-1.2406,6
[64],0,"lr0.0003,wd0.01",10,"lr=0.001, wd=0.01",-1.2105,7
[64],0,"lr0.0003,wd0.01",1,"lr=1e-05, wd=0.0",-1.154,8
[64],0,"lr0.0003,wd0.01",4,"lr=3e-05, wd=0.01",-1.1171,9
[64],0,"lr0.0003,wd0.01",11,"lr=0.003, wd=0.0",-1.1165,10
[64],0,"lr0.0003,wd0.01",12,"lr=0.003, wd=0.01",-1.1153,11
[64],0,"lr0.0003,wd0.01",2,"lr=1e-05, wd=0.01",-1.0895,12
[64],0,"lr0.001,wd0.0",9,"lr=0.001, wd=0.0",-2.5154,1
[64],0,"lr0.001,wd0.0",7,"lr=3e-04, wd=0.0",-1.8861,2
[64],0,"lr0.001,wd0.0",11,"lr=0.003, wd=0.0",-1.8257,3
[64],0,"lr0.001,wd0.0",5,"lr=1e-04, wd=0.0",-1.3664,4
[64],0,"lr0.001,wd0.0",8,"lr=3e-04, wd=0.01",-1.358,5
[64],0,"lr0.001,wd0.0",10,"lr=0.001, wd=0.01",-1.3018,6
[64],0,"lr0.001,wd0.0",12,"lr=0.003, wd=0.01",-1.2169,7
[64],0,"lr0.001,wd0.0",1,"lr=1e-05, wd=0.0",-1.0749,8
[64],0,"lr0.001,wd0.0",2,"lr=1e-05, wd=0.01",-1.047,9
[64],0,"lr0.001,wd0.0",6,"lr=1e-04, wd=0.01",-1.0375,10
[64],0,"lr0.001,wd0.0",3,"lr=3e-05, wd=0.0",-1.0099,11
[64],0,"lr0.001,wd0.0",4,"lr=3e-05, wd=0.01",-0.9576,12
[64],0,"lr0.001,wd0.01",9,"lr=0.001, wd=0.0",-1.7503,1
[64],0,"lr0.001,wd0.01",10,"lr=0.001, wd=0.01",-1.6998,2
[64],0,"lr0.001,wd0.01",11,"lr=0.003, wd=0.0",-1.6762,3
[64],0,"lr0.001,wd0.01",8,"lr=3e-04, wd=0.01",-1.671,4
[64],0,"lr0.001,wd0.01",7,"lr=3e-04, wd=0.0",-1.5617,5
[64],0,"lr0.001,wd0.01",12,"lr=0.003, wd=0.01",-1.3825,6
[64],0,"lr0.001,wd0.01",5,"lr=1e-04, wd=0.0",-1.3809,7
[64],0,"lr0.001,wd0.01",6,"lr=1e-04, wd=0.01",-1.0903,8
[64],0,"lr0.001,wd0.01",1,"lr=1e-05, wd=0.0",-1.0824,9
[64],0,"lr0.001,wd0.01",2,"lr=1e-05, wd=0.01",-1.0379,10
[64],0,"lr0.001,wd0.01",3,"lr=3e-05, wd=0.0",-1.0364,11
[64],0,"lr0.001,wd0.01",4,"lr=3e-05, wd=0.01",-0.9725,12
[64],0,"lr0.003,wd0.0",11,"lr=0.003, wd=0.0",-2.3065,1
[64],0,"lr0.003,wd0.0",9,"lr=0.001, wd=0.0",-1.7854,2
[64],0,"lr0.003,wd0.0",12,"lr=0.003, wd=0.01",-1.45,3
[64],0,"lr0.003,wd0.0",10,"lr=0.001, wd=0.01",-1.2374,4
[64],0,"lr0.003,wd0.0",7,"lr=3e-04, wd=0.0",-1.1996,5
[64],0,"lr0.003,wd0.0",5,"lr=1e-04, wd=0.0",-1.0414,6
[64],0,"lr0.003,wd0.0",8,"lr=3e-04, wd=0.01",-1.0339,7
[64],0,"lr0.003,wd0.0",1,"lr=1e-05, wd=0.0",-1.0328,8
[64],0,"lr0.003,wd0.0",2,"lr=1e-05, wd=0.01",-1.0154,9
[64],0,"lr0.003,wd0.0",3,"lr=3e-05, wd=0.0",-0.9467,10
[64],0,"lr0.003,wd0.0",6,"lr=1e-04, wd=0.01",-0.919,11
[64],0,"lr0.003,wd0.0",4,"lr=3e-05, wd=0.01",-0.9034,12
[64],0,"lr0.003,wd0.01",11,"lr=0.003, wd=0.0",-2.0671,1
[64],0,"lr0.003,wd0.01",12,"lr=0.003, wd=0.01",-1.8192,2
[64],0,"lr0.003,wd0.01",9,"lr=0.001, wd=0.0",-1.4476,3
[64],0,"lr0.003,wd0.01",10,"lr=0.001, wd=0.01",-1.3971,4
[64],0,"lr0.003,wd0.01",7,"lr=3e-04, wd=0.0",-1.1699,5
[64],0,"lr0.003,wd0.01",8,"lr=3e-04, wd=0.01",-1.0773,6
[64],0,"lr0.003,wd0.01",5,"lr=1e-04, wd=0.0",-1.0683,7
[64],0,"lr0.003,wd0.01",1,"lr=1e-05, wd=0.0",-1.0381,8
[64],0,"lr0.003,wd0.01",2,"lr=1e-05, wd=0.01",-1.0119,9
[64],0,"lr0.003,wd0.01",3,"lr=3e-05, wd=0.0",-0.9661,10
[64],0,"lr0.003,wd0.01",6,"lr=1e-04, wd=0.01",-0.9439,11
[64],0,"lr0.003,wd0.01",4,"lr=3e-05, wd=0.01",-0.9166,12
[64],5,"lr1e-05,wd0.0",1,"lr=1e-05, wd=0.0",-2.8443,1
[64],5,"lr1e-05,wd0.0",3,"lr=3e-05, wd=0.0",-2.6191,2
[64],5,"lr1e-05,wd0.0",4,"lr=3e-05, wd=0.01",-2.3219,3
[64],5,"lr1e-05,wd0.0",5,"lr=1e-04, wd=0.0",-2.1112,4
[64],5,"lr1e-05,wd0.0",6,"lr=1e-04, wd=0.01",-1.9575,5
[64],5,"lr1e-05,wd0.0",11,"lr=0.003, wd=0.0",-1.8279,6
[64],5,"lr1e-05,wd0.0",2,"lr=1e-05, wd=0.01",-1.7667,7
[64],5,"lr1e-05,wd0.0",8,"lr=3e-04, wd=0.01",-1.6784,8
[64],5,"lr1e-05,wd0.0",7,"lr=3e-04, wd=0.0",-1.6399,9
[64],5,"lr1e-05,wd0.0",10,"lr=0.001, wd=0.01",-1.6189,10
[64],5,"lr1e-05,wd0.0",9,"lr=0.001, wd=0.0",-1.5909,11
[64],5,"lr1e-05,wd0.0",12,"lr=0.003, wd=0.01",-1.352,12
[64],5,"lr1e-05,wd0.01",1,"lr=1e-05, wd=0.0",-3.1525,1
[64],5,"lr1e-05,wd0.01",2,"lr=1e-05, wd=0.01",-3.1111,2
[64],5,"lr1e-05,wd0.01",3,"lr=3e-05, wd=0.0",-2.4602,3
[64],5,"lr1e-05,wd0.01",4,"lr=3e-05, wd=0.01",-2.4195,4
[64],5,"lr1e-05,wd0.01",5,"lr=1e-04, wd=0.0",-1.984,5
[64],5,"lr1e-05,wd0.01",6,"lr=1e-04, wd=0.01",-1.9622,6
[64],5,"lr1e-05,wd0.01",11,"lr=0.003, wd=0.0",-1.8584,7
[64],5,"lr1e-05,wd0.01",9,"lr=0.001, wd=0.0",-1.7583,8
[64],5,"lr1e-05,wd0.01",7,"lr=3e-04, wd=0.0",-1.7309,9
[64],5,"lr1e-05,wd0.01",8,"lr=3e-04, wd=0.01",-1.7164,10
[64],5,"lr1e-05,wd0.01",10,"lr=0.001, wd=0.01",-1.6232,11
[64],5,"lr1e-05,wd0.01",12,"lr=0.003, wd=0.01",-1.332,12
[64],5,"lr3e-05,wd0.0",3,"lr=3e-05, wd=0.0",-3.1091,1
[64],5,"lr3e-05,wd0.0",5,"lr=1e-04, wd=0.0",-3.0788,2
[64],5,"lr3e-05,wd0.0",8,"lr=3e-04, wd=0.01",-2.3475,3
[64],5,"lr3e-05,wd0.0",7,"lr=3e-04, wd=0.0",-2.2306,4
[64],5,"lr3e-05,wd0.0",4,"lr=3e-05, wd=0.01",-1.995,5
[64],5,"lr3e-05,wd0.0",11,"lr=0.003, wd=0.0",-1.9267,6
[64],5,"lr3e-05,wd0.0",6,"lr=1e-04, wd=0.01",-1.8706,7
[64],5,"lr3e-05,wd0.0",9,"lr=0.001, wd=0.0",-1.8088,8
[64],5,"lr3e-05,wd0.0",10,"lr=0.001, wd=0.01",-1.7949,9
[64],5,"lr3e-05,wd0.0",2,"lr=1e-05, wd=0.01",-1.7649,10
[64],5,"lr3e-05,wd0.0",1,"lr=1e-05, wd=0.0",-1.7451,11
[64],5,"lr3e-05,wd0.0",12,"lr=0.003, wd=0.01",-1.4386,12
[64],5,"lr3e-05,wd0.01",4,"lr=3e-05, wd=0.01",-3.3749,1
[64],5,"lr3e-05,wd0.01",3,"lr=3e-05, wd=0.0",-3.128,2
[64],5,"lr3e-05,wd0.01",6,"lr=1e-04, wd=0.01",-3.0473,3
[64],5,"lr3e-05,wd0.01",5,"lr=1e-04, wd=0.0",-2.7135,4
[64],5,"lr3e-05,wd0.01",8,"lr=3e-04, wd=0.01",-2.4791,5
[64],5,"lr3e-05,wd0.01",7,"lr=3e-04, wd=0.0",-2.3235,6
[64],5,"lr3e-05,wd0.01",11,"lr=0.003, wd=0.0",-2.0743,7
[64],5,"lr3e-05,wd0.01",9,"lr=0.001, wd=0.0",-1.97,8
[64],5,"lr3e-05,wd0.01",10,"lr=0.001, wd=0.01",-1.893,9
[64],5,"lr3e-05,wd0.01",2,"lr=1e-05, wd=0.01",-1.8335,10
[64],5,"lr3e-05,wd0.01",1,"lr=1e-05, wd=0.0",-1.8054,11
[64],5,"lr3e-05,wd0.01",12,"lr=0.003, wd=0.01",-1.5383,12
[64],5,"lr0.0001,wd0.0",5,"lr=1e-04, wd=0.0",-3.216,1
[64],5,"lr0.0001,wd0.0",8,"lr=3e-04, wd=0.01",-2.5714,2
[64],5,"lr0.0001,wd0.0",7,"lr=3e-04, wd=0.0",-2.5043,3
[64],5,"lr0.0001,wd0.0",11,"lr=0.003, wd=0.0",-2.3792,4
[64],5,"lr0.0001,wd0.0",9,"lr=0.001, wd=0.0",-2.2036,5
[64],5,"lr0.0001,wd0.0",6,"lr=1e-04, wd=0.01",-2.0658,6
[64],5,"lr0.0001,wd0.0",3,"lr=3e-05, wd=0.0",-1.7178,7
[64],5,"lr0.0001,wd0.0",1,"lr=1e-05, wd=0.0",-1.6882,8
[64],5,"lr0.0001,wd0.0",4,"lr=3e-05, wd=0.01",-1.6235,9
[64],5,"lr0.0001,wd0.0",10,"lr=0.001, wd=0.01",-1.5834,10
[64],5,"lr0.0001,wd0.0",2,"lr=1e-05, wd=0.01",-1.551,11
[64],5,"lr0.0001,wd0.0",12,"lr=0.003, wd=0.01",-1.2016,12
[64],5,"lr0.0001,wd0.01",6,"lr=1e-04, wd=0.01",-3.4332,1
[64],5,"lr0.0001,wd0.01",8,"lr=3e-04, wd=0.01",-3.4023,2
[64],5,"lr0.0001,wd0.01",5,"lr=1e-04, wd=0.0",-3.1687,3
[64],5,"lr0.0001,wd0.01",11,"lr=0.003, wd=0.0",-2.3973,4
[64],5,"lr0.0001,wd0.01",7,"lr=3e-04, wd=0.0",-2.3889,5
[64],5,"lr0.0001,wd0.01",9,"lr=0.001, wd=0.0",-2.2478,6
[64],5,"lr0.0001,wd0.01",10,"lr=0.001, wd=0.01",-2.0287,7
[64],5,"lr0.0001,wd0.01",2,"lr=1e-05, wd=0.01",-1.8768,8
[64],5,"lr0.0001,wd0.01",3,"lr=3e-05, wd=0.0",-1.8198,9
[64],5,"lr0.0001,wd0.01",1,"lr=1e-05, wd=0.0",-1.8024,10
[64],5,"lr0.0001,wd0.01",4,"lr=3e-05, wd=0.01",-1.7553,11
[64],5,"lr0.0001,wd0.01",12,"lr=0.003, wd=0.01",-1.5523,12
[64],5,"lr0.0003,wd0.0",7,"lr=3e-04, wd=0.0",-2.5019,1
[64],5,"lr0.0003,wd0.0",9,"lr=0.001, wd=0.0",-2.2576,2
[64],5,"lr0.0003,wd0.0",11,"lr=0.003, wd=0.0",-2.2209,3
[64],5,"lr0.0003,wd0.0",5,"lr=1e-04, wd=0.0",-1.7397,4
[64],5,"lr0.0003,wd0.0",8,"lr=3e-04, wd=0.01",-1.7382,5
[64],5,"lr0.0003,wd0.0",4,"lr=3e-05, wd=0.01",-1.6684,6
[64],5,"lr0.0003,wd0.0",3,"lr=3e-05, wd=0.0",-1.5825,7
[64],5,"lr0.0003,wd0.0",6,"lr=1e-04, wd=0.01",-1.4545,8
[64],5,"lr0.0003,wd0.0",1,"lr=1e-05, wd=0.0",-1.2668,9
[64],5,"lr0.0003,wd0.0",2,"lr=1e-05, wd=0.01",-1.2662,10
[64],5,"lr0.0003,wd0.0",10,"lr=0.001, wd=0.01",-1.2613,11
[64],5,"lr0.0003,wd0.0",12,"lr=0.003, wd=0.01",-1.016,12
[64],5,"lr0.0003,wd0.01",8,"lr=3e-04, wd=0.01",-3.6017,1
[64],5,"lr0.0003,wd0.01",11,"lr=0.003, wd=0.0",-3.0152,2
[64],5,"lr0.0003,wd0.01",7,"lr=3e-04, wd=0.0",-2.8069,3
[64],5,"lr0.0003,wd0.01",5,"lr=1e-04, wd=0.0",-2.6364,4
[64],5,"lr0.0003,wd0.01",9,"lr=0.001, wd=0.0",-2.2304,5
[64],5,"lr0.0003,wd0.01",6,"lr=1e-04, wd=0.01",-2.1478,6
[64],5,"lr0.0003,wd0.01",10,"lr=0.001, wd=0.01",-2.1359,7
[64],5,"lr0.0003,wd0.01",4,"lr=3e-05, wd=0.01",-2.1163,8
[64],5,"lr0.0003,wd0.01",3,"lr=3e-05, wd=0.0",-1.8052,9
[64],5,"lr0.0003,wd0.01",12,"lr=0.003, wd=0.01",-1.6236,10
[64],5,"lr0.0003,wd0.01",2,"lr=1e-05, wd=0.01",-1.451,11
[64],5,"lr0.0003,wd0.01",1,"lr=1e-05, wd=0.0",-1.4212,12
[64],5,"lr0.001,wd0.0",9,"lr=0.001, wd=0.0",-2.6681,1
[64],5,"lr0.001,wd0.0",11,"lr=0.003, wd=0.0",-2.1525,2
[64],5,"lr0.001,wd0.0",7,"lr=3e-04, wd=0.0",-2.0061,3
[64],5,"lr0.001,wd0.0",6,"lr=1e-04, wd=0.01",-1.5143,4
[64],5,"lr0.001,wd0.0",5,"lr=1e-04, wd=0.0",-1.4548,5
[64],5,"lr0.001,wd0.0",8,"lr=3e-04, wd=0.01",-1.444,6
[64],5,"lr0.001,wd0.0",10,"lr=0.001, wd=0.01",-1.2521,7
[64],5,"lr0.001,wd0.0",4,"lr=3e-05, wd=0.01",-1.2028,8
[64],5,"lr0.001,wd0.0",3,"lr=3e-05, wd=0.0",-1.1841,9
[64],5,"lr0.001,wd0.0",2,"lr=1e-05, wd=0.01",-1.0075,10
[64],5,"lr0.001,wd0.0",12,"lr=0.003, wd=0.01",-0.994,11
[64],5,"lr0.001,wd0.0",1,"lr=1e-05, wd=0.0",-0.9938,12
[64],5,"lr0.001,wd0.01",8,"lr=3e-04, wd=0.01",-3.5223,1
[64],5,"lr0.001,wd0.01",10,"lr=0.001, wd=0.01",-2.884,2
[64],5,"lr0.001,wd0.01",11,"lr=0.003, wd=0.0",-2.6173,3
[64],5,"lr0.001,wd0.01",7,"lr=3e-04, wd=0.0",-2.4237,4
[64],5,"lr0.001,wd0.01",5,"lr=1e-04, wd=0.0",-2.3638,5
[64],5,"lr0.001,wd0.01",9,"lr=0.001, wd=0.0",-2.2708,6
[64],5,"lr0.001,wd0.01",6,"lr=1e-04, wd=0.01",-2.1113,7
[64],5,"lr0.001,wd0.01",12,"lr=0.003, wd=0.01",-1.5676,8
[64],5,"lr0.001,wd0.01",4,"lr=3e-05, wd=0.01",-1.3229,9
[64],5,"lr0.001,wd0.01",3,"lr=3e-05, wd=0.0",-1.2837,10
[64],5,"lr0.001,wd0.01",1,"lr=1e-05, wd=0.0",-1.066,11
[64],5,"lr0.001,wd0.01",2,"lr=1e-05, wd=0.01",-1.0646,12
[64],5,"lr0.003,wd0.0",9,"lr=0.001, wd=0.0",-2.5016,1
[64],5,"lr0.003,wd0.0",7,"lr=3e-04, wd=0.0",-2.1805,2
[64],5,"lr0.003,wd0.0",11,"lr=0.003, wd=0.0",-2.131,3
[64],5,"lr0.003,wd0.0",8,"lr=3e-04, wd=0.01",-1.7108,4
[64],5,"lr0.003,wd0.0",5,"lr=1e-04, wd=0.0",-1.6837,5
[64],5,"lr0.003,wd0.0",6,"lr=1e-04, wd=0.01",-1.5464,6
[64],5,"lr0.003,wd0.0",10,"lr=0.001, wd=0.01",-1.3621,7
[64],5,"lr0.003,wd0.0",12,"lr=0.003, wd=0.01",-1.1346,8
[64],5,"lr0.003,wd0.0",4,"lr=3e-05, wd=0.01",-1.0826,9
[64],5,"lr0.003,wd0.0",3,"lr=3e-05, wd=0.0",-1.0724,10
[64],5,"lr0.003,wd0.0",2,"lr=1e-05, wd=0.01",-0.9129,11
[64],5,"lr0.003,wd0.0",1,"lr=1e-05, wd=0.0",-0.9013,12
[64],5,"lr0.003,wd0.01",12,"lr=0.003, wd=0.01",-2.3424,1
[64],5,"lr0.003,wd0.01",10,"lr=0.001, wd=0.01",-1.9842,2
[64],5,"lr0.003,wd0.01",8,"lr=3e-04, wd=0.01",-1.924,3
[64],5,"lr0.003,wd0.01",5,"lr=1e-04, wd=0.0",-1.8367,4
[64],5,"lr0.003,wd0.01",6,"lr=1e-04, wd=0.01",-1.8193,5
[64],5,"lr0.003,wd0.01",7,"lr=3e-04, wd=0.0",-1.7973,6
[64],5,"lr0.003,wd0.01",11,"lr=0.003, wd=0.0",-1.7271,7
[64],5,"lr0.003,wd0.01",9,"lr=0.001, wd=0.0",-1.7083,8
[64],5,"lr0.003,wd0.01",2,"lr=1e-05, wd=0.01",-1.2585,9
[64],5,"lr0.003,wd0.01",3,"lr=3e-05, wd=0.0",-1.2458,10
[64],5,"lr0.003,wd0.01",4,"lr=3e-05, wd=0.01",-1.239,11
[64],5,"lr0.003,wd0.01",1,"lr=1e-05, wd=0.0",-1.2308,12
[64],10,"lr1e-05,wd0.0",3,"lr=3e-05, wd=0.0",-3.6362,1
[64],10,"lr1e-05,wd0.0",1,"lr=1e-05, wd=0.0",-2.9739,2
[64],10,"lr1e-05,wd0.0",6,"lr=1e-04, wd=0.01",-2.3851,3
[64],10,"lr1e-05,wd0.0",5,"lr=1e-04, wd=0.0",-2.3226,4
[64],10,"lr1e-05,wd0.0",2,"lr=1e-05, wd=0.01",-2.2921,5
[64],10,"lr1e-05,wd0.0",4,"lr=3e-05, wd=0.01",-2.2345,6
[64],10,"lr1e-05,wd0.0",11,"lr=0.003, wd=0.0",-1.9437,7
[64],10,"lr1e-05,wd0.0",9,"lr=0.001, wd=0.0",-1.935,8
[64],10,"lr1e-05,wd0.0",8,"lr=3e-04, wd=0.01",-1.9245,9
[64],10,"lr1e-05,wd0.0",7,"lr=3e-04, wd=0.0",-1.8348,10
[64],10,"lr1e-05,wd0.0",10,"lr=0.001, wd=0.01",-1.6474,11
[64],10,"lr1e-05,wd0.0",12,"lr=0.003, wd=0.01",-1.3714,12
[64],10,"lr1e-05,wd0.01",4,"lr=3e-05, wd=0.01",-3.6041,1
[64],10,"lr1e-05,wd0.01",3,"lr=3e-05, wd=0.0",-3.5697,2
[64],10,"lr1e-05,wd0.01",1,"lr=1e-05, wd=0.0",-3.4923,3
[64],10,"lr1e-05,wd0.01",2,"lr=1e-05, wd=0.01",-3.3276,4
[64],10,"lr1e-05,wd0.01",6,"lr=1e-04, wd=0.01",-2.4264,5
[64],10,"lr1e-05,wd0.01",5,"lr=1e-04, wd=0.0",-2.187,6
[64],10,"lr1e-05,wd0.01",11,"lr=0.003, wd=0.0",-2.0802,7
[64],10,"lr1e-05,wd0.01",9,"lr=0.001, wd=0.0",-2.034,8
[64],10,"lr1e-05,wd0.01",8,"lr=3e-04, wd=0.01",-1.9844,9
[64],10,"lr1e-05,wd0.01",7,"lr=3e-04, wd=0.0",-1.9053,10
[64],10,"lr1e-05,wd0.01",10,"lr=0.001, wd=0.01",-1.6936,11
[64],10,"lr1e-05,wd0.01",12,"lr=0.003, wd=0.01",-1.4127,12
[64],10,"lr3e-05,wd0.0",5,"lr=1e-04, wd=0.0",-3.2478,1
[64],10,"lr3e-05,wd0.0",3,"lr=3e-05, wd=0.0",-3.2049,2
[64],10,"lr3e-05,wd0.0",8,"lr=3e-04, wd=0.01",-2.7516,3
[64],10,"lr3e-05,wd0.0",7,"lr=3e-04, wd=0.0",-2.3406,4
[64],10,"lr3e-05,wd0.0",2,"lr=1e-05, wd=0.01",-2.3274,5
[64],10,"lr3e-05,wd0.0",4,"lr=3e-05, wd=0.01",-2.2871,6
[64],10,"lr3e-05,wd0.0",1,"lr=1e-05, wd=0.0",-2.2302,7
[64],10,"lr3e-05,wd0.0",11,"lr=0.003, wd=0.0",-2.164,8
[64],10,"lr3e-05,wd0.0",9,"lr=0.001, wd=0.0",-1.9492,9
[64],10,"lr3e-05,wd0.0",10,"lr=0.001, wd=0.01",-1.655,10
[64],10,"lr3e-05,wd0.0",6,"lr=1e-04, wd=0.01",-1.6344,11
[64],10,"lr3e-05,wd0.0",12,"lr=0.003, wd=0.01",-1.301,12
[64],10,"lr3e-05,wd0.01",6,"lr=1e-04, wd=0.01",-3.8002,1
[64],10,"lr3e-05,wd0.01",5,"lr=1e-04, wd=0.0",-3.6001,2
[64],10,"lr3e-05,wd0.01",4,"lr=3e-05, wd=0.01",-3.5814,3
[64],10,"lr3e-05,wd0.01",3,"lr=3e-05, wd=0.0",-3.0408,4
[64],10,"lr3e-05,wd0.01",8,"lr=3e-04, wd=0.01",-2.7634,5
[64],10,"lr3e-05,wd0.01",7,"lr=3e-04, wd=0.0",-2.4813,6
[64],10,"lr3e-05,wd0.01",1,"lr=1e-05, wd=0.0",-2.374,7
[64],10,"lr3e-05,wd0.01",11,"lr=0.003, wd=0.0",-2.3417,8
[64],10,"lr3e-05,wd0.01",2,"lr=1e-05, wd=0.01",-2.3307,9
[64],10,"lr3e-05,wd0.01",9,"lr=0.001, wd=0.0",-2.1544,10
[64],10,"lr3e-05,wd0.01",10,"lr=0.001, wd=0.01",-1.7354,11
[64],10,"lr3e-05,wd0.01",12,"lr=0.003, wd=0.01",-1.3869,12
[64],10,"lr0.0001,wd0.0",7,"lr=3e-04, wd=0.0",-3.1564,1
[64],10,"lr0.0001,wd0.0",5,"lr=1e-04, wd=0.0",-3.0079,2
[64],10,"lr0.0001,wd0.0",11,"lr=0.003, wd=0.0",-2.5226,3
[64],10,"lr0.0001,wd0.0",9,"lr=0.001, wd=0.0",-2.338,4
[64],10,"lr0.0001,wd0.0",6,"lr=1e-04, wd=0.01",-2.0532,5
[64],10,"lr0.0001,wd0.0",8,"lr=3e-04, wd=0.01",-2.0272,6
[64],10,"lr0.0001,wd0.0",3,"lr=3e-05, wd=0.0",-2.0004,7
[64],10,"lr0.0001,wd0.0",4,"lr=3e-05, wd=0.01",-1.9305,8
[64],10,"lr0.0001,wd0.0",1,"lr=1e-05, wd=0.0",-1.9227,9
[64],10,"lr0.0001,wd0.0",2,"lr=1e-05, wd=0.01",-1.8311,10
[64],10,"lr0.0001,wd0.0",10,"lr=0.001, wd=0.01",-1.345,11
[64],10,"lr0.0001,wd0.0",12,"lr=0.003, wd=0.01",-1.1307,12
[64],10,"lr0.0001,wd0.01",8,"lr=3e-04, wd=0.01",-3.764,1
[64],10,"lr0.0001,wd0.01",6,"lr=1e-04, wd=0.01",-3.6433,2
[64],10,"lr0.0001,wd0.01",5,"lr=1e-04, wd=0.0",-3.3757,3
[64],10,"lr0.0001,wd0.01",7,"lr=3e-04, wd=0.0",-2.9631,4
[64],10,"lr0.0001,wd0.01",11,"lr=0.003, wd=0.0",-2.6977,5
[64],10,"lr0.0001,wd0.01",9,"lr=0.001, wd=0.0",-2.3279,6
[64],10,"lr0.0001,wd0.01",3,"lr=3e-05, wd=0.0",-2.2955,7
[64],10,"lr0.0001,wd0.01",4,"lr=3e-05, wd=0.01",-2.1787,8
[64],10,"lr0.0001,wd0.01",2,"lr=1e-05, wd=0.01",-2.1786,9
[64],10,"lr0.0001,wd0.01",1,"lr=1e-05, wd=0.0",-2.1068,10
[64],10,"lr0.0001,wd0.01",10,"lr=0.001, wd=0.01",-1.9619,11
[64],10,"lr0.0001,wd0.01",12,"lr=0.003, wd=0.01",-1.4465,12
[64],10,"lr0.0003,wd0.0",9,"lr=0.001, wd=0.0",-2.4415,1
[64],10,"lr0.0003,wd0.0",7,"lr=3e-04, wd=0.0",-2.1405,2
[64],10,"lr0.0003,wd0.0",11,"lr=0.003, wd=0.0",-2.0556,3
[64],10,"lr0.0003,wd0.0",5,"lr=1e-04, wd=0.0",-1.7768,4
[64],10,"lr0.0003,wd0.0",4,"lr=3e-05, wd=0.01",-1.6208,5
[64],10,"lr0.0003,wd0.0",8,"lr=3e-04, wd=0.01",-1.5074,6
[64],10,"lr0.0003,wd0.0",6,"lr=1e-04, wd=0.01",-1.5057,7
[64],10,"lr0.0003,wd0.0",3,"lr=3e-05, wd=0.0",-1.4928,8
[64],10,"lr0.0003,wd0.0",1,"lr=1e-05, wd=0.0",-1.3636,9
[64],10,"lr0.0003,wd0.0",2,"lr=1e-05, wd=0.01",-1.3393,10
[64],10,"lr0.0003,wd0.0",10,"lr=0.001, wd=0.01",-1.1675,11
[64],10,"lr0.0003,wd0.0",12,"lr=0.003, wd=0.01",-1.062,12
[64],10,"lr0.0003,wd0.01",8,"lr=3e-04, wd=0.01",-3.8023,1
[64],10,"lr0.0003,wd0.01",5,"lr=1e-04, wd=0.0",-3.4801,2
[64],10,"lr0.0003,wd0.01",6,"lr=1e-04, wd=0.01",-3.0688,3
[64],10,"lr0.0003,wd0.01",11,"lr=0.003, wd=0.0",-3.0422,4
[64],10,"lr0.0003,wd0.01",7,"lr=3e-04, wd=0.0",-2.8063,5
[64],10,"lr0.0003,wd0.01",10,"lr=0.001, wd=0.01",-2.382,6
[64],10,"lr0.0003,wd0.01",9,"lr=0.001, wd=0.0",-2.378,7
[64],10,"lr0.0003,wd0.01",4,"lr=3e-05, wd=0.01",-2.2586,8
[64],10,"lr0.0003,wd0.01",3,"lr=3e-05, wd=0.0",-2.0995,9
[64],10,"lr0.0003,wd0.01",1,"lr=1e-05, wd=0.0",-1.6922,10
[64],10,"lr0.0003,wd0.01",2,"lr=1e-05, wd=0.01",-1.686,11
[64],10,"lr0.0003,wd0.01",12,"lr=0.003, wd=0.01",-1.6369,12
[64],10,"lr0.001,wd0.0",9,"lr=0.001, wd=0.0",-2.553,1
[64],10,"lr0.001,wd0.0",11,"lr=0.003, wd=0.0",-2.0952,2
[64],10,"lr0.001,wd0.0",7,"lr=3e-04, wd=0.0",-2.0838,3
[64],10,"lr0.001,wd0.0",6,"lr=1e-04, wd=0.01",-1.5767,4
[64],10,"lr0.001,wd0.0",5,"lr=1e-04, wd=0.0",-1.5527,5
[64],10,"lr0.001,wd0.0",4,"lr=3e-05, wd=0.01",-1.5132,6
[64],10,"lr0.001,wd0.0",8,"lr=3e-04, wd=0.01",-1.4869,7
[64],10,"lr0.001,wd0.0",3,"lr=3e-05, wd=0.0",-1.4575,8
[64],10,"lr0.001,wd0.0",10,"lr=0.001, wd=0.01",-1.3024,9
[64],10,"lr0.001,wd0.0",1,"lr=1e-05, wd=0.0",-1.2998,10
[64],10,"lr0.001,wd0.0",2,"lr=1e-05, wd=0.01",-1.2899,11
[64],10,"lr0.001,wd0.0",12,"lr=0.003, wd=0.01",-1.1747,12
[64],10,"lr0.001,wd0.01",8,"lr=3e-04, wd=0.01",-3.5107,1
[64],10,"lr0.001,wd0.01",10,"lr=0.001, wd=0.01",-3.3979,2
[64],10,"lr0.001,wd0.01",6,"lr=1e-04, wd=0.01",-2.9052,3
[64],10,"lr0.001,wd0.01",11,"lr=0.003, wd=0.0",-2.723,4
[64],10,"lr0.001,wd0.01",7,"lr=3e-04, wd=0.0",-2.6739,5
[64],10,"lr0.001,wd0.01",9,"lr=0.001, wd=0.0",-2.4717,6
[64],10,"lr0.001,wd0.01",5,"lr=1e-04, wd=0.0",-2.4437,7
[64],10,"lr0.001,wd0.01",12,"lr=0.003, wd=0.01",-1.9185,8
[64],10,"lr0.001,wd0.01",4,"lr=3e-05, wd=0.01",-1.7629,9
[64],10,"lr0.001,wd0.01",1,"lr=1e-05, wd=0.0",-1.6038,10
[64],10,"lr0.001,wd0.01",3,"lr=3e-05, wd=0.0",-1.58,11
[64],10,"lr0.001,wd0.01",2,"lr=1e-05, wd=0.01",-1.5658,12
[64],10,"lr0.003,wd0.0",9,"lr=0.001, wd=0.0",-2.8293,1
[64],10,"lr0.003,wd0.0",7,"lr=3e-04, wd=0.0",-2.3295,2
[64],10,"lr0.003,wd0.0",5,"lr=1e-04, wd=0.0",-1.907,3
[64],10,"lr0.003,wd0.0",6,"lr=1e-04, wd=0.01",-1.8932,4
[64],10,"lr0.003,wd0.0",4,"lr=3e-05, wd=0.01",-1.6671,5
[64],10,"lr0.003,wd0.0",3,"lr=3e-05, wd=0.0",-1.5972,6
[64],10,"lr0.003,wd0.0",10,"lr=0.001, wd=0.01",-1.5305,7
[64],10,"lr0.003,wd0.0",1,"lr=1e-05, wd=0.0",-1.3577,8
[64],10,"lr0.003,wd0.0",2,"lr=1e-05, wd=0.01",-1.3468,9
[64],10,"lr0.003,wd0.0",12,"lr=0.003, wd=0.01",-1.3189,10
[64],10,"lr0.003,wd0.0",11,"lr=0.003, wd=0.0",-1.301,11
[64],10,"lr0.003,wd0.0",8,"lr=3e-04, wd=0.01",-0.9748,12
[64],10,"lr0.003,wd0.01",10,"lr=0.001, wd=0.01",-2.9393,1
[64],10,"lr0.003,wd0.01",12,"lr=0.003, wd=0.01",-2.9317,2
[64],10,"lr0.003,wd0.01",6,"lr=1e-04, wd=0.01",-2.6652,3
[64],10,"lr0.003,wd0.01",8,"lr=3e-04, wd=0.01",-2.6538,4
[64],10,"lr0.003,wd0.01",7,"lr=3e-04, wd=0.0",-2.4023,5
[64],10,"lr0.003,wd0.01",5,"lr=1e-04, wd=0.0",-2.352,6
[64],10,"lr0.003,wd0.01",9,"lr=0.001, wd=0.0",-2.2918,7
[64],10,"lr0.003,wd0.01",11,"lr=0.003, wd=0.0",-2.274,8
[64],10,"lr0.003,wd0.01",1,"lr=1e-05, wd=0.0",-1.2822,9
[64],10,"lr0.003,wd0.01",4,"lr=3e-05, wd=0.01",-1.2804,10
[64],10,"lr0.003,wd0.01",2,"lr=1e-05, wd=0.01",-1.2727,11
[64],10,"lr0.003,wd0.01",3,"lr=3e-05, wd=0.0",-1.2477,12
[64],20,"lr1e-05,wd0.0",3,"lr=3e-05, wd=0.0",-3.7017,1
[64],20,"lr1e-05,wd0.0",1,"lr=1e-05, wd=0.0",-3.1789,2
[64],20,"lr1e-05,wd0.0",6,"lr=1e-04, wd=0.01",-3.0091,3
[64],20,"lr1e-05,wd0.0",5,"lr=1e-04, wd=0.0",-2.9681,4
[64],20,"lr1e-05,wd0.0",2,"lr=1e-05, wd=0.01",-2.5099,5
[64],20,"lr1e-05,wd0.0",4,"lr=3e-05, wd=0.01",-2.3242,6
[64],20,"lr1e-05,wd0.0",7,"lr=3e-04, wd=0.0",-2.2924,7
[64],20,"lr1e-05,wd0.0",8,"lr=3e-04, wd=0.01",-2.1349,8
[64],20,"lr1e-05,wd0.0",9,"lr=0.001, wd=0.0",-1.9559,9
[64],20,"lr1e-05,wd0.0",11,"lr=0.003, wd=0.0",-1.9256,10
[64],20,"lr1e-05,wd0.0",10,"lr=0.001, wd=0.01",-1.619,11
[64],20,"lr1e-05,wd0.0",12,"lr=0.003, wd=0.01",-1.4918,12
[64],20,"lr1e-05,wd0.01",3,"lr=3e-05, wd=0.0",-3.9538,1
[64],20,"lr1e-05,wd0.01",1,"lr=1e-05, wd=0.0",-3.821,2
[64],20,"lr1e-05,wd0.01",4,"lr=3e-05, wd=0.01",-3.7562,3
[64],20,"lr1e-05,wd0.01",2,"lr=1e-05, wd=0.01",-3.5792,4
[64],20,"lr1e-05,wd0.01",6,"lr=1e-04, wd=0.01",-3.0183,5
[64],20,"lr1e-05,wd0.01",5,"lr=1e-04, wd=0.0",-2.5215,6
[64],20,"lr1e-05,wd0.01",7,"lr=3e-04, wd=0.0",-2.3473,7
[64],20,"lr1e-05,wd0.01",8,"lr=3e-04, wd=0.01",-2.1865,8
[64],20,"lr1e-05,wd0.01",9,"lr=0.001, wd=0.0",-2.0024,9
[64],20,"lr1e-05,wd0.01",11,"lr=0.003, wd=0.0",-1.9243,10
[64],20,"lr1e-05,wd0.01",10,"lr=0.001, wd=0.01",-1.5966,11
[64],20,"lr1e-05,wd0.01",12,"lr=0.003, wd=0.01",-1.4872,12
[64],20,"lr3e-05,wd0.0",3,"lr=3e-05, wd=0.0",-3.4448,1
[64],20,"lr3e-05,wd0.0",5,"lr=1e-04, wd=0.0",-3.3628,2
[64],20,"lr3e-05,wd0.0",6,"lr=1e-04, wd=0.01",-3.0596,3
[64],20,"lr3e-05,wd0.0",1,"lr=1e-05, wd=0.0",-2.6823,4
[64],20,"lr3e-05,wd0.0",7,"lr=3e-04, wd=0.0",-2.6576,5
[64],20,"lr3e-05,wd0.0",8,"lr=3e-04, wd=0.01",-2.6481,6
[64],20,"lr3e-05,wd0.0",2,"lr=1e-05, wd=0.01",-2.5114,7
[64],20,"lr3e-05,wd0.0",11,"lr=0.003, wd=0.0",-2.3659,8
[64],20,"lr3e-05,wd0.0",4,"lr=3e-05, wd=0.01",-2.2081,9
[64],20,"lr3e-05,wd0.0",9,"lr=0.001, wd=0.0",-2.1768,10
[64],20,"lr3e-05,wd0.0",10,"lr=0.001, wd=0.01",-1.5985,11
[64],20,"lr3e-05,wd0.0",12,"lr=0.003, wd=0.01",-1.3051,12
[64],20,"lr3e-05,wd0.01",6,"lr=1e-04, wd=0.01",-4.0234,1
[64],20,"lr3e-05,wd0.01",5,"lr=1e-04, wd=0.0",-3.8884,2
[64],20,"lr3e-05,wd0.01",4,"lr=3e-05, wd=0.01",-3.7702,3
[64],20,"lr3e-05,wd0.01",8,"lr=3e-04, wd=0.01",-3.3976,4
[64],20,"lr3e-05,wd0.01",3,"lr=3e-05, wd=0.0",-3.3199,5
[64],20,"lr3e-05,wd0.01",2,"lr=1e-05, wd=0.01",-3.2373,6
[64],20,"lr3e-05,wd0.01",1,"lr=1e-05, wd=0.0",-3.0085,7
[64],20,"lr3e-05,wd0.01",7,"lr=3e-04, wd=0.0",-2.6322,8
[64],20,"lr3e-05,wd0.01",11,"lr=0.003, wd=0.0",-2.4862,9
[64],20,"lr3e-05,wd0.01",9,"lr=0.001, wd=0.0",-2.3244,10
[64],20,"lr3e-05,wd0.01",10,"lr=0.001, wd=0.01",-1.847,11
[64],20,"lr3e-05,wd0.01",12,"lr=0.003, wd=0.01",-1.4854,12
[64],20,"lr0.0001,wd0.0",7,"lr=3e-04, wd=0.0",-3.4264,1
[64],20,"lr0.0001,wd0.0",5,"lr=1e-04, wd=0.0",-2.6156,2
[64],20,"lr0.0001,wd0.0",9,"lr=0.001, wd=0.0",-2.326,3
[64],20,"lr0.0001,wd0.0",11,"lr=0.003, wd=0.0",-2.2352,4
[64],20,"lr0.0001,wd0.0",1,"lr=1e-05, wd=0.0",-2.0201,5
[64],20,"lr0.0001,wd0.0",3,"lr=3e-05, wd=0.0",-1.9944,6
[64],20,"lr0.0001,wd0.0",4,"lr=3e-05, wd=0.01",-1.9471,7
[64],20,"lr0.0001,wd0.0",2,"lr=1e-05, wd=0.01",-1.9252,8
[64],20,"lr0.0001,wd0.0",6,"lr=1e-04, wd=0.01",-1.7693,9
[64],20,"lr0.0001,wd0.0",8,"lr=3e-04, wd=0.01",-1.6508,10
[64],20,"lr0.0001,wd0.0",10,"lr=0.001, wd=0.01",-1.4045,11
[64],20,"lr0.0001,wd0.0",12,"lr=0.003, wd=0.01",-1.2969,12
[64],20,"lr0.0001,wd0.01",5,"lr=1e-04, wd=0.0",-3.9252,1
[64],20,"lr0.0001,wd0.01",6,"lr=1e-04, wd=0.01",-3.8383,2
[64],20,"lr0.0001,wd0.01",8,"lr=3e-04, wd=0.01",-3.8127,3
[64],20,"lr0.0001,wd0.01",7,"lr=3e-04, wd=0.0",-3.2799,4
[64],20,"lr0.0001,wd0.01",3,"lr=3e-05, wd=0.0",-2.9533,5
[64],20,"lr0.0001,wd0.01",11,"lr=0.003, wd=0.0",-2.9051,6
[64],20,"lr0.0001,wd0.01",2,"lr=1e-05, wd=0.01",-2.531,7
[64],20,"lr0.0001,wd0.01",1,"lr=1e-05, wd=0.0",-2.5169,8
[64],20,"lr0.0001,wd0.01",4,"lr=3e-05, wd=0.01",-2.4508,9
[64],20,"lr0.0001,wd0.01",9,"lr=0.001, wd=0.0",-2.341,10
[64],20,"lr0.0001,wd0.01",10,"lr=0.001, wd=0.01",-2.0535,11
[64],20,"lr0.0001,wd0.01",12,"lr=0.003, wd=0.01",-1.5688,12
[64],20,"lr0.0003,wd0.0",9,"lr=0.001, wd=0.0",-2.7692,1
[64],20,"lr0.0003,wd0.0",11,"lr=0.003, wd=0.0",-1.976,2
[64],20,"lr0.0003,wd0.0",5,"lr=1e-04, wd=0.0",-1.694,3
[64],20,"lr0.0003,wd0.0",4,"lr=3e-05, wd=0.01",-1.6561,4
[64],20,"lr0.0003,wd0.0",6,"lr=1e-04, wd=0.01",-1.6104,5
[64],20,"lr0.0003,wd0.0",7,"lr=3e-04, wd=0.0",-1.5556,6
[64],20,"lr0.0003,wd0.0",8,"lr=3e-04, wd=0.01",-1.5483,7
[64],20,"lr0.0003,wd0.0",2,"lr=1e-05, wd=0.01",-1.5261,8
[64],20,"lr0.0003,wd0.0",1,"lr=1e-05, wd=0.0",-1.5181,9
[64],20,"lr0.0003,wd0.0",3,"lr=3e-05, wd=0.0",-1.4989,10
[64],20,"lr0.0003,wd0.0",10,"lr=0.001, wd=0.01",-1.4208,11
[64],20,"lr0.0003,wd0.0",12,"lr=0.003, wd=0.01",-1.3334,12
[64],20,"lr0.0003,wd0.01",8,"lr=3e-04, wd=0.01",-3.8897,1
[64],20,"lr0.0003,wd0.01",6,"lr=1e-04, wd=0.01",-3.5507,2
[64],20,"lr0.0003,wd0.01",5,"lr=1e-04, wd=0.0",-3.4226,3
[64],20,"lr0.0003,wd0.01",11,"lr=0.003, wd=0.0",-2.872,4
[64],20,"lr0.0003,wd0.01",7,"lr=3e-04, wd=0.0",-2.8097,5
[64],20,"lr0.0003,wd0.01",10,"lr=0.001, wd=0.01",-2.7632,6
[64],20,"lr0.0003,wd0.01",9,"lr=0.001, wd=0.0",-2.5865,7
[64],20,"lr0.0003,wd0.01",4,"lr=3e-05, wd=0.01",-2.5273,8
[64],20,"lr0.0003,wd0.01",3,"lr=3e-05, wd=0.0",-2.3181,9
[64],20,"lr0.0003,wd0.01",1,"lr=1e-05, wd=0.0",-2.021,10
[64],20,"lr0.0003,wd0.01",2,"lr=1e-05, wd=0.01",-1.9293,11
[64],20,"lr0.0003,wd0.01",12,"lr=0.003, wd=0.01",-1.7597,12
[64],20,"lr0.001,wd0.0",9,"lr=0.001, wd=0.0",-2.1082,1
[64],20,"lr0.001,wd0.0",11,"lr=0.003, wd=0.0",-2.0546,2
[64],20,"lr0.001,wd0.0",6,"lr=1e-04, wd=0.01",-1.6205,3
[64],20,"lr0.001,wd0.0",8,"lr=3e-04, wd=0.01",-1.5916,4
[64],20,"lr0.001,wd0.0",4,"lr=3e-05, wd=0.01",-1.576,5
[64],20,"lr0.001,wd0.0",5,"lr=1e-04, wd=0.0",-1.5497,6
[64],20,"lr0.001,wd0.0",3,"lr=3e-05, wd=0.0",-1.5357,7
[64],20,"lr0.001,wd0.0",10,"lr=0.001, wd=0.01",-1.5139,8
[64],20,"lr0.001,wd0.0",2,"lr=1e-05, wd=0.01",-1.4855,9
[64],20,"lr0.001,wd0.0",1,"lr=1e-05, wd=0.0",-1.4803,10
[64],20,"lr0.001,wd0.0",12,"lr=0.003, wd=0.01",-1.4164,11
[64],20,"lr0.001,wd0.0",7,"lr=3e-04, wd=0.0",-1.1338,12
[64],20,"lr0.001,wd0.01",10,"lr=0.001, wd=0.01",-3.6013,1
[64],20,"lr0.001,wd0.01",8,"lr=3e-04, wd=0.01",-3.1111,2
[64],20,"lr0.001,wd0.01",6,"lr=1e-04, wd=0.01",-2.9534,3
[64],20,"lr0.001,wd0.01",5,"lr=1e-04, wd=0.0",-2.8832,4
[64],20,"lr0.001,wd0.01",7,"lr=3e-04, wd=0.0",-2.7017,5
[64],20,"lr0.001,wd0.01",9,"lr=0.001, wd=0.0",-2.4968,6
[64],20,"lr0.001,wd0.01",12,"lr=0.003, wd=0.01",-2.1376,7
[64],20,"lr0.001,wd0.01",11,"lr=0.003, wd=0.0",-2.1234,8
[64],20,"lr0.001,wd0.01",4,"lr=3e-05, wd=0.01",-1.9888,9
[64],20,"lr0.001,wd0.01",3,"lr=3e-05, wd=0.0",-1.7426,10
[64],20,"lr0.001,wd0.01",1,"lr=1e-05, wd=0.0",-1.6242,11
[64],20,"lr0.001,wd0.01",2,"lr=1e-05, wd=0.01",-1.544,12
[64],20,"lr0.003,wd0.0",9,"lr=0.001, wd=0.0",-3.0406,1
[64],20,"lr0.003,wd0.0",6,"lr=1e-04, wd=0.01",-1.8861,2
[64],20,"lr0.003,wd0.0",5,"lr=1e-04, wd=0.0",-1.8385,3
[64],20,"lr0.003,wd0.0",3,"lr=3e-05, wd=0.0",-1.7401,4
[64],20,"lr0.003,wd0.0",4,"lr=3e-05, wd=0.01",-1.729,5
[64],20,"lr0.003,wd0.0",10,"lr=0.001, wd=0.01",-1.6319,6
[64],20,"lr0.003,wd0.0",1,"lr=1e-05, wd=0.0",-1.5983,7
[64],20,"lr0.003,wd0.0",2,"lr=1e-05, wd=0.01",-1.577,8
[64],20,"lr0.003,wd0.0",12,"lr=0.003, wd=0.01",-1.5463,9
[64],20,"lr0.003,wd0.0",7,"lr=3e-04, wd=0.0",-1.0699,10
[64],20,"lr0.003,wd0.0",11,"lr=0.003, wd=0.0",-0.7573,11
[64],20,"lr0.003,wd0.0",8,"lr=3e-04, wd=0.01",-0.363,12
[64],20,"lr0.003,wd0.01",12,"lr=0.003, wd=0.01",-3.2794,1
[64],20,"lr0.003,wd0.01",5,"lr=1e-04, wd=0.0",-2.2263,2
[64],20,"lr0.003,wd0.01",6,"lr=1e-04, wd=0.01",-2.1535,3
[64],20,"lr0.003,wd0.01",1,"lr=1e-05, wd=0.0",-1.843,4
[64],20,"lr0.003,wd0.01",2,"lr=1e-05, wd=0.01",-1.8417,5
[64],20,"lr0.003,wd0.01",4,"lr=3e-05, wd=0.01",-1.7927,6
[64],20,"lr0.003,wd0.01",10,"lr=0.001, wd=0.01",-1.7825,7
[64],20,"lr0.003,wd0.01",7,"lr=3e-04, wd=0.0",-1.7549,8
[64],20,"lr0.003,wd0.01",9,"lr=0.001, wd=0.0",-1.5598,9
[64],20,"lr0.003,wd0.01",3,"lr=3e-05, wd=0.0",-1.5007,10
[64],20,"lr0.003,wd0.01",8,"lr=3e-04, wd=0.01",-1.2798,11
[64],20,"lr0.003,wd0.01",11,"lr=0.003, wd=0.0",-0.0966,12
[64],50,"lr1e-05,wd0.0",3,"lr=3e-05, wd=0.0",-4.1861,1
[64],50,"lr1e-05,wd0.0",5,"lr=1e-04, wd=0.0",-4.0512,2
[64],50,"lr1e-05,wd0.0",6,"lr=1e-04, wd=0.01",-3.9741,3
[64],50,"lr1e-05,wd0.0",4,"lr=3e-05, wd=0.01",-3.881,4
[64],50,"lr1e-05,wd0.0",1,"lr=1e-05, wd=0.0",-3.7109,5
[64],50,"lr1e-05,wd0.0",8,"lr=3e-04, wd=0.01",-3.6408,6
[64],50,"lr1e-05,wd0.0",11,"lr=0.003, wd=0.0",-3.4716,7
[64],50,"lr1e-05,wd0.0",2,"lr=1e-05, wd=0.01",-3.4513,8
[64],50,"lr1e-05,wd0.0",7,"lr=3e-04, wd=0.0",-3.3318,9
[64],50,"lr1e-05,wd0.0",10,"lr=0.001, wd=0.01",-3.2223,10
[64],50,"lr1e-05,wd0.0",9,"lr=0.001, wd=0.0",-2.8238,11
[64],50,"lr1e-05,wd0.0",12,"lr=0.003, wd=0.01",-2.4404,12
[64],50,"lr1e-05,wd0.01",4,"lr=3e-05, wd=0.01",-4.2095,1
[64],50,"lr1e-05,wd0.01",1,"lr=1e-05, wd=0.0",-4.149,2
[64],50,"lr1e-05,wd0.01",3,"lr=3e-05, wd=0.0",-4.0872,3
[64],50,"lr1e-05,wd0.01",6,"lr=1e-04, wd=0.01",-4.0491,4
[64],50,"lr1e-05,wd0.01",5,"lr=1e-04, wd=0.0",-4.0179,5
[64],50,"lr1e-05,wd0.01",2,"lr=1e-05, wd=0.01",-3.9853,6
[64],50,"lr1e-05,wd0.01",8,"lr=3e-04, wd=0.01",-3.712,7
[64],50,"lr1e-05,wd0.01",11,"lr=0.003, wd=0.0",-3.6085,8
[64],50,"lr1e-05,wd0.01",7,"lr=3e-04, wd=0.0",-3.5281,9
[64],50,"lr1e-05,wd0.01",10,"lr=0.001, wd=0.01",-3.2297,10
[64],50,"lr1e-05,wd0.01",9,"lr=0.001, wd=0.0",-2.7102,11
[64],50,"lr1e-05,wd0.01",12,"lr=0.003, wd=0.01",-2.3886,12
[64],50,"lr3e-05,wd0.0",5,"lr=1e-04, wd=0.0",-4.1139,1
[64],50,"lr3e-05,wd0.0",3,"lr=3e-05, wd=0.0",-3.8557,2
[64],50,"lr3e-05,wd0.0",1,"lr=1e-05, wd=0.0",-3.8459,3
[64],50,"lr3e-05,wd0.0",2,"lr=1e-05, wd=0.01",-3.6887,4
[64],50,"lr3e-05,wd0.0",8,"lr=3e-04, wd=0.01",-3.5975,5
[64],50,"lr3e-05,wd0.0",11,"lr=0.003, wd=0.0",-3.4185,6
[64],50,"lr3e-05,wd0.0",6,"lr=1e-04, wd=0.01",-3.3884,7
[64],50,"lr3e-05,wd0.0",7,"lr=3e-04, wd=0.0",-3.2868,8
[64],50,"lr3e-05,wd0.0",10,"lr=0.001, wd=0.01",-3.0869,9
[64],50,"lr3e-05,wd0.0",9,"lr=0.001, wd=0.0",-2.5836,10
[64],50,"lr3e-05,wd0.0",4,"lr=3e-05, wd=0.01",-2.4601,11
[64],50,"lr3e-05,wd0.0",12,"lr=0.003, wd=0.01",-2.3436,12
[64],50,"lr3e-05,wd0.01",6,"lr=1e-04, wd=0.01",-4.1854,1
[64],50,"lr3e-05,wd0.01",5,"lr=1e-04, wd=0.0",-4.1356,2
[64],50,"lr3e-05,wd0.01",2,"lr=1e-05, wd=0.01",-4.0587,3
[64],50,"lr3e-05,wd0.01",4,"lr=3e-05, wd=0.01",-4.0555,4
[64],50,"lr3e-05,wd0.01",1,"lr=1e-05, wd=0.0",-4.0195,5
[64],50,"lr3e-05,wd0.01",3,"lr=3e-05, wd=0.0",-4.0006,6
[64],50,"lr3e-05,wd0.01",8,"lr=3e-04, wd=0.01",-3.9959,7
[64],50,"lr3e-05,wd0.01",7,"lr=3e-04, wd=0.0",-3.8178,8
[64],50,"lr3e-05,wd0.01",11,"lr=0.003, wd=0.0",-3.8119,9
[64],50,"lr3e-05,wd0.01",10,"lr=0.001, wd=0.01",-3.2123,10
[64],50,"lr3e-05,wd0.01",9,"lr=0.001, wd=0.0",-2.9407,11
[64],50,"lr3e-05,wd0.01",12,"lr=0.003, wd=0.01",-2.288,12
[64],50,"lr0.0001,wd0.0",7,"lr=3e-04, wd=0.0",-3.7784,1
[64],50,"lr0.0001,wd0.0",9,"lr=0.001, wd=0.0",-2.5463,2
[64],50,"lr0.0001,wd0.0",11,"lr=0.003, wd=0.0",-2.522,3
[64],50,"lr0.0001,wd0.0",8,"lr=3e-04, wd=0.01",-2.4173,4
[64],50,"lr0.0001,wd0.0",3,"lr=3e-05, wd=0.0",-2.3665,5
[64],50,"lr0.0001,wd0.0",4,"lr=3e-05, wd=0.01",-2.3496,6
[64],50,"lr0.0001,wd0.0",6,"lr=1e-04, wd=0.01",-2.3214,7
[64],50,"lr0.0001,wd0.0",10,"lr=0.001, wd=0.01",-2.3075,8
[64],50,"lr0.0001,wd0.0",1,"lr=1e-05, wd=0.0",-2.1925,9
[64],50,"lr0.0001,wd0.0",2,"lr=1e-05, wd=0.01",-2.189,10
[64],50,"lr0.0001,wd0.0",12,"lr=0.003, wd=0.01",-2.1339,11
[64],50,"lr0.0001,wd0.0",5,"lr=1e-04, wd=0.0",-1.8947,12
[64],50,"lr0.0001,wd0.01",8,"lr=3e-04, wd=0.01",-4.1365,1
[64],50,"lr0.0001,wd0.01",6,"lr=1e-04, wd=0.01",-4.0696,2
[64],50,"lr0.0001,wd0.01",3,"lr=3e-05, wd=0.0",-4.0381,3
[64],50,"lr0.0001,wd0.01",4,"lr=3e-05, wd=0.01",-4.0189,4
[64],50,"lr0.0001,wd0.01",2,"lr=1e-05, wd=0.01",-3.9991,5
[64],50,"lr0.0001,wd0.01",5,"lr=1e-04, wd=0.0",-3.9666,6
[64],50,"lr0.0001,wd0.01",1,"lr=1e-05, wd=0.0",-3.963,7
[64],50,"lr0.0001,wd0.01",11,"lr=0.003, wd=0.0",-3.8045,8
[64],50,"lr0.0001,wd0.01",7,"lr=3e-04, wd=0.0",-3.6708,9
[64],50,"lr0.0001,wd0.01",10,"lr=0.001, wd=0.01",-3.6508,10
[64],50,"lr0.0001,wd0.01",12,"lr=0.003, wd=0.01",-2.7338,11
[64],50,"lr0.0001,wd0.01",9,"lr=0.001, wd=0.0",-2.6186,12
[64],50,"lr0.0003,wd0.0",9,"lr=0.001, wd=0.0",-3.0454,1
[64],50,"lr0.0003,wd0.0",11,"lr=0.003, wd=0.0",-2.2569,2
[64],50,"lr0.0003,wd0.0",5,"lr=1e-04, wd=0.0",-2.0619,3
[64],50,"lr0.0003,wd0.0",12,"lr=0.003, wd=0.01",-2.0256,4
[64],50,"lr0.0003,wd0.0",10,"lr=0.001, wd=0.01",-2.013,5
[64],50,"lr0.0003,wd0.0",8,"lr=3e-04, wd=0.01",-2.0085,6
[64],50,"lr0.0003,wd0.0",6,"lr=1e-04, wd=0.01",-1.9672,7
[64],50,"lr0.0003,wd0.0",3,"lr=3e-05, wd=0.0",-1.8981,8
[64],50,"lr0.0003,wd0.0",4,"lr=3e-05, wd=0.01",-1.8578,9
[64],50,"lr0.0003,wd0.0",2,"lr=1e-05, wd=0.01",-1.7372,10
[64],50,"lr0.0003,wd0.0",1,"lr=1e-05, wd=0.0",-1.7341,11
[64],50,"lr0.0003,wd0.0",7,"lr=3e-04, wd=0.0",0.3796,12
[64],50,"lr0.0003,wd0.01",8,"lr=3e-04, wd=0.01",-4.0421,1
[64],50,"lr0.0003,wd0.01",4,"lr=3e-05, wd=0.01",-3.9659,2
[64],50,"lr0.0003,wd0.01",3,"lr=3e-05, wd=0.0",-3.9616,3
[64],50,"lr0.0003,wd0.01",2,"lr=1e-05, wd=0.01",-3.8622,4
[64],50,"lr0.0003,wd0.01",1,"lr=1e-05, wd=0.0",-3.8535,5
[64],50,"lr0.0003,wd0.01",10,"lr=0.001, wd=0.01",-3.7961,6
[64],50,"lr0.0003,wd0.01",5,"lr=1e-04, wd=0.0",-3.7843,7
[64],50,"lr0.0003,wd0.01",6,"lr=1e-04, wd=0.01",-3.7299,8
[64],50,"lr0.0003,wd0.01",11,"lr=0.003, wd=0.0",-3.497,9
[64],50,"lr0.0003,wd0.01",7,"lr=3e-04, wd=0.0",-3.2221,10
[64],50,"lr0.0003,wd0.01",9,"lr=0.001, wd=0.0",-3.1965,11
[64],50,"lr0.0003,wd0.01",12,"lr=0.003, wd=0.01",-3.132,12
[64],50,"lr0.001,wd0.0",11,"lr=0.003, wd=0.0",-2.2984,1
[64],50,"lr0.001,wd0.0",12,"lr=0.003, wd=0.01",-2.0425,2
[64],50,"lr0.001,wd0.0",10,"lr=0.001, wd=0.01",-1.9901,3
[64],50,"lr0.001,wd0.0",5,"lr=1e-04, wd=0.0",-1.9688,4
[64],50,"lr0.001,wd0.0",8,"lr=3e-04, wd=0.01",-1.9504,5
[64],50,"lr0.001,wd0.0",6,"lr=1e-04, wd=0.01",-1.8991,6
[64],50,"lr0.001,wd0.0",3,"lr=3e-05, wd=0.0",-1.7139,7
[64],50,"lr0.001,wd0.0",1,"lr=1e-05, wd=0.0",-1.7038,8
[64],50,"lr0.001,wd0.0",2,"lr=1e-05, wd=0.01",-1.7023,9
[64],50,"lr0.001,wd0.0",4,"lr=3e-05, wd=0.01",-1.694,10
[64],50,"lr0.001,wd0.0",9,"lr=0.001, wd=0.0",-0.9383,11
[64],50,"lr0.001,wd0.0",7,"lr=3e-04, wd=0.0",1.5287,12
[64],50,"lr0.001,wd0.01",10,"lr=0.001, wd=0.01",-3.6909,1
[64],50,"lr0.001,wd0.01",12,"lr=0.003, wd=0.01",-3.4313,2
[64],50,"lr0.001,wd0.01",3,"lr=3e-05, wd=0.0",-2.452,3
[64],50,"lr0.001,wd0.01",2,"lr=1e-05, wd=0.01",-2.4437,4
[64],50,"lr0.001,wd0.01",1,"lr=1e-05, wd=0.0",-2.4067,5
[64],50,"lr0.001,wd0.01",4,"lr=3e-05, wd=0.01",-2.0034,6
[64],50,"lr0.001,wd0.01",5,"lr=1e-04, wd=0.0",-1.9777,7
[64],50,"lr0.001,wd0.01",9,"lr=0.001, wd=0.0",-1.2974,8
[64],50,"lr0.001,wd0.01",8,"lr=3e-04, wd=0.01",-1.021,9
[64],50,"lr0.001,wd0.01",7,"lr=3e-04, wd=0.0",-1.0014,10
[64],50,"lr0.001,wd0.01",6,"lr=1e-04, wd=0.01",-0.8909,11
[64],50,"lr0.001,wd0.01",11,"lr=0.003, wd=0.0",-0.2299,12
[64],50,"lr0.003,wd0.0",9,"lr=0.001, wd=0.0",-2.9563,1
[64],50,"lr0.003,wd0.0",6,"lr=1e-04, wd=0.01",-2.3056,2
[64],50,"lr0.003,wd0.0",4,"lr=3e-05, wd=0.01",-2.2407,3
[64],50,"lr0.003,wd0.0",5,"lr=1e-04, wd=0.0",-2.2259,4
[64],50,"lr0.003,wd0.0",2,"lr=1e-05, wd=0.01",-2.2253,5
[64],50,"lr0.003,wd0.0",3,"lr=3e-05, wd=0.0",-2.1851,6
[64],50,"lr0.003,wd0.0",1,"lr=1e-05, wd=0.0",-2.1782,7
[64],50,"lr0.003,wd0.0",7,"lr=3e-04, wd=0.0",-2.165,8
[64],50,"lr0.003,wd0.0",12,"lr=0.003, wd=0.01",-1.8995,9
[64],50,"lr0.003,wd0.0",10,"lr=0.001, wd=0.01",-0.4785,10
[64],50,"lr0.003,wd0.0",11,"lr=0.003, wd=0.0",-0.393,11
[64],50,"lr0.003,wd0.0",8,"lr=3e-04, wd=0.01",2.1552,12
[64],50,"lr0.003,wd0.01",12,"lr=0.003, wd=0.01",-3.7101,1
[64],50,"lr0.003,wd0.01",2,"lr=1e-05, wd=0.01",-2.1723,2
[64],50,"lr0.003,wd0.01",1,"lr=1e-05, wd=0.0",-2.1684,3
[64],50,"lr0.003,wd0.01",10,"lr=0.001, wd=0.01",-0.3252,4
[64],50,"lr0.003,wd0.01",3,"lr=3e-05, wd=0.0",0.1434,5
[64],50,"lr0.003,wd0.01",5,"lr=1e-04, wd=0.0",0.6984,6
[64],50,"lr0.003,wd0.01",7,"lr=3e-04, wd=0.0",0.9815,7
[64],50,"lr0.003,wd0.01",9,"lr=0.001, wd=0.0",1.5022,8
[64],50,"lr0.003,wd0.01",4,"lr=3e-05, wd=0.01",1.7741,9
[64],50,"lr0.003,wd0.01",8,"lr=3e-04, wd=0.01",2.2608,10
[64],50,"lr0.003,wd0.01",6,"lr=1e-04, wd=0.01",2.4269,11
[64],50,"lr0.003,wd0.01",11,"lr=0.003, wd=0.0",2.798,12
[64],90,"lr1e-05,wd0.0",3,"lr=3e-05, wd=0.0",-4.18,1
[64],90,"lr1e-05,wd0.0",4,"lr=3e-05, wd=0.01",-4.147,2
[64],90,"lr1e-05,wd0.0",5,"lr=1e-04, wd=0.0",-4.1158,3
[64],90,"lr1e-05,wd0.0",6,"lr=1e-04, wd=0.01",-4.0961,4
[64],90,"lr1e-05,wd0.0",2,"lr=1e-05, wd=0.01",-4.0561,5
[64],90,"lr1e-05,wd0.0",1,"lr=1e-05, wd=0.0",-4.0156,6
[64],90,"lr1e-05,wd0.0",11,"lr=0.003, wd=0.0",-3.9788,7
[64],90,"lr1e-05,wd0.0",7,"lr=3e-04, wd=0.0",-3.9532,8
[64],90,"lr1e-05,wd0.0",8,"lr=3e-04, wd=0.01",-3.9259,9
[64],90,"lr1e-05,wd0.0",9,"lr=0.001, wd=0.0",-3.9005,10
[64],90,"lr1e-05,wd0.0",10,"lr=0.001, wd=0.01",-3.8255,11
[64],90,"lr1e-05,wd0.0",12,"lr=0.003, wd=0.01",-3.8001,12
[64],90,"lr1e-05,wd0.01",4,"lr=3e-05, wd=0.01",-4.225,1
[64],90,"lr1e-05,wd0.01",1,"lr=1e-05, wd=0.0",-4.2086,2
[64],90,"lr1e-05,wd0.01",6,"lr=1e-04, wd=0.01",-4.2028,3
[64],90,"lr1e-05,wd0.01",5,"lr=1e-04, wd=0.0",-4.1891,4
[64],90,"lr1e-05,wd0.01",3,"lr=3e-05, wd=0.0",-4.167,5
[64],90,"lr1e-05,wd0.01",8,"lr=3e-04, wd=0.01",-4.1215,6
[64],90,"lr1e-05,wd0.01",2,"lr=1e-05, wd=0.01",-4.1191,7
[64],90,"lr1e-05,wd0.01",11,"lr=0.003, wd=0.0",-4.1191,8
[64],90,"lr1e-05,wd0.01",7,"lr=3e-04, wd=0.0",-4.1178,9
[64],90,"lr1e-05,wd0.01",9,"lr=0.001, wd=0.0",-4.0464,10
[64],90,"lr1e-05,wd0.01",10,"lr=0.001, wd=0.01",-4.0386,11
[64],90,"lr1e-05,wd0.01",12,"lr=0.003, wd=0.01",-3.9503,12
[64],90,"lr3e-05,wd0.0",5,"lr=1e-04, wd=0.0",-4.1371,1
[64],90,"lr3e-05,wd0.0",11,"lr=0.003, wd=0.0",-4.1141,2
[64],90,"lr3e-05,wd0.0",3,"lr=3e-05, wd=0.0",-4.0977,3
[64],90,"lr3e-05,wd0.0",6,"lr=1e-04, wd=0.01",-4.0895,4
[64],90,"lr3e-05,wd0.0",8,"lr=3e-04, wd=0.01",-4.067,5
[64],90,"lr3e-05,wd0.0",7,"lr=3e-04, wd=0.0",-4.0322,6
[64],90,"lr3e-05,wd0.0",1,"lr=1e-05, wd=0.0",-3.9989,7
[64],90,"lr3e-05,wd0.0",9,"lr=0.001, wd=0.0",-3.9845,8
[64],90,"lr3e-05,wd0.0",10,"lr=0.001, wd=0.01",-3.9769,9
[64],90,"lr3e-05,wd0.0",2,"lr=1e-05, wd=0.01",-3.959,10
[64],90,"lr3e-05,wd0.0",12,"lr=0.003, wd=0.01",-3.9019,11
[64],90,"lr3e-05,wd0.0",4,"lr=3e-05, wd=0.01",-3.861,12
[64],90,"lr3e-05,wd0.01",6,"lr=1e-04, wd=0.01",-4.1931,1
[64],90,"lr3e-05,wd0.01",5,"lr=1e-04, wd=0.0",-4.1719,2
[64],90,"lr3e-05,wd0.01",4,"lr=3e-05, wd=0.01",-4.1636,3
[64],90,"lr3e-05,wd0.01",11,"lr=0.003, wd=0.0",-4.1631,4
[64],90,"lr3e-05,wd0.01",8,"lr=3e-04, wd=0.01",-4.16,5
[64],90,"lr3e-05,wd0.01",7,"lr=3e-04, wd=0.0",-4.1447,6
[64],90,"lr3e-05,wd0.01",2,"lr=1e-05, wd=0.01",-4.1404,7
[64],90,"lr3e-05,wd0.01",1,"lr=1e-05, wd=0.0",-4.1099,8
[64],90,"lr3e-05,wd0.01",3,"lr=3e-05, wd=0.0",-4.0983,9
[64],90,"lr3e-05,wd0.01",9,"lr=0.001, wd=0.0",-4.0846,10
[64],90,"lr3e-05,wd0.01",10,"lr=0.001, wd=0.01",-4.0215,11
[64],90,"lr3e-05,wd0.01",12,"lr=0.003, wd=0.01",-3.8428,12
[64],90,"lr0.0001,wd0.0",7,"lr=3e-04, wd=0.0",-4.1216,1
[64],90,"lr0.0001,wd0.0",11,"lr=0.003, wd=0.0",-3.8352,2
[64],90,"lr0.0001,wd0.0",9,"lr=0.001, wd=0.0",-3.7859,3
[64],90,"lr0.0001,wd0.0",5,"lr=1e-04, wd=0.0",-3.4905,4
[64],90,"lr0.0001,wd0.0",8,"lr=3e-04, wd=0.01",-2.4559,5
[64],90,"lr0.0001,wd0.0",6,"lr=1e-04, wd=0.01",-2.4526,6
[64],90,"lr0.0001,wd0.0",12,"lr=0.003, wd=0.01",-2.4474,7
[64],90,"lr0.0001,wd0.0",10,"lr=0.001, wd=0.01",-2.3999,8
[64],90,"lr0.0001,wd0.0",1,"lr=1e-05, wd=0.0",-2.3981,9
[64],90,"lr0.0001,wd0.0",2,"lr=1e-05, wd=0.01",-2.3976,10
[64],90,"lr0.0001,wd0.0",4,"lr=3e-05, wd=0.01",-2.349,11
[64],90,"lr0.0001,wd0.0",3,"lr=3e-05, wd=0.0",-2.2958,12
[64],90,"lr0.0001,wd0.01",8,"lr=3e-04, wd=0.01",-4.2107,1
[64],90,"lr0.0001,wd0.01",5,"lr=1e-04, wd=0.0",-4.1736,2
[64],90,"lr0.0001,wd0.01",4,"lr=3e-05, wd=0.01",-4.1723,3
[64],90,"lr0.0001,wd0.01",6,"lr=1e-04, wd=0.01",-4.1439,4
[64],90,"lr0.0001,wd0.01",11,"lr=0.003, wd=0.0",-4.1406,5
[64],90,"lr0.0001,wd0.01",3,"lr=3e-05, wd=0.0",-4.1358,6
[64],90,"lr0.0001,wd0.01",2,"lr=1e-05, wd=0.01",-4.1302,7
[64],90,"lr0.0001,wd0.01",1,"lr=1e-05, wd=0.0",-4.119,8
[64],90,"lr0.0001,wd0.01",10,"lr=0.001, wd=0.01",-4.1155,9
[64],90,"lr0.0001,wd0.01",7,"lr=3e-04, wd=0.0",-4.1085,10
[64],90,"lr0.0001,wd0.01",9,"lr=0.001, wd=0.0",-4.0086,11
[64],90,"lr0.0001,wd0.01",12,"lr=0.003, wd=0.01",-3.9878,12
[64],90,"lr0.0003,wd0.0",11,"lr=0.003, wd=0.0",-3.6915,1
[64],90,"lr0.0003,wd0.0",9,"lr=0.001, wd=0.0",-3.441,2
[64],90,"lr0.0003,wd0.0",1,"lr=1e-05, wd=0.0",-2.4982,3
[64],90,"lr0.0003,wd0.0",2,"lr=1e-05, wd=0.01",-2.487,4
[64],90,"lr0.0003,wd0.0",3,"lr=3e-05, wd=0.0",-2.4809,5
[64],90,"lr0.0003,wd0.0",4,"lr=3e-05, wd=0.01",-2.4629,6
[64],90,"lr0.0003,wd0.0",12,"lr=0.003, wd=0.01",-2.4573,7
[64],90,"lr0.0003,wd0.0",5,"lr=1e-04, wd=0.0",-2.4161,8
[64],90,"lr0.0003,wd0.0",10,"lr=0.001, wd=0.01",-2.3188,9
[64],90,"lr0.0003,wd0.0",6,"lr=1e-04, wd=0.01",-2.2861,10
[64],90,"lr0.0003,wd0.0",8,"lr=3e-04, wd=0.01",-2.2492,11
[64],90,"lr0.0003,wd0.0",7,"lr=3e-04, wd=0.0",-1.7243,12
[64],90,"lr0.0003,wd0.01",10,"lr=0.001, wd=0.01",-4.177,1
[64],90,"lr0.0003,wd0.01",2,"lr=1e-05, wd=0.01",-4.1398,2
[64],90,"lr0.0003,wd0.01",1,"lr=1e-05, wd=0.0",-4.125,3
[64],90,"lr0.0003,wd0.01",12,"lr=0.003, wd=0.01",-4.1059,4
[64],90,"lr0.0003,wd0.01",4,"lr=3e-05, wd=0.01",-4.1044,5
[64],90,"lr0.0003,wd0.01",8,"lr=3e-04, wd=0.01",-4.0692,6
[64],90,"lr0.0003,wd0.01",3,"lr=3e-05, wd=0.0",-4.0542,7
[64],90,"lr0.0003,wd0.01",5,"lr=1e-04, wd=0.0",-3.9612,8
[64],90,"lr0.0003,wd0.01",11,"lr=0.003, wd=0.0",-3.8621,9
[64],90,"lr0.0003,wd0.01",6,"lr=1e-04, wd=0.01",-3.8506,10
[64],90,"lr0.0003,wd0.01",7,"lr=3e-04, wd=0.0",-3.7985,11
[64],90,"lr0.0003,wd0.01",9,"lr=0.001, wd=0.0",-3.7328,12
[64],90,"lr0.001,wd0.0",11,"lr=0.003, wd=0.0",-3.1186,1
[64],90,"lr0.001,wd0.0",3,"lr=3e-05, wd=0.0",-2.4346,2
[64],90,"lr0.001,wd0.0",12,"lr=0.003, wd=0.01",-2.4302,3
[64],90,"lr0.001,wd0.0",4,"lr=3e-05, wd=0.01",-2.4229,4
[64],90,"lr0.001,wd0.0",1,"lr=1e-05, wd=0.0",-2.4207,5
[64],90,"lr0.001,wd0.0",2,"lr=1e-05, wd=0.01",-2.4187,6
[64],90,"lr0.001,wd0.0",5,"lr=1e-04, wd=0.0",-2.4098,7
[64],90,"lr0.001,wd0.0",6,"lr=1e-04, wd=0.01",-2.3474,8
[64],90,"lr0.001,wd0.0",8,"lr=3e-04, wd=0.01",-2.2785,9
[64],90,"lr0.001,wd0.0",10,"lr=0.001, wd=0.01",-2.2648,10
[64],90,"lr0.001,wd0.0",7,"lr=3e-04, wd=0.0",-1.7888,11
[64],90,"lr0.001,wd0.0",9,"lr=0.001, wd=0.0",-1.3899,12
[64],90,"lr0.001,wd0.01",10,"lr=0.001, wd=0.01",-3.9323,1
[64],90,"lr0.001,wd0.01",2,"lr=1e-05, wd=0.01",-3.8847,2
[64],90,"lr0.001,wd0.01",1,"lr=1e-05, wd=0.0",-3.8648,3
[64],90,"lr0.001,wd0.01",4,"lr=3e-05, wd=0.01",-3.8066,4
[64],90,"lr0.001,wd0.01",12,"lr=0.003, wd=0.01",-3.7521,5
[64],90,"lr0.001,wd0.01",3,"lr=3e-05, wd=0.0",-3.6697,6
[64],90,"lr0.001,wd0.01",11,"lr=0.003, wd=0.0",-3.6081,7
[64],90,"lr0.001,wd0.01",5,"lr=1e-04, wd=0.0",-3.5979,8
[64],90,"lr0.001,wd0.01",7,"lr=3e-04, wd=0.0",-3.5248,9
[64],90,"lr0.001,wd0.01",9,"lr=0.001, wd=0.0",-3.413,10
[64],90,"lr0.001,wd0.01",8,"lr=3e-04, wd=0.01",-3.1517,11
[64],90,"lr0.001,wd0.01",6,"lr=1e-04, wd=0.01",-3.0234,12
[64],90,"lr0.003,wd0.0",7,"lr=3e-04, wd=0.0",-3.1372,1
[64],90,"lr0.003,wd0.0",9,"lr=0.001, wd=0.0",-3.083,2
[64],90,"lr0.003,wd0.0",11,"lr=0.003, wd=0.0",-2.6457,3
[64],90,"lr0.003,wd0.0",12,"lr=0.003, wd=0.01",-2.4725,4
[64],90,"lr0.003,wd0.0",5,"lr=1e-04, wd=0.0",-2.3203,5
[64],90,"lr0.003,wd0.0",10,"lr=0.001, wd=0.01",-2.3115,6
[64],90,"lr0.003,wd0.0",8,"lr=3e-04, wd=0.01",-2.3029,7
[64],90,"lr0.003,wd0.0",2,"lr=1e-05, wd=0.01",-2.3018,8
[64],90,"lr0.003,wd0.0",1,"lr=1e-05, wd=0.0",-2.2753,9
[64],90,"lr0.003,wd0.0",6,"lr=1e-04, wd=0.01",-2.2318,10
[64],90,"lr0.003,wd0.0",4,"lr=3e-05, wd=0.01",-2.1793,11
[64],90,"lr0.003,wd0.0",3,"lr=3e-05, wd=0.0",-2.1699,12
[64],90,"lr0.003,wd0.01",12,"lr=0.003, wd=0.01",-3.6017,1
[64],90,"lr0.003,wd0.01",5,"lr=1e-04, wd=0.0",-3.2891,2
[64],90,"lr0.003,wd0.01",7,"lr=3e-04, wd=0.0",-3.2802,3
[64],90,"lr0.003,wd0.01",2,"lr=1e-05, wd=0.01",-3.2097,4
[64],90,"lr0.003,wd0.01",9,"lr=0.001, wd=0.0",-3.1308,5
[64],90,"lr0.003,wd0.01",11,"lr=0.003, wd=0.0",-3.0951,6
[64],90,"lr0.003,wd0.01",8,"lr=3e-04, wd=0.01",-3.088,7
[64],90,"lr0.003,wd0.01",1,"lr=1e-05, wd=0.0",-3.0323,8
[64],90,"lr0.003,wd0.01",6,"lr=1e-04, wd=0.01",-3.0128,9
[64],90,"lr0.003,wd0.01",10,"lr=0.001, wd=0.01",-2.9054,10
[64],90,"lr0.003,wd0.01",4,"lr=3e-05, wd=0.01",-2.6881,11
[64],90,"lr0.003,wd0.01",3,"lr=3e-05, wd=0.0",-2.555,12
