scale,source_config,source_hp,epoch,target_hp,target_hp_short,nll,mse
[8],1,"lr=1e-05, wd=0.0",0,layer4_lr1e-05_hd128_wd0.0_cosine,"lr1e-05,wd0.0",-0.6125544016830871,0.01641497287524725
[8],1,"lr=1e-05, wd=0.0",0,layer4_lr1e-05_hd128_wd0.01_cosine,"lr1e-05,wd0.01",-0.729779936283045,0.013191100177797621
[8],1,"lr=1e-05, wd=0.0",0,layer4_lr3e-05_hd128_wd0.0_cosine,"lr3e-05,wd0.0",-0.37589641208920405,0.022514714526834394
[8],1,"lr=1e-05, wd=0.0",0,layer4_lr3e-05_hd128_wd0.01_cosine,"lr3e-05,wd0.01",-0.5835596133942873,0.017060213172855866
[8],1,"lr=1e-05, wd=0.0",0,layer4_lr0.0001_hd128_wd0.0_cosine,"lr0.0001,wd0.0",-0.3183353933766625,0.023749144853515616
[8],1,"lr=1e-05, wd=0.0",0,layer4_lr0.0001_hd128_wd0.01_cosine,"lr0.0001,wd0.01",-0.4922785092346734,0.019543544770216834
[8],1,"lr=1e-05, wd=0.0",0,layer4_lr0.0003_hd128_wd0.0_cosine,"lr0.0003,wd0.0",-0.3990099812516858,0.0214278599067217
[8],1,"lr=1e-05, wd=0.0",0,layer4_lr0.0003_hd128_wd0.01_cosine,"lr0.0003,wd0.01",-0.5096118700263402,0.019207081975957024
[8],1,"lr=1e-05, wd=0.0",0,layer4_lr0.001_hd128_wd0.0_cosine,"lr0.001,wd0.0",-0.4611388609885169,0.02003474327369265
[8],1,"lr=1e-05, wd=0.0",0,layer4_lr0.001_hd128_wd0.01_cosine,"lr0.001,wd0.01",-0.6145973783032427,0.016338310561248476
[8],1,"lr=1e-05, wd=0.0",0,layer4_lr0.003_hd128_wd0.0_cosine,"lr0.003,wd0.0",-0.5374424082560838,0.018298644064111375
[8],1,"lr=1e-05, wd=0.0",0,layer4_lr0.003_hd128_wd0.01_cosine,"lr0.003,wd0.01",-0.7336943180331198,0.01248876090675804
[8],1,"lr=1e-05, wd=0.0",5,layer4_lr1e-05_hd128_wd0.0_cosine,"lr1e-05,wd0.0",-1.707273304008912,0.001089433821592511
[8],1,"lr=1e-05, wd=0.0",5,layer4_lr1e-05_hd128_wd0.01_cosine,"lr1e-05,wd0.01",-1.780881624103307,0.00044578398482264964
[8],1,"lr=1e-05, wd=0.0",5,layer4_lr3e-05_hd128_wd0.0_cosine,"lr3e-05,wd0.0",-1.71798535814739,5.351147860381189e-05
[8],1,"lr=1e-05, wd=0.0",5,layer4_lr3e-05_hd128_wd0.01_cosine,"lr3e-05,wd0.01",-1.7814545114720148,2.3907391760821866e-05
[8],1,"lr=1e-05, wd=0.0",5,layer4_lr0.0001_hd128_wd0.0_cosine,"lr0.0001,wd0.0",-1.66944502468989,0.0003143768916189305
[8],1,"lr=1e-05, wd=0.0",5,layer4_lr0.0001_hd128_wd0.01_cosine,"lr0.0001,wd0.01",-1.7766379423566965,6.935939164359877e-06
[8],1,"lr=1e-05, wd=0.0",5,layer4_lr0.0003_hd128_wd0.0_cosine,"lr0.0003,wd0.0",-1.5792093538878753,0.002086440527940685
[8],1,"lr=1e-05, wd=0.0",5,layer4_lr0.0003_hd128_wd0.01_cosine,"lr0.0003,wd0.01",-1.757875266615794,4.49956755222598e-05
[8],1,"lr=1e-05, wd=0.0",5,layer4_lr0.001_hd128_wd0.0_cosine,"lr0.001,wd0.0",-1.511228312646291,0.002821311437563173
[8],1,"lr=1e-05, wd=0.0",5,layer4_lr0.001_hd128_wd0.01_cosine,"lr0.001,wd0.01",-1.2906414394185763,0.00054923259950632
[8],1,"lr=1e-05, wd=0.0",5,layer4_lr0.003_hd128_wd0.0_cosine,"lr0.003,wd0.0",-1.2347478295286705,0.00373245834005546
[8],1,"lr=1e-05, wd=0.0",5,layer4_lr0.003_hd128_wd0.01_cosine,"lr0.003,wd0.01",-1.9208224322829415,0.0005849501756878396
[8],1,"lr=1e-05, wd=0.0",10,layer4_lr1e-05_hd128_wd0.0_cosine,"lr1e-05,wd0.0",-1.9362910539483111,0.00020170869436342013
[8],1,"lr=1e-05, wd=0.0",10,layer4_lr1e-05_hd128_wd0.01_cosine,"lr1e-05,wd0.01",-2.0593835431950707,0.00018650253388319951
[8],1,"lr=1e-05, wd=0.0",10,layer4_lr3e-05_hd128_wd0.0_cosine,"lr3e-05,wd0.0",-2.1524330093907422,9.52050875042638e-06
[8],1,"lr=1e-05, wd=0.0",10,layer4_lr3e-05_hd128_wd0.01_cosine,"lr3e-05,wd0.01",-2.1895843101911576,4.482326154162722e-05
[8],1,"lr=1e-05, wd=0.0",10,layer4_lr0.0001_hd128_wd0.0_cosine,"lr0.0001,wd0.0",-2.0108001516926652,0.00073023283328852
[8],1,"lr=1e-05, wd=0.0",10,layer4_lr0.0001_hd128_wd0.01_cosine,"lr0.0001,wd0.01",-2.21091696722241,9.757552901824367e-05
[8],1,"lr=1e-05, wd=0.0",10,layer4_lr0.0003_hd128_wd0.0_cosine,"lr0.0003,wd0.0",-1.8262478113902294,0.002458694723565915
[8],1,"lr=1e-05, wd=0.0",10,layer4_lr0.0003_hd128_wd0.01_cosine,"lr0.0003,wd0.01",-1.9999125651713794,0.00013166012725359427
[8],1,"lr=1e-05, wd=0.0",10,layer4_lr0.001_hd128_wd0.0_cosine,"lr0.001,wd0.0",-1.8934159026628894,0.0015669892950727587
[8],1,"lr=1e-05, wd=0.0",10,layer4_lr0.001_hd128_wd0.01_cosine,"lr0.001,wd0.01",-1.9351957651002294,3.634917789325499e-05
[8],1,"lr=1e-05, wd=0.0",10,layer4_lr0.003_hd128_wd0.0_cosine,"lr0.003,wd0.0",-1.9885413852000922,0.0006016221351219494
[8],1,"lr=1e-05, wd=0.0",10,layer4_lr0.003_hd128_wd0.01_cosine,"lr0.003,wd0.01",-1.6357568666092699,0.00012343934023308434
[8],1,"lr=1e-05, wd=0.0",20,layer4_lr1e-05_hd128_wd0.0_cosine,"lr1e-05,wd0.0",-2.25018990668835,2.4083797564041564e-05
[8],1,"lr=1e-05, wd=0.0",20,layer4_lr1e-05_hd128_wd0.01_cosine,"lr1e-05,wd0.01",-2.2681340172999453,7.150205685371581e-05
[8],1,"lr=1e-05, wd=0.0",20,layer4_lr3e-05_hd128_wd0.0_cosine,"lr3e-05,wd0.0",-2.3876626309839337,5.0409186327934254e-05
[8],1,"lr=1e-05, wd=0.0",20,layer4_lr3e-05_hd128_wd0.01_cosine,"lr3e-05,wd0.01",-2.5895504927902127,8.514899062829461e-07
[8],1,"lr=1e-05, wd=0.0",20,layer4_lr0.0001_hd128_wd0.0_cosine,"lr0.0001,wd0.0",-2.3017135133372046,0.0006646782267876484
[8],1,"lr=1e-05, wd=0.0",20,layer4_lr0.0001_hd128_wd0.01_cosine,"lr0.0001,wd0.01",-2.4727267144070164,5.176313954685456e-05
[8],1,"lr=1e-05, wd=0.0",20,layer4_lr0.0003_hd128_wd0.0_cosine,"lr0.0003,wd0.0",-2.2008752969793903,0.0012185098067602638
[8],1,"lr=1e-05, wd=0.0",20,layer4_lr0.0003_hd128_wd0.01_cosine,"lr0.0003,wd0.01",-2.1394568975539903,5.772126107174365e-05
[8],1,"lr=1e-05, wd=0.0",20,layer4_lr0.001_hd128_wd0.0_cosine,"lr0.001,wd0.0",-2.2476436716595747,0.0011270427364894026
[8],1,"lr=1e-05, wd=0.0",20,layer4_lr0.001_hd128_wd0.01_cosine,"lr0.001,wd0.01",-1.9501795645331674,9.609619796531154e-05
[8],1,"lr=1e-05, wd=0.0",20,layer4_lr0.003_hd128_wd0.0_cosine,"lr0.003,wd0.0",-2.21509977154231,0.0005861518561396769
[8],1,"lr=1e-05, wd=0.0",20,layer4_lr0.003_hd128_wd0.01_cosine,"lr0.003,wd0.01",-2.3259038018779177,0.0003202148167376979
[8],1,"lr=1e-05, wd=0.0",50,layer4_lr1e-05_hd128_wd0.0_cosine,"lr1e-05,wd0.0",-3.3153145778664674,1.527522177823068e-06
[8],1,"lr=1e-05, wd=0.0",50,layer4_lr1e-05_hd128_wd0.01_cosine,"lr1e-05,wd0.01",-3.335872334868922,6.65711818876127e-07
[8],1,"lr=1e-05, wd=0.0",50,layer4_lr3e-05_hd128_wd0.0_cosine,"lr3e-05,wd0.0",-3.3656189712788973,4.685715513844309e-06
[8],1,"lr=1e-05, wd=0.0",50,layer4_lr3e-05_hd128_wd0.01_cosine,"lr3e-05,wd0.01",-3.6443052810660124,1.2590605542933525e-06
[8],1,"lr=1e-05, wd=0.0",50,layer4_lr0.0001_hd128_wd0.0_cosine,"lr0.0001,wd0.0",-2.5816515768119914,7.788778307829383e-05
[8],1,"lr=1e-05, wd=0.0",50,layer4_lr0.0001_hd128_wd0.01_cosine,"lr0.0001,wd0.01",-3.9728364594419348,9.39445450276548e-07
[8],1,"lr=1e-05, wd=0.0",50,layer4_lr0.0003_hd128_wd0.0_cosine,"lr0.0003,wd0.0",-2.3614170936885066,0.00017005332141477477
[8],1,"lr=1e-05, wd=0.0",50,layer4_lr0.0003_hd128_wd0.01_cosine,"lr0.0003,wd0.01",-3.6347407516810426,1.0422278536298417e-06
[8],1,"lr=1e-05, wd=0.0",50,layer4_lr0.001_hd128_wd0.0_cosine,"lr0.001,wd0.0",-2.2041491285270407,5.663270537688147e-05
[8],1,"lr=1e-05, wd=0.0",50,layer4_lr0.001_hd128_wd0.01_cosine,"lr0.001,wd0.01",-3.0672357877368164,0.0001073267029769726
[8],1,"lr=1e-05, wd=0.0",50,layer4_lr0.003_hd128_wd0.0_cosine,"lr0.003,wd0.0",-3.0916780615057835,0.00018466899580442918
[8],1,"lr=1e-05, wd=0.0",50,layer4_lr0.003_hd128_wd0.01_cosine,"lr0.003,wd0.01",-2.916479710930767,0.0002727393056807669
[8],1,"lr=1e-05, wd=0.0",90,layer4_lr1e-05_hd128_wd0.0_cosine,"lr1e-05,wd0.0",-4.1133493897955224,1.9387116042641798e-06
[8],1,"lr=1e-05, wd=0.0",90,layer4_lr1e-05_hd128_wd0.01_cosine,"lr1e-05,wd0.01",-4.169597063715793,4.297130125318591e-07
[8],1,"lr=1e-05, wd=0.0",90,layer4_lr3e-05_hd128_wd0.0_cosine,"lr3e-05,wd0.0",-4.068324506882314,1.4334054923559382e-06
[8],1,"lr=1e-05, wd=0.0",90,layer4_lr3e-05_hd128_wd0.01_cosine,"lr3e-05,wd0.01",-4.163303616284407,6.233024333444756e-07
[8],1,"lr=1e-05, wd=0.0",90,layer4_lr0.0001_hd128_wd0.0_cosine,"lr0.0001,wd0.0",-3.533212705634724,3.7133904854672886e-06
[8],1,"lr=1e-05, wd=0.0",90,layer4_lr0.0001_hd128_wd0.01_cosine,"lr0.0001,wd0.01",-4.181168650218148,7.034522866381738e-07
[8],1,"lr=1e-05, wd=0.0",90,layer4_lr0.0003_hd128_wd0.0_cosine,"lr0.0003,wd0.0",-3.481927468595962,1.3379198769397446e-05
[8],1,"lr=1e-05, wd=0.0",90,layer4_lr0.0003_hd128_wd0.01_cosine,"lr0.0003,wd0.01",-4.150227391443234,2.8652160852335714e-06
[8],1,"lr=1e-05, wd=0.0",90,layer4_lr0.001_hd128_wd0.0_cosine,"lr0.001,wd0.0",-3.318042473789551,6.626260744563195e-05
[8],1,"lr=1e-05, wd=0.0",90,layer4_lr0.001_hd128_wd0.01_cosine,"lr0.001,wd0.01",-3.871906137911418,2.7754664574976523e-06
[8],1,"lr=1e-05, wd=0.0",90,layer4_lr0.003_hd128_wd0.0_cosine,"lr0.003,wd0.0",-3.372476519134472,4.4246549223461865e-05
[8],1,"lr=1e-05, wd=0.0",90,layer4_lr0.003_hd128_wd0.01_cosine,"lr0.003,wd0.01",-3.6091397386352795,1.652120550537512e-05
[8],2,"lr=1e-05, wd=0.01",0,layer4_lr1e-05_hd128_wd0.0_cosine,"lr1e-05,wd0.0",-0.6024459802191087,0.01704579968153627
[8],2,"lr=1e-05, wd=0.01",0,layer4_lr1e-05_hd128_wd0.01_cosine,"lr1e-05,wd0.01",-0.7080596392439052,0.013832068539100881
[8],2,"lr=1e-05, wd=0.01",0,layer4_lr3e-05_hd128_wd0.0_cosine,"lr3e-05,wd0.0",-0.38923590488088955,0.023201873319449555
[8],2,"lr=1e-05, wd=0.01",0,layer4_lr3e-05_hd128_wd0.01_cosine,"lr3e-05,wd0.01",-0.5730809080725552,0.01773249644908128
[8],2,"lr=1e-05, wd=0.01",0,layer4_lr0.0001_hd128_wd0.0_cosine,"lr0.0001,wd0.0",-0.34217498987730155,0.024376470172555606
[8],2,"lr=1e-05, wd=0.01",0,layer4_lr0.0001_hd128_wd0.01_cosine,"lr0.0001,wd0.01",-0.490953194469224,0.02020524124051344
[8],2,"lr=1e-05, wd=0.01",0,layer4_lr0.0003_hd128_wd0.0_cosine,"lr0.0003,wd0.0",-0.4199635640309511,0.021935598862144832
[8],2,"lr=1e-05, wd=0.01",0,layer4_lr0.0003_hd128_wd0.01_cosine,"lr0.0003,wd0.01",-0.5096482019552815,0.019811337579882172
[8],2,"lr=1e-05, wd=0.01",0,layer4_lr0.001_hd128_wd0.0_cosine,"lr0.001,wd0.0",-0.47543251601638964,0.020461787598377443
[8],2,"lr=1e-05, wd=0.01",0,layer4_lr0.001_hd128_wd0.01_cosine,"lr0.001,wd0.01",-0.6066442612979239,0.01683974103150467
[8],2,"lr=1e-05, wd=0.01",0,layer4_lr0.003_hd128_wd0.0_cosine,"lr0.003,wd0.0",-0.5396965924915403,0.01868125266786138
[8],2,"lr=1e-05, wd=0.01",0,layer4_lr0.003_hd128_wd0.01_cosine,"lr0.003,wd0.01",-0.7148258999737518,0.012881792416687682
[8],2,"lr=1e-05, wd=0.01",5,layer4_lr1e-05_hd128_wd0.0_cosine,"lr1e-05,wd0.0",-1.6846937113955012,0.0010621576670888425
[8],2,"lr=1e-05, wd=0.01",5,layer4_lr1e-05_hd128_wd0.01_cosine,"lr1e-05,wd0.01",-1.7655623785486192,0.0004325486132215279
[8],2,"lr=1e-05, wd=0.01",5,layer4_lr3e-05_hd128_wd0.0_cosine,"lr3e-05,wd0.0",-1.7107054953242207,5.2729810461666524e-05
[8],2,"lr=1e-05, wd=0.01",5,layer4_lr3e-05_hd128_wd0.01_cosine,"lr3e-05,wd0.01",-1.77254665184268,2.1438507910846082e-05
[8],2,"lr=1e-05, wd=0.01",5,layer4_lr0.0001_hd128_wd0.0_cosine,"lr0.0001,wd0.0",-1.6753901252488534,0.000304275819601379
[8],2,"lr=1e-05, wd=0.01",5,layer4_lr0.0001_hd128_wd0.01_cosine,"lr0.0001,wd0.01",-1.7763423095714783,6.7747313367217405e-06
[8],2,"lr=1e-05, wd=0.01",5,layer4_lr0.0003_hd128_wd0.0_cosine,"lr0.0003,wd0.0",-1.5864893772977156,0.002062522754364872
[8],2,"lr=1e-05, wd=0.01",5,layer4_lr0.0003_hd128_wd0.01_cosine,"lr0.0003,wd0.01",-1.7677777107684867,4.0732645756204995e-05
[8],2,"lr=1e-05, wd=0.01",5,layer4_lr0.001_hd128_wd0.0_cosine,"lr0.001,wd0.0",-1.522856042605865,0.002768452388563503
[8],2,"lr=1e-05, wd=0.01",5,layer4_lr0.001_hd128_wd0.01_cosine,"lr0.001,wd0.01",-1.2922328488284662,0.0005133785566674669
[8],2,"lr=1e-05, wd=0.01",5,layer4_lr0.003_hd128_wd0.0_cosine,"lr0.003,wd0.0",-1.238712351369018,0.0037318841336392294
[8],2,"lr=1e-05, wd=0.01",5,layer4_lr0.003_hd128_wd0.01_cosine,"lr0.003,wd0.01",-1.9344725731823489,0.0005773052514720734
[8],2,"lr=1e-05, wd=0.01",10,layer4_lr1e-05_hd128_wd0.0_cosine,"lr1e-05,wd0.0",-1.902811319926421,0.000186632218618261
[8],2,"lr=1e-05, wd=0.01",10,layer4_lr1e-05_hd128_wd0.01_cosine,"lr1e-05,wd0.01",-2.051010803563237,0.00017995090077677263
[8],2,"lr=1e-05, wd=0.01",10,layer4_lr3e-05_hd128_wd0.0_cosine,"lr3e-05,wd0.0",-2.143366629734693,7.686281825365854e-06
[8],2,"lr=1e-05, wd=0.01",10,layer4_lr3e-05_hd128_wd0.01_cosine,"lr3e-05,wd0.01",-2.1807898227240807,5.407476915334201e-05
[8],2,"lr=1e-05, wd=0.01",10,layer4_lr0.0001_hd128_wd0.0_cosine,"lr0.0001,wd0.0",-2.020378064733915,0.0007094704027200835
[8],2,"lr=1e-05, wd=0.01",10,layer4_lr0.0001_hd128_wd0.01_cosine,"lr0.0001,wd0.01",-2.2205723850276047,0.00010404760791543997
[8],2,"lr=1e-05, wd=0.01",10,layer4_lr0.0003_hd128_wd0.0_cosine,"lr0.0003,wd0.0",-1.8347963254746174,0.00243885222132709
[8],2,"lr=1e-05, wd=0.01",10,layer4_lr0.0003_hd128_wd0.01_cosine,"lr0.0003,wd0.01",-2.018173354866626,0.0001393836007683754
[8],2,"lr=1e-05, wd=0.01",10,layer4_lr0.001_hd128_wd0.0_cosine,"lr0.001,wd0.0",-1.904631969544943,0.001565530854931569
[8],2,"lr=1e-05, wd=0.01",10,layer4_lr0.001_hd128_wd0.01_cosine,"lr0.001,wd0.01",-1.9366689246455073,3.645299416565284e-05
[8],2,"lr=1e-05, wd=0.01",10,layer4_lr0.003_hd128_wd0.0_cosine,"lr0.003,wd0.0",-2.0019143219245086,0.000612275889644429
[8],2,"lr=1e-05, wd=0.01",10,layer4_lr0.003_hd128_wd0.01_cosine,"lr0.003,wd0.01",-1.6448743736996054,0.00012247650675563897
[8],2,"lr=1e-05, wd=0.01",20,layer4_lr1e-05_hd128_wd0.0_cosine,"lr1e-05,wd0.0",-2.2249622152383743,2.6559601682407034e-05
[8],2,"lr=1e-05, wd=0.01",20,layer4_lr1e-05_hd128_wd0.01_cosine,"lr1e-05,wd0.01",-2.240538592270499,7.896785955386173e-05
[8],2,"lr=1e-05, wd=0.01",20,layer4_lr3e-05_hd128_wd0.0_cosine,"lr3e-05,wd0.0",-2.362329994762328,5.860871155230684e-05
[8],2,"lr=1e-05, wd=0.01",20,layer4_lr3e-05_hd128_wd0.01_cosine,"lr3e-05,wd0.01",-2.5796291950791885,1.788556006138658e-06
[8],2,"lr=1e-05, wd=0.01",20,layer4_lr0.0001_hd128_wd0.0_cosine,"lr0.0001,wd0.0",-2.2917745425217384,0.0006775528917840843
[8],2,"lr=1e-05, wd=0.01",20,layer4_lr0.0001_hd128_wd0.01_cosine,"lr0.0001,wd0.01",-2.462332208145175,5.8897794799130274e-05
[8],2,"lr=1e-05, wd=0.01",20,layer4_lr0.0003_hd128_wd0.0_cosine,"lr0.0003,wd0.0",-2.1987823273650298,0.0012274682262866702
[8],2,"lr=1e-05, wd=0.01",20,layer4_lr0.0003_hd128_wd0.01_cosine,"lr0.0003,wd0.01",-2.142468320820464,6.473065955285723e-05
[8],2,"lr=1e-05, wd=0.01",20,layer4_lr0.001_hd128_wd0.0_cosine,"lr0.001,wd0.0",-2.2464802326254785,0.0011432449071010417
[8],2,"lr=1e-05, wd=0.01",20,layer4_lr0.001_hd128_wd0.01_cosine,"lr0.001,wd0.01",-1.9571133940705008,0.00010150988617743485
[8],2,"lr=1e-05, wd=0.01",20,layer4_lr0.003_hd128_wd0.0_cosine,"lr0.003,wd0.0",-2.224551696390533,0.0005968349203595206
[8],2,"lr=1e-05, wd=0.01",20,layer4_lr0.003_hd128_wd0.01_cosine,"lr0.003,wd0.01",-2.342866921782407,0.0003173652542331496
[8],2,"lr=1e-05, wd=0.01",50,layer4_lr1e-05_hd128_wd0.0_cosine,"lr1e-05,wd0.0",-3.30811440752005,1.6472263287153184e-06
[8],2,"lr=1e-05, wd=0.01",50,layer4_lr1e-05_hd128_wd0.01_cosine,"lr1e-05,wd0.01",-3.3364510913444336,6.09808360552913e-07
[8],2,"lr=1e-05, wd=0.01",50,layer4_lr3e-05_hd128_wd0.0_cosine,"lr3e-05,wd0.0",-3.363722778617851,5.028303025945321e-06
[8],2,"lr=1e-05, wd=0.01",50,layer4_lr3e-05_hd128_wd0.01_cosine,"lr3e-05,wd0.01",-3.6444177241796543,1.2644029494546751e-06
[8],2,"lr=1e-05, wd=0.01",50,layer4_lr0.0001_hd128_wd0.0_cosine,"lr0.0001,wd0.0",-2.588426477708266,7.807960243807356e-05
[8],2,"lr=1e-05, wd=0.01",50,layer4_lr0.0001_hd128_wd0.01_cosine,"lr0.0001,wd0.01",-3.974660903375319,9.665523415248381e-07
[8],2,"lr=1e-05, wd=0.01",50,layer4_lr0.0003_hd128_wd0.0_cosine,"lr0.0003,wd0.0",-2.3653466277261566,0.00016569881224293707
[8],2,"lr=1e-05, wd=0.01",50,layer4_lr0.0003_hd128_wd0.01_cosine,"lr0.0003,wd0.01",-3.6382334063825703,1.0574793513789452e-06
[8],2,"lr=1e-05, wd=0.01",50,layer4_lr0.001_hd128_wd0.0_cosine,"lr0.001,wd0.0",-2.208517557333539,5.03487915357736e-05
[8],2,"lr=1e-05, wd=0.01",50,layer4_lr0.001_hd128_wd0.01_cosine,"lr0.001,wd0.01",-3.081499443240561,0.00010897582762447975
[8],2,"lr=1e-05, wd=0.01",50,layer4_lr0.003_hd128_wd0.0_cosine,"lr0.003,wd0.0",-3.0862515609413377,0.0001823109146340343
[8],2,"lr=1e-05, wd=0.01",50,layer4_lr0.003_hd128_wd0.01_cosine,"lr0.003,wd0.01",-2.9277142946966057,0.00027400596457132084
[8],2,"lr=1e-05, wd=0.01",90,layer4_lr1e-05_hd128_wd0.0_cosine,"lr1e-05,wd0.0",-4.113030971136285,2.137391297749416e-06
[8],2,"lr=1e-05, wd=0.01",90,layer4_lr1e-05_hd128_wd0.01_cosine,"lr1e-05,wd0.01",-4.1702166433172785,4.361270754070838e-07
[8],2,"lr=1e-05, wd=0.01",90,layer4_lr3e-05_hd128_wd0.0_cosine,"lr3e-05,wd0.0",-4.069809744491613,1.497234314488579e-06
[8],2,"lr=1e-05, wd=0.01",90,layer4_lr3e-05_hd128_wd0.01_cosine,"lr3e-05,wd0.01",-4.16451570026447,6.305425198104654e-07
[8],2,"lr=1e-05, wd=0.01",90,layer4_lr0.0001_hd128_wd0.0_cosine,"lr0.0001,wd0.0",-3.5359622563208597,3.6215173688967096e-06
[8],2,"lr=1e-05, wd=0.01",90,layer4_lr0.0001_hd128_wd0.01_cosine,"lr0.0001,wd0.01",-4.182523589835495,6.72399365165525e-07
[8],2,"lr=1e-05, wd=0.01",90,layer4_lr0.0003_hd128_wd0.0_cosine,"lr0.0003,wd0.0",-3.487136272364194,1.252069882025691e-05
[8],2,"lr=1e-05, wd=0.01",90,layer4_lr0.0003_hd128_wd0.01_cosine,"lr0.0003,wd0.01",-4.149106198028709,2.946691179772573e-06
[8],2,"lr=1e-05, wd=0.01",90,layer4_lr0.001_hd128_wd0.0_cosine,"lr0.001,wd0.0",-3.330513661589857,6.38337357014472e-05
[8],2,"lr=1e-05, wd=0.01",90,layer4_lr0.001_hd128_wd0.01_cosine,"lr0.001,wd0.01",-3.868179741055672,2.7622435248821314e-06
[8],2,"lr=1e-05, wd=0.01",90,layer4_lr0.003_hd128_wd0.0_cosine,"lr0.003,wd0.0",-3.3797594104413675,4.2793740358591885e-05
[8],2,"lr=1e-05, wd=0.01",90,layer4_lr0.003_hd128_wd0.01_cosine,"lr0.003,wd0.01",-3.6080280424433555,1.6620009911679716e-05
[8],3,"lr=3e-05, wd=0.0",0,layer4_lr1e-05_hd128_wd0.0_cosine,"lr1e-05,wd0.0",-0.9419782735683306,0.008838486733409026
[8],3,"lr=3e-05, wd=0.0",0,layer4_lr1e-05_hd128_wd0.01_cosine,"lr1e-05,wd0.01",-1.0586556406103718,0.006481099522108611
[8],3,"lr=3e-05, wd=0.0",0,layer4_lr3e-05_hd128_wd0.0_cosine,"lr3e-05,wd0.0",-0.6679602971422393,0.013484777353553756
[8],3,"lr=3e-05, wd=0.0",0,layer4_lr3e-05_hd128_wd0.01_cosine,"lr3e-05,wd0.01",-0.9053602533162465,0.009327870098648001
[8],3,"lr=3e-05, wd=0.0",0,layer4_lr0.0001_hd128_wd0.0_cosine,"lr0.0001,wd0.0",-0.5857678514445961,0.014445206133347115
[8],3,"lr=3e-05, wd=0.0",0,layer4_lr0.0001_hd128_wd0.01_cosine,"lr0.0001,wd0.01",-0.789915566508354,0.011287225628049371
[8],3,"lr=3e-05, wd=0.0",0,layer4_lr0.0003_hd128_wd0.0_cosine,"lr0.0003,wd0.0",-0.667510566646393,0.012788788992452652
[8],3,"lr=3e-05, wd=0.0",0,layer4_lr0.0003_hd128_wd0.01_cosine,"lr0.0003,wd0.01",-0.7933421710146208,0.011184242868941728
[8],3,"lr=3e-05, wd=0.0",0,layer4_lr0.001_hd128_wd0.0_cosine,"lr0.001,wd0.0",-0.7234154301838174,0.011929866390612102
[8],3,"lr=3e-05, wd=0.0",0,layer4_lr0.001_hd128_wd0.01_cosine,"lr0.001,wd0.01",-0.9025969071496278,0.00924407190712985
[8],3,"lr=3e-05, wd=0.0",0,layer4_lr0.003_hd128_wd0.0_cosine,"lr0.003,wd0.0",-0.8007628114966406,0.010811965248418431
[8],3,"lr=3e-05, wd=0.0",0,layer4_lr0.003_hd128_wd0.01_cosine,"lr0.003,wd0.01",-1.0287455051913552,0.006650832501557183
[8],3,"lr=3e-05, wd=0.0",5,layer4_lr1e-05_hd128_wd0.0_cosine,"lr1e-05,wd0.0",-1.925777454537097,0.0011367462818650447
[8],3,"lr=3e-05, wd=0.0",5,layer4_lr1e-05_hd128_wd0.01_cosine,"lr1e-05,wd0.01",-2.058423698983659,0.0005173924774337657
[8],3,"lr=3e-05, wd=0.0",5,layer4_lr3e-05_hd128_wd0.0_cosine,"lr3e-05,wd0.0",-1.8422157610419672,0.00017507786068544486
[8],3,"lr=3e-05, wd=0.0",5,layer4_lr3e-05_hd128_wd0.01_cosine,"lr3e-05,wd0.01",-1.9352240455203342,6.029301644371373e-05
[8],3,"lr=3e-05, wd=0.0",5,layer4_lr0.0001_hd128_wd0.0_cosine,"lr0.0001,wd0.0",-1.6998492451417173,0.00015969942433438874
[8],3,"lr=3e-05, wd=0.0",5,layer4_lr0.0001_hd128_wd0.01_cosine,"lr0.0001,wd0.01",-1.8038620708186908,3.2240277617034966e-06
[8],3,"lr=3e-05, wd=0.0",5,layer4_lr0.0003_hd128_wd0.0_cosine,"lr0.0003,wd0.0",-1.5700299906680126,0.0016730436282875241
[8],3,"lr=3e-05, wd=0.0",5,layer4_lr0.0003_hd128_wd0.01_cosine,"lr0.0003,wd0.01",-1.720916233204318,1.8723127049341788e-05
[8],3,"lr=3e-05, wd=0.0",5,layer4_lr0.001_hd128_wd0.0_cosine,"lr0.001,wd0.0",-1.4544618997690482,0.0025168144050926977
[8],3,"lr=3e-05, wd=0.0",5,layer4_lr0.001_hd128_wd0.01_cosine,"lr0.001,wd0.01",-1.3263914761272717,0.0007093230314401054
[8],3,"lr=3e-05, wd=0.0",5,layer4_lr0.003_hd128_wd0.0_cosine,"lr0.003,wd0.0",-1.2787676304815374,0.0030797199571023465
[8],3,"lr=3e-05, wd=0.0",5,layer4_lr0.003_hd128_wd0.01_cosine,"lr0.003,wd0.01",-1.7745834486670053,0.0004647245702503925
[8],3,"lr=3e-05, wd=0.0",10,layer4_lr1e-05_hd128_wd0.0_cosine,"lr1e-05,wd0.0",-2.0991544301413945,0.00030892827103770913
[8],3,"lr=3e-05, wd=0.0",10,layer4_lr1e-05_hd128_wd0.01_cosine,"lr1e-05,wd0.01",-2.2005805713271425,0.0002657985050066807
[8],3,"lr=3e-05, wd=0.0",10,layer4_lr3e-05_hd128_wd0.0_cosine,"lr3e-05,wd0.0",-2.2942691298051403,6.418994766046364e-05
[8],3,"lr=3e-05, wd=0.0",10,layer4_lr3e-05_hd128_wd0.01_cosine,"lr3e-05,wd0.01",-2.363517448244823,6.551638471521387e-06
[8],3,"lr=3e-05, wd=0.0",10,layer4_lr0.0001_hd128_wd0.0_cosine,"lr0.0001,wd0.0",-2.080178490308726,0.0005017136428142015
[8],3,"lr=3e-05, wd=0.0",10,layer4_lr0.0001_hd128_wd0.01_cosine,"lr0.0001,wd0.01",-2.2615726524814597,4.2313884671126164e-05
[8],3,"lr=3e-05, wd=0.0",10,layer4_lr0.0003_hd128_wd0.0_cosine,"lr0.0003,wd0.0",-1.8502988078752842,0.00216659185015179
[8],3,"lr=3e-05, wd=0.0",10,layer4_lr0.0003_hd128_wd0.01_cosine,"lr0.0003,wd0.01",-2.013007779669599,8.347221539470449e-05
[8],3,"lr=3e-05, wd=0.0",10,layer4_lr0.001_hd128_wd0.0_cosine,"lr0.001,wd0.0",-1.8645382499225933,0.001694450185672214
[8],3,"lr=3e-05, wd=0.0",10,layer4_lr0.001_hd128_wd0.01_cosine,"lr0.001,wd0.01",-1.9297111867902244,3.293924946618391e-05
[8],3,"lr=3e-05, wd=0.0",10,layer4_lr0.003_hd128_wd0.0_cosine,"lr0.003,wd0.0",-1.9799052995000574,0.0006514715173866138
[8],3,"lr=3e-05, wd=0.0",10,layer4_lr0.003_hd128_wd0.01_cosine,"lr0.003,wd0.01",-1.652670822169052,0.00014198421418407385
[8],3,"lr=3e-05, wd=0.0",20,layer4_lr1e-05_hd128_wd0.0_cosine,"lr1e-05,wd0.0",-2.44593537845304,1.3315301062167401e-05
[8],3,"lr=3e-05, wd=0.0",20,layer4_lr1e-05_hd128_wd0.01_cosine,"lr1e-05,wd0.01",-2.4643383057857164,5.150467739449707e-05
[8],3,"lr=3e-05, wd=0.0",20,layer4_lr3e-05_hd128_wd0.0_cosine,"lr3e-05,wd0.0",-2.626490405539624,2.1358523735701334e-05
[8],3,"lr=3e-05, wd=0.0",20,layer4_lr3e-05_hd128_wd0.01_cosine,"lr3e-05,wd0.01",-2.7710069046729298,1.319722700196929e-06
[8],3,"lr=3e-05, wd=0.0",20,layer4_lr0.0001_hd128_wd0.0_cosine,"lr0.0001,wd0.0",-2.4265010177590423,0.000617362553214431
[8],3,"lr=3e-05, wd=0.0",20,layer4_lr0.0001_hd128_wd0.01_cosine,"lr0.0001,wd0.01",-2.6063991242296267,4.997906753230855e-05
[8],3,"lr=3e-05, wd=0.0",20,layer4_lr0.0003_hd128_wd0.0_cosine,"lr0.0003,wd0.0",-2.201904390318701,0.0013086528250466733
[8],3,"lr=3e-05, wd=0.0",20,layer4_lr0.0003_hd128_wd0.01_cosine,"lr0.0003,wd0.01",-2.1857782796982983,7.74272181367799e-05
[8],3,"lr=3e-05, wd=0.0",20,layer4_lr0.001_hd128_wd0.0_cosine,"lr0.001,wd0.0",-2.2430654319573655,0.0012203562624563777
[8],3,"lr=3e-05, wd=0.0",20,layer4_lr0.001_hd128_wd0.01_cosine,"lr0.001,wd0.01",-1.9664680763519728,0.000124363047328823
[8],3,"lr=3e-05, wd=0.0",20,layer4_lr0.003_hd128_wd0.0_cosine,"lr0.003,wd0.0",-2.230309453376917,0.0006889180087933759
[8],3,"lr=3e-05, wd=0.0",20,layer4_lr0.003_hd128_wd0.01_cosine,"lr0.003,wd0.01",-2.3388225499171327,0.0002170268675058565
[8],3,"lr=3e-05, wd=0.0",50,layer4_lr1e-05_hd128_wd0.0_cosine,"lr1e-05,wd0.0",-3.466752961538126,1.7665400311701096e-06
[8],3,"lr=3e-05, wd=0.0",50,layer4_lr1e-05_hd128_wd0.01_cosine,"lr1e-05,wd0.01",-3.490649009245057,8.461339573731295e-07
[8],3,"lr=3e-05, wd=0.0",50,layer4_lr3e-05_hd128_wd0.0_cosine,"lr3e-05,wd0.0",-3.4973478585773723,3.6442450570877633e-06
[8],3,"lr=3e-05, wd=0.0",50,layer4_lr3e-05_hd128_wd0.01_cosine,"lr3e-05,wd0.01",-3.8264291842340894,1.4105687225271354e-06
[8],3,"lr=3e-05, wd=0.0",50,layer4_lr0.0001_hd128_wd0.0_cosine,"lr0.0001,wd0.0",-2.529896428947227,7.360418425983125e-05
[8],3,"lr=3e-05, wd=0.0",50,layer4_lr0.0001_hd128_wd0.01_cosine,"lr0.0001,wd0.01",-4.013339340022201,1.3100682376315889e-06
[8],3,"lr=3e-05, wd=0.0",50,layer4_lr0.0003_hd128_wd0.0_cosine,"lr0.0003,wd0.0",-2.270319776351366,0.00016650575645088845
[8],3,"lr=3e-05, wd=0.0",50,layer4_lr0.0003_hd128_wd0.01_cosine,"lr0.0003,wd0.01",-3.852204536103885,9.450237515251482e-07
[8],3,"lr=3e-05, wd=0.0",50,layer4_lr0.001_hd128_wd0.0_cosine,"lr0.001,wd0.0",-2.123513809061424,7.240800978073211e-05
[8],3,"lr=3e-05, wd=0.0",50,layer4_lr0.001_hd128_wd0.01_cosine,"lr0.001,wd0.01",-3.1381750350397057,0.00010152658958986227
[8],3,"lr=3e-05, wd=0.0",50,layer4_lr0.003_hd128_wd0.0_cosine,"lr0.003,wd0.0",-3.079505075125448,0.0001910450092942289
[8],3,"lr=3e-05, wd=0.0",50,layer4_lr0.003_hd128_wd0.01_cosine,"lr0.003,wd0.01",-2.934714059368412,0.0002653931014318968
[8],3,"lr=3e-05, wd=0.0",90,layer4_lr1e-05_hd128_wd0.0_cosine,"lr1e-05,wd0.0",-4.1191251773386,1.2671954488831705e-06
[8],3,"lr=3e-05, wd=0.0",90,layer4_lr1e-05_hd128_wd0.01_cosine,"lr1e-05,wd0.01",-4.175084643984891,4.1432467595039086e-07
[8],3,"lr=3e-05, wd=0.0",90,layer4_lr3e-05_hd128_wd0.0_cosine,"lr3e-05,wd0.0",-4.063245807160878,9.20402128796096e-07
[8],3,"lr=3e-05, wd=0.0",90,layer4_lr3e-05_hd128_wd0.01_cosine,"lr3e-05,wd0.01",-4.164350411260705,5.157488726359651e-07
[8],3,"lr=3e-05, wd=0.0",90,layer4_lr0.0001_hd128_wd0.0_cosine,"lr0.0001,wd0.0",-3.463961147147006,3.4617586621054046e-06
[8],3,"lr=3e-05, wd=0.0",90,layer4_lr0.0001_hd128_wd0.01_cosine,"lr0.0001,wd0.01",-4.182931829099219,4.992988692172727e-07
[8],3,"lr=3e-05, wd=0.0",90,layer4_lr0.0003_hd128_wd0.0_cosine,"lr0.0003,wd0.0",-3.451726524899807,1.969516326455078e-05
[8],3,"lr=3e-05, wd=0.0",90,layer4_lr0.0003_hd128_wd0.01_cosine,"lr0.0003,wd0.01",-4.1492258771723005,3.425284073342958e-06
[8],3,"lr=3e-05, wd=0.0",90,layer4_lr0.001_hd128_wd0.0_cosine,"lr0.001,wd0.0",-3.231098503102868,7.843224546550935e-05
[8],3,"lr=3e-05, wd=0.0",90,layer4_lr0.001_hd128_wd0.01_cosine,"lr0.001,wd0.01",-3.9532917601111706,3.210325584622884e-06
[8],3,"lr=3e-05, wd=0.0",90,layer4_lr0.003_hd128_wd0.0_cosine,"lr0.003,wd0.0",-3.265108506003467,5.138608485447505e-05
[8],3,"lr=3e-05, wd=0.0",90,layer4_lr0.003_hd128_wd0.01_cosine,"lr0.003,wd0.01",-3.647318441851864,2.54292818299455e-05
[8],4,"lr=3e-05, wd=0.01",0,layer4_lr1e-05_hd128_wd0.0_cosine,"lr1e-05,wd0.0",-0.874616076097785,0.010122731840465924
[8],4,"lr=3e-05, wd=0.01",0,layer4_lr1e-05_hd128_wd0.01_cosine,"lr1e-05,wd0.01",-1.003261533202744,0.007601804597300581
[8],4,"lr=3e-05, wd=0.01",0,layer4_lr3e-05_hd128_wd0.0_cosine,"lr3e-05,wd0.0",-0.591247173567098,0.01502206071891152
[8],4,"lr=3e-05, wd=0.01",0,layer4_lr3e-05_hd128_wd0.01_cosine,"lr3e-05,wd0.01",-0.8369038230044665,0.010622936299836322
[8],4,"lr=3e-05, wd=0.01",0,layer4_lr0.0001_hd128_wd0.0_cosine,"lr0.0001,wd0.0",-0.5133086234155979,0.015963869299832675
[8],4,"lr=3e-05, wd=0.01",0,layer4_lr0.0001_hd128_wd0.01_cosine,"lr0.0001,wd0.01",-0.7164205232415035,0.012671075112626022
[8],4,"lr=3e-05, wd=0.01",0,layer4_lr0.0003_hd128_wd0.0_cosine,"lr0.0003,wd0.0",-0.6056667370698847,0.014132964003323704
[8],4,"lr=3e-05, wd=0.01",0,layer4_lr0.0003_hd128_wd0.01_cosine,"lr0.0003,wd0.01",-0.7246091577984545,0.012529732489939365
[8],4,"lr=3e-05, wd=0.01",0,layer4_lr0.001_hd128_wd0.0_cosine,"lr0.001,wd0.0",-0.669068937781781,0.013183521117627724
[8],4,"lr=3e-05, wd=0.01",0,layer4_lr0.001_hd128_wd0.01_cosine,"lr0.001,wd0.01",-0.8438251914582814,0.01043822291490729
[8],4,"lr=3e-05, wd=0.01",0,layer4_lr0.003_hd128_wd0.0_cosine,"lr0.003,wd0.0",-0.7500649355446224,0.012006458557263715
[8],4,"lr=3e-05, wd=0.01",0,layer4_lr0.003_hd128_wd0.01_cosine,"lr0.003,wd0.01",-0.9794210374410436,0.007637265135543154
[8],4,"lr=3e-05, wd=0.01",5,layer4_lr1e-05_hd128_wd0.0_cosine,"lr1e-05,wd0.0",-1.9047690757602846,0.0011463745130032685
[8],4,"lr=3e-05, wd=0.01",5,layer4_lr1e-05_hd128_wd0.01_cosine,"lr1e-05,wd0.01",-2.0472835624607906,0.0005113535100127344
[8],4,"lr=3e-05, wd=0.01",5,layer4_lr3e-05_hd128_wd0.0_cosine,"lr3e-05,wd0.0",-1.8069113923560092,0.00016952566899623012
[8],4,"lr=3e-05, wd=0.01",5,layer4_lr3e-05_hd128_wd0.01_cosine,"lr3e-05,wd0.01",-1.9103147148766202,5.940934539383849e-05
[8],4,"lr=3e-05, wd=0.01",5,layer4_lr0.0001_hd128_wd0.0_cosine,"lr0.0001,wd0.0",-1.6822413955444349,0.00017154818166572496
[8],4,"lr=3e-05, wd=0.01",5,layer4_lr0.0001_hd128_wd0.01_cosine,"lr0.0001,wd0.01",-1.7867435448120534,2.8904466982752765e-06
[8],4,"lr=3e-05, wd=0.01",5,layer4_lr0.0003_hd128_wd0.0_cosine,"lr0.0003,wd0.0",-1.559104476067996,0.001722375738792404
[8],4,"lr=3e-05, wd=0.01",5,layer4_lr0.0003_hd128_wd0.01_cosine,"lr0.0003,wd0.01",-1.7122840667249608,1.773945106171418e-05
[8],4,"lr=3e-05, wd=0.01",5,layer4_lr0.001_hd128_wd0.0_cosine,"lr0.001,wd0.0",-1.4549411743921237,0.0024947784453980943
[8],4,"lr=3e-05, wd=0.01",5,layer4_lr0.001_hd128_wd0.01_cosine,"lr0.001,wd0.01",-1.3347899543580546,0.0005969613245445168
[8],4,"lr=3e-05, wd=0.01",5,layer4_lr0.003_hd128_wd0.0_cosine,"lr0.003,wd0.0",-1.26945500765117,0.0030993684808647555
[8],4,"lr=3e-05, wd=0.01",5,layer4_lr0.003_hd128_wd0.01_cosine,"lr0.003,wd0.01",-1.8292212547736268,0.00048296066755449806
[8],4,"lr=3e-05, wd=0.01",10,layer4_lr1e-05_hd128_wd0.0_cosine,"lr1e-05,wd0.0",-2.0575191413974427,0.0003263866005125647
[8],4,"lr=3e-05, wd=0.01",10,layer4_lr1e-05_hd128_wd0.01_cosine,"lr1e-05,wd0.01",-2.1921865676402383,0.00027792247051686814
[8],4,"lr=3e-05, wd=0.01",10,layer4_lr3e-05_hd128_wd0.0_cosine,"lr3e-05,wd0.0",-2.2452408122550187,5.99097557019499e-05
[8],4,"lr=3e-05, wd=0.01",10,layer4_lr3e-05_hd128_wd0.01_cosine,"lr3e-05,wd0.01",-2.3288178293345383,9.04307713086578e-06
[8],4,"lr=3e-05, wd=0.01",10,layer4_lr0.0001_hd128_wd0.0_cosine,"lr0.0001,wd0.0",-2.0588938842144255,0.0005058861811182276
[8],4,"lr=3e-05, wd=0.01",10,layer4_lr0.0001_hd128_wd0.01_cosine,"lr0.0001,wd0.01",-2.2362748382535997,4.5668860927839785e-05
[8],4,"lr=3e-05, wd=0.01",10,layer4_lr0.0003_hd128_wd0.0_cosine,"lr0.0003,wd0.0",-1.845298761757461,0.0021611975920335195
[8],4,"lr=3e-05, wd=0.01",10,layer4_lr0.0003_hd128_wd0.01_cosine,"lr0.0003,wd0.01",-2.0097897525400685,8.303926792170436e-05
[8],4,"lr=3e-05, wd=0.01",10,layer4_lr0.001_hd128_wd0.0_cosine,"lr0.001,wd0.0",-1.8624461085393131,0.0016965636843848352
[8],4,"lr=3e-05, wd=0.01",10,layer4_lr0.001_hd128_wd0.01_cosine,"lr0.001,wd0.01",-1.920077360572509,3.3488260963017385e-05
[8],4,"lr=3e-05, wd=0.01",10,layer4_lr0.003_hd128_wd0.0_cosine,"lr0.003,wd0.0",-1.9763694230269429,0.0006529630726926256
[8],4,"lr=3e-05, wd=0.01",10,layer4_lr0.003_hd128_wd0.01_cosine,"lr0.003,wd0.01",-1.6718712703298677,0.00011465336527572933
[8],4,"lr=3e-05, wd=0.01",20,layer4_lr1e-05_hd128_wd0.0_cosine,"lr1e-05,wd0.0",-2.415855760814645,1.725356223513477e-05
[8],4,"lr=3e-05, wd=0.01",20,layer4_lr1e-05_hd128_wd0.01_cosine,"lr1e-05,wd0.01",-2.4205519245171487,6.130440470273266e-05
[8],4,"lr=3e-05, wd=0.01",20,layer4_lr3e-05_hd128_wd0.0_cosine,"lr3e-05,wd0.0",-2.5830691968819925,2.701525544095047e-05
[8],4,"lr=3e-05, wd=0.01",20,layer4_lr3e-05_hd128_wd0.01_cosine,"lr3e-05,wd0.01",-2.7451769772718833,1.008989940807602e-06
[8],4,"lr=3e-05, wd=0.01",20,layer4_lr0.0001_hd128_wd0.0_cosine,"lr0.0001,wd0.0",-2.403868016593478,0.0006266879944462894
[8],4,"lr=3e-05, wd=0.01",20,layer4_lr0.0001_hd128_wd0.01_cosine,"lr0.0001,wd0.01",-2.574301149098152,5.524395727420486e-05
[8],4,"lr=3e-05, wd=0.01",20,layer4_lr0.0003_hd128_wd0.0_cosine,"lr0.0003,wd0.0",-2.1933374679045383,0.0013075637581737192
[8],4,"lr=3e-05, wd=0.01",20,layer4_lr0.0003_hd128_wd0.01_cosine,"lr0.0003,wd0.01",-2.17194847659168,8.165892400045476e-05
[8],4,"lr=3e-05, wd=0.01",20,layer4_lr0.001_hd128_wd0.0_cosine,"lr0.001,wd0.0",-2.236371159902659,0.0012289937487262707
[8],4,"lr=3e-05, wd=0.01",20,layer4_lr0.001_hd128_wd0.01_cosine,"lr0.001,wd0.01",-1.9656224575906676,0.00012279189147685167
[8],4,"lr=3e-05, wd=0.01",20,layer4_lr0.003_hd128_wd0.0_cosine,"lr0.003,wd0.0",-2.2197522557727853,0.0006925709931947835
[8],4,"lr=3e-05, wd=0.01",20,layer4_lr0.003_hd128_wd0.01_cosine,"lr0.003,wd0.01",-2.327516195035473,0.00022304544215802802
[8],4,"lr=3e-05, wd=0.01",50,layer4_lr1e-05_hd128_wd0.0_cosine,"lr1e-05,wd0.0",-3.4494154140397146,1.6600357686910255e-06
[8],4,"lr=3e-05, wd=0.01",50,layer4_lr1e-05_hd128_wd0.01_cosine,"lr1e-05,wd0.01",-3.462714379213831,7.719502739642803e-07
[8],4,"lr=3e-05, wd=0.01",50,layer4_lr3e-05_hd128_wd0.0_cosine,"lr3e-05,wd0.0",-3.4815126612712466,3.888152713213026e-06
[8],4,"lr=3e-05, wd=0.01",50,layer4_lr3e-05_hd128_wd0.01_cosine,"lr3e-05,wd0.01",-3.8105303021336145,1.3758830417907815e-06
[8],4,"lr=3e-05, wd=0.01",50,layer4_lr0.0001_hd128_wd0.0_cosine,"lr0.0001,wd0.0",-2.5332501448991467,7.383608685348906e-05
[8],4,"lr=3e-05, wd=0.01",50,layer4_lr0.0001_hd128_wd0.01_cosine,"lr0.0001,wd0.01",-4.009062637421657,1.3052305047306044e-06
[8],4,"lr=3e-05, wd=0.01",50,layer4_lr0.0003_hd128_wd0.0_cosine,"lr0.0003,wd0.0",-2.2678916395313498,0.0001583079064897056
[8],4,"lr=3e-05, wd=0.01",50,layer4_lr0.0003_hd128_wd0.01_cosine,"lr0.0003,wd0.01",-3.8119090756264677,9.629762802372936e-07
[8],4,"lr=3e-05, wd=0.01",50,layer4_lr0.001_hd128_wd0.0_cosine,"lr0.001,wd0.0",-2.1196760215085937,5.6281122986417246e-05
[8],4,"lr=3e-05, wd=0.01",50,layer4_lr0.001_hd128_wd0.01_cosine,"lr0.001,wd0.01",-3.121255150011961,0.00010336623057264972
[8],4,"lr=3e-05, wd=0.01",50,layer4_lr0.003_hd128_wd0.0_cosine,"lr0.003,wd0.0",-3.101592156551039,0.00018718756887159413
[8],4,"lr=3e-05, wd=0.01",50,layer4_lr0.003_hd128_wd0.01_cosine,"lr0.003,wd0.01",-2.9325309356115645,0.00026650965195852824
[8],4,"lr=3e-05, wd=0.01",90,layer4_lr1e-05_hd128_wd0.0_cosine,"lr1e-05,wd0.0",-4.119830491777533,1.3415687381848972e-06
[8],4,"lr=3e-05, wd=0.01",90,layer4_lr1e-05_hd128_wd0.01_cosine,"lr1e-05,wd0.01",-4.174358822866234,4.052792077235955e-07
[8],4,"lr=3e-05, wd=0.01",90,layer4_lr3e-05_hd128_wd0.0_cosine,"lr3e-05,wd0.0",-4.063120583735076,9.631886096179362e-07
[8],4,"lr=3e-05, wd=0.01",90,layer4_lr3e-05_hd128_wd0.01_cosine,"lr3e-05,wd0.01",-4.165169928746004,5.342101170048636e-07
[8],4,"lr=3e-05, wd=0.01",90,layer4_lr0.0001_hd128_wd0.0_cosine,"lr0.0001,wd0.0",-3.4543750216324445,3.194433166911731e-06
[8],4,"lr=3e-05, wd=0.01",90,layer4_lr0.0001_hd128_wd0.01_cosine,"lr0.0001,wd0.01",-4.184151791442169,4.804713937027368e-07
[8],4,"lr=3e-05, wd=0.01",90,layer4_lr0.0003_hd128_wd0.0_cosine,"lr0.0003,wd0.0",-3.4444887598550893,1.8044826457003245e-05
[8],4,"lr=3e-05, wd=0.01",90,layer4_lr0.0003_hd128_wd0.01_cosine,"lr0.0003,wd0.01",-4.1492641397429795,3.381811681772622e-06
[8],4,"lr=3e-05, wd=0.01",90,layer4_lr0.001_hd128_wd0.0_cosine,"lr0.001,wd0.0",-3.2395988973503465,7.442923648857964e-05
[8],4,"lr=3e-05, wd=0.01",90,layer4_lr0.001_hd128_wd0.01_cosine,"lr0.001,wd0.01",-3.9399243807432915,2.9989023465392123e-06
[8],4,"lr=3e-05, wd=0.01",90,layer4_lr0.003_hd128_wd0.0_cosine,"lr0.003,wd0.0",-3.256669130491066,4.8403830336969365e-05
[8],4,"lr=3e-05, wd=0.01",90,layer4_lr0.003_hd128_wd0.01_cosine,"lr0.003,wd0.01",-3.646328616701836,2.2750202032339e-05
[8],5,"lr=1e-04, wd=0.0",0,layer4_lr1e-05_hd128_wd0.0_cosine,"lr1e-05,wd0.0",-0.9708690652539224,0.004960721240877841
[8],5,"lr=1e-04, wd=0.0",0,layer4_lr1e-05_hd128_wd0.01_cosine,"lr1e-05,wd0.01",-1.0020135826210064,0.003178425097176366
[8],5,"lr=1e-04, wd=0.0",0,layer4_lr3e-05_hd128_wd0.0_cosine,"lr3e-05,wd0.0",-0.8790183897378222,0.008568839212050025
[8],5,"lr=1e-04, wd=0.0",0,layer4_lr3e-05_hd128_wd0.01_cosine,"lr3e-05,wd0.01",-0.965695591455106,0.005236638843330439
[8],5,"lr=1e-04, wd=0.0",0,layer4_lr0.0001_hd128_wd0.0_cosine,"lr0.0001,wd0.0",-0.8624110694657166,0.009252873757348274
[8],5,"lr=1e-04, wd=0.0",0,layer4_lr0.0001_hd128_wd0.01_cosine,"lr0.0001,wd0.01",-0.9317559937502555,0.006764195558139994
[8],5,"lr=1e-04, wd=0.0",0,layer4_lr0.0003_hd128_wd0.0_cosine,"lr0.0003,wd0.0",-0.9072744616334099,0.007869665875647445
[8],5,"lr=1e-04, wd=0.0",0,layer4_lr0.0003_hd128_wd0.01_cosine,"lr0.0003,wd0.01",-0.9390856387690579,0.006709755382817352
[8],5,"lr=1e-04, wd=0.0",0,layer4_lr0.001_hd128_wd0.0_cosine,"lr0.001,wd0.0",-0.9272175653967722,0.007208667186766662
[8],5,"lr=1e-04, wd=0.0",0,layer4_lr0.001_hd128_wd0.01_cosine,"lr0.001,wd0.01",-0.9861279274513262,0.005262476623920056
[8],5,"lr=1e-04, wd=0.0",0,layer4_lr0.003_hd128_wd0.0_cosine,"lr0.003,wd0.0",-0.9485014824331002,0.006369502487986948
[8],5,"lr=1e-04, wd=0.0",0,layer4_lr0.003_hd128_wd0.01_cosine,"lr0.003,wd0.01",-1.036451846585858,0.0034093945681244932
[8],5,"lr=1e-04, wd=0.0",5,layer4_lr1e-05_hd128_wd0.0_cosine,"lr1e-05,wd0.0",-1.9998428943182116,0.001235532709560877
[8],5,"lr=1e-04, wd=0.0",5,layer4_lr1e-05_hd128_wd0.01_cosine,"lr1e-05,wd0.01",-2.256099700017225,0.0005785299211051157
[8],5,"lr=1e-04, wd=0.0",5,layer4_lr3e-05_hd128_wd0.0_cosine,"lr3e-05,wd0.0",-1.8974505289976793,0.0004482737646515007
[8],5,"lr=1e-04, wd=0.0",5,layer4_lr3e-05_hd128_wd0.01_cosine,"lr3e-05,wd0.01",-2.0358139564739584,0.00019963804409446007
[8],5,"lr=1e-04, wd=0.0",5,layer4_lr0.0001_hd128_wd0.0_cosine,"lr0.0001,wd0.0",-1.7698333846155292,6.587091497674448e-05
[8],5,"lr=1e-04, wd=0.0",5,layer4_lr0.0001_hd128_wd0.01_cosine,"lr0.0001,wd0.01",-1.9029439310524594,4.255179810458606e-05
[8],5,"lr=1e-04, wd=0.0",5,layer4_lr0.0003_hd128_wd0.0_cosine,"lr0.0003,wd0.0",-1.6279741465200255,0.0011867278591673018
[8],5,"lr=1e-04, wd=0.0",5,layer4_lr0.0003_hd128_wd0.01_cosine,"lr0.0003,wd0.01",-1.7820513927243347,4.364722557411802e-06
[8],5,"lr=1e-04, wd=0.0",5,layer4_lr0.001_hd128_wd0.0_cosine,"lr0.001,wd0.0",-1.4775022271062255,0.00195506762278184
[8],5,"lr=1e-04, wd=0.0",5,layer4_lr0.001_hd128_wd0.01_cosine,"lr0.001,wd0.01",-1.3361055423806392,0.0006355956312933364
[8],5,"lr=1e-04, wd=0.0",5,layer4_lr0.003_hd128_wd0.0_cosine,"lr0.003,wd0.0",-1.3258282000757242,0.0023314737557858824
[8],5,"lr=1e-04, wd=0.0",5,layer4_lr0.003_hd128_wd0.01_cosine,"lr0.003,wd0.01",-1.7698146202271088,0.00043756129014593955
[8],5,"lr=1e-04, wd=0.0",10,layer4_lr1e-05_hd128_wd0.0_cosine,"lr1e-05,wd0.0",-2.19438990541208,0.0005776282412734919
[8],5,"lr=1e-04, wd=0.0",10,layer4_lr1e-05_hd128_wd0.01_cosine,"lr1e-05,wd0.01",-2.3058823957458197,0.00041944306892751477
[8],5,"lr=1e-04, wd=0.0",10,layer4_lr3e-05_hd128_wd0.0_cosine,"lr3e-05,wd0.0",-2.2895539583153415,0.00015471134692830306
[8],5,"lr=1e-04, wd=0.0",10,layer4_lr3e-05_hd128_wd0.01_cosine,"lr3e-05,wd0.01",-2.397365000482717,4.762314586555308e-06
[8],5,"lr=1e-04, wd=0.0",10,layer4_lr0.0001_hd128_wd0.0_cosine,"lr0.0001,wd0.0",-2.1423659681284994,0.00027874874656609025
[8],5,"lr=1e-04, wd=0.0",10,layer4_lr0.0001_hd128_wd0.01_cosine,"lr0.0001,wd0.01",-2.3181606125314196,1.0162106032575215e-05
[8],5,"lr=1e-04, wd=0.0",10,layer4_lr0.0003_hd128_wd0.0_cosine,"lr0.0003,wd0.0",-1.9161508619491132,0.0016974714889011029
[8],5,"lr=1e-04, wd=0.0",10,layer4_lr0.0003_hd128_wd0.01_cosine,"lr0.0003,wd0.01",-2.0621119304555076,4.2236401253533025e-05
[8],5,"lr=1e-04, wd=0.0",10,layer4_lr0.001_hd128_wd0.0_cosine,"lr0.001,wd0.0",-1.9041422644643928,0.0015262076752052048
[8],5,"lr=1e-04, wd=0.0",10,layer4_lr0.001_hd128_wd0.01_cosine,"lr0.001,wd0.01",-1.9553410302781353,3.190311496175866e-05
[8],5,"lr=1e-04, wd=0.0",10,layer4_lr0.003_hd128_wd0.0_cosine,"lr0.003,wd0.0",-1.9986473814212609,0.000598514849194814
[8],5,"lr=1e-04, wd=0.0",10,layer4_lr0.003_hd128_wd0.01_cosine,"lr0.003,wd0.01",-1.6216514676375626,0.00014371155851451928
[8],5,"lr=1e-04, wd=0.0",20,layer4_lr1e-05_hd128_wd0.0_cosine,"lr1e-05,wd0.0",-2.57845893499761,1.0088181216239349e-05
[8],5,"lr=1e-04, wd=0.0",20,layer4_lr1e-05_hd128_wd0.01_cosine,"lr1e-05,wd0.01",-2.6880114801155663,7.708760084166739e-07
[8],5,"lr=1e-04, wd=0.0",20,layer4_lr3e-05_hd128_wd0.0_cosine,"lr3e-05,wd0.0",-2.622593337329702,4.6731736589197214e-06
[8],5,"lr=1e-04, wd=0.0",20,layer4_lr3e-05_hd128_wd0.01_cosine,"lr3e-05,wd0.01",-2.833159097728646,4.3831634949424425e-06
[8],5,"lr=1e-04, wd=0.0",20,layer4_lr0.0001_hd128_wd0.0_cosine,"lr0.0001,wd0.0",-2.495440544924897,0.0004889557136774146
[8],5,"lr=1e-04, wd=0.0",20,layer4_lr0.0001_hd128_wd0.01_cosine,"lr0.0001,wd0.01",-2.69155683049854,2.5728856132037823e-05
[8],5,"lr=1e-04, wd=0.0",20,layer4_lr0.0003_hd128_wd0.0_cosine,"lr0.0003,wd0.0",-2.233365349988663,0.0012535119814838002
[8],5,"lr=1e-04, wd=0.0",20,layer4_lr0.0003_hd128_wd0.01_cosine,"lr0.0003,wd0.01",-2.289160606366625,4.424231215760533e-05
[8],5,"lr=1e-04, wd=0.0",20,layer4_lr0.001_hd128_wd0.0_cosine,"lr0.001,wd0.0",-2.280719066907094,0.0011835993217064406
[8],5,"lr=1e-04, wd=0.0",20,layer4_lr0.001_hd128_wd0.01_cosine,"lr0.001,wd0.01",-2.0393610048800226,7.379857559128214e-05
[8],5,"lr=1e-04, wd=0.0",20,layer4_lr0.003_hd128_wd0.0_cosine,"lr0.003,wd0.0",-2.30414612452814,0.0006593575195516395
[8],5,"lr=1e-04, wd=0.0",20,layer4_lr0.003_hd128_wd0.01_cosine,"lr0.003,wd0.01",-2.436872892983704,0.000214152715180914
[8],5,"lr=1e-04, wd=0.0",50,layer4_lr1e-05_hd128_wd0.0_cosine,"lr1e-05,wd0.0",-3.724898213225059,1.575027388484484e-06
[8],5,"lr=1e-04, wd=0.0",50,layer4_lr1e-05_hd128_wd0.01_cosine,"lr1e-05,wd0.01",-3.878552417925481,7.141268254049364e-07
[8],5,"lr=1e-04, wd=0.0",50,layer4_lr3e-05_hd128_wd0.0_cosine,"lr3e-05,wd0.0",-3.5469754641140883,3.5787357562270284e-06
[8],5,"lr=1e-04, wd=0.0",50,layer4_lr3e-05_hd128_wd0.01_cosine,"lr3e-05,wd0.01",-3.9393335490593815,1.3136755193701403e-06
[8],5,"lr=1e-04, wd=0.0",50,layer4_lr0.0001_hd128_wd0.0_cosine,"lr0.0001,wd0.0",-2.5764391444509123,7.680280915963067e-05
[8],5,"lr=1e-04, wd=0.0",50,layer4_lr0.0001_hd128_wd0.01_cosine,"lr0.0001,wd0.01",-4.036797100832955,1.4906081091206635e-06
[8],5,"lr=1e-04, wd=0.0",50,layer4_lr0.0003_hd128_wd0.0_cosine,"lr0.0003,wd0.0",-2.265338961256118,0.0001572778432893216
[8],5,"lr=1e-04, wd=0.0",50,layer4_lr0.0003_hd128_wd0.01_cosine,"lr0.0003,wd0.01",-3.9675335397162996,9.71317941410481e-07
[8],5,"lr=1e-04, wd=0.0",50,layer4_lr0.001_hd128_wd0.0_cosine,"lr0.001,wd0.0",-2.110648321012627,6.395913079556684e-05
[8],5,"lr=1e-04, wd=0.0",50,layer4_lr0.001_hd128_wd0.01_cosine,"lr0.001,wd0.01",-3.239787743041077,0.0001019413749886143
[8],5,"lr=1e-04, wd=0.0",50,layer4_lr0.003_hd128_wd0.0_cosine,"lr0.003,wd0.0",-2.931817182475062,0.0001914415074145349
[8],5,"lr=1e-04, wd=0.0",50,layer4_lr0.003_hd128_wd0.01_cosine,"lr0.003,wd0.01",-2.9584596453588468,0.0002677433139381688
[8],5,"lr=1e-04, wd=0.0",90,layer4_lr1e-05_hd128_wd0.0_cosine,"lr1e-05,wd0.0",-4.139961389895934,1.012757887435983e-06
[8],5,"lr=1e-04, wd=0.0",90,layer4_lr1e-05_hd128_wd0.01_cosine,"lr1e-05,wd0.01",-4.200177364184306,2.8086273591319703e-07
[8],5,"lr=1e-04, wd=0.0",90,layer4_lr3e-05_hd128_wd0.0_cosine,"lr3e-05,wd0.0",-4.07340929967744,8.107014959432048e-07
[8],5,"lr=1e-04, wd=0.0",90,layer4_lr3e-05_hd128_wd0.01_cosine,"lr3e-05,wd0.01",-4.170308557928808,3.4520854907470707e-07
[8],5,"lr=1e-04, wd=0.0",90,layer4_lr0.0001_hd128_wd0.0_cosine,"lr0.0001,wd0.0",-3.45171344363949,2.836735987696665e-06
[8],5,"lr=1e-04, wd=0.0",90,layer4_lr0.0001_hd128_wd0.01_cosine,"lr0.0001,wd0.01",-4.186693344559539,3.9235437014990637e-07
[8],5,"lr=1e-04, wd=0.0",90,layer4_lr0.0003_hd128_wd0.0_cosine,"lr0.0003,wd0.0",-3.480918397604059,1.948775473764253e-05
[8],5,"lr=1e-04, wd=0.0",90,layer4_lr0.0003_hd128_wd0.01_cosine,"lr0.0003,wd0.01",-4.14976208360567,3.5198754358105164e-06
[8],5,"lr=1e-04, wd=0.0",90,layer4_lr0.001_hd128_wd0.0_cosine,"lr0.001,wd0.0",-3.2499644327135733,7.728450795335767e-05
[8],5,"lr=1e-04, wd=0.0",90,layer4_lr0.001_hd128_wd0.01_cosine,"lr0.001,wd0.01",-3.9749210798700205,3.858145284899824e-06
[8],5,"lr=1e-04, wd=0.0",90,layer4_lr0.003_hd128_wd0.0_cosine,"lr0.003,wd0.0",-3.2524371703973203,4.8204651106475344e-05
[8],5,"lr=1e-04, wd=0.0",90,layer4_lr0.003_hd128_wd0.01_cosine,"lr0.003,wd0.01",-3.6390280354259708,3.232944094977156e-05
[8],6,"lr=1e-04, wd=0.01",0,layer4_lr1e-05_hd128_wd0.0_cosine,"lr1e-05,wd0.0",-0.8664622338362039,0.006425878407926041
[8],6,"lr=1e-04, wd=0.01",0,layer4_lr1e-05_hd128_wd0.01_cosine,"lr1e-05,wd0.01",-0.9045889095958427,0.004388267714858475
[8],6,"lr=1e-04, wd=0.01",0,layer4_lr3e-05_hd128_wd0.0_cosine,"lr3e-05,wd0.0",-0.7812188108059163,0.010420120040423338
[8],6,"lr=1e-04, wd=0.01",0,layer4_lr3e-05_hd128_wd0.01_cosine,"lr3e-05,wd0.01",-0.8673634214324454,0.006707673702744055
[8],6,"lr=1e-04, wd=0.01",0,layer4_lr0.0001_hd128_wd0.0_cosine,"lr0.0001,wd0.0",-0.7710201761452032,0.01107814210322752
[8],6,"lr=1e-04, wd=0.01",0,layer4_lr0.0001_hd128_wd0.01_cosine,"lr0.0001,wd0.01",-0.836211248209754,0.00838212931170176
[8],6,"lr=1e-04, wd=0.01",0,layer4_lr0.0003_hd128_wd0.0_cosine,"lr0.0003,wd0.0",-0.8175162614259812,0.009416579353199695
[8],6,"lr=1e-04, wd=0.01",0,layer4_lr0.0003_hd128_wd0.01_cosine,"lr0.0003,wd0.01",-0.8434747513448421,0.008285388474419238
[8],6,"lr=1e-04, wd=0.01",0,layer4_lr0.001_hd128_wd0.0_cosine,"lr0.001,wd0.0",-0.8366636731746088,0.00863246264403195
[8],6,"lr=1e-04, wd=0.01",0,layer4_lr0.001_hd128_wd0.01_cosine,"lr0.001,wd0.01",-0.8867140926001446,0.006639124670489259
[8],6,"lr=1e-04, wd=0.01",0,layer4_lr0.003_hd128_wd0.0_cosine,"lr0.003,wd0.0",-0.8531553707640636,0.007736068759898901
[8],6,"lr=1e-04, wd=0.01",0,layer4_lr0.003_hd128_wd0.01_cosine,"lr0.003,wd0.01",-0.9340492821165169,0.004499975241176232
[8],6,"lr=1e-04, wd=0.01",5,layer4_lr1e-05_hd128_wd0.0_cosine,"lr1e-05,wd0.0",-1.9553424406043272,0.0013539602651675097
[8],6,"lr=1e-04, wd=0.01",5,layer4_lr1e-05_hd128_wd0.01_cosine,"lr1e-05,wd0.01",-2.198837885694586,0.0006880150156932625
[8],6,"lr=1e-04, wd=0.01",5,layer4_lr3e-05_hd128_wd0.0_cosine,"lr3e-05,wd0.0",-1.8293739067691435,0.0005091630141667543
[8],6,"lr=1e-04, wd=0.01",5,layer4_lr3e-05_hd128_wd0.01_cosine,"lr3e-05,wd0.01",-1.9815254920194156,0.00023362288357873785
[8],6,"lr=1e-04, wd=0.01",5,layer4_lr0.0001_hd128_wd0.0_cosine,"lr0.0001,wd0.0",-1.7212389203383518,5.4039212786528824e-05
[8],6,"lr=1e-04, wd=0.01",5,layer4_lr0.0001_hd128_wd0.01_cosine,"lr0.0001,wd0.01",-1.8617721269849508,5.6340892218276575e-05
[8],6,"lr=1e-04, wd=0.01",5,layer4_lr0.0003_hd128_wd0.0_cosine,"lr0.0003,wd0.0",-1.5926911130970627,0.0011116279476619851
[8],6,"lr=1e-04, wd=0.01",5,layer4_lr0.0003_hd128_wd0.01_cosine,"lr0.0003,wd0.01",-1.7447365908129533,7.563495701918766e-06
[8],6,"lr=1e-04, wd=0.01",5,layer4_lr0.001_hd128_wd0.0_cosine,"lr0.001,wd0.0",-1.4528387469569084,0.0017838337394659458
[8],6,"lr=1e-04, wd=0.01",5,layer4_lr0.001_hd128_wd0.01_cosine,"lr0.001,wd0.01",-1.3210527738561908,0.00045970368348462637
[8],6,"lr=1e-04, wd=0.01",5,layer4_lr0.003_hd128_wd0.0_cosine,"lr0.003,wd0.0",-1.297603681584897,0.002114895139451429
[8],6,"lr=1e-04, wd=0.01",5,layer4_lr0.003_hd128_wd0.01_cosine,"lr0.003,wd0.01",-1.8269883949359387,0.00048077851768889876
[8],6,"lr=1e-04, wd=0.01",10,layer4_lr1e-05_hd128_wd0.0_cosine,"lr1e-05,wd0.0",-2.1472012145356376,0.0006562121714956205
[8],6,"lr=1e-04, wd=0.01",10,layer4_lr1e-05_hd128_wd0.01_cosine,"lr1e-05,wd0.01",-2.2633785041186645,0.000470441253790292
[8],6,"lr=1e-04, wd=0.01",10,layer4_lr3e-05_hd128_wd0.0_cosine,"lr3e-05,wd0.0",-2.2100584312341294,0.00018930036253578684
[8],6,"lr=1e-04, wd=0.01",10,layer4_lr3e-05_hd128_wd0.01_cosine,"lr3e-05,wd0.01",-2.3312684732813165,1.0678596932217896e-05
[8],6,"lr=1e-04, wd=0.01",10,layer4_lr0.0001_hd128_wd0.0_cosine,"lr0.0001,wd0.0",-2.0784651709608,0.00023778585227597285
[8],6,"lr=1e-04, wd=0.01",10,layer4_lr0.0001_hd128_wd0.01_cosine,"lr0.0001,wd0.01",-2.262594442889452,5.2737016101388665e-06
[8],6,"lr=1e-04, wd=0.01",10,layer4_lr0.0003_hd128_wd0.0_cosine,"lr0.0003,wd0.0",-1.877548010987945,0.0016134974068648675
[8],6,"lr=1e-04, wd=0.01",10,layer4_lr0.0003_hd128_wd0.01_cosine,"lr0.0003,wd0.01",-2.026968469422771,3.1309538337093424e-05
[8],6,"lr=1e-04, wd=0.01",10,layer4_lr0.001_hd128_wd0.0_cosine,"lr0.001,wd0.0",-1.8642581339646975,0.0014697053784083229
[8],6,"lr=1e-04, wd=0.01",10,layer4_lr0.001_hd128_wd0.01_cosine,"lr0.001,wd0.01",-1.9142276521256503,3.699992309136365e-05
[8],6,"lr=1e-04, wd=0.01",10,layer4_lr0.003_hd128_wd0.0_cosine,"lr0.003,wd0.0",-1.952543969909034,0.0005605889406922031
[8],6,"lr=1e-04, wd=0.01",10,layer4_lr0.003_hd128_wd0.01_cosine,"lr0.003,wd0.01",-1.6065731567988548,0.00011218941878793115
[8],6,"lr=1e-04, wd=0.01",20,layer4_lr1e-05_hd128_wd0.0_cosine,"lr1e-05,wd0.0",-2.461873267322056,1.1478184242444109e-05
[8],6,"lr=1e-04, wd=0.01",20,layer4_lr1e-05_hd128_wd0.01_cosine,"lr1e-05,wd0.01",-2.554451343512962,8.241128728695652e-07
[8],6,"lr=1e-04, wd=0.01",20,layer4_lr3e-05_hd128_wd0.0_cosine,"lr3e-05,wd0.0",-2.5508226672435046,1.1221719821711977e-06
[8],6,"lr=1e-04, wd=0.01",20,layer4_lr3e-05_hd128_wd0.01_cosine,"lr3e-05,wd0.01",-2.7690452648489177,8.609588958829907e-06
[8],6,"lr=1e-04, wd=0.01",20,layer4_lr0.0001_hd128_wd0.0_cosine,"lr0.0001,wd0.0",-2.449530755882031,0.0004472007210756084
[8],6,"lr=1e-04, wd=0.01",20,layer4_lr0.0001_hd128_wd0.01_cosine,"lr0.0001,wd0.01",-2.636118488652232,1.9160749867709582e-05
[8],6,"lr=1e-04, wd=0.01",20,layer4_lr0.0003_hd128_wd0.0_cosine,"lr0.0003,wd0.0",-2.227221956105287,0.0012036889508793957
[8],6,"lr=1e-04, wd=0.01",20,layer4_lr0.0003_hd128_wd0.01_cosine,"lr0.0003,wd0.01",-2.270566389280724,3.546214076359226e-05
[8],6,"lr=1e-04, wd=0.01",20,layer4_lr0.001_hd128_wd0.0_cosine,"lr0.001,wd0.0",-2.2745035360115917,0.0011529158862396737
[8],6,"lr=1e-04, wd=0.01",20,layer4_lr0.001_hd128_wd0.01_cosine,"lr0.001,wd0.01",-2.036176091519969,6.001112071477373e-05
[8],6,"lr=1e-04, wd=0.01",20,layer4_lr0.003_hd128_wd0.0_cosine,"lr0.003,wd0.0",-2.2775573935573528,0.0006276871287616682
[8],6,"lr=1e-04, wd=0.01",20,layer4_lr0.003_hd128_wd0.01_cosine,"lr0.003,wd0.01",-2.41420114807749,0.0002391055816372015
[8],6,"lr=1e-04, wd=0.01",50,layer4_lr1e-05_hd128_wd0.0_cosine,"lr1e-05,wd0.0",-3.5985793790665888,1.3476286460037009e-06
[8],6,"lr=1e-04, wd=0.01",50,layer4_lr1e-05_hd128_wd0.01_cosine,"lr1e-05,wd0.01",-3.7375894311497597,7.165030180791483e-07
[8],6,"lr=1e-04, wd=0.01",50,layer4_lr3e-05_hd128_wd0.0_cosine,"lr3e-05,wd0.0",-3.4814805743120507,2.9032073413869673e-06
[8],6,"lr=1e-04, wd=0.01",50,layer4_lr3e-05_hd128_wd0.01_cosine,"lr3e-05,wd0.01",-3.869935705288074,1.0951492766991606e-06
[8],6,"lr=1e-04, wd=0.01",50,layer4_lr0.0001_hd128_wd0.0_cosine,"lr0.0001,wd0.0",-2.566532983165898,7.377424098523771e-05
[8],6,"lr=1e-04, wd=0.01",50,layer4_lr0.0001_hd128_wd0.01_cosine,"lr0.0001,wd0.01",-4.027441945208824,2.037976177881495e-06
[8],6,"lr=1e-04, wd=0.01",50,layer4_lr0.0003_hd128_wd0.0_cosine,"lr0.0003,wd0.0",-2.2641202495627315,0.00014475928714952188
[8],6,"lr=1e-04, wd=0.01",50,layer4_lr0.0003_hd128_wd0.01_cosine,"lr0.0003,wd0.01",-3.9539310213784056,1.1778158162787013e-06
[8],6,"lr=1e-04, wd=0.01",50,layer4_lr0.001_hd128_wd0.0_cosine,"lr0.001,wd0.0",-2.1074834181863564,4.048949198421721e-05
[8],6,"lr=1e-04, wd=0.01",50,layer4_lr0.001_hd128_wd0.01_cosine,"lr0.001,wd0.01",-3.21906207888485,0.00010971662155368453
[8],6,"lr=1e-04, wd=0.01",50,layer4_lr0.003_hd128_wd0.0_cosine,"lr0.003,wd0.0",-2.9671078625121443,0.00018177354024815655
[8],6,"lr=1e-04, wd=0.01",50,layer4_lr0.003_hd128_wd0.01_cosine,"lr0.003,wd0.01",-2.9313298894121242,0.00028332731999801414
[8],6,"lr=1e-04, wd=0.01",90,layer4_lr1e-05_hd128_wd0.0_cosine,"lr1e-05,wd0.0",-4.135053112901838,1.0335119137520876e-06
[8],6,"lr=1e-04, wd=0.01",90,layer4_lr1e-05_hd128_wd0.01_cosine,"lr1e-05,wd0.01",-4.195142173857797,3.66285945391862e-07
[8],6,"lr=1e-04, wd=0.01",90,layer4_lr3e-05_hd128_wd0.0_cosine,"lr3e-05,wd0.0",-4.070676633136796,7.633127683578888e-07
[8],6,"lr=1e-04, wd=0.01",90,layer4_lr3e-05_hd128_wd0.01_cosine,"lr3e-05,wd0.01",-4.170079528836083,4.378184834039528e-07
[8],6,"lr=1e-04, wd=0.01",90,layer4_lr0.0001_hd128_wd0.0_cosine,"lr0.0001,wd0.0",-3.4389588314077293,2.27038949367677e-06
[8],6,"lr=1e-04, wd=0.01",90,layer4_lr0.0001_hd128_wd0.01_cosine,"lr0.0001,wd0.01",-4.1881309608014865,3.373258024468912e-07
[8],6,"lr=1e-04, wd=0.01",90,layer4_lr0.0003_hd128_wd0.0_cosine,"lr0.0003,wd0.0",-3.4651779864785883,1.8136127913654655e-05
[8],6,"lr=1e-04, wd=0.01",90,layer4_lr0.0003_hd128_wd0.01_cosine,"lr0.0003,wd0.01",-4.144058999893951,4.00544202054805e-06
[8],6,"lr=1e-04, wd=0.01",90,layer4_lr0.001_hd128_wd0.0_cosine,"lr0.001,wd0.0",-3.2490526403209015,7.355974738429061e-05
[8],6,"lr=1e-04, wd=0.01",90,layer4_lr0.001_hd128_wd0.01_cosine,"lr0.001,wd0.01",-3.9660079343801424,3.60976374344301e-06
[8],6,"lr=1e-04, wd=0.01",90,layer4_lr0.003_hd128_wd0.0_cosine,"lr0.003,wd0.0",-3.2443353692999457,4.522945682661195e-05
[8],6,"lr=1e-04, wd=0.01",90,layer4_lr0.003_hd128_wd0.01_cosine,"lr0.003,wd0.01",-3.6428963452658523,3.0019516873728536e-05
[8],7,"lr=3e-04, wd=0.0",0,layer4_lr1e-05_hd128_wd0.0_cosine,"lr1e-05,wd0.0",-0.8285665250329648,0.0030321511959628946
[8],7,"lr=3e-04, wd=0.0",0,layer4_lr1e-05_hd128_wd0.01_cosine,"lr1e-05,wd0.01",-0.8343684676941572,0.0016862768270924618
[8],7,"lr=3e-04, wd=0.0",0,layer4_lr3e-05_hd128_wd0.0_cosine,"lr3e-05,wd0.0",-0.7997147391461816,0.005823650108784739
[8],7,"lr=3e-04, wd=0.0",0,layer4_lr3e-05_hd128_wd0.01_cosine,"lr3e-05,wd0.01",-0.8361421501362035,0.0030902647403640245
[8],7,"lr=3e-04, wd=0.0",0,layer4_lr0.0001_hd128_wd0.0_cosine,"lr0.0001,wd0.0",-0.805846236136857,0.006340724293061744
[8],7,"lr=3e-04, wd=0.0",0,layer4_lr0.0001_hd128_wd0.01_cosine,"lr0.0001,wd0.01",-0.8331573952118855,0.004302056519673621
[8],7,"lr=3e-04, wd=0.0",0,layer4_lr0.0003_hd128_wd0.0_cosine,"lr0.0003,wd0.0",-0.8390281141664777,0.0051649368443069076
[8],7,"lr=3e-04, wd=0.0",0,layer4_lr0.0003_hd128_wd0.01_cosine,"lr0.0003,wd0.01",-0.8444080553383213,0.004294748938559959
[8],7,"lr=3e-04, wd=0.0",0,layer4_lr0.001_hd128_wd0.0_cosine,"lr0.001,wd0.0",-0.8543838674393562,0.004654299560755166
[8],7,"lr=3e-04, wd=0.0",0,layer4_lr0.001_hd128_wd0.01_cosine,"lr0.001,wd0.01",-0.8737695124580948,0.003215204968836166
[8],7,"lr=3e-04, wd=0.0",0,layer4_lr0.003_hd128_wd0.0_cosine,"lr0.003,wd0.0",-0.867778569142013,0.004035982619466539
[8],7,"lr=3e-04, wd=0.0",0,layer4_lr0.003_hd128_wd0.01_cosine,"lr0.003,wd0.01",-0.9036904688237235,0.0018803344370932995
[8],7,"lr=3e-04, wd=0.0",5,layer4_lr1e-05_hd128_wd0.0_cosine,"lr1e-05,wd0.0",-2.161857732825428,0.0009597951378138275
[8],7,"lr=3e-04, wd=0.0",5,layer4_lr1e-05_hd128_wd0.01_cosine,"lr1e-05,wd0.01",-2.4169896882068707,0.00037956527478122523
[8],7,"lr=3e-04, wd=0.0",5,layer4_lr3e-05_hd128_wd0.0_cosine,"lr3e-05,wd0.0",-1.9654062038468565,0.0007405169278365069
[8],7,"lr=3e-04, wd=0.0",5,layer4_lr3e-05_hd128_wd0.01_cosine,"lr3e-05,wd0.01",-2.1470230218453006,0.00033401988647985986
[8],7,"lr=3e-04, wd=0.0",5,layer4_lr0.0001_hd128_wd0.0_cosine,"lr0.0001,wd0.0",-1.9391409299182896,8.460190725074706e-05
[8],7,"lr=3e-04, wd=0.0",5,layer4_lr0.0001_hd128_wd0.01_cosine,"lr0.0001,wd0.01",-2.099542846039704,0.00020507742636530836
[8],7,"lr=3e-04, wd=0.0",5,layer4_lr0.0003_hd128_wd0.0_cosine,"lr0.0003,wd0.0",-1.8020313811674575,0.0006310959710833466
[8],7,"lr=3e-04, wd=0.0",5,layer4_lr0.0003_hd128_wd0.01_cosine,"lr0.0003,wd0.01",-2.000080376110342,4.861392627729228e-05
[8],7,"lr=3e-04, wd=0.0",5,layer4_lr0.001_hd128_wd0.0_cosine,"lr0.001,wd0.0",-1.6396900592290609,0.0011500829272449817
[8],7,"lr=3e-04, wd=0.0",5,layer4_lr0.001_hd128_wd0.01_cosine,"lr0.001,wd0.01",-1.4697740597418818,0.0002641108925624611
[8],7,"lr=3e-04, wd=0.0",5,layer4_lr0.003_hd128_wd0.0_cosine,"lr0.003,wd0.0",-1.464091067282725,0.001273215179791438
[8],7,"lr=3e-04, wd=0.0",5,layer4_lr0.003_hd128_wd0.01_cosine,"lr0.003,wd0.01",-1.9847669346212389,0.0005627216544267423
[8],7,"lr=3e-04, wd=0.0",10,layer4_lr1e-05_hd128_wd0.0_cosine,"lr1e-05,wd0.0",-2.3160402867507717,0.000655351950641524
[8],7,"lr=3e-04, wd=0.0",10,layer4_lr1e-05_hd128_wd0.01_cosine,"lr1e-05,wd0.01",-2.451286188280045,0.00041142825742404685
[8],7,"lr=3e-04, wd=0.0",10,layer4_lr3e-05_hd128_wd0.0_cosine,"lr3e-05,wd0.0",-2.2932955798876296,0.00038034166066422637
[8],7,"lr=3e-04, wd=0.0",10,layer4_lr3e-05_hd128_wd0.01_cosine,"lr3e-05,wd0.01",-2.46770580908341,7.829752325873652e-05
[8],7,"lr=3e-04, wd=0.0",10,layer4_lr0.0001_hd128_wd0.0_cosine,"lr0.0001,wd0.0",-2.2600948491797,5.221999891982793e-05
[8],7,"lr=3e-04, wd=0.0",10,layer4_lr0.0001_hd128_wd0.01_cosine,"lr0.0001,wd0.01",-2.4652698067951855,1.8296276828462205e-05
[8],7,"lr=3e-04, wd=0.0",10,layer4_lr0.0003_hd128_wd0.0_cosine,"lr0.0003,wd0.0",-2.075526360837184,0.0010354596436692718
[8],7,"lr=3e-04, wd=0.0",10,layer4_lr0.0003_hd128_wd0.01_cosine,"lr0.0003,wd0.01",-2.316737423634754,6.209313300805411e-06
[8],7,"lr=3e-04, wd=0.0",10,layer4_lr0.001_hd128_wd0.0_cosine,"lr0.001,wd0.0",-2.060693409659019,0.0010179396532421624
[8],7,"lr=3e-04, wd=0.0",10,layer4_lr0.001_hd128_wd0.01_cosine,"lr0.001,wd0.01",-2.1402077480276134,7.423518970406815e-05
[8],7,"lr=3e-04, wd=0.0",10,layer4_lr0.003_hd128_wd0.0_cosine,"lr0.003,wd0.0",-2.19998588590065,0.0003492643896891431
[8],7,"lr=3e-04, wd=0.0",10,layer4_lr0.003_hd128_wd0.01_cosine,"lr0.003,wd0.01",-1.8430147425971375,8.561841984681878e-05
[8],7,"lr=3e-04, wd=0.0",20,layer4_lr1e-05_hd128_wd0.0_cosine,"lr1e-05,wd0.0",-2.7881125887925826,8.271234133640412e-05
[8],7,"lr=3e-04, wd=0.0",20,layer4_lr1e-05_hd128_wd0.01_cosine,"lr1e-05,wd0.01",-3.023025309355622,3.3023861573989756e-05
[8],7,"lr=3e-04, wd=0.0",20,layer4_lr3e-05_hd128_wd0.0_cosine,"lr3e-05,wd0.0",-2.609062737318239,1.6307626575245374e-05
[8],7,"lr=3e-04, wd=0.0",20,layer4_lr3e-05_hd128_wd0.01_cosine,"lr3e-05,wd0.01",-2.8405074669393704,3.7960793574423625e-05
[8],7,"lr=3e-04, wd=0.0",20,layer4_lr0.0001_hd128_wd0.0_cosine,"lr0.0001,wd0.0",-2.5313810333042013,0.00026342182267585155
[8],7,"lr=3e-04, wd=0.0",20,layer4_lr0.0001_hd128_wd0.01_cosine,"lr0.0001,wd0.01",-2.7547163789130047,1.1120770551775671e-06
[8],7,"lr=3e-04, wd=0.0",20,layer4_lr0.0003_hd128_wd0.0_cosine,"lr0.0003,wd0.0",-2.3026879077894575,0.000980608786225338
[8],7,"lr=3e-04, wd=0.0",20,layer4_lr0.0003_hd128_wd0.01_cosine,"lr0.0003,wd0.01",-2.550396715195607,3.6638994155711843e-06
[8],7,"lr=3e-04, wd=0.0",20,layer4_lr0.001_hd128_wd0.0_cosine,"lr0.001,wd0.0",-2.370367155556069,0.0009572619339242752
[8],7,"lr=3e-04, wd=0.0",20,layer4_lr0.001_hd128_wd0.01_cosine,"lr0.001,wd0.01",-2.30561846381908,2.7239523903702794e-05
[8],7,"lr=3e-04, wd=0.0",20,layer4_lr0.003_hd128_wd0.0_cosine,"lr0.003,wd0.0",-2.4529968890622285,0.0004654990867769534
[8],7,"lr=3e-04, wd=0.0",20,layer4_lr0.003_hd128_wd0.01_cosine,"lr0.003,wd0.01",-2.6522701652822094,0.0003304910180112571
[8],7,"lr=3e-04, wd=0.0",50,layer4_lr1e-05_hd128_wd0.0_cosine,"lr1e-05,wd0.0",-3.67423961673846,4.348560429484096e-06
[8],7,"lr=3e-04, wd=0.0",50,layer4_lr1e-05_hd128_wd0.01_cosine,"lr1e-05,wd0.01",-3.8928041785354153,4.045129920961009e-06
[8],7,"lr=3e-04, wd=0.0",50,layer4_lr3e-05_hd128_wd0.0_cosine,"lr3e-05,wd0.0",-3.472524078120712,1.1008009902661709e-06
[8],7,"lr=3e-04, wd=0.0",50,layer4_lr3e-05_hd128_wd0.01_cosine,"lr3e-05,wd0.01",-3.7963785919035895,1.2158421002792228e-06
[8],7,"lr=3e-04, wd=0.0",50,layer4_lr0.0001_hd128_wd0.0_cosine,"lr0.0001,wd0.0",-2.6332207946127584,6.760765809379013e-05
[8],7,"lr=3e-04, wd=0.0",50,layer4_lr0.0001_hd128_wd0.01_cosine,"lr0.0001,wd0.01",-3.9867930644949183,2.8518121337134807e-06
[8],7,"lr=3e-04, wd=0.0",50,layer4_lr0.0003_hd128_wd0.0_cosine,"lr0.0003,wd0.0",-2.281840205073843,9.631423535515248e-05
[8],7,"lr=3e-04, wd=0.0",50,layer4_lr0.0003_hd128_wd0.01_cosine,"lr0.0003,wd0.01",-3.939562120062215,2.156594653074682e-06
[8],7,"lr=3e-04, wd=0.0",50,layer4_lr0.001_hd128_wd0.0_cosine,"lr0.001,wd0.0",-2.1074068666000927,2.6258294866789085e-05
[8],7,"lr=3e-04, wd=0.0",50,layer4_lr0.001_hd128_wd0.01_cosine,"lr0.001,wd0.01",-3.2179021711850226,0.0001232530851042953
[8],7,"lr=3e-04, wd=0.0",50,layer4_lr0.003_hd128_wd0.0_cosine,"lr0.003,wd0.0",-3.122413606693231,0.00017260784664806226
[8],7,"lr=3e-04, wd=0.0",50,layer4_lr0.003_hd128_wd0.01_cosine,"lr0.003,wd0.01",-2.756192330411444,0.00031584546017109473
[8],7,"lr=3e-04, wd=0.0",90,layer4_lr1e-05_hd128_wd0.0_cosine,"lr1e-05,wd0.0",-4.1504537744985575,6.243202403521531e-07
[8],7,"lr=3e-04, wd=0.0",90,layer4_lr1e-05_hd128_wd0.01_cosine,"lr1e-05,wd0.01",-4.198079361900045,7.146218525839484e-07
[8],7,"lr=3e-04, wd=0.0",90,layer4_lr3e-05_hd128_wd0.0_cosine,"lr3e-05,wd0.0",-4.085736995376007,6.714056037312652e-07
[8],7,"lr=3e-04, wd=0.0",90,layer4_lr3e-05_hd128_wd0.01_cosine,"lr3e-05,wd0.01",-4.17102341675729,4.4417117167690315e-07
[8],7,"lr=3e-04, wd=0.0",90,layer4_lr0.0001_hd128_wd0.0_cosine,"lr0.0001,wd0.0",-3.430370658945546,1.8235481770132738e-06
[8],7,"lr=3e-04, wd=0.0",90,layer4_lr0.0001_hd128_wd0.01_cosine,"lr0.0001,wd0.01",-4.1851767308512695,3.7040246675351334e-07
[8],7,"lr=3e-04, wd=0.0",90,layer4_lr0.0003_hd128_wd0.0_cosine,"lr0.0003,wd0.0",-3.4772577737263135,1.4653782662012716e-05
[8],7,"lr=3e-04, wd=0.0",90,layer4_lr0.0003_hd128_wd0.01_cosine,"lr0.0003,wd0.01",-4.122576211453268,5.249872349518956e-06
[8],7,"lr=3e-04, wd=0.0",90,layer4_lr0.001_hd128_wd0.0_cosine,"lr0.001,wd0.0",-3.286268123380935,6.796621298065008e-05
[8],7,"lr=3e-04, wd=0.0",90,layer4_lr0.001_hd128_wd0.01_cosine,"lr0.001,wd0.01",-3.936240446876082,4.519934392758134e-06
[8],7,"lr=3e-04, wd=0.0",90,layer4_lr0.003_hd128_wd0.0_cosine,"lr0.003,wd0.0",-3.2018543023442763,3.387739072667508e-05
[8],7,"lr=3e-04, wd=0.0",90,layer4_lr0.003_hd128_wd0.01_cosine,"lr0.003,wd0.01",-3.595573370988029,3.612776916457268e-05
[8],8,"lr=3e-04, wd=0.01",0,layer4_lr1e-05_hd128_wd0.0_cosine,"lr1e-05,wd0.0",-0.7571393175799339,0.004487180192609066
[8],8,"lr=3e-04, wd=0.01",0,layer4_lr1e-05_hd128_wd0.01_cosine,"lr1e-05,wd0.01",-0.7767734435198003,0.0028250306885675117
[8],8,"lr=3e-04, wd=0.01",0,layer4_lr3e-05_hd128_wd0.0_cosine,"lr3e-05,wd0.0",-0.7170214713953273,0.007836231950267449
[8],8,"lr=3e-04, wd=0.01",0,layer4_lr3e-05_hd128_wd0.01_cosine,"lr3e-05,wd0.01",-0.7646030231312221,0.004637496054958465
[8],8,"lr=3e-04, wd=0.01",0,layer4_lr0.0001_hd128_wd0.0_cosine,"lr0.0001,wd0.0",-0.7197344187368526,0.008432889750955748
[8],8,"lr=3e-04, wd=0.01",0,layer4_lr0.0001_hd128_wd0.01_cosine,"lr0.0001,wd0.01",-0.7547923996275938,0.006095541536973361
[8],8,"lr=3e-04, wd=0.01",0,layer4_lr0.0003_hd128_wd0.0_cosine,"lr0.0003,wd0.0",-0.7526877816448957,0.006998845421970346
[8],8,"lr=3e-04, wd=0.01",0,layer4_lr0.0003_hd128_wd0.01_cosine,"lr0.0003,wd0.01",-0.7642541113739642,0.006050925135006384
[8],8,"lr=3e-04, wd=0.01",0,layer4_lr0.001_hd128_wd0.0_cosine,"lr0.001,wd0.0",-0.7674001951393915,0.006356852795470024
[8],8,"lr=3e-04, wd=0.01",0,layer4_lr0.001_hd128_wd0.01_cosine,"lr0.001,wd0.01",-0.7929429774779949,0.00470764776462994
[8],8,"lr=3e-04, wd=0.01",0,layer4_lr0.003_hd128_wd0.0_cosine,"lr0.003,wd0.0",-0.7797257625186073,0.005641533931008912
[8],8,"lr=3e-04, wd=0.01",0,layer4_lr0.003_hd128_wd0.01_cosine,"lr0.003,wd0.01",-0.8242970049707274,0.0029999031867287427
[8],8,"lr=3e-04, wd=0.01",5,layer4_lr1e-05_hd128_wd0.0_cosine,"lr1e-05,wd0.0",-2.0006796003562113,0.0011885104446769956
[8],8,"lr=3e-04, wd=0.01",5,layer4_lr1e-05_hd128_wd0.01_cosine,"lr1e-05,wd0.01",-2.221645032460327,0.0005457916234647747
[8],8,"lr=3e-04, wd=0.01",5,layer4_lr3e-05_hd128_wd0.0_cosine,"lr3e-05,wd0.0",-1.8337781094965375,0.0007231696580145654
[8],8,"lr=3e-04, wd=0.01",5,layer4_lr3e-05_hd128_wd0.01_cosine,"lr3e-05,wd0.01",-2.002945578241871,0.00033774947054086586
[8],8,"lr=3e-04, wd=0.01",5,layer4_lr0.0001_hd128_wd0.0_cosine,"lr0.0001,wd0.0",-1.8085539873996137,6.705910764849825e-05
[8],8,"lr=3e-04, wd=0.01",5,layer4_lr0.0001_hd128_wd0.01_cosine,"lr0.0001,wd0.01",-1.9793617953667386,0.00015880661197226737
[8],8,"lr=3e-04, wd=0.01",5,layer4_lr0.0003_hd128_wd0.0_cosine,"lr0.0003,wd0.0",-1.6927039777602595,0.0007470337985470039
[8],8,"lr=3e-04, wd=0.01",5,layer4_lr0.0003_hd128_wd0.01_cosine,"lr0.0003,wd0.01",-1.8661979224112126,3.6629458165982575e-05
[8],8,"lr=3e-04, wd=0.01",5,layer4_lr0.001_hd128_wd0.0_cosine,"lr0.001,wd0.0",-1.5548187217587137,0.0012358981272471408
[8],8,"lr=3e-04, wd=0.01",5,layer4_lr0.001_hd128_wd0.01_cosine,"lr0.001,wd0.01",-1.4052374507768468,0.00021861866125307984
[8],8,"lr=3e-04, wd=0.01",5,layer4_lr0.003_hd128_wd0.0_cosine,"lr0.003,wd0.0",-1.3847246715971282,0.0013727073325129878
[8],8,"lr=3e-04, wd=0.01",5,layer4_lr0.003_hd128_wd0.01_cosine,"lr0.003,wd0.01",-2.0231694807077787,0.0005484120346005032
[8],8,"lr=3e-04, wd=0.01",10,layer4_lr1e-05_hd128_wd0.0_cosine,"lr1e-05,wd0.0",-2.1782051431889946,0.0007188187982554122
[8],8,"lr=3e-04, wd=0.01",10,layer4_lr1e-05_hd128_wd0.01_cosine,"lr1e-05,wd0.01",-2.2916033033603265,0.00048797958531802716
[8],8,"lr=3e-04, wd=0.01",10,layer4_lr3e-05_hd128_wd0.0_cosine,"lr3e-05,wd0.0",-2.1763237163569986,0.0003262594618987596
[8],8,"lr=3e-04, wd=0.01",10,layer4_lr3e-05_hd128_wd0.01_cosine,"lr3e-05,wd0.01",-2.3226940102943794,5.4588066348954894e-05
[8],8,"lr=3e-04, wd=0.01",10,layer4_lr0.0001_hd128_wd0.0_cosine,"lr0.0001,wd0.0",-2.134776424162522,9.242110562152939e-05
[8],8,"lr=3e-04, wd=0.01",10,layer4_lr0.0001_hd128_wd0.01_cosine,"lr0.0001,wd0.01",-2.3478538171067194,7.148594686384868e-06
[8],8,"lr=3e-04, wd=0.01",10,layer4_lr0.0003_hd128_wd0.0_cosine,"lr0.0003,wd0.0",-1.9669605270016393,0.0011939294542127903
[8],8,"lr=3e-04, wd=0.01",10,layer4_lr0.0003_hd128_wd0.01_cosine,"lr0.0003,wd0.01",-2.1796200098181395,5.699300889556142e-06
[8],8,"lr=3e-04, wd=0.01",10,layer4_lr0.001_hd128_wd0.0_cosine,"lr0.001,wd0.0",-1.9558032571837511,0.0011603155917836697
[8],8,"lr=3e-04, wd=0.01",10,layer4_lr0.001_hd128_wd0.01_cosine,"lr0.001,wd0.01",-1.9962008065064258,5.925248020836647e-05
[8],8,"lr=3e-04, wd=0.01",10,layer4_lr0.003_hd128_wd0.0_cosine,"lr0.003,wd0.0",-2.0534272302889387,0.0004138155203423099
[8],8,"lr=3e-04, wd=0.01",10,layer4_lr0.003_hd128_wd0.01_cosine,"lr0.003,wd0.01",-1.7332596472720627,7.815399411401394e-05
[8],8,"lr=3e-04, wd=0.01",20,layer4_lr1e-05_hd128_wd0.0_cosine,"lr1e-05,wd0.0",-2.471389852166363,3.054773062483231e-05
[8],8,"lr=3e-04, wd=0.01",20,layer4_lr1e-05_hd128_wd0.01_cosine,"lr1e-05,wd0.01",-2.642905305079572,6.785981422364322e-06
[8],8,"lr=3e-04, wd=0.01",20,layer4_lr3e-05_hd128_wd0.0_cosine,"lr3e-05,wd0.0",-2.509953204776231,3.7266380240604564e-06
[8],8,"lr=3e-04, wd=0.01",20,layer4_lr3e-05_hd128_wd0.01_cosine,"lr3e-05,wd0.01",-2.7461175310336334,2.339688591854856e-05
[8],8,"lr=3e-04, wd=0.01",20,layer4_lr0.0001_hd128_wd0.0_cosine,"lr0.0001,wd0.0",-2.466543601823548,0.0003281630227150996
[8],8,"lr=3e-04, wd=0.01",20,layer4_lr0.0001_hd128_wd0.01_cosine,"lr0.0001,wd0.01",-2.6771358254435014,2.7164191158380895e-06
[8],8,"lr=3e-04, wd=0.01",20,layer4_lr0.0003_hd128_wd0.0_cosine,"lr0.0003,wd0.0",-2.2620521485952296,0.0010595000227831867
[8],8,"lr=3e-04, wd=0.01",20,layer4_lr0.0003_hd128_wd0.01_cosine,"lr0.0003,wd0.01",-2.434404427958249,6.550421764426746e-06
[8],8,"lr=3e-04, wd=0.01",20,layer4_lr0.001_hd128_wd0.0_cosine,"lr0.001,wd0.0",-2.331537679971714,0.0010176968711856369
[8],8,"lr=3e-04, wd=0.01",20,layer4_lr0.001_hd128_wd0.01_cosine,"lr0.001,wd0.01",-2.202018678527932,2.7137824616675394e-05
[8],8,"lr=3e-04, wd=0.01",20,layer4_lr0.003_hd128_wd0.0_cosine,"lr0.003,wd0.0",-2.372234634968419,0.0005158036710304362
[8],8,"lr=3e-04, wd=0.01",20,layer4_lr0.003_hd128_wd0.01_cosine,"lr0.003,wd0.01",-2.5323618280949787,0.0002991827123445455
[8],8,"lr=3e-04, wd=0.01",50,layer4_lr1e-05_hd128_wd0.0_cosine,"lr1e-05,wd0.0",-3.6050220315908876,1.2938311120925659e-06
[8],8,"lr=3e-04, wd=0.01",50,layer4_lr1e-05_hd128_wd0.01_cosine,"lr1e-05,wd0.01",-3.7857657895217938,1.0481734254964702e-06
[8],8,"lr=3e-04, wd=0.01",50,layer4_lr3e-05_hd128_wd0.0_cosine,"lr3e-05,wd0.0",-3.451589764294311,2.6478228640568294e-06
[8],8,"lr=3e-04, wd=0.01",50,layer4_lr3e-05_hd128_wd0.01_cosine,"lr3e-05,wd0.01",-3.786833418154227,8.668770797774484e-07
[8],8,"lr=3e-04, wd=0.01",50,layer4_lr0.0001_hd128_wd0.0_cosine,"lr0.0001,wd0.0",-2.6334327209741857,7.482063213884033e-05
[8],8,"lr=3e-04, wd=0.01",50,layer4_lr0.0001_hd128_wd0.01_cosine,"lr0.0001,wd0.01",-4.0110819676024,2.1325380541757438e-06
[8],8,"lr=3e-04, wd=0.01",50,layer4_lr0.0003_hd128_wd0.0_cosine,"lr0.0003,wd0.0",-2.2812829169728364,0.00010545401802866562
[8],8,"lr=3e-04, wd=0.01",50,layer4_lr0.0003_hd128_wd0.01_cosine,"lr0.0003,wd0.01",-3.942706902765224,1.5530965833687355e-06
[8],8,"lr=3e-04, wd=0.01",50,layer4_lr0.001_hd128_wd0.0_cosine,"lr0.001,wd0.0",-2.109262970043447,2.0485371174402233e-05
[8],8,"lr=3e-04, wd=0.01",50,layer4_lr0.001_hd128_wd0.01_cosine,"lr0.001,wd0.01",-3.2284933156735693,0.00011763781190158791
[8],8,"lr=3e-04, wd=0.01",50,layer4_lr0.003_hd128_wd0.0_cosine,"lr0.003,wd0.0",-3.051016167971963,0.00017302220475654253
[8],8,"lr=3e-04, wd=0.01",50,layer4_lr0.003_hd128_wd0.01_cosine,"lr0.003,wd0.01",-2.872465550452948,0.0002984747982599274
[8],8,"lr=3e-04, wd=0.01",90,layer4_lr1e-05_hd128_wd0.0_cosine,"lr1e-05,wd0.0",-4.144028688534687,8.439834692859426e-07
[8],8,"lr=3e-04, wd=0.01",90,layer4_lr1e-05_hd128_wd0.01_cosine,"lr1e-05,wd0.01",-4.20038046280188,4.152996522433049e-07
[8],8,"lr=3e-04, wd=0.01",90,layer4_lr3e-05_hd128_wd0.0_cosine,"lr3e-05,wd0.0",-4.080572540821575,8.44087904241996e-07
[8],8,"lr=3e-04, wd=0.01",90,layer4_lr3e-05_hd128_wd0.01_cosine,"lr3e-05,wd0.01",-4.1718027683765975,4.4302312402442383e-07
[8],8,"lr=3e-04, wd=0.01",90,layer4_lr0.0001_hd128_wd0.0_cosine,"lr0.0001,wd0.0",-3.428339961186986,1.611376964754932e-06
[8],8,"lr=3e-04, wd=0.01",90,layer4_lr0.0001_hd128_wd0.01_cosine,"lr0.0001,wd0.01",-4.187719516886155,3.6380820713936776e-07
[8],8,"lr=3e-04, wd=0.01",90,layer4_lr0.0003_hd128_wd0.0_cosine,"lr0.0003,wd0.0",-3.464834353896868,1.4018617206561586e-05
[8],8,"lr=3e-04, wd=0.01",90,layer4_lr0.0003_hd128_wd0.01_cosine,"lr0.0003,wd0.01",-4.135171338784882,4.556159571612243e-06
[8],8,"lr=3e-04, wd=0.01",90,layer4_lr0.001_hd128_wd0.0_cosine,"lr0.001,wd0.0",-3.282104144812351,6.49630741062889e-05
[8],8,"lr=3e-04, wd=0.01",90,layer4_lr0.001_hd128_wd0.01_cosine,"lr0.001,wd0.01",-3.940392726627884,3.6165316071292026e-06
[8],8,"lr=3e-04, wd=0.01",90,layer4_lr0.003_hd128_wd0.0_cosine,"lr0.003,wd0.0",-3.2124153258318553,3.3655090848973874e-05
[8],8,"lr=3e-04, wd=0.01",90,layer4_lr0.003_hd128_wd0.01_cosine,"lr0.003,wd0.01",-3.6276586622383897,2.865393379797991e-05
[8],9,"lr=0.001, wd=0.0",0,layer4_lr1e-05_hd128_wd0.0_cosine,"lr1e-05,wd0.0",-0.7828984830590761,0.0026360685020872603
[8],9,"lr=0.001, wd=0.0",0,layer4_lr1e-05_hd128_wd0.01_cosine,"lr1e-05,wd0.01",-0.7896711437037444,0.0014140389543916081
[8],9,"lr=0.001, wd=0.0",0,layer4_lr3e-05_hd128_wd0.0_cosine,"lr3e-05,wd0.0",-0.771061739586163,0.005240656930531009
[8],9,"lr=0.001, wd=0.0",0,layer4_lr3e-05_hd128_wd0.01_cosine,"lr3e-05,wd0.01",-0.7984719610368928,0.002662788312024236
[8],9,"lr=0.001, wd=0.0",0,layer4_lr0.0001_hd128_wd0.0_cosine,"lr0.0001,wd0.0",-0.7946111317937431,0.005784070388004849
[8],9,"lr=0.001, wd=0.0",0,layer4_lr0.0001_hd128_wd0.01_cosine,"lr0.0001,wd0.01",-0.8129273064272715,0.0038389308807032633
[8],9,"lr=0.001, wd=0.0",0,layer4_lr0.0003_hd128_wd0.0_cosine,"lr0.0003,wd0.0",-0.8352629833048602,0.004708134249528223
[8],9,"lr=0.001, wd=0.0",0,layer4_lr0.0003_hd128_wd0.01_cosine,"lr0.0003,wd0.01",-0.8354878214821924,0.003878134379746523
[8],9,"lr=0.001, wd=0.0",0,layer4_lr0.001_hd128_wd0.0_cosine,"lr0.001,wd0.0",-0.855362235475424,0.004251658744695486
[8],9,"lr=0.001, wd=0.0",0,layer4_lr0.001_hd128_wd0.01_cosine,"lr0.001,wd0.01",-0.8682831895644983,0.0028888058912103255
[8],9,"lr=0.001, wd=0.0",0,layer4_lr0.003_hd128_wd0.0_cosine,"lr0.003,wd0.0",-0.8688747741129081,0.003674952021898791
[8],9,"lr=0.001, wd=0.0",0,layer4_lr0.003_hd128_wd0.01_cosine,"lr0.003,wd0.01",-0.8965124552757057,0.00165343483243281
[8],9,"lr=0.001, wd=0.0",5,layer4_lr1e-05_hd128_wd0.0_cosine,"lr1e-05,wd0.0",-2.113273367831382,0.0009914070706278652
[8],9,"lr=0.001, wd=0.0",5,layer4_lr1e-05_hd128_wd0.01_cosine,"lr1e-05,wd0.01",-2.3035273158198684,0.00034666757000441714
[8],9,"lr=0.001, wd=0.0",5,layer4_lr3e-05_hd128_wd0.0_cosine,"lr3e-05,wd0.0",-1.957242184242501,0.0010369242931423798
[8],9,"lr=0.001, wd=0.0",5,layer4_lr3e-05_hd128_wd0.01_cosine,"lr3e-05,wd0.01",-2.1882971277587884,0.0004955108854796346
[8],9,"lr=0.001, wd=0.0",5,layer4_lr0.0001_hd128_wd0.0_cosine,"lr0.0001,wd0.0",-2.0191453462790556,0.0001799465278526487
[8],9,"lr=0.001, wd=0.0",5,layer4_lr0.0001_hd128_wd0.01_cosine,"lr0.0001,wd0.01",-2.1335171403907944,0.00039189170114508747
[8],9,"lr=0.001, wd=0.0",5,layer4_lr0.0003_hd128_wd0.0_cosine,"lr0.0003,wd0.0",-1.921526472892578,0.0004289883078382315
[8],9,"lr=0.001, wd=0.0",5,layer4_lr0.0003_hd128_wd0.01_cosine,"lr0.0003,wd0.01",-2.14799848054305,0.00012055474373726532
[8],9,"lr=0.001, wd=0.0",5,layer4_lr0.001_hd128_wd0.0_cosine,"lr0.001,wd0.0",-1.7671364432114454,0.000830908647452318
[8],9,"lr=0.001, wd=0.0",5,layer4_lr0.001_hd128_wd0.01_cosine,"lr0.001,wd0.01",-1.5961985005732011,0.000107262022855246
[8],9,"lr=0.001, wd=0.0",5,layer4_lr0.003_hd128_wd0.0_cosine,"lr0.003,wd0.0",-1.5642987650143714,0.000816065949976897
[8],9,"lr=0.001, wd=0.0",5,layer4_lr0.003_hd128_wd0.01_cosine,"lr0.003,wd0.01",-2.0720601061428328,0.0006669661113682065
[8],9,"lr=0.001, wd=0.0",10,layer4_lr1e-05_hd128_wd0.0_cosine,"lr1e-05,wd0.0",-2.152552741123938,0.0007156302665184352
[8],9,"lr=0.001, wd=0.0",10,layer4_lr1e-05_hd128_wd0.01_cosine,"lr1e-05,wd0.01",-2.32299692744958,0.00043157109223208547
[8],9,"lr=0.001, wd=0.0",10,layer4_lr3e-05_hd128_wd0.0_cosine,"lr3e-05,wd0.0",-2.2408703729392676,0.0004829603655707498
[8],9,"lr=0.001, wd=0.0",10,layer4_lr3e-05_hd128_wd0.01_cosine,"lr3e-05,wd0.01",-2.4682923730207524,0.0001292470117511385
[8],9,"lr=0.001, wd=0.0",10,layer4_lr0.0001_hd128_wd0.0_cosine,"lr0.0001,wd0.0",-2.277006610281539,2.7458806439788876e-05
[8],9,"lr=0.001, wd=0.0",10,layer4_lr0.0001_hd128_wd0.01_cosine,"lr0.0001,wd0.01",-2.483165675802441,5.785866094167981e-05
[8],9,"lr=0.001, wd=0.0",10,layer4_lr0.0003_hd128_wd0.0_cosine,"lr0.0003,wd0.0",-2.1301593057954964,0.0008896704073591399
[8],9,"lr=0.001, wd=0.0",10,layer4_lr0.0003_hd128_wd0.01_cosine,"lr0.0003,wd0.01",-2.429655490791118,2.1685085886649992e-05
[8],9,"lr=0.001, wd=0.0",10,layer4_lr0.001_hd128_wd0.0_cosine,"lr0.001,wd0.0",-2.1105436997834266,0.0009190938300299891
[8],9,"lr=0.001, wd=0.0",10,layer4_lr0.001_hd128_wd0.01_cosine,"lr0.001,wd0.01",-2.2383238741673797,0.00010818711240093071
[8],9,"lr=0.001, wd=0.0",10,layer4_lr0.003_hd128_wd0.0_cosine,"lr0.003,wd0.0",-2.265718054207889,0.00029599424065672746
[8],9,"lr=0.001, wd=0.0",10,layer4_lr0.003_hd128_wd0.01_cosine,"lr0.003,wd0.01",-1.9844374772087008,0.00013589528512651067
[8],9,"lr=0.001, wd=0.0",20,layer4_lr1e-05_hd128_wd0.0_cosine,"lr1e-05,wd0.0",-2.6834752148524164,5.392079659362769e-05
[8],9,"lr=0.001, wd=0.0",20,layer4_lr1e-05_hd128_wd0.01_cosine,"lr1e-05,wd0.01",-2.944064680481505,1.5980979404803284e-05
[8],9,"lr=0.001, wd=0.0",20,layer4_lr3e-05_hd128_wd0.0_cosine,"lr3e-05,wd0.0",-2.512166013583794,1.9326355684109675e-05
[8],9,"lr=0.001, wd=0.0",20,layer4_lr3e-05_hd128_wd0.01_cosine,"lr3e-05,wd0.01",-2.8113890584171126,4.2819159935001716e-05
[8],9,"lr=0.001, wd=0.0",20,layer4_lr0.0001_hd128_wd0.0_cosine,"lr0.0001,wd0.0",-2.487900354454689,0.0002586680160633449
[8],9,"lr=0.001, wd=0.0",20,layer4_lr0.0001_hd128_wd0.01_cosine,"lr0.0001,wd0.01",-2.7132486722698945,3.1736723592333012e-06
[8],9,"lr=0.001, wd=0.0",20,layer4_lr0.0003_hd128_wd0.0_cosine,"lr0.0003,wd0.0",-2.298724271094971,0.0009864407667224467
[8],9,"lr=0.001, wd=0.0",20,layer4_lr0.0003_hd128_wd0.01_cosine,"lr0.0003,wd0.01",-2.581995395180038,4.356138952130492e-06
[8],9,"lr=0.001, wd=0.0",20,layer4_lr0.001_hd128_wd0.0_cosine,"lr0.001,wd0.0",-2.373936226879101,0.000947659442629408
[8],9,"lr=0.001, wd=0.0",20,layer4_lr0.001_hd128_wd0.01_cosine,"lr0.001,wd0.01",-2.376624381109161,3.400875788380501e-05
[8],9,"lr=0.001, wd=0.0",20,layer4_lr0.003_hd128_wd0.0_cosine,"lr0.003,wd0.0",-2.4629377256914364,0.0004497731727147779
[8],9,"lr=0.001, wd=0.0",20,layer4_lr0.003_hd128_wd0.01_cosine,"lr0.003,wd0.01",-2.7086927537471612,0.0003684371605419668
[8],9,"lr=0.001, wd=0.0",50,layer4_lr1e-05_hd128_wd0.0_cosine,"lr1e-05,wd0.0",-3.6824074718936917,3.149180847427956e-06
[8],9,"lr=0.001, wd=0.0",50,layer4_lr1e-05_hd128_wd0.01_cosine,"lr1e-05,wd0.01",-3.8950606066483306,2.7659271851223754e-06
[8],9,"lr=0.001, wd=0.0",50,layer4_lr3e-05_hd128_wd0.0_cosine,"lr3e-05,wd0.0",-3.502311418091905,1.4652034934902915e-06
[8],9,"lr=0.001, wd=0.0",50,layer4_lr3e-05_hd128_wd0.01_cosine,"lr3e-05,wd0.01",-3.7522789943727672,9.566934594033617e-07
[8],9,"lr=0.001, wd=0.0",50,layer4_lr0.0001_hd128_wd0.0_cosine,"lr0.0001,wd0.0",-2.782089329151396,7.408622009631545e-05
[8],9,"lr=0.001, wd=0.0",50,layer4_lr0.0001_hd128_wd0.01_cosine,"lr0.0001,wd0.01",-3.936144614470892,1.99633249056858e-06
[8],9,"lr=0.001, wd=0.0",50,layer4_lr0.0003_hd128_wd0.0_cosine,"lr0.0003,wd0.0",-2.326926541592315,7.078118002021964e-05
[8],9,"lr=0.001, wd=0.0",50,layer4_lr0.0003_hd128_wd0.01_cosine,"lr0.0003,wd0.01",-3.868650092939168,1.817342854409395e-06
[8],9,"lr=0.001, wd=0.0",50,layer4_lr0.001_hd128_wd0.0_cosine,"lr0.001,wd0.0",-2.146155703592501,5.516387528747358e-05
[8],9,"lr=0.001, wd=0.0",50,layer4_lr0.001_hd128_wd0.01_cosine,"lr0.001,wd0.01",-3.22526898285005,0.00012261084947747444
[8],9,"lr=0.001, wd=0.0",50,layer4_lr0.003_hd128_wd0.0_cosine,"lr0.003,wd0.0",-3.1166760574554018,0.00017739893859145464
[8],9,"lr=0.001, wd=0.0",50,layer4_lr0.003_hd128_wd0.01_cosine,"lr0.003,wd0.01",-2.726235444854078,0.0003112401636447976
[8],9,"lr=0.001, wd=0.0",90,layer4_lr1e-05_hd128_wd0.0_cosine,"lr1e-05,wd0.0",-4.150993865582307,5.634546722482596e-07
[8],9,"lr=0.001, wd=0.0",90,layer4_lr1e-05_hd128_wd0.01_cosine,"lr1e-05,wd0.01",-4.1920931562308255,7.610135231828274e-07
[8],9,"lr=0.001, wd=0.0",90,layer4_lr3e-05_hd128_wd0.0_cosine,"lr3e-05,wd0.0",-4.099838471462293,8.273725561086401e-07
[8],9,"lr=0.001, wd=0.0",90,layer4_lr3e-05_hd128_wd0.01_cosine,"lr3e-05,wd0.01",-4.174821952067093,4.269819933191492e-07
[8],9,"lr=0.001, wd=0.0",90,layer4_lr0.0001_hd128_wd0.0_cosine,"lr0.0001,wd0.0",-3.4190630536719473,1.562162763631254e-06
[8],9,"lr=0.001, wd=0.0",90,layer4_lr0.0001_hd128_wd0.01_cosine,"lr0.0001,wd0.01",-4.181865968547318,4.4997011329598977e-07
[8],9,"lr=0.001, wd=0.0",90,layer4_lr0.0003_hd128_wd0.0_cosine,"lr0.0003,wd0.0",-3.4737855706714216,1.0806270633196107e-05
[8],9,"lr=0.001, wd=0.0",90,layer4_lr0.0003_hd128_wd0.01_cosine,"lr0.0003,wd0.01",-4.12214729102072,5.066343614888005e-06
[8],9,"lr=0.001, wd=0.0",90,layer4_lr0.001_hd128_wd0.0_cosine,"lr0.001,wd0.0",-3.325059470507661,6.298834158229763e-05
[8],9,"lr=0.001, wd=0.0",90,layer4_lr0.001_hd128_wd0.01_cosine,"lr0.001,wd0.01",-3.9025384593868395,4.336929559100146e-06
[8],9,"lr=0.001, wd=0.0",90,layer4_lr0.003_hd128_wd0.0_cosine,"lr0.003,wd0.0",-3.205874519575795,2.6365071136082074e-05
[8],9,"lr=0.001, wd=0.0",90,layer4_lr0.003_hd128_wd0.01_cosine,"lr0.003,wd0.01",-3.57100210494414,3.47265012389564e-05
[8],10,"lr=0.001, wd=0.01",0,layer4_lr1e-05_hd128_wd0.0_cosine,"lr1e-05,wd0.0",-0.7583606669606985,0.0022947652353218664
[8],10,"lr=0.001, wd=0.01",0,layer4_lr1e-05_hd128_wd0.01_cosine,"lr1e-05,wd0.01",-0.7696573487510845,0.0012002827018451575
[8],10,"lr=0.001, wd=0.01",0,layer4_lr3e-05_hd128_wd0.0_cosine,"lr3e-05,wd0.0",-0.7458462925710498,0.004845755655941817
[8],10,"lr=0.001, wd=0.01",0,layer4_lr3e-05_hd128_wd0.01_cosine,"lr3e-05,wd0.01",-0.7797798906251072,0.002434199757712605
[8],10,"lr=0.001, wd=0.01",0,layer4_lr0.0001_hd128_wd0.0_cosine,"lr0.0001,wd0.0",-0.762474045299648,0.005543955164091756
[8],10,"lr=0.001, wd=0.01",0,layer4_lr0.0001_hd128_wd0.01_cosine,"lr0.0001,wd0.01",-0.7898685195219404,0.0036386699618204837
[8],10,"lr=0.001, wd=0.01",0,layer4_lr0.0003_hd128_wd0.0_cosine,"lr0.0003,wd0.0",-0.8041176347384237,0.004640188110766918
[8],10,"lr=0.001, wd=0.01",0,layer4_lr0.0003_hd128_wd0.01_cosine,"lr0.0003,wd0.01",-0.8142995191160414,0.003707642357153234
[8],10,"lr=0.001, wd=0.01",0,layer4_lr0.001_hd128_wd0.0_cosine,"lr0.001,wd0.0",-0.8273561833900092,0.004236309380760024
[8],10,"lr=0.001, wd=0.01",0,layer4_lr0.001_hd128_wd0.01_cosine,"lr0.001,wd0.01",-0.8497472862695261,0.0027202480769823773
[8],10,"lr=0.001, wd=0.01",0,layer4_lr0.003_hd128_wd0.0_cosine,"lr0.003,wd0.0",-0.8416706909333551,0.003607803662070414
[8],10,"lr=0.001, wd=0.01",0,layer4_lr0.003_hd128_wd0.01_cosine,"lr0.003,wd0.01",-0.8757199503051686,0.001472881440622
[8],10,"lr=0.001, wd=0.01",5,layer4_lr1e-05_hd128_wd0.0_cosine,"lr1e-05,wd0.0",-1.8838947285732572,0.00026082214401950424
[8],10,"lr=0.001, wd=0.01",5,layer4_lr1e-05_hd128_wd0.01_cosine,"lr1e-05,wd0.01",-1.9296925133491276,1.8514773116280257e-05
[8],10,"lr=0.001, wd=0.01",5,layer4_lr3e-05_hd128_wd0.0_cosine,"lr3e-05,wd0.0",-1.8837226813478656,0.0002326125163437767
[8],10,"lr=0.001, wd=0.01",5,layer4_lr3e-05_hd128_wd0.01_cosine,"lr3e-05,wd0.01",-2.0036975197070976,4.365298598325264e-05
[8],10,"lr=0.001, wd=0.01",5,layer4_lr0.0001_hd128_wd0.0_cosine,"lr0.0001,wd0.0",-1.9603681904558836,4.711695049998278e-05
[8],10,"lr=0.001, wd=0.01",5,layer4_lr0.0001_hd128_wd0.01_cosine,"lr0.0001,wd0.01",-2.0902176815765814,0.00012186043447048212
[8],10,"lr=0.001, wd=0.01",5,layer4_lr0.0003_hd128_wd0.0_cosine,"lr0.0003,wd0.0",-1.847700562146403,0.0008489213525040008
[8],10,"lr=0.001, wd=0.01",5,layer4_lr0.0003_hd128_wd0.01_cosine,"lr0.0003,wd0.01",-2.0680769023287673,1.8207932235598494e-05
[8],10,"lr=0.001, wd=0.01",5,layer4_lr0.001_hd128_wd0.0_cosine,"lr0.001,wd0.0",-1.7414839645157165,0.0013890359851737577
[8],10,"lr=0.001, wd=0.01",5,layer4_lr0.001_hd128_wd0.01_cosine,"lr0.001,wd0.01",-1.5402384420894308,0.00037315501543916873
[8],10,"lr=0.001, wd=0.01",5,layer4_lr0.003_hd128_wd0.0_cosine,"lr0.003,wd0.0",-1.5477042257389262,0.001569028198122841
[8],10,"lr=0.001, wd=0.01",5,layer4_lr0.003_hd128_wd0.01_cosine,"lr0.003,wd0.01",-1.980333640788666,0.0004848822791695431
[8],10,"lr=0.001, wd=0.01",10,layer4_lr1e-05_hd128_wd0.0_cosine,"lr1e-05,wd0.0",-2.0244055792192306,0.00015552568072941313
[8],10,"lr=0.001, wd=0.01",10,layer4_lr1e-05_hd128_wd0.01_cosine,"lr1e-05,wd0.01",-2.14445313560322,8.106178757160101e-05
[8],10,"lr=0.001, wd=0.01",10,layer4_lr3e-05_hd128_wd0.0_cosine,"lr3e-05,wd0.0",-2.1340018054867933,0.00010266525523592675
[8],10,"lr=0.001, wd=0.01",10,layer4_lr3e-05_hd128_wd0.01_cosine,"lr3e-05,wd0.01",-2.215844827997239,1.3589065965509232e-06
[8],10,"lr=0.001, wd=0.01",10,layer4_lr0.0001_hd128_wd0.0_cosine,"lr0.0001,wd0.0",-2.246194266275291,0.0001710150913235996
[8],10,"lr=0.001, wd=0.01",10,layer4_lr0.0001_hd128_wd0.01_cosine,"lr0.0001,wd0.01",-2.4653181551688697,1.6505855787217247e-06
[8],10,"lr=0.001, wd=0.01",10,layer4_lr0.0003_hd128_wd0.0_cosine,"lr0.0003,wd0.0",-2.097422048814928,0.0013494406567208306
[8],10,"lr=0.001, wd=0.01",10,layer4_lr0.0003_hd128_wd0.01_cosine,"lr0.0003,wd0.01",-2.4319054743617228,8.00926470189341e-06
[8],10,"lr=0.001, wd=0.01",10,layer4_lr0.001_hd128_wd0.0_cosine,"lr0.001,wd0.0",-2.085234212882383,0.0012530955993992328
[8],10,"lr=0.001, wd=0.01",10,layer4_lr0.001_hd128_wd0.01_cosine,"lr0.001,wd0.01",-2.1597321278209454,4.028099695709238e-05
[8],10,"lr=0.001, wd=0.01",10,layer4_lr0.003_hd128_wd0.0_cosine,"lr0.003,wd0.0",-2.2227468001220942,0.0004738275527506536
[8],10,"lr=0.001, wd=0.01",10,layer4_lr0.003_hd128_wd0.01_cosine,"lr0.003,wd0.01",-1.9074713886109376,7.329518487902066e-05
[8],10,"lr=0.001, wd=0.01",20,layer4_lr1e-05_hd128_wd0.0_cosine,"lr1e-05,wd0.0",-2.4599026278048393,6.172179537462164e-08
[8],10,"lr=0.001, wd=0.01",20,layer4_lr1e-05_hd128_wd0.01_cosine,"lr1e-05,wd0.01",-2.5401555001826686,1.6105397281931818e-05
[8],10,"lr=0.001, wd=0.01",20,layer4_lr3e-05_hd128_wd0.0_cosine,"lr3e-05,wd0.0",-2.5478699933685993,7.876980216645816e-06
[8],10,"lr=0.001, wd=0.01",20,layer4_lr3e-05_hd128_wd0.01_cosine,"lr3e-05,wd0.01",-2.7571055471927908,1.4547665976432649e-06
[8],10,"lr=0.001, wd=0.01",20,layer4_lr0.0001_hd128_wd0.0_cosine,"lr0.0001,wd0.0",-2.502296253071189,0.00044878811626988097
[8],10,"lr=0.001, wd=0.01",20,layer4_lr0.0001_hd128_wd0.01_cosine,"lr0.0001,wd0.01",-2.777145359442859,7.629968805086148e-06
[8],10,"lr=0.001, wd=0.01",20,layer4_lr0.0003_hd128_wd0.0_cosine,"lr0.0003,wd0.0",-2.231329356028257,0.0011832251291491102
[8],10,"lr=0.001, wd=0.01",20,layer4_lr0.0003_hd128_wd0.01_cosine,"lr0.0003,wd0.01",-2.6782148766667957,5.208317438827523e-06
[8],10,"lr=0.001, wd=0.01",20,layer4_lr0.001_hd128_wd0.0_cosine,"lr0.001,wd0.0",-2.3229165052552436,0.0010745478051720771
[8],10,"lr=0.001, wd=0.01",20,layer4_lr0.001_hd128_wd0.01_cosine,"lr0.001,wd0.01",-2.399782437775401,2.4055111463668373e-05
[8],10,"lr=0.001, wd=0.01",20,layer4_lr0.003_hd128_wd0.0_cosine,"lr0.003,wd0.0",-2.452295881736507,0.0005710224418954897
[8],10,"lr=0.001, wd=0.01",20,layer4_lr0.003_hd128_wd0.01_cosine,"lr0.003,wd0.01",-2.71693619678911,0.00026821383164246605
[8],10,"lr=0.001, wd=0.01",50,layer4_lr1e-05_hd128_wd0.0_cosine,"lr1e-05,wd0.0",-3.7709041352840864,1.0571408937321154e-06
[8],10,"lr=0.001, wd=0.01",50,layer4_lr1e-05_hd128_wd0.01_cosine,"lr1e-05,wd0.01",-3.9722429661592202,4.266283909820809e-07
[8],10,"lr=0.001, wd=0.01",50,layer4_lr3e-05_hd128_wd0.0_cosine,"lr3e-05,wd0.0",-3.575727303157405,7.254165719436695e-06
[8],10,"lr=0.001, wd=0.01",50,layer4_lr3e-05_hd128_wd0.01_cosine,"lr3e-05,wd0.01",-3.831610446035267,1.5727544226268694e-06
[8],10,"lr=0.001, wd=0.01",50,layer4_lr0.0001_hd128_wd0.0_cosine,"lr0.0001,wd0.0",-2.7545891144793386,8.383764951780268e-05
[8],10,"lr=0.001, wd=0.01",50,layer4_lr0.0001_hd128_wd0.01_cosine,"lr0.0001,wd0.01",-4.020036330255595,8.743034886507392e-07
[8],10,"lr=0.001, wd=0.01",50,layer4_lr0.0003_hd128_wd0.0_cosine,"lr0.0003,wd0.0",-2.3352660058668238,5.070066811145709e-05
[8],10,"lr=0.001, wd=0.01",50,layer4_lr0.0003_hd128_wd0.01_cosine,"lr0.0003,wd0.01",-3.978686728235127,1.0867421361706742e-06
[8],10,"lr=0.001, wd=0.01",50,layer4_lr0.001_hd128_wd0.0_cosine,"lr0.001,wd0.0",-2.1680509165173127,8.174703919965774e-05
[8],10,"lr=0.001, wd=0.01",50,layer4_lr0.001_hd128_wd0.01_cosine,"lr0.001,wd0.01",-3.2803493038471667,0.00010820177122540043
[8],10,"lr=0.001, wd=0.01",50,layer4_lr0.003_hd128_wd0.0_cosine,"lr0.003,wd0.0",-3.120840882346412,0.00018118445540765086
[8],10,"lr=0.001, wd=0.01",50,layer4_lr0.003_hd128_wd0.01_cosine,"lr0.003,wd0.01",-2.8730683901490632,0.00027439118638485684
[8],10,"lr=0.001, wd=0.01",90,layer4_lr1e-05_hd128_wd0.0_cosine,"lr1e-05,wd0.0",-4.1573565895303,6.913705138390962e-07
[8],10,"lr=0.001, wd=0.01",90,layer4_lr1e-05_hd128_wd0.01_cosine,"lr1e-05,wd0.01",-4.201222743125445,5.874049630818416e-07
[8],10,"lr=0.001, wd=0.01",90,layer4_lr3e-05_hd128_wd0.0_cosine,"lr3e-05,wd0.0",-4.097600081966923,1.2784924046971175e-06
[8],10,"lr=0.001, wd=0.01",90,layer4_lr3e-05_hd128_wd0.01_cosine,"lr3e-05,wd0.01",-4.175916985962155,3.781822110901278e-07
[8],10,"lr=0.001, wd=0.01",90,layer4_lr0.0001_hd128_wd0.0_cosine,"lr0.0001,wd0.0",-3.4113040453057266,1.3830921910222087e-06
[8],10,"lr=0.001, wd=0.01",90,layer4_lr0.0001_hd128_wd0.01_cosine,"lr0.0001,wd0.01",-4.18387933096802,4.766713139620426e-07
[8],10,"lr=0.001, wd=0.01",90,layer4_lr0.0003_hd128_wd0.0_cosine,"lr0.0003,wd0.0",-3.4796271400195256,8.785085869881418e-06
[8],10,"lr=0.001, wd=0.01",90,layer4_lr0.0003_hd128_wd0.01_cosine,"lr0.0003,wd0.01",-4.134273550084656,4.534312275435696e-06
[8],10,"lr=0.001, wd=0.01",90,layer4_lr0.001_hd128_wd0.0_cosine,"lr0.001,wd0.0",-3.351887632304531,5.7613470464588455e-05
[8],10,"lr=0.001, wd=0.01",90,layer4_lr0.001_hd128_wd0.01_cosine,"lr0.001,wd0.01",-3.936078728830331,5.17655633159594e-06
[8],10,"lr=0.001, wd=0.01",90,layer4_lr0.003_hd128_wd0.0_cosine,"lr0.003,wd0.0",-3.2276502161230307,2.3066689075144386e-05
[8],10,"lr=0.001, wd=0.01",90,layer4_lr0.003_hd128_wd0.01_cosine,"lr0.003,wd0.01",-3.5608005935100637,4.502996703929766e-05
[8],11,"lr=0.003, wd=0.0",0,layer4_lr1e-05_hd128_wd0.0_cosine,"lr1e-05,wd0.0",-0.6651376148774099,0.002184413069136903
[8],11,"lr=0.003, wd=0.0",0,layer4_lr1e-05_hd128_wd0.01_cosine,"lr1e-05,wd0.01",-0.671150550129535,0.001124011532619374
[8],11,"lr=0.003, wd=0.0",0,layer4_lr3e-05_hd128_wd0.0_cosine,"lr3e-05,wd0.0",-0.6611647959221308,0.004557043549414622
[8],11,"lr=0.003, wd=0.0",0,layer4_lr3e-05_hd128_wd0.01_cosine,"lr3e-05,wd0.01",-0.6847734735550773,0.0021914103100349577
[8],11,"lr=0.003, wd=0.0",0,layer4_lr0.0001_hd128_wd0.0_cosine,"lr0.0001,wd0.0",-0.6824985382416816,0.005163378261150747
[8],11,"lr=0.003, wd=0.0",0,layer4_lr0.0001_hd128_wd0.01_cosine,"lr0.0001,wd0.01",-0.6992818246775591,0.003319865756448988
[8],11,"lr=0.003, wd=0.0",0,layer4_lr0.0003_hd128_wd0.0_cosine,"lr0.0003,wd0.0",-0.7198122224687823,0.004274404124036863
[8],11,"lr=0.003, wd=0.0",0,layer4_lr0.0003_hd128_wd0.01_cosine,"lr0.0003,wd0.01",-0.7218491896692281,0.003442864590173964
[8],11,"lr=0.003, wd=0.0",0,layer4_lr0.001_hd128_wd0.0_cosine,"lr0.001,wd0.0",-0.7448433450461994,0.003950356259205854
[8],11,"lr=0.003, wd=0.0",0,layer4_lr0.001_hd128_wd0.01_cosine,"lr0.001,wd0.01",-0.7540932628115441,0.0025927451634307954
[8],11,"lr=0.003, wd=0.0",0,layer4_lr0.003_hd128_wd0.0_cosine,"lr0.003,wd0.0",-0.7615861018396523,0.0034470660600079616
[8],11,"lr=0.003, wd=0.0",0,layer4_lr0.003_hd128_wd0.01_cosine,"lr0.003,wd0.01",-0.7793816683339573,0.0014650874921789887
[8],11,"lr=0.003, wd=0.0",5,layer4_lr1e-05_hd128_wd0.0_cosine,"lr1e-05,wd0.0",-1.9262417843867676,0.0004103969153710723
[8],11,"lr=0.003, wd=0.0",5,layer4_lr1e-05_hd128_wd0.01_cosine,"lr1e-05,wd0.01",-1.9579564445626916,4.53162366196003e-05
[8],11,"lr=0.003, wd=0.0",5,layer4_lr3e-05_hd128_wd0.0_cosine,"lr3e-05,wd0.0",-1.813224061375585,0.0005397439246996613
[8],11,"lr=0.003, wd=0.0",5,layer4_lr3e-05_hd128_wd0.01_cosine,"lr3e-05,wd0.01",-1.9724262772835652,0.0002123258703699271
[8],11,"lr=0.003, wd=0.0",5,layer4_lr0.0001_hd128_wd0.0_cosine,"lr0.0001,wd0.0",-2.044842074367549,0.00012751608882157517
[8],11,"lr=0.003, wd=0.0",5,layer4_lr0.0001_hd128_wd0.01_cosine,"lr0.0001,wd0.01",-2.170048418780762,0.0003404105462095753
[8],11,"lr=0.003, wd=0.0",5,layer4_lr0.0003_hd128_wd0.0_cosine,"lr0.0003,wd0.0",-2.0107404484257345,0.00042627079201054826
[8],11,"lr=0.003, wd=0.0",5,layer4_lr0.0003_hd128_wd0.01_cosine,"lr0.0003,wd0.01",-2.244747556640699,0.00012804457431129804
[8],11,"lr=0.003, wd=0.0",5,layer4_lr0.001_hd128_wd0.0_cosine,"lr0.001,wd0.0",-1.9317812253181885,0.0008332654102767223
[8],11,"lr=0.003, wd=0.0",5,layer4_lr0.001_hd128_wd0.01_cosine,"lr0.001,wd0.01",-1.7321233468109245,0.00010481923612490922
[8],11,"lr=0.003, wd=0.0",5,layer4_lr0.003_hd128_wd0.0_cosine,"lr0.003,wd0.0",-1.7324249712903708,0.0007793243801179498
[8],11,"lr=0.003, wd=0.0",5,layer4_lr0.003_hd128_wd0.01_cosine,"lr0.003,wd0.01",-2.1312668635193908,0.0006673978176319057
[8],11,"lr=0.003, wd=0.0",10,layer4_lr1e-05_hd128_wd0.0_cosine,"lr1e-05,wd0.0",-2.292936749798031,0.0003664339906430784
[8],11,"lr=0.003, wd=0.0",10,layer4_lr1e-05_hd128_wd0.01_cosine,"lr1e-05,wd0.01",-2.487109565389794,0.00021150677081332406
[8],11,"lr=0.003, wd=0.0",10,layer4_lr3e-05_hd128_wd0.0_cosine,"lr3e-05,wd0.0",-2.117240785960505,0.00030741162076419114
[8],11,"lr=0.003, wd=0.0",10,layer4_lr3e-05_hd128_wd0.01_cosine,"lr3e-05,wd0.01",-2.286938584959918,5.006602078620648e-05
[8],11,"lr=0.003, wd=0.0",10,layer4_lr0.0001_hd128_wd0.0_cosine,"lr0.0001,wd0.0",-2.280021808151596,4.0546076195300904e-05
[8],11,"lr=0.003, wd=0.0",10,layer4_lr0.0001_hd128_wd0.01_cosine,"lr0.0001,wd0.01",-2.5057827580122227,3.9287887040418235e-05
[8],11,"lr=0.003, wd=0.0",10,layer4_lr0.0003_hd128_wd0.0_cosine,"lr0.0003,wd0.0",-2.193295862018276,0.0009593463257738333
[8],11,"lr=0.003, wd=0.0",10,layer4_lr0.0003_hd128_wd0.01_cosine,"lr0.0003,wd0.01",-2.5641823681346465,2.4213434242549745e-05
[8],11,"lr=0.003, wd=0.0",10,layer4_lr0.001_hd128_wd0.0_cosine,"lr0.001,wd0.0",-2.194383617932093,0.0009217251886837072
[8],11,"lr=0.003, wd=0.0",10,layer4_lr0.001_hd128_wd0.01_cosine,"lr0.001,wd0.01",-2.3680566972185417,0.00010134935473126537
[8],11,"lr=0.003, wd=0.0",10,layer4_lr0.003_hd128_wd0.0_cosine,"lr0.003,wd0.0",-2.3789461032103256,0.00030186248095171597
[8],11,"lr=0.003, wd=0.0",10,layer4_lr0.003_hd128_wd0.01_cosine,"lr0.003,wd0.01",-2.208803487675993,0.00015699185576289573
[8],11,"lr=0.003, wd=0.0",20,layer4_lr1e-05_hd128_wd0.0_cosine,"lr1e-05,wd0.0",-2.646742858774059,9.546647905874356e-06
[8],11,"lr=0.003, wd=0.0",20,layer4_lr1e-05_hd128_wd0.01_cosine,"lr1e-05,wd0.01",-2.834723324156754,7.045254828529575e-07
[8],11,"lr=0.003, wd=0.0",20,layer4_lr3e-05_hd128_wd0.0_cosine,"lr3e-05,wd0.0",-2.498354913274155,5.626397771889932e-06
[8],11,"lr=0.003, wd=0.0",20,layer4_lr3e-05_hd128_wd0.01_cosine,"lr3e-05,wd0.01",-2.7947876313844335,2.7293673617119903e-05
[8],11,"lr=0.003, wd=0.0",20,layer4_lr0.0001_hd128_wd0.0_cosine,"lr0.0001,wd0.0",-2.5233444848210587,0.000283151319042538
[8],11,"lr=0.003, wd=0.0",20,layer4_lr0.0001_hd128_wd0.01_cosine,"lr0.0001,wd0.01",-2.7807136223978275,3.339365607088114e-06
[8],11,"lr=0.003, wd=0.0",20,layer4_lr0.0003_hd128_wd0.0_cosine,"lr0.0003,wd0.0",-2.3057400273103537,0.001013679031286688
[8],11,"lr=0.003, wd=0.0",20,layer4_lr0.0003_hd128_wd0.01_cosine,"lr0.0003,wd0.01",-2.7498315715068333,6.2678174068654815e-06
[8],11,"lr=0.003, wd=0.0",20,layer4_lr0.001_hd128_wd0.0_cosine,"lr0.001,wd0.0",-2.3810854977561675,0.0009591797907300203
[8],11,"lr=0.003, wd=0.0",20,layer4_lr0.001_hd128_wd0.01_cosine,"lr0.001,wd0.01",-2.5542957104383692,3.9677189986259356e-05
[8],11,"lr=0.003, wd=0.0",20,layer4_lr0.003_hd128_wd0.0_cosine,"lr0.003,wd0.0",-2.54389247840827,0.0004619201563523841
[8],11,"lr=0.003, wd=0.0",20,layer4_lr0.003_hd128_wd0.01_cosine,"lr0.003,wd0.01",-2.8510874336808274,0.00036586874172751327
[8],11,"lr=0.003, wd=0.0",50,layer4_lr1e-05_hd128_wd0.0_cosine,"lr1e-05,wd0.0",-3.751377843094767,1.1317101431610334e-06
[8],11,"lr=0.003, wd=0.0",50,layer4_lr1e-05_hd128_wd0.01_cosine,"lr1e-05,wd0.01",-3.9498688548002665,8.566073680174528e-07
[8],11,"lr=0.003, wd=0.0",50,layer4_lr3e-05_hd128_wd0.0_cosine,"lr3e-05,wd0.0",-3.535365793651359,1.803279417717155e-06
[8],11,"lr=0.003, wd=0.0",50,layer4_lr3e-05_hd128_wd0.01_cosine,"lr3e-05,wd0.01",-3.751913072861419,8.98140441556547e-07
[8],11,"lr=0.003, wd=0.0",50,layer4_lr0.0001_hd128_wd0.0_cosine,"lr0.0001,wd0.0",-2.852864606538011,7.744894985254123e-05
[8],11,"lr=0.003, wd=0.0",50,layer4_lr0.0001_hd128_wd0.01_cosine,"lr0.0001,wd0.01",-3.9630130722128745,1.8899638083159836e-06
[8],11,"lr=0.003, wd=0.0",50,layer4_lr0.0003_hd128_wd0.0_cosine,"lr0.0003,wd0.0",-2.3760997645660207,5.152890609005254e-05
[8],11,"lr=0.003, wd=0.0",50,layer4_lr0.0003_hd128_wd0.01_cosine,"lr0.0003,wd0.01",-3.9449249653139997,1.8799998985262487e-06
[8],11,"lr=0.003, wd=0.0",50,layer4_lr0.001_hd128_wd0.0_cosine,"lr0.001,wd0.0",-2.196795642166705,0.00010437718404260229
[8],11,"lr=0.003, wd=0.0",50,layer4_lr0.001_hd128_wd0.01_cosine,"lr0.001,wd0.01",-3.232636452853736,0.0001226227717937505
[8],11,"lr=0.003, wd=0.0",50,layer4_lr0.003_hd128_wd0.0_cosine,"lr0.003,wd0.0",-3.1377257014208224,0.00017439731789831175
[8],11,"lr=0.003, wd=0.0",50,layer4_lr0.003_hd128_wd0.01_cosine,"lr0.003,wd0.01",-2.44738933989648,0.0003143874839370378
[8],11,"lr=0.003, wd=0.0",90,layer4_lr1e-05_hd128_wd0.0_cosine,"lr1e-05,wd0.0",-4.152083702678292,6.069013621763514e-07
[8],11,"lr=0.003, wd=0.0",90,layer4_lr1e-05_hd128_wd0.01_cosine,"lr1e-05,wd0.01",-4.19284057630448,6.745005256806197e-07
[8],11,"lr=0.003, wd=0.0",90,layer4_lr3e-05_hd128_wd0.0_cosine,"lr3e-05,wd0.0",-4.106899296059037,8.698449213976302e-07
[8],11,"lr=0.003, wd=0.0",90,layer4_lr3e-05_hd128_wd0.01_cosine,"lr3e-05,wd0.01",-4.175763774847841,4.380698207157024e-07
[8],11,"lr=0.003, wd=0.0",90,layer4_lr0.0001_hd128_wd0.0_cosine,"lr0.0001,wd0.0",-3.448824704197931,1.6925257779678994e-06
[8],11,"lr=0.003, wd=0.0",90,layer4_lr0.0001_hd128_wd0.01_cosine,"lr0.0001,wd0.01",-4.183171072900594,4.902249418426791e-07
[8],11,"lr=0.003, wd=0.0",90,layer4_lr0.0003_hd128_wd0.0_cosine,"lr0.0003,wd0.0",-3.5092126089590323,8.287677533500228e-06
[8],11,"lr=0.003, wd=0.0",90,layer4_lr0.0003_hd128_wd0.01_cosine,"lr0.0003,wd0.01",-4.123064543464726,5.143326409344624e-06
[8],11,"lr=0.003, wd=0.0",90,layer4_lr0.001_hd128_wd0.0_cosine,"lr0.001,wd0.0",-3.3823446102605907,5.7061326893735315e-05
[8],11,"lr=0.003, wd=0.0",90,layer4_lr0.001_hd128_wd0.01_cosine,"lr0.001,wd0.01",-3.909151995619842,4.926042271703274e-06
[8],11,"lr=0.003, wd=0.0",90,layer4_lr0.003_hd128_wd0.0_cosine,"lr0.003,wd0.0",-3.253131491589661,2.0442585624996744e-05
[8],11,"lr=0.003, wd=0.0",90,layer4_lr0.003_hd128_wd0.01_cosine,"lr0.003,wd0.01",-3.5594321430698077,3.942932274348722e-05
[8],12,"lr=0.003, wd=0.01",0,layer4_lr1e-05_hd128_wd0.0_cosine,"lr1e-05,wd0.0",-0.7008289677805554,0.003527425875375221
[8],12,"lr=0.003, wd=0.01",0,layer4_lr1e-05_hd128_wd0.01_cosine,"lr1e-05,wd0.01",-0.7157513620961556,0.0021007722352094833
[8],12,"lr=0.003, wd=0.01",0,layer4_lr3e-05_hd128_wd0.0_cosine,"lr3e-05,wd0.0",-0.6879795067358738,0.006743027928354734
[8],12,"lr=0.003, wd=0.01",0,layer4_lr3e-05_hd128_wd0.01_cosine,"lr3e-05,wd0.01",-0.7279653946276724,0.003830344735635133
[8],12,"lr=0.003, wd=0.01",0,layer4_lr0.0001_hd128_wd0.0_cosine,"lr0.0001,wd0.0",-0.7073309735189358,0.00771452508255044
[8],12,"lr=0.003, wd=0.01",0,layer4_lr0.0001_hd128_wd0.01_cosine,"lr0.0001,wd0.01",-0.7421413946480944,0.005443477679827007
[8],12,"lr=0.003, wd=0.01",0,layer4_lr0.0003_hd128_wd0.0_cosine,"lr0.0003,wd0.0",-0.7507292168027265,0.006750189496946682
[8],12,"lr=0.003, wd=0.01",0,layer4_lr0.0003_hd128_wd0.01_cosine,"lr0.0003,wd0.01",-0.7667912595688784,0.005673760722046463
[8],12,"lr=0.003, wd=0.01",0,layer4_lr0.001_hd128_wd0.0_cosine,"lr0.001,wd0.0",-0.7888701355123267,0.0064010285573025206
[8],12,"lr=0.003, wd=0.01",0,layer4_lr0.001_hd128_wd0.01_cosine,"lr0.001,wd0.01",-0.8192655075128007,0.004562597696117681
[8],12,"lr=0.003, wd=0.01",0,layer4_lr0.003_hd128_wd0.0_cosine,"lr0.003,wd0.0",-0.8181636156221459,0.005768262822720366
[8],12,"lr=0.003, wd=0.01",0,layer4_lr0.003_hd128_wd0.01_cosine,"lr0.003,wd0.01",-0.8683095101080399,0.002928279746854671
[8],12,"lr=0.003, wd=0.01",5,layer4_lr1e-05_hd128_wd0.0_cosine,"lr1e-05,wd0.0",-1.771870423908893,0.0001457088373370941
[8],12,"lr=0.003, wd=0.01",5,layer4_lr1e-05_hd128_wd0.01_cosine,"lr1e-05,wd0.01",-1.7782966836460496,3.0997583470550603e-06
[8],12,"lr=0.003, wd=0.01",5,layer4_lr3e-05_hd128_wd0.0_cosine,"lr3e-05,wd0.0",-1.837094701231302,0.00022335944586683118
[8],12,"lr=0.003, wd=0.01",5,layer4_lr3e-05_hd128_wd0.01_cosine,"lr3e-05,wd0.01",-1.9440847363952367,4.6570222505850634e-05
[8],12,"lr=0.003, wd=0.01",5,layer4_lr0.0001_hd128_wd0.0_cosine,"lr0.0001,wd0.0",-1.97571771540958,3.7623254476819624e-05
[8],12,"lr=0.003, wd=0.01",5,layer4_lr0.0001_hd128_wd0.01_cosine,"lr0.0001,wd0.01",-2.1108998717845093,0.0001304214967555474
[8],12,"lr=0.003, wd=0.01",5,layer4_lr0.0003_hd128_wd0.0_cosine,"lr0.0003,wd0.0",-1.8839796126377508,0.000993103118206715
[8],12,"lr=0.003, wd=0.01",5,layer4_lr0.0003_hd128_wd0.01_cosine,"lr0.0003,wd0.01",-2.1983222989085487,1.6234032765698938e-05
[8],12,"lr=0.003, wd=0.01",5,layer4_lr0.001_hd128_wd0.0_cosine,"lr0.001,wd0.0",-1.8262016502314438,0.0015396404475258357
[8],12,"lr=0.003, wd=0.01",5,layer4_lr0.001_hd128_wd0.01_cosine,"lr0.001,wd0.01",-1.6124585368372155,0.0003275740092489718
[8],12,"lr=0.003, wd=0.01",5,layer4_lr0.003_hd128_wd0.0_cosine,"lr0.003,wd0.0",-1.6357786585139442,0.001670720010252719
[8],12,"lr=0.003, wd=0.01",5,layer4_lr0.003_hd128_wd0.01_cosine,"lr0.003,wd0.01",-2.038455686153886,0.0005379249879737304
[8],12,"lr=0.003, wd=0.01",10,layer4_lr1e-05_hd128_wd0.0_cosine,"lr1e-05,wd0.0",-2.121826520429604,0.00018662488675840283
[8],12,"lr=0.003, wd=0.01",10,layer4_lr1e-05_hd128_wd0.01_cosine,"lr1e-05,wd0.01",-2.2314995694324806,0.00010932725873433762
[8],12,"lr=0.003, wd=0.01",10,layer4_lr3e-05_hd128_wd0.0_cosine,"lr3e-05,wd0.0",-2.1477844988777024,0.00012252372656085405
[8],12,"lr=0.003, wd=0.01",10,layer4_lr3e-05_hd128_wd0.01_cosine,"lr3e-05,wd0.01",-2.2353037985658393,8.010766048520983e-07
[8],12,"lr=0.003, wd=0.01",10,layer4_lr0.0001_hd128_wd0.0_cosine,"lr0.0001,wd0.0",-2.2548422657266007,0.00022900066045605382
[8],12,"lr=0.003, wd=0.01",10,layer4_lr0.0001_hd128_wd0.01_cosine,"lr0.0001,wd0.01",-2.520423580706053,1.4927477371647932e-06
[8],12,"lr=0.003, wd=0.01",10,layer4_lr0.0003_hd128_wd0.0_cosine,"lr0.0003,wd0.0",-2.1103838282050242,0.0015248194906843369
[8],12,"lr=0.003, wd=0.01",10,layer4_lr0.0003_hd128_wd0.01_cosine,"lr0.0003,wd0.01",-2.6034836783496043,8.13117899977778e-06
[8],12,"lr=0.003, wd=0.01",10,layer4_lr0.001_hd128_wd0.0_cosine,"lr0.001,wd0.0",-2.137859282235941,0.001386964709865723
[8],12,"lr=0.003, wd=0.01",10,layer4_lr0.001_hd128_wd0.01_cosine,"lr0.001,wd0.01",-2.2414323123617685,3.915359664687902e-05
[8],12,"lr=0.003, wd=0.01",10,layer4_lr0.003_hd128_wd0.0_cosine,"lr0.003,wd0.0",-2.3265964113362343,0.0005507069443055496
[8],12,"lr=0.003, wd=0.01",10,layer4_lr0.003_hd128_wd0.01_cosine,"lr0.003,wd0.01",-2.0755185790155113,7.728340701143076e-05
[8],12,"lr=0.003, wd=0.01",20,layer4_lr1e-05_hd128_wd0.0_cosine,"lr1e-05,wd0.0",-2.5136612889653818,5.246710197592847e-06
[8],12,"lr=0.003, wd=0.01",20,layer4_lr1e-05_hd128_wd0.01_cosine,"lr1e-05,wd0.01",-2.62102280669289,3.327540980903611e-05
[8],12,"lr=0.003, wd=0.01",20,layer4_lr3e-05_hd128_wd0.0_cosine,"lr3e-05,wd0.0",-2.566387688866114,2.9542156488262997e-05
[8],12,"lr=0.003, wd=0.01",20,layer4_lr3e-05_hd128_wd0.01_cosine,"lr3e-05,wd0.01",-2.7786597498561787,9.149633468101189e-07
[8],12,"lr=0.003, wd=0.01",20,layer4_lr0.0001_hd128_wd0.0_cosine,"lr0.0001,wd0.0",-2.509678521006614,0.0005423707114709424
[8],12,"lr=0.003, wd=0.01",20,layer4_lr0.0001_hd128_wd0.01_cosine,"lr0.0001,wd0.01",-2.859766497504244,1.3953143853798331e-05
[8],12,"lr=0.003, wd=0.01",20,layer4_lr0.0003_hd128_wd0.0_cosine,"lr0.0003,wd0.0",-2.1984808435198833,0.0012432743468195943
[8],12,"lr=0.003, wd=0.01",20,layer4_lr0.0003_hd128_wd0.01_cosine,"lr0.0003,wd0.01",-2.8313084923410377,7.5336171230254835e-06
[8],12,"lr=0.003, wd=0.01",20,layer4_lr0.001_hd128_wd0.0_cosine,"lr0.001,wd0.0",-2.267743088672566,0.0011274773054579066
[8],12,"lr=0.003, wd=0.01",20,layer4_lr0.001_hd128_wd0.01_cosine,"lr0.001,wd0.01",-2.5321129295362956,2.3452840323437037e-05
[8],12,"lr=0.003, wd=0.01",20,layer4_lr0.003_hd128_wd0.0_cosine,"lr0.003,wd0.0",-2.5035970280076185,0.0006422491194676399
[8],12,"lr=0.003, wd=0.01",20,layer4_lr0.003_hd128_wd0.01_cosine,"lr0.003,wd0.01",-2.850750201152698,0.00026341339161443423
[8],12,"lr=0.003, wd=0.01",50,layer4_lr1e-05_hd128_wd0.0_cosine,"lr1e-05,wd0.0",-3.6631998477771113,1.7759992017393113e-06
[8],12,"lr=0.003, wd=0.01",50,layer4_lr1e-05_hd128_wd0.01_cosine,"lr1e-05,wd0.01",-3.7814042554920793,6.714026799056785e-07
[8],12,"lr=0.003, wd=0.01",50,layer4_lr3e-05_hd128_wd0.0_cosine,"lr3e-05,wd0.0",-3.624170117650128,1.0540812019849718e-05
[8],12,"lr=0.003, wd=0.01",50,layer4_lr3e-05_hd128_wd0.01_cosine,"lr3e-05,wd0.01",-3.8418413170044747,3.039935680150297e-06
[8],12,"lr=0.003, wd=0.01",50,layer4_lr0.0001_hd128_wd0.0_cosine,"lr0.0001,wd0.0",-2.748216731224863,8.325970631818532e-05
[8],12,"lr=0.003, wd=0.01",50,layer4_lr0.0001_hd128_wd0.01_cosine,"lr0.0001,wd0.01",-4.046775541439239,7.560372100099142e-07
[8],12,"lr=0.003, wd=0.01",50,layer4_lr0.0003_hd128_wd0.0_cosine,"lr0.0003,wd0.0",-2.376319104181333,5.611766574569347e-05
[8],12,"lr=0.003, wd=0.01",50,layer4_lr0.0003_hd128_wd0.01_cosine,"lr0.0003,wd0.01",-4.0259164709511985,9.387827290529305e-07
[8],12,"lr=0.003, wd=0.01",50,layer4_lr0.001_hd128_wd0.0_cosine,"lr0.001,wd0.0",-2.2146256370344326,0.00010064456088247762
[8],12,"lr=0.003, wd=0.01",50,layer4_lr0.001_hd128_wd0.01_cosine,"lr0.001,wd0.01",-3.330232415203193,0.00010129472812926823
[8],12,"lr=0.003, wd=0.01",50,layer4_lr0.003_hd128_wd0.0_cosine,"lr0.003,wd0.0",-3.0383364097587457,0.00017650033892651395
[8],12,"lr=0.003, wd=0.01",50,layer4_lr0.003_hd128_wd0.01_cosine,"lr0.003,wd0.01",-2.798042848162042,0.0002538561185935969
[8],12,"lr=0.003, wd=0.01",90,layer4_lr1e-05_hd128_wd0.0_cosine,"lr1e-05,wd0.0",-4.146923903406571,9.384970641417939e-07
[8],12,"lr=0.003, wd=0.01",90,layer4_lr1e-05_hd128_wd0.01_cosine,"lr1e-05,wd0.01",-4.200278258413105,3.2874752429780365e-07
[8],12,"lr=0.003, wd=0.01",90,layer4_lr3e-05_hd128_wd0.0_cosine,"lr3e-05,wd0.0",-4.093054137763386,1.5879598157296578e-06
[8],12,"lr=0.003, wd=0.01",90,layer4_lr3e-05_hd128_wd0.01_cosine,"lr3e-05,wd0.01",-4.173257938442079,4.4596107865416735e-07
[8],12,"lr=0.003, wd=0.01",90,layer4_lr0.0001_hd128_wd0.0_cosine,"lr0.0001,wd0.0",-3.449558454899565,1.7811380906773838e-06
[8],12,"lr=0.003, wd=0.01",90,layer4_lr0.0001_hd128_wd0.01_cosine,"lr0.0001,wd0.01",-4.18377584501674,5.874710053173258e-07
[8],12,"lr=0.003, wd=0.01",90,layer4_lr0.0003_hd128_wd0.0_cosine,"lr0.0003,wd0.0",-3.5342594504975016,8.117448680176875e-06
[8],12,"lr=0.003, wd=0.01",90,layer4_lr0.0003_hd128_wd0.01_cosine,"lr0.0003,wd0.01",-4.147210050216605,3.9397838685917765e-06
[8],12,"lr=0.003, wd=0.01",90,layer4_lr0.001_hd128_wd0.0_cosine,"lr0.001,wd0.0",-3.4093768726183664,5.471962410505672e-05
[8],12,"lr=0.003, wd=0.01",90,layer4_lr0.001_hd128_wd0.01_cosine,"lr0.001,wd0.01",-3.955751929168646,3.164302657559243e-06
[8],12,"lr=0.003, wd=0.01",90,layer4_lr0.003_hd128_wd0.0_cosine,"lr0.003,wd0.0",-3.300348202825553,2.217932338554237e-05
[8],12,"lr=0.003, wd=0.01",90,layer4_lr0.003_hd128_wd0.01_cosine,"lr0.003,wd0.01",-3.6655519502452907,2.5389553223731688e-05
[16],1,"lr=1e-05, wd=0.0",0,layer4_lr1e-05_hd128_wd0.0_cosine,"lr1e-05,wd0.0",-0.8019502558986974,0.008511444293383276
[16],1,"lr=1e-05, wd=0.0",0,layer4_lr1e-05_hd128_wd0.01_cosine,"lr1e-05,wd0.01",-1.0259784110822894,0.006428290613178628
[16],1,"lr=1e-05, wd=0.0",0,layer4_lr3e-05_hd128_wd0.0_cosine,"lr3e-05,wd0.0",-0.2900166418818516,0.013129890664938854
[16],1,"lr=1e-05, wd=0.0",0,layer4_lr3e-05_hd128_wd0.01_cosine,"lr3e-05,wd0.01",-0.7067324004604726,0.009320015016766577
[16],1,"lr=1e-05, wd=0.0",0,layer4_lr0.0001_hd128_wd0.0_cosine,"lr0.0001,wd0.0",-0.1405802178239499,0.01451179415355894
[16],1,"lr=1e-05, wd=0.0",0,layer4_lr0.0001_hd128_wd0.01_cosine,"lr0.0001,wd0.01",-0.5087921897080139,0.011319212840129381
[16],1,"lr=1e-05, wd=0.0",0,layer4_lr0.0003_hd128_wd0.0_cosine,"lr0.0003,wd0.0",-0.29673686456146053,0.013294109346369664
[16],1,"lr=1e-05, wd=0.0",0,layer4_lr0.0003_hd128_wd0.01_cosine,"lr0.0003,wd0.01",-0.5619343968467908,0.011233623379465242
[16],1,"lr=1e-05, wd=0.0",0,layer4_lr0.001_hd128_wd0.0_cosine,"lr0.001,wd0.0",-0.46424706880466543,0.012478002306406992
[16],1,"lr=1e-05, wd=0.0",0,layer4_lr0.001_hd128_wd0.01_cosine,"lr0.001,wd0.01",-0.7896394914114565,0.009247491419551205
[16],1,"lr=1e-05, wd=0.0",0,layer4_lr0.003_hd128_wd0.0_cosine,"lr0.003,wd0.0",-0.6494799747440908,0.01112677238787319
[16],1,"lr=1e-05, wd=0.0",0,layer4_lr0.003_hd128_wd0.01_cosine,"lr0.003,wd0.01",-0.9909344478044818,0.006589248585872677
[16],1,"lr=1e-05, wd=0.0",5,layer4_lr1e-05_hd128_wd0.0_cosine,"lr1e-05,wd0.0",-1.7308204289149132,0.0007745604599411413
[16],1,"lr=1e-05, wd=0.0",5,layer4_lr1e-05_hd128_wd0.01_cosine,"lr1e-05,wd0.01",-1.7752776738770246,0.00021862725912229759
[16],1,"lr=1e-05, wd=0.0",5,layer4_lr3e-05_hd128_wd0.0_cosine,"lr3e-05,wd0.0",-1.7513199269997948,9.184340462114598e-05
[16],1,"lr=1e-05, wd=0.0",5,layer4_lr3e-05_hd128_wd0.01_cosine,"lr3e-05,wd0.01",-1.812698296269125,2.336779430262522e-05
[16],1,"lr=1e-05, wd=0.0",5,layer4_lr0.0001_hd128_wd0.0_cosine,"lr0.0001,wd0.0",-1.6616285139995954,0.00022474943867429895
[16],1,"lr=1e-05, wd=0.0",5,layer4_lr0.0001_hd128_wd0.01_cosine,"lr0.0001,wd0.01",-1.7394500697285202,4.241371835846729e-06
[16],1,"lr=1e-05, wd=0.0",5,layer4_lr0.0003_hd128_wd0.0_cosine,"lr0.0003,wd0.0",-1.566439026621994,0.0017595183001428475
[16],1,"lr=1e-05, wd=0.0",5,layer4_lr0.0003_hd128_wd0.01_cosine,"lr0.0003,wd0.01",-1.7420164412122054,1.9415963872622697e-05
[16],1,"lr=1e-05, wd=0.0",5,layer4_lr0.001_hd128_wd0.0_cosine,"lr0.001,wd0.0",-1.4972545166942095,0.002516276200397153
[16],1,"lr=1e-05, wd=0.0",5,layer4_lr0.001_hd128_wd0.01_cosine,"lr0.001,wd0.01",-1.3177528196196011,0.0007545789423900559
[16],1,"lr=1e-05, wd=0.0",5,layer4_lr0.003_hd128_wd0.0_cosine,"lr0.003,wd0.0",-1.297704806022295,0.0032660832743591716
[16],1,"lr=1e-05, wd=0.0",5,layer4_lr0.003_hd128_wd0.01_cosine,"lr0.003,wd0.01",-1.936347959000209,0.00045235637464265436
[16],1,"lr=1e-05, wd=0.0",10,layer4_lr1e-05_hd128_wd0.0_cosine,"lr1e-05,wd0.0",-2.1553867374548967,0.0003453424069389482
[16],1,"lr=1e-05, wd=0.0",10,layer4_lr1e-05_hd128_wd0.01_cosine,"lr1e-05,wd0.01",-2.2059388610747663,0.00027908374164790293
[16],1,"lr=1e-05, wd=0.0",10,layer4_lr3e-05_hd128_wd0.0_cosine,"lr3e-05,wd0.0",-2.219955870217181,4.763302681089626e-05
[16],1,"lr=1e-05, wd=0.0",10,layer4_lr3e-05_hd128_wd0.01_cosine,"lr3e-05,wd0.01",-2.2972632125686716,1.3174204151323238e-05
[16],1,"lr=1e-05, wd=0.0",10,layer4_lr0.0001_hd128_wd0.0_cosine,"lr0.0001,wd0.0",-2.0216973109132232,0.0005822228762527935
[16],1,"lr=1e-05, wd=0.0",10,layer4_lr0.0001_hd128_wd0.01_cosine,"lr0.0001,wd0.01",-2.235434324028829,4.965370208993785e-05
[16],1,"lr=1e-05, wd=0.0",10,layer4_lr0.0003_hd128_wd0.0_cosine,"lr0.0003,wd0.0",-1.8309889356558322,0.0022765276419037055
[16],1,"lr=1e-05, wd=0.0",10,layer4_lr0.0003_hd128_wd0.01_cosine,"lr0.0003,wd0.01",-2.0909908772134886,6.243521469257198e-05
[16],1,"lr=1e-05, wd=0.0",10,layer4_lr0.001_hd128_wd0.0_cosine,"lr0.001,wd0.0",-1.8559358084701485,0.0018786074893482043
[16],1,"lr=1e-05, wd=0.0",10,layer4_lr0.001_hd128_wd0.01_cosine,"lr0.001,wd0.01",-1.8836069769285781,3.536692411524874e-05
[16],1,"lr=1e-05, wd=0.0",10,layer4_lr0.003_hd128_wd0.0_cosine,"lr0.003,wd0.0",-1.9651193647175704,0.0006946006929198482
[16],1,"lr=1e-05, wd=0.0",10,layer4_lr0.003_hd128_wd0.01_cosine,"lr0.003,wd0.01",-1.6735872402459613,9.95420661026605e-05
[16],1,"lr=1e-05, wd=0.0",20,layer4_lr1e-05_hd128_wd0.0_cosine,"lr1e-05,wd0.0",-2.2339031461630325,2.1719388581992202e-05
[16],1,"lr=1e-05, wd=0.0",20,layer4_lr1e-05_hd128_wd0.01_cosine,"lr1e-05,wd0.01",-2.271468366965335,6.482003306701478e-05
[16],1,"lr=1e-05, wd=0.0",20,layer4_lr3e-05_hd128_wd0.0_cosine,"lr3e-05,wd0.0",-2.5394561240089732,6.8541364345143175e-06
[16],1,"lr=1e-05, wd=0.0",20,layer4_lr3e-05_hd128_wd0.01_cosine,"lr3e-05,wd0.01",-2.6500032848122466,2.3783409136300225e-06
[16],1,"lr=1e-05, wd=0.0",20,layer4_lr0.0001_hd128_wd0.0_cosine,"lr0.0001,wd0.0",-2.3327970207811863,0.0006816398290750193
[16],1,"lr=1e-05, wd=0.0",20,layer4_lr0.0001_hd128_wd0.01_cosine,"lr0.0001,wd0.01",-2.5493844650020616,4.123667136647571e-05
[16],1,"lr=1e-05, wd=0.0",20,layer4_lr0.0003_hd128_wd0.0_cosine,"lr0.0003,wd0.0",-2.14733515829234,0.0014412859611302035
[16],1,"lr=1e-05, wd=0.0",20,layer4_lr0.0003_hd128_wd0.01_cosine,"lr0.0003,wd0.01",-2.201814108512429,3.7907463945679415e-05
[16],1,"lr=1e-05, wd=0.0",20,layer4_lr0.001_hd128_wd0.0_cosine,"lr0.001,wd0.0",-2.2240977106018254,0.001242357197666466
[16],1,"lr=1e-05, wd=0.0",20,layer4_lr0.001_hd128_wd0.01_cosine,"lr0.001,wd0.01",-1.9772933217671336,7.574543727442926e-05
[16],1,"lr=1e-05, wd=0.0",20,layer4_lr0.003_hd128_wd0.0_cosine,"lr0.003,wd0.0",-2.1618126932371666,0.0007022066066261857
[16],1,"lr=1e-05, wd=0.0",20,layer4_lr0.003_hd128_wd0.01_cosine,"lr0.003,wd0.01",-2.2543983830716385,0.0002478189728865858
[16],1,"lr=1e-05, wd=0.0",50,layer4_lr1e-05_hd128_wd0.0_cosine,"lr1e-05,wd0.0",-3.2417494658481574,1.6095270307714418e-06
[16],1,"lr=1e-05, wd=0.0",50,layer4_lr1e-05_hd128_wd0.01_cosine,"lr1e-05,wd0.01",-3.2952044737422277,9.387624730278719e-07
[16],1,"lr=1e-05, wd=0.0",50,layer4_lr3e-05_hd128_wd0.0_cosine,"lr3e-05,wd0.0",-3.321326839079175,7.843575162559831e-06
[16],1,"lr=1e-05, wd=0.0",50,layer4_lr3e-05_hd128_wd0.01_cosine,"lr3e-05,wd0.01",-3.6465618903228085,2.0398057833197916e-06
[16],1,"lr=1e-05, wd=0.0",50,layer4_lr0.0001_hd128_wd0.0_cosine,"lr0.0001,wd0.0",-2.617100184569148,8.975152225852222e-05
[16],1,"lr=1e-05, wd=0.0",50,layer4_lr0.0001_hd128_wd0.01_cosine,"lr0.0001,wd0.01",-3.976906856493766,9.296423303990442e-07
[16],1,"lr=1e-05, wd=0.0",50,layer4_lr0.0003_hd128_wd0.0_cosine,"lr0.0003,wd0.0",-2.3278835358377354,0.0001816503084428135
[16],1,"lr=1e-05, wd=0.0",50,layer4_lr0.0003_hd128_wd0.01_cosine,"lr0.0003,wd0.01",-3.6388787453374207,1.1467709071937395e-06
[16],1,"lr=1e-05, wd=0.0",50,layer4_lr0.001_hd128_wd0.0_cosine,"lr0.001,wd0.0",-2.168405518140939,7.856439223285586e-05
[16],1,"lr=1e-05, wd=0.0",50,layer4_lr0.001_hd128_wd0.01_cosine,"lr0.001,wd0.01",-3.052481023437563,9.839776810224755e-05
[16],1,"lr=1e-05, wd=0.0",50,layer4_lr0.003_hd128_wd0.0_cosine,"lr0.003,wd0.0",-3.0962389129917565,0.0001911920886579095
[16],1,"lr=1e-05, wd=0.0",50,layer4_lr0.003_hd128_wd0.01_cosine,"lr0.003,wd0.01",-2.9082092903664316,0.00025227236802025647
[16],1,"lr=1e-05, wd=0.0",90,layer4_lr1e-05_hd128_wd0.0_cosine,"lr1e-05,wd0.0",-4.091637381147653,1.3662817917498337e-06
[16],1,"lr=1e-05, wd=0.0",90,layer4_lr1e-05_hd128_wd0.01_cosine,"lr1e-05,wd0.01",-4.1525782136080105,4.706548056582977e-07
[16],1,"lr=1e-05, wd=0.0",90,layer4_lr3e-05_hd128_wd0.0_cosine,"lr3e-05,wd0.0",-4.067619932184387,1.309754907052072e-06
[16],1,"lr=1e-05, wd=0.0",90,layer4_lr3e-05_hd128_wd0.01_cosine,"lr3e-05,wd0.01",-4.163979962127696,5.845353001712903e-07
[16],1,"lr=1e-05, wd=0.0",90,layer4_lr0.0001_hd128_wd0.0_cosine,"lr0.0001,wd0.0",-3.531746486560709,3.3712514869623546e-06
[16],1,"lr=1e-05, wd=0.0",90,layer4_lr0.0001_hd128_wd0.01_cosine,"lr0.0001,wd0.01",-4.181829177896856,8.000220643839297e-07
[16],1,"lr=1e-05, wd=0.0",90,layer4_lr0.0003_hd128_wd0.0_cosine,"lr0.0003,wd0.0",-3.509949440179866,1.808992780806876e-05
[16],1,"lr=1e-05, wd=0.0",90,layer4_lr0.0003_hd128_wd0.01_cosine,"lr0.0003,wd0.01",-4.152153651441753,2.3599689355473086e-06
[16],1,"lr=1e-05, wd=0.0",90,layer4_lr0.001_hd128_wd0.0_cosine,"lr0.001,wd0.0",-3.270034047248531,7.564227214838688e-05
[16],1,"lr=1e-05, wd=0.0",90,layer4_lr0.001_hd128_wd0.01_cosine,"lr0.001,wd0.01",-3.8683670490422557,2.947445051436249e-06
[16],1,"lr=1e-05, wd=0.0",90,layer4_lr0.003_hd128_wd0.0_cosine,"lr0.003,wd0.0",-3.305591462170474,5.089229987584307e-05
[16],1,"lr=1e-05, wd=0.0",90,layer4_lr0.003_hd128_wd0.01_cosine,"lr0.003,wd0.01",-3.6137263207989916,1.4905715193622544e-05
[16],2,"lr=1e-05, wd=0.01",0,layer4_lr1e-05_hd128_wd0.0_cosine,"lr1e-05,wd0.0",-0.7828613511681198,0.009961949296085399
[16],2,"lr=1e-05, wd=0.01",0,layer4_lr1e-05_hd128_wd0.01_cosine,"lr1e-05,wd0.01",-0.964047632454512,0.007659703121718778
[16],2,"lr=1e-05, wd=0.01",0,layer4_lr3e-05_hd128_wd0.0_cosine,"lr3e-05,wd0.0",-0.3798760183997993,0.014869981968941298
[16],2,"lr=1e-05, wd=0.01",0,layer4_lr3e-05_hd128_wd0.01_cosine,"lr3e-05,wd0.01",-0.6995578181200259,0.010742925352272467
[16],2,"lr=1e-05, wd=0.01",0,layer4_lr0.0001_hd128_wd0.0_cosine,"lr0.0001,wd0.0",-0.28950420634126345,0.01616536676276704
[16],2,"lr=1e-05, wd=0.01",0,layer4_lr0.0001_hd128_wd0.01_cosine,"lr0.0001,wd0.01",-0.5504328263511542,0.012813658190753523
[16],2,"lr=1e-05, wd=0.01",0,layer4_lr0.0003_hd128_wd0.0_cosine,"lr0.0003,wd0.0",-0.4379140507377343,0.014644260248063801
[16],2,"lr=1e-05, wd=0.01",0,layer4_lr0.0003_hd128_wd0.01_cosine,"lr0.0003,wd0.01",-0.608702687525362,0.012617762091000666
[16],2,"lr=1e-05, wd=0.01",0,layer4_lr0.001_hd128_wd0.0_cosine,"lr0.001,wd0.0",-0.5665093372953525,0.013618078588233589
[16],2,"lr=1e-05, wd=0.01",0,layer4_lr0.001_hd128_wd0.01_cosine,"lr0.001,wd0.01",-0.7945266581161401,0.010365590886342903
[16],2,"lr=1e-05, wd=0.01",0,layer4_lr0.003_hd128_wd0.0_cosine,"lr0.003,wd0.0",-0.691008726050477,0.012114121038098592
[16],2,"lr=1e-05, wd=0.01",0,layer4_lr0.003_hd128_wd0.01_cosine,"lr0.003,wd0.01",-0.9495874291160764,0.0074081677361835735
[16],2,"lr=1e-05, wd=0.01",5,layer4_lr1e-05_hd128_wd0.0_cosine,"lr1e-05,wd0.0",-1.721869582839064,0.0009253990088458229
[16],2,"lr=1e-05, wd=0.01",5,layer4_lr1e-05_hd128_wd0.01_cosine,"lr1e-05,wd0.01",-1.7554778155081447,0.00028679700562259715
[16],2,"lr=1e-05, wd=0.01",5,layer4_lr3e-05_hd128_wd0.0_cosine,"lr3e-05,wd0.0",-1.7053262770935362,8.412391329463928e-05
[16],2,"lr=1e-05, wd=0.01",5,layer4_lr3e-05_hd128_wd0.01_cosine,"lr3e-05,wd0.01",-1.7684696507481799,2.4791291596101862e-05
[16],2,"lr=1e-05, wd=0.01",5,layer4_lr0.0001_hd128_wd0.0_cosine,"lr0.0001,wd0.0",-1.6391120120239218,0.00023998780669677377
[16],2,"lr=1e-05, wd=0.01",5,layer4_lr0.0001_hd128_wd0.01_cosine,"lr0.0001,wd0.01",-1.7144130670128392,4.467786404739136e-06
[16],2,"lr=1e-05, wd=0.01",5,layer4_lr0.0003_hd128_wd0.0_cosine,"lr0.0003,wd0.0",-1.555111174089164,0.0017955901483588993
[16],2,"lr=1e-05, wd=0.01",5,layer4_lr0.0003_hd128_wd0.01_cosine,"lr0.0003,wd0.01",-1.7325322604582825,1.5665433557722943e-05
[16],2,"lr=1e-05, wd=0.01",5,layer4_lr0.001_hd128_wd0.0_cosine,"lr0.001,wd0.0",-1.5011742731680073,0.002491675526668622
[16],2,"lr=1e-05, wd=0.01",5,layer4_lr0.001_hd128_wd0.01_cosine,"lr0.001,wd0.01",-1.3076116930806228,0.0006717613634772808
[16],2,"lr=1e-05, wd=0.01",5,layer4_lr0.003_hd128_wd0.0_cosine,"lr0.003,wd0.0",-1.2887222042591562,0.003326008236766788
[16],2,"lr=1e-05, wd=0.01",5,layer4_lr0.003_hd128_wd0.01_cosine,"lr0.003,wd0.01",-1.9724140106288799,0.000466705577116973
[16],2,"lr=1e-05, wd=0.01",10,layer4_lr1e-05_hd128_wd0.0_cosine,"lr1e-05,wd0.0",-2.13088550491652,0.00036196865437335504
[16],2,"lr=1e-05, wd=0.01",10,layer4_lr1e-05_hd128_wd0.01_cosine,"lr1e-05,wd0.01",-2.1966391617571372,0.00030026939442602936
[16],2,"lr=1e-05, wd=0.01",10,layer4_lr3e-05_hd128_wd0.0_cosine,"lr3e-05,wd0.0",-2.176870485581518,3.812048427735848e-05
[16],2,"lr=1e-05, wd=0.01",10,layer4_lr3e-05_hd128_wd0.01_cosine,"lr3e-05,wd0.01",-2.25360590647097,1.5306513067176176e-05
[16],2,"lr=1e-05, wd=0.01",10,layer4_lr0.0001_hd128_wd0.0_cosine,"lr0.0001,wd0.0",-2.0015163137023966,0.0006227892722271466
[16],2,"lr=1e-05, wd=0.01",10,layer4_lr0.0001_hd128_wd0.01_cosine,"lr0.0001,wd0.01",-2.2063126799845914,5.1024439188792564e-05
[16],2,"lr=1e-05, wd=0.01",10,layer4_lr0.0003_hd128_wd0.0_cosine,"lr0.0003,wd0.0",-1.8291850744814944,0.002320246817877353
[16],2,"lr=1e-05, wd=0.01",10,layer4_lr0.0003_hd128_wd0.01_cosine,"lr0.0003,wd0.01",-2.0875895601825043,5.969742979343184e-05
[16],2,"lr=1e-05, wd=0.01",10,layer4_lr0.001_hd128_wd0.0_cosine,"lr0.001,wd0.0",-1.8603164450580156,0.0019123734216065652
[16],2,"lr=1e-05, wd=0.01",10,layer4_lr0.001_hd128_wd0.01_cosine,"lr0.001,wd0.01",-1.8798077980000065,3.681125148758692e-05
[16],2,"lr=1e-05, wd=0.01",10,layer4_lr0.003_hd128_wd0.0_cosine,"lr0.003,wd0.0",-1.9712797599389817,0.000706318945457
[16],2,"lr=1e-05, wd=0.01",10,layer4_lr0.003_hd128_wd0.01_cosine,"lr0.003,wd0.01",-1.6646713180925818,9.690223420845111e-05
[16],2,"lr=1e-05, wd=0.01",20,layer4_lr1e-05_hd128_wd0.0_cosine,"lr1e-05,wd0.0",-2.214124999368446,1.9366698048141226e-05
[16],2,"lr=1e-05, wd=0.01",20,layer4_lr1e-05_hd128_wd0.01_cosine,"lr1e-05,wd0.01",-2.2322136050508967,5.481489276331883e-05
[16],2,"lr=1e-05, wd=0.01",20,layer4_lr3e-05_hd128_wd0.0_cosine,"lr3e-05,wd0.0",-2.509531570957574,1.1344913746898607e-05
[16],2,"lr=1e-05, wd=0.01",20,layer4_lr3e-05_hd128_wd0.01_cosine,"lr3e-05,wd0.01",-2.625096439860962,1.6035238649008578e-06
[16],2,"lr=1e-05, wd=0.01",20,layer4_lr0.0001_hd128_wd0.0_cosine,"lr0.0001,wd0.0",-2.314100181298541,0.0007149254804860931
[16],2,"lr=1e-05, wd=0.01",20,layer4_lr0.0001_hd128_wd0.01_cosine,"lr0.0001,wd0.01",-2.527784242311393,4.5040655001776575e-05
[16],2,"lr=1e-05, wd=0.01",20,layer4_lr0.0003_hd128_wd0.0_cosine,"lr0.0003,wd0.0",-2.139190983397706,0.0014640141989270689
[16],2,"lr=1e-05, wd=0.01",20,layer4_lr0.0003_hd128_wd0.01_cosine,"lr0.0003,wd0.01",-2.194963195401558,3.846028972033042e-05
[16],2,"lr=1e-05, wd=0.01",20,layer4_lr0.001_hd128_wd0.0_cosine,"lr0.001,wd0.0",-2.2168490878504072,0.0012634449159646215
[16],2,"lr=1e-05, wd=0.01",20,layer4_lr0.001_hd128_wd0.01_cosine,"lr0.001,wd0.01",-1.9783099151844603,7.251194632437532e-05
[16],2,"lr=1e-05, wd=0.01",20,layer4_lr0.003_hd128_wd0.0_cosine,"lr0.003,wd0.0",-2.1579599143716566,0.0007111686285277835
[16],2,"lr=1e-05, wd=0.01",20,layer4_lr0.003_hd128_wd0.01_cosine,"lr0.003,wd0.01",-2.2471087493984863,0.00025656704815084586
[16],2,"lr=1e-05, wd=0.01",50,layer4_lr1e-05_hd128_wd0.0_cosine,"lr1e-05,wd0.0",-3.23081561137825,1.4390407210124013e-06
[16],2,"lr=1e-05, wd=0.01",50,layer4_lr1e-05_hd128_wd0.01_cosine,"lr1e-05,wd0.01",-3.274535698194992,7.673335272411089e-07
[16],2,"lr=1e-05, wd=0.01",50,layer4_lr3e-05_hd128_wd0.0_cosine,"lr3e-05,wd0.0",-3.3135629862870046,8.612691602775911e-06
[16],2,"lr=1e-05, wd=0.01",50,layer4_lr3e-05_hd128_wd0.01_cosine,"lr3e-05,wd0.01",-3.622072165025113,2.0869547354669382e-06
[16],2,"lr=1e-05, wd=0.01",50,layer4_lr0.0001_hd128_wd0.0_cosine,"lr0.0001,wd0.0",-2.627989389082731,9.143487040350661e-05
[16],2,"lr=1e-05, wd=0.01",50,layer4_lr0.0001_hd128_wd0.01_cosine,"lr0.0001,wd0.01",-3.966987193761996,8.918669538116196e-07
[16],2,"lr=1e-05, wd=0.01",50,layer4_lr0.0003_hd128_wd0.0_cosine,"lr0.0003,wd0.0",-2.333607630155318,0.00017926339033438283
[16],2,"lr=1e-05, wd=0.01",50,layer4_lr0.0003_hd128_wd0.01_cosine,"lr0.0003,wd0.01",-3.596827310301168,1.1161323538553779e-06
[16],2,"lr=1e-05, wd=0.01",50,layer4_lr0.001_hd128_wd0.0_cosine,"lr0.001,wd0.0",-2.1772113769049364,7.409310003326945e-05
[16],2,"lr=1e-05, wd=0.01",50,layer4_lr0.001_hd128_wd0.01_cosine,"lr0.001,wd0.01",-3.028596342249228,0.00010128461665500324
[16],2,"lr=1e-05, wd=0.01",50,layer4_lr0.003_hd128_wd0.0_cosine,"lr0.003,wd0.0",-3.101711243715726,0.00018877546843328527
[16],2,"lr=1e-05, wd=0.01",50,layer4_lr0.003_hd128_wd0.01_cosine,"lr0.003,wd0.01",-2.89639357790206,0.00025583396911861534
[16],2,"lr=1e-05, wd=0.01",90,layer4_lr1e-05_hd128_wd0.0_cosine,"lr1e-05,wd0.0",-4.095905308094909,1.6551330468111898e-06
[16],2,"lr=1e-05, wd=0.01",90,layer4_lr1e-05_hd128_wd0.01_cosine,"lr1e-05,wd0.01",-4.152833866874134,4.482159339311153e-07
[16],2,"lr=1e-05, wd=0.01",90,layer4_lr3e-05_hd128_wd0.0_cosine,"lr3e-05,wd0.0",-4.068547359343463,1.409152785910389e-06
[16],2,"lr=1e-05, wd=0.01",90,layer4_lr3e-05_hd128_wd0.01_cosine,"lr3e-05,wd0.01",-4.165108422580387,5.866792710827647e-07
[16],2,"lr=1e-05, wd=0.01",90,layer4_lr0.0001_hd128_wd0.0_cosine,"lr0.0001,wd0.0",-3.524116079258734,3.2521896592080832e-06
[16],2,"lr=1e-05, wd=0.01",90,layer4_lr0.0001_hd128_wd0.01_cosine,"lr0.0001,wd0.01",-4.183075299984692,7.455091257405905e-07
[16],2,"lr=1e-05, wd=0.01",90,layer4_lr0.0003_hd128_wd0.0_cosine,"lr0.0003,wd0.0",-3.5036387990263296,1.6641100307879684e-05
[16],2,"lr=1e-05, wd=0.01",90,layer4_lr0.0003_hd128_wd0.01_cosine,"lr0.0003,wd0.01",-4.147860793174906,2.4688996303242357e-06
[16],2,"lr=1e-05, wd=0.01",90,layer4_lr0.001_hd128_wd0.0_cosine,"lr0.001,wd0.0",-3.283715611391072,7.151299967545457e-05
[16],2,"lr=1e-05, wd=0.01",90,layer4_lr0.001_hd128_wd0.01_cosine,"lr0.001,wd0.01",-3.849860850523209,2.8957422270123595e-06
[16],2,"lr=1e-05, wd=0.01",90,layer4_lr0.003_hd128_wd0.0_cosine,"lr0.003,wd0.0",-3.3135896117694106,4.870580476842259e-05
[16],2,"lr=1e-05, wd=0.01",90,layer4_lr0.003_hd128_wd0.01_cosine,"lr0.003,wd0.01",-3.5966068376737326,1.4761222836881095e-05
[16],3,"lr=3e-05, wd=0.0",0,layer4_lr1e-05_hd128_wd0.0_cosine,"lr1e-05,wd0.0",-1.32188005549963,0.002468213128848705
[16],3,"lr=3e-05, wd=0.0",0,layer4_lr1e-05_hd128_wd0.01_cosine,"lr1e-05,wd0.01",-1.3537459665433547,0.001352391116178886
[16],3,"lr=3e-05, wd=0.0",0,layer4_lr3e-05_hd128_wd0.0_cosine,"lr3e-05,wd0.0",-1.1608408718074552,0.005199975423537976
[16],3,"lr=3e-05, wd=0.0",0,layer4_lr3e-05_hd128_wd0.01_cosine,"lr3e-05,wd0.01",-1.2876408163216315,0.002870842764517589
[16],3,"lr=3e-05, wd=0.0",0,layer4_lr0.0001_hd128_wd0.0_cosine,"lr0.0001,wd0.0",-1.0925700981043842,0.005974342116923856
[16],3,"lr=3e-05, wd=0.0",0,layer4_lr0.0001_hd128_wd0.01_cosine,"lr0.0001,wd0.01",-1.2244169175022879,0.004054886823039906
[16],3,"lr=3e-05, wd=0.0",0,layer4_lr0.0003_hd128_wd0.0_cosine,"lr0.0003,wd0.0",-1.1264692551256728,0.005263648629626509
[16],3,"lr=3e-05, wd=0.0",0,layer4_lr0.0003_hd128_wd0.01_cosine,"lr0.0003,wd0.01",-1.2246253516419505,0.004061284286937976
[16],3,"lr=3e-05, wd=0.0",0,layer4_lr0.001_hd128_wd0.0_cosine,"lr0.001,wd0.0",-1.1367078835392725,0.0048514525161223385
[16],3,"lr=3e-05, wd=0.0",0,layer4_lr0.001_hd128_wd0.01_cosine,"lr0.001,wd0.01",-1.266636786259229,0.0030050731764990233
[16],3,"lr=3e-05, wd=0.0",0,layer4_lr0.003_hd128_wd0.0_cosine,"lr0.003,wd0.0",-1.1499974894516027,0.004055184486101397
[16],3,"lr=3e-05, wd=0.0",0,layer4_lr0.003_hd128_wd0.01_cosine,"lr0.003,wd0.01",-1.280272868904161,0.0017344057640999821
[16],3,"lr=3e-05, wd=0.0",5,layer4_lr1e-05_hd128_wd0.0_cosine,"lr1e-05,wd0.0",-2.041841603257392,0.00045577563302188063
[16],3,"lr=3e-05, wd=0.0",5,layer4_lr1e-05_hd128_wd0.01_cosine,"lr1e-05,wd0.01",-2.189580878443228,9.132328095433404e-05
[16],3,"lr=3e-05, wd=0.0",5,layer4_lr3e-05_hd128_wd0.0_cosine,"lr3e-05,wd0.0",-2.074443653761721,0.00013529901801151404
[16],3,"lr=3e-05, wd=0.0",5,layer4_lr3e-05_hd128_wd0.01_cosine,"lr3e-05,wd0.01",-2.1795524812207296,3.3098516567658204e-05
[16],3,"lr=3e-05, wd=0.0",5,layer4_lr0.0001_hd128_wd0.0_cosine,"lr0.0001,wd0.0",-1.931380762239138,0.00014425996385587035
[16],3,"lr=3e-05, wd=0.0",5,layer4_lr0.0001_hd128_wd0.01_cosine,"lr0.0001,wd0.01",-2.051559510279787,5.0910609138139566e-06
[16],3,"lr=3e-05, wd=0.0",5,layer4_lr0.0003_hd128_wd0.0_cosine,"lr0.0003,wd0.0",-1.7462365505059103,0.0014691489976363845
[16],3,"lr=3e-05, wd=0.0",5,layer4_lr0.0003_hd128_wd0.01_cosine,"lr0.0003,wd0.01",-1.9373414640279227,1.9459005061074753e-05
[16],3,"lr=3e-05, wd=0.0",5,layer4_lr0.001_hd128_wd0.0_cosine,"lr0.001,wd0.0",-1.551662947514989,0.0024682825760761282
[16],3,"lr=3e-05, wd=0.0",5,layer4_lr0.001_hd128_wd0.01_cosine,"lr0.001,wd0.01",-1.359705198160928,0.0013052720200900148
[16],3,"lr=3e-05, wd=0.0",5,layer4_lr0.003_hd128_wd0.0_cosine,"lr0.003,wd0.0",-1.3904954466304744,0.002928818735339458
[16],3,"lr=3e-05, wd=0.0",5,layer4_lr0.003_hd128_wd0.01_cosine,"lr0.003,wd0.01",-1.7313393133802397,0.0002809241923680888
[16],3,"lr=3e-05, wd=0.0",10,layer4_lr1e-05_hd128_wd0.0_cosine,"lr1e-05,wd0.0",-2.310123478411044,0.0002498494108865209
[16],3,"lr=3e-05, wd=0.0",10,layer4_lr1e-05_hd128_wd0.01_cosine,"lr1e-05,wd0.01",-2.408044508733603,0.00017576979960219112
[16],3,"lr=3e-05, wd=0.0",10,layer4_lr3e-05_hd128_wd0.0_cosine,"lr3e-05,wd0.0",-2.5950590788265555,5.456987176825171e-05
[16],3,"lr=3e-05, wd=0.0",10,layer4_lr3e-05_hd128_wd0.01_cosine,"lr3e-05,wd0.01",-2.689807535355282,1.472313943120671e-05
[16],3,"lr=3e-05, wd=0.0",10,layer4_lr0.0001_hd128_wd0.0_cosine,"lr0.0001,wd0.0",-2.383120519216187,0.0003881496492046931
[16],3,"lr=3e-05, wd=0.0",10,layer4_lr0.0001_hd128_wd0.01_cosine,"lr0.0001,wd0.01",-2.6490399185107028,3.6193640920507256e-05
[16],3,"lr=3e-05, wd=0.0",10,layer4_lr0.0003_hd128_wd0.0_cosine,"lr0.0003,wd0.0",-2.046391360198232,0.0018439102455252011
[16],3,"lr=3e-05, wd=0.0",10,layer4_lr0.0003_hd128_wd0.01_cosine,"lr0.0003,wd0.01",-2.341631324342812,6.198676750207227e-05
[16],3,"lr=3e-05, wd=0.0",10,layer4_lr0.001_hd128_wd0.0_cosine,"lr0.001,wd0.0",-2.0005247938699005,0.0017295048503587266
[16],3,"lr=3e-05, wd=0.0",10,layer4_lr0.001_hd128_wd0.01_cosine,"lr0.001,wd0.01",-2.0728458141468398,3.7182876394834725e-05
[16],3,"lr=3e-05, wd=0.0",10,layer4_lr0.003_hd128_wd0.0_cosine,"lr0.003,wd0.0",-2.105744165814448,0.0007604950734453395
[16],3,"lr=3e-05, wd=0.0",10,layer4_lr0.003_hd128_wd0.01_cosine,"lr0.003,wd0.01",-1.704816241790521,0.00025006405342509327
[16],3,"lr=3e-05, wd=0.0",20,layer4_lr1e-05_hd128_wd0.0_cosine,"lr1e-05,wd0.0",-2.8267063277899207,3.4086872473184853e-06
[16],3,"lr=3e-05, wd=0.0",20,layer4_lr1e-05_hd128_wd0.01_cosine,"lr1e-05,wd0.01",-2.914728057629932,5.307787362127662e-06
[16],3,"lr=3e-05, wd=0.0",20,layer4_lr3e-05_hd128_wd0.0_cosine,"lr3e-05,wd0.0",-2.922224370326494,1.461102924478424e-05
[16],3,"lr=3e-05, wd=0.0",20,layer4_lr3e-05_hd128_wd0.01_cosine,"lr3e-05,wd0.01",-3.046998491584552,2.38876290291257e-06
[16],3,"lr=3e-05, wd=0.0",20,layer4_lr0.0001_hd128_wd0.0_cosine,"lr0.0001,wd0.0",-2.6124629840131357,0.0005536208832756728
[16],3,"lr=3e-05, wd=0.0",20,layer4_lr0.0001_hd128_wd0.01_cosine,"lr0.0001,wd0.01",-2.956501838266128,3.564401377207851e-05
[16],3,"lr=3e-05, wd=0.0",20,layer4_lr0.0003_hd128_wd0.0_cosine,"lr0.0003,wd0.0",-2.119514517592909,0.0014139277615628834
[16],3,"lr=3e-05, wd=0.0",20,layer4_lr0.0003_hd128_wd0.01_cosine,"lr0.0003,wd0.01",-2.524531250834821,3.6668584523953676e-05
[16],3,"lr=3e-05, wd=0.0",20,layer4_lr0.001_hd128_wd0.0_cosine,"lr0.001,wd0.0",-2.2312412357714044,0.0012935284516433305
[16],3,"lr=3e-05, wd=0.0",20,layer4_lr0.001_hd128_wd0.01_cosine,"lr0.001,wd0.01",-2.1743424309507224,7.915103375444112e-05
[16],3,"lr=3e-05, wd=0.0",20,layer4_lr0.003_hd128_wd0.0_cosine,"lr0.003,wd0.0",-2.3475499467989906,0.0007875562120644166
[16],3,"lr=3e-05, wd=0.0",20,layer4_lr0.003_hd128_wd0.01_cosine,"lr0.003,wd0.01",-2.5040645681622777,0.00016042401946904654
[16],3,"lr=3e-05, wd=0.0",50,layer4_lr1e-05_hd128_wd0.0_cosine,"lr1e-05,wd0.0",-3.8675326133870835,2.049826029260646e-06
[16],3,"lr=3e-05, wd=0.0",50,layer4_lr1e-05_hd128_wd0.01_cosine,"lr1e-05,wd0.01",-3.9578509800024126,1.1290612833386886e-06
[16],3,"lr=3e-05, wd=0.0",50,layer4_lr3e-05_hd128_wd0.0_cosine,"lr3e-05,wd0.0",-3.660084356271678,6.540507948987681e-06
[16],3,"lr=3e-05, wd=0.0",50,layer4_lr3e-05_hd128_wd0.01_cosine,"lr3e-05,wd0.01",-3.9942723274239227,2.4014400887735682e-06
[16],3,"lr=3e-05, wd=0.0",50,layer4_lr0.0001_hd128_wd0.0_cosine,"lr0.0001,wd0.0",-2.6329404811963597,9.621132175517767e-05
[16],3,"lr=3e-05, wd=0.0",50,layer4_lr0.0001_hd128_wd0.01_cosine,"lr0.0001,wd0.01",-4.055174213440986,1.228877355499204e-06
[16],3,"lr=3e-05, wd=0.0",50,layer4_lr0.0003_hd128_wd0.0_cosine,"lr0.0003,wd0.0",-2.2427923840600155,0.00018680391025849017
[16],3,"lr=3e-05, wd=0.0",50,layer4_lr0.0003_hd128_wd0.01_cosine,"lr0.0003,wd0.01",-3.9857859691978024,9.360135669055555e-07
[16],3,"lr=3e-05, wd=0.0",50,layer4_lr0.001_hd128_wd0.0_cosine,"lr0.001,wd0.0",-2.103832746849688,0.00010934505290686422
[16],3,"lr=3e-05, wd=0.0",50,layer4_lr0.001_hd128_wd0.01_cosine,"lr0.001,wd0.01",-3.263598470145451,9.158038002590473e-05
[16],3,"lr=3e-05, wd=0.0",50,layer4_lr0.003_hd128_wd0.0_cosine,"lr0.003,wd0.0",-2.8952605317490825,0.00020967974864577772
[16],3,"lr=3e-05, wd=0.0",50,layer4_lr0.003_hd128_wd0.01_cosine,"lr0.003,wd0.01",-2.976785851458197,0.00024956026726945745
[16],3,"lr=3e-05, wd=0.0",90,layer4_lr1e-05_hd128_wd0.0_cosine,"lr1e-05,wd0.0",-4.139055547024875,1.6415982002810842e-06
[16],3,"lr=3e-05, wd=0.0",90,layer4_lr1e-05_hd128_wd0.01_cosine,"lr1e-05,wd0.01",-4.196834092724695,3.7766055795734694e-07
[16],3,"lr=3e-05, wd=0.0",90,layer4_lr3e-05_hd128_wd0.0_cosine,"lr3e-05,wd0.0",-4.074125187369469,1.1306682557324952e-06
[16],3,"lr=3e-05, wd=0.0",90,layer4_lr3e-05_hd128_wd0.01_cosine,"lr3e-05,wd0.01",-4.165063862445805,4.4833178099359854e-07
[16],3,"lr=3e-05, wd=0.0",90,layer4_lr0.0001_hd128_wd0.0_cosine,"lr0.0001,wd0.0",-3.4910437479600818,3.975880061204255e-06
[16],3,"lr=3e-05, wd=0.0",90,layer4_lr0.0001_hd128_wd0.01_cosine,"lr0.0001,wd0.01",-4.1837272831142425,5.461518388566058e-07
[16],3,"lr=3e-05, wd=0.0",90,layer4_lr0.0003_hd128_wd0.0_cosine,"lr0.0003,wd0.0",-3.5240899638724255,2.368531909450972e-05
[16],3,"lr=3e-05, wd=0.0",90,layer4_lr0.0003_hd128_wd0.01_cosine,"lr0.0003,wd0.01",-4.144843545757118,3.888353558126429e-06
[16],3,"lr=3e-05, wd=0.0",90,layer4_lr0.001_hd128_wd0.0_cosine,"lr0.001,wd0.0",-3.2350868392527463,8.492459912810467e-05
[16],3,"lr=3e-05, wd=0.0",90,layer4_lr0.001_hd128_wd0.01_cosine,"lr0.001,wd0.01",-3.979967783591711,5.831332384806737e-06
[16],3,"lr=3e-05, wd=0.0",90,layer4_lr0.003_hd128_wd0.0_cosine,"lr0.003,wd0.0",-3.266067027620142,5.6559152653652684e-05
[16],3,"lr=3e-05, wd=0.0",90,layer4_lr0.003_hd128_wd0.01_cosine,"lr0.003,wd0.01",-3.5956207206374438,4.133729391212573e-05
[16],4,"lr=3e-05, wd=0.01",0,layer4_lr1e-05_hd128_wd0.0_cosine,"lr1e-05,wd0.0",-1.1285548238630516,0.003749719111724055
[16],4,"lr=3e-05, wd=0.01",0,layer4_lr1e-05_hd128_wd0.01_cosine,"lr1e-05,wd0.01",-1.173608277215767,0.002296721226475293
[16],4,"lr=3e-05, wd=0.01",0,layer4_lr3e-05_hd128_wd0.0_cosine,"lr3e-05,wd0.0",-0.9991323781075385,0.006967943677480425
[16],4,"lr=3e-05, wd=0.01",0,layer4_lr3e-05_hd128_wd0.01_cosine,"lr3e-05,wd0.01",-1.1100026435820052,0.004140688224946594
[16],4,"lr=3e-05, wd=0.01",0,layer4_lr0.0001_hd128_wd0.0_cosine,"lr0.0001,wd0.0",-0.9543664029853723,0.007706127455357718
[16],4,"lr=3e-05, wd=0.01",0,layer4_lr0.0001_hd128_wd0.01_cosine,"lr0.0001,wd0.01",-1.0527511092300457,0.005497009373192723
[16],4,"lr=3e-05, wd=0.01",0,layer4_lr0.0003_hd128_wd0.0_cosine,"lr0.0003,wd0.0",-0.9856744835111597,0.006643147028807205
[16],4,"lr=3e-05, wd=0.01",0,layer4_lr0.0003_hd128_wd0.01_cosine,"lr0.0003,wd0.01",-1.0477200882701148,0.005436266041731679
[16],4,"lr=3e-05, wd=0.01",0,layer4_lr0.001_hd128_wd0.0_cosine,"lr0.001,wd0.0",-0.9906748091948775,0.006027558482565801
[16],4,"lr=3e-05, wd=0.01",0,layer4_lr0.001_hd128_wd0.01_cosine,"lr0.001,wd0.01",-1.0750352906752292,0.004094491132598961
[16],4,"lr=3e-05, wd=0.01",0,layer4_lr0.003_hd128_wd0.0_cosine,"lr0.003,wd0.0",-0.9944233761134187,0.005084484869045785
[16],4,"lr=3e-05, wd=0.01",0,layer4_lr0.003_hd128_wd0.01_cosine,"lr0.003,wd0.01",-1.0884028178444014,0.0024474521877978265
[16],4,"lr=3e-05, wd=0.01",5,layer4_lr1e-05_hd128_wd0.0_cosine,"lr1e-05,wd0.0",-1.9565613738363223,0.000760156828303501
[16],4,"lr=3e-05, wd=0.01",5,layer4_lr1e-05_hd128_wd0.01_cosine,"lr1e-05,wd0.01",-2.0873896077725442,0.0002498902341190643
[16],4,"lr=3e-05, wd=0.01",5,layer4_lr3e-05_hd128_wd0.0_cosine,"lr3e-05,wd0.0",-1.9496864648168502,0.00012361101782173094
[16],4,"lr=3e-05, wd=0.01",5,layer4_lr3e-05_hd128_wd0.01_cosine,"lr3e-05,wd0.01",-2.070599713523301,3.094482592403067e-05
[16],4,"lr=3e-05, wd=0.01",5,layer4_lr0.0001_hd128_wd0.0_cosine,"lr0.0001,wd0.0",-1.8181166450646142,0.00017739394888379616
[16],4,"lr=3e-05, wd=0.01",5,layer4_lr0.0001_hd128_wd0.01_cosine,"lr0.0001,wd0.01",-1.955209001883193,4.414991062316171e-06
[16],4,"lr=3e-05, wd=0.01",5,layer4_lr0.0003_hd128_wd0.0_cosine,"lr0.0003,wd0.0",-1.6578291051517933,0.001563456549618536
[16],4,"lr=3e-05, wd=0.01",5,layer4_lr0.0003_hd128_wd0.01_cosine,"lr0.0003,wd0.01",-1.8560208364924742,1.8670122584958158e-05
[16],4,"lr=3e-05, wd=0.01",5,layer4_lr0.001_hd128_wd0.0_cosine,"lr0.001,wd0.0",-1.5002773786715462,0.0024351923689637915
[16],4,"lr=3e-05, wd=0.01",5,layer4_lr0.001_hd128_wd0.01_cosine,"lr0.001,wd0.01",-1.3294034957716847,0.0010757890009059756
[16],4,"lr=3e-05, wd=0.01",5,layer4_lr0.003_hd128_wd0.0_cosine,"lr0.003,wd0.0",-1.3405878337648431,0.00290961588757618
[16],4,"lr=3e-05, wd=0.01",5,layer4_lr0.003_hd128_wd0.01_cosine,"lr0.003,wd0.01",-1.780338260250001,0.00032348815015680624
[16],4,"lr=3e-05, wd=0.01",10,layer4_lr1e-05_hd128_wd0.0_cosine,"lr1e-05,wd0.0",-2.237060171402937,0.0002780148839918385
[16],4,"lr=3e-05, wd=0.01",10,layer4_lr1e-05_hd128_wd0.01_cosine,"lr1e-05,wd0.01",-2.3455581819594062,0.0001988637948705474
[16],4,"lr=3e-05, wd=0.01",10,layer4_lr3e-05_hd128_wd0.0_cosine,"lr3e-05,wd0.0",-2.463530529296424,4.042547318076519e-05
[16],4,"lr=3e-05, wd=0.01",10,layer4_lr3e-05_hd128_wd0.01_cosine,"lr3e-05,wd0.01",-2.5610284238685748,2.3765433974270653e-05
[16],4,"lr=3e-05, wd=0.01",10,layer4_lr0.0001_hd128_wd0.0_cosine,"lr0.0001,wd0.0",-2.2466644681007333,0.00047164372331240677
[16],4,"lr=3e-05, wd=0.01",10,layer4_lr0.0001_hd128_wd0.01_cosine,"lr0.0001,wd0.01",-2.5216075935828854,4.663442520881803e-05
[16],4,"lr=3e-05, wd=0.01",10,layer4_lr0.0003_hd128_wd0.0_cosine,"lr0.0003,wd0.0",-1.971655408049304,0.0019953518255668317
[16],4,"lr=3e-05, wd=0.01",10,layer4_lr0.0003_hd128_wd0.01_cosine,"lr0.0003,wd0.01",-2.2571522118839504,6.453293766448628e-05
[16],4,"lr=3e-05, wd=0.01",10,layer4_lr0.001_hd128_wd0.0_cosine,"lr0.001,wd0.0",-1.9288474689819903,0.001827127210188967
[16],4,"lr=3e-05, wd=0.01",10,layer4_lr0.001_hd128_wd0.01_cosine,"lr0.001,wd0.01",-1.9917514134515195,3.905209985468211e-05
[16],4,"lr=3e-05, wd=0.01",10,layer4_lr0.003_hd128_wd0.0_cosine,"lr0.003,wd0.0",-2.0264449770121513,0.0007960082973865096
[16],4,"lr=3e-05, wd=0.01",10,layer4_lr0.003_hd128_wd0.01_cosine,"lr0.003,wd0.01",-1.672417793025918,0.00020166261069157575
[16],4,"lr=3e-05, wd=0.01",20,layer4_lr1e-05_hd128_wd0.0_cosine,"lr1e-05,wd0.0",-2.6712796926091564,3.436477034662538e-07
[16],4,"lr=3e-05, wd=0.01",20,layer4_lr1e-05_hd128_wd0.01_cosine,"lr1e-05,wd0.01",-2.7643595454969225,1.4114501320251348e-05
[16],4,"lr=3e-05, wd=0.01",20,layer4_lr3e-05_hd128_wd0.0_cosine,"lr3e-05,wd0.0",-2.8318755492041072,2.001511871738456e-05
[16],4,"lr=3e-05, wd=0.01",20,layer4_lr3e-05_hd128_wd0.01_cosine,"lr3e-05,wd0.01",-2.9843039890086884,2.793968612981072e-06
[16],4,"lr=3e-05, wd=0.01",20,layer4_lr0.0001_hd128_wd0.0_cosine,"lr0.0001,wd0.0",-2.5531977840454947,0.0006060040550547425
[16],4,"lr=3e-05, wd=0.01",20,layer4_lr0.0001_hd128_wd0.01_cosine,"lr0.0001,wd0.01",-2.8951376478553312,4.452996614828275e-05
[16],4,"lr=3e-05, wd=0.01",20,layer4_lr0.0003_hd128_wd0.0_cosine,"lr0.0003,wd0.0",-2.141654265062787,0.0014622683402270586
[16],4,"lr=3e-05, wd=0.01",20,layer4_lr0.0003_hd128_wd0.01_cosine,"lr0.0003,wd0.01",-2.498526415533146,4.018839483947201e-05
[16],4,"lr=3e-05, wd=0.01",20,layer4_lr0.001_hd128_wd0.0_cosine,"lr0.001,wd0.0",-2.236085607774467,0.0013281424871704542
[16],4,"lr=3e-05, wd=0.01",20,layer4_lr0.001_hd128_wd0.01_cosine,"lr0.001,wd0.01",-2.1597031268099194,7.597647413261608e-05
[16],4,"lr=3e-05, wd=0.01",20,layer4_lr0.003_hd128_wd0.0_cosine,"lr0.003,wd0.0",-2.3125455394170347,0.0008045008553585127
[16],4,"lr=3e-05, wd=0.01",20,layer4_lr0.003_hd128_wd0.01_cosine,"lr0.003,wd0.01",-2.448378841528122,0.00016062429970909023
[16],4,"lr=3e-05, wd=0.01",50,layer4_lr1e-05_hd128_wd0.0_cosine,"lr1e-05,wd0.0",-3.8125581937608763,2.155426191512169e-06
[16],4,"lr=3e-05, wd=0.01",50,layer4_lr1e-05_hd128_wd0.01_cosine,"lr1e-05,wd0.01",-3.903121809231584,1.1995451781724854e-06
[16],4,"lr=3e-05, wd=0.01",50,layer4_lr3e-05_hd128_wd0.0_cosine,"lr3e-05,wd0.0",-3.6464076323047068,6.249851467335186e-06
[16],4,"lr=3e-05, wd=0.01",50,layer4_lr3e-05_hd128_wd0.01_cosine,"lr3e-05,wd0.01",-4.000236063746477,2.2449422476648878e-06
[16],4,"lr=3e-05, wd=0.01",50,layer4_lr0.0001_hd128_wd0.0_cosine,"lr0.0001,wd0.0",-2.5827345559582797,9.003244723127812e-05
[16],4,"lr=3e-05, wd=0.01",50,layer4_lr0.0001_hd128_wd0.01_cosine,"lr0.0001,wd0.01",-4.062265202161011,1.3088087713704736e-06
[16],4,"lr=3e-05, wd=0.01",50,layer4_lr0.0003_hd128_wd0.0_cosine,"lr0.0003,wd0.0",-2.233500163934678,0.0001719684005958178
[16],4,"lr=3e-05, wd=0.01",50,layer4_lr0.0003_hd128_wd0.01_cosine,"lr0.0003,wd0.01",-3.9934727233719434,9.587189726159783e-07
[16],4,"lr=3e-05, wd=0.01",50,layer4_lr0.001_hd128_wd0.0_cosine,"lr0.001,wd0.0",-2.101676877757883,9.160312753440586e-05
[16],4,"lr=3e-05, wd=0.01",50,layer4_lr0.001_hd128_wd0.01_cosine,"lr0.001,wd0.01",-3.2427317509553855,9.56698121663568e-05
[16],4,"lr=3e-05, wd=0.01",50,layer4_lr0.003_hd128_wd0.0_cosine,"lr0.003,wd0.0",-2.9380889029156028,0.00020197562740611688
[16],4,"lr=3e-05, wd=0.01",50,layer4_lr0.003_hd128_wd0.01_cosine,"lr0.003,wd0.01",-2.9580280647711032,0.00025876179341520185
[16],4,"lr=3e-05, wd=0.01",90,layer4_lr1e-05_hd128_wd0.0_cosine,"lr1e-05,wd0.0",-4.135308687698252,1.3311007111888509e-06
[16],4,"lr=3e-05, wd=0.01",90,layer4_lr1e-05_hd128_wd0.01_cosine,"lr1e-05,wd0.01",-4.1906104142808855,3.757241706905906e-07
[16],4,"lr=3e-05, wd=0.01",90,layer4_lr3e-05_hd128_wd0.0_cosine,"lr3e-05,wd0.0",-4.067145879647923,9.154821497479405e-07
[16],4,"lr=3e-05, wd=0.01",90,layer4_lr3e-05_hd128_wd0.01_cosine,"lr3e-05,wd0.01",-4.166120239177157,4.498764683330279e-07
[16],4,"lr=3e-05, wd=0.01",90,layer4_lr0.0001_hd128_wd0.0_cosine,"lr0.0001,wd0.0",-3.454068268225782,3.268909936556952e-06
[16],4,"lr=3e-05, wd=0.01",90,layer4_lr0.0001_hd128_wd0.01_cosine,"lr0.0001,wd0.01",-4.186583110375884,4.563882927450757e-07
[16],4,"lr=3e-05, wd=0.01",90,layer4_lr0.0003_hd128_wd0.0_cosine,"lr0.0003,wd0.0",-3.5089519376356018,2.308944098556701e-05
[16],4,"lr=3e-05, wd=0.01",90,layer4_lr0.0003_hd128_wd0.01_cosine,"lr0.0003,wd0.01",-4.1383564539297035,4.434769421268039e-06
[16],4,"lr=3e-05, wd=0.01",90,layer4_lr0.001_hd128_wd0.0_cosine,"lr0.001,wd0.0",-3.2340588816691063,8.277681583091001e-05
[16],4,"lr=3e-05, wd=0.01",90,layer4_lr0.001_hd128_wd0.01_cosine,"lr0.001,wd0.01",-3.97907958706569,6.2827115640171075e-06
[16],4,"lr=3e-05, wd=0.01",90,layer4_lr0.003_hd128_wd0.0_cosine,"lr0.003,wd0.0",-3.268897931743067,5.507450359334472e-05
[16],4,"lr=3e-05, wd=0.01",90,layer4_lr0.003_hd128_wd0.01_cosine,"lr0.003,wd0.01",-3.5797950722129683,4.429096003889366e-05
[16],5,"lr=1e-04, wd=0.0",0,layer4_lr1e-05_hd128_wd0.0_cosine,"lr1e-05,wd0.0",-1.0730213997338387,0.0006544330834483359
[16],5,"lr=1e-04, wd=0.0",0,layer4_lr1e-05_hd128_wd0.01_cosine,"lr1e-05,wd0.01",-1.059970114495719,0.0001660980376553036
[16],5,"lr=1e-04, wd=0.0",0,layer4_lr3e-05_hd128_wd0.0_cosine,"lr3e-05,wd0.0",-1.0613931252861453,0.002099365779217332
[16],5,"lr=1e-04, wd=0.0",0,layer4_lr3e-05_hd128_wd0.01_cosine,"lr3e-05,wd0.01",-1.077562141108689,0.000662299192539044
[16],5,"lr=1e-04, wd=0.0",0,layer4_lr0.0001_hd128_wd0.0_cosine,"lr0.0001,wd0.0",-1.0623756409866512,0.0024405640057684115
[16],5,"lr=1e-04, wd=0.0",0,layer4_lr0.0001_hd128_wd0.01_cosine,"lr0.0001,wd0.01",-1.078912095195235,0.0012728881805629047
[16],5,"lr=1e-04, wd=0.0",0,layer4_lr0.0003_hd128_wd0.0_cosine,"lr0.0003,wd0.0",-1.0763411105420242,0.0019289090472113754
[16],5,"lr=1e-04, wd=0.0",0,layer4_lr0.0003_hd128_wd0.01_cosine,"lr0.0003,wd0.01",-1.085598353275921,0.0012737033886833006
[16],5,"lr=1e-04, wd=0.0",0,layer4_lr0.001_hd128_wd0.0_cosine,"lr0.001,wd0.0",-1.0739287371774415,0.0017043636233807916
[16],5,"lr=1e-04, wd=0.0",0,layer4_lr0.001_hd128_wd0.01_cosine,"lr0.001,wd0.01",-1.0977340633429173,0.0007411238128732451
[16],5,"lr=1e-04, wd=0.0",0,layer4_lr0.003_hd128_wd0.0_cosine,"lr0.003,wd0.0",-1.0673802815270368,0.0012423146181869639
[16],5,"lr=1e-04, wd=0.0",0,layer4_lr0.003_hd128_wd0.01_cosine,"lr0.003,wd0.01",-1.090673156961956,0.0002804657606030251
[16],5,"lr=1e-04, wd=0.0",5,layer4_lr1e-05_hd128_wd0.0_cosine,"lr1e-05,wd0.0",-2.742769675984606,0.0002650005023473315
[16],5,"lr=1e-04, wd=0.0",5,layer4_lr1e-05_hd128_wd0.01_cosine,"lr1e-05,wd0.01",-3.059066503772395,2.7955677870479613e-05
[16],5,"lr=1e-04, wd=0.0",5,layer4_lr3e-05_hd128_wd0.0_cosine,"lr3e-05,wd0.0",-2.3114749299564843,0.00043362700775520274
[16],5,"lr=1e-04, wd=0.0",5,layer4_lr3e-05_hd128_wd0.01_cosine,"lr3e-05,wd0.01",-2.6599898878556143,0.00012380643637997058
[16],5,"lr=1e-04, wd=0.0",5,layer4_lr0.0001_hd128_wd0.0_cosine,"lr0.0001,wd0.0",-2.180120935005452,6.899818066828168e-05
[16],5,"lr=1e-04, wd=0.0",5,layer4_lr0.0001_hd128_wd0.01_cosine,"lr0.0001,wd0.01",-2.369316034048269,9.566139457372568e-05
[16],5,"lr=1e-04, wd=0.0",5,layer4_lr0.0003_hd128_wd0.0_cosine,"lr0.0003,wd0.0",-2.045334246279266,0.0008205362748075072
[16],5,"lr=1e-04, wd=0.0",5,layer4_lr0.0003_hd128_wd0.01_cosine,"lr0.0003,wd0.01",-2.3207421105846198,1.586552708137619e-05
[16],5,"lr=1e-04, wd=0.0",5,layer4_lr0.001_hd128_wd0.0_cosine,"lr0.001,wd0.0",-1.8069572484569583,0.0015058338127323418
[16],5,"lr=1e-04, wd=0.0",5,layer4_lr0.001_hd128_wd0.01_cosine,"lr0.001,wd0.01",-1.6204353742555828,0.0004543358935281011
[16],5,"lr=1e-04, wd=0.0",5,layer4_lr0.003_hd128_wd0.0_cosine,"lr0.003,wd0.0",-1.616895710175564,0.0015711445621914139
[16],5,"lr=1e-04, wd=0.0",5,layer4_lr0.003_hd128_wd0.01_cosine,"lr0.003,wd0.01",-1.7922227077967121,0.0004505112156099547
[16],5,"lr=1e-04, wd=0.0",10,layer4_lr1e-05_hd128_wd0.0_cosine,"lr1e-05,wd0.0",-1.5284699507365158,0.0003977315777166869
[16],5,"lr=1e-04, wd=0.0",10,layer4_lr1e-05_hd128_wd0.01_cosine,"lr1e-05,wd0.01",-2.678520935808357,0.00015910922292427957
[16],5,"lr=1e-04, wd=0.0",10,layer4_lr3e-05_hd128_wd0.0_cosine,"lr3e-05,wd0.0",-2.61333868484326,0.0002511628944350236
[16],5,"lr=1e-04, wd=0.0",10,layer4_lr3e-05_hd128_wd0.01_cosine,"lr3e-05,wd0.01",-3.0608036715993454,2.7989070650832897e-05
[16],5,"lr=1e-04, wd=0.0",10,layer4_lr0.0001_hd128_wd0.0_cosine,"lr0.0001,wd0.0",-2.5591574383971443,0.00012447185791407962
[16],5,"lr=1e-04, wd=0.0",10,layer4_lr0.0001_hd128_wd0.01_cosine,"lr0.0001,wd0.01",-2.856276247501205,1.2358228197423e-06
[16],5,"lr=1e-04, wd=0.0",10,layer4_lr0.0003_hd128_wd0.0_cosine,"lr0.0003,wd0.0",-2.2862874926829186,0.0011847055449234018
[16],5,"lr=1e-04, wd=0.0",10,layer4_lr0.0003_hd128_wd0.01_cosine,"lr0.0003,wd0.01",-2.6805125023297656,9.289822976872023e-06
[16],5,"lr=1e-04, wd=0.0",10,layer4_lr0.001_hd128_wd0.0_cosine,"lr0.001,wd0.0",-2.2630973333764377,0.0011528124553723867
[16],5,"lr=1e-04, wd=0.0",10,layer4_lr0.001_hd128_wd0.01_cosine,"lr0.001,wd0.01",-2.5295158680336542,4.875473651141988e-05
[16],5,"lr=1e-04, wd=0.0",10,layer4_lr0.003_hd128_wd0.0_cosine,"lr0.003,wd0.0",-2.474967447757372,0.0004219117886002039
[16],5,"lr=1e-04, wd=0.0",10,layer4_lr0.003_hd128_wd0.01_cosine,"lr0.003,wd0.01",-2.0534909547974727,7.286725548033069e-05
[16],5,"lr=1e-04, wd=0.0",20,layer4_lr1e-05_hd128_wd0.0_cosine,"lr1e-05,wd0.0",-2.9540559489312215,0.00014227680350866544
[16],5,"lr=1e-04, wd=0.0",20,layer4_lr1e-05_hd128_wd0.01_cosine,"lr1e-05,wd0.01",-3.5149576574550383,5.6641639029353415e-05
[16],5,"lr=1e-04, wd=0.0",20,layer4_lr3e-05_hd128_wd0.0_cosine,"lr3e-05,wd0.0",-3.1000225539313675,1.8869772456107567e-05
[16],5,"lr=1e-04, wd=0.0",20,layer4_lr3e-05_hd128_wd0.01_cosine,"lr3e-05,wd0.01",-3.4123041590111387,2.073894636327192e-05
[16],5,"lr=1e-04, wd=0.0",20,layer4_lr0.0001_hd128_wd0.0_cosine,"lr0.0001,wd0.0",-2.7292661231462,0.00035436750197247115
[16],5,"lr=1e-04, wd=0.0",20,layer4_lr0.0001_hd128_wd0.01_cosine,"lr0.0001,wd0.01",-3.1356887962129054,4.123552795215746e-06
[16],5,"lr=1e-04, wd=0.0",20,layer4_lr0.0003_hd128_wd0.0_cosine,"lr0.0003,wd0.0",-2.1766319666467444,0.001134450187104323
[16],5,"lr=1e-04, wd=0.0",20,layer4_lr0.0003_hd128_wd0.01_cosine,"lr0.0003,wd0.01",-2.92902402921877,4.544489938170662e-06
[16],5,"lr=1e-04, wd=0.0",20,layer4_lr0.001_hd128_wd0.0_cosine,"lr0.001,wd0.0",-2.1706774297494316,0.0010464995584498196
[16],5,"lr=1e-04, wd=0.0",20,layer4_lr0.001_hd128_wd0.01_cosine,"lr0.001,wd0.01",-2.5957432882439764,2.4142275782701648e-05
[16],5,"lr=1e-04, wd=0.0",20,layer4_lr0.003_hd128_wd0.0_cosine,"lr0.003,wd0.0",-2.56215412965362,0.0005432831186185891
[16],5,"lr=1e-04, wd=0.0",20,layer4_lr0.003_hd128_wd0.01_cosine,"lr0.003,wd0.01",-2.8858637724394534,0.00031308603401140417
[16],5,"lr=1e-04, wd=0.0",50,layer4_lr1e-05_hd128_wd0.0_cosine,"lr1e-05,wd0.0",-4.005996790094414,1.0982126955357059e-05
[16],5,"lr=1e-04, wd=0.0",50,layer4_lr1e-05_hd128_wd0.01_cosine,"lr1e-05,wd0.01",-4.125655093972615,4.9751241860408095e-06
[16],5,"lr=1e-04, wd=0.0",50,layer4_lr3e-05_hd128_wd0.0_cosine,"lr3e-05,wd0.0",-3.937880526721612,2.6053935596168967e-06
[16],5,"lr=1e-04, wd=0.0",50,layer4_lr3e-05_hd128_wd0.01_cosine,"lr3e-05,wd0.01",-4.105479322677569,1.3030958802901735e-06
[16],5,"lr=1e-04, wd=0.0",50,layer4_lr0.0001_hd128_wd0.0_cosine,"lr0.0001,wd0.0",-2.7846483445578656,9.329089695132523e-05
[16],5,"lr=1e-04, wd=0.0",50,layer4_lr0.0001_hd128_wd0.01_cosine,"lr0.0001,wd0.01",-4.077306886652514,1.740716645952177e-06
[16],5,"lr=1e-04, wd=0.0",50,layer4_lr0.0003_hd128_wd0.0_cosine,"lr0.0003,wd0.0",-2.2462201018673054,0.00010316043135928817
[16],5,"lr=1e-04, wd=0.0",50,layer4_lr0.0003_hd128_wd0.01_cosine,"lr0.0003,wd0.01",-4.051029563933866,1.8508895202600065e-06
[16],5,"lr=1e-04, wd=0.0",50,layer4_lr0.001_hd128_wd0.0_cosine,"lr0.001,wd0.0",-2.0707833198710874,9.234501157412952e-06
[16],5,"lr=1e-04, wd=0.0",50,layer4_lr0.001_hd128_wd0.01_cosine,"lr0.001,wd0.01",-3.2611947709234697,0.00010766997592898571
[16],5,"lr=1e-04, wd=0.0",50,layer4_lr0.003_hd128_wd0.0_cosine,"lr0.003,wd0.0",-3.06674553096283,0.0001962727645762721
[16],5,"lr=1e-04, wd=0.0",50,layer4_lr0.003_hd128_wd0.01_cosine,"lr0.003,wd0.01",-2.2782816198254783,0.00029276237311020583
[16],5,"lr=1e-04, wd=0.0",90,layer4_lr1e-05_hd128_wd0.0_cosine,"lr1e-05,wd0.0",-4.195672900324207,3.8910120959029843e-07
[16],5,"lr=1e-04, wd=0.0",90,layer4_lr1e-05_hd128_wd0.01_cosine,"lr1e-05,wd0.01",-4.2200269986399,1.0496475689201474e-06
[16],5,"lr=1e-04, wd=0.0",90,layer4_lr3e-05_hd128_wd0.0_cosine,"lr3e-05,wd0.0",-4.116056956516128,7.360423964285775e-07
[16],5,"lr=1e-04, wd=0.0",90,layer4_lr3e-05_hd128_wd0.01_cosine,"lr3e-05,wd0.01",-4.185390238957019,2.0355303713963497e-07
[16],5,"lr=1e-04, wd=0.0",90,layer4_lr0.0001_hd128_wd0.0_cosine,"lr0.0001,wd0.0",-3.366829921600777,1.7826643231243923e-06
[16],5,"lr=1e-04, wd=0.0",90,layer4_lr0.0001_hd128_wd0.01_cosine,"lr0.0001,wd0.01",-4.187594473926039,3.2338108804745873e-07
[16],5,"lr=1e-04, wd=0.0",90,layer4_lr0.0003_hd128_wd0.0_cosine,"lr0.0003,wd0.0",-3.5155470072579598,1.527909214060272e-05
[16],5,"lr=1e-04, wd=0.0",90,layer4_lr0.0003_hd128_wd0.01_cosine,"lr0.0003,wd0.01",-4.133925354948994,4.719538654531538e-06
[16],5,"lr=1e-04, wd=0.0",90,layer4_lr0.001_hd128_wd0.0_cosine,"lr0.001,wd0.0",-3.2955787811682504,6.95919416056759e-05
[16],5,"lr=1e-04, wd=0.0",90,layer4_lr0.001_hd128_wd0.01_cosine,"lr0.001,wd0.01",-3.961642632255362,8.474518140030151e-06
[16],5,"lr=1e-04, wd=0.0",90,layer4_lr0.003_hd128_wd0.0_cosine,"lr0.003,wd0.0",-3.1365971050322434,3.306569631695114e-05
[16],5,"lr=1e-04, wd=0.0",90,layer4_lr0.003_hd128_wd0.01_cosine,"lr0.003,wd0.01",-3.4667848601605993,6.289956216868077e-05
[16],6,"lr=1e-04, wd=0.01",0,layer4_lr1e-05_hd128_wd0.0_cosine,"lr1e-05,wd0.0",-1.0727111410110555,0.001094699154334468
[16],6,"lr=1e-04, wd=0.01",0,layer4_lr1e-05_hd128_wd0.01_cosine,"lr1e-05,wd0.01",-1.0797739661074357,0.0003953749821794115
[16],6,"lr=1e-04, wd=0.01",0,layer4_lr3e-05_hd128_wd0.0_cosine,"lr3e-05,wd0.0",-1.0466087914636948,0.0028915699912770852
[16],6,"lr=1e-04, wd=0.01",0,layer4_lr3e-05_hd128_wd0.01_cosine,"lr3e-05,wd0.01",-1.0892992929789314,0.0011505948906927466
[16],6,"lr=1e-04, wd=0.01",0,layer4_lr0.0001_hd128_wd0.0_cosine,"lr0.0001,wd0.0",-1.041967120093701,0.0032707978383044976
[16],6,"lr=1e-04, wd=0.01",0,layer4_lr0.0001_hd128_wd0.01_cosine,"lr0.0001,wd0.01",-1.0826982970439385,0.0018999743470811273
[16],6,"lr=1e-04, wd=0.01",0,layer4_lr0.0003_hd128_wd0.0_cosine,"lr0.0003,wd0.0",-1.0585054638626463,0.002600595380787363
[16],6,"lr=1e-04, wd=0.01",0,layer4_lr0.0003_hd128_wd0.01_cosine,"lr0.0003,wd0.01",-1.0852922643170144,0.0018783017884035757
[16],6,"lr=1e-04, wd=0.01",0,layer4_lr0.001_hd128_wd0.0_cosine,"lr0.001,wd0.0",-1.0575018140440549,0.002303440316965751
[16],6,"lr=1e-04, wd=0.01",0,layer4_lr0.001_hd128_wd0.01_cosine,"lr0.001,wd0.01",-1.098512354768382,0.0011901961408625151
[16],6,"lr=1e-04, wd=0.01",0,layer4_lr0.003_hd128_wd0.0_cosine,"lr0.003,wd0.0",-1.0540021938076272,0.001781066266194462
[16],6,"lr=1e-04, wd=0.01",0,layer4_lr0.003_hd128_wd0.01_cosine,"lr0.003,wd0.01",-1.0963878325481498,0.0004942311523415254
[16],6,"lr=1e-04, wd=0.01",5,layer4_lr1e-05_hd128_wd0.0_cosine,"lr1e-05,wd0.0",-2.575386425198104,0.0003583168327512376
[16],6,"lr=1e-04, wd=0.01",5,layer4_lr1e-05_hd128_wd0.01_cosine,"lr1e-05,wd0.01",-2.814793110186686,5.331479683816002e-05
[16],6,"lr=1e-04, wd=0.01",5,layer4_lr3e-05_hd128_wd0.0_cosine,"lr3e-05,wd0.0",-2.2329108425619784,0.00046600925393505547
[16],6,"lr=1e-04, wd=0.01",5,layer4_lr3e-05_hd128_wd0.01_cosine,"lr3e-05,wd0.01",-2.525454988257298,0.00015086803874593928
[16],6,"lr=1e-04, wd=0.01",5,layer4_lr0.0001_hd128_wd0.0_cosine,"lr0.0001,wd0.0",-2.1413424356924144,6.537621812010126e-05
[16],6,"lr=1e-04, wd=0.01",5,layer4_lr0.0001_hd128_wd0.01_cosine,"lr0.0001,wd0.01",-2.324476126044818,0.00010275930619358853
[16],6,"lr=1e-04, wd=0.01",5,layer4_lr0.0003_hd128_wd0.0_cosine,"lr0.0003,wd0.0",-1.9643020514021088,0.000810400889649537
[16],6,"lr=1e-04, wd=0.01",5,layer4_lr0.0003_hd128_wd0.01_cosine,"lr0.0003,wd0.01",-2.2797622294382687,1.92578517310781e-05
[16],6,"lr=1e-04, wd=0.01",5,layer4_lr0.001_hd128_wd0.0_cosine,"lr0.001,wd0.0",-1.7604909983403456,0.0014159274491134502
[16],6,"lr=1e-04, wd=0.01",5,layer4_lr0.001_hd128_wd0.01_cosine,"lr0.001,wd0.01",-1.5883825723448879,0.00041549213045055666
[16],6,"lr=1e-04, wd=0.01",5,layer4_lr0.003_hd128_wd0.0_cosine,"lr0.003,wd0.0",-1.5768476246216219,0.0015033442357928971
[16],6,"lr=1e-04, wd=0.01",5,layer4_lr0.003_hd128_wd0.01_cosine,"lr0.003,wd0.01",-1.8599957984126387,0.0004774148945909143
[16],6,"lr=1e-04, wd=0.01",10,layer4_lr1e-05_hd128_wd0.0_cosine,"lr1e-05,wd0.0",-1.7329719396516148,0.0004564753873547876
[16],6,"lr=1e-04, wd=0.01",10,layer4_lr1e-05_hd128_wd0.01_cosine,"lr1e-05,wd0.01",-2.498357299844881,0.00020849904415184482
[16],6,"lr=1e-04, wd=0.01",10,layer4_lr3e-05_hd128_wd0.0_cosine,"lr3e-05,wd0.0",-2.565735950177878,0.00025589816988193703
[16],6,"lr=1e-04, wd=0.01",10,layer4_lr3e-05_hd128_wd0.01_cosine,"lr3e-05,wd0.01",-2.928635778043059,3.064660536125966e-05
[16],6,"lr=1e-04, wd=0.01",10,layer4_lr0.0001_hd128_wd0.0_cosine,"lr0.0001,wd0.0",-2.4873071818517185,0.00012505346074598563
[16],6,"lr=1e-04, wd=0.01",10,layer4_lr0.0001_hd128_wd0.01_cosine,"lr0.0001,wd0.01",-2.799902451304786,1.4542844280932666e-06
[16],6,"lr=1e-04, wd=0.01",10,layer4_lr0.0003_hd128_wd0.0_cosine,"lr0.0003,wd0.0",-2.2380047655624034,0.0011918760240303096
[16],6,"lr=1e-04, wd=0.01",10,layer4_lr0.0003_hd128_wd0.01_cosine,"lr0.0003,wd0.01",-2.643607075968537,6.987877962216074e-06
[16],6,"lr=1e-04, wd=0.01",10,layer4_lr0.001_hd128_wd0.0_cosine,"lr0.001,wd0.0",-2.2025018845991875,0.0011848196696767487
[16],6,"lr=1e-04, wd=0.01",10,layer4_lr0.001_hd128_wd0.01_cosine,"lr0.001,wd0.01",-2.4288096476061356,4.7954859103387234e-05
[16],6,"lr=1e-04, wd=0.01",10,layer4_lr0.003_hd128_wd0.0_cosine,"lr0.003,wd0.0",-2.3933988482922026,0.0004322665043213269
[16],6,"lr=1e-04, wd=0.01",10,layer4_lr0.003_hd128_wd0.01_cosine,"lr0.003,wd0.01",-2.037806010856559,7.020160507877547e-05
[16],6,"lr=1e-04, wd=0.01",20,layer4_lr1e-05_hd128_wd0.0_cosine,"lr1e-05,wd0.0",-3.1740435075991367,0.0001305863858475412
[16],6,"lr=1e-04, wd=0.01",20,layer4_lr1e-05_hd128_wd0.01_cosine,"lr1e-05,wd0.01",-3.51807666269833,5.9438181393621534e-05
[16],6,"lr=1e-04, wd=0.01",20,layer4_lr3e-05_hd128_wd0.0_cosine,"lr3e-05,wd0.0",-2.9804475156621293,1.193168930068594e-05
[16],6,"lr=1e-04, wd=0.01",20,layer4_lr3e-05_hd128_wd0.01_cosine,"lr3e-05,wd0.01",-3.2801937145078885,1.9793746023076012e-05
[16],6,"lr=1e-04, wd=0.01",20,layer4_lr0.0001_hd128_wd0.0_cosine,"lr0.0001,wd0.0",-2.6836169920680537,0.0003649091590494742
[16],6,"lr=1e-04, wd=0.01",20,layer4_lr0.0001_hd128_wd0.01_cosine,"lr0.0001,wd0.01",-3.059352556113031,4.651874384627516e-06
[16],6,"lr=1e-04, wd=0.01",20,layer4_lr0.0003_hd128_wd0.0_cosine,"lr0.0003,wd0.0",-2.198077655273726,0.0011567934456206165
[16],6,"lr=1e-04, wd=0.01",20,layer4_lr0.0003_hd128_wd0.01_cosine,"lr0.0003,wd0.01",-2.863793385228697,3.7857082822094532e-06
[16],6,"lr=1e-04, wd=0.01",20,layer4_lr0.001_hd128_wd0.0_cosine,"lr0.001,wd0.0",-2.2097196084661537,0.0010612190705974946
[16],6,"lr=1e-04, wd=0.01",20,layer4_lr0.001_hd128_wd0.01_cosine,"lr0.001,wd0.01",-2.5386973659195426,2.277094077726833e-05
[16],6,"lr=1e-04, wd=0.01",20,layer4_lr0.003_hd128_wd0.0_cosine,"lr0.003,wd0.0",-2.528803366755436,0.0005515486712493593
[16],6,"lr=1e-04, wd=0.01",20,layer4_lr0.003_hd128_wd0.01_cosine,"lr0.003,wd0.01",-2.85740167510512,0.0002883319184596323
[16],6,"lr=1e-04, wd=0.01",50,layer4_lr1e-05_hd128_wd0.0_cosine,"lr1e-05,wd0.0",-4.015713227942658,7.876691588725216e-06
[16],6,"lr=1e-04, wd=0.01",50,layer4_lr1e-05_hd128_wd0.01_cosine,"lr1e-05,wd0.01",-4.115379607109515,5.00703443462324e-06
[16],6,"lr=1e-04, wd=0.01",50,layer4_lr3e-05_hd128_wd0.0_cosine,"lr3e-05,wd0.0",-3.8524966790501285,3.647517277221728e-06
[16],6,"lr=1e-04, wd=0.01",50,layer4_lr3e-05_hd128_wd0.01_cosine,"lr3e-05,wd0.01",-4.085554092313853,9.623527585474791e-07
[16],6,"lr=1e-04, wd=0.01",50,layer4_lr0.0001_hd128_wd0.0_cosine,"lr0.0001,wd0.0",-2.7530603116773222,9.235041593492135e-05
[16],6,"lr=1e-04, wd=0.01",50,layer4_lr0.0001_hd128_wd0.01_cosine,"lr0.0001,wd0.01",-4.076334687648401,1.3936524340455252e-06
[16],6,"lr=1e-04, wd=0.01",50,layer4_lr0.0003_hd128_wd0.0_cosine,"lr0.0003,wd0.0",-2.2447481352297136,0.00010273649780382059
[16],6,"lr=1e-04, wd=0.01",50,layer4_lr0.0003_hd128_wd0.01_cosine,"lr0.0003,wd0.01",-4.037346079255567,1.4395486242330613e-06
[16],6,"lr=1e-04, wd=0.01",50,layer4_lr0.001_hd128_wd0.0_cosine,"lr0.001,wd0.0",-2.0769730899596195,8.570356534511722e-06
[16],6,"lr=1e-04, wd=0.01",50,layer4_lr0.001_hd128_wd0.01_cosine,"lr0.001,wd0.01",-3.2933831227459573,0.00010634895055744773
[16],6,"lr=1e-04, wd=0.01",50,layer4_lr0.003_hd128_wd0.0_cosine,"lr0.003,wd0.0",-3.019226395231084,0.00019702659254186385
[16],6,"lr=1e-04, wd=0.01",50,layer4_lr0.003_hd128_wd0.01_cosine,"lr0.003,wd0.01",-2.5685537198069635,0.00028577046633088506
[16],6,"lr=1e-04, wd=0.01",90,layer4_lr1e-05_hd128_wd0.0_cosine,"lr1e-05,wd0.0",-4.192144128241937,4.558738473224761e-07
[16],6,"lr=1e-04, wd=0.01",90,layer4_lr1e-05_hd128_wd0.01_cosine,"lr1e-05,wd0.01",-4.222035286004148,8.157346709953722e-07
[16],6,"lr=1e-04, wd=0.01",90,layer4_lr3e-05_hd128_wd0.0_cosine,"lr3e-05,wd0.0",-4.107366287618128,8.15736242794578e-07
[16],6,"lr=1e-04, wd=0.01",90,layer4_lr3e-05_hd128_wd0.01_cosine,"lr3e-05,wd0.01",-4.182792425229825,2.0438337679051168e-07
[16],6,"lr=1e-04, wd=0.01",90,layer4_lr0.0001_hd128_wd0.0_cosine,"lr0.0001,wd0.0",-3.357716032389395,1.540081104966234e-06
[16],6,"lr=1e-04, wd=0.01",90,layer4_lr0.0001_hd128_wd0.01_cosine,"lr0.0001,wd0.01",-4.187580543359414,3.5692075288284754e-07
[16],6,"lr=1e-04, wd=0.01",90,layer4_lr0.0003_hd128_wd0.0_cosine,"lr0.0003,wd0.0",-3.5014265165417586,1.532496640560797e-05
[16],6,"lr=1e-04, wd=0.01",90,layer4_lr0.0003_hd128_wd0.01_cosine,"lr0.0003,wd0.01",-4.141485326856783,4.204735456769353e-06
[16],6,"lr=1e-04, wd=0.01",90,layer4_lr0.001_hd128_wd0.0_cosine,"lr0.001,wd0.0",-3.289186269528517,6.935338055824175e-05
[16],6,"lr=1e-04, wd=0.01",90,layer4_lr0.001_hd128_wd0.01_cosine,"lr0.001,wd0.01",-3.9656622868247027,6.268358436841885e-06
[16],6,"lr=1e-04, wd=0.01",90,layer4_lr0.003_hd128_wd0.0_cosine,"lr0.003,wd0.0",-3.147750239765672,3.410460538674813e-05
[16],6,"lr=1e-04, wd=0.01",90,layer4_lr0.003_hd128_wd0.01_cosine,"lr0.003,wd0.01",-3.550686379282218,4.973608801491314e-05
[16],7,"lr=3e-04, wd=0.0",0,layer4_lr1e-05_hd128_wd0.0_cosine,"lr1e-05,wd0.0",-0.8863004436324593,0.00044255736526408775
[16],7,"lr=3e-04, wd=0.0",0,layer4_lr1e-05_hd128_wd0.01_cosine,"lr1e-05,wd0.01",-0.8606177906148993,0.00025644734794702073
[16],7,"lr=3e-04, wd=0.0",0,layer4_lr3e-05_hd128_wd0.0_cosine,"lr3e-05,wd0.0",-0.9157383342989012,0.0013036267864190672
[16],7,"lr=3e-04, wd=0.0",0,layer4_lr3e-05_hd128_wd0.01_cosine,"lr3e-05,wd0.01",-0.9107913021621857,0.00025700905555074786
[16],7,"lr=3e-04, wd=0.0",0,layer4_lr0.0001_hd128_wd0.0_cosine,"lr0.0001,wd0.0",-0.9411373483238447,0.0014813430686898483
[16],7,"lr=3e-04, wd=0.0",0,layer4_lr0.0001_hd128_wd0.01_cosine,"lr0.0001,wd0.01",-0.9384301318978991,0.0006142885926291187
[16],7,"lr=3e-04, wd=0.0",0,layer4_lr0.0003_hd128_wd0.0_cosine,"lr0.0003,wd0.0",-0.9591912369542906,0.0010377237164501416
[16],7,"lr=3e-04, wd=0.0",0,layer4_lr0.0003_hd128_wd0.01_cosine,"lr0.0003,wd0.01",-0.9511445974387178,0.0006127475226623562
[16],7,"lr=3e-04, wd=0.0",0,layer4_lr0.001_hd128_wd0.0_cosine,"lr0.001,wd0.0",-0.9574851173686091,0.0008674890364723311
[16],7,"lr=3e-04, wd=0.0",0,layer4_lr0.001_hd128_wd0.01_cosine,"lr0.001,wd0.01",-0.957577477955535,0.0002993312407770781
[16],7,"lr=3e-04, wd=0.0",0,layer4_lr0.003_hd128_wd0.0_cosine,"lr0.003,wd0.0",-0.9509961923810119,0.0005414334018577282
[16],7,"lr=3e-04, wd=0.0",0,layer4_lr0.003_hd128_wd0.01_cosine,"lr0.003,wd0.01",-0.9489672857792804,0.0001771764489104434
[16],7,"lr=3e-04, wd=0.0",5,layer4_lr1e-05_hd128_wd0.0_cosine,"lr1e-05,wd0.0",-2.3505580661631313,0.000606441140630213
[16],7,"lr=3e-04, wd=0.0",5,layer4_lr1e-05_hd128_wd0.01_cosine,"lr1e-05,wd0.01",-2.576711514766789,0.00014577342843060564
[16],7,"lr=3e-04, wd=0.0",5,layer4_lr3e-05_hd128_wd0.0_cosine,"lr3e-05,wd0.0",-2.120743430743778,0.0007880630446601335
[16],7,"lr=3e-04, wd=0.0",5,layer4_lr3e-05_hd128_wd0.01_cosine,"lr3e-05,wd0.01",-2.769130067846744,0.00023436317283723033
[16],7,"lr=3e-04, wd=0.0",5,layer4_lr0.0001_hd128_wd0.0_cosine,"lr0.0001,wd0.0",-2.2642851969318323,0.00014615889279389753
[16],7,"lr=3e-04, wd=0.0",5,layer4_lr0.0001_hd128_wd0.01_cosine,"lr0.0001,wd0.01",-2.559235861225553,0.00023778838170908262
[16],7,"lr=3e-04, wd=0.0",5,layer4_lr0.0003_hd128_wd0.0_cosine,"lr0.0003,wd0.0",-2.2153123334022027,0.0003713243548847182
[16],7,"lr=3e-04, wd=0.0",5,layer4_lr0.0003_hd128_wd0.01_cosine,"lr0.0003,wd0.01",-2.5044278250595644,0.0001290985093401466
[16],7,"lr=3e-04, wd=0.0",5,layer4_lr0.001_hd128_wd0.0_cosine,"lr0.001,wd0.0",-2.090201940161315,0.0007375955779745386
[16],7,"lr=3e-04, wd=0.0",5,layer4_lr0.001_hd128_wd0.01_cosine,"lr0.001,wd0.01",-2.0099825273580847,8.050574018304035e-05
[16],7,"lr=3e-04, wd=0.0",5,layer4_lr0.003_hd128_wd0.0_cosine,"lr0.003,wd0.0",-1.8859812465591665,0.0005560288138025807
[16],7,"lr=3e-04, wd=0.0",5,layer4_lr0.003_hd128_wd0.01_cosine,"lr0.003,wd0.01",-1.9499606648273542,0.0006852849347040349
[16],7,"lr=3e-04, wd=0.0",10,layer4_lr1e-05_hd128_wd0.0_cosine,"lr1e-05,wd0.0",-1.9731213234727916,0.0005390497869653556
[16],7,"lr=3e-04, wd=0.0",10,layer4_lr1e-05_hd128_wd0.01_cosine,"lr1e-05,wd0.01",-2.6586625715832506,0.00026157519482113557
[16],7,"lr=3e-04, wd=0.0",10,layer4_lr3e-05_hd128_wd0.0_cosine,"lr3e-05,wd0.0",-2.356055966837128,0.0004396267288675651
[16],7,"lr=3e-04, wd=0.0",10,layer4_lr3e-05_hd128_wd0.01_cosine,"lr3e-05,wd0.01",-3.299791743675437,9.678280018970292e-05
[16],7,"lr=3e-04, wd=0.0",10,layer4_lr0.0001_hd128_wd0.0_cosine,"lr0.0001,wd0.0",-2.6022178874294792,2.3709492358414147e-05
[16],7,"lr=3e-04, wd=0.0",10,layer4_lr0.0001_hd128_wd0.01_cosine,"lr0.0001,wd0.01",-3.028704962841608,6.850834428281973e-05
[16],7,"lr=3e-04, wd=0.0",10,layer4_lr0.0003_hd128_wd0.0_cosine,"lr0.0003,wd0.0",-2.3872387855529547,0.0007309400203787445
[16],7,"lr=3e-04, wd=0.0",10,layer4_lr0.0003_hd128_wd0.01_cosine,"lr0.0003,wd0.01",-2.909157808861856,3.981770758276298e-05
[16],7,"lr=3e-04, wd=0.0",10,layer4_lr0.001_hd128_wd0.0_cosine,"lr0.001,wd0.0",-2.363539692186713,0.000764141829436616
[16],7,"lr=3e-04, wd=0.0",10,layer4_lr0.001_hd128_wd0.01_cosine,"lr0.001,wd0.01",-2.790339692851165,0.00012431568262091002
[16],7,"lr=3e-04, wd=0.0",10,layer4_lr0.003_hd128_wd0.0_cosine,"lr0.003,wd0.0",-2.6285143250045615,0.00023944908276738813
[16],7,"lr=3e-04, wd=0.0",10,layer4_lr0.003_hd128_wd0.01_cosine,"lr0.003,wd0.01",-2.8579513405308625,0.00020499305337225396
[16],7,"lr=3e-04, wd=0.0",20,layer4_lr1e-05_hd128_wd0.0_cosine,"lr1e-05,wd0.0",-3.4104565384218413,8.07163030206344e-05
[16],7,"lr=3e-04, wd=0.0",20,layer4_lr1e-05_hd128_wd0.01_cosine,"lr1e-05,wd0.01",-3.635394072380783,1.1788820982637326e-05
[16],7,"lr=3e-04, wd=0.0",20,layer4_lr3e-05_hd128_wd0.0_cosine,"lr3e-05,wd0.0",-3.14987085473342,7.451615090468397e-05
[16],7,"lr=3e-04, wd=0.0",20,layer4_lr3e-05_hd128_wd0.01_cosine,"lr3e-05,wd0.01",-3.53847725807658,5.7146839752661876e-05
[16],7,"lr=3e-04, wd=0.0",20,layer4_lr0.0001_hd128_wd0.0_cosine,"lr0.0001,wd0.0",-2.789174937229699,0.00018252560534607782
[16],7,"lr=3e-04, wd=0.0",20,layer4_lr0.0001_hd128_wd0.01_cosine,"lr0.0001,wd0.01",-3.3265869338114773,1.4908249184076624e-05
[16],7,"lr=3e-04, wd=0.0",20,layer4_lr0.0003_hd128_wd0.0_cosine,"lr0.0003,wd0.0",-2.3501029047622617,0.0009141915142648406
[16],7,"lr=3e-04, wd=0.0",20,layer4_lr0.0003_hd128_wd0.01_cosine,"lr0.0003,wd0.01",-3.1762458957352515,2.046586122089452e-05
[16],7,"lr=3e-04, wd=0.0",20,layer4_lr0.001_hd128_wd0.0_cosine,"lr0.001,wd0.0",-2.360134999106417,0.0008871200713681778
[16],7,"lr=3e-04, wd=0.0",20,layer4_lr0.001_hd128_wd0.01_cosine,"lr0.001,wd0.01",-3.1638945259104307,6.811113125148024e-05
[16],7,"lr=3e-04, wd=0.0",20,layer4_lr0.003_hd128_wd0.0_cosine,"lr0.003,wd0.0",-2.6848310371468216,0.0003897095864402004
[16],7,"lr=3e-04, wd=0.0",20,layer4_lr0.003_hd128_wd0.01_cosine,"lr0.003,wd0.01",-2.747943276947936,0.00042207858581764325
[16],7,"lr=3e-04, wd=0.0",50,layer4_lr1e-05_hd128_wd0.0_cosine,"lr1e-05,wd0.0",-4.0156688369364515,3.2553105592588595e-06
[16],7,"lr=3e-04, wd=0.0",50,layer4_lr1e-05_hd128_wd0.01_cosine,"lr1e-05,wd0.01",-4.135357485093255,9.248395597308536e-07
[16],7,"lr=3e-04, wd=0.0",50,layer4_lr3e-05_hd128_wd0.0_cosine,"lr3e-05,wd0.0",-3.8282676208372903,5.222007674727678e-07
[16],7,"lr=3e-04, wd=0.0",50,layer4_lr3e-05_hd128_wd0.01_cosine,"lr3e-05,wd0.01",-4.071344565686263,5.326149838143032e-06
[16],7,"lr=3e-04, wd=0.0",50,layer4_lr0.0001_hd128_wd0.0_cosine,"lr0.0001,wd0.0",-3.1100379003571974,8.427341659330176e-05
[16],7,"lr=3e-04, wd=0.0",50,layer4_lr0.0001_hd128_wd0.01_cosine,"lr0.0001,wd0.01",-4.036354081267084,7.065378897432367e-06
[16],7,"lr=3e-04, wd=0.0",50,layer4_lr0.0003_hd128_wd0.0_cosine,"lr0.0003,wd0.0",-2.368510790470188,5.8198750528485187e-05
[16],7,"lr=3e-04, wd=0.0",50,layer4_lr0.0003_hd128_wd0.01_cosine,"lr0.0003,wd0.01",-4.02306301979327,6.641174848884895e-06
[16],7,"lr=3e-04, wd=0.0",50,layer4_lr0.001_hd128_wd0.0_cosine,"lr0.001,wd0.0",-2.140872665089772,0.00018067925551793656
[16],7,"lr=3e-04, wd=0.0",50,layer4_lr0.001_hd128_wd0.01_cosine,"lr0.001,wd0.01",-2.596830434599471,0.0001445188857651215
[16],7,"lr=3e-04, wd=0.0",50,layer4_lr0.003_hd128_wd0.0_cosine,"lr0.003,wd0.0",-3.1288613990087826,0.00017755374569902954
[16],7,"lr=3e-04, wd=0.0",50,layer4_lr0.003_hd128_wd0.01_cosine,"lr0.003,wd0.01",-0.4950089864954938,0.00035085988804783993
[16],7,"lr=3e-04, wd=0.0",90,layer4_lr1e-05_hd128_wd0.0_cosine,"lr1e-05,wd0.0",-4.164101113784951,8.567352585243636e-07
[16],7,"lr=3e-04, wd=0.0",90,layer4_lr1e-05_hd128_wd0.01_cosine,"lr1e-05,wd0.01",-4.213154938570005,5.09674461556733e-07
[16],7,"lr=3e-04, wd=0.0",90,layer4_lr3e-05_hd128_wd0.0_cosine,"lr3e-05,wd0.0",-4.152549716333074,2.874233123170713e-07
[16],7,"lr=3e-04, wd=0.0",90,layer4_lr3e-05_hd128_wd0.01_cosine,"lr3e-05,wd0.01",-4.185250977908311,1.3280577320837561e-06
[16],7,"lr=3e-04, wd=0.0",90,layer4_lr0.0001_hd128_wd0.0_cosine,"lr0.0001,wd0.0",-3.4609792878889034,1.5433130291501781e-06
[16],7,"lr=3e-04, wd=0.0",90,layer4_lr0.0001_hd128_wd0.01_cosine,"lr0.0001,wd0.01",-4.198163226305287,6.239767430564989e-07
[16],7,"lr=3e-04, wd=0.0",90,layer4_lr0.0003_hd128_wd0.0_cosine,"lr0.0003,wd0.0",-3.4716489121786207,8.443719050464904e-06
[16],7,"lr=3e-04, wd=0.0",90,layer4_lr0.0003_hd128_wd0.01_cosine,"lr0.0003,wd0.01",-4.102518322708545,7.218788602537967e-06
[16],7,"lr=3e-04, wd=0.0",90,layer4_lr0.001_hd128_wd0.0_cosine,"lr0.001,wd0.0",-3.3234925228853696,5.448804411405004e-05
[16],7,"lr=3e-04, wd=0.0",90,layer4_lr0.001_hd128_wd0.01_cosine,"lr0.001,wd0.01",-3.8624948161774317,1.875122095798129e-05
[16],7,"lr=3e-04, wd=0.0",90,layer4_lr0.003_hd128_wd0.0_cosine,"lr0.003,wd0.0",-3.1366274853484923,1.8576465841020408e-05
[16],7,"lr=3e-04, wd=0.0",90,layer4_lr0.003_hd128_wd0.01_cosine,"lr0.003,wd0.01",-3.2252875466959083,9.689888818703356e-05
[16],8,"lr=3e-04, wd=0.01",0,layer4_lr1e-05_hd128_wd0.0_cosine,"lr1e-05,wd0.0",-0.8742822948395905,0.0005672002310626817
[16],8,"lr=3e-04, wd=0.01",0,layer4_lr1e-05_hd128_wd0.01_cosine,"lr1e-05,wd0.01",-0.868514613767609,0.0002310804664781136
[16],8,"lr=3e-04, wd=0.01",0,layer4_lr3e-05_hd128_wd0.0_cosine,"lr3e-05,wd0.0",-0.8978229075951422,0.0017061730432207703
[16],8,"lr=3e-04, wd=0.01",0,layer4_lr3e-05_hd128_wd0.01_cosine,"lr3e-05,wd0.01",-0.9162828137714394,0.00045685042488366706
[16],8,"lr=3e-04, wd=0.01",0,layer4_lr0.0001_hd128_wd0.0_cosine,"lr0.0001,wd0.0",-0.9207048921813538,0.001972108173695377
[16],8,"lr=3e-04, wd=0.01",0,layer4_lr0.0001_hd128_wd0.01_cosine,"lr0.0001,wd0.01",-0.9406913574337633,0.0009500772487399178
[16],8,"lr=3e-04, wd=0.01",0,layer4_lr0.0003_hd128_wd0.0_cosine,"lr0.0003,wd0.0",-0.9402073831549097,0.001452428800486514
[16],8,"lr=3e-04, wd=0.01",0,layer4_lr0.0003_hd128_wd0.01_cosine,"lr0.0003,wd0.01",-0.9517823437186581,0.0009343186367262402
[16],8,"lr=3e-04, wd=0.01",0,layer4_lr0.001_hd128_wd0.0_cosine,"lr0.001,wd0.0",-0.9395930239525331,0.00122930604909195
[16],8,"lr=3e-04, wd=0.01",0,layer4_lr0.001_hd128_wd0.01_cosine,"lr0.001,wd0.01",-0.9566376642647977,0.0004883754147792794
[16],8,"lr=3e-04, wd=0.01",0,layer4_lr0.003_hd128_wd0.0_cosine,"lr0.003,wd0.0",-0.9338422470227348,0.0008387776248760907
[16],8,"lr=3e-04, wd=0.01",0,layer4_lr0.003_hd128_wd0.01_cosine,"lr0.003,wd0.01",-0.9485408846213075,0.00017782504387540328
[16],8,"lr=3e-04, wd=0.01",5,layer4_lr1e-05_hd128_wd0.0_cosine,"lr1e-05,wd0.0",-2.2915595772539024,0.0004970297715268912
[16],8,"lr=3e-04, wd=0.01",5,layer4_lr1e-05_hd128_wd0.01_cosine,"lr1e-05,wd0.01",-2.426049594681383,0.00010269050704577224
[16],8,"lr=3e-04, wd=0.01",5,layer4_lr3e-05_hd128_wd0.0_cosine,"lr3e-05,wd0.0",-2.359932204485231,0.000524450403792457
[16],8,"lr=3e-04, wd=0.01",5,layer4_lr3e-05_hd128_wd0.01_cosine,"lr3e-05,wd0.01",-2.8051578388225145,0.00017447089892436428
[16],8,"lr=3e-04, wd=0.01",5,layer4_lr0.0001_hd128_wd0.0_cosine,"lr0.0001,wd0.0",-2.201445135672454,9.634132983323412e-05
[16],8,"lr=3e-04, wd=0.01",5,layer4_lr0.0001_hd128_wd0.01_cosine,"lr0.0001,wd0.01",-2.467313517144472,0.00017541130701104055
[16],8,"lr=3e-04, wd=0.01",5,layer4_lr0.0003_hd128_wd0.0_cosine,"lr0.0003,wd0.0",-2.123374927084127,0.0005086372410313165
[16],8,"lr=3e-04, wd=0.01",5,layer4_lr0.0003_hd128_wd0.01_cosine,"lr0.0003,wd0.01",-2.4265193411181323,7.920999678333698e-05
[16],8,"lr=3e-04, wd=0.01",5,layer4_lr0.001_hd128_wd0.0_cosine,"lr0.001,wd0.0",-1.9764393798718802,0.0009213181411005323
[16],8,"lr=3e-04, wd=0.01",5,layer4_lr0.001_hd128_wd0.01_cosine,"lr0.001,wd0.01",-1.860042559212227,0.00011211165209085658
[16],8,"lr=3e-04, wd=0.01",5,layer4_lr0.003_hd128_wd0.0_cosine,"lr0.003,wd0.0",-1.769236565128293,0.0008050223959753204
[16],8,"lr=3e-04, wd=0.01",5,layer4_lr0.003_hd128_wd0.01_cosine,"lr0.003,wd0.01",-1.8913202404509242,0.0005514081682658432
[16],8,"lr=3e-04, wd=0.01",10,layer4_lr1e-05_hd128_wd0.0_cosine,"lr1e-05,wd0.0",-2.276646963258237,0.0004564643771613463
[16],8,"lr=3e-04, wd=0.01",10,layer4_lr1e-05_hd128_wd0.01_cosine,"lr1e-05,wd0.01",-2.756963158891557,0.00022715156691424995
[16],8,"lr=3e-04, wd=0.01",10,layer4_lr3e-05_hd128_wd0.0_cosine,"lr3e-05,wd0.0",-2.661470998938412,0.0002859745973389025
[16],8,"lr=3e-04, wd=0.01",10,layer4_lr3e-05_hd128_wd0.01_cosine,"lr3e-05,wd0.01",-3.3246751828397962,4.199043833410225e-05
[16],8,"lr=3e-04, wd=0.01",10,layer4_lr0.0001_hd128_wd0.0_cosine,"lr0.0001,wd0.0",-2.535233047201066,4.34548428303971e-05
[16],8,"lr=3e-04, wd=0.01",10,layer4_lr0.0001_hd128_wd0.01_cosine,"lr0.0001,wd0.01",-2.903638500684841,3.026138976136251e-05
[16],8,"lr=3e-04, wd=0.01",10,layer4_lr0.0003_hd128_wd0.0_cosine,"lr0.0003,wd0.0",-2.3203423751430217,0.0008830071233287667
[16],8,"lr=3e-04, wd=0.01",10,layer4_lr0.0003_hd128_wd0.01_cosine,"lr0.0003,wd0.01",-2.813808435575444,1.7409154026235887e-05
[16],8,"lr=3e-04, wd=0.01",10,layer4_lr0.001_hd128_wd0.0_cosine,"lr0.001,wd0.0",-2.28001578823323,0.0008933203580321584
[16],8,"lr=3e-04, wd=0.01",10,layer4_lr0.001_hd128_wd0.01_cosine,"lr0.001,wd0.01",-2.6752940584752416,8.885620396984182e-05
[16],8,"lr=3e-04, wd=0.01",10,layer4_lr0.003_hd128_wd0.0_cosine,"lr0.003,wd0.0",-2.5298760543168313,0.0002942284532723689
[16],8,"lr=3e-04, wd=0.01",10,layer4_lr0.003_hd128_wd0.01_cosine,"lr0.003,wd0.01",-2.6377008504756265,0.0001481720614694664
[16],8,"lr=3e-04, wd=0.01",20,layer4_lr1e-05_hd128_wd0.0_cosine,"lr1e-05,wd0.0",-3.458075087649347,6.240831648887148e-05
[16],8,"lr=3e-04, wd=0.01",20,layer4_lr1e-05_hd128_wd0.01_cosine,"lr1e-05,wd0.01",-3.699770565261312,9.040264223058212e-06
[16],8,"lr=3e-04, wd=0.01",20,layer4_lr3e-05_hd128_wd0.0_cosine,"lr3e-05,wd0.0",-3.082407868009001,3.373719350928061e-05
[16],8,"lr=3e-04, wd=0.01",20,layer4_lr3e-05_hd128_wd0.01_cosine,"lr3e-05,wd0.01",-3.6566473457878623,3.043943256713743e-05
[16],8,"lr=3e-04, wd=0.01",20,layer4_lr0.0001_hd128_wd0.0_cosine,"lr0.0001,wd0.0",-2.7345810109857194,0.0002507716936828262
[16],8,"lr=3e-04, wd=0.01",20,layer4_lr0.0001_hd128_wd0.01_cosine,"lr0.0001,wd0.01",-3.208271415554101,3.268460282278984e-06
[16],8,"lr=3e-04, wd=0.01",20,layer4_lr0.0003_hd128_wd0.0_cosine,"lr0.0003,wd0.0",-2.2926119063607477,0.0010124073035290898
[16],8,"lr=3e-04, wd=0.01",20,layer4_lr0.0003_hd128_wd0.01_cosine,"lr0.0003,wd0.01",-3.0689512022492837,8.345634126969512e-06
[16],8,"lr=3e-04, wd=0.01",20,layer4_lr0.001_hd128_wd0.0_cosine,"lr0.001,wd0.0",-2.3126630042980993,0.0009496029063601771
[16],8,"lr=3e-04, wd=0.01",20,layer4_lr0.001_hd128_wd0.01_cosine,"lr0.001,wd0.01",-2.9546473579426635,4.430545832395497e-05
[16],8,"lr=3e-04, wd=0.01",20,layer4_lr0.003_hd128_wd0.0_cosine,"lr0.003,wd0.0",-2.6182969252973645,0.00044160060213653746
[16],8,"lr=3e-04, wd=0.01",20,layer4_lr0.003_hd128_wd0.01_cosine,"lr0.003,wd0.01",-2.8923499897900973,0.0003792377112938528
[16],8,"lr=3e-04, wd=0.01",50,layer4_lr1e-05_hd128_wd0.0_cosine,"lr1e-05,wd0.0",-4.043372219216249,3.129079594444339e-06
[16],8,"lr=3e-04, wd=0.01",50,layer4_lr1e-05_hd128_wd0.01_cosine,"lr1e-05,wd0.01",-4.156669486295016,9.499196041668783e-07
[16],8,"lr=3e-04, wd=0.01",50,layer4_lr3e-05_hd128_wd0.0_cosine,"lr3e-05,wd0.0",-3.8933393891401726,1.1273777121999996e-06
[16],8,"lr=3e-04, wd=0.01",50,layer4_lr3e-05_hd128_wd0.01_cosine,"lr3e-05,wd0.01",-4.102796169409513,2.6278712243535758e-06
[16],8,"lr=3e-04, wd=0.01",50,layer4_lr0.0001_hd128_wd0.0_cosine,"lr0.0001,wd0.0",-3.022622496705452,9.314547696035429e-05
[16],8,"lr=3e-04, wd=0.01",50,layer4_lr0.0001_hd128_wd0.01_cosine,"lr0.0001,wd0.01",-4.074641997569851,3.3337688645629303e-06
[16],8,"lr=3e-04, wd=0.01",50,layer4_lr0.0003_hd128_wd0.0_cosine,"lr0.0003,wd0.0",-2.331896554209491,5.0905819708252164e-05
[16],8,"lr=3e-04, wd=0.01",50,layer4_lr0.0003_hd128_wd0.01_cosine,"lr0.0003,wd0.01",-4.044813091346775,3.344683339551806e-06
[16],8,"lr=3e-04, wd=0.01",50,layer4_lr0.001_hd128_wd0.0_cosine,"lr0.001,wd0.0",-2.1195294750188,0.00015894789654262927
[16],8,"lr=3e-04, wd=0.01",50,layer4_lr0.001_hd128_wd0.01_cosine,"lr0.001,wd0.01",-2.9289590650779367,0.00012678280059981174
[16],8,"lr=3e-04, wd=0.01",50,layer4_lr0.003_hd128_wd0.0_cosine,"lr0.003,wd0.0",-3.1123089274800275,0.00018624927711711602
[16],8,"lr=3e-04, wd=0.01",50,layer4_lr0.003_hd128_wd0.01_cosine,"lr0.003,wd0.01",-0.9348216919012962,0.0003298963205363898
[16],8,"lr=3e-04, wd=0.01",90,layer4_lr1e-05_hd128_wd0.0_cosine,"lr1e-05,wd0.0",-4.17476555679641,8.079928762125034e-07
[16],8,"lr=3e-04, wd=0.01",90,layer4_lr1e-05_hd128_wd0.01_cosine,"lr1e-05,wd0.01",-4.219164792172131,4.2242030170824805e-07
[16],8,"lr=3e-04, wd=0.01",90,layer4_lr3e-05_hd128_wd0.0_cosine,"lr3e-05,wd0.0",-4.146837966788313,4.60743391219015e-07
[16],8,"lr=3e-04, wd=0.01",90,layer4_lr3e-05_hd128_wd0.01_cosine,"lr3e-05,wd0.01",-4.198463813053675,4.163766719355351e-07
[16],8,"lr=3e-04, wd=0.01",90,layer4_lr0.0001_hd128_wd0.0_cosine,"lr0.0001,wd0.0",-3.3972931721681046,1.1237273898445643e-06
[16],8,"lr=3e-04, wd=0.01",90,layer4_lr0.0001_hd128_wd0.01_cosine,"lr0.0001,wd0.01",-4.198933161850657,2.968664608314686e-07
[16],8,"lr=3e-04, wd=0.01",90,layer4_lr0.0003_hd128_wd0.0_cosine,"lr0.0003,wd0.0",-3.4467587687991506,8.36994326566949e-06
[16],8,"lr=3e-04, wd=0.01",90,layer4_lr0.0003_hd128_wd0.01_cosine,"lr0.0003,wd0.01",-4.125174704525718,5.474172643576435e-06
[16],8,"lr=3e-04, wd=0.01",90,layer4_lr0.001_hd128_wd0.0_cosine,"lr0.001,wd0.0",-3.306702059667389,5.5074917134424735e-05
[16],8,"lr=3e-04, wd=0.01",90,layer4_lr0.001_hd128_wd0.01_cosine,"lr0.001,wd0.01",-3.9198870027980064,1.1534743704399202e-05
[16],8,"lr=3e-04, wd=0.01",90,layer4_lr0.003_hd128_wd0.0_cosine,"lr0.003,wd0.0",-3.110706796559317,1.8502059700437936e-05
[16],8,"lr=3e-04, wd=0.01",90,layer4_lr0.003_hd128_wd0.01_cosine,"lr0.003,wd0.01",-3.2479896369834296,9.153805415863364e-05
[16],9,"lr=0.001, wd=0.0",0,layer4_lr1e-05_hd128_wd0.0_cosine,"lr1e-05,wd0.0",-0.7479768789412886,0.0004008173779965329
[16],9,"lr=0.001, wd=0.0",0,layer4_lr1e-05_hd128_wd0.01_cosine,"lr1e-05,wd0.01",-0.736329634113394,0.0004331070135277042
[16],9,"lr=0.001, wd=0.0",0,layer4_lr3e-05_hd128_wd0.0_cosine,"lr3e-05,wd0.0",-0.7974444814062577,0.0008913036833165575
[16],9,"lr=0.001, wd=0.0",0,layer4_lr3e-05_hd128_wd0.01_cosine,"lr3e-05,wd0.01",-0.786626602596318,0.00013127026321827515
[16],9,"lr=0.001, wd=0.0",0,layer4_lr0.0001_hd128_wd0.0_cosine,"lr0.0001,wd0.0",-0.870664351314762,0.0010634737326876665
[16],9,"lr=0.001, wd=0.0",0,layer4_lr0.0001_hd128_wd0.01_cosine,"lr0.0001,wd0.01",-0.8521472708665236,0.0003527747367776172
[16],9,"lr=0.001, wd=0.0",0,layer4_lr0.0003_hd128_wd0.0_cosine,"lr0.0003,wd0.0",-0.9195091752921163,0.0007605852193791023
[16],9,"lr=0.001, wd=0.0",0,layer4_lr0.0003_hd128_wd0.01_cosine,"lr0.0003,wd0.01",-0.9008422791842551,0.00036915182589202975
[16],9,"lr=0.001, wd=0.0",0,layer4_lr0.001_hd128_wd0.0_cosine,"lr0.001,wd0.0",-0.9359864385598633,0.0006487198024171825
[16],9,"lr=0.001, wd=0.0",0,layer4_lr0.001_hd128_wd0.01_cosine,"lr0.001,wd0.01",-0.9215636387733366,0.0001680890944375687
[16],9,"lr=0.001, wd=0.0",0,layer4_lr0.003_hd128_wd0.0_cosine,"lr0.003,wd0.0",-0.9320219214282944,0.0003612361837637048
[16],9,"lr=0.001, wd=0.0",0,layer4_lr0.003_hd128_wd0.01_cosine,"lr0.003,wd0.01",-0.9136012408698104,0.00019399064594809607
[16],9,"lr=0.001, wd=0.0",5,layer4_lr1e-05_hd128_wd0.0_cosine,"lr1e-05,wd0.0",-2.3209806517429232,0.0002155303629214876
[16],9,"lr=0.001, wd=0.0",5,layer4_lr1e-05_hd128_wd0.01_cosine,"lr1e-05,wd0.01",-2.396270137265095,5.695791195588836e-06
[16],9,"lr=0.001, wd=0.0",5,layer4_lr3e-05_hd128_wd0.0_cosine,"lr3e-05,wd0.0",-2.3601630443156294,0.0006673109485044096
[16],9,"lr=0.001, wd=0.0",5,layer4_lr3e-05_hd128_wd0.01_cosine,"lr3e-05,wd0.01",-2.7558722355934417,0.00018874539022651306
[16],9,"lr=0.001, wd=0.0",5,layer4_lr0.0001_hd128_wd0.0_cosine,"lr0.0001,wd0.0",-2.351660243024993,9.700231405672082e-05
[16],9,"lr=0.001, wd=0.0",5,layer4_lr0.0001_hd128_wd0.01_cosine,"lr0.0001,wd0.01",-2.849042131031994,0.00018543145914432993
[16],9,"lr=0.001, wd=0.0",5,layer4_lr0.0003_hd128_wd0.0_cosine,"lr0.0003,wd0.0",-2.240617747307305,0.00035493679426314997
[16],9,"lr=0.001, wd=0.0",5,layer4_lr0.0003_hd128_wd0.01_cosine,"lr0.0003,wd0.01",-2.8395028805302447,0.00012044806123482627
[16],9,"lr=0.001, wd=0.0",5,layer4_lr0.001_hd128_wd0.0_cosine,"lr0.001,wd0.0",-2.238845286015692,0.0006484107346824275
[16],9,"lr=0.001, wd=0.0",5,layer4_lr0.001_hd128_wd0.01_cosine,"lr0.001,wd0.01",-2.8665467124533333,7.728469203193228e-05
[16],9,"lr=0.001, wd=0.0",5,layer4_lr0.003_hd128_wd0.0_cosine,"lr0.003,wd0.0",-2.2351189402873115,0.0003958320906203679
[16],9,"lr=0.001, wd=0.0",5,layer4_lr0.003_hd128_wd0.01_cosine,"lr0.003,wd0.01",-2.2954613929568968,0.0005711665022033363
[16],9,"lr=0.001, wd=0.0",10,layer4_lr1e-05_hd128_wd0.0_cosine,"lr1e-05,wd0.0",-2.694007998066553,0.00021122821400695665
[16],9,"lr=0.001, wd=0.0",10,layer4_lr1e-05_hd128_wd0.01_cosine,"lr1e-05,wd0.01",-2.828546834956431,0.00010223506208968765
[16],9,"lr=0.001, wd=0.0",10,layer4_lr3e-05_hd128_wd0.0_cosine,"lr3e-05,wd0.0",-2.7723833546120837,0.0002790496749873919
[16],9,"lr=0.001, wd=0.0",10,layer4_lr3e-05_hd128_wd0.01_cosine,"lr3e-05,wd0.01",-3.361896620509636,3.6689805429841054e-05
[16],9,"lr=0.001, wd=0.0",10,layer4_lr0.0001_hd128_wd0.0_cosine,"lr0.0001,wd0.0",-2.59639653698492,3.142462595257356e-05
[16],9,"lr=0.001, wd=0.0",10,layer4_lr0.0001_hd128_wd0.01_cosine,"lr0.0001,wd0.01",-3.390791672205026,4.8648565415462435e-05
[16],9,"lr=0.001, wd=0.0",10,layer4_lr0.0003_hd128_wd0.0_cosine,"lr0.0003,wd0.0",-2.443717567236767,0.0007174824921967442
[16],9,"lr=0.001, wd=0.0",10,layer4_lr0.0003_hd128_wd0.01_cosine,"lr0.0003,wd0.01",-3.4159468175459033,5.311413486008069e-05
[16],9,"lr=0.001, wd=0.0",10,layer4_lr0.001_hd128_wd0.0_cosine,"lr0.001,wd0.0",-2.448346118273405,0.000703838837936619
[16],9,"lr=0.001, wd=0.0",10,layer4_lr0.001_hd128_wd0.01_cosine,"lr0.001,wd0.01",-3.3258627620618006,0.00010431253235467132
[16],9,"lr=0.001, wd=0.0",10,layer4_lr0.003_hd128_wd0.0_cosine,"lr0.003,wd0.0",-2.8423266979662856,0.0002205448437298585
[16],9,"lr=0.001, wd=0.0",10,layer4_lr0.003_hd128_wd0.01_cosine,"lr0.003,wd0.01",-2.9426504860191374,0.0001810625341612688
[16],9,"lr=0.001, wd=0.0",20,layer4_lr1e-05_hd128_wd0.0_cosine,"lr1e-05,wd0.0",-3.1963423665310975,5.329001897513081e-06
[16],9,"lr=0.001, wd=0.0",20,layer4_lr1e-05_hd128_wd0.01_cosine,"lr1e-05,wd0.01",-3.2417700803394616,5.301652518647002e-06
[16],9,"lr=0.001, wd=0.0",20,layer4_lr3e-05_hd128_wd0.0_cosine,"lr3e-05,wd0.0",-3.104552119820145,2.0530925001111706e-05
[16],9,"lr=0.001, wd=0.0",20,layer4_lr3e-05_hd128_wd0.01_cosine,"lr3e-05,wd0.01",-3.7087979678544056,2.5147179313310194e-05
[16],9,"lr=0.001, wd=0.0",20,layer4_lr0.0001_hd128_wd0.0_cosine,"lr0.0001,wd0.0",-2.770936622167703,0.00019224587698485896
[16],9,"lr=0.001, wd=0.0",20,layer4_lr0.0001_hd128_wd0.01_cosine,"lr0.0001,wd0.01",-3.600856540993433,1.2157303093144162e-05
[16],9,"lr=0.001, wd=0.0",20,layer4_lr0.0003_hd128_wd0.0_cosine,"lr0.0003,wd0.0",-2.3423310446015284,0.0008812566550602177
[16],9,"lr=0.001, wd=0.0",20,layer4_lr0.0003_hd128_wd0.01_cosine,"lr0.0003,wd0.01",-3.6457735999240666,3.9505985164154995e-05
[16],9,"lr=0.001, wd=0.0",20,layer4_lr0.001_hd128_wd0.0_cosine,"lr0.001,wd0.0",-2.3379999212221136,0.0008400314129560725
[16],9,"lr=0.001, wd=0.0",20,layer4_lr0.001_hd128_wd0.01_cosine,"lr0.001,wd0.01",-3.2365464025586874,9.664034561965324e-05
[16],9,"lr=0.001, wd=0.0",20,layer4_lr0.003_hd128_wd0.0_cosine,"lr0.003,wd0.0",-2.828391241539677,0.0003541750041118009
[16],9,"lr=0.001, wd=0.0",20,layer4_lr0.003_hd128_wd0.01_cosine,"lr0.003,wd0.01",-1.3515350712585232,0.00031820342480840485
[16],9,"lr=0.001, wd=0.0",50,layer4_lr1e-05_hd128_wd0.0_cosine,"lr1e-05,wd0.0",-4.021561547068621,1.818272274104374e-06
[16],9,"lr=0.001, wd=0.0",50,layer4_lr1e-05_hd128_wd0.01_cosine,"lr1e-05,wd0.01",-4.109006939307544,1.3170130000519754e-06
[16],9,"lr=0.001, wd=0.0",50,layer4_lr3e-05_hd128_wd0.0_cosine,"lr3e-05,wd0.0",-3.83521058111694,1.0010496358517511e-06
[16],9,"lr=0.001, wd=0.0",50,layer4_lr3e-05_hd128_wd0.01_cosine,"lr3e-05,wd0.01",-4.0973944323545775,2.438926987840629e-06
[16],9,"lr=0.001, wd=0.0",50,layer4_lr0.0001_hd128_wd0.0_cosine,"lr0.0001,wd0.0",-3.207476070059272,8.413998742458592e-05
[16],9,"lr=0.001, wd=0.0",50,layer4_lr0.0001_hd128_wd0.01_cosine,"lr0.0001,wd0.01",-4.028107281232202,8.946383999108555e-06
[16],9,"lr=0.001, wd=0.0",50,layer4_lr0.0003_hd128_wd0.0_cosine,"lr0.0003,wd0.0",-2.4784313095176516,6.620382714034759e-05
[16],9,"lr=0.001, wd=0.0",50,layer4_lr0.0003_hd128_wd0.01_cosine,"lr0.0003,wd0.01",-3.9913384212452816,1.2530044354657117e-05
[16],9,"lr=0.001, wd=0.0",50,layer4_lr0.001_hd128_wd0.0_cosine,"lr0.001,wd0.0",-2.2889878037027698,4.9318845264571035e-05
[16],9,"lr=0.001, wd=0.0",50,layer4_lr0.001_hd128_wd0.01_cosine,"lr0.001,wd0.01",-1.9785109778197807,0.0001664437373043738
[16],9,"lr=0.001, wd=0.0",50,layer4_lr0.003_hd128_wd0.0_cosine,"lr0.003,wd0.0",-3.0984430234385365,0.00017021117295032756
[16],9,"lr=0.001, wd=0.0",50,layer4_lr0.003_hd128_wd0.01_cosine,"lr0.003,wd0.01",0.04154690526025307,0.0003407246416054581
[16],9,"lr=0.001, wd=0.0",90,layer4_lr1e-05_hd128_wd0.0_cosine,"lr1e-05,wd0.0",-4.161451112412851,1.3772487609414218e-06
[16],9,"lr=0.001, wd=0.0",90,layer4_lr1e-05_hd128_wd0.01_cosine,"lr1e-05,wd0.01",-4.212943842980857,3.892340950279776e-07
[16],9,"lr=0.001, wd=0.0",90,layer4_lr3e-05_hd128_wd0.0_cosine,"lr3e-05,wd0.0",-4.154317671228228,3.5000619289338915e-07
[16],9,"lr=0.001, wd=0.0",90,layer4_lr3e-05_hd128_wd0.01_cosine,"lr3e-05,wd0.01",-4.186839665247849,1.2228701493458571e-06
[16],9,"lr=0.001, wd=0.0",90,layer4_lr0.0001_hd128_wd0.0_cosine,"lr0.0001,wd0.0",-3.5497155444890605,1.5850057841460464e-06
[16],9,"lr=0.001, wd=0.0",90,layer4_lr0.0001_hd128_wd0.01_cosine,"lr0.0001,wd0.01",-4.19099969269476,1.4818696378257885e-06
[16],9,"lr=0.001, wd=0.0",90,layer4_lr0.0003_hd128_wd0.0_cosine,"lr0.0003,wd0.0",-3.4946082656061455,5.601605478060988e-06
[16],9,"lr=0.001, wd=0.0",90,layer4_lr0.0003_hd128_wd0.01_cosine,"lr0.0003,wd0.01",-4.0652186556323,1.0398836764702239e-05
[16],9,"lr=0.001, wd=0.0",90,layer4_lr0.001_hd128_wd0.0_cosine,"lr0.001,wd0.0",-3.366959370122686,4.4931183646092264e-05
[16],9,"lr=0.001, wd=0.0",90,layer4_lr0.001_hd128_wd0.01_cosine,"lr0.001,wd0.01",-3.760839978049751,3.060069193893888e-05
[16],9,"lr=0.001, wd=0.0",90,layer4_lr0.003_hd128_wd0.0_cosine,"lr0.003,wd0.0",-3.279126792601575,1.7428416612436416e-05
[16],9,"lr=0.001, wd=0.0",90,layer4_lr0.003_hd128_wd0.01_cosine,"lr0.003,wd0.01",-3.2336154984384184,9.188905439177265e-05
[16],10,"lr=0.001, wd=0.01",0,layer4_lr1e-05_hd128_wd0.0_cosine,"lr1e-05,wd0.0",-0.7304210081432924,0.0004341182103004031
[16],10,"lr=0.001, wd=0.01",0,layer4_lr1e-05_hd128_wd0.01_cosine,"lr1e-05,wd0.01",-0.7294107611543507,0.0003100239614889279
[16],10,"lr=0.001, wd=0.01",0,layer4_lr3e-05_hd128_wd0.0_cosine,"lr3e-05,wd0.0",-0.7557914806642223,0.001251937909227565
[16],10,"lr=0.001, wd=0.01",0,layer4_lr3e-05_hd128_wd0.01_cosine,"lr3e-05,wd0.01",-0.7672829588566922,0.00025629058337287865
[16],10,"lr=0.001, wd=0.01",0,layer4_lr0.0001_hd128_wd0.0_cosine,"lr0.0001,wd0.0",-0.8025819813033638,0.001577954353000349
[16],10,"lr=0.001, wd=0.01",0,layer4_lr0.0001_hd128_wd0.01_cosine,"lr0.0001,wd0.01",-0.8170674599584968,0.0006662347073372231
[16],10,"lr=0.001, wd=0.01",0,layer4_lr0.0003_hd128_wd0.0_cosine,"lr0.0003,wd0.0",-0.85637339601008,0.0012353276703939281
[16],10,"lr=0.001, wd=0.01",0,layer4_lr0.0003_hd128_wd0.01_cosine,"lr0.0003,wd0.01",-0.8683477645858075,0.0007044866854700071
[16],10,"lr=0.001, wd=0.01",0,layer4_lr0.001_hd128_wd0.0_cosine,"lr0.001,wd0.0",-0.8824953776833845,0.0010912127486221192
[16],10,"lr=0.001, wd=0.01",0,layer4_lr0.001_hd128_wd0.01_cosine,"lr0.001,wd0.01",-0.8974137192981201,0.0003459178849604058
[16],10,"lr=0.001, wd=0.01",0,layer4_lr0.003_hd128_wd0.0_cosine,"lr0.003,wd0.0",-0.8828016432714338,0.0007160283791601548
[16],10,"lr=0.001, wd=0.01",0,layer4_lr0.003_hd128_wd0.01_cosine,"lr0.003,wd0.01",-0.8915076426979228,0.00011646971673543257
[16],10,"lr=0.001, wd=0.01",5,layer4_lr1e-05_hd128_wd0.0_cosine,"lr1e-05,wd0.0",-2.11732860833889,0.00018143238120160965
[16],10,"lr=0.001, wd=0.01",5,layer4_lr1e-05_hd128_wd0.01_cosine,"lr1e-05,wd0.01",-2.206734515692196,2.9941320662057023e-06
[16],10,"lr=0.001, wd=0.01",5,layer4_lr3e-05_hd128_wd0.0_cosine,"lr3e-05,wd0.0",-2.1238431807964826,0.00025719414947269646
[16],10,"lr=0.001, wd=0.01",5,layer4_lr3e-05_hd128_wd0.01_cosine,"lr3e-05,wd0.01",-2.3986798281572366,9.756330161032318e-05
[16],10,"lr=0.001, wd=0.01",5,layer4_lr0.0001_hd128_wd0.0_cosine,"lr0.0001,wd0.0",-1.999935404070698,6.465251572082419e-05
[16],10,"lr=0.001, wd=0.01",5,layer4_lr0.0001_hd128_wd0.01_cosine,"lr0.0001,wd0.01",-2.395747045903809,6.390147627561793e-05
[16],10,"lr=0.001, wd=0.01",5,layer4_lr0.0003_hd128_wd0.0_cosine,"lr0.0003,wd0.0",-2.015907279170792,0.0006732161920755318
[16],10,"lr=0.001, wd=0.01",5,layer4_lr0.0003_hd128_wd0.01_cosine,"lr0.0003,wd0.01",-2.425197004909536,3.957588848507427e-05
[16],10,"lr=0.001, wd=0.01",5,layer4_lr0.001_hd128_wd0.0_cosine,"lr0.001,wd0.0",-1.989249058842408,0.0010400705335738062
[16],10,"lr=0.001, wd=0.01",5,layer4_lr0.001_hd128_wd0.01_cosine,"lr0.001,wd0.01",-2.0699318340769226,8.948398058321316e-05
[16],10,"lr=0.001, wd=0.01",5,layer4_lr0.003_hd128_wd0.0_cosine,"lr0.003,wd0.0",-1.8869039903677887,0.0008668191209587311
[16],10,"lr=0.001, wd=0.01",5,layer4_lr0.003_hd128_wd0.01_cosine,"lr0.003,wd0.01",-2.341303748620508,0.0003451729737645162
[16],10,"lr=0.001, wd=0.01",10,layer4_lr1e-05_hd128_wd0.0_cosine,"lr1e-05,wd0.0",-2.4152538064085265,0.0001365946807098165
[16],10,"lr=0.001, wd=0.01",10,layer4_lr1e-05_hd128_wd0.01_cosine,"lr1e-05,wd0.01",-2.54570997913146,5.914356651384675e-05
[16],10,"lr=0.001, wd=0.01",10,layer4_lr3e-05_hd128_wd0.0_cosine,"lr3e-05,wd0.0",-2.3631076609480584,5.571525254625026e-05
[16],10,"lr=0.001, wd=0.01",10,layer4_lr3e-05_hd128_wd0.01_cosine,"lr3e-05,wd0.01",-2.695741603553102,4.587687036508831e-06
[16],10,"lr=0.001, wd=0.01",10,layer4_lr0.0001_hd128_wd0.0_cosine,"lr0.0001,wd0.0",-2.2699416542194837,0.00014501402009718946
[16],10,"lr=0.001, wd=0.01",10,layer4_lr0.0001_hd128_wd0.01_cosine,"lr0.0001,wd0.01",-2.7109763845663335,1.5569970358936242e-06
[16],10,"lr=0.001, wd=0.01",10,layer4_lr0.0003_hd128_wd0.0_cosine,"lr0.0003,wd0.0",-2.252174947085988,0.0010473330300230566
[16],10,"lr=0.001, wd=0.01",10,layer4_lr0.0003_hd128_wd0.01_cosine,"lr0.0003,wd0.01",-2.8226394052755226,6.167313830809321e-06
[16],10,"lr=0.001, wd=0.01",10,layer4_lr0.001_hd128_wd0.0_cosine,"lr0.001,wd0.0",-2.2638372788947363,0.0009468668011799157
[16],10,"lr=0.001, wd=0.01",10,layer4_lr0.001_hd128_wd0.01_cosine,"lr0.001,wd0.01",-2.9043006872461734,4.783844186307618e-05
[16],10,"lr=0.001, wd=0.01",10,layer4_lr0.003_hd128_wd0.0_cosine,"lr0.003,wd0.0",-2.5036009531420813,0.0003317667741675777
[16],10,"lr=0.001, wd=0.01",10,layer4_lr0.003_hd128_wd0.01_cosine,"lr0.003,wd0.01",-3.3402176476997223,0.00013078214520374323
[16],10,"lr=0.001, wd=0.01",20,layer4_lr1e-05_hd128_wd0.0_cosine,"lr1e-05,wd0.0",-2.8616319422860528,1.0657516946444984e-06
[16],10,"lr=0.001, wd=0.01",20,layer4_lr1e-05_hd128_wd0.01_cosine,"lr1e-05,wd0.01",-2.923564345055774,2.79482685495149e-05
[16],10,"lr=0.001, wd=0.01",20,layer4_lr3e-05_hd128_wd0.0_cosine,"lr3e-05,wd0.0",-2.5957275522454606,7.81275522965771e-06
[16],10,"lr=0.001, wd=0.01",20,layer4_lr3e-05_hd128_wd0.01_cosine,"lr3e-05,wd0.01",-3.152956071481544,1.2280962245152648e-06
[16],10,"lr=0.001, wd=0.01",20,layer4_lr0.0001_hd128_wd0.0_cosine,"lr0.0001,wd0.0",-2.567656617287324,0.00034104024515490096
[16],10,"lr=0.001, wd=0.01",20,layer4_lr0.0001_hd128_wd0.01_cosine,"lr0.0001,wd0.01",-3.0337234176985137,2.9591335985872516e-06
[16],10,"lr=0.001, wd=0.01",20,layer4_lr0.0003_hd128_wd0.0_cosine,"lr0.0003,wd0.0",-2.2664338791891216,0.0010856339346396776
[16],10,"lr=0.001, wd=0.01",20,layer4_lr0.0003_hd128_wd0.01_cosine,"lr0.0003,wd0.01",-3.0739837077809664,4.312991623305456e-06
[16],10,"lr=0.001, wd=0.01",20,layer4_lr0.001_hd128_wd0.0_cosine,"lr0.001,wd0.0",-2.354890002808913,0.0009728805020089503
[16],10,"lr=0.001, wd=0.01",20,layer4_lr0.001_hd128_wd0.01_cosine,"lr0.001,wd0.01",-3.187602539392117,3.2411978000002115e-05
[16],10,"lr=0.001, wd=0.01",20,layer4_lr0.003_hd128_wd0.0_cosine,"lr0.003,wd0.0",-2.6004510616994025,0.00046411632723019995
[16],10,"lr=0.001, wd=0.01",20,layer4_lr0.003_hd128_wd0.01_cosine,"lr0.003,wd0.01",-2.36989054151581,0.0002604063814355374
[16],10,"lr=0.001, wd=0.01",50,layer4_lr1e-05_hd128_wd0.0_cosine,"lr1e-05,wd0.0",-4.007882693362038,2.7694344639564233e-06
[16],10,"lr=0.001, wd=0.01",50,layer4_lr1e-05_hd128_wd0.01_cosine,"lr1e-05,wd0.01",-4.084974530982687,2.645112166485609e-06
[16],10,"lr=0.001, wd=0.01",50,layer4_lr3e-05_hd128_wd0.0_cosine,"lr3e-05,wd0.0",-3.7885981494849528,5.315693055374408e-06
[16],10,"lr=0.001, wd=0.01",50,layer4_lr3e-05_hd128_wd0.01_cosine,"lr3e-05,wd0.01",-4.041939384897063,1.356196942758484e-06
[16],10,"lr=0.001, wd=0.01",50,layer4_lr0.0001_hd128_wd0.0_cosine,"lr0.0001,wd0.0",-3.0817715589615147,0.00010003093538483106
[16],10,"lr=0.001, wd=0.01",50,layer4_lr0.0001_hd128_wd0.01_cosine,"lr0.0001,wd0.01",-4.070501332008826,1.6858674292389098e-06
[16],10,"lr=0.001, wd=0.01",50,layer4_lr0.0003_hd128_wd0.0_cosine,"lr0.0003,wd0.0",-2.4210518629687807,6.0886251913231526e-05
[16],10,"lr=0.001, wd=0.01",50,layer4_lr0.0003_hd128_wd0.01_cosine,"lr0.0003,wd0.01",-4.0509151498547915,2.5083410010477453e-06
[16],10,"lr=0.001, wd=0.01",50,layer4_lr0.001_hd128_wd0.0_cosine,"lr0.001,wd0.0",-2.244831727908572,4.1105076635052356e-05
[16],10,"lr=0.001, wd=0.01",50,layer4_lr0.001_hd128_wd0.01_cosine,"lr0.001,wd0.01",-3.0370162816914283,0.00011082015718165051
[16],10,"lr=0.001, wd=0.01",50,layer4_lr0.003_hd128_wd0.0_cosine,"lr0.003,wd0.0",-3.0906926981460003,0.00018871239789397225
[16],10,"lr=0.001, wd=0.01",50,layer4_lr0.003_hd128_wd0.01_cosine,"lr0.003,wd0.01",-1.044966945542798,0.0002900205235413471
[16],10,"lr=0.001, wd=0.01",90,layer4_lr1e-05_hd128_wd0.0_cosine,"lr1e-05,wd0.0",-4.154032730496979,2.1055098353509484e-06
[16],10,"lr=0.001, wd=0.01",90,layer4_lr1e-05_hd128_wd0.01_cosine,"lr1e-05,wd0.01",-4.209178230397702,6.437548397248773e-07
[16],10,"lr=0.001, wd=0.01",90,layer4_lr3e-05_hd128_wd0.0_cosine,"lr3e-05,wd0.0",-4.143908439362437,6.622885156501833e-07
[16],10,"lr=0.001, wd=0.01",90,layer4_lr3e-05_hd128_wd0.01_cosine,"lr3e-05,wd0.01",-4.194609681417015,1.92910201878434e-07
[16],10,"lr=0.001, wd=0.01",90,layer4_lr0.0001_hd128_wd0.0_cosine,"lr0.0001,wd0.0",-3.4373374377996657,1.0885149595613628e-06
[16],10,"lr=0.001, wd=0.01",90,layer4_lr0.0001_hd128_wd0.01_cosine,"lr0.0001,wd0.01",-4.203790716391492,3.1229637331318925e-07
[16],10,"lr=0.001, wd=0.01",90,layer4_lr0.0003_hd128_wd0.0_cosine,"lr0.0003,wd0.0",-3.4407028641158024,5.265335841289201e-06
[16],10,"lr=0.001, wd=0.01",90,layer4_lr0.0003_hd128_wd0.01_cosine,"lr0.0003,wd0.01",-4.135541044392316,5.123115575800773e-06
[16],10,"lr=0.001, wd=0.01",90,layer4_lr0.001_hd128_wd0.0_cosine,"lr0.001,wd0.0",-3.327135738355237,4.481317490660109e-05
[16],10,"lr=0.001, wd=0.01",90,layer4_lr0.001_hd128_wd0.01_cosine,"lr0.001,wd0.01",-3.9371808329291675,1.1074609151954484e-05
[16],10,"lr=0.001, wd=0.01",90,layer4_lr0.003_hd128_wd0.0_cosine,"lr0.003,wd0.0",-3.193290626174119,1.5566565011850894e-05
[16],10,"lr=0.001, wd=0.01",90,layer4_lr0.003_hd128_wd0.01_cosine,"lr0.003,wd0.01",-3.2681332080379906,8.542510860190742e-05
[16],11,"lr=0.003, wd=0.0",0,layer4_lr1e-05_hd128_wd0.0_cosine,"lr1e-05,wd0.0",-0.7064470466568928,0.0004847040288943441
[16],11,"lr=0.003, wd=0.0",0,layer4_lr1e-05_hd128_wd0.01_cosine,"lr1e-05,wd0.01",-0.6991878777284396,0.00044638539876300026
[16],11,"lr=0.003, wd=0.0",0,layer4_lr3e-05_hd128_wd0.0_cosine,"lr3e-05,wd0.0",-0.7425317286595917,0.0010661188181988186
[16],11,"lr=0.003, wd=0.0",0,layer4_lr3e-05_hd128_wd0.01_cosine,"lr3e-05,wd0.01",-0.7437045438997048,0.00020124264533608017
[16],11,"lr=0.003, wd=0.0",0,layer4_lr0.0001_hd128_wd0.0_cosine,"lr0.0001,wd0.0",-0.8217869469348699,0.001249077346659725
[16],11,"lr=0.003, wd=0.0",0,layer4_lr0.0001_hd128_wd0.01_cosine,"lr0.0001,wd0.01",-0.8081745294257332,0.0004752412424125859
[16],11,"lr=0.003, wd=0.0",0,layer4_lr0.0003_hd128_wd0.0_cosine,"lr0.0003,wd0.0",-0.9081471825103343,0.0009010998893595431
[16],11,"lr=0.003, wd=0.0",0,layer4_lr0.0003_hd128_wd0.01_cosine,"lr0.0003,wd0.01",-0.8905625057398159,0.0005112298564029507
[16],11,"lr=0.003, wd=0.0",0,layer4_lr0.001_hd128_wd0.0_cosine,"lr0.001,wd0.0",-0.9562701385430713,0.0007940148461601898
[16],11,"lr=0.003, wd=0.0",0,layer4_lr0.001_hd128_wd0.01_cosine,"lr0.001,wd0.01",-0.9457710993184628,0.00027325192373089426
[16],11,"lr=0.003, wd=0.0",0,layer4_lr0.003_hd128_wd0.0_cosine,"lr0.003,wd0.0",-0.9754925004482686,0.0005122072786508034
[16],11,"lr=0.003, wd=0.0",0,layer4_lr0.003_hd128_wd0.01_cosine,"lr0.003,wd0.01",-0.9597916672196334,0.0001901191279027495
[16],11,"lr=0.003, wd=0.0",5,layer4_lr1e-05_hd128_wd0.0_cosine,"lr1e-05,wd0.0",-2.216340101550043,0.0001815198181618899
[16],11,"lr=0.003, wd=0.0",5,layer4_lr1e-05_hd128_wd0.01_cosine,"lr1e-05,wd0.01",-2.2661585654443885,5.079412254378224e-06
[16],11,"lr=0.003, wd=0.0",5,layer4_lr3e-05_hd128_wd0.0_cosine,"lr3e-05,wd0.0",-2.255241098168756,0.0005193019430087656
[16],11,"lr=0.003, wd=0.0",5,layer4_lr3e-05_hd128_wd0.01_cosine,"lr3e-05,wd0.01",-2.515224461967123,0.00015287467236362447
[16],11,"lr=0.003, wd=0.0",5,layer4_lr0.0001_hd128_wd0.0_cosine,"lr0.0001,wd0.0",-2.2318342745650352,0.00010505225816682407
[16],11,"lr=0.003, wd=0.0",5,layer4_lr0.0001_hd128_wd0.01_cosine,"lr0.0001,wd0.01",-2.6739356495853555,0.0002536492474277756
[16],11,"lr=0.003, wd=0.0",5,layer4_lr0.0003_hd128_wd0.0_cosine,"lr0.0003,wd0.0",-2.1933958951079964,0.0002911354328072008
[16],11,"lr=0.003, wd=0.0",5,layer4_lr0.0003_hd128_wd0.01_cosine,"lr0.0003,wd0.01",-2.750393803069089,0.00017254463984789977
[16],11,"lr=0.003, wd=0.0",5,layer4_lr0.001_hd128_wd0.0_cosine,"lr0.001,wd0.0",-2.2256277380655787,0.0005685167371916754
[16],11,"lr=0.003, wd=0.0",5,layer4_lr0.001_hd128_wd0.01_cosine,"lr0.001,wd0.01",-2.905453398373831,0.00012123116938318499
[16],11,"lr=0.003, wd=0.0",5,layer4_lr0.003_hd128_wd0.0_cosine,"lr0.003,wd0.0",-2.2299611614095842,0.0003266922568829212
[16],11,"lr=0.003, wd=0.0",5,layer4_lr0.003_hd128_wd0.01_cosine,"lr0.003,wd0.01",-2.436587317820543,0.000632049302188955
[16],11,"lr=0.003, wd=0.0",10,layer4_lr1e-05_hd128_wd0.0_cosine,"lr1e-05,wd0.0",-2.58683981488664,0.0001666075326307766
[16],11,"lr=0.003, wd=0.0",10,layer4_lr1e-05_hd128_wd0.01_cosine,"lr1e-05,wd0.01",-2.723149500709321,9.904660955242019e-05
[16],11,"lr=0.003, wd=0.0",10,layer4_lr3e-05_hd128_wd0.0_cosine,"lr3e-05,wd0.0",-2.649281613904781,0.00018523490150851855
[16],11,"lr=0.003, wd=0.0",10,layer4_lr3e-05_hd128_wd0.01_cosine,"lr3e-05,wd0.01",-2.9970033948322965,1.6688375013895023e-05
[16],11,"lr=0.003, wd=0.0",10,layer4_lr0.0001_hd128_wd0.0_cosine,"lr0.0001,wd0.0",-2.4379519981785553,2.450827895631459e-05
[16],11,"lr=0.003, wd=0.0",10,layer4_lr0.0001_hd128_wd0.01_cosine,"lr0.0001,wd0.01",-3.0738580736821652,4.959621771217917e-05
[16],11,"lr=0.003, wd=0.0",10,layer4_lr0.0003_hd128_wd0.0_cosine,"lr0.0003,wd0.0",-2.3896448376854025,0.0006837103092986781
[16],11,"lr=0.003, wd=0.0",10,layer4_lr0.0003_hd128_wd0.01_cosine,"lr0.0003,wd0.01",-3.160625581840584,6.888043292383493e-05
[16],11,"lr=0.003, wd=0.0",10,layer4_lr0.001_hd128_wd0.0_cosine,"lr0.001,wd0.0",-2.418468678056211,0.0006163159266378044
[16],11,"lr=0.003, wd=0.0",10,layer4_lr0.001_hd128_wd0.01_cosine,"lr0.001,wd0.01",-3.208307531034547,0.0001436910274451951
[16],11,"lr=0.003, wd=0.0",10,layer4_lr0.003_hd128_wd0.0_cosine,"lr0.003,wd0.0",-2.752281671191562,0.00017769044015931548
[16],11,"lr=0.003, wd=0.0",10,layer4_lr0.003_hd128_wd0.01_cosine,"lr0.003,wd0.01",-2.493418522421149,0.0002384682166585604
[16],11,"lr=0.003, wd=0.0",20,layer4_lr1e-05_hd128_wd0.0_cosine,"lr1e-05,wd0.0",-3.0203927856078043,1.1247665922729658e-06
[16],11,"lr=0.003, wd=0.0",20,layer4_lr1e-05_hd128_wd0.01_cosine,"lr1e-05,wd0.01",-3.0712852420152075,8.786645164598525e-06
[16],11,"lr=0.003, wd=0.0",20,layer4_lr3e-05_hd128_wd0.0_cosine,"lr3e-05,wd0.0",-2.8626984841935434,5.899949880193849e-06
[16],11,"lr=0.003, wd=0.0",20,layer4_lr3e-05_hd128_wd0.01_cosine,"lr3e-05,wd0.01",-3.4058426825054884,2.0503881986153044e-05
[16],11,"lr=0.003, wd=0.0",20,layer4_lr0.0001_hd128_wd0.0_cosine,"lr0.0001,wd0.0",-2.680793213223569,0.00016620612671661681
[16],11,"lr=0.003, wd=0.0",20,layer4_lr0.0001_hd128_wd0.01_cosine,"lr0.0001,wd0.01",-3.263714012540566,1.5379738226592818e-05
[16],11,"lr=0.003, wd=0.0",20,layer4_lr0.0003_hd128_wd0.0_cosine,"lr0.0003,wd0.0",-2.423750076242708,0.0008047557872314864
[16],11,"lr=0.003, wd=0.0",20,layer4_lr0.0003_hd128_wd0.01_cosine,"lr0.0003,wd0.01",-3.3979717066391233,4.7516945216047404e-05
[16],11,"lr=0.003, wd=0.0",20,layer4_lr0.001_hd128_wd0.0_cosine,"lr0.001,wd0.0",-2.47221878649476,0.00077943338108874
[16],11,"lr=0.003, wd=0.0",20,layer4_lr0.001_hd128_wd0.01_cosine,"lr0.001,wd0.01",-3.296665417414262,0.00011230989786508209
[16],11,"lr=0.003, wd=0.0",20,layer4_lr0.003_hd128_wd0.0_cosine,"lr0.003,wd0.0",-2.8313355923159853,0.000307292084142809
[16],11,"lr=0.003, wd=0.0",20,layer4_lr0.003_hd128_wd0.01_cosine,"lr0.003,wd0.01",-0.936856606147646,0.000364619603619608
[16],11,"lr=0.003, wd=0.0",50,layer4_lr1e-05_hd128_wd0.0_cosine,"lr1e-05,wd0.0",-3.949519853376387,1.551556299874574e-06
[16],11,"lr=0.003, wd=0.0",50,layer4_lr1e-05_hd128_wd0.01_cosine,"lr1e-05,wd0.01",-4.038878985196128,7.990640419560194e-07
[16],11,"lr=0.003, wd=0.0",50,layer4_lr3e-05_hd128_wd0.0_cosine,"lr3e-05,wd0.0",-3.7396232630177324,5.35701379877081e-07
[16],11,"lr=0.003, wd=0.0",50,layer4_lr3e-05_hd128_wd0.01_cosine,"lr3e-05,wd0.01",-4.018562522344914,3.4010625689967592e-06
[16],11,"lr=0.003, wd=0.0",50,layer4_lr0.0001_hd128_wd0.0_cosine,"lr0.0001,wd0.0",-3.158483917065288,6.192518144064345e-05
[16],11,"lr=0.003, wd=0.0",50,layer4_lr0.0001_hd128_wd0.01_cosine,"lr0.0001,wd0.01",-3.9140655619990525,1.335369797863363e-05
[16],11,"lr=0.003, wd=0.0",50,layer4_lr0.0003_hd128_wd0.0_cosine,"lr0.0003,wd0.0",-2.4988742671128357,5.047302299842341e-05
[16],11,"lr=0.003, wd=0.0",50,layer4_lr0.0003_hd128_wd0.01_cosine,"lr0.0003,wd0.01",-3.9060678358341887,1.6324428661939645e-05
[16],11,"lr=0.003, wd=0.0",50,layer4_lr0.001_hd128_wd0.0_cosine,"lr0.001,wd0.0",-2.3193232691040215,6.619369267180322e-05
[16],11,"lr=0.003, wd=0.0",50,layer4_lr0.001_hd128_wd0.01_cosine,"lr0.001,wd0.01",-2.032172006565992,0.0001862740239742355
[16],11,"lr=0.003, wd=0.0",50,layer4_lr0.003_hd128_wd0.0_cosine,"lr0.003,wd0.0",-3.1951434676586477,0.0001492278773587254
[16],11,"lr=0.003, wd=0.0",50,layer4_lr0.003_hd128_wd0.01_cosine,"lr0.003,wd0.01",0.14290303731239995,0.0003700982397019777
[16],11,"lr=0.003, wd=0.0",90,layer4_lr1e-05_hd128_wd0.0_cosine,"lr1e-05,wd0.0",-4.146506732711212,7.851356131537533e-07
[16],11,"lr=0.003, wd=0.0",90,layer4_lr1e-05_hd128_wd0.01_cosine,"lr1e-05,wd0.01",-4.1916288269352595,4.244643249163641e-07
[16],11,"lr=0.003, wd=0.0",90,layer4_lr3e-05_hd128_wd0.0_cosine,"lr3e-05,wd0.0",-4.131371480355609,3.8214570665011473e-07
[16],11,"lr=0.003, wd=0.0",90,layer4_lr3e-05_hd128_wd0.01_cosine,"lr3e-05,wd0.01",-4.152036164463276,2.550397693612828e-06
[16],11,"lr=0.003, wd=0.0",90,layer4_lr0.0001_hd128_wd0.0_cosine,"lr0.0001,wd0.0",-3.5326041355431044,1.2023478888158674e-06
[16],11,"lr=0.003, wd=0.0",90,layer4_lr0.0001_hd128_wd0.01_cosine,"lr0.0001,wd0.01",-4.162282029592566,2.2283926069638915e-06
[16],11,"lr=0.003, wd=0.0",90,layer4_lr0.0003_hd128_wd0.0_cosine,"lr0.0003,wd0.0",-3.542385380659177,5.613407235540633e-06
[16],11,"lr=0.003, wd=0.0",90,layer4_lr0.0003_hd128_wd0.01_cosine,"lr0.0003,wd0.01",-4.024819469414437,1.2528850585107083e-05
[16],11,"lr=0.003, wd=0.0",90,layer4_lr0.001_hd128_wd0.0_cosine,"lr0.001,wd0.0",-3.414826028485702,4.565958272403976e-05
[16],11,"lr=0.003, wd=0.0",90,layer4_lr0.001_hd128_wd0.01_cosine,"lr0.001,wd0.01",-3.7757082806621924,2.69381352715647e-05
[16],11,"lr=0.003, wd=0.0",90,layer4_lr0.003_hd128_wd0.0_cosine,"lr0.003,wd0.0",-3.3301630187664792,1.5646332849642145e-05
[16],11,"lr=0.003, wd=0.0",90,layer4_lr0.003_hd128_wd0.01_cosine,"lr0.003,wd0.01",-3.2592601387846982,9.20298195000956e-05
[16],12,"lr=0.003, wd=0.01",0,layer4_lr1e-05_hd128_wd0.0_cosine,"lr1e-05,wd0.0",-0.7415596330034279,0.00037494538475923067
[16],12,"lr=0.003, wd=0.01",0,layer4_lr1e-05_hd128_wd0.01_cosine,"lr1e-05,wd0.01",-0.739208428769853,0.00028688269715231013
[16],12,"lr=0.003, wd=0.01",0,layer4_lr3e-05_hd128_wd0.0_cosine,"lr3e-05,wd0.0",-0.764250585422744,0.001220948969982156
[16],12,"lr=0.003, wd=0.01",0,layer4_lr3e-05_hd128_wd0.01_cosine,"lr3e-05,wd0.01",-0.776166671582599,0.0002400477784607842
[16],12,"lr=0.003, wd=0.01",0,layer4_lr0.0001_hd128_wd0.0_cosine,"lr0.0001,wd0.0",-0.8089480801739298,0.0016990067146440324
[16],12,"lr=0.003, wd=0.01",0,layer4_lr0.0001_hd128_wd0.01_cosine,"lr0.0001,wd0.01",-0.8246459832634082,0.0007132008158747072
[16],12,"lr=0.003, wd=0.01",0,layer4_lr0.0003_hd128_wd0.0_cosine,"lr0.0003,wd0.0",-0.8698965317626759,0.0014875153808634966
[16],12,"lr=0.003, wd=0.01",0,layer4_lr0.0003_hd128_wd0.01_cosine,"lr0.0003,wd0.01",-0.8867077493050461,0.0008242240015966801
[16],12,"lr=0.003, wd=0.01",0,layer4_lr0.001_hd128_wd0.0_cosine,"lr0.001,wd0.0",-0.9338865727088332,0.0014329278263349732
[16],12,"lr=0.003, wd=0.01",0,layer4_lr0.001_hd128_wd0.01_cosine,"lr0.001,wd0.01",-0.9600812440694453,0.0004687231976788462
[16],12,"lr=0.003, wd=0.01",0,layer4_lr0.003_hd128_wd0.0_cosine,"lr0.003,wd0.0",-0.9657497478634189,0.0010492934351084855
[16],12,"lr=0.003, wd=0.01",0,layer4_lr0.003_hd128_wd0.01_cosine,"lr0.003,wd0.01",-0.988138447353474,0.00011391002723975784
[16],12,"lr=0.003, wd=0.01",5,layer4_lr1e-05_hd128_wd0.0_cosine,"lr1e-05,wd0.0",-1.9026729900144683,6.109937594164949e-06
[16],12,"lr=0.003, wd=0.01",5,layer4_lr1e-05_hd128_wd0.01_cosine,"lr1e-05,wd0.01",-1.9492661508227578,0.00018022597013286193
[16],12,"lr=0.003, wd=0.01",5,layer4_lr3e-05_hd128_wd0.0_cosine,"lr3e-05,wd0.0",-1.8669467118112892,7.979099330829952e-05
[16],12,"lr=0.003, wd=0.01",5,layer4_lr3e-05_hd128_wd0.01_cosine,"lr3e-05,wd0.01",-2.0182683069558642,0.00020422120487621832
[16],12,"lr=0.003, wd=0.01",5,layer4_lr0.0001_hd128_wd0.0_cosine,"lr0.0001,wd0.0",-1.9746751074885098,0.00022552210388183285
[16],12,"lr=0.003, wd=0.01",5,layer4_lr0.0001_hd128_wd0.01_cosine,"lr0.0001,wd0.01",-2.1884149300400573,1.8445831664410547e-05
[16],12,"lr=0.003, wd=0.01",5,layer4_lr0.0003_hd128_wd0.0_cosine,"lr0.0003,wd0.0",-1.9763459889636052,0.0010745946803054208
[16],12,"lr=0.003, wd=0.01",5,layer4_lr0.0003_hd128_wd0.01_cosine,"lr0.0003,wd0.01",-2.276363760926407,2.82551643292834e-06
[16],12,"lr=0.003, wd=0.01",5,layer4_lr0.001_hd128_wd0.0_cosine,"lr0.001,wd0.0",-1.9565657116113129,0.0016408051663808964
[16],12,"lr=0.003, wd=0.01",5,layer4_lr0.001_hd128_wd0.01_cosine,"lr0.001,wd0.01",-1.8794357628178613,0.000560621902144772
[16],12,"lr=0.003, wd=0.01",5,layer4_lr0.003_hd128_wd0.0_cosine,"lr0.003,wd0.0",-1.850800178718326,0.0016381790722231797
[16],12,"lr=0.003, wd=0.01",5,layer4_lr0.003_hd128_wd0.01_cosine,"lr0.003,wd0.01",-2.2448742878326664,0.00021339534651414695
[16],12,"lr=0.003, wd=0.01",10,layer4_lr1e-05_hd128_wd0.0_cosine,"lr1e-05,wd0.0",-2.193771164457162,8.966165481520909e-06
[16],12,"lr=0.003, wd=0.01",10,layer4_lr1e-05_hd128_wd0.01_cosine,"lr1e-05,wd0.01",-2.3076573006086423,1.3447541444609219e-05
[16],12,"lr=0.003, wd=0.01",10,layer4_lr3e-05_hd128_wd0.0_cosine,"lr3e-05,wd0.0",-2.091109464995051,3.2630591400288785e-05
[16],12,"lr=0.003, wd=0.01",10,layer4_lr3e-05_hd128_wd0.01_cosine,"lr3e-05,wd0.01",-2.2163523251662314,0.00020228726963195714
[16],12,"lr=0.003, wd=0.01",10,layer4_lr0.0001_hd128_wd0.0_cosine,"lr0.0001,wd0.0",-2.218467000944498,0.0003683019166852206
[16],12,"lr=0.003, wd=0.01",10,layer4_lr0.0001_hd128_wd0.01_cosine,"lr0.0001,wd0.01",-2.487394598169277,6.79582760111203e-05
[16],12,"lr=0.003, wd=0.01",10,layer4_lr0.0003_hd128_wd0.0_cosine,"lr0.0003,wd0.0",-2.178549917303753,0.001465424800026098
[16],12,"lr=0.003, wd=0.01",10,layer4_lr0.0003_hd128_wd0.01_cosine,"lr0.0003,wd0.01",-2.6781151911962766,2.005819140399018e-05
[16],12,"lr=0.003, wd=0.01",10,layer4_lr0.001_hd128_wd0.0_cosine,"lr0.001,wd0.0",-2.2343624143593086,0.001177262481331905
[16],12,"lr=0.003, wd=0.01",10,layer4_lr0.001_hd128_wd0.01_cosine,"lr0.001,wd0.01",-2.6432463892403,2.6370204798155936e-05
[16],12,"lr=0.003, wd=0.01",10,layer4_lr0.003_hd128_wd0.0_cosine,"lr0.003,wd0.0",-2.456886799156863,0.00047168198237085003
[16],12,"lr=0.003, wd=0.01",10,layer4_lr0.003_hd128_wd0.01_cosine,"lr0.003,wd0.01",-2.843083038567104,4.830707871378734e-05
[16],12,"lr=0.003, wd=0.01",20,layer4_lr1e-05_hd128_wd0.0_cosine,"lr1e-05,wd0.0",-2.601103248270583,3.507507520348028e-05
[16],12,"lr=0.003, wd=0.01",20,layer4_lr1e-05_hd128_wd0.01_cosine,"lr1e-05,wd0.01",-2.6436537901638832,0.00010787235759974548
[16],12,"lr=0.003, wd=0.01",20,layer4_lr3e-05_hd128_wd0.0_cosine,"lr3e-05,wd0.0",-2.4559693195122367,6.514362581810905e-05
[16],12,"lr=0.003, wd=0.01",20,layer4_lr3e-05_hd128_wd0.01_cosine,"lr3e-05,wd0.01",-2.676163098715766,2.7581791017308864e-05
[16],12,"lr=0.003, wd=0.01",20,layer4_lr0.0001_hd128_wd0.0_cosine,"lr0.0001,wd0.0",-2.4933001907740757,0.0005237406071198218
[16],12,"lr=0.003, wd=0.01",20,layer4_lr0.0001_hd128_wd0.01_cosine,"lr0.0001,wd0.01",-2.8352124031893173,2.8789947756215154e-05
[16],12,"lr=0.003, wd=0.01",20,layer4_lr0.0003_hd128_wd0.0_cosine,"lr0.0003,wd0.0",-2.174658797212633,0.00123483178843995
[16],12,"lr=0.003, wd=0.01",20,layer4_lr0.0003_hd128_wd0.01_cosine,"lr0.0003,wd0.01",-2.9561732902151534,9.068870885768066e-06
[16],12,"lr=0.003, wd=0.01",20,layer4_lr0.001_hd128_wd0.0_cosine,"lr0.001,wd0.0",-2.2918824914724794,0.0010725568748637777
[16],12,"lr=0.003, wd=0.01",20,layer4_lr0.001_hd128_wd0.01_cosine,"lr0.001,wd0.01",-2.8888525676734607,2.2951313683182705e-05
[16],12,"lr=0.003, wd=0.01",20,layer4_lr0.003_hd128_wd0.0_cosine,"lr0.003,wd0.0",-2.562290416195719,0.0005734352168181999
[16],12,"lr=0.003, wd=0.01",20,layer4_lr0.003_hd128_wd0.01_cosine,"lr0.003,wd0.01",-3.3343605203066424,0.0001439959990649396
[16],12,"lr=0.003, wd=0.01",50,layer4_lr1e-05_hd128_wd0.0_cosine,"lr1e-05,wd0.0",-3.912446748661753,6.073161679567464e-06
[16],12,"lr=0.003, wd=0.01",50,layer4_lr1e-05_hd128_wd0.01_cosine,"lr1e-05,wd0.01",-3.9648544829810493,4.401533942201187e-06
[16],12,"lr=0.003, wd=0.01",50,layer4_lr3e-05_hd128_wd0.0_cosine,"lr3e-05,wd0.0",-3.6677681305874668,1.3077388847286852e-05
[16],12,"lr=0.003, wd=0.01",50,layer4_lr3e-05_hd128_wd0.01_cosine,"lr3e-05,wd0.01",-3.852569246153704,6.103087497028854e-06
[16],12,"lr=0.003, wd=0.01",50,layer4_lr0.0001_hd128_wd0.0_cosine,"lr0.0001,wd0.0",-2.9988918748290136,9.708971938533038e-05
[16],12,"lr=0.003, wd=0.01",50,layer4_lr0.0001_hd128_wd0.01_cosine,"lr0.0001,wd0.01",-4.005339522229523,7.808356083667793e-07
[16],12,"lr=0.003, wd=0.01",50,layer4_lr0.0003_hd128_wd0.0_cosine,"lr0.0003,wd0.0",-2.428508092097283,4.9610971827278035e-05
[16],12,"lr=0.003, wd=0.01",50,layer4_lr0.0003_hd128_wd0.01_cosine,"lr0.0003,wd0.01",-4.028824046128645,9.280280223425941e-07
[16],12,"lr=0.003, wd=0.01",50,layer4_lr0.001_hd128_wd0.0_cosine,"lr0.001,wd0.0",-2.2676578336317728,5.466330795223554e-05
[16],12,"lr=0.003, wd=0.01",50,layer4_lr0.001_hd128_wd0.01_cosine,"lr0.001,wd0.01",-3.3433799303412046,8.976517824883277e-05
[16],12,"lr=0.003, wd=0.01",50,layer4_lr0.003_hd128_wd0.0_cosine,"lr0.003,wd0.0",-3.105911754558844,0.00018738720993513762
[16],12,"lr=0.003, wd=0.01",50,layer4_lr0.003_hd128_wd0.01_cosine,"lr0.003,wd0.01",-2.343271486194801,0.0002158548764559546
[16],12,"lr=0.003, wd=0.01",90,layer4_lr1e-05_hd128_wd0.0_cosine,"lr1e-05,wd0.0",-4.146482885771676,2.19960401262239e-06
[16],12,"lr=0.003, wd=0.01",90,layer4_lr1e-05_hd128_wd0.01_cosine,"lr1e-05,wd0.01",-4.198253721749,6.320300256656607e-07
[16],12,"lr=0.003, wd=0.01",90,layer4_lr3e-05_hd128_wd0.0_cosine,"lr3e-05,wd0.0",-4.129686110352266,1.044245363408161e-06
[16],12,"lr=0.003, wd=0.01",90,layer4_lr3e-05_hd128_wd0.01_cosine,"lr3e-05,wd0.01",-4.1886175354367925,3.287431342366813e-07
[16],12,"lr=0.003, wd=0.01",90,layer4_lr0.0001_hd128_wd0.0_cosine,"lr0.0001,wd0.0",-3.4387333155437236,9.926130228787125e-07
[16],12,"lr=0.003, wd=0.01",90,layer4_lr0.0001_hd128_wd0.01_cosine,"lr0.0001,wd0.01",-4.1983656404547345,4.428984739346574e-07
[16],12,"lr=0.003, wd=0.01",90,layer4_lr0.0003_hd128_wd0.0_cosine,"lr0.0003,wd0.0",-3.489795301586634,5.02753163906169e-06
[16],12,"lr=0.003, wd=0.01",90,layer4_lr0.0003_hd128_wd0.01_cosine,"lr0.0003,wd0.01",-4.144074764293948,4.466798193978519e-06
[16],12,"lr=0.003, wd=0.01",90,layer4_lr0.001_hd128_wd0.0_cosine,"lr0.001,wd0.0",-3.3798448451807173,4.3385638393118505e-05
[16],12,"lr=0.003, wd=0.01",90,layer4_lr0.001_hd128_wd0.01_cosine,"lr0.001,wd0.01",-3.9751993851810608,5.944161084830217e-06
[16],12,"lr=0.003, wd=0.01",90,layer4_lr0.003_hd128_wd0.0_cosine,"lr0.003,wd0.0",-3.238440645636376,1.4648760415340085e-05
[16],12,"lr=0.003, wd=0.01",90,layer4_lr0.003_hd128_wd0.01_cosine,"lr0.003,wd0.01",-3.532536348202201,5.360581264342542e-05
[24],1,"lr=1e-05, wd=0.0",0,layer4_lr1e-05_hd128_wd0.0_cosine,"lr1e-05,wd0.0",-1.3656624588823592,0.0033892902973786695
[24],1,"lr=1e-05, wd=0.0",0,layer4_lr1e-05_hd128_wd0.01_cosine,"lr1e-05,wd0.01",-1.6101990908267931,0.002116745557612589
[24],1,"lr=1e-05, wd=0.0",0,layer4_lr3e-05_hd128_wd0.0_cosine,"lr3e-05,wd0.0",-0.7437000643298322,0.006517388564700532
[24],1,"lr=1e-05, wd=0.0",0,layer4_lr3e-05_hd128_wd0.01_cosine,"lr3e-05,wd0.01",-1.3043149929516644,0.003936790649139364
[24],1,"lr=1e-05, wd=0.0",0,layer4_lr0.0001_hd128_wd0.0_cosine,"lr0.0001,wd0.0",-0.6702828922583716,0.00751137288528985
[24],1,"lr=1e-05, wd=0.0",0,layer4_lr0.0001_hd128_wd0.01_cosine,"lr0.0001,wd0.01",-1.1022220087486263,0.00531479502908734
[24],1,"lr=1e-05, wd=0.0",0,layer4_lr0.0003_hd128_wd0.0_cosine,"lr0.0003,wd0.0",-0.8802581049738468,0.006791435830352528
[24],1,"lr=1e-05, wd=0.0",0,layer4_lr0.0003_hd128_wd0.01_cosine,"lr0.0003,wd0.01",-1.1404063124929202,0.005338133275554619
[24],1,"lr=1e-05, wd=0.0",0,layer4_lr0.001_hd128_wd0.0_cosine,"lr0.001,wd0.0",-0.9888305020631295,0.006331356427801191
[24],1,"lr=1e-05, wd=0.0",0,layer4_lr0.001_hd128_wd0.01_cosine,"lr0.001,wd0.01",-1.2770223817967676,0.0041081534717687315
[24],1,"lr=1e-05, wd=0.0",0,layer4_lr0.003_hd128_wd0.0_cosine,"lr0.003,wd0.0",-1.0874711096022351,0.00542291307265591
[24],1,"lr=1e-05, wd=0.0",0,layer4_lr0.003_hd128_wd0.01_cosine,"lr0.003,wd0.01",-1.355513529194388,0.002545402865226744
[24],1,"lr=1e-05, wd=0.0",5,layer4_lr1e-05_hd128_wd0.0_cosine,"lr1e-05,wd0.0",-1.940954974779918,0.0001789819422118683
[24],1,"lr=1e-05, wd=0.0",5,layer4_lr1e-05_hd128_wd0.01_cosine,"lr1e-05,wd0.01",-1.9760295369667085,3.540139627737452e-06
[24],1,"lr=1e-05, wd=0.0",5,layer4_lr3e-05_hd128_wd0.0_cosine,"lr3e-05,wd0.0",-2.07664115747497,8.754139446912599e-05
[24],1,"lr=1e-05, wd=0.0",5,layer4_lr3e-05_hd128_wd0.01_cosine,"lr3e-05,wd0.01",-2.158710522579211,1.5910021208025223e-05
[24],1,"lr=1e-05, wd=0.0",5,layer4_lr0.0001_hd128_wd0.0_cosine,"lr0.0001,wd0.0",-1.905623162069693,0.0001475624160593418
[24],1,"lr=1e-05, wd=0.0",5,layer4_lr0.0001_hd128_wd0.01_cosine,"lr0.0001,wd0.01",-2.0135448690872284,2.3809751699585497e-06
[24],1,"lr=1e-05, wd=0.0",5,layer4_lr0.0003_hd128_wd0.0_cosine,"lr0.0003,wd0.0",-1.7059168356555523,0.0015251512240637398
[24],1,"lr=1e-05, wd=0.0",5,layer4_lr0.0003_hd128_wd0.01_cosine,"lr0.0003,wd0.01",-1.9116174828658918,2.2341217258912014e-05
[24],1,"lr=1e-05, wd=0.0",5,layer4_lr0.001_hd128_wd0.0_cosine,"lr0.001,wd0.0",-1.5458538910867206,0.0024784466110016052
[24],1,"lr=1e-05, wd=0.0",5,layer4_lr0.001_hd128_wd0.01_cosine,"lr0.001,wd0.01",-1.3738997705237879,0.0012971241195884116
[24],1,"lr=1e-05, wd=0.0",5,layer4_lr0.003_hd128_wd0.0_cosine,"lr0.003,wd0.0",-1.3899341176679685,0.0029873899531186287
[24],1,"lr=1e-05, wd=0.0",5,layer4_lr0.003_hd128_wd0.01_cosine,"lr0.003,wd0.01",-1.755200102207033,0.0002965392404035702
[24],1,"lr=1e-05, wd=0.0",10,layer4_lr1e-05_hd128_wd0.0_cosine,"lr1e-05,wd0.0",-2.313040959137606,0.00024225144701331771
[24],1,"lr=1e-05, wd=0.0",10,layer4_lr1e-05_hd128_wd0.01_cosine,"lr1e-05,wd0.01",-2.336611442305862,0.0001513607099039702
[24],1,"lr=1e-05, wd=0.0",10,layer4_lr3e-05_hd128_wd0.0_cosine,"lr3e-05,wd0.0",-2.553753507104206,4.958904017564657e-05
[24],1,"lr=1e-05, wd=0.0",10,layer4_lr3e-05_hd128_wd0.01_cosine,"lr3e-05,wd0.01",-2.65153607848064,1.4168785850909286e-05
[24],1,"lr=1e-05, wd=0.0",10,layer4_lr0.0001_hd128_wd0.0_cosine,"lr0.0001,wd0.0",-2.3234518016937677,0.0003969021722166873
[24],1,"lr=1e-05, wd=0.0",10,layer4_lr0.0001_hd128_wd0.01_cosine,"lr0.0001,wd0.01",-2.62527391712165,3.350097701286911e-05
[24],1,"lr=1e-05, wd=0.0",10,layer4_lr0.0003_hd128_wd0.0_cosine,"lr0.0003,wd0.0",-1.996129517913399,0.0019114037183893266
[24],1,"lr=1e-05, wd=0.0",10,layer4_lr0.0003_hd128_wd0.01_cosine,"lr0.0003,wd0.01",-2.3343511178401406,5.4433953733102434e-05
[24],1,"lr=1e-05, wd=0.0",10,layer4_lr0.001_hd128_wd0.0_cosine,"lr0.001,wd0.0",-1.9479767063425657,0.00178404728767773
[24],1,"lr=1e-05, wd=0.0",10,layer4_lr0.001_hd128_wd0.01_cosine,"lr0.001,wd0.01",-2.021267790183643,4.414061933379547e-05
[24],1,"lr=1e-05, wd=0.0",10,layer4_lr0.003_hd128_wd0.0_cosine,"lr0.003,wd0.0",-2.0749431807997722,0.000748126596919338
[24],1,"lr=1e-05, wd=0.0",10,layer4_lr0.003_hd128_wd0.01_cosine,"lr0.003,wd0.01",-1.7406083408150899,0.00021999419502105933
[24],1,"lr=1e-05, wd=0.0",20,layer4_lr1e-05_hd128_wd0.0_cosine,"lr1e-05,wd0.0",-2.750938954183087,9.553376178796082e-06
[24],1,"lr=1e-05, wd=0.0",20,layer4_lr1e-05_hd128_wd0.01_cosine,"lr1e-05,wd0.01",-2.8347715276705103,4.091805066764047e-06
[24],1,"lr=1e-05, wd=0.0",20,layer4_lr3e-05_hd128_wd0.0_cosine,"lr3e-05,wd0.0",-2.854844875621923,1.0199804580511668e-05
[24],1,"lr=1e-05, wd=0.0",20,layer4_lr3e-05_hd128_wd0.01_cosine,"lr3e-05,wd0.01",-2.9443021274257273,2.5468602218975912e-06
[24],1,"lr=1e-05, wd=0.0",20,layer4_lr0.0001_hd128_wd0.0_cosine,"lr0.0001,wd0.0",-2.57186686126445,0.0005599291324626392
[24],1,"lr=1e-05, wd=0.0",20,layer4_lr0.0001_hd128_wd0.01_cosine,"lr0.0001,wd0.01",-2.911155184287394,2.9289701768173514e-05
[24],1,"lr=1e-05, wd=0.0",20,layer4_lr0.0003_hd128_wd0.0_cosine,"lr0.0003,wd0.0",-2.149119897633657,0.0014360309876637414
[24],1,"lr=1e-05, wd=0.0",20,layer4_lr0.0003_hd128_wd0.01_cosine,"lr0.0003,wd0.01",-2.4905734416355543,2.8144932310634097e-05
[24],1,"lr=1e-05, wd=0.0",20,layer4_lr0.001_hd128_wd0.0_cosine,"lr0.001,wd0.0",-2.251198048408344,0.0012894676323310875
[24],1,"lr=1e-05, wd=0.0",20,layer4_lr0.001_hd128_wd0.01_cosine,"lr0.001,wd0.01",-2.1473783793946226,8.051084467130835e-05
[24],1,"lr=1e-05, wd=0.0",20,layer4_lr0.003_hd128_wd0.0_cosine,"lr0.003,wd0.0",-2.305316717562607,0.000779113926360755
[24],1,"lr=1e-05, wd=0.0",20,layer4_lr0.003_hd128_wd0.01_cosine,"lr0.003,wd0.01",-2.4597946517809355,0.00016173418252308117
[24],1,"lr=1e-05, wd=0.0",50,layer4_lr1e-05_hd128_wd0.0_cosine,"lr1e-05,wd0.0",-3.6395578890246223,2.126930018977178e-06
[24],1,"lr=1e-05, wd=0.0",50,layer4_lr1e-05_hd128_wd0.01_cosine,"lr1e-05,wd0.01",-3.740758800191787,1.3302177219464615e-06
[24],1,"lr=1e-05, wd=0.0",50,layer4_lr3e-05_hd128_wd0.0_cosine,"lr3e-05,wd0.0",-3.509074017916187,7.570905458066923e-06
[24],1,"lr=1e-05, wd=0.0",50,layer4_lr3e-05_hd128_wd0.01_cosine,"lr3e-05,wd0.01",-3.9225418557004175,2.5251334512756123e-06
[24],1,"lr=1e-05, wd=0.0",50,layer4_lr0.0001_hd128_wd0.0_cosine,"lr0.0001,wd0.0",-2.630946222108176,9.710472104146344e-05
[24],1,"lr=1e-05, wd=0.0",50,layer4_lr0.0001_hd128_wd0.01_cosine,"lr0.0001,wd0.01",-4.041056028893935,1.4383245762017326e-06
[24],1,"lr=1e-05, wd=0.0",50,layer4_lr0.0003_hd128_wd0.0_cosine,"lr0.0003,wd0.0",-2.2539704945676076,0.00018776624602191008
[24],1,"lr=1e-05, wd=0.0",50,layer4_lr0.0003_hd128_wd0.01_cosine,"lr0.0003,wd0.01",-3.9400219407854866,9.538965082352686e-07
[24],1,"lr=1e-05, wd=0.0",50,layer4_lr0.001_hd128_wd0.0_cosine,"lr0.001,wd0.0",-2.1121623904541234,0.00010223356649394078
[24],1,"lr=1e-05, wd=0.0",50,layer4_lr0.001_hd128_wd0.01_cosine,"lr0.001,wd0.01",-3.2063326469918594,9.390215133416072e-05
[24],1,"lr=1e-05, wd=0.0",50,layer4_lr0.003_hd128_wd0.0_cosine,"lr0.003,wd0.0",-3.0046135063988704,0.00020591460295673857
[24],1,"lr=1e-05, wd=0.0",50,layer4_lr0.003_hd128_wd0.01_cosine,"lr0.003,wd0.01",-2.965077723790227,0.0002499428092183207
[24],1,"lr=1e-05, wd=0.0",90,layer4_lr1e-05_hd128_wd0.0_cosine,"lr1e-05,wd0.0",-4.127430827804465,1.4732055809943562e-06
[24],1,"lr=1e-05, wd=0.0",90,layer4_lr1e-05_hd128_wd0.01_cosine,"lr1e-05,wd0.01",-4.186480448621149,4.999592972150597e-07
[24],1,"lr=1e-05, wd=0.0",90,layer4_lr3e-05_hd128_wd0.0_cosine,"lr3e-05,wd0.0",-4.068499049859119,1.0563412690992465e-06
[24],1,"lr=1e-05, wd=0.0",90,layer4_lr3e-05_hd128_wd0.01_cosine,"lr3e-05,wd0.01",-4.162014695650306,6.1500283720578e-07
[24],1,"lr=1e-05, wd=0.0",90,layer4_lr0.0001_hd128_wd0.0_cosine,"lr0.0001,wd0.0",-3.5120457055089016,3.3296561798955756e-06
[24],1,"lr=1e-05, wd=0.0",90,layer4_lr0.0001_hd128_wd0.01_cosine,"lr0.0001,wd0.01",-4.182837742157685,6.224259431224057e-07
[24],1,"lr=1e-05, wd=0.0",90,layer4_lr0.0003_hd128_wd0.0_cosine,"lr0.0003,wd0.0",-3.5205759422831906,2.2978776472506354e-05
[24],1,"lr=1e-05, wd=0.0",90,layer4_lr0.0003_hd128_wd0.01_cosine,"lr0.0003,wd0.01",-4.14114539579979,4.106967314320022e-06
[24],1,"lr=1e-05, wd=0.0",90,layer4_lr0.001_hd128_wd0.0_cosine,"lr0.001,wd0.0",-3.225254116801136,8.534780607753729e-05
[24],1,"lr=1e-05, wd=0.0",90,layer4_lr0.001_hd128_wd0.01_cosine,"lr0.001,wd0.01",-3.9664907926039197,5.242921338192778e-06
[24],1,"lr=1e-05, wd=0.0",90,layer4_lr0.003_hd128_wd0.0_cosine,"lr0.003,wd0.0",-3.2597075534031092,5.6764789020533555e-05
[24],1,"lr=1e-05, wd=0.0",90,layer4_lr0.003_hd128_wd0.01_cosine,"lr0.003,wd0.01",-3.603770660264109,3.774995866558535e-05
[24],2,"lr=1e-05, wd=0.01",0,layer4_lr1e-05_hd128_wd0.0_cosine,"lr1e-05,wd0.0",-1.2114917592414634,0.00428271109149923
[24],2,"lr=1e-05, wd=0.01",0,layer4_lr1e-05_hd128_wd0.01_cosine,"lr1e-05,wd0.01",-1.4828440601865218,0.0028109972484670702
[24],2,"lr=1e-05, wd=0.01",0,layer4_lr3e-05_hd128_wd0.0_cosine,"lr3e-05,wd0.0",-0.6128311158798868,0.007722701830562375
[24],2,"lr=1e-05, wd=0.01",0,layer4_lr3e-05_hd128_wd0.01_cosine,"lr3e-05,wd0.01",-1.1124573635444015,0.004849031380179059
[24],2,"lr=1e-05, wd=0.01",0,layer4_lr0.0001_hd128_wd0.0_cosine,"lr0.0001,wd0.0",-0.5302757925726754,0.00876955760748865
[24],2,"lr=1e-05, wd=0.01",0,layer4_lr0.0001_hd128_wd0.01_cosine,"lr0.0001,wd0.01",-0.9191256175731563,0.0063653987626911546
[24],2,"lr=1e-05, wd=0.01",0,layer4_lr0.0003_hd128_wd0.0_cosine,"lr0.0003,wd0.0",-0.7444919608296681,0.007913167830310479
[24],2,"lr=1e-05, wd=0.01",0,layer4_lr0.0003_hd128_wd0.01_cosine,"lr0.0003,wd0.01",-0.9931309465611032,0.0063786540899629166
[24],2,"lr=1e-05, wd=0.01",0,layer4_lr0.001_hd128_wd0.0_cosine,"lr0.001,wd0.0",-0.8815286904972304,0.00738278296577182
[24],2,"lr=1e-05, wd=0.01",0,layer4_lr0.001_hd128_wd0.01_cosine,"lr0.001,wd0.01",-1.1743391626491253,0.005002540869689109
[24],2,"lr=1e-05, wd=0.01",0,layer4_lr0.003_hd128_wd0.0_cosine,"lr0.003,wd0.0",-1.0030614237249187,0.006412056240608807
[24],2,"lr=1e-05, wd=0.01",0,layer4_lr0.003_hd128_wd0.01_cosine,"lr0.003,wd0.01",-1.287180102883283,0.0032167613703143762
[24],2,"lr=1e-05, wd=0.01",5,layer4_lr1e-05_hd128_wd0.0_cosine,"lr1e-05,wd0.0",-1.908048135640998,0.00019613263401577295
[24],2,"lr=1e-05, wd=0.01",5,layer4_lr1e-05_hd128_wd0.01_cosine,"lr1e-05,wd0.01",-1.9163304983792935,2.0003316214800313e-06
[24],2,"lr=1e-05, wd=0.01",5,layer4_lr3e-05_hd128_wd0.0_cosine,"lr3e-05,wd0.0",-2.018269387374692,8.97936593124839e-05
[24],2,"lr=1e-05, wd=0.01",5,layer4_lr3e-05_hd128_wd0.01_cosine,"lr3e-05,wd0.01",-2.112380224294154,1.2828545360645818e-05
[24],2,"lr=1e-05, wd=0.01",5,layer4_lr0.0001_hd128_wd0.0_cosine,"lr0.0001,wd0.0",-1.8341802638503388,0.00016047349156888256
[24],2,"lr=1e-05, wd=0.01",5,layer4_lr0.0001_hd128_wd0.01_cosine,"lr0.0001,wd0.01",-1.951578131915657,2.0392046945849366e-06
[24],2,"lr=1e-05, wd=0.01",5,layer4_lr0.0003_hd128_wd0.0_cosine,"lr0.0003,wd0.0",-1.6576067155409604,0.0015512740275292066
[24],2,"lr=1e-05, wd=0.01",5,layer4_lr0.0003_hd128_wd0.01_cosine,"lr0.0003,wd0.01",-1.870518113971802,1.900806866832114e-05
[24],2,"lr=1e-05, wd=0.01",5,layer4_lr0.001_hd128_wd0.0_cosine,"lr0.001,wd0.0",-1.5375765227826477,0.0023535320820600877
[24],2,"lr=1e-05, wd=0.01",5,layer4_lr0.001_hd128_wd0.01_cosine,"lr0.001,wd0.01",-1.3803833220649753,0.0010621744763363134
[24],2,"lr=1e-05, wd=0.01",5,layer4_lr0.003_hd128_wd0.0_cosine,"lr0.003,wd0.0",-1.3880703265537848,0.0028401825571654684
[24],2,"lr=1e-05, wd=0.01",5,layer4_lr0.003_hd128_wd0.01_cosine,"lr0.003,wd0.01",-1.820814008760789,0.0003360690627697679
[24],2,"lr=1e-05, wd=0.01",10,layer4_lr1e-05_hd128_wd0.0_cosine,"lr1e-05,wd0.0",-2.269003214978579,0.000268409668567976
[24],2,"lr=1e-05, wd=0.01",10,layer4_lr1e-05_hd128_wd0.01_cosine,"lr1e-05,wd0.01",-2.3073494765576106,0.00016549964728603857
[24],2,"lr=1e-05, wd=0.01",10,layer4_lr3e-05_hd128_wd0.0_cosine,"lr3e-05,wd0.0",-2.486219197139294,4.591332429030074e-05
[24],2,"lr=1e-05, wd=0.01",10,layer4_lr3e-05_hd128_wd0.01_cosine,"lr3e-05,wd0.01",-2.575566811524161,1.752439577043112e-05
[24],2,"lr=1e-05, wd=0.01",10,layer4_lr0.0001_hd128_wd0.0_cosine,"lr0.0001,wd0.0",-2.2455751056327697,0.0004353113257121427
[24],2,"lr=1e-05, wd=0.01",10,layer4_lr0.0001_hd128_wd0.01_cosine,"lr0.0001,wd0.01",-2.5413626689106317,3.462572972054636e-05
[24],2,"lr=1e-05, wd=0.01",10,layer4_lr0.0003_hd128_wd0.0_cosine,"lr0.0003,wd0.0",-1.9499606031417078,0.001976254737422488
[24],2,"lr=1e-05, wd=0.01",10,layer4_lr0.0003_hd128_wd0.01_cosine,"lr0.0003,wd0.01",-2.293943077177022,4.678537095781117e-05
[24],2,"lr=1e-05, wd=0.01",10,layer4_lr0.001_hd128_wd0.0_cosine,"lr0.001,wd0.0",-1.916442018675753,0.0018127604043395086
[24],2,"lr=1e-05, wd=0.01",10,layer4_lr0.001_hd128_wd0.01_cosine,"lr0.001,wd0.01",-1.9706465174427652,4.4724035246402836e-05
[24],2,"lr=1e-05, wd=0.01",10,layer4_lr0.003_hd128_wd0.0_cosine,"lr0.003,wd0.0",-2.0480562593930167,0.0007373527734518436
[24],2,"lr=1e-05, wd=0.01",10,layer4_lr0.003_hd128_wd0.01_cosine,"lr0.003,wd0.01",-1.7604984046049261,0.00015187534127954373
[24],2,"lr=1e-05, wd=0.01",20,layer4_lr1e-05_hd128_wd0.0_cosine,"lr1e-05,wd0.0",-2.6158935060046464,1.7411756415433818e-06
[24],2,"lr=1e-05, wd=0.01",20,layer4_lr1e-05_hd128_wd0.01_cosine,"lr1e-05,wd0.01",-2.730876587175714,5.1268402824259974e-06
[24],2,"lr=1e-05, wd=0.01",20,layer4_lr3e-05_hd128_wd0.0_cosine,"lr3e-05,wd0.0",-2.819620209541793,9.517308457541743e-06
[24],2,"lr=1e-05, wd=0.01",20,layer4_lr3e-05_hd128_wd0.01_cosine,"lr3e-05,wd0.01",-2.878343327697399,2.087307736811883e-06
[24],2,"lr=1e-05, wd=0.01",20,layer4_lr0.0001_hd128_wd0.0_cosine,"lr0.0001,wd0.0",-2.533859704359254,0.0005868854064214418
[24],2,"lr=1e-05, wd=0.01",20,layer4_lr0.0001_hd128_wd0.01_cosine,"lr0.0001,wd0.01",-2.8592708685873993,3.014030769081681e-05
[24],2,"lr=1e-05, wd=0.01",20,layer4_lr0.0003_hd128_wd0.0_cosine,"lr0.0003,wd0.0",-2.1575027682407155,0.001461489765939121
[24],2,"lr=1e-05, wd=0.01",20,layer4_lr0.0003_hd128_wd0.01_cosine,"lr0.0003,wd0.01",-2.473541815002305,2.463556146986314e-05
[24],2,"lr=1e-05, wd=0.01",20,layer4_lr0.001_hd128_wd0.0_cosine,"lr0.001,wd0.0",-2.25083697203021,0.0012973914036526427
[24],2,"lr=1e-05, wd=0.01",20,layer4_lr0.001_hd128_wd0.01_cosine,"lr0.001,wd0.01",-2.1476753344742026,6.993963289050266e-05
[24],2,"lr=1e-05, wd=0.01",20,layer4_lr0.003_hd128_wd0.0_cosine,"lr0.003,wd0.0",-2.2840321258367102,0.0007748468274896681
[24],2,"lr=1e-05, wd=0.01",20,layer4_lr0.003_hd128_wd0.01_cosine,"lr0.003,wd0.01",-2.4226279599652907,0.00016983366206357257
[24],2,"lr=1e-05, wd=0.01",50,layer4_lr1e-05_hd128_wd0.0_cosine,"lr1e-05,wd0.0",-3.5302685475813838,2.1463269237034927e-06
[24],2,"lr=1e-05, wd=0.01",50,layer4_lr1e-05_hd128_wd0.01_cosine,"lr1e-05,wd0.01",-3.6375576283262148,1.2876750213301676e-06
[24],2,"lr=1e-05, wd=0.01",50,layer4_lr3e-05_hd128_wd0.0_cosine,"lr3e-05,wd0.0",-3.485465408745621,7.57286799884107e-06
[24],2,"lr=1e-05, wd=0.01",50,layer4_lr3e-05_hd128_wd0.01_cosine,"lr3e-05,wd0.01",-3.871927467482294,2.525956011451197e-06
[24],2,"lr=1e-05, wd=0.01",50,layer4_lr0.0001_hd128_wd0.0_cosine,"lr0.0001,wd0.0",-2.581497945269234,9.280533288789955e-05
[24],2,"lr=1e-05, wd=0.01",50,layer4_lr0.0001_hd128_wd0.01_cosine,"lr0.0001,wd0.01",-4.0361808617994885,1.4842631311868981e-06
[24],2,"lr=1e-05, wd=0.01",50,layer4_lr0.0003_hd128_wd0.0_cosine,"lr0.0003,wd0.0",-2.2390069679556133,0.00017374449026083885
[24],2,"lr=1e-05, wd=0.01",50,layer4_lr0.0003_hd128_wd0.01_cosine,"lr0.0003,wd0.01",-3.9050717618576134,9.674040391720836e-07
[24],2,"lr=1e-05, wd=0.01",50,layer4_lr0.001_hd128_wd0.0_cosine,"lr0.001,wd0.0",-2.1044299146889016,8.17868172944954e-05
[24],2,"lr=1e-05, wd=0.01",50,layer4_lr0.001_hd128_wd0.01_cosine,"lr0.001,wd0.01",-3.1691254237093758,9.77938383493338e-05
[24],2,"lr=1e-05, wd=0.01",50,layer4_lr0.003_hd128_wd0.0_cosine,"lr0.003,wd0.0",-3.057278401463726,0.0001995002671203814
[24],2,"lr=1e-05, wd=0.01",50,layer4_lr0.003_hd128_wd0.01_cosine,"lr0.003,wd0.01",-2.946963224676274,0.0002562942634614435
[24],2,"lr=1e-05, wd=0.01",90,layer4_lr1e-05_hd128_wd0.0_cosine,"lr1e-05,wd0.0",-4.115528444772055,1.2192251735989614e-06
[24],2,"lr=1e-05, wd=0.01",90,layer4_lr1e-05_hd128_wd0.01_cosine,"lr1e-05,wd0.01",-4.17705879410387,5.766252777332924e-07
[24],2,"lr=1e-05, wd=0.01",90,layer4_lr3e-05_hd128_wd0.0_cosine,"lr3e-05,wd0.0",-4.0617968988722035,1.0330958115712338e-06
[24],2,"lr=1e-05, wd=0.01",90,layer4_lr3e-05_hd128_wd0.01_cosine,"lr3e-05,wd0.01",-4.160998282743552,6.792661010437112e-07
[24],2,"lr=1e-05, wd=0.01",90,layer4_lr0.0001_hd128_wd0.0_cosine,"lr0.0001,wd0.0",-3.473184368863142,2.8832520535684176e-06
[24],2,"lr=1e-05, wd=0.01",90,layer4_lr0.0001_hd128_wd0.01_cosine,"lr0.0001,wd0.01",-4.184615370997899,6.109792013772557e-07
[24],2,"lr=1e-05, wd=0.01",90,layer4_lr0.0003_hd128_wd0.0_cosine,"lr0.0003,wd0.0",-3.5014389377312756,2.1904728897629038e-05
[24],2,"lr=1e-05, wd=0.01",90,layer4_lr0.0003_hd128_wd0.01_cosine,"lr0.0003,wd0.01",-4.136588740943497,4.394112907211755e-06
[24],2,"lr=1e-05, wd=0.01",90,layer4_lr0.001_hd128_wd0.0_cosine,"lr0.001,wd0.0",-3.22617892132222,8.214343503716576e-05
[24],2,"lr=1e-05, wd=0.01",90,layer4_lr0.001_hd128_wd0.01_cosine,"lr0.001,wd0.01",-3.9513198657409636,4.996704278278643e-06
[24],2,"lr=1e-05, wd=0.01",90,layer4_lr0.003_hd128_wd0.0_cosine,"lr0.003,wd0.0",-3.2490288885297587,5.414913118247284e-05
[24],2,"lr=1e-05, wd=0.01",90,layer4_lr0.003_hd128_wd0.01_cosine,"lr0.003,wd0.01",-3.6016828224556585,3.607924932169996e-05
[24],3,"lr=3e-05, wd=0.0",0,layer4_lr1e-05_hd128_wd0.0_cosine,"lr1e-05,wd0.0",-1.34777508390056,0.0006651383084509173
[24],3,"lr=3e-05, wd=0.0",0,layer4_lr1e-05_hd128_wd0.01_cosine,"lr1e-05,wd0.01",-1.323116486622514,0.00015846990710425882
[24],3,"lr=3e-05, wd=0.0",0,layer4_lr3e-05_hd128_wd0.0_cosine,"lr3e-05,wd0.0",-1.2899222619754178,0.0022962161922582733
[24],3,"lr=3e-05, wd=0.0",0,layer4_lr3e-05_hd128_wd0.01_cosine,"lr3e-05,wd0.01",-1.3264968095960314,0.0008586144995035224
[24],3,"lr=3e-05, wd=0.0",0,layer4_lr0.0001_hd128_wd0.0_cosine,"lr0.0001,wd0.0",-1.2450489058677014,0.002833879604790837
[24],3,"lr=3e-05, wd=0.0",0,layer4_lr0.0001_hd128_wd0.01_cosine,"lr0.0001,wd0.01",-1.301593738691596,0.0015695726222878079
[24],3,"lr=3e-05, wd=0.0",0,layer4_lr0.0003_hd128_wd0.0_cosine,"lr0.0003,wd0.0",-1.238677762105823,0.002466972960267093
[24],3,"lr=3e-05, wd=0.0",0,layer4_lr0.0003_hd128_wd0.01_cosine,"lr0.0003,wd0.01",-1.2896098447640227,0.0015930875770773568
[24],3,"lr=3e-05, wd=0.0",0,layer4_lr0.001_hd128_wd0.0_cosine,"lr0.001,wd0.0",-1.2035097076995067,0.0022454514020385074
[24],3,"lr=3e-05, wd=0.0",0,layer4_lr0.001_hd128_wd0.01_cosine,"lr0.001,wd0.01",-1.2702073864066026,0.0009931662368728965
[24],3,"lr=3e-05, wd=0.0",0,layer4_lr0.003_hd128_wd0.0_cosine,"lr0.003,wd0.0",-1.1668731032273902,0.0016669486044438657
[24],3,"lr=3e-05, wd=0.0",0,layer4_lr0.003_hd128_wd0.01_cosine,"lr0.003,wd0.01",-1.2201092644741935,0.0004226139013998634
[24],3,"lr=3e-05, wd=0.0",5,layer4_lr1e-05_hd128_wd0.0_cosine,"lr1e-05,wd0.0",-2.504924791539721,0.00013736832986832072
[24],3,"lr=3e-05, wd=0.0",5,layer4_lr1e-05_hd128_wd0.01_cosine,"lr1e-05,wd0.01",-2.740329869163123,2.589526204795381e-06
[24],3,"lr=3e-05, wd=0.0",5,layer4_lr3e-05_hd128_wd0.0_cosine,"lr3e-05,wd0.0",-2.1634058717670426,8.0979785648031e-05
[24],3,"lr=3e-05, wd=0.0",5,layer4_lr3e-05_hd128_wd0.01_cosine,"lr3e-05,wd0.01",-2.3318294715188634,1.1088837617910914e-05
[24],3,"lr=3e-05, wd=0.0",5,layer4_lr0.0001_hd128_wd0.0_cosine,"lr0.0001,wd0.0",-2.1547784580534817,0.00018130128075195438
[24],3,"lr=3e-05, wd=0.0",5,layer4_lr0.0001_hd128_wd0.01_cosine,"lr0.0001,wd0.01",-2.2860227885707176,1.0828877619253615e-05
[24],3,"lr=3e-05, wd=0.0",5,layer4_lr0.0003_hd128_wd0.0_cosine,"lr0.0003,wd0.0",-1.959640581191075,0.001324451789127392
[24],3,"lr=3e-05, wd=0.0",5,layer4_lr0.0003_hd128_wd0.01_cosine,"lr0.0003,wd0.01",-2.1609488799679424,1.2701890660557614e-05
[24],3,"lr=3e-05, wd=0.0",5,layer4_lr0.001_hd128_wd0.0_cosine,"lr0.001,wd0.0",-1.6952135359356875,0.002390118114326606
[24],3,"lr=3e-05, wd=0.0",5,layer4_lr0.001_hd128_wd0.01_cosine,"lr0.001,wd0.01",-1.4950285845593863,0.0012227340906017833
[24],3,"lr=3e-05, wd=0.0",5,layer4_lr0.003_hd128_wd0.0_cosine,"lr0.003,wd0.0",-1.5213087714555367,0.002668146626543018
[24],3,"lr=3e-05, wd=0.0",5,layer4_lr0.003_hd128_wd0.01_cosine,"lr0.003,wd0.01",-1.6832398743062158,0.0002649417493845329
[24],3,"lr=3e-05, wd=0.0",10,layer4_lr1e-05_hd128_wd0.0_cosine,"lr1e-05,wd0.0",-2.965507130859064,0.00016535234268182642
[24],3,"lr=3e-05, wd=0.0",10,layer4_lr1e-05_hd128_wd0.01_cosine,"lr1e-05,wd0.01",-3.40772767115083,4.626962001292696e-05
[24],3,"lr=3e-05, wd=0.0",10,layer4_lr3e-05_hd128_wd0.0_cosine,"lr3e-05,wd0.0",-2.736315586193477,4.614222644280825e-05
[24],3,"lr=3e-05, wd=0.0",10,layer4_lr3e-05_hd128_wd0.01_cosine,"lr3e-05,wd0.01",-2.8858143111756136,2.2983643287992753e-05
[24],3,"lr=3e-05, wd=0.0",10,layer4_lr0.0001_hd128_wd0.0_cosine,"lr0.0001,wd0.0",-2.601583264758723,0.00031883710785496865
[24],3,"lr=3e-05, wd=0.0",10,layer4_lr0.0001_hd128_wd0.01_cosine,"lr0.0001,wd0.01",-2.890732524779491,3.6435128707267947e-05
[24],3,"lr=3e-05, wd=0.0",10,layer4_lr0.0003_hd128_wd0.0_cosine,"lr0.0003,wd0.0",-2.184868103659479,0.0015895305992726454
[24],3,"lr=3e-05, wd=0.0",10,layer4_lr0.0003_hd128_wd0.01_cosine,"lr0.0003,wd0.01",-2.5891738956582344,5.5812443596237346e-05
[24],3,"lr=3e-05, wd=0.0",10,layer4_lr0.001_hd128_wd0.0_cosine,"lr0.001,wd0.0",-2.166901034807405,0.001525329162276193
[24],3,"lr=3e-05, wd=0.0",10,layer4_lr0.001_hd128_wd0.01_cosine,"lr0.001,wd0.01",-2.372307494560997,2.7477900430471824e-05
[24],3,"lr=3e-05, wd=0.0",10,layer4_lr0.003_hd128_wd0.0_cosine,"lr0.003,wd0.0",-2.298084895124781,0.0006737635531769546
[24],3,"lr=3e-05, wd=0.0",10,layer4_lr0.003_hd128_wd0.01_cosine,"lr0.003,wd0.01",-1.90006361067218,0.00020501302179187867
[24],3,"lr=3e-05, wd=0.0",20,layer4_lr1e-05_hd128_wd0.0_cosine,"lr1e-05,wd0.0",-3.4681013037015602,5.00644175607741e-05
[24],3,"lr=3e-05, wd=0.0",20,layer4_lr1e-05_hd128_wd0.01_cosine,"lr1e-05,wd0.01",-3.8112735032021408,5.718206985781002e-06
[24],3,"lr=3e-05, wd=0.0",20,layer4_lr3e-05_hd128_wd0.0_cosine,"lr3e-05,wd0.0",-3.1820546567149868,3.99426268124205e-06
[24],3,"lr=3e-05, wd=0.0",20,layer4_lr3e-05_hd128_wd0.01_cosine,"lr3e-05,wd0.01",-3.342564457880861,1.3875926416172415e-06
[24],3,"lr=3e-05, wd=0.0",20,layer4_lr0.0001_hd128_wd0.0_cosine,"lr0.0001,wd0.0",-2.6954679015473664,0.00048717500687284925
[24],3,"lr=3e-05, wd=0.0",20,layer4_lr0.0001_hd128_wd0.01_cosine,"lr0.0001,wd0.01",-3.187987162214918,2.2509746033804544e-05
[24],3,"lr=3e-05, wd=0.0",20,layer4_lr0.0003_hd128_wd0.0_cosine,"lr0.0003,wd0.0",-1.912819340905173,0.0013325848033382054
[24],3,"lr=3e-05, wd=0.0",20,layer4_lr0.0003_hd128_wd0.01_cosine,"lr0.0003,wd0.01",-2.9166890782924995,1.7723154253006503e-05
[24],3,"lr=3e-05, wd=0.0",20,layer4_lr0.001_hd128_wd0.0_cosine,"lr0.001,wd0.0",-2.1269022841008476,0.0012157930669145674
[24],3,"lr=3e-05, wd=0.0",20,layer4_lr0.001_hd128_wd0.01_cosine,"lr0.001,wd0.01",-2.4808744113647294,4.84788545775409e-05
[24],3,"lr=3e-05, wd=0.0",20,layer4_lr0.003_hd128_wd0.0_cosine,"lr0.003,wd0.0",-2.458253411178461,0.0007200599970520287
[24],3,"lr=3e-05, wd=0.0",20,layer4_lr0.003_hd128_wd0.01_cosine,"lr0.003,wd0.01",-2.7517936061899055,0.00021469452071879046
[24],3,"lr=3e-05, wd=0.0",50,layer4_lr1e-05_hd128_wd0.0_cosine,"lr1e-05,wd0.0",-4.024782163159802,9.020212892562635e-06
[24],3,"lr=3e-05, wd=0.0",50,layer4_lr1e-05_hd128_wd0.01_cosine,"lr1e-05,wd0.01",-4.129765066110204,2.779278535080833e-06
[24],3,"lr=3e-05, wd=0.0",50,layer4_lr3e-05_hd128_wd0.0_cosine,"lr3e-05,wd0.0",-3.9319509072053007,6.2470570209499375e-06
[24],3,"lr=3e-05, wd=0.0",50,layer4_lr3e-05_hd128_wd0.01_cosine,"lr3e-05,wd0.01",-4.068945730188272,1.4706058212944884e-06
[24],3,"lr=3e-05, wd=0.0",50,layer4_lr0.0001_hd128_wd0.0_cosine,"lr0.0001,wd0.0",-2.7252092922869378,0.00011033050737697042
[24],3,"lr=3e-05, wd=0.0",50,layer4_lr0.0001_hd128_wd0.01_cosine,"lr0.0001,wd0.01",-4.066105310566273,1.3655991730480816e-06
[24],3,"lr=3e-05, wd=0.0",50,layer4_lr0.0003_hd128_wd0.0_cosine,"lr0.0003,wd0.0",-2.207333298692122,0.00015575317429927766
[24],3,"lr=3e-05, wd=0.0",50,layer4_lr0.0003_hd128_wd0.01_cosine,"lr0.0003,wd0.01",-4.037120111673383,1.5671151348088502e-06
[24],3,"lr=3e-05, wd=0.0",50,layer4_lr0.001_hd128_wd0.0_cosine,"lr0.001,wd0.0",-2.059081423127873,5.3328573035981976e-05
[24],3,"lr=3e-05, wd=0.0",50,layer4_lr0.001_hd128_wd0.01_cosine,"lr0.001,wd0.01",-3.3105985373118263,9.620734467025024e-05
[24],3,"lr=3e-05, wd=0.0",50,layer4_lr0.003_hd128_wd0.0_cosine,"lr0.003,wd0.0",-3.0426291821520848,0.00021206784568824347
[24],3,"lr=3e-05, wd=0.0",50,layer4_lr0.003_hd128_wd0.01_cosine,"lr0.003,wd0.01",-2.887368397839366,0.00026965353703499987
[24],3,"lr=3e-05, wd=0.0",90,layer4_lr1e-05_hd128_wd0.0_cosine,"lr1e-05,wd0.0",-4.187034505279734,4.369871879912721e-07
[24],3,"lr=3e-05, wd=0.0",90,layer4_lr1e-05_hd128_wd0.01_cosine,"lr1e-05,wd0.01",-4.214609743027666,8.277750929953789e-07
[24],3,"lr=3e-05, wd=0.0",90,layer4_lr3e-05_hd128_wd0.0_cosine,"lr3e-05,wd0.0",-4.085308867869055,1.1409197269571563e-06
[24],3,"lr=3e-05, wd=0.0",90,layer4_lr3e-05_hd128_wd0.01_cosine,"lr3e-05,wd0.01",-4.163113618140025,3.007956028072321e-07
[24],3,"lr=3e-05, wd=0.0",90,layer4_lr0.0001_hd128_wd0.0_cosine,"lr0.0001,wd0.0",-3.429893670761452,3.182250544995779e-06
[24],3,"lr=3e-05, wd=0.0",90,layer4_lr0.0001_hd128_wd0.01_cosine,"lr0.0001,wd0.01",-4.177017701863524,4.151639878971677e-07
[24],3,"lr=3e-05, wd=0.0",90,layer4_lr0.0003_hd128_wd0.0_cosine,"lr0.0003,wd0.0",-3.543789645892128,2.02497894082569e-05
[24],3,"lr=3e-05, wd=0.0",90,layer4_lr0.0003_hd128_wd0.01_cosine,"lr0.0003,wd0.01",-4.12144125913206,5.405104709058416e-06
[24],3,"lr=3e-05, wd=0.0",90,layer4_lr0.001_hd128_wd0.0_cosine,"lr0.001,wd0.0",-3.260217628012185,7.803285359295511e-05
[24],3,"lr=3e-05, wd=0.0",90,layer4_lr0.001_hd128_wd0.01_cosine,"lr0.001,wd0.01",-3.934981060325984,1.381184935949903e-05
[24],3,"lr=3e-05, wd=0.0",90,layer4_lr0.003_hd128_wd0.0_cosine,"lr0.003,wd0.0",-3.17937682168338,4.650480903031983e-05
[24],3,"lr=3e-05, wd=0.0",90,layer4_lr0.003_hd128_wd0.01_cosine,"lr0.003,wd0.01",-3.380540410408211,7.385965098303522e-05
[24],4,"lr=3e-05, wd=0.01",0,layer4_lr1e-05_hd128_wd0.0_cosine,"lr1e-05,wd0.0",-1.3958815783278693,0.0010094022257852516
[24],4,"lr=3e-05, wd=0.01",0,layer4_lr1e-05_hd128_wd0.01_cosine,"lr1e-05,wd0.01",-1.4227399959658276,0.00034584403635164293
[24],4,"lr=3e-05, wd=0.01",0,layer4_lr3e-05_hd128_wd0.0_cosine,"lr3e-05,wd0.0",-1.3005395352334372,0.0028821919877671043
[24],4,"lr=3e-05, wd=0.01",0,layer4_lr3e-05_hd128_wd0.01_cosine,"lr3e-05,wd0.01",-1.4031063817627158,0.001224648261108682
[24],4,"lr=3e-05, wd=0.01",0,layer4_lr0.0001_hd128_wd0.0_cosine,"lr0.0001,wd0.0",-1.2415383109956417,0.003436181589081188
[24],4,"lr=3e-05, wd=0.01",0,layer4_lr0.0001_hd128_wd0.01_cosine,"lr0.0001,wd0.01",-1.3496660981319835,0.0020338732766548204
[24],4,"lr=3e-05, wd=0.01",0,layer4_lr0.0003_hd128_wd0.0_cosine,"lr0.0003,wd0.0",-1.2415024194077162,0.0029602208761867416
[24],4,"lr=3e-05, wd=0.01",0,layer4_lr0.0003_hd128_wd0.01_cosine,"lr0.0003,wd0.01",-1.3273442552484054,0.0020547040736460386
[24],4,"lr=3e-05, wd=0.01",0,layer4_lr0.001_hd128_wd0.0_cosine,"lr0.001,wd0.0",-1.2106749922460014,0.002690882062806416
[24],4,"lr=3e-05, wd=0.01",0,layer4_lr0.001_hd128_wd0.01_cosine,"lr0.001,wd0.01",-1.310363908377039,0.0013549980008430585
[24],4,"lr=3e-05, wd=0.01",0,layer4_lr0.003_hd128_wd0.0_cosine,"lr0.003,wd0.0",-1.1795687779366297,0.00208034500171895
[24],4,"lr=3e-05, wd=0.01",0,layer4_lr0.003_hd128_wd0.01_cosine,"lr0.003,wd0.01",-1.2609959874654564,0.0006208123446538
[24],4,"lr=3e-05, wd=0.01",5,layer4_lr1e-05_hd128_wd0.0_cosine,"lr1e-05,wd0.0",-2.377997743669543,0.0001759156182598654
[24],4,"lr=3e-05, wd=0.01",5,layer4_lr1e-05_hd128_wd0.01_cosine,"lr1e-05,wd0.01",-2.4886816381798718,6.81388606083011e-06
[24],4,"lr=3e-05, wd=0.01",5,layer4_lr3e-05_hd128_wd0.0_cosine,"lr3e-05,wd0.0",-2.1417429924099585,0.00011296506496768389
[24],4,"lr=3e-05, wd=0.01",5,layer4_lr3e-05_hd128_wd0.01_cosine,"lr3e-05,wd0.01",-2.303210006223876,1.661716480346291e-05
[24],4,"lr=3e-05, wd=0.01",5,layer4_lr0.0001_hd128_wd0.0_cosine,"lr0.0001,wd0.0",-2.112776819534602,0.00012240112958673287
[24],4,"lr=3e-05, wd=0.01",5,layer4_lr0.0001_hd128_wd0.01_cosine,"lr0.0001,wd0.01",-2.2830777450334607,1.2520114564798866e-05
[24],4,"lr=3e-05, wd=0.01",5,layer4_lr0.0003_hd128_wd0.0_cosine,"lr0.0003,wd0.0",-1.9085747353954714,0.0012190750163919854
[24],4,"lr=3e-05, wd=0.01",5,layer4_lr0.0003_hd128_wd0.01_cosine,"lr0.0003,wd0.01",-2.167837490218793,5.206089155571515e-06
[24],4,"lr=3e-05, wd=0.01",5,layer4_lr0.001_hd128_wd0.0_cosine,"lr0.001,wd0.0",-1.6800143295197556,0.0021208159439951315
[24],4,"lr=3e-05, wd=0.01",5,layer4_lr0.001_hd128_wd0.01_cosine,"lr0.001,wd0.01",-1.4966658320918758,0.0010030601516464132
[24],4,"lr=3e-05, wd=0.01",5,layer4_lr0.003_hd128_wd0.0_cosine,"lr0.003,wd0.0",-1.5165206682300538,0.002358357554378223
[24],4,"lr=3e-05, wd=0.01",5,layer4_lr0.003_hd128_wd0.01_cosine,"lr0.003,wd0.01",-1.7150508329060872,0.00030724331456513903
[24],4,"lr=3e-05, wd=0.01",10,layer4_lr1e-05_hd128_wd0.0_cosine,"lr1e-05,wd0.0",-2.7739593418374247,0.00024663927715880615
[24],4,"lr=3e-05, wd=0.01",10,layer4_lr1e-05_hd128_wd0.01_cosine,"lr1e-05,wd0.01",-3.159577824991594,9.400208057254211e-05
[24],4,"lr=3e-05, wd=0.01",10,layer4_lr3e-05_hd128_wd0.0_cosine,"lr3e-05,wd0.0",-2.696250835343573,6.723503765995689e-05
[24],4,"lr=3e-05, wd=0.01",10,layer4_lr3e-05_hd128_wd0.01_cosine,"lr3e-05,wd0.01",-2.877105938893296,9.64783691029328e-06
[24],4,"lr=3e-05, wd=0.01",10,layer4_lr0.0001_hd128_wd0.0_cosine,"lr0.0001,wd0.0",-2.5380647170983783,0.00028618565786246725
[24],4,"lr=3e-05, wd=0.01",10,layer4_lr0.0001_hd128_wd0.01_cosine,"lr0.0001,wd0.01",-2.90387411845903,2.148316589206815e-05
[24],4,"lr=3e-05, wd=0.01",10,layer4_lr0.0003_hd128_wd0.0_cosine,"lr0.0003,wd0.0",-2.186059391555668,0.0015254562124976678
[24],4,"lr=3e-05, wd=0.01",10,layer4_lr0.0003_hd128_wd0.01_cosine,"lr0.0003,wd0.01",-2.6093632534609177,3.561583967381564e-05
[24],4,"lr=3e-05, wd=0.01",10,layer4_lr0.001_hd128_wd0.0_cosine,"lr0.001,wd0.0",-2.1475893684563956,0.001494191070494498
[24],4,"lr=3e-05, wd=0.01",10,layer4_lr0.001_hd128_wd0.01_cosine,"lr0.001,wd0.01",-2.3223031841291992,2.761419673310576e-05
[24],4,"lr=3e-05, wd=0.01",10,layer4_lr0.003_hd128_wd0.0_cosine,"lr0.003,wd0.0",-2.2737832913894516,0.0006387705680093021
[24],4,"lr=3e-05, wd=0.01",10,layer4_lr0.003_hd128_wd0.01_cosine,"lr0.003,wd0.01",-1.9051093708628708,0.0001494068007559902
[24],4,"lr=3e-05, wd=0.01",20,layer4_lr1e-05_hd128_wd0.0_cosine,"lr1e-05,wd0.0",-3.303539938331457,7.64045913056589e-05
[24],4,"lr=3e-05, wd=0.01",20,layer4_lr1e-05_hd128_wd0.01_cosine,"lr1e-05,wd0.01",-3.673616513686782,1.9252785906497322e-05
[24],4,"lr=3e-05, wd=0.01",20,layer4_lr3e-05_hd128_wd0.0_cosine,"lr3e-05,wd0.0",-3.079417641437989,4.685861854774794e-06
[24],4,"lr=3e-05, wd=0.01",20,layer4_lr3e-05_hd128_wd0.01_cosine,"lr3e-05,wd0.01",-3.339862370698466,1.945345724873693e-06
[24],4,"lr=3e-05, wd=0.01",20,layer4_lr0.0001_hd128_wd0.0_cosine,"lr0.0001,wd0.0",-2.689572684640804,0.00047677996205784494
[24],4,"lr=3e-05, wd=0.01",20,layer4_lr0.0001_hd128_wd0.01_cosine,"lr0.0001,wd0.01",-3.166240485624723,1.924095205476873e-05
[24],4,"lr=3e-05, wd=0.01",20,layer4_lr0.0003_hd128_wd0.0_cosine,"lr0.0003,wd0.0",-1.9878039397469627,0.001317908527582869
[24],4,"lr=3e-05, wd=0.01",20,layer4_lr0.0003_hd128_wd0.01_cosine,"lr0.0003,wd0.01",-2.8576166500532665,1.3205674525821215e-05
[24],4,"lr=3e-05, wd=0.01",20,layer4_lr0.001_hd128_wd0.0_cosine,"lr0.001,wd0.0",-2.13636290168759,0.0012089747381188113
[24],4,"lr=3e-05, wd=0.01",20,layer4_lr0.001_hd128_wd0.01_cosine,"lr0.001,wd0.01",-2.432845073324593,3.8615775909680604e-05
[24],4,"lr=3e-05, wd=0.01",20,layer4_lr0.003_hd128_wd0.0_cosine,"lr0.003,wd0.0",-2.452499912579078,0.0007056391286503243
[24],4,"lr=3e-05, wd=0.01",20,layer4_lr0.003_hd128_wd0.01_cosine,"lr0.003,wd0.01",-2.7353754302870312,0.0002135038176197535
[24],4,"lr=3e-05, wd=0.01",50,layer4_lr1e-05_hd128_wd0.0_cosine,"lr1e-05,wd0.0",-4.037742393076261,6.20726274011632e-06
[24],4,"lr=3e-05, wd=0.01",50,layer4_lr1e-05_hd128_wd0.01_cosine,"lr1e-05,wd0.01",-4.12597839031348,2.9588611440833114e-06
[24],4,"lr=3e-05, wd=0.01",50,layer4_lr3e-05_hd128_wd0.0_cosine,"lr3e-05,wd0.0",-3.8451403358233613,6.680287708683468e-06
[24],4,"lr=3e-05, wd=0.01",50,layer4_lr3e-05_hd128_wd0.01_cosine,"lr3e-05,wd0.01",-4.070840448585123,1.6168848652905628e-06
[24],4,"lr=3e-05, wd=0.01",50,layer4_lr0.0001_hd128_wd0.0_cosine,"lr0.0001,wd0.0",-2.716726962400399,0.00010831325222124385
[24],4,"lr=3e-05, wd=0.01",50,layer4_lr0.0001_hd128_wd0.01_cosine,"lr0.0001,wd0.01",-4.078116793969245,1.1938650536041364e-06
[24],4,"lr=3e-05, wd=0.01",50,layer4_lr0.0003_hd128_wd0.0_cosine,"lr0.0003,wd0.0",-2.210515759123128,0.0001631938075225261
[24],4,"lr=3e-05, wd=0.01",50,layer4_lr0.0003_hd128_wd0.01_cosine,"lr0.0003,wd0.01",-4.0297546799782245,1.2414672312158847e-06
[24],4,"lr=3e-05, wd=0.01",50,layer4_lr0.001_hd128_wd0.0_cosine,"lr0.001,wd0.0",-2.0681048035035583,6.320160111818326e-05
[24],4,"lr=3e-05, wd=0.01",50,layer4_lr0.001_hd128_wd0.01_cosine,"lr0.001,wd0.01",-3.3141814141256405,9.605219351363546e-05
[24],4,"lr=3e-05, wd=0.01",50,layer4_lr0.003_hd128_wd0.0_cosine,"lr0.003,wd0.0",-2.954097110513245,0.00021172028519821133
[24],4,"lr=3e-05, wd=0.01",50,layer4_lr0.003_hd128_wd0.01_cosine,"lr0.003,wd0.01",-2.9049874092108183,0.00026624562840406795
[24],4,"lr=3e-05, wd=0.01",90,layer4_lr1e-05_hd128_wd0.0_cosine,"lr1e-05,wd0.0",-4.183970474473715,7.247315199455416e-07
[24],4,"lr=3e-05, wd=0.01",90,layer4_lr1e-05_hd128_wd0.01_cosine,"lr1e-05,wd0.01",-4.221770647078709,4.65455705861073e-07
[24],4,"lr=3e-05, wd=0.01",90,layer4_lr3e-05_hd128_wd0.0_cosine,"lr3e-05,wd0.0",-4.0856072194439825,1.286581394636277e-06
[24],4,"lr=3e-05, wd=0.01",90,layer4_lr3e-05_hd128_wd0.01_cosine,"lr3e-05,wd0.01",-4.167321419911695,3.3803121053662736e-07
[24],4,"lr=3e-05, wd=0.01",90,layer4_lr0.0001_hd128_wd0.0_cosine,"lr0.0001,wd0.0",-3.4217901167239426,3.2855839949946167e-06
[24],4,"lr=3e-05, wd=0.01",90,layer4_lr0.0001_hd128_wd0.01_cosine,"lr0.0001,wd0.01",-4.182347781731055,4.575350274138811e-07
[24],4,"lr=3e-05, wd=0.01",90,layer4_lr0.0003_hd128_wd0.0_cosine,"lr0.0003,wd0.0",-3.5304060919783873,2.109981602658829e-05
[24],4,"lr=3e-05, wd=0.01",90,layer4_lr0.0003_hd128_wd0.01_cosine,"lr0.0003,wd0.01",-4.139389648852554,4.3208481793347006e-06
[24],4,"lr=3e-05, wd=0.01",90,layer4_lr0.001_hd128_wd0.0_cosine,"lr0.001,wd0.0",-3.2515177589366835,7.87911899384559e-05
[24],4,"lr=3e-05, wd=0.01",90,layer4_lr0.001_hd128_wd0.01_cosine,"lr0.001,wd0.01",-3.966263286238834,8.67691030714609e-06
[24],4,"lr=3e-05, wd=0.01",90,layer4_lr0.003_hd128_wd0.0_cosine,"lr0.003,wd0.0",-3.1910316501406393,4.8225851946518405e-05
[24],4,"lr=3e-05, wd=0.01",90,layer4_lr0.003_hd128_wd0.01_cosine,"lr0.003,wd0.01",-3.5191769427118467,5.476184725285328e-05
[24],5,"lr=1e-04, wd=0.0",0,layer4_lr1e-05_hd128_wd0.0_cosine,"lr1e-05,wd0.0",-1.08848974395944,0.00016253867947288428
[24],5,"lr=1e-04, wd=0.0",0,layer4_lr1e-05_hd128_wd0.01_cosine,"lr1e-05,wd0.01",-1.0573269071728353,0.00021970674983481052
[24],5,"lr=1e-04, wd=0.0",0,layer4_lr3e-05_hd128_wd0.0_cosine,"lr3e-05,wd0.0",-1.1201902604430896,0.0006730080496223186
[24],5,"lr=1e-04, wd=0.0",0,layer4_lr3e-05_hd128_wd0.01_cosine,"lr3e-05,wd0.01",-1.1050006879688428,3.53183394214917e-05
[24],5,"lr=1e-04, wd=0.0",0,layer4_lr0.0001_hd128_wd0.0_cosine,"lr0.0001,wd0.0",-1.1350278348654224,0.0008625481393504763
[24],5,"lr=1e-04, wd=0.0",0,layer4_lr0.0001_hd128_wd0.01_cosine,"lr0.0001,wd0.01",-1.1246443574787437,0.00023979464044522687
[24],5,"lr=1e-04, wd=0.0",0,layer4_lr0.0003_hd128_wd0.0_cosine,"lr0.0003,wd0.0",-1.1279321262338131,0.0007171293153613428
[24],5,"lr=1e-04, wd=0.0",0,layer4_lr0.0003_hd128_wd0.01_cosine,"lr0.0003,wd0.01",-1.12348291677095,0.00025033222153768254
[24],5,"lr=1e-04, wd=0.0",0,layer4_lr0.001_hd128_wd0.0_cosine,"lr0.001,wd0.0",-1.0985573068036822,0.0006625173158934778
[24],5,"lr=1e-04, wd=0.0",0,layer4_lr0.001_hd128_wd0.01_cosine,"lr0.001,wd0.01",-1.1057512319496297,9.986608111619629e-05
[24],5,"lr=1e-04, wd=0.0",0,layer4_lr0.003_hd128_wd0.0_cosine,"lr0.003,wd0.0",-1.065371882506185,0.0003473973660428691
[24],5,"lr=1e-04, wd=0.0",0,layer4_lr0.003_hd128_wd0.01_cosine,"lr0.003,wd0.01",-1.0619228913145495,0.00023991967884533645
[24],5,"lr=1e-04, wd=0.0",5,layer4_lr1e-05_hd128_wd0.0_cosine,"lr1e-05,wd0.0",-2.747795894785761,0.00020535073016283257
[24],5,"lr=1e-04, wd=0.0",5,layer4_lr1e-05_hd128_wd0.01_cosine,"lr1e-05,wd0.01",-2.7509142379781464,1.1357313109699269e-05
[24],5,"lr=1e-04, wd=0.0",5,layer4_lr3e-05_hd128_wd0.0_cosine,"lr3e-05,wd0.0",-2.694157413873477,0.0002660275777353793
[24],5,"lr=1e-04, wd=0.0",5,layer4_lr3e-05_hd128_wd0.01_cosine,"lr3e-05,wd0.01",-3.576220940372778,1.0107151554857926e-05
[24],5,"lr=1e-04, wd=0.0",5,layer4_lr0.0001_hd128_wd0.0_cosine,"lr0.0001,wd0.0",-2.555690861702014,6.19968164244415e-05
[24],5,"lr=1e-04, wd=0.0",5,layer4_lr0.0001_hd128_wd0.01_cosine,"lr0.0001,wd0.01",-2.8826516351575973,3.649996188655087e-05
[24],5,"lr=1e-04, wd=0.0",5,layer4_lr0.0003_hd128_wd0.0_cosine,"lr0.0003,wd0.0",-2.3186037824550136,0.0007938744293923333
[24],5,"lr=1e-04, wd=0.0",5,layer4_lr0.0003_hd128_wd0.01_cosine,"lr0.0003,wd0.01",-2.5439889863543983,1.238838564424558e-05
[24],5,"lr=1e-04, wd=0.0",5,layer4_lr0.001_hd128_wd0.0_cosine,"lr0.001,wd0.0",-2.063421444682327,0.0013754945074587964
[24],5,"lr=1e-04, wd=0.0",5,layer4_lr0.001_hd128_wd0.01_cosine,"lr0.001,wd0.01",-1.8390724841544366,0.0002692004409668296
[24],5,"lr=1e-04, wd=0.0",5,layer4_lr0.003_hd128_wd0.0_cosine,"lr0.003,wd0.0",-1.8373955609765171,0.0012670805417553093
[24],5,"lr=1e-04, wd=0.0",5,layer4_lr0.003_hd128_wd0.01_cosine,"lr0.003,wd0.01",-1.7101702396077278,0.0003429968510559745
[24],5,"lr=1e-04, wd=0.0",10,layer4_lr1e-05_hd128_wd0.0_cosine,"lr1e-05,wd0.0",-1.9345683443622383,0.00032869513243420455
[24],5,"lr=1e-04, wd=0.0",10,layer4_lr1e-05_hd128_wd0.01_cosine,"lr1e-05,wd0.01",-2.851537364398101,0.00016163210727207736
[24],5,"lr=1e-04, wd=0.0",10,layer4_lr3e-05_hd128_wd0.0_cosine,"lr3e-05,wd0.0",-2.8865407102588643,0.00016885362081436582
[24],5,"lr=1e-04, wd=0.0",10,layer4_lr3e-05_hd128_wd0.01_cosine,"lr3e-05,wd0.01",-3.9220477407636913,2.388410982073213e-06
[24],5,"lr=1e-04, wd=0.0",10,layer4_lr0.0001_hd128_wd0.0_cosine,"lr0.0001,wd0.0",-2.9011894915732963,9.862264047482898e-05
[24],5,"lr=1e-04, wd=0.0",10,layer4_lr0.0001_hd128_wd0.01_cosine,"lr0.0001,wd0.01",-3.316596919617635,2.95696756706242e-06
[24],5,"lr=1e-04, wd=0.0",10,layer4_lr0.0003_hd128_wd0.0_cosine,"lr0.0003,wd0.0",-2.407407144649852,0.0010618568372618023
[24],5,"lr=1e-04, wd=0.0",10,layer4_lr0.0003_hd128_wd0.01_cosine,"lr0.0003,wd0.01",-2.950750179410807,4.279292212852683e-06
[24],5,"lr=1e-04, wd=0.0",10,layer4_lr0.001_hd128_wd0.0_cosine,"lr0.001,wd0.0",-2.4046925659548144,0.0010391687247665899
[24],5,"lr=1e-04, wd=0.0",10,layer4_lr0.001_hd128_wd0.01_cosine,"lr0.001,wd0.01",-2.641617786759691,4.4366715123070646e-05
[24],5,"lr=1e-04, wd=0.0",10,layer4_lr0.003_hd128_wd0.0_cosine,"lr0.003,wd0.0",-2.6511455046355357,0.00038510805427244635
[24],5,"lr=1e-04, wd=0.0",10,layer4_lr0.003_hd128_wd0.01_cosine,"lr0.003,wd0.01",-2.2707753802213446,8.46554772547659e-05
[24],5,"lr=1e-04, wd=0.0",20,layer4_lr1e-05_hd128_wd0.0_cosine,"lr1e-05,wd0.0",-3.1759914667322784,9.464384629722842e-05
[24],5,"lr=1e-04, wd=0.0",20,layer4_lr1e-05_hd128_wd0.01_cosine,"lr1e-05,wd0.01",-3.867520540482786,1.8534997247492934e-05
[24],5,"lr=1e-04, wd=0.0",20,layer4_lr3e-05_hd128_wd0.0_cosine,"lr3e-05,wd0.0",-3.557760399153459,4.352069578461617e-05
[24],5,"lr=1e-04, wd=0.0",20,layer4_lr3e-05_hd128_wd0.01_cosine,"lr3e-05,wd0.01",-4.013904179364377,9.714553159056765e-06
[24],5,"lr=1e-04, wd=0.0",20,layer4_lr0.0001_hd128_wd0.0_cosine,"lr0.0001,wd0.0",-2.9202325131431577,0.0002723858857392924
[24],5,"lr=1e-04, wd=0.0",20,layer4_lr0.0001_hd128_wd0.01_cosine,"lr0.0001,wd0.01",-3.662699490786684,6.231215725723582e-07
[24],5,"lr=1e-04, wd=0.0",20,layer4_lr0.0003_hd128_wd0.0_cosine,"lr0.0003,wd0.0",-1.912786384379164,0.0010702169420013688
[24],5,"lr=1e-04, wd=0.0",20,layer4_lr0.0003_hd128_wd0.01_cosine,"lr0.0003,wd0.01",-3.355506205936308,2.9359011617143274e-06
[24],5,"lr=1e-04, wd=0.0",20,layer4_lr0.001_hd128_wd0.0_cosine,"lr0.001,wd0.0",-2.0050376405244927,0.001007768990399674
[24],5,"lr=1e-04, wd=0.0",20,layer4_lr0.001_hd128_wd0.01_cosine,"lr0.001,wd0.01",-3.063281098621451,2.78511200211082e-05
[24],5,"lr=1e-04, wd=0.0",20,layer4_lr0.003_hd128_wd0.0_cosine,"lr0.003,wd0.0",-2.640389452974905,0.0005163465864857954
[24],5,"lr=1e-04, wd=0.0",20,layer4_lr0.003_hd128_wd0.01_cosine,"lr0.003,wd0.01",-2.761717216996095,0.00038723293707051
[24],5,"lr=1e-04, wd=0.0",50,layer4_lr1e-05_hd128_wd0.0_cosine,"lr1e-05,wd0.0",-4.0834813723264265,6.620780473643604e-06
[24],5,"lr=1e-04, wd=0.0",50,layer4_lr1e-05_hd128_wd0.01_cosine,"lr1e-05,wd0.01",-4.198138864222679,6.453663808408495e-07
[24],5,"lr=1e-04, wd=0.0",50,layer4_lr3e-05_hd128_wd0.0_cosine,"lr3e-05,wd0.0",-4.08470313258284,5.4058020745378e-07
[24],5,"lr=1e-04, wd=0.0",50,layer4_lr3e-05_hd128_wd0.01_cosine,"lr3e-05,wd0.01",-4.132440421405813,3.935296523828226e-06
[24],5,"lr=1e-04, wd=0.0",50,layer4_lr0.0001_hd128_wd0.0_cosine,"lr0.0001,wd0.0",-3.022042871934209,0.00010080929781190924
[24],5,"lr=1e-04, wd=0.0",50,layer4_lr0.0001_hd128_wd0.01_cosine,"lr0.0001,wd0.01",-4.1013747084166114,3.679821463946803e-06
[24],5,"lr=1e-04, wd=0.0",50,layer4_lr0.0003_hd128_wd0.0_cosine,"lr0.0003,wd0.0",-2.312497342891845,4.43130025876323e-05
[24],5,"lr=1e-04, wd=0.0",50,layer4_lr0.0003_hd128_wd0.01_cosine,"lr0.0003,wd0.01",-4.073974202345964,5.042249811834178e-06
[24],5,"lr=1e-04, wd=0.0",50,layer4_lr0.001_hd128_wd0.0_cosine,"lr0.001,wd0.0",-2.0769634549859566,0.00016850378521002563
[24],5,"lr=1e-04, wd=0.0",50,layer4_lr0.001_hd128_wd0.01_cosine,"lr0.001,wd0.01",-2.9316384263092345,0.00011709000290519092
[24],5,"lr=1e-04, wd=0.0",50,layer4_lr0.003_hd128_wd0.0_cosine,"lr0.003,wd0.0",-3.0912383655955566,0.00018655007205103946
[24],5,"lr=1e-04, wd=0.0",50,layer4_lr0.003_hd128_wd0.01_cosine,"lr0.003,wd0.01",-1.3897603980063378,0.000313709948707501
[24],5,"lr=1e-04, wd=0.0",90,layer4_lr1e-05_hd128_wd0.0_cosine,"lr1e-05,wd0.0",-4.194035347302958,5.240093456840696e-07
[24],5,"lr=1e-04, wd=0.0",90,layer4_lr1e-05_hd128_wd0.01_cosine,"lr1e-05,wd0.01",-4.233113998234276,1.8650297794450437e-07
[24],5,"lr=1e-04, wd=0.0",90,layer4_lr3e-05_hd128_wd0.0_cosine,"lr3e-05,wd0.0",-4.163471644980373,2.8478120602311904e-07
[24],5,"lr=1e-04, wd=0.0",90,layer4_lr3e-05_hd128_wd0.01_cosine,"lr3e-05,wd0.01",-4.184212070418325,1.1054879858023301e-06
[24],5,"lr=1e-04, wd=0.0",90,layer4_lr0.0001_hd128_wd0.0_cosine,"lr0.0001,wd0.0",-3.3692702592435007,9.89084562871994e-07
[24],5,"lr=1e-04, wd=0.0",90,layer4_lr0.0001_hd128_wd0.01_cosine,"lr0.0001,wd0.01",-4.19699126583683,4.7344221863468436e-07
[24],5,"lr=1e-04, wd=0.0",90,layer4_lr0.0003_hd128_wd0.0_cosine,"lr0.0003,wd0.0",-3.4828806086137734,8.786860331952591e-06
[24],5,"lr=1e-04, wd=0.0",90,layer4_lr0.0003_hd128_wd0.01_cosine,"lr0.0003,wd0.01",-4.104239041445902,7.054423656010874e-06
[24],5,"lr=1e-04, wd=0.0",90,layer4_lr0.001_hd128_wd0.0_cosine,"lr0.001,wd0.0",-3.3198083687945976,5.573196558571905e-05
[24],5,"lr=1e-04, wd=0.0",90,layer4_lr0.001_hd128_wd0.01_cosine,"lr0.001,wd0.01",-3.8039043390810106,2.7362059652745722e-05
[24],5,"lr=1e-04, wd=0.0",90,layer4_lr0.003_hd128_wd0.0_cosine,"lr0.003,wd0.0",-3.0497010161885183,1.6332209137117203e-05
[24],5,"lr=1e-04, wd=0.0",90,layer4_lr0.003_hd128_wd0.01_cosine,"lr0.003,wd0.01",-3.0809226142749546,0.00010976939712687225
[24],6,"lr=1e-04, wd=0.01",0,layer4_lr1e-05_hd128_wd0.0_cosine,"lr1e-05,wd0.0",-1.0672462786351713,0.00038747845505425076
[24],6,"lr=1e-04, wd=0.01",0,layer4_lr1e-05_hd128_wd0.01_cosine,"lr1e-05,wd0.01",-1.0669836014430643,0.0001358031497752067
[24],6,"lr=1e-04, wd=0.01",0,layer4_lr3e-05_hd128_wd0.0_cosine,"lr3e-05,wd0.0",-1.0752403216519186,0.001374185999051269
[24],6,"lr=1e-04, wd=0.01",0,layer4_lr3e-05_hd128_wd0.01_cosine,"lr3e-05,wd0.01",-1.103857693197378,0.00029672317447279937
[24],6,"lr=1e-04, wd=0.01",0,layer4_lr0.0001_hd128_wd0.0_cosine,"lr0.0001,wd0.0",-1.0817945510687166,0.001582762635759039
[24],6,"lr=1e-04, wd=0.01",0,layer4_lr0.0001_hd128_wd0.01_cosine,"lr0.0001,wd0.01",-1.113131751014146,0.0006914438130039306
[24],6,"lr=1e-04, wd=0.01",0,layer4_lr0.0003_hd128_wd0.0_cosine,"lr0.0003,wd0.0",-1.0827719051468392,0.0011838187916373016
[24],6,"lr=1e-04, wd=0.01",0,layer4_lr0.0003_hd128_wd0.01_cosine,"lr0.0003,wd0.01",-1.1054021541423706,0.000674868816753204
[24],6,"lr=1e-04, wd=0.01",0,layer4_lr0.001_hd128_wd0.0_cosine,"lr0.001,wd0.0",-1.0609766065210169,0.0010244423437564024
[24],6,"lr=1e-04, wd=0.01",0,layer4_lr0.001_hd128_wd0.01_cosine,"lr0.001,wd0.01",-1.0887214147723983,0.00031907569580431097
[24],6,"lr=1e-04, wd=0.01",0,layer4_lr0.003_hd128_wd0.0_cosine,"lr0.003,wd0.0",-1.034072803926515,0.0006441922048453641
[24],6,"lr=1e-04, wd=0.01",0,layer4_lr0.003_hd128_wd0.01_cosine,"lr0.003,wd0.01",-1.0530344638125584,0.00014501878153271359
[24],6,"lr=1e-04, wd=0.01",5,layer4_lr1e-05_hd128_wd0.0_cosine,"lr1e-05,wd0.0",-2.5272618828413913,0.00042868197097704734
[24],6,"lr=1e-04, wd=0.01",5,layer4_lr1e-05_hd128_wd0.01_cosine,"lr1e-05,wd0.01",-2.7353583146847873,9.775240554021938e-05
[24],6,"lr=1e-04, wd=0.01",5,layer4_lr3e-05_hd128_wd0.0_cosine,"lr3e-05,wd0.0",-2.342259068213929,0.0005279744263205193
[24],6,"lr=1e-04, wd=0.01",5,layer4_lr3e-05_hd128_wd0.01_cosine,"lr3e-05,wd0.01",-3.007337395287877,0.0001260122143536014
[24],6,"lr=1e-04, wd=0.01",5,layer4_lr0.0001_hd128_wd0.0_cosine,"lr0.0001,wd0.0",-2.298620519470391,8.646162221685478e-05
[24],6,"lr=1e-04, wd=0.01",5,layer4_lr0.0001_hd128_wd0.01_cosine,"lr0.0001,wd0.01",-2.6530311670280953,0.00010946934078752781
[24],6,"lr=1e-04, wd=0.01",5,layer4_lr0.0003_hd128_wd0.0_cosine,"lr0.0003,wd0.0",-2.1883794959675336,0.0006550679837339046
[24],6,"lr=1e-04, wd=0.01",5,layer4_lr0.0003_hd128_wd0.01_cosine,"lr0.0003,wd0.01",-2.522902008435895,3.794765515904157e-05
[24],6,"lr=1e-04, wd=0.01",5,layer4_lr0.001_hd128_wd0.0_cosine,"lr0.001,wd0.0",-1.9602483459987612,0.0011630459786392744
[24],6,"lr=1e-04, wd=0.01",5,layer4_lr0.001_hd128_wd0.01_cosine,"lr0.001,wd0.01",-1.8205025595664164,0.00016446646086156538
[24],6,"lr=1e-04, wd=0.01",5,layer4_lr0.003_hd128_wd0.0_cosine,"lr0.003,wd0.0",-1.7340144805252662,0.0010822609380824685
[24],6,"lr=1e-04, wd=0.01",5,layer4_lr0.003_hd128_wd0.01_cosine,"lr0.003,wd0.01",-1.7190312785023727,0.0004053629572925658
[24],6,"lr=1e-04, wd=0.01",10,layer4_lr1e-05_hd128_wd0.0_cosine,"lr1e-05,wd0.0",-0.8385926838160164,0.0005077233137481636
[24],6,"lr=1e-04, wd=0.01",10,layer4_lr1e-05_hd128_wd0.01_cosine,"lr1e-05,wd0.01",-2.1400797778155916,0.0002649150382992061
[24],6,"lr=1e-04, wd=0.01",10,layer4_lr3e-05_hd128_wd0.0_cosine,"lr3e-05,wd0.0",-2.603811689937493,0.0002841991033894051
[24],6,"lr=1e-04, wd=0.01",10,layer4_lr3e-05_hd128_wd0.01_cosine,"lr3e-05,wd0.01",-3.5433435877957287,3.9160487342945165e-05
[24],6,"lr=1e-04, wd=0.01",10,layer4_lr0.0001_hd128_wd0.0_cosine,"lr0.0001,wd0.0",-2.6766098877618147,6.830386188138064e-05
[24],6,"lr=1e-04, wd=0.01",10,layer4_lr0.0001_hd128_wd0.01_cosine,"lr0.0001,wd0.01",-3.112918311642358,1.661707645041944e-05
[24],6,"lr=1e-04, wd=0.01",10,layer4_lr0.0003_hd128_wd0.0_cosine,"lr0.0003,wd0.0",-2.36080874598844,0.0010016310683132535
[24],6,"lr=1e-04, wd=0.01",10,layer4_lr0.0003_hd128_wd0.01_cosine,"lr0.0003,wd0.01",-2.9311685591561596,6.067641258298271e-06
[24],6,"lr=1e-04, wd=0.01",10,layer4_lr0.001_hd128_wd0.0_cosine,"lr0.001,wd0.0",-2.328145444604495,0.001013234374927459
[24],6,"lr=1e-04, wd=0.01",10,layer4_lr0.001_hd128_wd0.01_cosine,"lr0.001,wd0.01",-2.706735862313472,6.129168675591049e-05
[24],6,"lr=1e-04, wd=0.01",10,layer4_lr0.003_hd128_wd0.0_cosine,"lr0.003,wd0.0",-2.5673279182948665,0.0003593694451401931
[24],6,"lr=1e-04, wd=0.01",10,layer4_lr0.003_hd128_wd0.01_cosine,"lr0.003,wd0.01",-2.2968568778598515,8.880411920019816e-05
[24],6,"lr=1e-04, wd=0.01",20,layer4_lr1e-05_hd128_wd0.0_cosine,"lr1e-05,wd0.0",-2.930316454444282,0.00013908381740814095
[24],6,"lr=1e-04, wd=0.01",20,layer4_lr1e-05_hd128_wd0.01_cosine,"lr1e-05,wd0.01",-3.5876351097308,5.034824199983386e-05
[24],6,"lr=1e-04, wd=0.01",20,layer4_lr3e-05_hd128_wd0.0_cosine,"lr3e-05,wd0.0",-3.260753778586778,3.9234542077956345e-05
[24],6,"lr=1e-04, wd=0.01",20,layer4_lr3e-05_hd128_wd0.01_cosine,"lr3e-05,wd0.01",-3.7883805376318858,2.421461505892341e-05
[24],6,"lr=1e-04, wd=0.01",20,layer4_lr0.0001_hd128_wd0.0_cosine,"lr0.0001,wd0.0",-2.8098622486068883,0.000284224993986909
[24],6,"lr=1e-04, wd=0.01",20,layer4_lr0.0001_hd128_wd0.01_cosine,"lr0.0001,wd0.01",-3.414439972004374,8.457073361154577e-07
[24],6,"lr=1e-04, wd=0.01",20,layer4_lr0.0003_hd128_wd0.0_cosine,"lr0.0003,wd0.0",-2.1733948078966723,0.0010837456738641415
[24],6,"lr=1e-04, wd=0.01",20,layer4_lr0.0003_hd128_wd0.01_cosine,"lr0.0003,wd0.01",-3.2091163697756753,4.0130814511925275e-06
[24],6,"lr=1e-04, wd=0.01",20,layer4_lr0.001_hd128_wd0.0_cosine,"lr0.001,wd0.0",-2.143774083370697,0.0010147726558521926
[24],6,"lr=1e-04, wd=0.01",20,layer4_lr0.001_hd128_wd0.01_cosine,"lr0.001,wd0.01",-2.960414123309689,3.0062067401718807e-05
[24],6,"lr=1e-04, wd=0.01",20,layer4_lr0.003_hd128_wd0.0_cosine,"lr0.003,wd0.0",-2.5969108396014833,0.0005085087050197678
[24],6,"lr=1e-04, wd=0.01",20,layer4_lr0.003_hd128_wd0.01_cosine,"lr0.003,wd0.01",-2.9391185311669763,0.0003631382777453217
[24],6,"lr=1e-04, wd=0.01",50,layer4_lr1e-05_hd128_wd0.0_cosine,"lr1e-05,wd0.0",-4.072567432662176,5.103818740103897e-06
[24],6,"lr=1e-04, wd=0.01",50,layer4_lr1e-05_hd128_wd0.01_cosine,"lr1e-05,wd0.01",-4.188568858305376,1.1207153625671205e-06
[24],6,"lr=1e-04, wd=0.01",50,layer4_lr3e-05_hd128_wd0.0_cosine,"lr3e-05,wd0.0",-3.99727365791027,1.3421276541528263e-06
[24],6,"lr=1e-04, wd=0.01",50,layer4_lr3e-05_hd128_wd0.01_cosine,"lr3e-05,wd0.01",-4.143440369304514,2.0889544184084688e-06
[24],6,"lr=1e-04, wd=0.01",50,layer4_lr0.0001_hd128_wd0.0_cosine,"lr0.0001,wd0.0",-3.020655036641677,0.00010771408933249404
[24],6,"lr=1e-04, wd=0.01",50,layer4_lr0.0001_hd128_wd0.01_cosine,"lr0.0001,wd0.01",-4.11200789754109,2.0617627770468255e-06
[24],6,"lr=1e-04, wd=0.01",50,layer4_lr0.0003_hd128_wd0.0_cosine,"lr0.0003,wd0.0",-2.302509947377475,7.379661240812581e-05
[24],6,"lr=1e-04, wd=0.01",50,layer4_lr0.0003_hd128_wd0.01_cosine,"lr0.0003,wd0.01",-4.074113573955465,2.867418594552134e-06
[24],6,"lr=1e-04, wd=0.01",50,layer4_lr0.001_hd128_wd0.0_cosine,"lr0.001,wd0.0",-2.0875316358236624,8.910451616494052e-05
[24],6,"lr=1e-04, wd=0.01",50,layer4_lr0.001_hd128_wd0.01_cosine,"lr0.001,wd0.01",-3.03406540067854,0.00011385455921139701
[24],6,"lr=1e-04, wd=0.01",50,layer4_lr0.003_hd128_wd0.0_cosine,"lr0.003,wd0.0",-3.080190828636323,0.00019645883757682639
[24],6,"lr=1e-04, wd=0.01",50,layer4_lr0.003_hd128_wd0.01_cosine,"lr0.003,wd0.01",-1.3339233716102774,0.0003102056098256709
[24],6,"lr=1e-04, wd=0.01",90,layer4_lr1e-05_hd128_wd0.0_cosine,"lr1e-05,wd0.0",-4.190217666330112,5.950017418808668e-07
[24],6,"lr=1e-04, wd=0.01",90,layer4_lr1e-05_hd128_wd0.01_cosine,"lr1e-05,wd0.01",-4.229390869632055,3.6009355347459014e-07
[24],6,"lr=1e-04, wd=0.01",90,layer4_lr3e-05_hd128_wd0.0_cosine,"lr3e-05,wd0.0",-4.148351671950324,5.643307350846537e-07
[24],6,"lr=1e-04, wd=0.01",90,layer4_lr3e-05_hd128_wd0.01_cosine,"lr3e-05,wd0.01",-4.199333012481012,3.2024168544322295e-07
[24],6,"lr=1e-04, wd=0.01",90,layer4_lr0.0001_hd128_wd0.0_cosine,"lr0.0001,wd0.0",-3.3508071895734224,1.0902714610970487e-06
[24],6,"lr=1e-04, wd=0.01",90,layer4_lr0.0001_hd128_wd0.01_cosine,"lr0.0001,wd0.01",-4.19907933912134,2.070385228941719e-07
[24],6,"lr=1e-04, wd=0.01",90,layer4_lr0.0003_hd128_wd0.0_cosine,"lr0.0003,wd0.0",-3.4658080100404915,1.0073213607920765e-05
[24],6,"lr=1e-04, wd=0.01",90,layer4_lr0.0003_hd128_wd0.01_cosine,"lr0.0003,wd0.01",-4.136322989674924,4.665356231613047e-06
[24],6,"lr=1e-04, wd=0.01",90,layer4_lr0.001_hd128_wd0.0_cosine,"lr0.001,wd0.0",-3.302899764933606,5.919876051239636e-05
[24],6,"lr=1e-04, wd=0.01",90,layer4_lr0.001_hd128_wd0.01_cosine,"lr0.001,wd0.01",-3.9236838671460195,1.3131554087163189e-05
[24],6,"lr=1e-04, wd=0.01",90,layer4_lr0.003_hd128_wd0.0_cosine,"lr0.003,wd0.0",-3.0746322920690714,2.143940844488683e-05
[24],6,"lr=1e-04, wd=0.01",90,layer4_lr0.003_hd128_wd0.01_cosine,"lr0.003,wd0.01",-3.2018355778998995,9.749839817769459e-05
[24],7,"lr=3e-04, wd=0.0",0,layer4_lr1e-05_hd128_wd0.0_cosine,"lr1e-05,wd0.0",-0.9331598789921263,0.00033867213808724735
[24],7,"lr=3e-04, wd=0.0",0,layer4_lr1e-05_hd128_wd0.01_cosine,"lr1e-05,wd0.01",-0.9011536727128134,0.0005742910900030918
[24],7,"lr=3e-04, wd=0.0",0,layer4_lr3e-05_hd128_wd0.0_cosine,"lr3e-05,wd0.0",-0.9861962925704484,0.0004896737600735028
[24],7,"lr=3e-04, wd=0.0",0,layer4_lr3e-05_hd128_wd0.01_cosine,"lr3e-05,wd0.01",-0.9692534753641174,5.7567671429825895e-05
[24],7,"lr=3e-04, wd=0.0",0,layer4_lr0.0001_hd128_wd0.0_cosine,"lr0.0001,wd0.0",-1.0297287780167577,0.0005541690885869157
[24],7,"lr=3e-04, wd=0.0",0,layer4_lr0.0001_hd128_wd0.01_cosine,"lr0.0001,wd0.01",-1.012838331988795,0.00010261982496332228
[24],7,"lr=3e-04, wd=0.0",0,layer4_lr0.0003_hd128_wd0.0_cosine,"lr0.0003,wd0.0",-1.0492257234256512,0.0003974637845976512
[24],7,"lr=3e-04, wd=0.0",0,layer4_lr0.0003_hd128_wd0.01_cosine,"lr0.0003,wd0.01",-1.0300216167671954,0.00010309730460275703
[24],7,"lr=3e-04, wd=0.0",0,layer4_lr0.001_hd128_wd0.0_cosine,"lr0.001,wd0.0",-1.0349945054184868,0.0003623198438984643
[24],7,"lr=3e-04, wd=0.0",0,layer4_lr0.001_hd128_wd0.01_cosine,"lr0.001,wd0.01",-1.0231261541462915,7.521318184205086e-05
[24],7,"lr=3e-04, wd=0.0",0,layer4_lr0.003_hd128_wd0.0_cosine,"lr0.003,wd0.0",-1.0103567298038145,0.00014210251785664983
[24],7,"lr=3e-04, wd=0.0",0,layer4_lr0.003_hd128_wd0.01_cosine,"lr0.003,wd0.01",-0.9903707507661766,0.0004085964652642219
[24],7,"lr=3e-04, wd=0.0",5,layer4_lr1e-05_hd128_wd0.0_cosine,"lr1e-05,wd0.0",-2.397952064632233,0.00043508376116476935
[24],7,"lr=3e-04, wd=0.0",5,layer4_lr1e-05_hd128_wd0.01_cosine,"lr1e-05,wd0.01",-2.5847442349822263,7.007145513402828e-05
[24],7,"lr=3e-04, wd=0.0",5,layer4_lr3e-05_hd128_wd0.0_cosine,"lr3e-05,wd0.0",-2.2262075895560796,0.0005256245827260946
[24],7,"lr=3e-04, wd=0.0",5,layer4_lr3e-05_hd128_wd0.01_cosine,"lr3e-05,wd0.01",-3.139997374465611,7.773771125364018e-05
[24],7,"lr=3e-04, wd=0.0",5,layer4_lr0.0001_hd128_wd0.0_cosine,"lr0.0001,wd0.0",-2.7291195468851264,9.697486281577724e-05
[24],7,"lr=3e-04, wd=0.0",5,layer4_lr0.0001_hd128_wd0.01_cosine,"lr0.0001,wd0.01",-3.359963170105776,7.528858419118535e-05
[24],7,"lr=3e-04, wd=0.0",5,layer4_lr0.0003_hd128_wd0.0_cosine,"lr0.0003,wd0.0",-2.453161962057088,0.0004442356270730589
[24],7,"lr=3e-04, wd=0.0",5,layer4_lr0.0003_hd128_wd0.01_cosine,"lr0.0003,wd0.01",-3.194962243228383,5.9838505547041206e-05
[24],7,"lr=3e-04, wd=0.0",5,layer4_lr0.001_hd128_wd0.0_cosine,"lr0.001,wd0.0",-2.3760124500473125,0.0007181869412498584
[24],7,"lr=3e-04, wd=0.0",5,layer4_lr0.001_hd128_wd0.01_cosine,"lr0.001,wd0.01",-2.953240553852707,5.7494332427124966e-05
[24],7,"lr=3e-04, wd=0.0",5,layer4_lr0.003_hd128_wd0.0_cosine,"lr0.003,wd0.0",-2.401375814997388,0.00041916860083217344
[24],7,"lr=3e-04, wd=0.0",5,layer4_lr0.003_hd128_wd0.01_cosine,"lr0.003,wd0.01",-2.1756282250615047,0.0005437470590704821
[24],7,"lr=3e-04, wd=0.0",10,layer4_lr1e-05_hd128_wd0.0_cosine,"lr1e-05,wd0.0",-2.4473199856825847,0.00041699811735337113
[24],7,"lr=3e-04, wd=0.0",10,layer4_lr1e-05_hd128_wd0.01_cosine,"lr1e-05,wd0.01",-2.823825252264944,0.00020545594345337944
[24],7,"lr=3e-04, wd=0.0",10,layer4_lr3e-05_hd128_wd0.0_cosine,"lr3e-05,wd0.0",-1.7259969659015009,0.00036639137407670005
[24],7,"lr=3e-04, wd=0.0",10,layer4_lr3e-05_hd128_wd0.01_cosine,"lr3e-05,wd0.01",-3.603432163665933,4.4618156875753936e-05
[24],7,"lr=3e-04, wd=0.0",10,layer4_lr0.0001_hd128_wd0.0_cosine,"lr0.0001,wd0.0",-3.0497215838443994,3.584259403041094e-05
[24],7,"lr=3e-04, wd=0.0",10,layer4_lr0.0001_hd128_wd0.01_cosine,"lr0.0001,wd0.01",-3.608468870903026,4.606398683515376e-05
[24],7,"lr=3e-04, wd=0.0",10,layer4_lr0.0003_hd128_wd0.0_cosine,"lr0.0003,wd0.0",-2.5858403033857273,0.0007055681731465583
[24],7,"lr=3e-04, wd=0.0",10,layer4_lr0.0003_hd128_wd0.01_cosine,"lr0.0003,wd0.01",-3.652524202946779,4.2600141952924444e-05
[24],7,"lr=3e-04, wd=0.0",10,layer4_lr0.001_hd128_wd0.0_cosine,"lr0.001,wd0.0",-2.5838883107815507,0.0007549035815455855
[24],7,"lr=3e-04, wd=0.0",10,layer4_lr0.001_hd128_wd0.01_cosine,"lr0.001,wd0.01",-3.494875600088887,6.918664119198873e-05
[24],7,"lr=3e-04, wd=0.0",10,layer4_lr0.003_hd128_wd0.0_cosine,"lr0.003,wd0.0",-2.9959840973470135,0.00024407371246811294
[24],7,"lr=3e-04, wd=0.0",10,layer4_lr0.003_hd128_wd0.01_cosine,"lr0.003,wd0.01",-3.202366201251023,0.00011298866604488228
[24],7,"lr=3e-04, wd=0.0",20,layer4_lr1e-05_hd128_wd0.0_cosine,"lr1e-05,wd0.0",-3.4975450718801526,4.276892661080501e-05
[24],7,"lr=3e-04, wd=0.0",20,layer4_lr1e-05_hd128_wd0.01_cosine,"lr1e-05,wd0.01",-3.5548386145200532,1.8161733419305113e-06
[24],7,"lr=3e-04, wd=0.0",20,layer4_lr3e-05_hd128_wd0.0_cosine,"lr3e-05,wd0.0",-3.2903345341551455,9.901304431288762e-05
[24],7,"lr=3e-04, wd=0.0",20,layer4_lr3e-05_hd128_wd0.01_cosine,"lr3e-05,wd0.01",-3.642420347175345,4.266205422857232e-05
[24],7,"lr=3e-04, wd=0.0",20,layer4_lr0.0001_hd128_wd0.0_cosine,"lr0.0001,wd0.0",-3.0191639828565626,0.00015960990645400217
[24],7,"lr=3e-04, wd=0.0",20,layer4_lr0.0001_hd128_wd0.01_cosine,"lr0.0001,wd0.01",-3.824739914173701,2.573352231540504e-05
[24],7,"lr=3e-04, wd=0.0",20,layer4_lr0.0003_hd128_wd0.0_cosine,"lr0.0003,wd0.0",-1.9956514201698308,0.0008820165443735471
[24],7,"lr=3e-04, wd=0.0",20,layer4_lr0.0003_hd128_wd0.01_cosine,"lr0.0003,wd0.01",-3.5884088796708764,5.198280432014754e-05
[24],7,"lr=3e-04, wd=0.0",20,layer4_lr0.001_hd128_wd0.0_cosine,"lr0.001,wd0.0",-1.8558387295621532,0.0008491482158676406
[24],7,"lr=3e-04, wd=0.0",20,layer4_lr0.001_hd128_wd0.01_cosine,"lr0.001,wd0.01",-3.320575660403783,8.419696833533842e-05
[24],7,"lr=3e-04, wd=0.0",20,layer4_lr0.003_hd128_wd0.0_cosine,"lr0.003,wd0.0",-2.743795557570069,0.00036691090517445424
[24],7,"lr=3e-04, wd=0.0",20,layer4_lr0.003_hd128_wd0.01_cosine,"lr0.003,wd0.01",-2.896942754261518,0.0002829958792447946
[24],7,"lr=3e-04, wd=0.0",50,layer4_lr1e-05_hd128_wd0.0_cosine,"lr1e-05,wd0.0",-4.067546109073548,1.8056368441150186e-06
[24],7,"lr=3e-04, wd=0.0",50,layer4_lr1e-05_hd128_wd0.01_cosine,"lr1e-05,wd0.01",-4.146663162710751,1.3660382442197842e-06
[24],7,"lr=3e-04, wd=0.0",50,layer4_lr3e-05_hd128_wd0.0_cosine,"lr3e-05,wd0.0",-3.96252893826179,3.9208755660792284e-07
[24],7,"lr=3e-04, wd=0.0",50,layer4_lr3e-05_hd128_wd0.01_cosine,"lr3e-05,wd0.01",-4.126944418897085,4.021157845481669e-06
[24],7,"lr=3e-04, wd=0.0",50,layer4_lr0.0001_hd128_wd0.0_cosine,"lr0.0001,wd0.0",-3.2116202559380618,9.716869218383671e-05
[24],7,"lr=3e-04, wd=0.0",50,layer4_lr0.0001_hd128_wd0.01_cosine,"lr0.0001,wd0.01",-4.024930821180198,1.2104467157317107e-05
[24],7,"lr=3e-04, wd=0.0",50,layer4_lr0.0003_hd128_wd0.0_cosine,"lr0.0003,wd0.0",-2.505406209184451,9.058022584690454e-05
[24],7,"lr=3e-04, wd=0.0",50,layer4_lr0.0003_hd128_wd0.01_cosine,"lr0.0003,wd0.01",-3.91516508239286,2.065838453179389e-05
[24],7,"lr=3e-04, wd=0.0",50,layer4_lr0.001_hd128_wd0.0_cosine,"lr0.001,wd0.0",-2.288773200027725,4.608053482086387e-05
[24],7,"lr=3e-04, wd=0.0",50,layer4_lr0.001_hd128_wd0.01_cosine,"lr0.001,wd0.01",-2.07652935866683,0.00015632707867935578
[24],7,"lr=3e-04, wd=0.0",50,layer4_lr0.003_hd128_wd0.0_cosine,"lr0.003,wd0.0",-2.817088436073559,0.0001842642249291872
[24],7,"lr=3e-04, wd=0.0",50,layer4_lr0.003_hd128_wd0.01_cosine,"lr0.003,wd0.01",-0.9003497828620595,0.0003073577268975544
[24],7,"lr=3e-04, wd=0.0",90,layer4_lr1e-05_hd128_wd0.0_cosine,"lr1e-05,wd0.0",-4.172767101152229,1.4896002958943908e-06
[24],7,"lr=3e-04, wd=0.0",90,layer4_lr1e-05_hd128_wd0.01_cosine,"lr1e-05,wd0.01",-4.2248192209861015,3.7207778064902484e-07
[24],7,"lr=3e-04, wd=0.0",90,layer4_lr3e-05_hd128_wd0.0_cosine,"lr3e-05,wd0.0",-4.171235589537877,2.8850039219064167e-07
[24],7,"lr=3e-04, wd=0.0",90,layer4_lr3e-05_hd128_wd0.01_cosine,"lr3e-05,wd0.01",-4.18895952485943,1.22631280669695e-06
[24],7,"lr=3e-04, wd=0.0",90,layer4_lr0.0001_hd128_wd0.0_cosine,"lr0.0001,wd0.0",-3.650695832368286,2.5717470081880927e-06
[24],7,"lr=3e-04, wd=0.0",90,layer4_lr0.0001_hd128_wd0.01_cosine,"lr0.0001,wd0.01",-4.177997756477223,3.031521180221979e-06
[24],7,"lr=3e-04, wd=0.0",90,layer4_lr0.0003_hd128_wd0.0_cosine,"lr0.0003,wd0.0",-3.4774078847186303,5.573526738540989e-06
[24],7,"lr=3e-04, wd=0.0",90,layer4_lr0.0003_hd128_wd0.01_cosine,"lr0.0003,wd0.01",-4.015872574434195,1.4214628417987501e-05
[24],7,"lr=3e-04, wd=0.0",90,layer4_lr0.001_hd128_wd0.0_cosine,"lr0.001,wd0.0",-3.3354770021096005,4.071041378176106e-05
[24],7,"lr=3e-04, wd=0.0",90,layer4_lr0.001_hd128_wd0.01_cosine,"lr0.001,wd0.01",-3.6126160047456697,4.395543510775315e-05
[24],7,"lr=3e-04, wd=0.0",90,layer4_lr0.003_hd128_wd0.0_cosine,"lr0.003,wd0.0",-3.242003034255806,1.829718543251442e-05
[24],7,"lr=3e-04, wd=0.0",90,layer4_lr0.003_hd128_wd0.01_cosine,"lr0.003,wd0.01",-3.386481496280495,7.494015327078273e-05
[24],8,"lr=3e-04, wd=0.01",0,layer4_lr1e-05_hd128_wd0.0_cosine,"lr1e-05,wd0.0",-0.85618168642173,0.00034295557266345906
[24],8,"lr=3e-04, wd=0.01",0,layer4_lr1e-05_hd128_wd0.01_cosine,"lr1e-05,wd0.01",-0.8485093869597158,0.00033834730962591894
[24],8,"lr=3e-04, wd=0.01",0,layer4_lr3e-05_hd128_wd0.0_cosine,"lr3e-05,wd0.0",-0.9066826942989032,0.0009009372519356427
[24],8,"lr=3e-04, wd=0.01",0,layer4_lr3e-05_hd128_wd0.01_cosine,"lr3e-05,wd0.01",-0.9223593838592137,0.00012788415226191131
[24],8,"lr=3e-04, wd=0.01",0,layer4_lr0.0001_hd128_wd0.0_cosine,"lr0.0001,wd0.0",-0.9441430471883567,0.0010784316253241444
[24],8,"lr=3e-04, wd=0.01",0,layer4_lr0.0001_hd128_wd0.01_cosine,"lr0.0001,wd0.01",-0.9656699462998957,0.0003710233615964198
[24],8,"lr=3e-04, wd=0.01",0,layer4_lr0.0003_hd128_wd0.0_cosine,"lr0.0003,wd0.0",-0.9646082644847733,0.0007738254651725745
[24],8,"lr=3e-04, wd=0.01",0,layer4_lr0.0003_hd128_wd0.01_cosine,"lr0.0003,wd0.01",-0.9806991363562664,0.0003547535950689497
[24],8,"lr=3e-04, wd=0.01",0,layer4_lr0.001_hd128_wd0.0_cosine,"lr0.001,wd0.0",-0.9562971727860983,0.0006493119729122276
[24],8,"lr=3e-04, wd=0.01",0,layer4_lr0.001_hd128_wd0.01_cosine,"lr0.001,wd0.01",-0.9724646395053621,0.00012786310083753679
[24],8,"lr=3e-04, wd=0.01",0,layer4_lr0.003_hd128_wd0.0_cosine,"lr0.003,wd0.0",-0.9353465372837475,0.000339110681697995
[24],8,"lr=3e-04, wd=0.01",0,layer4_lr0.003_hd128_wd0.01_cosine,"lr0.003,wd0.01",-0.9427816404201443,0.0001712712460881446
[24],8,"lr=3e-04, wd=0.01",5,layer4_lr1e-05_hd128_wd0.0_cosine,"lr1e-05,wd0.0",-2.284171386539002,0.00045707136941721923
[24],8,"lr=3e-04, wd=0.01",5,layer4_lr1e-05_hd128_wd0.01_cosine,"lr1e-05,wd0.01",-2.447220442768326,7.77991249455807e-05
[24],8,"lr=3e-04, wd=0.01",5,layer4_lr3e-05_hd128_wd0.0_cosine,"lr3e-05,wd0.0",-2.195985319357876,0.0006871833186605234
[24],8,"lr=3e-04, wd=0.01",5,layer4_lr3e-05_hd128_wd0.01_cosine,"lr3e-05,wd0.01",-2.7872615250495465,0.00019059433192029164
[24],8,"lr=3e-04, wd=0.01",5,layer4_lr0.0001_hd128_wd0.0_cosine,"lr0.0001,wd0.0",-2.3028712657127572,7.862520703955446e-05
[24],8,"lr=3e-04, wd=0.01",5,layer4_lr0.0001_hd128_wd0.01_cosine,"lr0.0001,wd0.01",-2.9563952673293303,0.00010584209180684402
[24],8,"lr=3e-04, wd=0.01",5,layer4_lr0.0003_hd128_wd0.0_cosine,"lr0.0003,wd0.0",-2.199374015572421,0.0005401710478898637
[24],8,"lr=3e-04, wd=0.01",5,layer4_lr0.0003_hd128_wd0.01_cosine,"lr0.0003,wd0.01",-2.80823751516261,5.282766056870024e-05
[24],8,"lr=3e-04, wd=0.01",5,layer4_lr0.001_hd128_wd0.0_cosine,"lr0.001,wd0.0",-2.149654652116368,0.0008399496446179477
[24],8,"lr=3e-04, wd=0.01",5,layer4_lr0.001_hd128_wd0.01_cosine,"lr0.001,wd0.01",-2.5420015062391172,4.4945994045736706e-05
[24],8,"lr=3e-04, wd=0.01",5,layer4_lr0.003_hd128_wd0.0_cosine,"lr0.003,wd0.0",-2.0307449293328053,0.0006096776682232769
[24],8,"lr=3e-04, wd=0.01",5,layer4_lr0.003_hd128_wd0.01_cosine,"lr0.003,wd0.01",-2.181164861484187,0.00039418152373404855
[24],8,"lr=3e-04, wd=0.01",10,layer4_lr1e-05_hd128_wd0.0_cosine,"lr1e-05,wd0.0",-2.5754203847895787,0.00036104246041480394
[24],8,"lr=3e-04, wd=0.01",10,layer4_lr1e-05_hd128_wd0.01_cosine,"lr1e-05,wd0.01",-2.841241070863859,0.00017390585073124857
[24],8,"lr=3e-04, wd=0.01",10,layer4_lr3e-05_hd128_wd0.0_cosine,"lr3e-05,wd0.0",-2.7752656084613228,0.00024349504586010726
[24],8,"lr=3e-04, wd=0.01",10,layer4_lr3e-05_hd128_wd0.01_cosine,"lr3e-05,wd0.01",-3.4973162568698517,3.645794937310112e-05
[24],8,"lr=3e-04, wd=0.01",10,layer4_lr0.0001_hd128_wd0.0_cosine,"lr0.0001,wd0.0",-2.5298517793851034,8.194861304795879e-05
[24],8,"lr=3e-04, wd=0.01",10,layer4_lr0.0001_hd128_wd0.01_cosine,"lr0.0001,wd0.01",-3.4616807108056764,1.5104211558969492e-05
[24],8,"lr=3e-04, wd=0.01",10,layer4_lr0.0003_hd128_wd0.0_cosine,"lr0.0003,wd0.0",-2.3963028200845784,0.0008484338001845943
[24],8,"lr=3e-04, wd=0.01",10,layer4_lr0.0003_hd128_wd0.01_cosine,"lr0.0003,wd0.01",-3.2981393229773324,1.9181175544987626e-05
[24],8,"lr=3e-04, wd=0.01",10,layer4_lr0.001_hd128_wd0.0_cosine,"lr0.001,wd0.0",-2.3973986532894287,0.0008574584197779511
[24],8,"lr=3e-04, wd=0.01",10,layer4_lr0.001_hd128_wd0.01_cosine,"lr0.001,wd0.01",-3.363214427665428,6.526867112283938e-05
[24],8,"lr=3e-04, wd=0.01",10,layer4_lr0.003_hd128_wd0.0_cosine,"lr0.003,wd0.0",-2.696485711532297,0.0002974284238292998
[24],8,"lr=3e-04, wd=0.01",10,layer4_lr0.003_hd128_wd0.01_cosine,"lr0.003,wd0.01",-3.2750901137469626,0.00013206600583588878
[24],8,"lr=3e-04, wd=0.01",20,layer4_lr1e-05_hd128_wd0.0_cosine,"lr1e-05,wd0.0",-3.354295186602063,1.573613641320553e-05
[24],8,"lr=3e-04, wd=0.01",20,layer4_lr1e-05_hd128_wd0.01_cosine,"lr1e-05,wd0.01",-3.4150375330567195,2.213348932496211e-06
[24],8,"lr=3e-04, wd=0.01",20,layer4_lr3e-05_hd128_wd0.0_cosine,"lr3e-05,wd0.0",-3.1171036768814044,8.779936937045162e-06
[24],8,"lr=3e-04, wd=0.01",20,layer4_lr3e-05_hd128_wd0.01_cosine,"lr3e-05,wd0.01",-3.8244523284006924,1.4654799364092585e-05
[24],8,"lr=3e-04, wd=0.01",20,layer4_lr0.0001_hd128_wd0.0_cosine,"lr0.0001,wd0.0",-2.7486307972871735,0.00026750297134810457
[24],8,"lr=3e-04, wd=0.01",20,layer4_lr0.0001_hd128_wd0.01_cosine,"lr0.0001,wd0.01",-3.6551189259085337,1.3536660143112232e-06
[24],8,"lr=3e-04, wd=0.01",20,layer4_lr0.0003_hd128_wd0.0_cosine,"lr0.0003,wd0.0",-2.2171771436948533,0.000997724404530199
[24],8,"lr=3e-04, wd=0.01",20,layer4_lr0.0003_hd128_wd0.01_cosine,"lr0.0003,wd0.01",-3.6041366175443,1.7886417525901356e-05
[24],8,"lr=3e-04, wd=0.01",20,layer4_lr0.001_hd128_wd0.0_cosine,"lr0.001,wd0.0",-2.2676121670114844,0.0009206655253591186
[24],8,"lr=3e-04, wd=0.01",20,layer4_lr0.001_hd128_wd0.01_cosine,"lr0.001,wd0.01",-3.579070664170242,6.21525371133665e-05
[24],8,"lr=3e-04, wd=0.01",20,layer4_lr0.003_hd128_wd0.0_cosine,"lr0.003,wd0.0",-2.700252861109492,0.00043679190925346084
[24],8,"lr=3e-04, wd=0.01",20,layer4_lr0.003_hd128_wd0.01_cosine,"lr0.003,wd0.01",-2.1834207433231962,0.00028267880017934154
[24],8,"lr=3e-04, wd=0.01",50,layer4_lr1e-05_hd128_wd0.0_cosine,"lr1e-05,wd0.0",-4.0636113629221855,1.9892349449251036e-06
[24],8,"lr=3e-04, wd=0.01",50,layer4_lr1e-05_hd128_wd0.01_cosine,"lr1e-05,wd0.01",-4.138026528281272,2.155823020286216e-06
[24],8,"lr=3e-04, wd=0.01",50,layer4_lr3e-05_hd128_wd0.0_cosine,"lr3e-05,wd0.0",-3.9147559730560317,2.5485708136132425e-06
[24],8,"lr=3e-04, wd=0.01",50,layer4_lr3e-05_hd128_wd0.01_cosine,"lr3e-05,wd0.01",-4.148330624592803,8.096532353207841e-07
[24],8,"lr=3e-04, wd=0.01",50,layer4_lr0.0001_hd128_wd0.0_cosine,"lr0.0001,wd0.0",-3.1533447600899986,0.00010376109244418172
[24],8,"lr=3e-04, wd=0.01",50,layer4_lr0.0001_hd128_wd0.01_cosine,"lr0.0001,wd0.01",-4.11260971544789,3.672188205658272e-06
[24],8,"lr=3e-04, wd=0.01",50,layer4_lr0.0003_hd128_wd0.0_cosine,"lr0.0003,wd0.0",-2.445099452173464,7.500949056183346e-05
[24],8,"lr=3e-04, wd=0.01",50,layer4_lr0.0003_hd128_wd0.01_cosine,"lr0.0003,wd0.01",-4.067178752433806,6.61897154446281e-06
[24],8,"lr=3e-04, wd=0.01",50,layer4_lr0.001_hd128_wd0.0_cosine,"lr0.001,wd0.0",-2.2372394680853254,4.3975564898390684e-05
[24],8,"lr=3e-04, wd=0.01",50,layer4_lr0.001_hd128_wd0.01_cosine,"lr0.001,wd0.01",-2.4933628779560615,0.00013347275243967707
[24],8,"lr=3e-04, wd=0.01",50,layer4_lr0.003_hd128_wd0.0_cosine,"lr0.003,wd0.0",-3.037556225019871,0.0001914100605305704
[24],8,"lr=3e-04, wd=0.01",50,layer4_lr0.003_hd128_wd0.01_cosine,"lr0.003,wd0.01",-0.40996263553841955,0.00031792927300196316
[24],8,"lr=3e-04, wd=0.01",90,layer4_lr1e-05_hd128_wd0.0_cosine,"lr1e-05,wd0.0",-4.165250797656843,1.99941651025317e-06
[24],8,"lr=3e-04, wd=0.01",90,layer4_lr1e-05_hd128_wd0.01_cosine,"lr1e-05,wd0.01",-4.222487102250256,4.984192923752522e-07
[24],8,"lr=3e-04, wd=0.01",90,layer4_lr3e-05_hd128_wd0.0_cosine,"lr3e-05,wd0.0",-4.161467072080271,6.323009507397118e-07
[24],8,"lr=3e-04, wd=0.01",90,layer4_lr3e-05_hd128_wd0.01_cosine,"lr3e-05,wd0.01",-4.201315122794968,2.5738092285707574e-07
[24],8,"lr=3e-04, wd=0.01",90,layer4_lr0.0001_hd128_wd0.0_cosine,"lr0.0001,wd0.0",-3.472896854351348,1.1394873291786292e-06
[24],8,"lr=3e-04, wd=0.01",90,layer4_lr0.0001_hd128_wd0.01_cosine,"lr0.0001,wd0.01",-4.20879360292188,5.377936161218754e-07
[24],8,"lr=3e-04, wd=0.01",90,layer4_lr0.0003_hd128_wd0.0_cosine,"lr0.0003,wd0.0",-3.3964994672343143,4.9830684478269475e-06
[24],8,"lr=3e-04, wd=0.01",90,layer4_lr0.0003_hd128_wd0.01_cosine,"lr0.0003,wd0.01",-4.118268762781049,6.700620165765565e-06
[24],8,"lr=3e-04, wd=0.01",90,layer4_lr0.001_hd128_wd0.0_cosine,"lr0.001,wd0.0",-3.2806760485082966,4.193068687307509e-05
[24],8,"lr=3e-04, wd=0.01",90,layer4_lr0.001_hd128_wd0.01_cosine,"lr0.001,wd0.01",-3.7811371428167933,2.9318123025711803e-05
[24],8,"lr=3e-04, wd=0.01",90,layer4_lr0.003_hd128_wd0.0_cosine,"lr0.003,wd0.0",-3.148279943073619,1.458908476912474e-05
[24],8,"lr=3e-04, wd=0.01",90,layer4_lr0.003_hd128_wd0.01_cosine,"lr0.003,wd0.01",-3.10378874771457,0.00010480360635800086
[24],9,"lr=0.001, wd=0.0",0,layer4_lr1e-05_hd128_wd0.0_cosine,"lr1e-05,wd0.0",-0.7538735186513799,0.0005293855815379825
[24],9,"lr=0.001, wd=0.0",0,layer4_lr1e-05_hd128_wd0.01_cosine,"lr1e-05,wd0.01",-0.7345527399249003,0.0008243884949431806
[24],9,"lr=0.001, wd=0.0",0,layer4_lr3e-05_hd128_wd0.0_cosine,"lr3e-05,wd0.0",-0.8276568184559491,0.0005378039916069372
[24],9,"lr=0.001, wd=0.0",0,layer4_lr3e-05_hd128_wd0.01_cosine,"lr3e-05,wd0.01",-0.8077439402683259,0.00014101200600853675
[24],9,"lr=0.001, wd=0.0",0,layer4_lr0.0001_hd128_wd0.0_cosine,"lr0.0001,wd0.0",-0.9049322687336856,0.0005626303668316568
[24],9,"lr=0.001, wd=0.0",0,layer4_lr0.0001_hd128_wd0.01_cosine,"lr0.0001,wd0.01",-0.8877866364333248,0.0001387349196855847
[24],9,"lr=0.001, wd=0.0",0,layer4_lr0.0003_hd128_wd0.0_cosine,"lr0.0003,wd0.0",-0.9581891950814854,0.00035140189769937154
[24],9,"lr=0.001, wd=0.0",0,layer4_lr0.0003_hd128_wd0.01_cosine,"lr0.0003,wd0.01",-0.9374492030506061,0.0001438138685415277
[24],9,"lr=0.001, wd=0.0",0,layer4_lr0.001_hd128_wd0.0_cosine,"lr0.001,wd0.0",-0.9796317457286424,0.0002948498156487267
[24],9,"lr=0.001, wd=0.0",0,layer4_lr0.001_hd128_wd0.01_cosine,"lr0.001,wd0.01",-0.9578238822785029,0.000120868545917714
[24],9,"lr=0.001, wd=0.0",0,layer4_lr0.003_hd128_wd0.0_cosine,"lr0.003,wd0.0",-0.9691735333984332,0.00010408600289934062
[24],9,"lr=0.001, wd=0.0",0,layer4_lr0.003_hd128_wd0.01_cosine,"lr0.003,wd0.01",-0.940666542633865,0.0004370203671811031
[24],9,"lr=0.001, wd=0.0",5,layer4_lr1e-05_hd128_wd0.0_cosine,"lr1e-05,wd0.0",-2.3587683334671117,0.00042670500402836064
[24],9,"lr=0.001, wd=0.0",5,layer4_lr1e-05_hd128_wd0.01_cosine,"lr1e-05,wd0.01",-2.51614307495774,4.476093406352005e-05
[24],9,"lr=0.001, wd=0.0",5,layer4_lr3e-05_hd128_wd0.0_cosine,"lr3e-05,wd0.0",-2.242348372573936,0.0008466207600287835
[24],9,"lr=0.001, wd=0.0",5,layer4_lr3e-05_hd128_wd0.01_cosine,"lr3e-05,wd0.01",-2.6376035759257603,0.00027194132969750274
[24],9,"lr=0.001, wd=0.0",5,layer4_lr0.0001_hd128_wd0.0_cosine,"lr0.0001,wd0.0",-2.3512333605173854,0.00028863667787323546
[24],9,"lr=0.001, wd=0.0",5,layer4_lr0.0001_hd128_wd0.01_cosine,"lr0.0001,wd0.01",-2.790724291066326,0.00023207473683429283
[24],9,"lr=0.001, wd=0.0",5,layer4_lr0.0003_hd128_wd0.0_cosine,"lr0.0003,wd0.0",-2.4063962912261276,0.000242819312462872
[24],9,"lr=0.001, wd=0.0",5,layer4_lr0.0003_hd128_wd0.01_cosine,"lr0.0003,wd0.01",-3.1325970749589525,0.00015056914926313102
[24],9,"lr=0.001, wd=0.0",5,layer4_lr0.001_hd128_wd0.0_cosine,"lr0.001,wd0.0",-2.4076013414021102,0.00047160394030882377
[24],9,"lr=0.001, wd=0.0",5,layer4_lr0.001_hd128_wd0.01_cosine,"lr0.001,wd0.01",-3.178786530200289,9.369020192074491e-05
[24],9,"lr=0.001, wd=0.0",5,layer4_lr0.003_hd128_wd0.0_cosine,"lr0.003,wd0.0",-2.7310669171625275,0.00017002734268623792
[24],9,"lr=0.001, wd=0.0",5,layer4_lr0.003_hd128_wd0.01_cosine,"lr0.003,wd0.01",-2.291126985804927,0.000699220855618724
[24],9,"lr=0.001, wd=0.0",10,layer4_lr1e-05_hd128_wd0.0_cosine,"lr1e-05,wd0.0",-2.6211029315547227,0.0002868238787749642
[24],9,"lr=0.001, wd=0.0",10,layer4_lr1e-05_hd128_wd0.01_cosine,"lr1e-05,wd0.01",-2.7397291605944223,0.00016668690181687393
[24],9,"lr=0.001, wd=0.0",10,layer4_lr3e-05_hd128_wd0.0_cosine,"lr3e-05,wd0.0",-2.604366217693432,0.0004155095348106809
[24],9,"lr=0.001, wd=0.0",10,layer4_lr3e-05_hd128_wd0.01_cosine,"lr3e-05,wd0.01",-3.2320296154808976,6.30385615886858e-05
[24],9,"lr=0.001, wd=0.0",10,layer4_lr0.0001_hd128_wd0.0_cosine,"lr0.0001,wd0.0",-2.799439779427069,1.8876134147432827e-05
[24],9,"lr=0.001, wd=0.0",10,layer4_lr0.0001_hd128_wd0.01_cosine,"lr0.0001,wd0.01",-3.206634167763434,0.00011688893180723351
[24],9,"lr=0.001, wd=0.0",10,layer4_lr0.0003_hd128_wd0.0_cosine,"lr0.0003,wd0.0",-2.5036416831484325,0.0005410761312998603
[24],9,"lr=0.001, wd=0.0",10,layer4_lr0.0003_hd128_wd0.01_cosine,"lr0.0003,wd0.01",-3.153368391838827,0.00010990788287218424
[24],9,"lr=0.001, wd=0.0",10,layer4_lr0.001_hd128_wd0.0_cosine,"lr0.001,wd0.0",-2.5877341972894428,0.0005257625179702663
[24],9,"lr=0.001, wd=0.0",10,layer4_lr0.001_hd128_wd0.01_cosine,"lr0.001,wd0.01",-3.145683131172653,0.00011869850115064794
[24],9,"lr=0.001, wd=0.0",10,layer4_lr0.003_hd128_wd0.0_cosine,"lr0.003,wd0.0",-3.2035950992677207,0.00015515966745585186
[24],9,"lr=0.001, wd=0.0",10,layer4_lr0.003_hd128_wd0.01_cosine,"lr0.003,wd0.01",-3.1577263327865355,0.00016545970201768998
[24],9,"lr=0.001, wd=0.0",20,layer4_lr1e-05_hd128_wd0.0_cosine,"lr1e-05,wd0.0",-3.0160957194531655,3.7745175470763764e-06
[24],9,"lr=0.001, wd=0.0",20,layer4_lr1e-05_hd128_wd0.01_cosine,"lr1e-05,wd0.01",-3.0561373478870637,4.993400524017374e-06
[24],9,"lr=0.001, wd=0.0",20,layer4_lr3e-05_hd128_wd0.0_cosine,"lr3e-05,wd0.0",-3.1169114537997764,4.428963999333216e-05
[24],9,"lr=0.001, wd=0.0",20,layer4_lr3e-05_hd128_wd0.01_cosine,"lr3e-05,wd0.01",-3.571517456270697,3.382178106908628e-05
[24],9,"lr=0.001, wd=0.0",20,layer4_lr0.0001_hd128_wd0.0_cosine,"lr0.0001,wd0.0",-2.711720666667207,0.00013020819508013015
[24],9,"lr=0.001, wd=0.0",20,layer4_lr0.0001_hd128_wd0.01_cosine,"lr0.0001,wd0.01",-3.6128219786024407,3.725310922458733e-05
[24],9,"lr=0.001, wd=0.0",20,layer4_lr0.0003_hd128_wd0.0_cosine,"lr0.0003,wd0.0",-2.4897149193841264,0.000678199431417295
[24],9,"lr=0.001, wd=0.0",20,layer4_lr0.0003_hd128_wd0.01_cosine,"lr0.0003,wd0.01",-3.221120300842177,9.363891973493417e-05
[24],9,"lr=0.001, wd=0.0",20,layer4_lr0.001_hd128_wd0.0_cosine,"lr0.001,wd0.0",-2.502846780569015,0.0006888445618857369
[24],9,"lr=0.001, wd=0.0",20,layer4_lr0.001_hd128_wd0.01_cosine,"lr0.001,wd0.01",-2.8164387338759345,0.00012869978614886082
[24],9,"lr=0.001, wd=0.0",20,layer4_lr0.003_hd128_wd0.0_cosine,"lr0.003,wd0.0",-2.981852543501216,0.00026959223924606033
[24],9,"lr=0.001, wd=0.0",20,layer4_lr0.003_hd128_wd0.01_cosine,"lr0.003,wd0.01",-2.4971840409791737,0.0003072519751435304
[24],9,"lr=0.001, wd=0.0",50,layer4_lr1e-05_hd128_wd0.0_cosine,"lr1e-05,wd0.0",-3.966361598480249,1.9787280781582357e-06
[24],9,"lr=0.001, wd=0.0",50,layer4_lr1e-05_hd128_wd0.01_cosine,"lr1e-05,wd0.01",-4.058623441566934,1.6322135143046463e-06
[24],9,"lr=0.001, wd=0.0",50,layer4_lr3e-05_hd128_wd0.0_cosine,"lr3e-05,wd0.0",-3.8116545529060306,5.307981034267801e-07
[24],9,"lr=0.001, wd=0.0",50,layer4_lr3e-05_hd128_wd0.01_cosine,"lr3e-05,wd0.01",-4.063359508790072,2.1135734338745828e-06
[24],9,"lr=0.001, wd=0.0",50,layer4_lr0.0001_hd128_wd0.0_cosine,"lr0.0001,wd0.0",-3.2712019708563616,5.959291857697294e-05
[24],9,"lr=0.001, wd=0.0",50,layer4_lr0.0001_hd128_wd0.01_cosine,"lr0.0001,wd0.01",-3.951832800342353,1.3657372793466666e-05
[24],9,"lr=0.001, wd=0.0",50,layer4_lr0.0003_hd128_wd0.0_cosine,"lr0.0003,wd0.0",-2.6122314956309562,0.0001037423981338212
[24],9,"lr=0.001, wd=0.0",50,layer4_lr0.0003_hd128_wd0.01_cosine,"lr0.0003,wd0.01",-3.826999524823606,2.7712088997584484e-05
[24],9,"lr=0.001, wd=0.0",50,layer4_lr0.001_hd128_wd0.0_cosine,"lr0.001,wd0.0",-2.4486949607645734,7.84852698395842e-06
[24],9,"lr=0.001, wd=0.0",50,layer4_lr0.001_hd128_wd0.01_cosine,"lr0.001,wd0.01",-1.8562989896606528,0.0001791297376185386
[24],9,"lr=0.001, wd=0.0",50,layer4_lr0.003_hd128_wd0.0_cosine,"lr0.003,wd0.0",-2.855418453611361,0.00015217492432781487
[24],9,"lr=0.001, wd=0.0",50,layer4_lr0.003_hd128_wd0.01_cosine,"lr0.003,wd0.01",-1.0334920007326962,0.0003133470033446165
[24],9,"lr=0.001, wd=0.0",90,layer4_lr1e-05_hd128_wd0.0_cosine,"lr1e-05,wd0.0",-4.147520513072149,1.6004518071614324e-06
[24],9,"lr=0.001, wd=0.0",90,layer4_lr1e-05_hd128_wd0.01_cosine,"lr1e-05,wd0.01",-4.202597480674382,3.882485246738263e-07
[24],9,"lr=0.001, wd=0.0",90,layer4_lr3e-05_hd128_wd0.0_cosine,"lr3e-05,wd0.0",-4.148786701999455,3.644557625162726e-07
[24],9,"lr=0.001, wd=0.0",90,layer4_lr3e-05_hd128_wd0.01_cosine,"lr3e-05,wd0.01",-4.179624985057235,1.428585268151685e-06
[24],9,"lr=0.001, wd=0.0",90,layer4_lr0.0001_hd128_wd0.0_cosine,"lr0.0001,wd0.0",-3.8636696446006225,2.8793661623924344e-06
[24],9,"lr=0.001, wd=0.0",90,layer4_lr0.0001_hd128_wd0.01_cosine,"lr0.0001,wd0.01",-4.152413998038589,3.4242476867739723e-06
[24],9,"lr=0.001, wd=0.0",90,layer4_lr0.0003_hd128_wd0.0_cosine,"lr0.0003,wd0.0",-3.6079828581017486,6.839483274530646e-06
[24],9,"lr=0.001, wd=0.0",90,layer4_lr0.0003_hd128_wd0.01_cosine,"lr0.0003,wd0.01",-3.976103046557133,1.5926401747330986e-05
[24],9,"lr=0.001, wd=0.0",90,layer4_lr0.001_hd128_wd0.0_cosine,"lr0.001,wd0.0",-3.4382889649481077,4.475541430987518e-05
[24],9,"lr=0.001, wd=0.0",90,layer4_lr0.001_hd128_wd0.01_cosine,"lr0.001,wd0.01",-3.747342093438775,3.111563431925355e-05
[24],9,"lr=0.001, wd=0.0",90,layer4_lr0.003_hd128_wd0.0_cosine,"lr0.003,wd0.0",-3.5574370945178093,3.833778668324188e-05
[24],9,"lr=0.001, wd=0.0",90,layer4_lr0.003_hd128_wd0.01_cosine,"lr0.003,wd0.01",-3.4894564883778476,6.0306791926256534e-05
[24],10,"lr=0.001, wd=0.01",0,layer4_lr1e-05_hd128_wd0.0_cosine,"lr1e-05,wd0.0",-0.7429911577558667,0.00037611260017981633
[24],10,"lr=0.001, wd=0.01",0,layer4_lr1e-05_hd128_wd0.01_cosine,"lr1e-05,wd0.01",-0.7374540380896285,0.0005722731326200461
[24],10,"lr=0.001, wd=0.01",0,layer4_lr3e-05_hd128_wd0.0_cosine,"lr3e-05,wd0.0",-0.7885082813384661,0.0006343216609090303
[24],10,"lr=0.001, wd=0.01",0,layer4_lr3e-05_hd128_wd0.01_cosine,"lr3e-05,wd0.01",-0.7955810947461324,8.356209625249893e-05
[24],10,"lr=0.001, wd=0.01",0,layer4_lr0.0001_hd128_wd0.0_cosine,"lr0.0001,wd0.0",-0.8534168804628244,0.0008770391437134251
[24],10,"lr=0.001, wd=0.01",0,layer4_lr0.0001_hd128_wd0.01_cosine,"lr0.0001,wd0.01",-0.8713044651783848,0.0002428369069382825
[24],10,"lr=0.001, wd=0.01",0,layer4_lr0.0003_hd128_wd0.0_cosine,"lr0.0003,wd0.0",-0.9099588210728567,0.0007330932204837497
[24],10,"lr=0.001, wd=0.01",0,layer4_lr0.0003_hd128_wd0.01_cosine,"lr0.0003,wd0.01",-0.9318556953936379,0.0002690994079371378
[24],10,"lr=0.001, wd=0.01",0,layer4_lr0.001_hd128_wd0.0_cosine,"lr0.001,wd0.0",-0.9366009585218179,0.0006729448057811282
[24],10,"lr=0.001, wd=0.01",0,layer4_lr0.001_hd128_wd0.01_cosine,"lr0.001,wd0.01",-0.9583420443633359,8.606348974300263e-05
[24],10,"lr=0.001, wd=0.01",0,layer4_lr0.003_hd128_wd0.0_cosine,"lr0.003,wd0.0",-0.9360438879251554,0.0003557014946870748
[24],10,"lr=0.001, wd=0.01",0,layer4_lr0.003_hd128_wd0.01_cosine,"lr0.003,wd0.01",-0.9445417610841556,0.00014766030033055047
[24],10,"lr=0.001, wd=0.01",5,layer4_lr1e-05_hd128_wd0.0_cosine,"lr1e-05,wd0.0",-2.2032840491096803,0.00014270015205153374
[24],10,"lr=0.001, wd=0.01",5,layer4_lr1e-05_hd128_wd0.01_cosine,"lr1e-05,wd0.01",-2.2888809466918207,1.1031853237133926e-05
[24],10,"lr=0.001, wd=0.01",5,layer4_lr3e-05_hd128_wd0.0_cosine,"lr3e-05,wd0.0",-2.08873552979323,0.00044804299320117495
[24],10,"lr=0.001, wd=0.01",5,layer4_lr3e-05_hd128_wd0.01_cosine,"lr3e-05,wd0.01",-2.31496699696328,0.00014906017802961567
[24],10,"lr=0.001, wd=0.01",5,layer4_lr0.0001_hd128_wd0.0_cosine,"lr0.0001,wd0.0",-1.9776099932342217,0.00010804803081812459
[24],10,"lr=0.001, wd=0.01",5,layer4_lr0.0001_hd128_wd0.01_cosine,"lr0.0001,wd0.01",-2.540353612419257,5.484726208630253e-05
[24],10,"lr=0.001, wd=0.01",5,layer4_lr0.0003_hd128_wd0.0_cosine,"lr0.0003,wd0.0",-1.9279346348710489,0.0008490383582009335
[24],10,"lr=0.001, wd=0.01",5,layer4_lr0.0003_hd128_wd0.01_cosine,"lr0.0003,wd0.01",-2.6181827800010455,1.3482805683666095e-05
[24],10,"lr=0.001, wd=0.01",5,layer4_lr0.001_hd128_wd0.0_cosine,"lr0.001,wd0.0",-1.9822129843390788,0.0011549109989528613
[24],10,"lr=0.001, wd=0.01",5,layer4_lr0.001_hd128_wd0.01_cosine,"lr0.001,wd0.01",-2.6345817234243945,2.2945555662370593e-05
[24],10,"lr=0.001, wd=0.01",5,layer4_lr0.003_hd128_wd0.0_cosine,"lr0.003,wd0.0",-1.9441160047420394,0.0009524102507320348
[24],10,"lr=0.001, wd=0.01",5,layer4_lr0.003_hd128_wd0.01_cosine,"lr0.003,wd0.01",-2.4994986647810586,0.0002371898672680558
[24],10,"lr=0.001, wd=0.01",10,layer4_lr1e-05_hd128_wd0.0_cosine,"lr1e-05,wd0.0",-2.3691978859417686,7.087857560367668e-05
[24],10,"lr=0.001, wd=0.01",10,layer4_lr1e-05_hd128_wd0.01_cosine,"lr1e-05,wd0.01",-2.4767292055989523,3.2748456118245325e-05
[24],10,"lr=0.001, wd=0.01",10,layer4_lr3e-05_hd128_wd0.0_cosine,"lr3e-05,wd0.0",-2.328507364284113,2.146076589851681e-05
[24],10,"lr=0.001, wd=0.01",10,layer4_lr3e-05_hd128_wd0.01_cosine,"lr3e-05,wd0.01",-2.5727896905243672,9.300387777786506e-06
[24],10,"lr=0.001, wd=0.01",10,layer4_lr0.0001_hd128_wd0.0_cosine,"lr0.0001,wd0.0",-2.0922413839568255,0.00030480556488117163
[24],10,"lr=0.001, wd=0.01",10,layer4_lr0.0001_hd128_wd0.01_cosine,"lr0.0001,wd0.01",-2.6664651552946035,2.3097939435656856e-05
[24],10,"lr=0.001, wd=0.01",10,layer4_lr0.0003_hd128_wd0.0_cosine,"lr0.0003,wd0.0",-2.163339748351407,0.0011783541718817154
[24],10,"lr=0.001, wd=0.01",10,layer4_lr0.0003_hd128_wd0.01_cosine,"lr0.0003,wd0.01",-2.9326237342247357,4.067651718853316e-06
[24],10,"lr=0.001, wd=0.01",10,layer4_lr0.001_hd128_wd0.0_cosine,"lr0.001,wd0.0",-2.2706486617068693,0.0009776106435349652
[24],10,"lr=0.001, wd=0.01",10,layer4_lr0.001_hd128_wd0.01_cosine,"lr0.001,wd0.01",-3.395924173105645,2.7926904628215077e-05
[24],10,"lr=0.001, wd=0.01",10,layer4_lr0.003_hd128_wd0.0_cosine,"lr0.003,wd0.0",-2.486950655979301,0.00040550397817984044
[24],10,"lr=0.001, wd=0.01",10,layer4_lr0.003_hd128_wd0.01_cosine,"lr0.003,wd0.01",-3.4009144873140484,0.00010411283850025715
[24],10,"lr=0.001, wd=0.01",20,layer4_lr1e-05_hd128_wd0.0_cosine,"lr1e-05,wd0.0",-2.7224789246429397,1.4569892883765919e-05
[24],10,"lr=0.001, wd=0.01",20,layer4_lr1e-05_hd128_wd0.01_cosine,"lr1e-05,wd0.01",-2.7515204991915643,6.456540586137207e-05
[24],10,"lr=0.001, wd=0.01",20,layer4_lr3e-05_hd128_wd0.0_cosine,"lr3e-05,wd0.0",-2.5000810608380304,3.510401090077641e-05
[24],10,"lr=0.001, wd=0.01",20,layer4_lr3e-05_hd128_wd0.01_cosine,"lr3e-05,wd0.01",-3.030578808031706,7.3314216263672795e-06
[24],10,"lr=0.001, wd=0.01",20,layer4_lr0.0001_hd128_wd0.0_cosine,"lr0.0001,wd0.0",-2.4708537504377768,0.0004042451536182555
[24],10,"lr=0.001, wd=0.01",20,layer4_lr0.0001_hd128_wd0.01_cosine,"lr0.0001,wd0.01",-2.9944600199455906,2.0015874246980325e-05
[24],10,"lr=0.001, wd=0.01",20,layer4_lr0.0003_hd128_wd0.0_cosine,"lr0.0003,wd0.0",-2.2832792986880777,0.0010804637369186195
[24],10,"lr=0.001, wd=0.01",20,layer4_lr0.0003_hd128_wd0.01_cosine,"lr0.0003,wd0.01",-3.2757799660430886,2.419788863677475e-06
[24],10,"lr=0.001, wd=0.01",20,layer4_lr0.001_hd128_wd0.0_cosine,"lr0.001,wd0.0",-2.3974362275057186,0.0009487778297275962
[24],10,"lr=0.001, wd=0.01",20,layer4_lr0.001_hd128_wd0.01_cosine,"lr0.001,wd0.01",-3.573636520653039,2.5169285616288662e-05
[24],10,"lr=0.001, wd=0.01",20,layer4_lr0.003_hd128_wd0.0_cosine,"lr0.003,wd0.0",-2.6178694562032705,0.0004897782282424556
[24],10,"lr=0.001, wd=0.01",20,layer4_lr0.003_hd128_wd0.01_cosine,"lr0.003,wd0.01",-2.634294765669855,0.0002032427400436738
[24],10,"lr=0.001, wd=0.01",50,layer4_lr1e-05_hd128_wd0.0_cosine,"lr1e-05,wd0.0",-3.9714175211166274,5.590846860196334e-06
[24],10,"lr=0.001, wd=0.01",50,layer4_lr1e-05_hd128_wd0.01_cosine,"lr1e-05,wd0.01",-4.036485681429906,5.126200389857608e-06
[24],10,"lr=0.001, wd=0.01",50,layer4_lr3e-05_hd128_wd0.0_cosine,"lr3e-05,wd0.0",-3.7992858755619703,9.814056399419004e-06
[24],10,"lr=0.001, wd=0.01",50,layer4_lr3e-05_hd128_wd0.01_cosine,"lr3e-05,wd0.01",-3.9973738637024847,3.953508234329679e-06
[24],10,"lr=0.001, wd=0.01",50,layer4_lr0.0001_hd128_wd0.0_cosine,"lr0.0001,wd0.0",-3.1027256508031993,0.00010776254853357485
[24],10,"lr=0.001, wd=0.01",50,layer4_lr0.0001_hd128_wd0.01_cosine,"lr0.0001,wd0.01",-4.073182112540025,7.740227388788105e-07
[24],10,"lr=0.001, wd=0.01",50,layer4_lr0.0003_hd128_wd0.0_cosine,"lr0.0003,wd0.0",-2.4862583794369364,8.743766645344565e-05
[24],10,"lr=0.001, wd=0.01",50,layer4_lr0.0003_hd128_wd0.01_cosine,"lr0.0003,wd0.01",-4.069081931482323,2.293702366116888e-06
[24],10,"lr=0.001, wd=0.01",50,layer4_lr0.001_hd128_wd0.0_cosine,"lr0.001,wd0.0",-2.3339155896903163,6.809332541251203e-06
[24],10,"lr=0.001, wd=0.01",50,layer4_lr0.001_hd128_wd0.01_cosine,"lr0.001,wd0.01",-3.1379992964065333,9.169760926022707e-05
[24],10,"lr=0.001, wd=0.01",50,layer4_lr0.003_hd128_wd0.0_cosine,"lr0.003,wd0.0",-3.0340670665494645,0.00019945978735488678
[24],10,"lr=0.001, wd=0.01",50,layer4_lr0.003_hd128_wd0.01_cosine,"lr0.003,wd0.01",-1.3411502278862366,0.00025684356876161553
[24],10,"lr=0.001, wd=0.01",90,layer4_lr1e-05_hd128_wd0.0_cosine,"lr1e-05,wd0.0",-4.140632524745048,3.168039460673121e-06
[24],10,"lr=0.001, wd=0.01",90,layer4_lr1e-05_hd128_wd0.01_cosine,"lr1e-05,wd0.01",-4.20181899521277,1.069589895871691e-06
[24],10,"lr=0.001, wd=0.01",90,layer4_lr3e-05_hd128_wd0.0_cosine,"lr3e-05,wd0.0",-4.1455997924015815,1.0131720361231835e-06
[24],10,"lr=0.001, wd=0.01",90,layer4_lr3e-05_hd128_wd0.01_cosine,"lr3e-05,wd0.01",-4.184163210881364,5.359534735172043e-07
[24],10,"lr=0.001, wd=0.01",90,layer4_lr0.0001_hd128_wd0.0_cosine,"lr0.0001,wd0.0",-3.448948082803857,1.102632056095319e-06
[24],10,"lr=0.001, wd=0.01",90,layer4_lr0.0001_hd128_wd0.01_cosine,"lr0.0001,wd0.01",-4.206484150383378,3.248881498515715e-07
[24],10,"lr=0.001, wd=0.01",90,layer4_lr0.0003_hd128_wd0.0_cosine,"lr0.0003,wd0.0",-3.3835248621717455,3.476960191936148e-06
[24],10,"lr=0.001, wd=0.01",90,layer4_lr0.0003_hd128_wd0.01_cosine,"lr0.0003,wd0.01",-4.1341357419408435,5.529115239730145e-06
[24],10,"lr=0.001, wd=0.01",90,layer4_lr0.001_hd128_wd0.0_cosine,"lr0.001,wd0.0",-3.2752005195568,3.38471474479548e-05
[24],10,"lr=0.001, wd=0.01",90,layer4_lr0.001_hd128_wd0.01_cosine,"lr0.001,wd0.01",-3.9190782820380416,1.6138797821105883e-05
[24],10,"lr=0.001, wd=0.01",90,layer4_lr0.003_hd128_wd0.0_cosine,"lr0.003,wd0.0",-3.2110108637328243,1.4838646791635903e-05
[24],10,"lr=0.001, wd=0.01",90,layer4_lr0.003_hd128_wd0.01_cosine,"lr0.003,wd0.01",-3.232906596396945,8.747118895195452e-05
[24],11,"lr=0.003, wd=0.0",0,layer4_lr1e-05_hd128_wd0.0_cosine,"lr1e-05,wd0.0",-0.6888291151496004,0.0005587139111697509
[24],11,"lr=0.003, wd=0.0",0,layer4_lr1e-05_hd128_wd0.01_cosine,"lr1e-05,wd0.01",-0.6752955880875675,0.0009301384831386564
[24],11,"lr=0.003, wd=0.0",0,layer4_lr3e-05_hd128_wd0.0_cosine,"lr3e-05,wd0.0",-0.742538628288358,0.00044553090579188824
[24],11,"lr=0.003, wd=0.0",0,layer4_lr3e-05_hd128_wd0.01_cosine,"lr3e-05,wd0.01",-0.7325387218953423,0.00014936581458568806
[24],11,"lr=0.003, wd=0.0",0,layer4_lr0.0001_hd128_wd0.0_cosine,"lr0.0001,wd0.0",-0.8368636920236495,0.000500476824467147
[24],11,"lr=0.003, wd=0.0",0,layer4_lr0.0001_hd128_wd0.01_cosine,"lr0.0001,wd0.01",-0.8152775901875969,9.954181772648287e-05
[24],11,"lr=0.003, wd=0.0",0,layer4_lr0.0003_hd128_wd0.0_cosine,"lr0.0003,wd0.0",-0.9212032056653576,0.0003711018269630409
[24],11,"lr=0.003, wd=0.0",0,layer4_lr0.0003_hd128_wd0.01_cosine,"lr0.0003,wd0.01",-0.9041969220664379,0.00010951430942392846
[24],11,"lr=0.003, wd=0.0",0,layer4_lr0.001_hd128_wd0.0_cosine,"lr0.001,wd0.0",-0.9776250178182049,0.00034680914442438934
[24],11,"lr=0.003, wd=0.0",0,layer4_lr0.001_hd128_wd0.01_cosine,"lr0.001,wd0.01",-0.9606582455524267,9.07170629330324e-05
[24],11,"lr=0.003, wd=0.0",0,layer4_lr0.003_hd128_wd0.0_cosine,"lr0.003,wd0.0",-1.000576184269525,0.00013993367158112886
[24],11,"lr=0.003, wd=0.0",0,layer4_lr0.003_hd128_wd0.01_cosine,"lr0.003,wd0.01",-0.9692459468555684,0.0003806832416333777
[24],11,"lr=0.003, wd=0.0",5,layer4_lr1e-05_hd128_wd0.0_cosine,"lr1e-05,wd0.0",-2.3087535565307045,0.00022419016049577938
[24],11,"lr=0.003, wd=0.0",5,layer4_lr1e-05_hd128_wd0.01_cosine,"lr1e-05,wd0.01",-2.386400950932278,5.929896403670816e-06
[24],11,"lr=0.003, wd=0.0",5,layer4_lr3e-05_hd128_wd0.0_cosine,"lr3e-05,wd0.0",-2.2677829003613286,0.0006158519958681493
[24],11,"lr=0.003, wd=0.0",5,layer4_lr3e-05_hd128_wd0.01_cosine,"lr3e-05,wd0.01",-2.544374473726569,0.00015590714789603081
[24],11,"lr=0.003, wd=0.0",5,layer4_lr0.0001_hd128_wd0.0_cosine,"lr0.0001,wd0.0",-2.4657893941284006,0.00016667346660280484
[24],11,"lr=0.003, wd=0.0",5,layer4_lr0.0001_hd128_wd0.01_cosine,"lr0.0001,wd0.01",-2.767040139894208,0.00023243208283366956
[24],11,"lr=0.003, wd=0.0",5,layer4_lr0.0003_hd128_wd0.0_cosine,"lr0.0003,wd0.0",-2.299958622130163,0.0003680532911227256
[24],11,"lr=0.003, wd=0.0",5,layer4_lr0.0003_hd128_wd0.01_cosine,"lr0.0003,wd0.01",-3.155798813497909,0.00013147324541972597
[24],11,"lr=0.003, wd=0.0",5,layer4_lr0.001_hd128_wd0.0_cosine,"lr0.001,wd0.0",-2.326504088462851,0.000656929745973542
[24],11,"lr=0.003, wd=0.0",5,layer4_lr0.001_hd128_wd0.01_cosine,"lr0.001,wd0.01",-3.348352343520316,8.11948136932324e-05
[24],11,"lr=0.003, wd=0.0",5,layer4_lr0.003_hd128_wd0.0_cosine,"lr0.003,wd0.0",-2.6886069498455525,0.0002912263449667108
[24],11,"lr=0.003, wd=0.0",5,layer4_lr0.003_hd128_wd0.01_cosine,"lr0.003,wd0.01",-2.3659677009898155,0.0006487219342307383
[24],11,"lr=0.003, wd=0.0",10,layer4_lr1e-05_hd128_wd0.0_cosine,"lr1e-05,wd0.0",-2.5519107701083947,0.00014677266975227985
[24],11,"lr=0.003, wd=0.0",10,layer4_lr1e-05_hd128_wd0.01_cosine,"lr1e-05,wd0.01",-2.679701088533076,9.588284990194419e-05
[24],11,"lr=0.003, wd=0.0",10,layer4_lr3e-05_hd128_wd0.0_cosine,"lr3e-05,wd0.0",-2.753566624790447,0.00019927365820326248
[24],11,"lr=0.003, wd=0.0",10,layer4_lr3e-05_hd128_wd0.01_cosine,"lr3e-05,wd0.01",-3.0990686886202012,1.1462386551470264e-05
[24],11,"lr=0.003, wd=0.0",10,layer4_lr0.0001_hd128_wd0.0_cosine,"lr0.0001,wd0.0",-2.631122007489919,4.2395457613024314e-05
[24],11,"lr=0.003, wd=0.0",10,layer4_lr0.0001_hd128_wd0.01_cosine,"lr0.0001,wd0.01",-3.428754241976886,5.9008159128495206e-05
[24],11,"lr=0.003, wd=0.0",10,layer4_lr0.0003_hd128_wd0.0_cosine,"lr0.0003,wd0.0",-2.395051770602834,0.0007681683718103632
[24],11,"lr=0.003, wd=0.0",10,layer4_lr0.0003_hd128_wd0.01_cosine,"lr0.0003,wd0.01",-3.467756211474926,6.998426060228313e-05
[24],11,"lr=0.003, wd=0.0",10,layer4_lr0.001_hd128_wd0.0_cosine,"lr0.001,wd0.0",-2.529797215991693,0.0006599240754234649
[24],11,"lr=0.003, wd=0.0",10,layer4_lr0.001_hd128_wd0.01_cosine,"lr0.001,wd0.01",-3.1562743871763197,0.00010274531024114149
[24],11,"lr=0.003, wd=0.0",10,layer4_lr0.003_hd128_wd0.0_cosine,"lr0.003,wd0.0",-3.1199978962141173,0.0002211120790774076
[24],11,"lr=0.003, wd=0.0",10,layer4_lr0.003_hd128_wd0.01_cosine,"lr0.003,wd0.01",-3.1074241286961133,0.00017141848840030314
[24],11,"lr=0.003, wd=0.0",20,layer4_lr1e-05_hd128_wd0.0_cosine,"lr1e-05,wd0.0",-2.936909550593319,1.4176237258005948e-06
[24],11,"lr=0.003, wd=0.0",20,layer4_lr1e-05_hd128_wd0.01_cosine,"lr1e-05,wd0.01",-2.962391966886333,2.202814520237395e-05
[24],11,"lr=0.003, wd=0.0",20,layer4_lr3e-05_hd128_wd0.0_cosine,"lr3e-05,wd0.0",-3.01979823978881,3.09119430670487e-06
[24],11,"lr=0.003, wd=0.0",20,layer4_lr3e-05_hd128_wd0.01_cosine,"lr3e-05,wd0.01",-3.5407226630717186,1.2321192212529362e-05
[24],11,"lr=0.003, wd=0.0",20,layer4_lr0.0001_hd128_wd0.0_cosine,"lr0.0001,wd0.0",-2.66073957050389,0.00024030003322914097
[24],11,"lr=0.003, wd=0.0",20,layer4_lr0.0001_hd128_wd0.01_cosine,"lr0.0001,wd0.01",-3.6410254610059365,7.161032676577388e-06
[24],11,"lr=0.003, wd=0.0",20,layer4_lr0.0003_hd128_wd0.0_cosine,"lr0.0003,wd0.0",-2.4182781026149143,0.0008219618382515435
[24],11,"lr=0.003, wd=0.0",20,layer4_lr0.0003_hd128_wd0.01_cosine,"lr0.0003,wd0.01",-3.623549302234486,4.965233184732645e-05
[24],11,"lr=0.003, wd=0.0",20,layer4_lr0.001_hd128_wd0.0_cosine,"lr0.001,wd0.0",-2.380003413513868,0.0007865145445065955
[24],11,"lr=0.003, wd=0.0",20,layer4_lr0.001_hd128_wd0.01_cosine,"lr0.001,wd0.01",-2.994545928097197,0.00010642837543527842
[24],11,"lr=0.003, wd=0.0",20,layer4_lr0.003_hd128_wd0.0_cosine,"lr0.003,wd0.0",-2.863733620671647,0.00034133074068858283
[24],11,"lr=0.003, wd=0.0",20,layer4_lr0.003_hd128_wd0.01_cosine,"lr0.003,wd0.01",-2.2384572104240372,0.00029089669584515847
[24],11,"lr=0.003, wd=0.0",50,layer4_lr1e-05_hd128_wd0.0_cosine,"lr1e-05,wd0.0",-3.9844706427209076,2.6524221242400695e-06
[24],11,"lr=0.003, wd=0.0",50,layer4_lr1e-05_hd128_wd0.01_cosine,"lr1e-05,wd0.01",-4.063366603347606,2.0968097952540443e-06
[24],11,"lr=0.003, wd=0.0",50,layer4_lr3e-05_hd128_wd0.0_cosine,"lr3e-05,wd0.0",-3.9068000283967264,2.3015774578651027e-06
[24],11,"lr=0.003, wd=0.0",50,layer4_lr3e-05_hd128_wd0.01_cosine,"lr3e-05,wd0.01",-4.104817519771808,9.73155744256737e-07
[24],11,"lr=0.003, wd=0.0",50,layer4_lr0.0001_hd128_wd0.0_cosine,"lr0.0001,wd0.0",-3.253871114837391,8.360945693521452e-05
[24],11,"lr=0.003, wd=0.0",50,layer4_lr0.0001_hd128_wd0.01_cosine,"lr0.0001,wd0.01",-4.041357172419474,8.529587709071417e-06
[24],11,"lr=0.003, wd=0.0",50,layer4_lr0.0003_hd128_wd0.0_cosine,"lr0.0003,wd0.0",-2.5630065242889826,9.921713734798754e-05
[24],11,"lr=0.003, wd=0.0",50,layer4_lr0.0003_hd128_wd0.01_cosine,"lr0.0003,wd0.01",-3.950043852180978,1.7290658406546638e-05
[24],11,"lr=0.003, wd=0.0",50,layer4_lr0.001_hd128_wd0.0_cosine,"lr0.001,wd0.0",-2.4149614226627785,1.1003043732047573e-05
[24],11,"lr=0.003, wd=0.0",50,layer4_lr0.001_hd128_wd0.01_cosine,"lr0.001,wd0.01",-1.8944393871128933,0.00016699633499312892
[24],11,"lr=0.003, wd=0.0",50,layer4_lr0.003_hd128_wd0.0_cosine,"lr0.003,wd0.0",-2.754034938132845,0.0001645948534832504
[24],11,"lr=0.003, wd=0.0",50,layer4_lr0.003_hd128_wd0.01_cosine,"lr0.003,wd0.01",-0.6444948946348386,0.0003125599664913069
[24],11,"lr=0.003, wd=0.0",90,layer4_lr1e-05_hd128_wd0.0_cosine,"lr1e-05,wd0.0",-4.151845147504776,1.80309118270394e-06
[24],11,"lr=0.003, wd=0.0",90,layer4_lr1e-05_hd128_wd0.01_cosine,"lr1e-05,wd0.01",-4.205483480706327,4.4332814595069965e-07
[24],11,"lr=0.003, wd=0.0",90,layer4_lr3e-05_hd128_wd0.0_cosine,"lr3e-05,wd0.0",-4.158309756903586,3.4972923030269443e-07
[24],11,"lr=0.003, wd=0.0",90,layer4_lr3e-05_hd128_wd0.01_cosine,"lr3e-05,wd0.01",-4.189961168478586,9.273220922975081e-07
[24],11,"lr=0.003, wd=0.0",90,layer4_lr0.0001_hd128_wd0.0_cosine,"lr0.0001,wd0.0",-3.6162546051271627,1.6794035020042457e-06
[24],11,"lr=0.003, wd=0.0",90,layer4_lr0.0001_hd128_wd0.01_cosine,"lr0.0001,wd0.01",-4.1701104951273535,3.069593254945072e-06
[24],11,"lr=0.003, wd=0.0",90,layer4_lr0.0003_hd128_wd0.0_cosine,"lr0.0003,wd0.0",-3.5357878321530882,4.561718054399687e-06
[24],11,"lr=0.003, wd=0.0",90,layer4_lr0.0003_hd128_wd0.01_cosine,"lr0.0003,wd0.01",-4.003329261911639,1.4859832938406446e-05
[24],11,"lr=0.003, wd=0.0",90,layer4_lr0.001_hd128_wd0.0_cosine,"lr0.001,wd0.0",-3.4016824190987838,3.7060768578411934e-05
[24],11,"lr=0.003, wd=0.0",90,layer4_lr0.001_hd128_wd0.01_cosine,"lr0.001,wd0.01",-3.7730453668093498,2.9728885768782165e-05
[24],11,"lr=0.003, wd=0.0",90,layer4_lr0.003_hd128_wd0.0_cosine,"lr0.003,wd0.0",-3.4278873983636533,2.2039232708766536e-05
[24],11,"lr=0.003, wd=0.0",90,layer4_lr0.003_hd128_wd0.01_cosine,"lr0.003,wd0.01",-3.4404525620406656,6.686315384622188e-05
[24],12,"lr=0.003, wd=0.01",0,layer4_lr1e-05_hd128_wd0.0_cosine,"lr1e-05,wd0.0",-0.7428156182952348,0.0003071546878386627
[24],12,"lr=0.003, wd=0.01",0,layer4_lr1e-05_hd128_wd0.01_cosine,"lr1e-05,wd0.01",-0.7337238344812839,0.000577725866301887
[24],12,"lr=0.003, wd=0.01",0,layer4_lr3e-05_hd128_wd0.0_cosine,"lr3e-05,wd0.0",-0.78122151018461,0.0005550176591136382
[24],12,"lr=0.003, wd=0.01",0,layer4_lr3e-05_hd128_wd0.01_cosine,"lr3e-05,wd0.01",-0.785866757665816,5.70955367260905e-05
[24],12,"lr=0.003, wd=0.01",0,layer4_lr0.0001_hd128_wd0.0_cosine,"lr0.0001,wd0.0",-0.8398945081663302,0.0009630290485647994
[24],12,"lr=0.003, wd=0.01",0,layer4_lr0.0001_hd128_wd0.01_cosine,"lr0.0001,wd0.01",-0.8533765270049404,0.0002583835461276432
[24],12,"lr=0.003, wd=0.01",0,layer4_lr0.0003_hd128_wd0.0_cosine,"lr0.0003,wd0.0",-0.9153609094731435,0.0009663398921574936
[24],12,"lr=0.003, wd=0.01",0,layer4_lr0.0003_hd128_wd0.01_cosine,"lr0.0003,wd0.01",-0.9414288251017503,0.00034879382209760323
[24],12,"lr=0.003, wd=0.01",0,layer4_lr0.001_hd128_wd0.0_cosine,"lr0.001,wd0.0",-0.9852007860896685,0.0009905948645269162
[24],12,"lr=0.003, wd=0.01",0,layer4_lr0.001_hd128_wd0.01_cosine,"lr0.001,wd0.01",-1.0222978599129342,0.00014882471036781867
[24],12,"lr=0.003, wd=0.01",0,layer4_lr0.003_hd128_wd0.0_cosine,"lr0.003,wd0.0",-1.0230644730134142,0.0006477676560051135
[24],12,"lr=0.003, wd=0.01",0,layer4_lr0.003_hd128_wd0.01_cosine,"lr0.003,wd0.01",-1.0499058942652195,4.2425495565676055e-05
[24],12,"lr=0.003, wd=0.01",5,layer4_lr1e-05_hd128_wd0.0_cosine,"lr1e-05,wd0.0",-1.9681742377418887,3.465226926382384e-05
[24],12,"lr=0.003, wd=0.01",5,layer4_lr1e-05_hd128_wd0.01_cosine,"lr1e-05,wd0.01",-2.0005014240292014,0.0002728346449993082
[24],12,"lr=0.003, wd=0.01",5,layer4_lr3e-05_hd128_wd0.0_cosine,"lr3e-05,wd0.0",-1.883466299753275,0.00012718050744789554
[24],12,"lr=0.003, wd=0.01",5,layer4_lr3e-05_hd128_wd0.01_cosine,"lr3e-05,wd0.01",-2.0233018145119575,0.0002416196573657649
[24],12,"lr=0.003, wd=0.01",5,layer4_lr0.0001_hd128_wd0.0_cosine,"lr0.0001,wd0.0",-1.9020665304707085,0.000584431301091662
[24],12,"lr=0.003, wd=0.01",5,layer4_lr0.0001_hd128_wd0.01_cosine,"lr0.0001,wd0.01",-2.2118640981279003,0.00014075502453807242
[24],12,"lr=0.003, wd=0.01",5,layer4_lr0.0003_hd128_wd0.0_cosine,"lr0.0003,wd0.0",-1.9118148267354713,0.0016285173556801684
[24],12,"lr=0.003, wd=0.01",5,layer4_lr0.0003_hd128_wd0.01_cosine,"lr0.0003,wd0.01",-2.326538666931941,6.19546335650524e-05
[24],12,"lr=0.003, wd=0.01",5,layer4_lr0.001_hd128_wd0.0_cosine,"lr0.001,wd0.0",-1.9354777529428977,0.0020263648025829807
[24],12,"lr=0.003, wd=0.01",5,layer4_lr0.001_hd128_wd0.01_cosine,"lr0.001,wd0.01",-2.0170504077749913,0.0006686753201939574
[24],12,"lr=0.003, wd=0.01",5,layer4_lr0.003_hd128_wd0.0_cosine,"lr0.003,wd0.0",-1.8801680040238262,0.001896646890730222
[24],12,"lr=0.003, wd=0.01",5,layer4_lr0.003_hd128_wd0.01_cosine,"lr0.003,wd0.01",-2.678591535949515,8.817804641394548e-05
[24],12,"lr=0.003, wd=0.01",10,layer4_lr1e-05_hd128_wd0.0_cosine,"lr1e-05,wd0.0",-2.1650603091259923,2.2023725526825856e-05
[24],12,"lr=0.003, wd=0.01",10,layer4_lr1e-05_hd128_wd0.01_cosine,"lr1e-05,wd0.01",-2.2559981306030257,4.485546325639782e-05
[24],12,"lr=0.003, wd=0.01",10,layer4_lr3e-05_hd128_wd0.0_cosine,"lr3e-05,wd0.0",-2.044273624756756,0.00016551360434845753
[24],12,"lr=0.003, wd=0.01",10,layer4_lr3e-05_hd128_wd0.01_cosine,"lr3e-05,wd0.01",-2.151340079058502,0.00040421204088111505
[24],12,"lr=0.003, wd=0.01",10,layer4_lr0.0001_hd128_wd0.0_cosine,"lr0.0001,wd0.0",-2.1163028319696124,0.0007265122890918006
[24],12,"lr=0.003, wd=0.01",10,layer4_lr0.0001_hd128_wd0.01_cosine,"lr0.0001,wd0.01",-2.3988726374993874,0.00027817923523549003
[24],12,"lr=0.003, wd=0.01",10,layer4_lr0.0003_hd128_wd0.0_cosine,"lr0.0003,wd0.0",-2.118293937098453,0.001751689997329876
[24],12,"lr=0.003, wd=0.01",10,layer4_lr0.0003_hd128_wd0.01_cosine,"lr0.0003,wd0.01",-2.6318529181378016,8.609252838934632e-05
[24],12,"lr=0.003, wd=0.01",10,layer4_lr0.001_hd128_wd0.0_cosine,"lr0.001,wd0.0",-2.249863547439809,0.001329702972288921
[24],12,"lr=0.003, wd=0.01",10,layer4_lr0.001_hd128_wd0.01_cosine,"lr0.001,wd0.01",-2.7461153448956037,5.6044509035726155e-05
[24],12,"lr=0.003, wd=0.01",10,layer4_lr0.003_hd128_wd0.0_cosine,"lr0.003,wd0.0",-2.4462473202299178,0.000646368834124408
[24],12,"lr=0.003, wd=0.01",10,layer4_lr0.003_hd128_wd0.01_cosine,"lr0.003,wd0.01",-3.2860516931715056,3.102262509523316e-05
[24],12,"lr=0.003, wd=0.01",20,layer4_lr1e-05_hd128_wd0.0_cosine,"lr1e-05,wd0.0",-2.512758638001955,8.83339121966929e-05
[24],12,"lr=0.003, wd=0.01",20,layer4_lr1e-05_hd128_wd0.01_cosine,"lr1e-05,wd0.01",-2.537134957996439,0.00018778428285171943
[24],12,"lr=0.003, wd=0.01",20,layer4_lr3e-05_hd128_wd0.0_cosine,"lr3e-05,wd0.0",-2.3471380148246332,0.00015701268353764475
[24],12,"lr=0.003, wd=0.01",20,layer4_lr3e-05_hd128_wd0.01_cosine,"lr3e-05,wd0.01",-2.5545247933067006,8.294036202283768e-05
[24],12,"lr=0.003, wd=0.01",20,layer4_lr0.0001_hd128_wd0.0_cosine,"lr0.0001,wd0.0",-2.4253507093580335,0.0006788585134098233
[24],12,"lr=0.003, wd=0.01",20,layer4_lr0.0001_hd128_wd0.01_cosine,"lr0.0001,wd0.01",-2.7567882514614865,9.846642842089066e-05
[24],12,"lr=0.003, wd=0.01",20,layer4_lr0.0003_hd128_wd0.0_cosine,"lr0.0003,wd0.0",-2.122333167740871,0.0013244256801320364
[24],12,"lr=0.003, wd=0.01",20,layer4_lr0.0003_hd128_wd0.01_cosine,"lr0.0003,wd0.01",-2.9512942107201123,3.227803462838736e-05
[24],12,"lr=0.003, wd=0.01",20,layer4_lr0.001_hd128_wd0.0_cosine,"lr0.001,wd0.0",-2.2897259903178284,0.0010999887012398762
[24],12,"lr=0.003, wd=0.01",20,layer4_lr0.001_hd128_wd0.01_cosine,"lr0.001,wd0.01",-3.028491930458737,3.710934468914378e-05
[24],12,"lr=0.003, wd=0.01",20,layer4_lr0.003_hd128_wd0.0_cosine,"lr0.003,wd0.0",-2.5614683124436914,0.0006340133763346189
[24],12,"lr=0.003, wd=0.01",20,layer4_lr0.003_hd128_wd0.01_cosine,"lr0.003,wd0.01",-3.492674232543941,8.700041968525335e-05
[24],12,"lr=0.003, wd=0.01",50,layer4_lr1e-05_hd128_wd0.0_cosine,"lr1e-05,wd0.0",-3.8317173201984827,9.416776609010057e-06
[24],12,"lr=0.003, wd=0.01",50,layer4_lr1e-05_hd128_wd0.01_cosine,"lr1e-05,wd0.01",-3.8267966158979605,7.582396446882553e-06
[24],12,"lr=0.003, wd=0.01",50,layer4_lr3e-05_hd128_wd0.0_cosine,"lr3e-05,wd0.0",-3.640997960489752,2.323331661824656e-05
[24],12,"lr=0.003, wd=0.01",50,layer4_lr3e-05_hd128_wd0.01_cosine,"lr3e-05,wd0.01",-3.7047459309529795,1.4858660527627317e-05
[24],12,"lr=0.003, wd=0.01",50,layer4_lr0.0001_hd128_wd0.0_cosine,"lr0.0001,wd0.0",-3.0472295242386203,0.00011457582858993819
[24],12,"lr=0.003, wd=0.01",50,layer4_lr0.0001_hd128_wd0.01_cosine,"lr0.0001,wd0.01",-3.946571731701784,1.675116855183391e-06
[24],12,"lr=0.003, wd=0.01",50,layer4_lr0.0003_hd128_wd0.0_cosine,"lr0.0003,wd0.0",-2.4960177581719662,8.763776660229086e-05
[24],12,"lr=0.003, wd=0.01",50,layer4_lr0.0003_hd128_wd0.01_cosine,"lr0.0003,wd0.01",-4.007152074204905,1.2362223997403982e-06
[24],12,"lr=0.003, wd=0.01",50,layer4_lr0.001_hd128_wd0.0_cosine,"lr0.001,wd0.0",-2.354238125047019,7.905208781991197e-06
[24],12,"lr=0.003, wd=0.01",50,layer4_lr0.001_hd128_wd0.01_cosine,"lr0.001,wd0.01",-3.508132561738581,6.47139680147944e-05
[24],12,"lr=0.003, wd=0.01",50,layer4_lr0.003_hd128_wd0.0_cosine,"lr0.003,wd0.0",-3.0627527117227307,0.00019645097442355606
[24],12,"lr=0.003, wd=0.01",50,layer4_lr0.003_hd128_wd0.01_cosine,"lr0.003,wd0.01",-2.621819650170315,0.0001662520719558276
[24],12,"lr=0.003, wd=0.01",90,layer4_lr1e-05_hd128_wd0.0_cosine,"lr1e-05,wd0.0",-4.138047014863416,2.6187766458075003e-06
[24],12,"lr=0.003, wd=0.01",90,layer4_lr1e-05_hd128_wd0.01_cosine,"lr1e-05,wd0.01",-4.1915390451920995,8.482412310545593e-07
[24],12,"lr=0.003, wd=0.01",90,layer4_lr3e-05_hd128_wd0.0_cosine,"lr3e-05,wd0.0",-4.130605060185114,1.4656339454633499e-06
[24],12,"lr=0.003, wd=0.01",90,layer4_lr3e-05_hd128_wd0.01_cosine,"lr3e-05,wd0.01",-4.1785736327925305,6.812433089890664e-07
[24],12,"lr=0.003, wd=0.01",90,layer4_lr0.0001_hd128_wd0.0_cosine,"lr0.0001,wd0.0",-3.509525590604509,9.652911131490312e-07
[24],12,"lr=0.003, wd=0.01",90,layer4_lr0.0001_hd128_wd0.01_cosine,"lr0.0001,wd0.01",-4.200552439027423,5.319375255250582e-07
[24],12,"lr=0.003, wd=0.01",90,layer4_lr0.0003_hd128_wd0.0_cosine,"lr0.0003,wd0.0",-3.5057014854640514,4.045528752462708e-06
[24],12,"lr=0.003, wd=0.01",90,layer4_lr0.0003_hd128_wd0.01_cosine,"lr0.0003,wd0.01",-4.147715865014458,4.450995480372142e-06
[24],12,"lr=0.003, wd=0.01",90,layer4_lr0.001_hd128_wd0.0_cosine,"lr0.001,wd0.0",-3.375272929038895,3.579273068815912e-05
[24],12,"lr=0.003, wd=0.01",90,layer4_lr0.001_hd128_wd0.01_cosine,"lr0.001,wd0.01",-3.993159855471705,6.7395964925338554e-06
[24],12,"lr=0.003, wd=0.01",90,layer4_lr0.003_hd128_wd0.0_cosine,"lr0.003,wd0.0",-3.272407073777499,1.4102323850317941e-05
[24],12,"lr=0.003, wd=0.01",90,layer4_lr0.003_hd128_wd0.01_cosine,"lr0.003,wd0.01",-3.498938568351428,5.74443715891286e-05
[32],1,"lr=1e-05, wd=0.0",0,layer4_lr1e-05_hd128_wd0.0_cosine,"lr1e-05,wd0.0",-1.6001772540755164,0.0016732018673138937
[32],1,"lr=1e-05, wd=0.0",0,layer4_lr1e-05_hd128_wd0.01_cosine,"lr1e-05,wd0.01",-1.621407244293918,0.0008242388251854188
[32],1,"lr=1e-05, wd=0.0",0,layer4_lr3e-05_hd128_wd0.0_cosine,"lr3e-05,wd0.0",-1.2992067834230785,0.004036800765064405
[32],1,"lr=1e-05, wd=0.0",0,layer4_lr3e-05_hd128_wd0.01_cosine,"lr3e-05,wd0.01",-1.4899151093440677,0.0020918385352690473
[32],1,"lr=1e-05, wd=0.0",0,layer4_lr0.0001_hd128_wd0.0_cosine,"lr0.0001,wd0.0",-1.1937385960090254,0.004832965377441871
[32],1,"lr=1e-05, wd=0.0",0,layer4_lr0.0001_hd128_wd0.01_cosine,"lr0.0001,wd0.01",-1.3701588823970072,0.0031148351221733754
[32],1,"lr=1e-05, wd=0.0",0,layer4_lr0.0003_hd128_wd0.0_cosine,"lr0.0003,wd0.0",-1.2095499785007868,0.004337807583236754
[32],1,"lr=1e-05, wd=0.0",0,layer4_lr0.0003_hd128_wd0.01_cosine,"lr0.0003,wd0.01",-1.3271699693343282,0.003125857987234587
[32],1,"lr=1e-05, wd=0.0",0,layer4_lr0.001_hd128_wd0.0_cosine,"lr0.001,wd0.0",-1.1795072915794167,0.003960416609478954
[32],1,"lr=1e-05, wd=0.0",0,layer4_lr0.001_hd128_wd0.01_cosine,"lr0.001,wd0.01",-1.2985324877290483,0.0021969433335050025
[32],1,"lr=1e-05, wd=0.0",0,layer4_lr0.003_hd128_wd0.0_cosine,"lr0.003,wd0.0",-1.148380845382193,0.003150792150049615
[32],1,"lr=1e-05, wd=0.0",0,layer4_lr0.003_hd128_wd0.01_cosine,"lr0.003,wd0.01",-1.243739402755185,0.0011570393679671057
[32],1,"lr=1e-05, wd=0.0",5,layer4_lr1e-05_hd128_wd0.0_cosine,"lr1e-05,wd0.0",-2.074891961660677,0.00017368535503625663
[32],1,"lr=1e-05, wd=0.0",5,layer4_lr1e-05_hd128_wd0.01_cosine,"lr1e-05,wd0.01",-2.1632039568650527,3.072521941304438e-06
[32],1,"lr=1e-05, wd=0.0",5,layer4_lr3e-05_hd128_wd0.0_cosine,"lr3e-05,wd0.0",-2.149718965508247,3.0515112911498106e-05
[32],1,"lr=1e-05, wd=0.0",5,layer4_lr3e-05_hd128_wd0.01_cosine,"lr3e-05,wd0.01",-2.225519170178638,5.494232549790377e-05
[32],1,"lr=1e-05, wd=0.0",5,layer4_lr0.0001_hd128_wd0.0_cosine,"lr0.0001,wd0.0",-2.075570209451508,0.00022653632522045566
[32],1,"lr=1e-05, wd=0.0",5,layer4_lr0.0001_hd128_wd0.01_cosine,"lr0.0001,wd0.01",-2.1858756416547545,8.981836065660726e-06
[32],1,"lr=1e-05, wd=0.0",5,layer4_lr0.0003_hd128_wd0.0_cosine,"lr0.0003,wd0.0",-1.8198297907342607,0.0016719512227874396
[32],1,"lr=1e-05, wd=0.0",5,layer4_lr0.0003_hd128_wd0.01_cosine,"lr0.0003,wd0.01",-2.003198075287795,4.366299242899688e-05
[32],1,"lr=1e-05, wd=0.0",5,layer4_lr0.001_hd128_wd0.0_cosine,"lr0.001,wd0.0",-1.5742696842462327,0.0029293379550486406
[32],1,"lr=1e-05, wd=0.0",5,layer4_lr0.001_hd128_wd0.01_cosine,"lr0.001,wd0.01",-1.3803209988542695,0.0017778774119483012
[32],1,"lr=1e-05, wd=0.0",5,layer4_lr0.003_hd128_wd0.0_cosine,"lr0.003,wd0.0",-1.3906030398549685,0.003546067828820136
[32],1,"lr=1e-05, wd=0.0",5,layer4_lr0.003_hd128_wd0.01_cosine,"lr0.003,wd0.01",-1.6219472736995209,0.00017780249186795545
[32],1,"lr=1e-05, wd=0.0",10,layer4_lr1e-05_hd128_wd0.0_cosine,"lr1e-05,wd0.0",-2.606587898416227,0.00014691463004790677
[32],1,"lr=1e-05, wd=0.0",10,layer4_lr1e-05_hd128_wd0.01_cosine,"lr1e-05,wd0.01",-2.714276855971043,5.259794935019136e-05
[32],1,"lr=1e-05, wd=0.0",10,layer4_lr3e-05_hd128_wd0.0_cosine,"lr3e-05,wd0.0",-2.804599195916858,1.7106117575613046e-05
[32],1,"lr=1e-05, wd=0.0",10,layer4_lr3e-05_hd128_wd0.01_cosine,"lr3e-05,wd0.01",-2.8589472403633374,7.027854404489711e-05
[32],1,"lr=1e-05, wd=0.0",10,layer4_lr0.0001_hd128_wd0.0_cosine,"lr0.0001,wd0.0",-2.5108183887990814,0.0004468932834328733
[32],1,"lr=1e-05, wd=0.0",10,layer4_lr0.0001_hd128_wd0.01_cosine,"lr0.0001,wd0.01",-2.7986001062262393,6.013081350095815e-05
[32],1,"lr=1e-05, wd=0.0",10,layer4_lr0.0003_hd128_wd0.0_cosine,"lr0.0003,wd0.0",-2.087927529841902,0.001929357960995837
[32],1,"lr=1e-05, wd=0.0",10,layer4_lr0.0003_hd128_wd0.01_cosine,"lr0.0003,wd0.01",-2.468320643469584,9.048736650866455e-05
[32],1,"lr=1e-05, wd=0.0",10,layer4_lr0.001_hd128_wd0.0_cosine,"lr0.001,wd0.0",-2.0272017903586126,0.0018281490241669617
[32],1,"lr=1e-05, wd=0.0",10,layer4_lr0.001_hd128_wd0.01_cosine,"lr0.001,wd0.01",-2.1590302851147563,5.413625054082502e-05
[32],1,"lr=1e-05, wd=0.0",10,layer4_lr0.003_hd128_wd0.0_cosine,"lr0.003,wd0.0",-2.127022851548611,0.0008703769257495908
[32],1,"lr=1e-05, wd=0.0",10,layer4_lr0.003_hd128_wd0.01_cosine,"lr0.003,wd0.01",-1.7680944993562338,0.00038925896899037835
[32],1,"lr=1e-05, wd=0.0",20,layer4_lr1e-05_hd128_wd0.0_cosine,"lr1e-05,wd0.0",-3.178200985060541,1.4656765231517944e-05
[32],1,"lr=1e-05, wd=0.0",20,layer4_lr1e-05_hd128_wd0.01_cosine,"lr1e-05,wd0.01",-3.245111131732185,6.000756438885709e-06
[32],1,"lr=1e-05, wd=0.0",20,layer4_lr3e-05_hd128_wd0.0_cosine,"lr3e-05,wd0.0",-3.12251218613921,2.143934346862949e-05
[32],1,"lr=1e-05, wd=0.0",20,layer4_lr3e-05_hd128_wd0.01_cosine,"lr3e-05,wd0.01",-3.2138250449438197,5.398361955811933e-06
[32],1,"lr=1e-05, wd=0.0",20,layer4_lr0.0001_hd128_wd0.0_cosine,"lr0.0001,wd0.0",-2.633201169597078,0.0005686600612223419
[32],1,"lr=1e-05, wd=0.0",20,layer4_lr0.0001_hd128_wd0.01_cosine,"lr0.0001,wd0.01",-3.1191230154244356,3.534552056954985e-05
[32],1,"lr=1e-05, wd=0.0",20,layer4_lr0.0003_hd128_wd0.0_cosine,"lr0.0003,wd0.0",-1.9852035162855273,0.0014595879458037773
[32],1,"lr=1e-05, wd=0.0",20,layer4_lr0.0003_hd128_wd0.01_cosine,"lr0.0003,wd0.01",-2.784374287149213,3.0655747277494364e-05
[32],1,"lr=1e-05, wd=0.0",20,layer4_lr0.001_hd128_wd0.0_cosine,"lr0.001,wd0.0",-2.2000412727444347,0.0013403389215922116
[32],1,"lr=1e-05, wd=0.0",20,layer4_lr0.001_hd128_wd0.01_cosine,"lr0.001,wd0.01",-2.329272800166151,9.045411115429208e-05
[32],1,"lr=1e-05, wd=0.0",20,layer4_lr0.003_hd128_wd0.0_cosine,"lr0.003,wd0.0",-2.361787786538356,0.0008447925982593259
[32],1,"lr=1e-05, wd=0.0",20,layer4_lr0.003_hd128_wd0.01_cosine,"lr0.003,wd0.01",-2.5931105279094058,0.00014431719292273937
[32],1,"lr=1e-05, wd=0.0",50,layer4_lr1e-05_hd128_wd0.0_cosine,"lr1e-05,wd0.0",-4.0061148005432345,4.014228647092382e-06
[32],1,"lr=1e-05, wd=0.0",50,layer4_lr1e-05_hd128_wd0.01_cosine,"lr1e-05,wd0.01",-4.057695570279888,1.3650027635303094e-06
[32],1,"lr=1e-05, wd=0.0",50,layer4_lr3e-05_hd128_wd0.0_cosine,"lr3e-05,wd0.0",-3.7976870598895336,1.0039233494524688e-05
[32],1,"lr=1e-05, wd=0.0",50,layer4_lr3e-05_hd128_wd0.01_cosine,"lr3e-05,wd0.01",-4.016487470026473,2.7299332087982575e-06
[32],1,"lr=1e-05, wd=0.0",50,layer4_lr0.0001_hd128_wd0.0_cosine,"lr0.0001,wd0.0",-2.654512227147218,0.00010888691670670204
[32],1,"lr=1e-05, wd=0.0",50,layer4_lr0.0001_hd128_wd0.01_cosine,"lr0.0001,wd0.01",-4.049354808386672,1.7201826130351654e-06
[32],1,"lr=1e-05, wd=0.0",50,layer4_lr0.0003_hd128_wd0.0_cosine,"lr0.0003,wd0.0",-2.212276320047074,0.00018411558827054393
[32],1,"lr=1e-05, wd=0.0",50,layer4_lr0.0003_hd128_wd0.01_cosine,"lr0.0003,wd0.01",-4.014551853285988,1.638965597736389e-06
[32],1,"lr=1e-05, wd=0.0",50,layer4_lr0.001_hd128_wd0.0_cosine,"lr0.001,wd0.0",-2.0805837391342767,0.00010284409222248122
[32],1,"lr=1e-05, wd=0.0",50,layer4_lr0.001_hd128_wd0.01_cosine,"lr0.001,wd0.01",-3.2502637720176444,9.447864980993293e-05
[32],1,"lr=1e-05, wd=0.0",50,layer4_lr0.003_hd128_wd0.0_cosine,"lr0.003,wd0.0",-3.0446353074684613,0.0002153758243720167
[32],1,"lr=1e-05, wd=0.0",50,layer4_lr0.003_hd128_wd0.01_cosine,"lr0.003,wd0.01",-2.945456705928673,0.0002606074338576018
[32],1,"lr=1e-05, wd=0.0",90,layer4_lr1e-05_hd128_wd0.0_cosine,"lr1e-05,wd0.0",-4.157076101347139,9.88354589911993e-07
[32],1,"lr=1e-05, wd=0.0",90,layer4_lr1e-05_hd128_wd0.01_cosine,"lr1e-05,wd0.01",-4.185204520415106,6.563354913360702e-07
[32],1,"lr=1e-05, wd=0.0",90,layer4_lr3e-05_hd128_wd0.0_cosine,"lr3e-05,wd0.0",-4.068165654369584,1.3618850746220645e-06
[32],1,"lr=1e-05, wd=0.0",90,layer4_lr3e-05_hd128_wd0.01_cosine,"lr3e-05,wd0.01",-4.152567594434129,5.559111882688515e-07
[32],1,"lr=1e-05, wd=0.0",90,layer4_lr0.0001_hd128_wd0.0_cosine,"lr0.0001,wd0.0",-3.506829107174829,4.150041811964584e-06
[32],1,"lr=1e-05, wd=0.0",90,layer4_lr0.0001_hd128_wd0.01_cosine,"lr0.0001,wd0.01",-4.172958754752416,6.082471749703324e-07
[32],1,"lr=1e-05, wd=0.0",90,layer4_lr0.0003_hd128_wd0.0_cosine,"lr0.0003,wd0.0",-3.524099749543536,2.431537676234024e-05
[32],1,"lr=1e-05, wd=0.0",90,layer4_lr0.0003_hd128_wd0.01_cosine,"lr0.0003,wd0.01",-4.106800197788903,6.435178337452356e-06
[32],1,"lr=1e-05, wd=0.0",90,layer4_lr0.001_hd128_wd0.0_cosine,"lr0.001,wd0.0",-3.21805620517887,8.570305988459928e-05
[32],1,"lr=1e-05, wd=0.0",90,layer4_lr0.001_hd128_wd0.01_cosine,"lr0.001,wd0.01",-3.9289150069789454,1.4713716164129093e-05
[32],1,"lr=1e-05, wd=0.0",90,layer4_lr0.003_hd128_wd0.0_cosine,"lr0.003,wd0.0",-3.237700682404634,5.727150375670891e-05
[32],1,"lr=1e-05, wd=0.0",90,layer4_lr0.003_hd128_wd0.01_cosine,"lr0.003,wd0.01",-3.379552915475151,7.216397394470298e-05
[32],2,"lr=1e-05, wd=0.01",0,layer4_lr1e-05_hd128_wd0.0_cosine,"lr1e-05,wd0.0",-1.5129281341087686,0.002237827776479949
[32],2,"lr=1e-05, wd=0.01",0,layer4_lr1e-05_hd128_wd0.01_cosine,"lr1e-05,wd0.01",-1.6437404631683294,0.0012200498425477327
[32],2,"lr=1e-05, wd=0.01",0,layer4_lr3e-05_hd128_wd0.0_cosine,"lr3e-05,wd0.0",-1.197722253722779,0.004872710817316017
[32],2,"lr=1e-05, wd=0.01",0,layer4_lr3e-05_hd128_wd0.01_cosine,"lr3e-05,wd0.01",-1.4455544529241053,0.0026816591595142563
[32],2,"lr=1e-05, wd=0.01",0,layer4_lr0.0001_hd128_wd0.0_cosine,"lr0.0001,wd0.0",-1.1069815301060404,0.005684232209819569
[32],2,"lr=1e-05, wd=0.01",0,layer4_lr0.0001_hd128_wd0.01_cosine,"lr0.0001,wd0.01",-1.30600970126235,0.0038209215894112526
[32],2,"lr=1e-05, wd=0.01",0,layer4_lr0.0003_hd128_wd0.0_cosine,"lr0.0003,wd0.0",-1.1406229023666423,0.005043896550975688
[32],2,"lr=1e-05, wd=0.01",0,layer4_lr0.0003_hd128_wd0.01_cosine,"lr0.0003,wd0.01",-1.270025034920572,0.0038206247088482994
[32],2,"lr=1e-05, wd=0.01",0,layer4_lr0.001_hd128_wd0.0_cosine,"lr0.001,wd0.0",-1.1252874063101252,0.0046033920422001336
[32],2,"lr=1e-05, wd=0.01",0,layer4_lr0.001_hd128_wd0.01_cosine,"lr0.001,wd0.01",-1.257563879528827,0.0027648929770124177
[32],2,"lr=1e-05, wd=0.01",0,layer4_lr0.003_hd128_wd0.0_cosine,"lr0.003,wd0.0",-1.1079629612697532,0.0037558131868293985
[32],2,"lr=1e-05, wd=0.01",0,layer4_lr0.003_hd128_wd0.01_cosine,"lr0.003,wd0.01",-1.2201952325302792,0.001526409512019565
[32],2,"lr=1e-05, wd=0.01",5,layer4_lr1e-05_hd128_wd0.0_cosine,"lr1e-05,wd0.0",-2.0979317127669552,0.00021796564271594698
[32],2,"lr=1e-05, wd=0.01",5,layer4_lr1e-05_hd128_wd0.01_cosine,"lr1e-05,wd0.01",-2.104441877185429,9.898975642944595e-06
[32],2,"lr=1e-05, wd=0.01",5,layer4_lr3e-05_hd128_wd0.0_cosine,"lr3e-05,wd0.0",-2.1363909558388303,3.647319205906708e-05
[32],2,"lr=1e-05, wd=0.01",5,layer4_lr3e-05_hd128_wd0.01_cosine,"lr3e-05,wd0.01",-2.237995812885705,3.075803261903788e-05
[32],2,"lr=1e-05, wd=0.01",5,layer4_lr0.0001_hd128_wd0.0_cosine,"lr0.0001,wd0.0",-2.001510836663515,0.00019380662812704434
[32],2,"lr=1e-05, wd=0.01",5,layer4_lr0.0001_hd128_wd0.01_cosine,"lr0.0001,wd0.01",-2.1731791333173596,5.155245029786801e-06
[32],2,"lr=1e-05, wd=0.01",5,layer4_lr0.0003_hd128_wd0.0_cosine,"lr0.0003,wd0.0",-1.7678651490822443,0.0016035534332254295
[32],2,"lr=1e-05, wd=0.01",5,layer4_lr0.0003_hd128_wd0.01_cosine,"lr0.0003,wd0.01",-2.0037805708952985,2.816075936596937e-05
[32],2,"lr=1e-05, wd=0.01",5,layer4_lr0.001_hd128_wd0.0_cosine,"lr0.001,wd0.0",-1.5563896108177737,0.0026801045637243424
[32],2,"lr=1e-05, wd=0.01",5,layer4_lr0.001_hd128_wd0.01_cosine,"lr0.001,wd0.01",-1.374619554455442,0.0015122338689934401
[32],2,"lr=1e-05, wd=0.01",5,layer4_lr0.003_hd128_wd0.0_cosine,"lr0.003,wd0.0",-1.3824533031415032,0.003253793515940597
[32],2,"lr=1e-05, wd=0.01",5,layer4_lr0.003_hd128_wd0.01_cosine,"lr0.003,wd0.01",-1.6827348572161307,0.00023509394640020497
[32],2,"lr=1e-05, wd=0.01",10,layer4_lr1e-05_hd128_wd0.0_cosine,"lr1e-05,wd0.0",-2.514177669958148,0.00020950214210590568
[32],2,"lr=1e-05, wd=0.01",10,layer4_lr1e-05_hd128_wd0.01_cosine,"lr1e-05,wd0.01",-2.657345487052066,9.817141360968947e-05
[32],2,"lr=1e-05, wd=0.01",10,layer4_lr3e-05_hd128_wd0.0_cosine,"lr3e-05,wd0.0",-2.7314012661499087,2.0788136293545028e-05
[32],2,"lr=1e-05, wd=0.01",10,layer4_lr3e-05_hd128_wd0.01_cosine,"lr3e-05,wd0.01",-2.848356087760173,5.207831322412576e-05
[32],2,"lr=1e-05, wd=0.01",10,layer4_lr0.0001_hd128_wd0.0_cosine,"lr0.0001,wd0.0",-2.444017643235814,0.0004367265004797752
[32],2,"lr=1e-05, wd=0.01",10,layer4_lr0.0001_hd128_wd0.01_cosine,"lr0.0001,wd0.01",-2.790156032873935,4.727874994168458e-05
[32],2,"lr=1e-05, wd=0.01",10,layer4_lr0.0003_hd128_wd0.0_cosine,"lr0.0003,wd0.0",-2.0664374837365305,0.0019140607109160148
[32],2,"lr=1e-05, wd=0.01",10,layer4_lr0.0003_hd128_wd0.01_cosine,"lr0.0003,wd0.01",-2.464876074325942,6.680456154352833e-05
[32],2,"lr=1e-05, wd=0.01",10,layer4_lr0.001_hd128_wd0.0_cosine,"lr0.001,wd0.0",-1.9968499964872832,0.0018180616912031446
[32],2,"lr=1e-05, wd=0.01",10,layer4_lr0.001_hd128_wd0.01_cosine,"lr0.001,wd0.01",-2.0965824164939986,4.979326097985849e-05
[32],2,"lr=1e-05, wd=0.01",10,layer4_lr0.003_hd128_wd0.0_cosine,"lr0.003,wd0.0",-2.0981494123218956,0.0008319651917745235
[32],2,"lr=1e-05, wd=0.01",10,layer4_lr0.003_hd128_wd0.01_cosine,"lr0.003,wd0.01",-1.751572602459208,0.0003019025555918542
[32],2,"lr=1e-05, wd=0.01",20,layer4_lr1e-05_hd128_wd0.0_cosine,"lr1e-05,wd0.0",-3.057843606667536,1.8355717750893536e-05
[32],2,"lr=1e-05, wd=0.01",20,layer4_lr1e-05_hd128_wd0.01_cosine,"lr1e-05,wd0.01",-3.2115205581858826,2.2055377914880276e-06
[32],2,"lr=1e-05, wd=0.01",20,layer4_lr3e-05_hd128_wd0.0_cosine,"lr3e-05,wd0.0",-3.0233746197539166,2.3612813637660288e-05
[32],2,"lr=1e-05, wd=0.01",20,layer4_lr3e-05_hd128_wd0.01_cosine,"lr3e-05,wd0.01",-3.202933834541144,4.616947891683521e-06
[32],2,"lr=1e-05, wd=0.01",20,layer4_lr0.0001_hd128_wd0.0_cosine,"lr0.0001,wd0.0",-2.622652035491894,0.0005720141693468734
[32],2,"lr=1e-05, wd=0.01",20,layer4_lr0.0001_hd128_wd0.01_cosine,"lr0.0001,wd0.01",-3.094598949852477,3.3713059094868424e-05
[32],2,"lr=1e-05, wd=0.01",20,layer4_lr0.0003_hd128_wd0.0_cosine,"lr0.0003,wd0.0",-2.0375758620715057,0.0014620086747656733
[32],2,"lr=1e-05, wd=0.01",20,layer4_lr0.0003_hd128_wd0.01_cosine,"lr0.0003,wd0.01",-2.721670349061771,2.632630722238362e-05
[32],2,"lr=1e-05, wd=0.01",20,layer4_lr0.001_hd128_wd0.0_cosine,"lr0.001,wd0.0",-2.2068541742826806,0.0013401465672422978
[32],2,"lr=1e-05, wd=0.01",20,layer4_lr0.001_hd128_wd0.01_cosine,"lr0.001,wd0.01",-2.267789624950637,8.125592416020985e-05
[32],2,"lr=1e-05, wd=0.01",20,layer4_lr0.003_hd128_wd0.0_cosine,"lr0.003,wd0.0",-2.34353129495526,0.0008355352530891628
[32],2,"lr=1e-05, wd=0.01",20,layer4_lr0.003_hd128_wd0.01_cosine,"lr0.003,wd0.01",-2.5465699344571853,0.00014501799986417678
[32],2,"lr=1e-05, wd=0.01",50,layer4_lr1e-05_hd128_wd0.0_cosine,"lr1e-05,wd0.0",-3.9877157398858873,1.8648577924181127e-06
[32],2,"lr=1e-05, wd=0.01",50,layer4_lr1e-05_hd128_wd0.01_cosine,"lr1e-05,wd0.01",-4.0736741776780985,1.042305233979443e-06
[32],2,"lr=1e-05, wd=0.01",50,layer4_lr3e-05_hd128_wd0.0_cosine,"lr3e-05,wd0.0",-3.7153707745428086,9.965459457744315e-06
[32],2,"lr=1e-05, wd=0.01",50,layer4_lr3e-05_hd128_wd0.01_cosine,"lr3e-05,wd0.01",-4.023709969897206,3.024727505305813e-06
[32],2,"lr=1e-05, wd=0.01",50,layer4_lr0.0001_hd128_wd0.0_cosine,"lr0.0001,wd0.0",-2.644304239714635,0.00010736135580011987
[32],2,"lr=1e-05, wd=0.01",50,layer4_lr0.0001_hd128_wd0.01_cosine,"lr0.0001,wd0.01",-4.065878203159229,1.447587063993396e-06
[32],2,"lr=1e-05, wd=0.01",50,layer4_lr0.0003_hd128_wd0.0_cosine,"lr0.0003,wd0.0",-2.208364671458706,0.00018315787038500648
[32],2,"lr=1e-05, wd=0.01",50,layer4_lr0.0003_hd128_wd0.01_cosine,"lr0.0003,wd0.01",-4.008989209868648,1.235816183762112e-06
[32],2,"lr=1e-05, wd=0.01",50,layer4_lr0.001_hd128_wd0.0_cosine,"lr0.001,wd0.0",-2.0835599814404886,0.00010175970637911641
[32],2,"lr=1e-05, wd=0.01",50,layer4_lr0.001_hd128_wd0.01_cosine,"lr0.001,wd0.01",-3.2504039248291896,9.318594066535e-05
[32],2,"lr=1e-05, wd=0.01",50,layer4_lr0.003_hd128_wd0.0_cosine,"lr0.003,wd0.0",-3.0116807449455614,0.0002127196929331238
[32],2,"lr=1e-05, wd=0.01",50,layer4_lr0.003_hd128_wd0.01_cosine,"lr0.003,wd0.01",-2.95836934415839,0.00025565235056579296
[32],2,"lr=1e-05, wd=0.01",90,layer4_lr1e-05_hd128_wd0.0_cosine,"lr1e-05,wd0.0",-4.149883832665703,1.6932342587142941e-06
[32],2,"lr=1e-05, wd=0.01",90,layer4_lr1e-05_hd128_wd0.01_cosine,"lr1e-05,wd0.01",-4.199271243727275,4.160269446622767e-07
[32],2,"lr=1e-05, wd=0.01",90,layer4_lr3e-05_hd128_wd0.0_cosine,"lr3e-05,wd0.0",-4.067997778549421,1.3574874762062974e-06
[32],2,"lr=1e-05, wd=0.01",90,layer4_lr3e-05_hd128_wd0.01_cosine,"lr3e-05,wd0.01",-4.1603727074609225,5.185165512728033e-07
[32],2,"lr=1e-05, wd=0.01",90,layer4_lr0.0001_hd128_wd0.0_cosine,"lr0.0001,wd0.0",-3.4745005278245116,4.034619482417427e-06
[32],2,"lr=1e-05, wd=0.01",90,layer4_lr0.0001_hd128_wd0.01_cosine,"lr0.0001,wd0.01",-4.181402226620936,5.490400306856198e-07
[32],2,"lr=1e-05, wd=0.01",90,layer4_lr0.0003_hd128_wd0.0_cosine,"lr0.0003,wd0.0",-3.5093271657672895,2.4608490139356486e-05
[32],2,"lr=1e-05, wd=0.01",90,layer4_lr0.0003_hd128_wd0.01_cosine,"lr0.0003,wd0.01",-4.128558582936126,5.114700330754941e-06
[32],2,"lr=1e-05, wd=0.01",90,layer4_lr0.001_hd128_wd0.0_cosine,"lr0.001,wd0.0",-3.2124130495775547,8.521466028757833e-05
[32],2,"lr=1e-05, wd=0.01",90,layer4_lr0.001_hd128_wd0.01_cosine,"lr0.001,wd0.01",-3.96239867451075,9.820524863672052e-06
[32],2,"lr=1e-05, wd=0.01",90,layer4_lr0.003_hd128_wd0.0_cosine,"lr0.003,wd0.0",-3.2378928351315843,5.736703898424812e-05
[32],2,"lr=1e-05, wd=0.01",90,layer4_lr0.003_hd128_wd0.01_cosine,"lr0.003,wd0.01",-3.5028091897804026,5.585316197187644e-05
[32],3,"lr=3e-05, wd=0.0",0,layer4_lr1e-05_hd128_wd0.0_cosine,"lr1e-05,wd0.0",-1.2767991214451953,0.00016011387176028912
[32],3,"lr=3e-05, wd=0.0",0,layer4_lr1e-05_hd128_wd0.01_cosine,"lr1e-05,wd0.01",-1.220396703184702,1.11611651041938e-05
[32],3,"lr=3e-05, wd=0.0",0,layer4_lr3e-05_hd128_wd0.0_cosine,"lr3e-05,wd0.0",-1.2805630561433088,0.001154309066903362
[32],3,"lr=3e-05, wd=0.0",0,layer4_lr3e-05_hd128_wd0.01_cosine,"lr3e-05,wd0.01",-1.2557941997154178,0.00024229680677625458
[32],3,"lr=3e-05, wd=0.0",0,layer4_lr0.0001_hd128_wd0.0_cosine,"lr0.0001,wd0.0",-1.2234807362320816,0.001561332292956127
[32],3,"lr=3e-05, wd=0.0",0,layer4_lr0.0001_hd128_wd0.01_cosine,"lr0.0001,wd0.01",-1.2286151068406537,0.0006789161325117129
[32],3,"lr=3e-05, wd=0.0",0,layer4_lr0.0003_hd128_wd0.0_cosine,"lr0.0003,wd0.0",-1.1658931654668006,0.0014047794790008545
[32],3,"lr=3e-05, wd=0.0",0,layer4_lr0.0003_hd128_wd0.01_cosine,"lr0.0003,wd0.01",-1.1856756038399616,0.0007153219379462107
[32],3,"lr=3e-05, wd=0.0",0,layer4_lr0.001_hd128_wd0.0_cosine,"lr0.001,wd0.0",-1.0965479639215925,0.0012950092149534007
[32],3,"lr=3e-05, wd=0.0",0,layer4_lr0.001_hd128_wd0.01_cosine,"lr0.001,wd0.01",-1.128697200311137,0.00037882284611584683
[32],3,"lr=3e-05, wd=0.0",0,layer4_lr0.003_hd128_wd0.0_cosine,"lr0.003,wd0.0",-1.0463580025618486,0.0008407543378860987
[32],3,"lr=3e-05, wd=0.0",0,layer4_lr0.003_hd128_wd0.01_cosine,"lr0.003,wd0.01",-1.0648868818220725,0.00020840872887959425
[32],3,"lr=3e-05, wd=0.0",5,layer4_lr1e-05_hd128_wd0.0_cosine,"lr1e-05,wd0.0",-3.024402261945006,4.466009470040692e-05
[32],3,"lr=3e-05, wd=0.0",5,layer4_lr1e-05_hd128_wd0.01_cosine,"lr1e-05,wd0.01",-3.288467922994157,2.7667056140848082e-05
[32],3,"lr=3e-05, wd=0.0",5,layer4_lr3e-05_hd128_wd0.0_cosine,"lr3e-05,wd0.0",-2.4591504209814525,0.00013725811170833694
[32],3,"lr=3e-05, wd=0.0",5,layer4_lr3e-05_hd128_wd0.01_cosine,"lr3e-05,wd0.01",-2.7670124273265966,5.910217325379979e-06
[32],3,"lr=3e-05, wd=0.0",5,layer4_lr0.0001_hd128_wd0.0_cosine,"lr0.0001,wd0.0",-2.2979348760554537,0.00013142993110972816
[32],3,"lr=3e-05, wd=0.0",5,layer4_lr0.0001_hd128_wd0.01_cosine,"lr0.0001,wd0.01",-2.4632770823701566,5.907169918478084e-06
[32],3,"lr=3e-05, wd=0.0",5,layer4_lr0.0003_hd128_wd0.0_cosine,"lr0.0003,wd0.0",-2.135422107612018,0.001246344003370911
[32],3,"lr=3e-05, wd=0.0",5,layer4_lr0.0003_hd128_wd0.01_cosine,"lr0.0003,wd0.01",-2.2633693439007887,1.3953832052681234e-05
[32],3,"lr=3e-05, wd=0.0",5,layer4_lr0.001_hd128_wd0.0_cosine,"lr0.001,wd0.0",-1.81137682915038,0.0022502344775747374
[32],3,"lr=3e-05, wd=0.0",5,layer4_lr0.001_hd128_wd0.01_cosine,"lr0.001,wd0.01",-1.6267078508888488,0.0009039796044661802
[32],3,"lr=3e-05, wd=0.0",5,layer4_lr0.003_hd128_wd0.0_cosine,"lr0.003,wd0.0",-1.6409696536695093,0.0022547893675570665
[32],3,"lr=3e-05, wd=0.0",5,layer4_lr0.003_hd128_wd0.01_cosine,"lr0.003,wd0.01",-1.622028616534755,0.00021041064341590962
[32],3,"lr=3e-05, wd=0.0",10,layer4_lr1e-05_hd128_wd0.0_cosine,"lr1e-05,wd0.0",-3.276086141257519,8.680294732973225e-05
[32],3,"lr=3e-05, wd=0.0",10,layer4_lr1e-05_hd128_wd0.01_cosine,"lr1e-05,wd0.01",-3.8690680641352793,7.161718753811647e-06
[32],3,"lr=3e-05, wd=0.0",10,layer4_lr3e-05_hd128_wd0.0_cosine,"lr3e-05,wd0.0",-2.9623378381592986,8.855999556010689e-05
[32],3,"lr=3e-05, wd=0.0",10,layer4_lr3e-05_hd128_wd0.01_cosine,"lr3e-05,wd0.01",-3.267096310782559,4.06172983910887e-06
[32],3,"lr=3e-05, wd=0.0",10,layer4_lr0.0001_hd128_wd0.0_cosine,"lr0.0001,wd0.0",-2.8317179274759505,0.00022183977197031988
[32],3,"lr=3e-05, wd=0.0",10,layer4_lr0.0001_hd128_wd0.01_cosine,"lr0.0001,wd0.01",-3.0695763658625146,2.114281704328562e-05
[32],3,"lr=3e-05, wd=0.0",10,layer4_lr0.0003_hd128_wd0.0_cosine,"lr0.0003,wd0.0",-2.2480696732535024,0.0014285966005078688
[32],3,"lr=3e-05, wd=0.0",10,layer4_lr0.0003_hd128_wd0.01_cosine,"lr0.0003,wd0.01",-2.8499443032645577,4.252421984760989e-05
[32],3,"lr=3e-05, wd=0.0",10,layer4_lr0.001_hd128_wd0.0_cosine,"lr0.001,wd0.0",-2.261633454132635,0.001358209573691613
[32],3,"lr=3e-05, wd=0.0",10,layer4_lr0.001_hd128_wd0.01_cosine,"lr0.001,wd0.01",-2.5658034060324795,2.7995843473743872e-05
[32],3,"lr=3e-05, wd=0.0",10,layer4_lr0.003_hd128_wd0.0_cosine,"lr0.003,wd0.0",-2.4359814722510773,0.0005623922986980594
[32],3,"lr=3e-05, wd=0.0",10,layer4_lr0.003_hd128_wd0.01_cosine,"lr0.003,wd0.01",-1.9767168868608411,0.00013300995069750164
[32],3,"lr=3e-05, wd=0.0",20,layer4_lr1e-05_hd128_wd0.0_cosine,"lr1e-05,wd0.0",-3.4667798722865193,6.111310724455092e-05
[32],3,"lr=3e-05, wd=0.0",20,layer4_lr1e-05_hd128_wd0.01_cosine,"lr1e-05,wd0.01",-4.058560187758839,6.249546373796838e-06
[32],3,"lr=3e-05, wd=0.0",20,layer4_lr3e-05_hd128_wd0.0_cosine,"lr3e-05,wd0.0",-3.4507194498255007,1.5830741617698214e-05
[32],3,"lr=3e-05, wd=0.0",20,layer4_lr3e-05_hd128_wd0.01_cosine,"lr3e-05,wd0.01",-3.685806096823786,2.2975996068137105e-06
[32],3,"lr=3e-05, wd=0.0",20,layer4_lr0.0001_hd128_wd0.0_cosine,"lr0.0001,wd0.0",-2.7856850727658244,0.00037727869650642197
[32],3,"lr=3e-05, wd=0.0",20,layer4_lr0.0001_hd128_wd0.01_cosine,"lr0.0001,wd0.01",-3.548559072747796,8.9812736133641e-06
[32],3,"lr=3e-05, wd=0.0",20,layer4_lr0.0003_hd128_wd0.0_cosine,"lr0.0003,wd0.0",-1.8007021910921976,0.0012497129987960724
[32],3,"lr=3e-05, wd=0.0",20,layer4_lr0.0003_hd128_wd0.01_cosine,"lr0.0003,wd0.01",-3.2390951887912687,9.549579484739019e-06
[32],3,"lr=3e-05, wd=0.0",20,layer4_lr0.001_hd128_wd0.0_cosine,"lr0.001,wd0.0",-2.07065574029882,0.0011504134202617693
[32],3,"lr=3e-05, wd=0.0",20,layer4_lr0.001_hd128_wd0.01_cosine,"lr0.001,wd0.01",-2.762095561299243,3.5358760410503095e-05
[32],3,"lr=3e-05, wd=0.0",20,layer4_lr0.003_hd128_wd0.0_cosine,"lr0.003,wd0.0",-2.53348009699097,0.0006451644396173517
[32],3,"lr=3e-05, wd=0.0",20,layer4_lr0.003_hd128_wd0.01_cosine,"lr0.003,wd0.01",-2.767671074213516,0.00029200327070300996
[32],3,"lr=3e-05, wd=0.0",50,layer4_lr1e-05_hd128_wd0.0_cosine,"lr1e-05,wd0.0",-3.955999228917795,1.7200493333811043e-05
[32],3,"lr=3e-05, wd=0.0",50,layer4_lr1e-05_hd128_wd0.01_cosine,"lr1e-05,wd0.01",-4.17620306194612,2.384036331766235e-06
[32],3,"lr=3e-05, wd=0.0",50,layer4_lr3e-05_hd128_wd0.0_cosine,"lr3e-05,wd0.0",-4.049500164512516,2.7067694909254497e-06
[32],3,"lr=3e-05, wd=0.0",50,layer4_lr3e-05_hd128_wd0.01_cosine,"lr3e-05,wd0.01",-4.123780673212497,1.033736697507255e-06
[32],3,"lr=3e-05, wd=0.0",50,layer4_lr0.0001_hd128_wd0.0_cosine,"lr0.0001,wd0.0",-2.8812334542503506,0.00012245724282151273
[32],3,"lr=3e-05, wd=0.0",50,layer4_lr0.0001_hd128_wd0.01_cosine,"lr0.0001,wd0.01",-4.088112888497803,1.2191727860138732e-06
[32],3,"lr=3e-05, wd=0.0",50,layer4_lr0.0003_hd128_wd0.0_cosine,"lr0.0003,wd0.0",-2.1801260814926753,0.00011530179852482085
[32],3,"lr=3e-05, wd=0.0",50,layer4_lr0.0003_hd128_wd0.01_cosine,"lr0.0003,wd0.01",-4.057869606493476,2.2545407544792284e-06
[32],3,"lr=3e-05, wd=0.0",50,layer4_lr0.001_hd128_wd0.0_cosine,"lr0.001,wd0.0",-2.0182774947115156,9.713665914234396e-06
[32],3,"lr=3e-05, wd=0.0",50,layer4_lr0.001_hd128_wd0.01_cosine,"lr0.001,wd0.01",-3.327728595312158,9.880144016910217e-05
[32],3,"lr=3e-05, wd=0.0",50,layer4_lr0.003_hd128_wd0.0_cosine,"lr0.003,wd0.0",-3.0534509794871143,0.00020841115701932187
[32],3,"lr=3e-05, wd=0.0",50,layer4_lr0.003_hd128_wd0.01_cosine,"lr0.003,wd0.01",-2.5587187660657977,0.0002892512073137838
[32],3,"lr=3e-05, wd=0.0",90,layer4_lr1e-05_hd128_wd0.0_cosine,"lr1e-05,wd0.0",-4.192584068242833,1.0100292148663342e-06
[32],3,"lr=3e-05, wd=0.0",90,layer4_lr1e-05_hd128_wd0.01_cosine,"lr1e-05,wd0.01",-4.233725828326875,2.607457087343687e-07
[32],3,"lr=3e-05, wd=0.0",90,layer4_lr3e-05_hd128_wd0.0_cosine,"lr3e-05,wd0.0",-4.116732354333291,1.4861899373359732e-06
[32],3,"lr=3e-05, wd=0.0",90,layer4_lr3e-05_hd128_wd0.01_cosine,"lr3e-05,wd0.01",-4.173686574204461,1.8190812326609015e-07
[32],3,"lr=3e-05, wd=0.0",90,layer4_lr0.0001_hd128_wd0.0_cosine,"lr0.0001,wd0.0",-3.3477375259238955,2.8401840514081773e-06
[32],3,"lr=3e-05, wd=0.0",90,layer4_lr0.0001_hd128_wd0.01_cosine,"lr0.0001,wd0.01",-4.175845106354453,3.438539340805038e-07
[32],3,"lr=3e-05, wd=0.0",90,layer4_lr0.0003_hd128_wd0.0_cosine,"lr0.0003,wd0.0",-3.5332792904038444,1.717033028434506e-05
[32],3,"lr=3e-05, wd=0.0",90,layer4_lr0.0003_hd128_wd0.01_cosine,"lr0.0003,wd0.01",-4.12194212087948,5.035190916599266e-06
[32],3,"lr=3e-05, wd=0.0",90,layer4_lr0.001_hd128_wd0.0_cosine,"lr0.001,wd0.0",-3.2640538550197906,7.116526019466918e-05
[32],3,"lr=3e-05, wd=0.0",90,layer4_lr0.001_hd128_wd0.01_cosine,"lr0.001,wd0.01",-3.9169813408291114,1.5965457329611898e-05
[32],3,"lr=3e-05, wd=0.0",90,layer4_lr0.003_hd128_wd0.0_cosine,"lr0.003,wd0.0",-3.091487210738875,3.736139116252291e-05
[32],3,"lr=3e-05, wd=0.0",90,layer4_lr0.003_hd128_wd0.01_cosine,"lr0.003,wd0.01",-3.2892827890644125,8.605546896358045e-05
[32],4,"lr=3e-05, wd=0.01",0,layer4_lr1e-05_hd128_wd0.0_cosine,"lr1e-05,wd0.0",-1.219606194323926,0.00048794549417316413
[32],4,"lr=3e-05, wd=0.01",0,layer4_lr1e-05_hd128_wd0.01_cosine,"lr1e-05,wd0.01",-1.2376207404478732,7.937525409178614e-05
[32],4,"lr=3e-05, wd=0.01",0,layer4_lr3e-05_hd128_wd0.0_cosine,"lr3e-05,wd0.0",-1.1970377474192404,0.0018727056666107936
[32],4,"lr=3e-05, wd=0.01",0,layer4_lr3e-05_hd128_wd0.01_cosine,"lr3e-05,wd0.01",-1.260560951977628,0.000588327777124288
[32],4,"lr=3e-05, wd=0.01",0,layer4_lr0.0001_hd128_wd0.0_cosine,"lr0.0001,wd0.0",-1.1482865858039946,0.0022955590424387734
[32],4,"lr=3e-05, wd=0.01",0,layer4_lr0.0001_hd128_wd0.01_cosine,"lr0.0001,wd0.01",-1.209759319071311,0.0011878222916270075
[32],4,"lr=3e-05, wd=0.01",0,layer4_lr0.0003_hd128_wd0.0_cosine,"lr0.0003,wd0.0",-1.1116969462060782,0.0019331057354064454
[32],4,"lr=3e-05, wd=0.01",0,layer4_lr0.0003_hd128_wd0.01_cosine,"lr0.0003,wd0.01",-1.1571834734150876,0.0012179602812657053
[32],4,"lr=3e-05, wd=0.01",0,layer4_lr0.001_hd128_wd0.0_cosine,"lr0.001,wd0.0",-1.0595093740197736,0.0017384326366168645
[32],4,"lr=3e-05, wd=0.01",0,layer4_lr0.001_hd128_wd0.01_cosine,"lr0.001,wd0.01",-1.107327311371092,0.0007141851594443671
[32],4,"lr=3e-05, wd=0.01",0,layer4_lr0.003_hd128_wd0.0_cosine,"lr0.003,wd0.0",-1.02166866390526,0.0012323897932611932
[32],4,"lr=3e-05, wd=0.01",0,layer4_lr0.003_hd128_wd0.01_cosine,"lr0.003,wd0.01",-1.0565744429991866,0.00027488495985896475
[32],4,"lr=3e-05, wd=0.01",5,layer4_lr1e-05_hd128_wd0.0_cosine,"lr1e-05,wd0.0",-2.612864612511208,0.0001671238580368896
[32],4,"lr=3e-05, wd=0.01",5,layer4_lr1e-05_hd128_wd0.01_cosine,"lr1e-05,wd0.01",-3.0934310240070566,7.949988221432685e-06
[32],4,"lr=3e-05, wd=0.01",5,layer4_lr3e-05_hd128_wd0.0_cosine,"lr3e-05,wd0.0",-2.340956126630948,0.00020899996084957414
[32],4,"lr=3e-05, wd=0.01",5,layer4_lr3e-05_hd128_wd0.01_cosine,"lr3e-05,wd0.01",-2.6653063524044986,3.352079564741743e-05
[32],4,"lr=3e-05, wd=0.01",5,layer4_lr0.0001_hd128_wd0.0_cosine,"lr0.0001,wd0.0",-2.2164824649561483,0.00010567589662926826
[32],4,"lr=3e-05, wd=0.01",5,layer4_lr0.0001_hd128_wd0.01_cosine,"lr0.0001,wd0.01",-2.4761096895880277,1.5758604914829698e-05
[32],4,"lr=3e-05, wd=0.01",5,layer4_lr0.0003_hd128_wd0.0_cosine,"lr0.0003,wd0.0",-2.046827141701289,0.0011215078790509398
[32],4,"lr=3e-05, wd=0.01",5,layer4_lr0.0003_hd128_wd0.01_cosine,"lr0.0003,wd0.01",-2.289358921285929,3.2938967768797675e-06
[32],4,"lr=3e-05, wd=0.01",5,layer4_lr0.001_hd128_wd0.0_cosine,"lr0.001,wd0.0",-1.7643754173656385,0.0019964603962761567
[32],4,"lr=3e-05, wd=0.01",5,layer4_lr0.001_hd128_wd0.01_cosine,"lr0.001,wd0.01",-1.6125656745656596,0.000725016743779143
[32],4,"lr=3e-05, wd=0.01",5,layer4_lr0.003_hd128_wd0.0_cosine,"lr0.003,wd0.0",-1.600656943648051,0.0020292383476949384
[32],4,"lr=3e-05, wd=0.01",5,layer4_lr0.003_hd128_wd0.01_cosine,"lr0.003,wd0.01",-1.6851135889731699,0.00029768648506805394
[32],4,"lr=3e-05, wd=0.01",10,layer4_lr1e-05_hd128_wd0.0_cosine,"lr1e-05,wd0.0",-2.644821388006638,0.00022795826556896832
[32],4,"lr=3e-05, wd=0.01",10,layer4_lr1e-05_hd128_wd0.01_cosine,"lr1e-05,wd0.01",-3.454207672129695,5.199005856537021e-05
[32],4,"lr=3e-05, wd=0.01",10,layer4_lr3e-05_hd128_wd0.0_cosine,"lr3e-05,wd0.0",-2.7920497709809435,0.00012482451375309117
[32],4,"lr=3e-05, wd=0.01",10,layer4_lr3e-05_hd128_wd0.01_cosine,"lr3e-05,wd0.01",-3.18031908237589,5.024412854285231e-07
[32],4,"lr=3e-05, wd=0.01",10,layer4_lr0.0001_hd128_wd0.0_cosine,"lr0.0001,wd0.0",-2.70112298269319,0.00020261068060143075
[32],4,"lr=3e-05, wd=0.01",10,layer4_lr0.0001_hd128_wd0.01_cosine,"lr0.0001,wd0.01",-3.094272320982616,8.016908561860689e-06
[32],4,"lr=3e-05, wd=0.01",10,layer4_lr0.0003_hd128_wd0.0_cosine,"lr0.0003,wd0.0",-2.265674712612547,0.0013864250491401637
[32],4,"lr=3e-05, wd=0.01",10,layer4_lr0.0003_hd128_wd0.01_cosine,"lr0.0003,wd0.01",-2.8608520261487196,2.4011983416776202e-05
[32],4,"lr=3e-05, wd=0.01",10,layer4_lr0.001_hd128_wd0.0_cosine,"lr0.001,wd0.0",-2.2277216990440416,0.0013432974697475438
[32],4,"lr=3e-05, wd=0.01",10,layer4_lr0.001_hd128_wd0.01_cosine,"lr0.001,wd0.01",-2.524725867820258,3.266417797455449e-05
[32],4,"lr=3e-05, wd=0.01",10,layer4_lr0.003_hd128_wd0.0_cosine,"lr0.003,wd0.0",-2.392616763261297,0.0005387034680229425
[32],4,"lr=3e-05, wd=0.01",10,layer4_lr0.003_hd128_wd0.01_cosine,"lr0.003,wd0.01",-2.0001508691506347,0.00010051541222161273
[32],4,"lr=3e-05, wd=0.01",20,layer4_lr1e-05_hd128_wd0.0_cosine,"lr1e-05,wd0.0",-3.2846430424175903,9.444386308054294e-05
[32],4,"lr=3e-05, wd=0.01",20,layer4_lr1e-05_hd128_wd0.01_cosine,"lr1e-05,wd0.01",-3.843595093006606,2.2436402120387627e-05
[32],4,"lr=3e-05, wd=0.01",20,layer4_lr3e-05_hd128_wd0.0_cosine,"lr3e-05,wd0.0",-3.294452478436065,1.4698354691797208e-05
[32],4,"lr=3e-05, wd=0.01",20,layer4_lr3e-05_hd128_wd0.01_cosine,"lr3e-05,wd0.01",-3.632082623398791,6.69115913590732e-06
[32],4,"lr=3e-05, wd=0.01",20,layer4_lr0.0001_hd128_wd0.0_cosine,"lr0.0001,wd0.0",-2.78213724181915,0.0003937723615660541
[32],4,"lr=3e-05, wd=0.01",20,layer4_lr0.0001_hd128_wd0.01_cosine,"lr0.0001,wd0.01",-3.5156005119895553,5.7300458347468936e-06
[32],4,"lr=3e-05, wd=0.01",20,layer4_lr0.0003_hd128_wd0.0_cosine,"lr0.0003,wd0.0",-1.9523935622090018,0.0012394727164147235
[32],4,"lr=3e-05, wd=0.01",20,layer4_lr0.0003_hd128_wd0.01_cosine,"lr0.0003,wd0.01",-3.1835560934777685,5.6615772090801504e-06
[32],4,"lr=3e-05, wd=0.01",20,layer4_lr0.001_hd128_wd0.0_cosine,"lr0.001,wd0.0",-2.069578694214322,0.001141397496058254
[32],4,"lr=3e-05, wd=0.01",20,layer4_lr0.001_hd128_wd0.01_cosine,"lr0.001,wd0.01",-2.703827427720066,2.8583957676985308e-05
[32],4,"lr=3e-05, wd=0.01",20,layer4_lr0.003_hd128_wd0.0_cosine,"lr0.003,wd0.0",-2.525535357100068,0.0006306595571774854
[32],4,"lr=3e-05, wd=0.01",20,layer4_lr0.003_hd128_wd0.01_cosine,"lr0.003,wd0.01",-2.8141791713171056,0.00028597827170060856
[32],4,"lr=3e-05, wd=0.01",50,layer4_lr1e-05_hd128_wd0.0_cosine,"lr1e-05,wd0.0",-3.9499070601696387,1.693591657175445e-05
[32],4,"lr=3e-05, wd=0.01",50,layer4_lr1e-05_hd128_wd0.01_cosine,"lr1e-05,wd0.01",-4.120803406462919,5.6936351878880495e-06
[32],4,"lr=3e-05, wd=0.01",50,layer4_lr3e-05_hd128_wd0.0_cosine,"lr3e-05,wd0.0",-4.000261766283156,3.88719911366429e-06
[32],4,"lr=3e-05, wd=0.01",50,layer4_lr3e-05_hd128_wd0.01_cosine,"lr3e-05,wd0.01",-4.1284516460647165,9.557714141847022e-07
[32],4,"lr=3e-05, wd=0.01",50,layer4_lr0.0001_hd128_wd0.0_cosine,"lr0.0001,wd0.0",-2.8582452937752767,0.00011986956430261977
[32],4,"lr=3e-05, wd=0.01",50,layer4_lr0.0001_hd128_wd0.01_cosine,"lr0.0001,wd0.01",-4.098598004919417,1.3418379386533118e-06
[32],4,"lr=3e-05, wd=0.01",50,layer4_lr0.0003_hd128_wd0.0_cosine,"lr0.0003,wd0.0",-2.179221103537865,0.00012703901168985063
[32],4,"lr=3e-05, wd=0.01",50,layer4_lr0.0003_hd128_wd0.01_cosine,"lr0.0003,wd0.01",-4.059598981412447,2.4573218047141518e-06
[32],4,"lr=3e-05, wd=0.01",50,layer4_lr0.001_hd128_wd0.0_cosine,"lr0.001,wd0.0",-2.027805177391228,1.3389087278911854e-05
[32],4,"lr=3e-05, wd=0.01",50,layer4_lr0.001_hd128_wd0.01_cosine,"lr0.001,wd0.01",-3.3089252352721945,0.00010213449313838242
[32],4,"lr=3e-05, wd=0.01",50,layer4_lr0.003_hd128_wd0.0_cosine,"lr0.003,wd0.0",-3.061770332430106,0.0002076385770206086
[32],4,"lr=3e-05, wd=0.01",50,layer4_lr0.003_hd128_wd0.01_cosine,"lr0.003,wd0.01",-2.562727316187855,0.0002892657628909133
[32],4,"lr=3e-05, wd=0.01",90,layer4_lr1e-05_hd128_wd0.0_cosine,"lr1e-05,wd0.0",-4.199696258811985,3.716178600067408e-07
[32],4,"lr=3e-05, wd=0.01",90,layer4_lr1e-05_hd128_wd0.01_cosine,"lr1e-05,wd0.01",-4.21635236533568,1.3025571482004872e-06
[32],4,"lr=3e-05, wd=0.01",90,layer4_lr3e-05_hd128_wd0.0_cosine,"lr3e-05,wd0.0",-4.1068983557848195,1.6639127893782514e-06
[32],4,"lr=3e-05, wd=0.01",90,layer4_lr3e-05_hd128_wd0.01_cosine,"lr3e-05,wd0.01",-4.178613554568947,1.767299486106411e-07
[32],4,"lr=3e-05, wd=0.01",90,layer4_lr0.0001_hd128_wd0.0_cosine,"lr0.0001,wd0.0",-3.3418845805467026,3.0887626314558846e-06
[32],4,"lr=3e-05, wd=0.01",90,layer4_lr0.0001_hd128_wd0.01_cosine,"lr0.0001,wd0.01",-4.18077462734431,3.5965961724208976e-07
[32],4,"lr=3e-05, wd=0.01",90,layer4_lr0.0003_hd128_wd0.0_cosine,"lr0.0003,wd0.0",-3.5139934402252564,1.862545374320282e-05
[32],4,"lr=3e-05, wd=0.01",90,layer4_lr0.0003_hd128_wd0.01_cosine,"lr0.0003,wd0.01",-4.125177170586282,5.165220591787541e-06
[32],4,"lr=3e-05, wd=0.01",90,layer4_lr0.001_hd128_wd0.0_cosine,"lr0.001,wd0.0",-3.2514332648025706,7.295123300810587e-05
[32],4,"lr=3e-05, wd=0.01",90,layer4_lr0.001_hd128_wd0.01_cosine,"lr0.001,wd0.01",-3.9480063336028977,1.2161023041307836e-05
[32],4,"lr=3e-05, wd=0.01",90,layer4_lr0.003_hd128_wd0.0_cosine,"lr0.003,wd0.0",-3.1179907385113146,4.104299591721488e-05
[32],4,"lr=3e-05, wd=0.01",90,layer4_lr0.003_hd128_wd0.01_cosine,"lr0.003,wd0.01",-3.4086701929183905,7.142995121956451e-05
[32],5,"lr=1e-04, wd=0.0",0,layer4_lr1e-05_hd128_wd0.0_cosine,"lr1e-05,wd0.0",-1.2274958244443295,0.0001783621379425988
[32],5,"lr=1e-04, wd=0.0",0,layer4_lr1e-05_hd128_wd0.01_cosine,"lr1e-05,wd0.01",-1.166477061031626,0.0004957047959848096
[32],5,"lr=1e-04, wd=0.0",0,layer4_lr3e-05_hd128_wd0.0_cosine,"lr3e-05,wd0.0",-1.3376339386049831,0.00025498504271650806
[32],5,"lr=1e-04, wd=0.0",0,layer4_lr3e-05_hd128_wd0.01_cosine,"lr3e-05,wd0.01",-1.2795760575297404,2.079232036940122e-05
[32],5,"lr=1e-04, wd=0.0",0,layer4_lr0.0001_hd128_wd0.0_cosine,"lr0.0001,wd0.0",-1.396580719009389,0.00040016048284899103
[32],5,"lr=1e-04, wd=0.0",0,layer4_lr0.0001_hd128_wd0.01_cosine,"lr0.0001,wd0.01",-1.3450150682761315,3.967799532969737e-05
[32],5,"lr=1e-04, wd=0.0",0,layer4_lr0.0003_hd128_wd0.0_cosine,"lr0.0003,wd0.0",-1.3584823740990302,0.00047466268062537343
[32],5,"lr=1e-04, wd=0.0",0,layer4_lr0.0003_hd128_wd0.01_cosine,"lr0.0003,wd0.01",-1.3334179051502257,6.222675728998266e-05
[32],5,"lr=1e-04, wd=0.0",0,layer4_lr0.001_hd128_wd0.0_cosine,"lr0.001,wd0.0",-1.2630430614944061,0.0005077005032820222
[32],5,"lr=1e-04, wd=0.0",0,layer4_lr0.001_hd128_wd0.01_cosine,"lr0.001,wd0.01",-1.2613987688042654,0.00010367336353064817
[32],5,"lr=1e-04, wd=0.0",0,layer4_lr0.003_hd128_wd0.0_cosine,"lr0.003,wd0.0",-1.1702460931628642,0.00025297830185458343
[32],5,"lr=1e-04, wd=0.0",0,layer4_lr0.003_hd128_wd0.01_cosine,"lr0.003,wd0.01",-1.1513263544237937,0.0005371149205731845
[32],5,"lr=1e-04, wd=0.0",5,layer4_lr1e-05_hd128_wd0.0_cosine,"lr1e-05,wd0.0",-2.729087878895814,8.300370711200092e-05
[32],5,"lr=1e-04, wd=0.0",5,layer4_lr1e-05_hd128_wd0.01_cosine,"lr1e-05,wd0.01",-2.61952532707416,6.615500726462438e-06
[32],5,"lr=1e-04, wd=0.0",5,layer4_lr3e-05_hd128_wd0.0_cosine,"lr3e-05,wd0.0",-3.0704500827907952,0.00013864666613567004
[32],5,"lr=1e-04, wd=0.0",5,layer4_lr3e-05_hd128_wd0.01_cosine,"lr3e-05,wd0.01",-3.6944177083366814,2.075842715187804e-05
[32],5,"lr=1e-04, wd=0.0",5,layer4_lr0.0001_hd128_wd0.0_cosine,"lr0.0001,wd0.0",-2.7637156521150423,4.978140812835662e-05
[32],5,"lr=1e-04, wd=0.0",5,layer4_lr0.0001_hd128_wd0.01_cosine,"lr0.0001,wd0.01",-3.2725351118222066,1.1501535170757142e-06
[32],5,"lr=1e-04, wd=0.0",5,layer4_lr0.0003_hd128_wd0.0_cosine,"lr0.0003,wd0.0",-2.495467626080144,0.0008554328027137715
[32],5,"lr=1e-04, wd=0.0",5,layer4_lr0.0003_hd128_wd0.01_cosine,"lr0.0003,wd0.01",-2.782158446974339,6.9812730951429045e-06
[32],5,"lr=1e-04, wd=0.0",5,layer4_lr0.001_hd128_wd0.0_cosine,"lr0.001,wd0.0",-2.237586014377077,0.001314313304269909
[32],5,"lr=1e-04, wd=0.0",5,layer4_lr0.001_hd128_wd0.01_cosine,"lr0.001,wd0.01",-1.9944031451040394,0.0002484824990882168
[32],5,"lr=1e-04, wd=0.0",5,layer4_lr0.003_hd128_wd0.0_cosine,"lr0.003,wd0.0",-1.9993000854640466,0.001138859130710991
[32],5,"lr=1e-04, wd=0.0",5,layer4_lr0.003_hd128_wd0.01_cosine,"lr0.003,wd0.01",-1.8644142625801225,0.0002996206148341148
[32],5,"lr=1e-04, wd=0.0",10,layer4_lr1e-05_hd128_wd0.0_cosine,"lr1e-05,wd0.0",-2.6430121056802958,0.0002546737796884304
[32],5,"lr=1e-04, wd=0.0",10,layer4_lr1e-05_hd128_wd0.01_cosine,"lr1e-05,wd0.01",-2.9422907232711046,0.00012795542282299565
[32],5,"lr=1e-04, wd=0.0",10,layer4_lr3e-05_hd128_wd0.0_cosine,"lr3e-05,wd0.0",-3.1279151490846266,0.00010190822261832002
[32],5,"lr=1e-04, wd=0.0",10,layer4_lr3e-05_hd128_wd0.01_cosine,"lr3e-05,wd0.01",-3.925410500100661,1.4927487339039801e-05
[32],5,"lr=1e-04, wd=0.0",10,layer4_lr0.0001_hd128_wd0.0_cosine,"lr0.0001,wd0.0",-3.139865034525589,0.00011007984701758914
[32],5,"lr=1e-04, wd=0.0",10,layer4_lr0.0001_hd128_wd0.01_cosine,"lr0.0001,wd0.01",-3.7991127043956388,1.1524365274878721e-06
[32],5,"lr=1e-04, wd=0.0",10,layer4_lr0.0003_hd128_wd0.0_cosine,"lr0.0003,wd0.0",-2.3278532866618287,0.0010229486566368494
[32],5,"lr=1e-04, wd=0.0",10,layer4_lr0.0003_hd128_wd0.01_cosine,"lr0.0003,wd0.01",-3.1544481961822686,5.079224190998864e-06
[32],5,"lr=1e-04, wd=0.0",10,layer4_lr0.001_hd128_wd0.0_cosine,"lr0.001,wd0.0",-2.4693253993658386,0.0010388425469531823
[32],5,"lr=1e-04, wd=0.0",10,layer4_lr0.001_hd128_wd0.01_cosine,"lr0.001,wd0.01",-2.652869574345823,4.136896808695716e-05
[32],5,"lr=1e-04, wd=0.0",10,layer4_lr0.003_hd128_wd0.0_cosine,"lr0.003,wd0.0",-2.7170531653210634,0.00038792125854160864
[32],5,"lr=1e-04, wd=0.0",10,layer4_lr0.003_hd128_wd0.01_cosine,"lr0.003,wd0.01",-2.4572071579487207,7.730875502385764e-05
[32],5,"lr=1e-04, wd=0.0",20,layer4_lr1e-05_hd128_wd0.0_cosine,"lr1e-05,wd0.0",-3.357444888194182,7.683494773592816e-05
[32],5,"lr=1e-04, wd=0.0",20,layer4_lr1e-05_hd128_wd0.01_cosine,"lr1e-05,wd0.01",-3.849347400687306,1.2465341808019163e-05
[32],5,"lr=1e-04, wd=0.0",20,layer4_lr3e-05_hd128_wd0.0_cosine,"lr3e-05,wd0.0",-3.478479778515327,5.6233372533608395e-05
[32],5,"lr=1e-04, wd=0.0",20,layer4_lr3e-05_hd128_wd0.01_cosine,"lr3e-05,wd0.01",-4.140478615688391,2.5987485801658535e-06
[32],5,"lr=1e-04, wd=0.0",20,layer4_lr0.0001_hd128_wd0.0_cosine,"lr0.0001,wd0.0",-2.9782882385726595,0.00023916790086872926
[32],5,"lr=1e-04, wd=0.0",20,layer4_lr0.0001_hd128_wd0.01_cosine,"lr0.0001,wd0.01",-4.020679007107314,1.0969812866762524e-06
[32],5,"lr=1e-04, wd=0.0",20,layer4_lr0.0003_hd128_wd0.0_cosine,"lr0.0003,wd0.0",-0.8531314788203929,0.0010479188976715167
[32],5,"lr=1e-04, wd=0.0",20,layer4_lr0.0003_hd128_wd0.01_cosine,"lr0.0003,wd0.01",-3.5047333507696137,7.947518898833378e-06
[32],5,"lr=1e-04, wd=0.0",20,layer4_lr0.001_hd128_wd0.0_cosine,"lr0.001,wd0.0",-1.594956407468363,0.0009846987720788301
[32],5,"lr=1e-04, wd=0.0",20,layer4_lr0.001_hd128_wd0.01_cosine,"lr0.001,wd0.01",-3.185828620674779,3.656395535880504e-05
[32],5,"lr=1e-04, wd=0.0",20,layer4_lr0.003_hd128_wd0.0_cosine,"lr0.003,wd0.0",-2.6335892099956264,0.0004994490664796102
[32],5,"lr=1e-04, wd=0.0",20,layer4_lr0.003_hd128_wd0.01_cosine,"lr0.003,wd0.01",-2.7535298255262206,0.00031249027660119975
[32],5,"lr=1e-04, wd=0.0",50,layer4_lr1e-05_hd128_wd0.0_cosine,"lr1e-05,wd0.0",-4.095727930924434,6.033044224717995e-06
[32],5,"lr=1e-04, wd=0.0",50,layer4_lr1e-05_hd128_wd0.01_cosine,"lr1e-05,wd0.01",-4.198588925428738,4.6700246988693767e-07
[32],5,"lr=1e-04, wd=0.0",50,layer4_lr3e-05_hd128_wd0.0_cosine,"lr3e-05,wd0.0",-4.132755082930902,1.4079991276154556e-06
[32],5,"lr=1e-04, wd=0.0",50,layer4_lr3e-05_hd128_wd0.01_cosine,"lr3e-05,wd0.01",-4.1266315227919526,4.315718449405816e-06
[32],5,"lr=1e-04, wd=0.0",50,layer4_lr0.0001_hd128_wd0.0_cosine,"lr0.0001,wd0.0",-3.107499306235423,0.0001117185194971346
[32],5,"lr=1e-04, wd=0.0",50,layer4_lr0.0001_hd128_wd0.01_cosine,"lr0.0001,wd0.01",-4.094613881245545,5.886145306552539e-06
[32],5,"lr=1e-04, wd=0.0",50,layer4_lr0.0003_hd128_wd0.0_cosine,"lr0.0003,wd0.0",-2.4059090698743817,5.006878640541947e-05
[32],5,"lr=1e-04, wd=0.0",50,layer4_lr0.0003_hd128_wd0.01_cosine,"lr0.0003,wd0.01",-4.043869644220549,9.247679252351232e-06
[32],5,"lr=1e-04, wd=0.0",50,layer4_lr0.001_hd128_wd0.0_cosine,"lr0.001,wd0.0",-2.1358398999451924,0.0001498626169063691
[32],5,"lr=1e-04, wd=0.0",50,layer4_lr0.001_hd128_wd0.01_cosine,"lr0.001,wd0.01",-2.877827651540429,0.00012467113615845482
[32],5,"lr=1e-04, wd=0.0",50,layer4_lr0.003_hd128_wd0.0_cosine,"lr0.003,wd0.0",-3.0970301949089087,0.00018256162974296996
[32],5,"lr=1e-04, wd=0.0",50,layer4_lr0.003_hd128_wd0.01_cosine,"lr0.003,wd0.01",-1.6860664409648174,0.00030194028307440934
[32],5,"lr=1e-04, wd=0.0",90,layer4_lr1e-05_hd128_wd0.0_cosine,"lr1e-05,wd0.0",-4.19225963548256,5.314257112536301e-07
[32],5,"lr=1e-04, wd=0.0",90,layer4_lr1e-05_hd128_wd0.01_cosine,"lr1e-05,wd0.01",-4.232533880233813,1.7741261970522862e-07
[32],5,"lr=1e-04, wd=0.0",90,layer4_lr3e-05_hd128_wd0.0_cosine,"lr3e-05,wd0.0",-4.177535203455239,1.40350766426976e-07
[32],5,"lr=1e-04, wd=0.0",90,layer4_lr3e-05_hd128_wd0.01_cosine,"lr3e-05,wd0.01",-4.182715067227406,8.495327573803235e-07
[32],5,"lr=1e-04, wd=0.0",90,layer4_lr0.0001_hd128_wd0.0_cosine,"lr0.0001,wd0.0",-3.4289569152060975,9.505749018222272e-07
[32],5,"lr=1e-04, wd=0.0",90,layer4_lr0.0001_hd128_wd0.01_cosine,"lr0.0001,wd0.01",-4.190170952939829,1.3997352319340951e-06
[32],5,"lr=1e-04, wd=0.0",90,layer4_lr0.0003_hd128_wd0.0_cosine,"lr0.0003,wd0.0",-3.4667139412442367,6.127542405360526e-06
[32],5,"lr=1e-04, wd=0.0",90,layer4_lr0.0003_hd128_wd0.01_cosine,"lr0.0003,wd0.01",-4.068218770999086,9.777429142237081e-06
[32],5,"lr=1e-04, wd=0.0",90,layer4_lr0.001_hd128_wd0.0_cosine,"lr0.001,wd0.0",-3.327856122442446,4.654454850300711e-05
[32],5,"lr=1e-04, wd=0.0",90,layer4_lr0.001_hd128_wd0.01_cosine,"lr0.001,wd0.01",-3.666145408138661,3.9553215878719806e-05
[32],5,"lr=1e-04, wd=0.0",90,layer4_lr0.003_hd128_wd0.0_cosine,"lr0.003,wd0.0",-3.0331129338076193,1.009344023507377e-05
[32],5,"lr=1e-04, wd=0.0",90,layer4_lr0.003_hd128_wd0.01_cosine,"lr0.003,wd0.01",-3.310810814158782,8.496994232857996e-05
[32],6,"lr=1e-04, wd=0.01",0,layer4_lr1e-05_hd128_wd0.0_cosine,"lr1e-05,wd0.0",-1.0740690545926987,0.0002611743460529857
[32],6,"lr=1e-04, wd=0.01",0,layer4_lr1e-05_hd128_wd0.01_cosine,"lr1e-05,wd0.01",-1.0739390951452923,0.0001868631793327149
[32],6,"lr=1e-04, wd=0.01",0,layer4_lr3e-05_hd128_wd0.0_cosine,"lr3e-05,wd0.0",-1.1084583535323353,0.000925856263011904
[32],6,"lr=1e-04, wd=0.01",0,layer4_lr3e-05_hd128_wd0.01_cosine,"lr3e-05,wd0.01",-1.1410383682282672,0.0001165671921938743
[32],6,"lr=1e-04, wd=0.01",0,layer4_lr0.0001_hd128_wd0.0_cosine,"lr0.0001,wd0.0",-1.1331917862961942,0.00108534486600773
[32],6,"lr=1e-04, wd=0.01",0,layer4_lr0.0001_hd128_wd0.01_cosine,"lr0.0001,wd0.01",-1.1743158522748633,0.00037488704922443124
[32],6,"lr=1e-04, wd=0.01",0,layer4_lr0.0003_hd128_wd0.0_cosine,"lr0.0003,wd0.0",-1.122255626101446,0.0008160283028557727
[32],6,"lr=1e-04, wd=0.01",0,layer4_lr0.0003_hd128_wd0.01_cosine,"lr0.0003,wd0.01",-1.1524698002481857,0.00036485471428128864
[32],6,"lr=1e-04, wd=0.01",0,layer4_lr0.001_hd128_wd0.0_cosine,"lr0.001,wd0.0",-1.0739167943803793,0.0007133265657318846
[32],6,"lr=1e-04, wd=0.01",0,layer4_lr0.001_hd128_wd0.01_cosine,"lr0.001,wd0.01",-1.102237806000836,0.0001419107822631864
[32],6,"lr=1e-04, wd=0.01",0,layer4_lr0.003_hd128_wd0.0_cosine,"lr0.003,wd0.0",-1.026408298378628,0.00038438237497325243
[32],6,"lr=1e-04, wd=0.01",0,layer4_lr0.003_hd128_wd0.01_cosine,"lr0.003,wd0.01",-1.0404575568785455,0.00017115874324518732
[32],6,"lr=1e-04, wd=0.01",5,layer4_lr1e-05_hd128_wd0.0_cosine,"lr1e-05,wd0.0",-2.4908246003530428,0.00035416872480994565
[32],6,"lr=1e-04, wd=0.01",5,layer4_lr1e-05_hd128_wd0.01_cosine,"lr1e-05,wd0.01",-2.5744293035189094,5.091204652704058e-05
[32],6,"lr=1e-04, wd=0.01",5,layer4_lr3e-05_hd128_wd0.0_cosine,"lr3e-05,wd0.0",-2.250612427574318,0.0004912535180143086
[32],6,"lr=1e-04, wd=0.01",5,layer4_lr3e-05_hd128_wd0.01_cosine,"lr3e-05,wd0.01",-3.2784496547469706,7.579242342784466e-05
[32],6,"lr=1e-04, wd=0.01",5,layer4_lr0.0001_hd128_wd0.0_cosine,"lr0.0001,wd0.0",-2.495815500577487,6.960835131235508e-05
[32],6,"lr=1e-04, wd=0.01",5,layer4_lr0.0001_hd128_wd0.01_cosine,"lr0.0001,wd0.01",-2.975278629602166,6.156189099108102e-05
[32],6,"lr=1e-04, wd=0.01",5,layer4_lr0.0003_hd128_wd0.0_cosine,"lr0.0003,wd0.0",-2.389199365827945,0.0006323660967245131
[32],6,"lr=1e-04, wd=0.01",5,layer4_lr0.0003_hd128_wd0.01_cosine,"lr0.0003,wd0.01",-2.800424265387355,2.9652983905634175e-05
[32],6,"lr=1e-04, wd=0.01",5,layer4_lr0.001_hd128_wd0.0_cosine,"lr0.001,wd0.0",-2.146394638505312,0.0010296618286723177
[32],6,"lr=1e-04, wd=0.01",5,layer4_lr0.001_hd128_wd0.01_cosine,"lr0.001,wd0.01",-2.0338075271270575,0.00010905153278736227
[32],6,"lr=1e-04, wd=0.01",5,layer4_lr0.003_hd128_wd0.0_cosine,"lr0.003,wd0.0",-1.8972058842366657,0.000884713095827396
[32],6,"lr=1e-04, wd=0.01",5,layer4_lr0.003_hd128_wd0.01_cosine,"lr0.003,wd0.01",-1.8273156276178917,0.0003863709755464702
[32],6,"lr=1e-04, wd=0.01",10,layer4_lr1e-05_hd128_wd0.0_cosine,"lr1e-05,wd0.0",-1.624404973456674,0.00045219044864653214
[32],6,"lr=1e-04, wd=0.01",10,layer4_lr1e-05_hd128_wd0.01_cosine,"lr1e-05,wd0.01",-2.579127576712902,0.00023135761726258413
[32],6,"lr=1e-04, wd=0.01",10,layer4_lr3e-05_hd128_wd0.0_cosine,"lr3e-05,wd0.0",-2.6238160321309683,0.000244618180670384
[32],6,"lr=1e-04, wd=0.01",10,layer4_lr3e-05_hd128_wd0.01_cosine,"lr3e-05,wd0.01",-3.739404794872941,2.370878791273798e-05
[32],6,"lr=1e-04, wd=0.01",10,layer4_lr0.0001_hd128_wd0.0_cosine,"lr0.0001,wd0.0",-2.8484469053473527,7.372361937242257e-05
[32],6,"lr=1e-04, wd=0.01",10,layer4_lr0.0001_hd128_wd0.01_cosine,"lr0.0001,wd0.01",-3.4629836681387776,1.4234570816641113e-05
[32],6,"lr=1e-04, wd=0.01",10,layer4_lr0.0003_hd128_wd0.0_cosine,"lr0.0003,wd0.0",-2.473222462891213,0.000893030504414822
[32],6,"lr=1e-04, wd=0.01",10,layer4_lr0.0003_hd128_wd0.01_cosine,"lr0.0003,wd0.01",-3.1605689161844466,1.0340353858503286e-05
[32],6,"lr=1e-04, wd=0.01",10,layer4_lr0.001_hd128_wd0.0_cosine,"lr0.001,wd0.0",-2.4223610144023593,0.0009479347963787511
[32],6,"lr=1e-04, wd=0.01",10,layer4_lr0.001_hd128_wd0.01_cosine,"lr0.001,wd0.01",-2.8205271823233433,5.9271508585583074e-05
[32],6,"lr=1e-04, wd=0.01",10,layer4_lr0.003_hd128_wd0.0_cosine,"lr0.003,wd0.0",-2.663147597065891,0.00034096507242974616
[32],6,"lr=1e-04, wd=0.01",10,layer4_lr0.003_hd128_wd0.01_cosine,"lr0.003,wd0.01",-2.6298763004174246,0.00011027050996557254
[32],6,"lr=1e-04, wd=0.01",20,layer4_lr1e-05_hd128_wd0.0_cosine,"lr1e-05,wd0.0",-3.2583273614866677,0.00010166223844629976
[32],6,"lr=1e-04, wd=0.01",20,layer4_lr1e-05_hd128_wd0.01_cosine,"lr1e-05,wd0.01",-3.7725222203636646,2.65626777662159e-05
[32],6,"lr=1e-04, wd=0.01",20,layer4_lr3e-05_hd128_wd0.0_cosine,"lr3e-05,wd0.0",-3.391835220301858,3.9364294250199325e-05
[32],6,"lr=1e-04, wd=0.01",20,layer4_lr3e-05_hd128_wd0.01_cosine,"lr3e-05,wd0.01",-3.9032697705959367,1.7996458438824034e-05
[32],6,"lr=1e-04, wd=0.01",20,layer4_lr0.0001_hd128_wd0.0_cosine,"lr0.0001,wd0.0",-2.9138966067435574,0.00024515531166304194
[32],6,"lr=1e-04, wd=0.01",20,layer4_lr0.0001_hd128_wd0.01_cosine,"lr0.0001,wd0.01",-3.7378694232822034,2.1616942787191727e-06
[32],6,"lr=1e-04, wd=0.01",20,layer4_lr0.0003_hd128_wd0.0_cosine,"lr0.0003,wd0.0",-1.957792201982557,0.0010235216438116868
[32],6,"lr=1e-04, wd=0.01",20,layer4_lr0.0003_hd128_wd0.01_cosine,"lr0.0003,wd0.01",-3.4741770054818493,1.2117932648215882e-05
[32],6,"lr=1e-04, wd=0.01",20,layer4_lr0.001_hd128_wd0.0_cosine,"lr0.001,wd0.0",-2.038295558783876,0.0009730508811983099
[32],6,"lr=1e-04, wd=0.01",20,layer4_lr0.001_hd128_wd0.01_cosine,"lr0.001,wd0.01",-3.280824143518945,4.311905733289576e-05
[32],6,"lr=1e-04, wd=0.01",20,layer4_lr0.003_hd128_wd0.0_cosine,"lr0.003,wd0.0",-2.650259684406174,0.0004888260370069738
[32],6,"lr=1e-04, wd=0.01",20,layer4_lr0.003_hd128_wd0.01_cosine,"lr0.003,wd0.01",-2.9581746233172184,0.0003462977579154285
[32],6,"lr=1e-04, wd=0.01",50,layer4_lr1e-05_hd128_wd0.0_cosine,"lr1e-05,wd0.0",-4.098002454820923,3.4257548379256493e-06
[32],6,"lr=1e-04, wd=0.01",50,layer4_lr1e-05_hd128_wd0.01_cosine,"lr1e-05,wd0.01",-4.195486381601426,5.570358559936716e-07
[32],6,"lr=1e-04, wd=0.01",50,layer4_lr3e-05_hd128_wd0.0_cosine,"lr3e-05,wd0.0",-3.9858671397064342,6.020273312249336e-07
[32],6,"lr=1e-04, wd=0.01",50,layer4_lr3e-05_hd128_wd0.01_cosine,"lr3e-05,wd0.01",-4.155439524162052,2.588710560536796e-06
[32],6,"lr=1e-04, wd=0.01",50,layer4_lr0.0001_hd128_wd0.0_cosine,"lr0.0001,wd0.0",-3.112658896028528,0.00010901480597914583
[32],6,"lr=1e-04, wd=0.01",50,layer4_lr0.0001_hd128_wd0.01_cosine,"lr0.0001,wd0.01",-4.117883310958681,3.5294401456504513e-06
[32],6,"lr=1e-04, wd=0.01",50,layer4_lr0.0003_hd128_wd0.0_cosine,"lr0.0003,wd0.0",-2.384670170131971,6.903364485002284e-05
[32],6,"lr=1e-04, wd=0.01",50,layer4_lr0.0003_hd128_wd0.01_cosine,"lr0.0003,wd0.01",-4.0706715202959165,5.93593284274939e-06
[32],6,"lr=1e-04, wd=0.01",50,layer4_lr0.001_hd128_wd0.0_cosine,"lr0.001,wd0.0",-2.12439024166965,0.00015910314675448789
[32],6,"lr=1e-04, wd=0.01",50,layer4_lr0.001_hd128_wd0.01_cosine,"lr0.001,wd0.01",-2.7766068108599002,0.0001229866138384722
[32],6,"lr=1e-04, wd=0.01",50,layer4_lr0.003_hd128_wd0.0_cosine,"lr0.003,wd0.0",-3.095014881107403,0.00019161548624864182
[32],6,"lr=1e-04, wd=0.01",50,layer4_lr0.003_hd128_wd0.01_cosine,"lr0.003,wd0.01",-0.9703847413107138,0.0003194622793765834
[32],6,"lr=1e-04, wd=0.01",90,layer4_lr1e-05_hd128_wd0.0_cosine,"lr1e-05,wd0.0",-4.187523187768068,7.767658136783622e-07
[32],6,"lr=1e-04, wd=0.01",90,layer4_lr1e-05_hd128_wd0.01_cosine,"lr1e-05,wd0.01",-4.2302381793551245,3.157410367240228e-07
[32],6,"lr=1e-04, wd=0.01",90,layer4_lr3e-05_hd128_wd0.0_cosine,"lr3e-05,wd0.0",-4.163931574244851,4.839361798958008e-07
[32],6,"lr=1e-04, wd=0.01",90,layer4_lr3e-05_hd128_wd0.01_cosine,"lr3e-05,wd0.01",-4.197110900437537,7.364754510941052e-07
[32],6,"lr=1e-04, wd=0.01",90,layer4_lr0.0001_hd128_wd0.0_cosine,"lr0.0001,wd0.0",-3.4111392547464123,1.0122116379083228e-06
[32],6,"lr=1e-04, wd=0.01",90,layer4_lr0.0001_hd128_wd0.01_cosine,"lr0.0001,wd0.01",-4.206040860498647,3.9449190924312056e-07
[32],6,"lr=1e-04, wd=0.01",90,layer4_lr0.0003_hd128_wd0.0_cosine,"lr0.0003,wd0.0",-3.4214810135820293,6.6259349935665665e-06
[32],6,"lr=1e-04, wd=0.01",90,layer4_lr0.0003_hd128_wd0.01_cosine,"lr0.0003,wd0.01",-4.1142286223131155,6.5260642189647295e-06
[32],6,"lr=1e-04, wd=0.01",90,layer4_lr0.001_hd128_wd0.0_cosine,"lr0.001,wd0.0",-3.2949626926390008,4.9527869244674736e-05
[32],6,"lr=1e-04, wd=0.01",90,layer4_lr0.001_hd128_wd0.01_cosine,"lr0.001,wd0.01",-3.779985804100902,2.9421436056536452e-05
[32],6,"lr=1e-04, wd=0.01",90,layer4_lr0.003_hd128_wd0.0_cosine,"lr0.003,wd0.0",-3.053889634691622,1.4697879566075156e-05
[32],6,"lr=1e-04, wd=0.01",90,layer4_lr0.003_hd128_wd0.01_cosine,"lr0.003,wd0.01",-3.0093864865419357,0.00011796115560677558
[32],7,"lr=3e-04, wd=0.0",0,layer4_lr1e-05_hd128_wd0.0_cosine,"lr1e-05,wd0.0",-0.976166468707764,0.00044122366300433294
[32],7,"lr=3e-04, wd=0.0",0,layer4_lr1e-05_hd128_wd0.01_cosine,"lr1e-05,wd0.01",-0.9416946753936543,0.0007919865928453551
[32],7,"lr=3e-04, wd=0.0",0,layer4_lr3e-05_hd128_wd0.0_cosine,"lr3e-05,wd0.0",-1.05129238388649,0.0003601108195887016
[32],7,"lr=3e-04, wd=0.0",0,layer4_lr3e-05_hd128_wd0.01_cosine,"lr3e-05,wd0.01",-1.0248801668902685,0.00010998519958359048
[32],7,"lr=3e-04, wd=0.0",0,layer4_lr0.0001_hd128_wd0.0_cosine,"lr0.0001,wd0.0",-1.1356821858385413,0.00033863368820328643
[32],7,"lr=3e-04, wd=0.0",0,layer4_lr0.0001_hd128_wd0.01_cosine,"lr0.0001,wd0.01",-1.0984635450084272,5.033740752845393e-05
[32],7,"lr=3e-04, wd=0.0",0,layer4_lr0.0003_hd128_wd0.0_cosine,"lr0.0003,wd0.0",-1.180785765373425,0.00024239414158788367
[32],7,"lr=3e-04, wd=0.0",0,layer4_lr0.0003_hd128_wd0.01_cosine,"lr0.0003,wd0.01",-1.1353652997409474,5.3166688218186445e-05
[32],7,"lr=3e-04, wd=0.0",0,layer4_lr0.001_hd128_wd0.0_cosine,"lr0.001,wd0.0",-1.1453862251805147,0.00024971512387959833
[32],7,"lr=3e-04, wd=0.0",0,layer4_lr0.001_hd128_wd0.01_cosine,"lr0.001,wd0.01",-1.1149355635044866,0.00013236852592052062
[32],7,"lr=3e-04, wd=0.0",0,layer4_lr0.003_hd128_wd0.0_cosine,"lr0.003,wd0.0",-1.0842831560458501,8.80905157880913e-05
[32],7,"lr=3e-04, wd=0.0",0,layer4_lr0.003_hd128_wd0.01_cosine,"lr0.003,wd0.01",-1.0499127543375366,0.0006289930057272326
[32],7,"lr=3e-04, wd=0.0",5,layer4_lr1e-05_hd128_wd0.0_cosine,"lr1e-05,wd0.0",-2.2927168805303038,0.0006647231200042602
[32],7,"lr=3e-04, wd=0.0",5,layer4_lr1e-05_hd128_wd0.01_cosine,"lr1e-05,wd0.01",-2.5428286920833227,0.00018839511954249575
[32],7,"lr=3e-04, wd=0.0",5,layer4_lr3e-05_hd128_wd0.0_cosine,"lr3e-05,wd0.0",-2.3506453062053656,0.0004991405592849982
[32],7,"lr=3e-04, wd=0.0",5,layer4_lr3e-05_hd128_wd0.01_cosine,"lr3e-05,wd0.01",-3.034470082397581,9.663459590952903e-05
[32],7,"lr=3e-04, wd=0.0",5,layer4_lr0.0001_hd128_wd0.0_cosine,"lr0.0001,wd0.0",-2.6880747117296018,0.0001525332184016747
[32],7,"lr=3e-04, wd=0.0",5,layer4_lr0.0001_hd128_wd0.01_cosine,"lr0.0001,wd0.01",-3.4867717407796155,5.857911577129501e-05
[32],7,"lr=3e-04, wd=0.0",5,layer4_lr0.0003_hd128_wd0.0_cosine,"lr0.0003,wd0.0",-2.613945650629062,0.00034673853461123053
[32],7,"lr=3e-04, wd=0.0",5,layer4_lr0.0003_hd128_wd0.01_cosine,"lr0.0003,wd0.01",-3.5298870597499485,4.511846896142999e-05
[32],7,"lr=3e-04, wd=0.0",5,layer4_lr0.001_hd128_wd0.0_cosine,"lr0.001,wd0.0",-2.543762456598157,0.0005880742227219475
[32],7,"lr=3e-04, wd=0.0",5,layer4_lr0.001_hd128_wd0.01_cosine,"lr0.001,wd0.01",-3.174012501002312,6.816997725416735e-05
[32],7,"lr=3e-04, wd=0.0",5,layer4_lr0.003_hd128_wd0.0_cosine,"lr0.003,wd0.0",-2.7641961351423907,0.0002628962316114016
[32],7,"lr=3e-04, wd=0.0",5,layer4_lr0.003_hd128_wd0.01_cosine,"lr0.003,wd0.01",-2.2507383592336168,0.0005404590118240266
[32],7,"lr=3e-04, wd=0.0",10,layer4_lr1e-05_hd128_wd0.0_cosine,"lr1e-05,wd0.0",-2.155810426069484,0.0005357091938376444
[32],7,"lr=3e-04, wd=0.0",10,layer4_lr1e-05_hd128_wd0.01_cosine,"lr1e-05,wd0.01",-2.601923296469469,0.00030216045775688187
[32],7,"lr=3e-04, wd=0.0",10,layer4_lr3e-05_hd128_wd0.0_cosine,"lr3e-05,wd0.0",-1.4016126678219012,0.00041335004417954576
[32],7,"lr=3e-04, wd=0.0",10,layer4_lr3e-05_hd128_wd0.01_cosine,"lr3e-05,wd0.01",-3.505111847839341,5.726795475147547e-05
[32],7,"lr=3e-04, wd=0.0",10,layer4_lr0.0001_hd128_wd0.0_cosine,"lr0.0001,wd0.0",-3.290306556477563,3.308489193354377e-05
[32],7,"lr=3e-04, wd=0.0",10,layer4_lr0.0001_hd128_wd0.01_cosine,"lr0.0001,wd0.01",-3.495561976479074,5.78650799772849e-05
[32],7,"lr=3e-04, wd=0.0",10,layer4_lr0.0003_hd128_wd0.0_cosine,"lr0.0003,wd0.0",-2.681332749460815,0.0005827344799367659
[32],7,"lr=3e-04, wd=0.0",10,layer4_lr0.0003_hd128_wd0.01_cosine,"lr0.0003,wd0.01",-3.5721197550271175,5.3876405904582614e-05
[32],7,"lr=3e-04, wd=0.0",10,layer4_lr0.001_hd128_wd0.0_cosine,"lr0.001,wd0.0",-2.6845269277891477,0.0006679078751113132
[32],7,"lr=3e-04, wd=0.0",10,layer4_lr0.001_hd128_wd0.01_cosine,"lr0.001,wd0.01",-3.434325287168699,7.277755676583316e-05
[32],7,"lr=3e-04, wd=0.0",10,layer4_lr0.003_hd128_wd0.0_cosine,"lr0.003,wd0.0",-3.1418378631084773,0.00020315174672036674
[32],7,"lr=3e-04, wd=0.0",10,layer4_lr0.003_hd128_wd0.01_cosine,"lr0.003,wd0.01",-3.1098653194559445,0.00011000295776620651
[32],7,"lr=3e-04, wd=0.0",20,layer4_lr1e-05_hd128_wd0.0_cosine,"lr1e-05,wd0.0",-3.414349608757408,5.640303136385378e-05
[32],7,"lr=3e-04, wd=0.0",20,layer4_lr1e-05_hd128_wd0.01_cosine,"lr1e-05,wd0.01",-3.477238445641708,6.594918015341887e-06
[32],7,"lr=3e-04, wd=0.0",20,layer4_lr3e-05_hd128_wd0.0_cosine,"lr3e-05,wd0.0",-3.035496953885243,0.00013769045994342866
[32],7,"lr=3e-04, wd=0.0",20,layer4_lr3e-05_hd128_wd0.01_cosine,"lr3e-05,wd0.01",-3.555583887839034,5.2318950985812657e-05
[32],7,"lr=3e-04, wd=0.0",20,layer4_lr0.0001_hd128_wd0.0_cosine,"lr0.0001,wd0.0",-3.1690981371042026,7.917448829822866e-05
[32],7,"lr=3e-04, wd=0.0",20,layer4_lr0.0001_hd128_wd0.01_cosine,"lr0.0001,wd0.01",-3.589458976911102,4.642170047180024e-05
[32],7,"lr=3e-04, wd=0.0",20,layer4_lr0.0003_hd128_wd0.0_cosine,"lr0.0003,wd0.0",-2.1723687986205196,0.0007545451077651702
[32],7,"lr=3e-04, wd=0.0",20,layer4_lr0.0003_hd128_wd0.01_cosine,"lr0.0003,wd0.01",-3.2368261173010313,7.837245546357204e-05
[32],7,"lr=3e-04, wd=0.0",20,layer4_lr0.001_hd128_wd0.0_cosine,"lr0.001,wd0.0",-1.6868396176165845,0.0007689438324094263
[32],7,"lr=3e-04, wd=0.0",20,layer4_lr0.001_hd128_wd0.01_cosine,"lr0.001,wd0.01",-3.247129857038044,8.875471859811324e-05
[32],7,"lr=3e-04, wd=0.0",20,layer4_lr0.003_hd128_wd0.0_cosine,"lr0.003,wd0.0",-2.2266154660537496,0.0003025086614815899
[32],7,"lr=3e-04, wd=0.0",20,layer4_lr0.003_hd128_wd0.01_cosine,"lr0.003,wd0.01",-2.937803470868198,0.0002709681025303432
[32],7,"lr=3e-04, wd=0.0",50,layer4_lr1e-05_hd128_wd0.0_cosine,"lr1e-05,wd0.0",-4.029783847850531,1.7488335833696266e-06
[32],7,"lr=3e-04, wd=0.0",50,layer4_lr1e-05_hd128_wd0.01_cosine,"lr1e-05,wd0.01",-4.121011724558664,1.5919045875521943e-06
[32],7,"lr=3e-04, wd=0.0",50,layer4_lr3e-05_hd128_wd0.0_cosine,"lr3e-05,wd0.0",-3.9414855299874585,8.294660610143226e-07
[32],7,"lr=3e-04, wd=0.0",50,layer4_lr3e-05_hd128_wd0.01_cosine,"lr3e-05,wd0.01",-4.114500562194705,3.962109098338447e-06
[32],7,"lr=3e-04, wd=0.0",50,layer4_lr0.0001_hd128_wd0.0_cosine,"lr0.0001,wd0.0",-3.330584767875683,7.454000916020515e-05
[32],7,"lr=3e-04, wd=0.0",50,layer4_lr0.0001_hd128_wd0.01_cosine,"lr0.0001,wd0.01",-3.9388773472635763,1.8508976083349905e-05
[32],7,"lr=3e-04, wd=0.0",50,layer4_lr0.0003_hd128_wd0.0_cosine,"lr0.0003,wd0.0",-2.6457043598576298,0.00015848036265935728
[32],7,"lr=3e-04, wd=0.0",50,layer4_lr0.0003_hd128_wd0.01_cosine,"lr0.0003,wd0.01",-3.7209151658012667,3.517171218221796e-05
[32],7,"lr=3e-04, wd=0.0",50,layer4_lr0.001_hd128_wd0.0_cosine,"lr0.001,wd0.0",-2.4430327953351134,1.8787478375970247e-05
[32],7,"lr=3e-04, wd=0.0",50,layer4_lr0.001_hd128_wd0.01_cosine,"lr0.001,wd0.01",-2.0345365393771453,0.00016111701924932537
[32],7,"lr=3e-04, wd=0.0",50,layer4_lr0.003_hd128_wd0.0_cosine,"lr0.003,wd0.0",-2.4228181939245004,0.000178510250911286
[32],7,"lr=3e-04, wd=0.0",50,layer4_lr0.003_hd128_wd0.01_cosine,"lr0.003,wd0.01",-1.2353308116889306,0.0002965683398231181
[32],7,"lr=3e-04, wd=0.0",90,layer4_lr1e-05_hd128_wd0.0_cosine,"lr1e-05,wd0.0",-4.166777029421942,1.6102362157942465e-06
[32],7,"lr=3e-04, wd=0.0",90,layer4_lr1e-05_hd128_wd0.01_cosine,"lr1e-05,wd0.01",-4.221622233953473,3.876176574526429e-07
[32],7,"lr=3e-04, wd=0.0",90,layer4_lr3e-05_hd128_wd0.0_cosine,"lr3e-05,wd0.0",-4.164460934096847,3.3549220629532323e-07
[32],7,"lr=3e-04, wd=0.0",90,layer4_lr3e-05_hd128_wd0.01_cosine,"lr3e-05,wd0.01",-4.185554814647067,1.3994789270251825e-06
[32],7,"lr=3e-04, wd=0.0",90,layer4_lr0.0001_hd128_wd0.0_cosine,"lr0.0001,wd0.0",-3.9404615811438948,6.017754590840315e-06
[32],7,"lr=3e-04, wd=0.0",90,layer4_lr0.0001_hd128_wd0.01_cosine,"lr0.0001,wd0.01",-4.145767962331507,5.2531505028854384e-06
[32],7,"lr=3e-04, wd=0.0",90,layer4_lr0.0003_hd128_wd0.0_cosine,"lr0.0003,wd0.0",-3.5678123558375274,7.061089217981846e-06
[32],7,"lr=3e-04, wd=0.0",90,layer4_lr0.0003_hd128_wd0.01_cosine,"lr0.0003,wd0.01",-3.9316975691290637,2.001005244665986e-05
[32],7,"lr=3e-04, wd=0.0",90,layer4_lr0.001_hd128_wd0.0_cosine,"lr0.001,wd0.0",-3.3745778807357873,3.9991470236169194e-05
[32],7,"lr=3e-04, wd=0.0",90,layer4_lr0.001_hd128_wd0.01_cosine,"lr0.001,wd0.01",-3.6644973278338884,3.981621930283723e-05
[32],7,"lr=3e-04, wd=0.0",90,layer4_lr0.003_hd128_wd0.0_cosine,"lr0.003,wd0.0",-3.4213951556346247,3.594176985008579e-05
[32],7,"lr=3e-04, wd=0.0",90,layer4_lr0.003_hd128_wd0.01_cosine,"lr0.003,wd0.01",-3.489146336127941,6.0676052555904405e-05
[32],8,"lr=3e-04, wd=0.01",0,layer4_lr1e-05_hd128_wd0.0_cosine,"lr1e-05,wd0.0",-0.9121183025978263,0.0003320887691348786
[32],8,"lr=3e-04, wd=0.01",0,layer4_lr1e-05_hd128_wd0.01_cosine,"lr1e-05,wd0.01",-0.9054024981512641,0.0004743396652806874
[32],8,"lr=3e-04, wd=0.01",0,layer4_lr3e-05_hd128_wd0.0_cosine,"lr3e-05,wd0.0",-0.9672971849356656,0.0006200765520886744
[32],8,"lr=3e-04, wd=0.01",0,layer4_lr3e-05_hd128_wd0.01_cosine,"lr3e-05,wd0.01",-0.9836315609559123,6.768858720669072e-05
[32],8,"lr=3e-04, wd=0.01",0,layer4_lr0.0001_hd128_wd0.0_cosine,"lr0.0001,wd0.0",-1.0137547750091176,0.0007415515216360119
[32],8,"lr=3e-04, wd=0.01",0,layer4_lr0.0001_hd128_wd0.01_cosine,"lr0.0001,wd0.01",-1.0413540920385749,0.00018758878024431263
[32],8,"lr=3e-04, wd=0.01",0,layer4_lr0.0003_hd128_wd0.0_cosine,"lr0.0003,wd0.0",-1.0434269671723908,0.0005413345610181828
[32],8,"lr=3e-04, wd=0.01",0,layer4_lr0.0003_hd128_wd0.01_cosine,"lr0.0003,wd0.01",-1.0692503453232378,0.00017159960092754417
[32],8,"lr=3e-04, wd=0.01",0,layer4_lr0.001_hd128_wd0.0_cosine,"lr0.001,wd0.0",-1.0304572085668624,0.0004707118352983646
[32],8,"lr=3e-04, wd=0.01",0,layer4_lr0.001_hd128_wd0.01_cosine,"lr0.001,wd0.01",-1.0499958966446425,5.9085081829616055e-05
[32],8,"lr=3e-04, wd=0.01",0,layer4_lr0.003_hd128_wd0.0_cosine,"lr0.003,wd0.0",-0.9960706578799545,0.000204940292884042
[32],8,"lr=3e-04, wd=0.01",0,layer4_lr0.003_hd128_wd0.01_cosine,"lr0.003,wd0.01",-1.000439338379171,0.00028092932910843063
[32],8,"lr=3e-04, wd=0.01",5,layer4_lr1e-05_hd128_wd0.0_cosine,"lr1e-05,wd0.0",-2.2736027166605646,0.00048563482665603007
[32],8,"lr=3e-04, wd=0.01",5,layer4_lr1e-05_hd128_wd0.01_cosine,"lr1e-05,wd0.01",-2.434938338930313,0.00011314562393944392
[32],8,"lr=3e-04, wd=0.01",5,layer4_lr3e-05_hd128_wd0.0_cosine,"lr3e-05,wd0.0",-2.1412563304658336,0.0006778322166400883
[32],8,"lr=3e-04, wd=0.01",5,layer4_lr3e-05_hd128_wd0.01_cosine,"lr3e-05,wd0.01",-2.857316493557289,0.00014851754476518595
[32],8,"lr=3e-04, wd=0.01",5,layer4_lr0.0001_hd128_wd0.0_cosine,"lr0.0001,wd0.0",-2.5312999042860547,9.433898760823348e-05
[32],8,"lr=3e-04, wd=0.01",5,layer4_lr0.0001_hd128_wd0.01_cosine,"lr0.0001,wd0.01",-3.1471750956792057,0.00010372574236941425
[32],8,"lr=3e-04, wd=0.01",5,layer4_lr0.0003_hd128_wd0.0_cosine,"lr0.0003,wd0.0",-2.257604072114912,0.0005971098824205242
[32],8,"lr=3e-04, wd=0.01",5,layer4_lr0.0003_hd128_wd0.01_cosine,"lr0.0003,wd0.01",-3.3134229289160015,4.101623476571426e-05
[32],8,"lr=3e-04, wd=0.01",5,layer4_lr0.001_hd128_wd0.0_cosine,"lr0.001,wd0.0",-2.2575434170117474,0.0008637368022976848
[32],8,"lr=3e-04, wd=0.01",5,layer4_lr0.001_hd128_wd0.01_cosine,"lr0.001,wd0.01",-3.203201115232314,4.043449503627886e-05
[32],8,"lr=3e-04, wd=0.01",5,layer4_lr0.003_hd128_wd0.0_cosine,"lr0.003,wd0.0",-2.269179716581242,0.0005558516531332967
[32],8,"lr=3e-04, wd=0.01",5,layer4_lr0.003_hd128_wd0.01_cosine,"lr0.003,wd0.01",-2.2912750300169935,0.000354564325656588
[32],8,"lr=3e-04, wd=0.01",10,layer4_lr1e-05_hd128_wd0.0_cosine,"lr1e-05,wd0.0",-2.556962775415389,0.0003603034004751626
[32],8,"lr=3e-04, wd=0.01",10,layer4_lr1e-05_hd128_wd0.01_cosine,"lr1e-05,wd0.01",-2.8046040632704408,0.0001879335524041903
[32],8,"lr=3e-04, wd=0.01",10,layer4_lr3e-05_hd128_wd0.0_cosine,"lr3e-05,wd0.0",-2.621626569021513,0.00028375747531755825
[32],8,"lr=3e-04, wd=0.01",10,layer4_lr3e-05_hd128_wd0.01_cosine,"lr3e-05,wd0.01",-3.5046185280802318,3.615477557613486e-05
[32],8,"lr=3e-04, wd=0.01",10,layer4_lr0.0001_hd128_wd0.0_cosine,"lr0.0001,wd0.0",-2.6083441776058294,0.00010879343599159068
[32],8,"lr=3e-04, wd=0.01",10,layer4_lr0.0001_hd128_wd0.01_cosine,"lr0.0001,wd0.01",-3.686309898163664,1.998435066894267e-05
[32],8,"lr=3e-04, wd=0.01",10,layer4_lr0.0003_hd128_wd0.0_cosine,"lr0.0003,wd0.0",-2.4316991982218292,0.0008916384606266094
[32],8,"lr=3e-04, wd=0.01",10,layer4_lr0.0003_hd128_wd0.01_cosine,"lr0.0003,wd0.01",-3.747824074470068,1.8004940142736345e-05
[32],8,"lr=3e-04, wd=0.01",10,layer4_lr0.001_hd128_wd0.0_cosine,"lr0.001,wd0.0",-2.4806495745616943,0.000879291280657272
[32],8,"lr=3e-04, wd=0.01",10,layer4_lr0.001_hd128_wd0.01_cosine,"lr0.001,wd0.01",-3.6044280699570046,5.156181280261338e-05
[32],8,"lr=3e-04, wd=0.01",10,layer4_lr0.003_hd128_wd0.0_cosine,"lr0.003,wd0.0",-2.866558336419272,0.0003193050004601765
[32],8,"lr=3e-04, wd=0.01",10,layer4_lr0.003_hd128_wd0.01_cosine,"lr0.003,wd0.01",-3.2763240288742175,0.00011174000203962624
[32],8,"lr=3e-04, wd=0.01",20,layer4_lr1e-05_hd128_wd0.0_cosine,"lr1e-05,wd0.0",-3.334251512766547,1.1479056952971474e-05
[32],8,"lr=3e-04, wd=0.01",20,layer4_lr1e-05_hd128_wd0.01_cosine,"lr1e-05,wd0.01",-3.3779319566915333,3.118239738199564e-06
[32],8,"lr=3e-04, wd=0.01",20,layer4_lr3e-05_hd128_wd0.0_cosine,"lr3e-05,wd0.0",-3.2425848002813584,1.3813450743748413e-05
[32],8,"lr=3e-04, wd=0.01",20,layer4_lr3e-05_hd128_wd0.01_cosine,"lr3e-05,wd0.01",-3.8522533870943785,1.4451945666449158e-05
[32],8,"lr=3e-04, wd=0.01",20,layer4_lr0.0001_hd128_wd0.0_cosine,"lr0.0001,wd0.0",-2.7095606504730942,0.00030954851785330254
[32],8,"lr=3e-04, wd=0.01",20,layer4_lr0.0001_hd128_wd0.01_cosine,"lr0.0001,wd0.01",-3.8602506715252694,9.799860509304834e-07
[32],8,"lr=3e-04, wd=0.01",20,layer4_lr0.0003_hd128_wd0.0_cosine,"lr0.0003,wd0.0",-2.110899491855987,0.000996241761186569
[32],8,"lr=3e-04, wd=0.01",20,layer4_lr0.0003_hd128_wd0.01_cosine,"lr0.0003,wd0.01",-3.8358236066864357,1.9951610113160774e-05
[32],8,"lr=3e-04, wd=0.01",20,layer4_lr0.001_hd128_wd0.0_cosine,"lr0.001,wd0.0",-2.127263925540316,0.000912410355700615
[32],8,"lr=3e-04, wd=0.01",20,layer4_lr0.001_hd128_wd0.01_cosine,"lr0.001,wd0.01",-3.4719096923666877,6.323004104429245e-05
[32],8,"lr=3e-04, wd=0.01",20,layer4_lr0.003_hd128_wd0.0_cosine,"lr0.003,wd0.0",-2.709604397769508,0.00045049830047637617
[32],8,"lr=3e-04, wd=0.01",20,layer4_lr0.003_hd128_wd0.01_cosine,"lr0.003,wd0.01",-2.4374477436353033,0.00023603589038499623
[32],8,"lr=3e-04, wd=0.01",50,layer4_lr1e-05_hd128_wd0.0_cosine,"lr1e-05,wd0.0",-4.059490099704539,3.058699357332194e-06
[32],8,"lr=3e-04, wd=0.01",50,layer4_lr1e-05_hd128_wd0.01_cosine,"lr1e-05,wd0.01",-4.120421738991507,3.5971248314355424e-06
[32],8,"lr=3e-04, wd=0.01",50,layer4_lr3e-05_hd128_wd0.0_cosine,"lr3e-05,wd0.0",-3.9213948606412727,3.4170028710961852e-06
[32],8,"lr=3e-04, wd=0.01",50,layer4_lr3e-05_hd128_wd0.01_cosine,"lr3e-05,wd0.01",-4.1616846554115225,6.816477498496816e-07
[32],8,"lr=3e-04, wd=0.01",50,layer4_lr0.0001_hd128_wd0.0_cosine,"lr0.0001,wd0.0",-3.1587937651945874,0.00010691646130108054
[32],8,"lr=3e-04, wd=0.01",50,layer4_lr0.0001_hd128_wd0.01_cosine,"lr0.0001,wd0.01",-4.14507324085811,2.6136356994635043e-06
[32],8,"lr=3e-04, wd=0.01",50,layer4_lr0.0003_hd128_wd0.0_cosine,"lr0.0003,wd0.0",-2.522777496890127,0.00010782584087371162
[32],8,"lr=3e-04, wd=0.01",50,layer4_lr0.0003_hd128_wd0.01_cosine,"lr0.0003,wd0.01",-4.065477783034277,8.777190066101434e-06
[32],8,"lr=3e-04, wd=0.01",50,layer4_lr0.001_hd128_wd0.0_cosine,"lr0.001,wd0.0",-2.3266148303472267,6.204184452393832e-06
[32],8,"lr=3e-04, wd=0.01",50,layer4_lr0.001_hd128_wd0.01_cosine,"lr0.001,wd0.01",-2.3477880740871853,0.0001337531373610223
[32],8,"lr=3e-04, wd=0.01",50,layer4_lr0.003_hd128_wd0.0_cosine,"lr0.003,wd0.0",-2.7222947532766697,0.00020320802732521433
[32],8,"lr=3e-04, wd=0.01",50,layer4_lr0.003_hd128_wd0.01_cosine,"lr0.003,wd0.01",-0.5884605776261286,0.00029878914157974835
[32],8,"lr=3e-04, wd=0.01",90,layer4_lr1e-05_hd128_wd0.0_cosine,"lr1e-05,wd0.0",-4.162582871333793,2.5060155867172275e-06
[32],8,"lr=3e-04, wd=0.01",90,layer4_lr1e-05_hd128_wd0.01_cosine,"lr1e-05,wd0.01",-4.22229708832772,6.759602572281773e-07
[32],8,"lr=3e-04, wd=0.01",90,layer4_lr3e-05_hd128_wd0.0_cosine,"lr3e-05,wd0.0",-4.166028100062628,8.690455170213517e-07
[32],8,"lr=3e-04, wd=0.01",90,layer4_lr3e-05_hd128_wd0.01_cosine,"lr3e-05,wd0.01",-4.200641208492004,2.5516989695889833e-07
[32],8,"lr=3e-04, wd=0.01",90,layer4_lr0.0001_hd128_wd0.0_cosine,"lr0.0001,wd0.0",-3.5276296780295224,1.199045620272367e-06
[32],8,"lr=3e-04, wd=0.01",90,layer4_lr0.0001_hd128_wd0.01_cosine,"lr0.0001,wd0.01",-4.210602745265077,8.20041973457773e-07
[32],8,"lr=3e-04, wd=0.01",90,layer4_lr0.0003_hd128_wd0.0_cosine,"lr0.0003,wd0.0",-3.356265778038404,4.032311924747372e-06
[32],8,"lr=3e-04, wd=0.01",90,layer4_lr0.0003_hd128_wd0.01_cosine,"lr0.0003,wd0.01",-4.101729886358806,8.27642183345902e-06
[32],8,"lr=3e-04, wd=0.01",90,layer4_lr0.001_hd128_wd0.0_cosine,"lr0.001,wd0.0",-3.2452827991531907,3.462304727168232e-05
[32],8,"lr=3e-04, wd=0.01",90,layer4_lr0.001_hd128_wd0.01_cosine,"lr0.001,wd0.01",-3.605963421744737,4.411694640303164e-05
[32],8,"lr=3e-04, wd=0.01",90,layer4_lr0.003_hd128_wd0.0_cosine,"lr0.003,wd0.0",-3.1836873550164184,1.5136565198675592e-05
[32],8,"lr=3e-04, wd=0.01",90,layer4_lr0.003_hd128_wd0.01_cosine,"lr0.003,wd0.01",-3.2002018596251016,9.369849344211709e-05
[32],9,"lr=0.001, wd=0.0",0,layer4_lr1e-05_hd128_wd0.0_cosine,"lr1e-05,wd0.0",-0.7802976548313989,0.0007371833977278326
[32],9,"lr=0.001, wd=0.0",0,layer4_lr1e-05_hd128_wd0.01_cosine,"lr1e-05,wd0.01",-0.7495318039877867,0.001294721583770631
[32],9,"lr=0.001, wd=0.0",0,layer4_lr3e-05_hd128_wd0.0_cosine,"lr3e-05,wd0.0",-0.8886708790223145,0.0002862962633023364
[32],9,"lr=0.001, wd=0.0",0,layer4_lr3e-05_hd128_wd0.01_cosine,"lr3e-05,wd0.01",-0.8595412346150393,0.0002754638239750762
[32],9,"lr=0.001, wd=0.0",0,layer4_lr0.0001_hd128_wd0.0_cosine,"lr0.0001,wd0.0",-0.9790720985390772,0.00021783462932186952
[32],9,"lr=0.001, wd=0.0",0,layer4_lr0.0001_hd128_wd0.01_cosine,"lr0.0001,wd0.01",-0.9571631001630401,5.952039794054118e-05
[32],9,"lr=0.001, wd=0.0",0,layer4_lr0.0003_hd128_wd0.0_cosine,"lr0.0003,wd0.0",-1.0540580539902684,0.00017005526549364441
[32],9,"lr=0.001, wd=0.0",0,layer4_lr0.0003_hd128_wd0.01_cosine,"lr0.0003,wd0.01",-1.022983423244444,5.563166841811595e-05
[32],9,"lr=0.001, wd=0.0",0,layer4_lr0.001_hd128_wd0.0_cosine,"lr0.001,wd0.0",-1.1007493452132144,0.00019387749677007667
[32],9,"lr=0.001, wd=0.0",0,layer4_lr0.001_hd128_wd0.01_cosine,"lr0.001,wd0.01",-1.0529621503414957,0.00021073284353498553
[32],9,"lr=0.001, wd=0.0",0,layer4_lr0.003_hd128_wd0.0_cosine,"lr0.003,wd0.0",-1.0736027455209296,7.303314269371436e-05
[32],9,"lr=0.001, wd=0.0",0,layer4_lr0.003_hd128_wd0.01_cosine,"lr0.003,wd0.01",-1.0174568356011355,0.0008163037776932745
[32],9,"lr=0.001, wd=0.0",5,layer4_lr1e-05_hd128_wd0.0_cosine,"lr1e-05,wd0.0",-2.3608800743249527,0.0003584470913238783
[32],9,"lr=0.001, wd=0.0",5,layer4_lr1e-05_hd128_wd0.01_cosine,"lr1e-05,wd0.01",-2.498854520185514,2.6498339708735367e-05
[32],9,"lr=0.001, wd=0.0",5,layer4_lr3e-05_hd128_wd0.0_cosine,"lr3e-05,wd0.0",-2.3745067267233675,0.0005892271895370697
[32],9,"lr=0.001, wd=0.0",5,layer4_lr3e-05_hd128_wd0.01_cosine,"lr3e-05,wd0.01",-2.6442421712380093,0.00018244564745219027
[32],9,"lr=0.001, wd=0.0",5,layer4_lr0.0001_hd128_wd0.0_cosine,"lr0.0001,wd0.0",-2.5256106307553323,0.00017999486893302219
[32],9,"lr=0.001, wd=0.0",5,layer4_lr0.0001_hd128_wd0.01_cosine,"lr0.0001,wd0.01",-3.0592017250663823,0.00010895115092758649
[32],9,"lr=0.001, wd=0.0",5,layer4_lr0.0003_hd128_wd0.0_cosine,"lr0.0003,wd0.0",-2.7399289249285865,0.0002887660747162898
[32],9,"lr=0.001, wd=0.0",5,layer4_lr0.0003_hd128_wd0.01_cosine,"lr0.0003,wd0.01",-3.525018669871946,5.785146713003506e-05
[32],9,"lr=0.001, wd=0.0",5,layer4_lr0.001_hd128_wd0.0_cosine,"lr0.001,wd0.0",-2.684750787696214,0.0005123529737184806
[32],9,"lr=0.001, wd=0.0",5,layer4_lr0.001_hd128_wd0.01_cosine,"lr0.001,wd0.01",-3.1823276447211413,6.93009668763159e-05
[32],9,"lr=0.001, wd=0.0",5,layer4_lr0.003_hd128_wd0.0_cosine,"lr0.003,wd0.0",-3.1757395078036756,0.0001661654161036259
[32],9,"lr=0.001, wd=0.0",5,layer4_lr0.003_hd128_wd0.01_cosine,"lr0.003,wd0.01",-2.419288066242608,0.0005789360904562158
[32],9,"lr=0.001, wd=0.0",10,layer4_lr1e-05_hd128_wd0.0_cosine,"lr1e-05,wd0.0",-2.6561144362293163,0.0002489793849260141
[32],9,"lr=0.001, wd=0.0",10,layer4_lr1e-05_hd128_wd0.01_cosine,"lr1e-05,wd0.01",-2.73753815677689,0.00015265465846192908
[32],9,"lr=0.001, wd=0.0",10,layer4_lr3e-05_hd128_wd0.0_cosine,"lr3e-05,wd0.0",-2.7933585008514643,0.0002883039463808792
[32],9,"lr=0.001, wd=0.0",10,layer4_lr3e-05_hd128_wd0.01_cosine,"lr3e-05,wd0.01",-3.2427632301303313,2.7084089432516446e-05
[32],9,"lr=0.001, wd=0.0",10,layer4_lr0.0001_hd128_wd0.0_cosine,"lr0.0001,wd0.0",-3.1479604691399468,1.861152107276534e-05
[32],9,"lr=0.001, wd=0.0",10,layer4_lr0.0001_hd128_wd0.01_cosine,"lr0.0001,wd0.01",-3.477897217443575,6.455530783343784e-05
[32],9,"lr=0.001, wd=0.0",10,layer4_lr0.0003_hd128_wd0.0_cosine,"lr0.0003,wd0.0",-2.64120559385314,0.0005898544957241759
[32],9,"lr=0.001, wd=0.0",10,layer4_lr0.0003_hd128_wd0.01_cosine,"lr0.0003,wd0.01",-3.5225508388583977,6.007066979339036e-05
[32],9,"lr=0.001, wd=0.0",10,layer4_lr0.001_hd128_wd0.0_cosine,"lr0.001,wd0.0",-2.7151525719719865,0.0005885715988024025
[32],9,"lr=0.001, wd=0.0",10,layer4_lr0.001_hd128_wd0.01_cosine,"lr0.001,wd0.01",-3.435908551582607,7.225537649086778e-05
[32],9,"lr=0.001, wd=0.0",10,layer4_lr0.003_hd128_wd0.0_cosine,"lr0.003,wd0.0",-2.627694894469774,0.00017905105275620677
[32],9,"lr=0.001, wd=0.0",10,layer4_lr0.003_hd128_wd0.01_cosine,"lr0.003,wd0.01",-3.1716105228540648,0.00014103959679403208
[32],9,"lr=0.001, wd=0.0",20,layer4_lr1e-05_hd128_wd0.0_cosine,"lr1e-05,wd0.0",-3.0405401158710026,2.1244553265054734e-06
[32],9,"lr=0.001, wd=0.0",20,layer4_lr1e-05_hd128_wd0.01_cosine,"lr1e-05,wd0.01",-3.0606873953424754,6.991549775288147e-06
[32],9,"lr=0.001, wd=0.0",20,layer4_lr3e-05_hd128_wd0.0_cosine,"lr3e-05,wd0.0",-3.273056450431819,3.692460197831882e-05
[32],9,"lr=0.001, wd=0.0",20,layer4_lr3e-05_hd128_wd0.01_cosine,"lr3e-05,wd0.01",-3.6221897573500925,2.4361421220624145e-05
[32],9,"lr=0.001, wd=0.0",20,layer4_lr0.0001_hd128_wd0.0_cosine,"lr0.0001,wd0.0",-2.942996063122794,0.00012745518937500104
[32],9,"lr=0.001, wd=0.0",20,layer4_lr0.0001_hd128_wd0.01_cosine,"lr0.0001,wd0.01",-3.745694136185203,2.5111965688197082e-05
[32],9,"lr=0.001, wd=0.0",20,layer4_lr0.0003_hd128_wd0.0_cosine,"lr0.0003,wd0.0",-2.4773254182055386,0.0006562417486711049
[32],9,"lr=0.001, wd=0.0",20,layer4_lr0.0003_hd128_wd0.01_cosine,"lr0.0003,wd0.01",-3.3541180591483113,7.168118275084055e-05
[32],9,"lr=0.001, wd=0.0",20,layer4_lr0.001_hd128_wd0.0_cosine,"lr0.001,wd0.0",-2.200506664059242,0.0006739850919967517
[32],9,"lr=0.001, wd=0.0",20,layer4_lr0.001_hd128_wd0.01_cosine,"lr0.001,wd0.01",-3.271900580324965,8.79315747764481e-05
[32],9,"lr=0.001, wd=0.0",20,layer4_lr0.003_hd128_wd0.0_cosine,"lr0.003,wd0.0",-1.9782999975575535,0.0002701869893885263
[32],9,"lr=0.001, wd=0.0",20,layer4_lr0.003_hd128_wd0.01_cosine,"lr0.003,wd0.01",-2.875314754596857,0.0002658169132314706
[32],9,"lr=0.001, wd=0.0",50,layer4_lr1e-05_hd128_wd0.0_cosine,"lr1e-05,wd0.0",-3.9872781367087438,2.9958702293016952e-06
[32],9,"lr=0.001, wd=0.0",50,layer4_lr1e-05_hd128_wd0.01_cosine,"lr1e-05,wd0.01",-4.067019271741073,2.740388454222882e-06
[32],9,"lr=0.001, wd=0.0",50,layer4_lr3e-05_hd128_wd0.0_cosine,"lr3e-05,wd0.0",-3.92792505215308,1.167325327316586e-06
[32],9,"lr=0.001, wd=0.0",50,layer4_lr3e-05_hd128_wd0.01_cosine,"lr3e-05,wd0.01",-4.0919000739875875,1.572845116550295e-06
[32],9,"lr=0.001, wd=0.0",50,layer4_lr0.0001_hd128_wd0.0_cosine,"lr0.0001,wd0.0",-3.361836034603388,6.518522315262251e-05
[32],9,"lr=0.001, wd=0.0",50,layer4_lr0.0001_hd128_wd0.01_cosine,"lr0.0001,wd0.01",-3.9863352760956507,1.3184613480717515e-05
[32],9,"lr=0.001, wd=0.0",50,layer4_lr0.0003_hd128_wd0.0_cosine,"lr0.0003,wd0.0",-2.7743837599528445,0.000176079797079657
[32],9,"lr=0.001, wd=0.0",50,layer4_lr0.0003_hd128_wd0.01_cosine,"lr0.0003,wd0.01",-3.8163907859717967,2.860330100910496e-05
[32],9,"lr=0.001, wd=0.0",50,layer4_lr0.001_hd128_wd0.0_cosine,"lr0.001,wd0.0",-2.6757200009160993,0.00010895002674900823
[32],9,"lr=0.001, wd=0.0",50,layer4_lr0.001_hd128_wd0.01_cosine,"lr0.001,wd0.01",-2.1784510735217237,0.0001549684689427975
[32],9,"lr=0.001, wd=0.0",50,layer4_lr0.003_hd128_wd0.0_cosine,"lr0.003,wd0.0",-2.5293582853875414,0.00015080169333131187
[32],9,"lr=0.001, wd=0.0",50,layer4_lr0.003_hd128_wd0.01_cosine,"lr0.003,wd0.01",-1.365137600518587,0.00028880893422316393
[32],9,"lr=0.001, wd=0.0",90,layer4_lr1e-05_hd128_wd0.0_cosine,"lr1e-05,wd0.0",-4.154063036173094,1.922672386666018e-06
[32],9,"lr=0.001, wd=0.0",90,layer4_lr1e-05_hd128_wd0.01_cosine,"lr1e-05,wd0.01",-4.208795409720548,4.4109832003780387e-07
[32],9,"lr=0.001, wd=0.0",90,layer4_lr3e-05_hd128_wd0.0_cosine,"lr3e-05,wd0.0",-4.153566316410251,5.938418655516724e-07
[32],9,"lr=0.001, wd=0.0",90,layer4_lr3e-05_hd128_wd0.01_cosine,"lr3e-05,wd0.01",-4.182514142367544,1.3138516399768812e-06
[32],9,"lr=0.001, wd=0.0",90,layer4_lr0.0001_hd128_wd0.0_cosine,"lr0.0001,wd0.0",-3.9872786153074684,3.668429378612517e-06
[32],9,"lr=0.001, wd=0.0",90,layer4_lr0.0001_hd128_wd0.01_cosine,"lr0.0001,wd0.01",-4.155737644130007,4.125076061376009e-06
[32],9,"lr=0.001, wd=0.0",90,layer4_lr0.0003_hd128_wd0.0_cosine,"lr0.0003,wd0.0",-3.8193614476650333,8.632707401381855e-06
[32],9,"lr=0.001, wd=0.0",90,layer4_lr0.0003_hd128_wd0.01_cosine,"lr0.0003,wd0.01",-3.9607351940286484,1.7790325151376283e-05
[32],9,"lr=0.001, wd=0.0",90,layer4_lr0.001_hd128_wd0.0_cosine,"lr0.001,wd0.0",-3.5594630187424583,4.6038235972109686e-05
[32],9,"lr=0.001, wd=0.0",90,layer4_lr0.001_hd128_wd0.01_cosine,"lr0.001,wd0.01",-3.79870491137233,2.6922441618568836e-05
[32],9,"lr=0.001, wd=0.0",90,layer4_lr0.003_hd128_wd0.0_cosine,"lr0.003,wd0.0",-3.537711264249148,5.616681752162628e-05
[32],9,"lr=0.001, wd=0.0",90,layer4_lr0.003_hd128_wd0.01_cosine,"lr0.003,wd0.01",-3.543008513440417,5.270953282223992e-05
[32],10,"lr=0.001, wd=0.01",0,layer4_lr1e-05_hd128_wd0.0_cosine,"lr1e-05,wd0.0",-0.728813094944934,0.0004549128036606447
[32],10,"lr=0.001, wd=0.01",0,layer4_lr1e-05_hd128_wd0.01_cosine,"lr1e-05,wd0.01",-0.7208799017252403,0.0008536122206721335
[32],10,"lr=0.001, wd=0.01",0,layer4_lr3e-05_hd128_wd0.0_cosine,"lr3e-05,wd0.0",-0.7829851584096287,0.0003727976787623586
[32],10,"lr=0.001, wd=0.01",0,layer4_lr3e-05_hd128_wd0.01_cosine,"lr3e-05,wd0.01",-0.7883919390168107,9.073562207378574e-05
[32],10,"lr=0.001, wd=0.01",0,layer4_lr0.0001_hd128_wd0.0_cosine,"lr0.0001,wd0.0",-0.8719186703305525,0.000579387359208333
[32],10,"lr=0.001, wd=0.01",0,layer4_lr0.0001_hd128_wd0.01_cosine,"lr0.0001,wd0.01",-0.8964490699244458,9.799950813825898e-05
[32],10,"lr=0.001, wd=0.01",0,layer4_lr0.0003_hd128_wd0.0_cosine,"lr0.0003,wd0.0",-0.9444050853949651,0.0005566273854800729
[32],10,"lr=0.001, wd=0.01",0,layer4_lr0.0003_hd128_wd0.01_cosine,"lr0.0003,wd0.01",-0.9773581067434547,0.00011538060847860725
[32],10,"lr=0.001, wd=0.01",0,layer4_lr0.001_hd128_wd0.0_cosine,"lr0.001,wd0.0",-0.9844542076849706,0.0005441984678563004
[32],10,"lr=0.001, wd=0.01",0,layer4_lr0.001_hd128_wd0.01_cosine,"lr0.001,wd0.01",-1.0157063935839785,2.94333278460684e-05
[32],10,"lr=0.001, wd=0.01",0,layer4_lr0.003_hd128_wd0.0_cosine,"lr0.003,wd0.0",-0.9849335554504334,0.00025876662062103775
[32],10,"lr=0.001, wd=0.01",0,layer4_lr0.003_hd128_wd0.01_cosine,"lr0.003,wd0.01",-0.9926595859626803,0.00024794388962198424
[32],10,"lr=0.001, wd=0.01",5,layer4_lr1e-05_hd128_wd0.0_cosine,"lr1e-05,wd0.0",-2.198289316054993,3.5099545929208284e-05
[32],10,"lr=0.001, wd=0.01",5,layer4_lr1e-05_hd128_wd0.01_cosine,"lr1e-05,wd0.01",-2.23809109955254,7.481077092780683e-05
[32],10,"lr=0.001, wd=0.01",5,layer4_lr3e-05_hd128_wd0.0_cosine,"lr3e-05,wd0.0",-2.1081857989224537,0.00014944323736483032
[32],10,"lr=0.001, wd=0.01",5,layer4_lr3e-05_hd128_wd0.01_cosine,"lr3e-05,wd0.01",-2.283992593783218,1.8735476161084597e-05
[32],10,"lr=0.001, wd=0.01",5,layer4_lr0.0001_hd128_wd0.0_cosine,"lr0.0001,wd0.0",-2.100161331560656,0.0002025822790336342
[32],10,"lr=0.001, wd=0.01",5,layer4_lr0.0001_hd128_wd0.01_cosine,"lr0.0001,wd0.01",-2.7768434476152644,1.765590974800252e-05
[32],10,"lr=0.001, wd=0.01",5,layer4_lr0.0003_hd128_wd0.0_cosine,"lr0.0003,wd0.0",-1.9346519205102524,0.0011327381600899492
[32],10,"lr=0.001, wd=0.01",5,layer4_lr0.0003_hd128_wd0.01_cosine,"lr0.0003,wd0.01",-3.1471952968402768,2.6815725849330957e-06
[32],10,"lr=0.001, wd=0.01",5,layer4_lr0.001_hd128_wd0.0_cosine,"lr0.001,wd0.0",-2.0176361281956416,0.0014779373714681352
[32],10,"lr=0.001, wd=0.01",5,layer4_lr0.001_hd128_wd0.01_cosine,"lr0.001,wd0.01",-3.0332833686083363,2.0453624202968548e-05
[32],10,"lr=0.001, wd=0.01",5,layer4_lr0.003_hd128_wd0.0_cosine,"lr0.003,wd0.0",-2.0593826266331132,0.0012595222734663875
[32],10,"lr=0.001, wd=0.01",5,layer4_lr0.003_hd128_wd0.01_cosine,"lr0.003,wd0.01",-2.7404587836635756,0.00028117513404246326
[32],10,"lr=0.001, wd=0.01",10,layer4_lr1e-05_hd128_wd0.0_cosine,"lr1e-05,wd0.0",-2.371797618324981,2.3775623867449775e-05
[32],10,"lr=0.001, wd=0.01",10,layer4_lr1e-05_hd128_wd0.01_cosine,"lr1e-05,wd0.01",-2.4600538021576766,1.5817428221735586e-05
[32],10,"lr=0.001, wd=0.01",10,layer4_lr3e-05_hd128_wd0.0_cosine,"lr3e-05,wd0.0",-2.349544331980235,3.352871778019717e-06
[32],10,"lr=0.001, wd=0.01",10,layer4_lr3e-05_hd128_wd0.01_cosine,"lr3e-05,wd0.01",-2.5117076191497056,5.701455557605152e-05
[32],10,"lr=0.001, wd=0.01",10,layer4_lr0.0001_hd128_wd0.0_cosine,"lr0.0001,wd0.0",-2.1333569620127744,0.00047004594636561217
[32],10,"lr=0.001, wd=0.01",10,layer4_lr0.0001_hd128_wd0.01_cosine,"lr0.0001,wd0.01",-2.8617053769414262,5.003965430872582e-05
[32],10,"lr=0.001, wd=0.01",10,layer4_lr0.0003_hd128_wd0.0_cosine,"lr0.0003,wd0.0",-2.143944762069474,0.001422914490753255
[32],10,"lr=0.001, wd=0.01",10,layer4_lr0.0003_hd128_wd0.01_cosine,"lr0.0003,wd0.01",-3.3198053723187146,1.4202851979762458e-05
[32],10,"lr=0.001, wd=0.01",10,layer4_lr0.001_hd128_wd0.0_cosine,"lr0.001,wd0.0",-2.32845127161963,0.001110377211684361
[32],10,"lr=0.001, wd=0.01",10,layer4_lr0.001_hd128_wd0.01_cosine,"lr0.001,wd0.01",-3.648107960806269,1.9509796977541093e-05
[32],10,"lr=0.001, wd=0.01",10,layer4_lr0.003_hd128_wd0.0_cosine,"lr0.003,wd0.0",-2.6397693536341023,0.0005360621465926447
[32],10,"lr=0.001, wd=0.01",10,layer4_lr0.003_hd128_wd0.01_cosine,"lr0.003,wd0.01",-3.504599160442125,7.419464272125916e-05
[32],10,"lr=0.001, wd=0.01",20,layer4_lr1e-05_hd128_wd0.0_cosine,"lr1e-05,wd0.0",-2.692922336304731,3.504181630185975e-05
[32],10,"lr=0.001, wd=0.01",20,layer4_lr1e-05_hd128_wd0.01_cosine,"lr1e-05,wd0.01",-2.700930019759838,9.677567475514939e-05
[32],10,"lr=0.001, wd=0.01",20,layer4_lr3e-05_hd128_wd0.0_cosine,"lr3e-05,wd0.0",-2.610150946926596,3.7708651374718844e-05
[32],10,"lr=0.001, wd=0.01",20,layer4_lr3e-05_hd128_wd0.01_cosine,"lr3e-05,wd0.01",-3.0801110839384767,1.106854409784611e-05
[32],10,"lr=0.001, wd=0.01",20,layer4_lr0.0001_hd128_wd0.0_cosine,"lr0.0001,wd0.0",-2.508315562836943,0.0004875259203910625
[32],10,"lr=0.001, wd=0.01",20,layer4_lr0.0001_hd128_wd0.01_cosine,"lr0.0001,wd0.01",-3.1643633794073787,3.5881400162820724e-05
[32],10,"lr=0.001, wd=0.01",20,layer4_lr0.0003_hd128_wd0.0_cosine,"lr0.0003,wd0.0",-2.199806785878565,0.0011240986699453568
[32],10,"lr=0.001, wd=0.01",20,layer4_lr0.0003_hd128_wd0.01_cosine,"lr0.0003,wd0.01",-3.614115445815378,4.3334687390888295e-06
[32],10,"lr=0.001, wd=0.01",20,layer4_lr0.001_hd128_wd0.0_cosine,"lr0.001,wd0.0",-2.328378161322315,0.000985013086366606
[32],10,"lr=0.001, wd=0.01",20,layer4_lr0.001_hd128_wd0.01_cosine,"lr0.001,wd0.01",-3.7846699984432655,1.9143287779131342e-05
[32],10,"lr=0.001, wd=0.01",20,layer4_lr0.003_hd128_wd0.0_cosine,"lr0.003,wd0.0",-2.6529297827590304,0.0005639502275199709
[32],10,"lr=0.001, wd=0.01",20,layer4_lr0.003_hd128_wd0.01_cosine,"lr0.003,wd0.01",-2.948241801794413,0.00016086492181824956
[32],10,"lr=0.001, wd=0.01",50,layer4_lr1e-05_hd128_wd0.0_cosine,"lr1e-05,wd0.0",-3.9501292847421587,9.23306240435507e-06
[32],10,"lr=0.001, wd=0.01",50,layer4_lr1e-05_hd128_wd0.01_cosine,"lr1e-05,wd0.01",-4.010637146892214,7.91291823912821e-06
[32],10,"lr=0.001, wd=0.01",50,layer4_lr3e-05_hd128_wd0.0_cosine,"lr3e-05,wd0.0",-3.8057702124439583,1.7045074914649354e-05
[32],10,"lr=0.001, wd=0.01",50,layer4_lr3e-05_hd128_wd0.01_cosine,"lr3e-05,wd0.01",-3.9802449485247786,7.227889582180267e-06
[32],10,"lr=0.001, wd=0.01",50,layer4_lr0.0001_hd128_wd0.0_cosine,"lr0.0001,wd0.0",-3.1135454054369864,0.0001139575397205965
[32],10,"lr=0.001, wd=0.01",50,layer4_lr0.0001_hd128_wd0.01_cosine,"lr0.0001,wd0.01",-4.09892169900327,5.909832567742869e-07
[32],10,"lr=0.001, wd=0.01",50,layer4_lr0.0003_hd128_wd0.0_cosine,"lr0.0003,wd0.0",-2.550019412579939,0.00011010702872488832
[32],10,"lr=0.001, wd=0.01",50,layer4_lr0.0003_hd128_wd0.01_cosine,"lr0.0003,wd0.01",-4.117742326988717,1.3424165173500136e-06
[32],10,"lr=0.001, wd=0.01",50,layer4_lr0.001_hd128_wd0.0_cosine,"lr0.001,wd0.0",-2.4270476497942037,1.531853932110114e-05
[32],10,"lr=0.001, wd=0.01",50,layer4_lr0.001_hd128_wd0.01_cosine,"lr0.001,wd0.01",-3.189430498560536,7.890336607063533e-05
[32],10,"lr=0.001, wd=0.01",50,layer4_lr0.003_hd128_wd0.0_cosine,"lr0.003,wd0.0",-2.904702370865635,0.00021215814069691378
[32],10,"lr=0.001, wd=0.01",50,layer4_lr0.003_hd128_wd0.01_cosine,"lr0.003,wd0.01",-1.4155444250344802,0.00023691594830132172
[32],10,"lr=0.001, wd=0.01",90,layer4_lr1e-05_hd128_wd0.0_cosine,"lr1e-05,wd0.0",-4.124027235886859,4.760634492931706e-06
[32],10,"lr=0.001, wd=0.01",90,layer4_lr1e-05_hd128_wd0.01_cosine,"lr1e-05,wd0.01",-4.195910772317984,1.64724718692288e-06
[32],10,"lr=0.001, wd=0.01",90,layer4_lr3e-05_hd128_wd0.0_cosine,"lr3e-05,wd0.0",-4.137202733010715,2.2708411983420273e-06
[32],10,"lr=0.001, wd=0.01",90,layer4_lr3e-05_hd128_wd0.01_cosine,"lr3e-05,wd0.01",-4.174861626024851,1.2814777908297116e-06
[32],10,"lr=0.001, wd=0.01",90,layer4_lr0.0001_hd128_wd0.0_cosine,"lr0.0001,wd0.0",-3.497926671471127,1.1307461361695657e-06
[32],10,"lr=0.001, wd=0.01",90,layer4_lr0.0001_hd128_wd0.01_cosine,"lr0.0001,wd0.01",-4.209346098612326,2.962333037781468e-07
[32],10,"lr=0.001, wd=0.01",90,layer4_lr0.0003_hd128_wd0.0_cosine,"lr0.0003,wd0.0",-3.3653552506591606,2.762593119371867e-06
[32],10,"lr=0.001, wd=0.01",90,layer4_lr0.0003_hd128_wd0.01_cosine,"lr0.0003,wd0.01",-4.150335803573625,4.774356361135224e-06
[32],10,"lr=0.001, wd=0.01",90,layer4_lr0.001_hd128_wd0.0_cosine,"lr0.001,wd0.0",-3.240604904364274,2.65310915037082e-05
[32],10,"lr=0.001, wd=0.01",90,layer4_lr0.001_hd128_wd0.01_cosine,"lr0.001,wd0.01",-3.907441099231589,1.929870353733754e-05
[32],10,"lr=0.001, wd=0.01",90,layer4_lr0.003_hd128_wd0.0_cosine,"lr0.003,wd0.0",-3.2465153605619195,1.5252799110636164e-05
[32],10,"lr=0.001, wd=0.01",90,layer4_lr0.003_hd128_wd0.01_cosine,"lr0.003,wd0.01",-3.2582430137295586,8.163969950381458e-05
[32],11,"lr=0.003, wd=0.0",0,layer4_lr1e-05_hd128_wd0.0_cosine,"lr1e-05,wd0.0",-0.7069761359347334,0.0007558758070780243
[32],11,"lr=0.003, wd=0.0",0,layer4_lr1e-05_hd128_wd0.01_cosine,"lr1e-05,wd0.01",-0.6861167061844171,0.0013351882673585751
[32],11,"lr=0.003, wd=0.0",0,layer4_lr3e-05_hd128_wd0.0_cosine,"lr3e-05,wd0.0",-0.8254509825648709,0.00026536462030799386
[32],11,"lr=0.003, wd=0.0",0,layer4_lr3e-05_hd128_wd0.01_cosine,"lr3e-05,wd0.01",-0.7890304588237517,0.00028415877025142564
[32],11,"lr=0.003, wd=0.0",0,layer4_lr0.0001_hd128_wd0.0_cosine,"lr0.0001,wd0.0",-0.9555621772593167,0.0002324177112701777
[32],11,"lr=0.003, wd=0.0",0,layer4_lr0.0001_hd128_wd0.01_cosine,"lr0.0001,wd0.01",-0.93790699499915,4.790209025105274e-05
[32],11,"lr=0.003, wd=0.0",0,layer4_lr0.0003_hd128_wd0.0_cosine,"lr0.0003,wd0.0",-1.0331561972395946,0.0002281332880613617
[32],11,"lr=0.003, wd=0.0",0,layer4_lr0.0003_hd128_wd0.01_cosine,"lr0.0003,wd0.01",-1.0181678449555023,3.572283802838932e-05
[32],11,"lr=0.003, wd=0.0",0,layer4_lr0.001_hd128_wd0.0_cosine,"lr0.001,wd0.0",-1.1274137984169055,0.000253380110130158
[32],11,"lr=0.003, wd=0.0",0,layer4_lr0.001_hd128_wd0.01_cosine,"lr0.001,wd0.01",-1.0931754896668413,0.00014815251001354884
[32],11,"lr=0.003, wd=0.0",0,layer4_lr0.003_hd128_wd0.0_cosine,"lr0.003,wd0.0",-1.1881267055276998,9.192779011169715e-05
[32],11,"lr=0.003, wd=0.0",0,layer4_lr0.003_hd128_wd0.01_cosine,"lr0.003,wd0.01",-1.1116536403009707,0.0006695637869932644
[32],11,"lr=0.003, wd=0.0",5,layer4_lr1e-05_hd128_wd0.0_cosine,"lr1e-05,wd0.0",-2.312127659984307,0.00014973693380237172
[32],11,"lr=0.003, wd=0.0",5,layer4_lr1e-05_hd128_wd0.01_cosine,"lr1e-05,wd0.01",-2.3597296233588616,5.124451028111557e-06
[32],11,"lr=0.003, wd=0.0",5,layer4_lr3e-05_hd128_wd0.0_cosine,"lr3e-05,wd0.0",-2.3198344746520556,0.00036894599379785014
[32],11,"lr=0.003, wd=0.0",5,layer4_lr3e-05_hd128_wd0.01_cosine,"lr3e-05,wd0.01",-2.5284356672164545,6.91904594775837e-05
[32],11,"lr=0.003, wd=0.0",5,layer4_lr0.0001_hd128_wd0.0_cosine,"lr0.0001,wd0.0",-2.6373587821353768,0.00012350620315618516
[32],11,"lr=0.003, wd=0.0",5,layer4_lr0.0001_hd128_wd0.01_cosine,"lr0.0001,wd0.01",-2.9381726092166662,0.0001299939481845749
[32],11,"lr=0.003, wd=0.0",5,layer4_lr0.0003_hd128_wd0.0_cosine,"lr0.0003,wd0.0",-2.55899277686071,0.000457171900322716
[32],11,"lr=0.003, wd=0.0",5,layer4_lr0.0003_hd128_wd0.01_cosine,"lr0.0003,wd0.01",-3.5116225245699377,5.8964236222880984e-05
[32],11,"lr=0.003, wd=0.0",5,layer4_lr0.001_hd128_wd0.0_cosine,"lr0.001,wd0.0",-2.4944314758615818,0.0007673971361073114
[32],11,"lr=0.003, wd=0.0",5,layer4_lr0.001_hd128_wd0.01_cosine,"lr0.001,wd0.01",-3.404972657510398,5.162724031552142e-05
[32],11,"lr=0.003, wd=0.0",5,layer4_lr0.003_hd128_wd0.0_cosine,"lr0.003,wd0.0",-2.9681280367345524,0.0002227236015851878
[32],11,"lr=0.003, wd=0.0",5,layer4_lr0.003_hd128_wd0.01_cosine,"lr0.003,wd0.01",-2.4594949639548513,0.000607984559423762
[32],11,"lr=0.003, wd=0.0",10,layer4_lr1e-05_hd128_wd0.0_cosine,"lr1e-05,wd0.0",-2.576184305611754,0.00011899008329423854
[32],11,"lr=0.003, wd=0.0",10,layer4_lr1e-05_hd128_wd0.01_cosine,"lr1e-05,wd0.01",-2.671281563348433,8.29463613525354e-05
[32],11,"lr=0.003, wd=0.0",10,layer4_lr3e-05_hd128_wd0.0_cosine,"lr3e-05,wd0.0",-2.809756065298167,0.00011993376641546234
[32],11,"lr=0.003, wd=0.0",10,layer4_lr3e-05_hd128_wd0.01_cosine,"lr3e-05,wd0.01",-3.0720881893876295,2.1543288666309516e-06
[32],11,"lr=0.003, wd=0.0",10,layer4_lr0.0001_hd128_wd0.0_cosine,"lr0.0001,wd0.0",-2.8809698443606573,4.7987650980537155e-05
[32],11,"lr=0.003, wd=0.0",10,layer4_lr0.0001_hd128_wd0.01_cosine,"lr0.0001,wd0.01",-3.5084626972864514,3.736546725055086e-05
[32],11,"lr=0.003, wd=0.0",10,layer4_lr0.0003_hd128_wd0.0_cosine,"lr0.0003,wd0.0",-2.479500378429835,0.0008234828201896117
[32],11,"lr=0.003, wd=0.0",10,layer4_lr0.0003_hd128_wd0.01_cosine,"lr0.0003,wd0.01",-3.647775668708721,4.501528589311171e-05
[32],11,"lr=0.003, wd=0.0",10,layer4_lr0.001_hd128_wd0.0_cosine,"lr0.001,wd0.0",-2.6224766145732175,0.0007064054319354317
[32],11,"lr=0.003, wd=0.0",10,layer4_lr0.001_hd128_wd0.01_cosine,"lr0.001,wd0.01",-3.4525983972770193,6.821954359949405e-05
[32],11,"lr=0.003, wd=0.0",10,layer4_lr0.003_hd128_wd0.0_cosine,"lr0.003,wd0.0",-2.324980403766874,0.0002421380001648678
[32],11,"lr=0.003, wd=0.0",10,layer4_lr0.003_hd128_wd0.01_cosine,"lr0.003,wd0.01",-3.215188648877852,0.00014904548467045884
[32],11,"lr=0.003, wd=0.0",20,layer4_lr1e-05_hd128_wd0.0_cosine,"lr1e-05,wd0.0",-2.980091958627509,3.433180012888161e-06
[32],11,"lr=0.003, wd=0.0",20,layer4_lr1e-05_hd128_wd0.01_cosine,"lr1e-05,wd0.01",-2.986146798921794,2.689321093150343e-05
[32],11,"lr=0.003, wd=0.0",20,layer4_lr3e-05_hd128_wd0.0_cosine,"lr3e-05,wd0.0",-3.202373138320354,3.9283352738360966e-06
[32],11,"lr=0.003, wd=0.0",20,layer4_lr3e-05_hd128_wd0.01_cosine,"lr3e-05,wd0.01",-3.5634907855857176,8.821782285927501e-06
[32],11,"lr=0.003, wd=0.0",20,layer4_lr0.0001_hd128_wd0.0_cosine,"lr0.0001,wd0.0",-2.8149694955564697,0.0002434427850525038
[32],11,"lr=0.003, wd=0.0",20,layer4_lr0.0001_hd128_wd0.01_cosine,"lr0.0001,wd0.01",-3.779634846534564,6.892725939507159e-06
[32],11,"lr=0.003, wd=0.0",20,layer4_lr0.0003_hd128_wd0.0_cosine,"lr0.0003,wd0.0",-2.3002625140975295,0.0008124695290491523
[32],11,"lr=0.003, wd=0.0",20,layer4_lr0.0003_hd128_wd0.01_cosine,"lr0.0003,wd0.01",-3.6229217705418444,4.7606074528056996e-05
[32],11,"lr=0.003, wd=0.0",20,layer4_lr0.001_hd128_wd0.0_cosine,"lr0.001,wd0.0",-1.8460864517442845,0.0007888568388317602
[32],11,"lr=0.003, wd=0.0",20,layer4_lr0.001_hd128_wd0.01_cosine,"lr0.001,wd0.01",-3.2459988259733255,8.509404358323321e-05
[32],11,"lr=0.003, wd=0.0",20,layer4_lr0.003_hd128_wd0.0_cosine,"lr0.003,wd0.0",-2.05562452856748,0.00035009725648482026
[32],11,"lr=0.003, wd=0.0",20,layer4_lr0.003_hd128_wd0.01_cosine,"lr0.003,wd0.01",-2.72910890065374,0.0002579956567595507
[32],11,"lr=0.003, wd=0.0",50,layer4_lr1e-05_hd128_wd0.0_cosine,"lr1e-05,wd0.0",-3.999471151836644,3.3555139928967214e-06
[32],11,"lr=0.003, wd=0.0",50,layer4_lr1e-05_hd128_wd0.01_cosine,"lr1e-05,wd0.01",-4.069169344790817,2.69082441849704e-06
[32],11,"lr=0.003, wd=0.0",50,layer4_lr3e-05_hd128_wd0.0_cosine,"lr3e-05,wd0.0",-3.9805246847606788,2.680863676866718e-06
[32],11,"lr=0.003, wd=0.0",50,layer4_lr3e-05_hd128_wd0.01_cosine,"lr3e-05,wd0.01",-4.116561312478743,1.017076755477248e-06
[32],11,"lr=0.003, wd=0.0",50,layer4_lr0.0001_hd128_wd0.0_cosine,"lr0.0001,wd0.0",-3.296775105691901,8.578215449258471e-05
[32],11,"lr=0.003, wd=0.0",50,layer4_lr0.0001_hd128_wd0.01_cosine,"lr0.0001,wd0.01",-4.038782334370226,9.899585650802191e-06
[32],11,"lr=0.003, wd=0.0",50,layer4_lr0.0003_hd128_wd0.0_cosine,"lr0.0003,wd0.0",-2.658645733958159,0.00011195333337431678
[32],11,"lr=0.003, wd=0.0",50,layer4_lr0.0003_hd128_wd0.01_cosine,"lr0.0003,wd0.01",-3.905465842809934,2.150669320358478e-05
[32],11,"lr=0.003, wd=0.0",50,layer4_lr0.001_hd128_wd0.0_cosine,"lr0.001,wd0.0",-2.55068473122918,1.2354316660693029e-05
[32],11,"lr=0.003, wd=0.0",50,layer4_lr0.001_hd128_wd0.01_cosine,"lr0.001,wd0.01",-2.0453681282410145,0.00015523141735342589
[32],11,"lr=0.003, wd=0.0",50,layer4_lr0.003_hd128_wd0.0_cosine,"lr0.003,wd0.0",-2.547682441290565,0.00015610040406473921
[32],11,"lr=0.003, wd=0.0",50,layer4_lr0.003_hd128_wd0.01_cosine,"lr0.003,wd0.01",-0.9831154132273988,0.00029510193665297245
[32],11,"lr=0.003, wd=0.0",90,layer4_lr1e-05_hd128_wd0.0_cosine,"lr1e-05,wd0.0",-4.157738555325131,1.6230463296877526e-06
[32],11,"lr=0.003, wd=0.0",90,layer4_lr1e-05_hd128_wd0.01_cosine,"lr1e-05,wd0.01",-4.208342785300118,3.438981651853283e-07
[32],11,"lr=0.003, wd=0.0",90,layer4_lr3e-05_hd128_wd0.0_cosine,"lr3e-05,wd0.0",-4.151585231244716,5.187113772718349e-07
[32],11,"lr=0.003, wd=0.0",90,layer4_lr3e-05_hd128_wd0.01_cosine,"lr3e-05,wd0.01",-4.1768694749528565,1.5253292734766253e-06
[32],11,"lr=0.003, wd=0.0",90,layer4_lr0.0001_hd128_wd0.0_cosine,"lr0.0001,wd0.0",-3.7093667131308523,9.415724591955675e-07
[32],11,"lr=0.003, wd=0.0",90,layer4_lr0.0001_hd128_wd0.01_cosine,"lr0.0001,wd0.01",-4.140518206369093,5.259922166552217e-06
[32],11,"lr=0.003, wd=0.0",90,layer4_lr0.0003_hd128_wd0.0_cosine,"lr0.0003,wd0.0",-3.6693802025188202,3.900170024090223e-06
[32],11,"lr=0.003, wd=0.0",90,layer4_lr0.0003_hd128_wd0.01_cosine,"lr0.0003,wd0.01",-3.929928876433656,2.012420392538974e-05
[32],11,"lr=0.003, wd=0.0",90,layer4_lr0.001_hd128_wd0.0_cosine,"lr0.001,wd0.0",-3.5142635208521034,3.217488666583023e-05
[32],11,"lr=0.003, wd=0.0",90,layer4_lr0.001_hd128_wd0.01_cosine,"lr0.001,wd0.01",-3.7760064027695095,3.0191488026714915e-05
[32],11,"lr=0.003, wd=0.0",90,layer4_lr0.003_hd128_wd0.0_cosine,"lr0.003,wd0.0",-3.5599625403219477,2.445424335362475e-05
[32],11,"lr=0.003, wd=0.0",90,layer4_lr0.003_hd128_wd0.01_cosine,"lr0.003,wd0.01",-3.4750472273136155,6.237881254777562e-05
[32],12,"lr=0.003, wd=0.01",0,layer4_lr1e-05_hd128_wd0.0_cosine,"lr1e-05,wd0.0",-0.7143478115853665,0.00045043881886039046
[32],12,"lr=0.003, wd=0.01",0,layer4_lr1e-05_hd128_wd0.01_cosine,"lr1e-05,wd0.01",-0.7030740694052348,0.0009448131404992945
[32],12,"lr=0.003, wd=0.01",0,layer4_lr3e-05_hd128_wd0.0_cosine,"lr3e-05,wd0.0",-0.7612169607816311,0.0003110758911789005
[32],12,"lr=0.003, wd=0.01",0,layer4_lr3e-05_hd128_wd0.01_cosine,"lr3e-05,wd0.01",-0.7619090395029687,9.813144151874874e-05
[32],12,"lr=0.003, wd=0.01",0,layer4_lr0.0001_hd128_wd0.0_cosine,"lr0.0001,wd0.0",-0.8129938369713394,0.0006769118111024031
[32],12,"lr=0.003, wd=0.01",0,layer4_lr0.0001_hd128_wd0.01_cosine,"lr0.0001,wd0.01",-0.8250050676617293,0.00011552732572992992
[32],12,"lr=0.003, wd=0.01",0,layer4_lr0.0003_hd128_wd0.0_cosine,"lr0.0003,wd0.0",-0.878668922762801,0.0008047816854703048
[32],12,"lr=0.003, wd=0.01",0,layer4_lr0.0003_hd128_wd0.01_cosine,"lr0.0003,wd0.01",-0.9063716718688443,0.00018393798662590937
[32],12,"lr=0.003, wd=0.01",0,layer4_lr0.001_hd128_wd0.0_cosine,"lr0.001,wd0.0",-0.9532603129014793,0.0008692880514217982
[32],12,"lr=0.003, wd=0.01",0,layer4_lr0.001_hd128_wd0.01_cosine,"lr0.001,wd0.01",-1.000718582480525,5.756402750840659e-05
[32],12,"lr=0.003, wd=0.01",0,layer4_lr0.003_hd128_wd0.0_cosine,"lr0.003,wd0.0",-1.0016310525553387,0.0005401489430217803
[32],12,"lr=0.003, wd=0.01",0,layer4_lr0.003_hd128_wd0.01_cosine,"lr0.003,wd0.01",-1.036311985944701,6.656188363271919e-05
[32],12,"lr=0.003, wd=0.01",5,layer4_lr1e-05_hd128_wd0.0_cosine,"lr1e-05,wd0.0",-1.9626352169367731,7.487395627779154e-05
[32],12,"lr=0.003, wd=0.01",5,layer4_lr1e-05_hd128_wd0.01_cosine,"lr1e-05,wd0.01",-1.984087214233041,0.0003684200699018841
[32],12,"lr=0.003, wd=0.01",5,layer4_lr3e-05_hd128_wd0.0_cosine,"lr3e-05,wd0.0",-1.81684397414439,0.00010497684985235538
[32],12,"lr=0.003, wd=0.01",5,layer4_lr3e-05_hd128_wd0.01_cosine,"lr3e-05,wd0.01",-1.9606698747444735,0.00020709757590905688
[32],12,"lr=0.003, wd=0.01",5,layer4_lr0.0001_hd128_wd0.0_cosine,"lr0.0001,wd0.0",-1.7900045541665701,0.000964867330276555
[32],12,"lr=0.003, wd=0.01",5,layer4_lr0.0001_hd128_wd0.01_cosine,"lr0.0001,wd0.01",-2.1508028575728404,0.0002745330301152017
[32],12,"lr=0.003, wd=0.01",5,layer4_lr0.0003_hd128_wd0.0_cosine,"lr0.0003,wd0.0",-1.7924696546926004,0.002199403334439392
[32],12,"lr=0.003, wd=0.01",5,layer4_lr0.0003_hd128_wd0.01_cosine,"lr0.0003,wd0.01",-2.2945505910484774,0.00019305898826218055
[32],12,"lr=0.003, wd=0.01",5,layer4_lr0.001_hd128_wd0.0_cosine,"lr0.001,wd0.0",-1.872302455156066,0.002442446352278898
[32],12,"lr=0.003, wd=0.01",5,layer4_lr0.001_hd128_wd0.01_cosine,"lr0.001,wd0.01",-2.130614014854572,0.0006487887777041068
[32],12,"lr=0.003, wd=0.01",5,layer4_lr0.003_hd128_wd0.0_cosine,"lr0.003,wd0.0",-1.8386517211949813,0.0024222456259813696
[32],12,"lr=0.003, wd=0.01",5,layer4_lr0.003_hd128_wd0.01_cosine,"lr0.003,wd0.01",-2.617992784937421,8.098740636423636e-05
[32],12,"lr=0.003, wd=0.01",10,layer4_lr1e-05_hd128_wd0.0_cosine,"lr1e-05,wd0.0",-2.054714795220086,7.212769767191828e-05
[32],12,"lr=0.003, wd=0.01",10,layer4_lr1e-05_hd128_wd0.01_cosine,"lr1e-05,wd0.01",-2.1352645664853243,0.00010841600539345158
[32],12,"lr=0.003, wd=0.01",10,layer4_lr3e-05_hd128_wd0.0_cosine,"lr3e-05,wd0.0",-1.90928417744267,0.0003530792383279755
[32],12,"lr=0.003, wd=0.01",10,layer4_lr3e-05_hd128_wd0.01_cosine,"lr3e-05,wd0.01",-2.020630522508966,0.0006479223080031003
[32],12,"lr=0.003, wd=0.01",10,layer4_lr0.0001_hd128_wd0.0_cosine,"lr0.0001,wd0.0",-1.9457781641684506,0.0012515021339165784
[32],12,"lr=0.003, wd=0.01",10,layer4_lr0.0001_hd128_wd0.01_cosine,"lr0.0001,wd0.01",-2.1831093114830358,0.0006104400572194303
[32],12,"lr=0.003, wd=0.01",10,layer4_lr0.0003_hd128_wd0.0_cosine,"lr0.0003,wd0.0",-2.0083593260466066,0.0022625814325124088
[32],12,"lr=0.003, wd=0.01",10,layer4_lr0.0003_hd128_wd0.01_cosine,"lr0.0003,wd0.01",-2.45520095722173,0.0002638188257691653
[32],12,"lr=0.003, wd=0.01",10,layer4_lr0.001_hd128_wd0.0_cosine,"lr0.001,wd0.0",-2.1950546314812382,0.0016049241938813801
[32],12,"lr=0.003, wd=0.01",10,layer4_lr0.001_hd128_wd0.01_cosine,"lr0.001,wd0.01",-2.6614101307124884,0.00014529025911192865
[32],12,"lr=0.003, wd=0.01",10,layer4_lr0.003_hd128_wd0.0_cosine,"lr0.003,wd0.0",-2.3594828035107747,0.0009214895267248904
[32],12,"lr=0.003, wd=0.01",10,layer4_lr0.003_hd128_wd0.01_cosine,"lr0.003,wd0.01",-3.291776412878463,2.0234946994727457e-05
[32],12,"lr=0.003, wd=0.01",20,layer4_lr1e-05_hd128_wd0.0_cosine,"lr1e-05,wd0.0",-2.394748804848108,0.00013021796476537706
[32],12,"lr=0.003, wd=0.01",20,layer4_lr1e-05_hd128_wd0.01_cosine,"lr1e-05,wd0.01",-2.4090487771506437,0.00025118065195084893
[32],12,"lr=0.003, wd=0.01",20,layer4_lr3e-05_hd128_wd0.0_cosine,"lr3e-05,wd0.0",-2.2426311695198917,0.00023290004706407992
[32],12,"lr=0.003, wd=0.01",20,layer4_lr3e-05_hd128_wd0.01_cosine,"lr3e-05,wd0.01",-2.420463639558372,0.00014934342656354428
[32],12,"lr=0.003, wd=0.01",20,layer4_lr0.0001_hd128_wd0.0_cosine,"lr0.0001,wd0.0",-2.3286828988851154,0.000858988574481173
[32],12,"lr=0.003, wd=0.01",20,layer4_lr0.0001_hd128_wd0.01_cosine,"lr0.0001,wd0.01",-2.569942857120188,0.00020046034622748333
[32],12,"lr=0.003, wd=0.01",20,layer4_lr0.0003_hd128_wd0.0_cosine,"lr0.0003,wd0.0",-2.121951064571499,0.0014439614230436929
[32],12,"lr=0.003, wd=0.01",20,layer4_lr0.0003_hd128_wd0.01_cosine,"lr0.0003,wd0.01",-2.7941456798228845,9.382778076467642e-05
[32],12,"lr=0.003, wd=0.01",20,layer4_lr0.001_hd128_wd0.0_cosine,"lr0.001,wd0.0",-2.301570636433322,0.0011796025771058784
[32],12,"lr=0.003, wd=0.01",20,layer4_lr0.001_hd128_wd0.01_cosine,"lr0.001,wd0.01",-2.9279922489432413,8.016096218220687e-05
[32],12,"lr=0.003, wd=0.01",20,layer4_lr0.003_hd128_wd0.0_cosine,"lr0.003,wd0.0",-2.523313556957621,0.000748075724411243
[32],12,"lr=0.003, wd=0.01",20,layer4_lr0.003_hd128_wd0.01_cosine,"lr0.003,wd0.01",-3.5144396039598256,4.969877312062249e-05
[32],12,"lr=0.003, wd=0.01",50,layer4_lr1e-05_hd128_wd0.0_cosine,"lr1e-05,wd0.0",-3.695827768712716,1.2462133803039702e-05
[32],12,"lr=0.003, wd=0.01",50,layer4_lr1e-05_hd128_wd0.01_cosine,"lr1e-05,wd0.01",-3.669831100647616,1.0122206094872817e-05
[32],12,"lr=0.003, wd=0.01",50,layer4_lr3e-05_hd128_wd0.0_cosine,"lr3e-05,wd0.0",-3.54378975079937,3.167850323247531e-05
[32],12,"lr=0.003, wd=0.01",50,layer4_lr3e-05_hd128_wd0.01_cosine,"lr3e-05,wd0.01",-3.5477074552960746,2.325245181578162e-05
[32],12,"lr=0.003, wd=0.01",50,layer4_lr0.0001_hd128_wd0.0_cosine,"lr0.0001,wd0.0",-3.0148428549715014,0.00012984097369790861
[32],12,"lr=0.003, wd=0.01",50,layer4_lr0.0001_hd128_wd0.01_cosine,"lr0.0001,wd0.01",-3.788859815634849,4.283890429230216e-06
[32],12,"lr=0.003, wd=0.01",50,layer4_lr0.0003_hd128_wd0.0_cosine,"lr0.0003,wd0.0",-2.537844847507631,0.00010987843268790804
[32],12,"lr=0.003, wd=0.01",50,layer4_lr0.0003_hd128_wd0.01_cosine,"lr0.0003,wd0.01",-3.926569240912764,3.122116807010318e-06
[32],12,"lr=0.003, wd=0.01",50,layer4_lr0.001_hd128_wd0.0_cosine,"lr0.001,wd0.0",-2.432186740023,2.142407892171694e-05
[32],12,"lr=0.003, wd=0.01",50,layer4_lr0.001_hd128_wd0.01_cosine,"lr0.001,wd0.01",-3.6647249305454572,4.120424483222983e-05
[32],12,"lr=0.003, wd=0.01",50,layer4_lr0.003_hd128_wd0.0_cosine,"lr0.003,wd0.0",-3.007354590666676,0.00021337269343343803
[32],12,"lr=0.003, wd=0.01",50,layer4_lr0.003_hd128_wd0.01_cosine,"lr0.003,wd0.01",-3.0129999330859363,0.00012901173859180095
[32],12,"lr=0.003, wd=0.01",90,layer4_lr1e-05_hd128_wd0.0_cosine,"lr1e-05,wd0.0",-4.122071402736464,3.3713378506392635e-06
[32],12,"lr=0.003, wd=0.01",90,layer4_lr1e-05_hd128_wd0.01_cosine,"lr1e-05,wd0.01",-4.17713963873745,1.162648137039735e-06
[32],12,"lr=0.003, wd=0.01",90,layer4_lr3e-05_hd128_wd0.0_cosine,"lr3e-05,wd0.0",-4.121062425792997,2.098095691052766e-06
[32],12,"lr=0.003, wd=0.01",90,layer4_lr3e-05_hd128_wd0.01_cosine,"lr3e-05,wd0.01",-4.158602472009368,1.2513894181888298e-06
[32],12,"lr=0.003, wd=0.01",90,layer4_lr0.0001_hd128_wd0.0_cosine,"lr0.0001,wd0.0",-3.4957039755717236,1.0438479859415296e-06
[32],12,"lr=0.003, wd=0.01",90,layer4_lr0.0001_hd128_wd0.01_cosine,"lr0.0001,wd0.01",-4.191408280169875,7.977195908591294e-07
[32],12,"lr=0.003, wd=0.01",90,layer4_lr0.0003_hd128_wd0.0_cosine,"lr0.0003,wd0.0",-3.437487757602836,2.9383751006686304e-06
[32],12,"lr=0.003, wd=0.01",90,layer4_lr0.0003_hd128_wd0.01_cosine,"lr0.0003,wd0.01",-4.151063635528442,3.84416748197357e-06
[32],12,"lr=0.003, wd=0.01",90,layer4_lr0.001_hd128_wd0.0_cosine,"lr0.001,wd0.0",-3.30588499101417,2.7606782409987588e-05
[32],12,"lr=0.003, wd=0.01",90,layer4_lr0.001_hd128_wd0.01_cosine,"lr0.001,wd0.01",-3.996265102328896,5.758780863708719e-06
[32],12,"lr=0.003, wd=0.01",90,layer4_lr0.003_hd128_wd0.0_cosine,"lr0.003,wd0.0",-3.2959244073322664,1.6398975989332546e-05
[32],12,"lr=0.003, wd=0.01",90,layer4_lr0.003_hd128_wd0.01_cosine,"lr0.003,wd0.01",-3.5601000347155316,5.02417933343164e-05
[64],1,"lr=1e-05, wd=0.0",0,layer4_lr1e-05_hd128_wd0.0_cosine,"lr1e-05,wd0.0",-1.766846325671191,0.00030577264265648613
[64],1,"lr=1e-05, wd=0.0",0,layer4_lr1e-05_hd128_wd0.01_cosine,"lr1e-05,wd0.01",-3.253470438222638,4.33369884600386e-05
[64],1,"lr=1e-05, wd=0.0",0,layer4_lr3e-05_hd128_wd0.0_cosine,"lr3e-05,wd0.0",0.9915335759934343,0.0016242663186733027
[64],1,"lr=1e-05, wd=0.0",0,layer4_lr3e-05_hd128_wd0.01_cosine,"lr3e-05,wd0.01",-2.406642858020473,0.0005332519004473988
[64],1,"lr=1e-05, wd=0.0",0,layer4_lr0.0001_hd128_wd0.0_cosine,"lr0.0001,wd0.0",-1.4868839755963001,0.0021303687727983046
[64],1,"lr=1e-05, wd=0.0",0,layer4_lr0.0001_hd128_wd0.01_cosine,"lr0.0001,wd0.01",-1.580566928818709,0.0010726665459529403
[64],1,"lr=1e-05, wd=0.0",0,layer4_lr0.0003_hd128_wd0.0_cosine,"lr0.0003,wd0.0",-1.302736282664484,0.0019266483279264401
[64],1,"lr=1e-05, wd=0.0",0,layer4_lr0.0003_hd128_wd0.01_cosine,"lr0.0003,wd0.01",-1.368397262816829,0.0010931639831620527
[64],1,"lr=1e-05, wd=0.0",0,layer4_lr0.001_hd128_wd0.0_cosine,"lr0.001,wd0.0",-1.187244316287389,0.0017416776945031606
[64],1,"lr=1e-05, wd=0.0",0,layer4_lr0.001_hd128_wd0.01_cosine,"lr0.001,wd0.01",-1.240861871150389,0.0006341501977136072
[64],1,"lr=1e-05, wd=0.0",0,layer4_lr0.003_hd128_wd0.0_cosine,"lr0.003,wd0.0",-1.1173341393848903,0.0011847857729216156
[64],1,"lr=1e-05, wd=0.0",0,layer4_lr0.003_hd128_wd0.01_cosine,"lr0.003,wd0.01",-1.1437742229717218,0.0003274613817508395
[64],1,"lr=1e-05, wd=0.0",5,layer4_lr1e-05_hd128_wd0.0_cosine,"lr1e-05,wd0.0",-3.058859121741598,0.00014455072639973248
[64],1,"lr=1e-05, wd=0.0",5,layer4_lr1e-05_hd128_wd0.01_cosine,"lr1e-05,wd0.01",-3.4659040660768814,2.2721365174793597e-06
[64],1,"lr=1e-05, wd=0.0",5,layer4_lr3e-05_hd128_wd0.0_cosine,"lr3e-05,wd0.0",-2.5084997181164805,0.00032687233235797607
[64],1,"lr=1e-05, wd=0.0",5,layer4_lr3e-05_hd128_wd0.01_cosine,"lr3e-05,wd0.01",-2.830207246834999,2.362296154723253e-05
[64],1,"lr=1e-05, wd=0.0",5,layer4_lr0.0001_hd128_wd0.0_cosine,"lr0.0001,wd0.0",-2.4581507970269523,0.0001489010916827608
[64],1,"lr=1e-05, wd=0.0",5,layer4_lr0.0001_hd128_wd0.01_cosine,"lr0.0001,wd0.01",-2.5901002798961135,7.960236278421728e-06
[64],1,"lr=1e-05, wd=0.0",5,layer4_lr0.0003_hd128_wd0.0_cosine,"lr0.0003,wd0.0",-2.08729678935671,0.0014830298003355312
[64],1,"lr=1e-05, wd=0.0",5,layer4_lr0.0003_hd128_wd0.01_cosine,"lr0.0003,wd0.01",-2.245522313416521,4.486996006924322e-05
[64],1,"lr=1e-05, wd=0.0",5,layer4_lr0.001_hd128_wd0.0_cosine,"lr0.001,wd0.0",-1.7008165121469154,0.0028609380845608543
[64],1,"lr=1e-05, wd=0.0",5,layer4_lr0.001_hd128_wd0.01_cosine,"lr0.001,wd0.01",-1.519684792754205,0.0014848587707876593
[64],1,"lr=1e-05, wd=0.0",5,layer4_lr0.003_hd128_wd0.0_cosine,"lr0.003,wd0.0",-1.5108579941794864,0.0031865164913807663
[64],1,"lr=1e-05, wd=0.0",5,layer4_lr0.003_hd128_wd0.01_cosine,"lr0.003,wd0.01",-1.590041088340693,0.00020518814832682622
[64],1,"lr=1e-05, wd=0.0",10,layer4_lr1e-05_hd128_wd0.0_cosine,"lr1e-05,wd0.0",-3.201768059566432,0.0001075537248010418
[64],1,"lr=1e-05, wd=0.0",10,layer4_lr1e-05_hd128_wd0.01_cosine,"lr1e-05,wd0.01",-3.797356888240132,5.301171667617741e-06
[64],1,"lr=1e-05, wd=0.0",10,layer4_lr3e-05_hd128_wd0.0_cosine,"lr3e-05,wd0.0",-2.973698264006179,0.0001255527452726234
[64],1,"lr=1e-05, wd=0.0",10,layer4_lr3e-05_hd128_wd0.01_cosine,"lr3e-05,wd0.01",-3.5157752549097254,4.4504925079983325e-06
[64],1,"lr=1e-05, wd=0.0",10,layer4_lr0.0001_hd128_wd0.0_cosine,"lr0.0001,wd0.0",-2.9424823217283786,0.0002584197054104316
[64],1,"lr=1e-05, wd=0.0",10,layer4_lr0.0001_hd128_wd0.01_cosine,"lr0.0001,wd0.01",-3.200806983364472,4.209146398274934e-05
[64],1,"lr=1e-05, wd=0.0",10,layer4_lr0.0003_hd128_wd0.0_cosine,"lr0.0003,wd0.0",-2.1462136661700266,0.0016652870740863125
[64],1,"lr=1e-05, wd=0.0",10,layer4_lr0.0003_hd128_wd0.01_cosine,"lr0.0003,wd0.01",-2.7533156304349915,8.538314930969104e-05
[64],1,"lr=1e-05, wd=0.0",10,layer4_lr0.001_hd128_wd0.0_cosine,"lr0.001,wd0.0",-2.1758094216485464,0.0015839999242164451
[64],1,"lr=1e-05, wd=0.0",10,layer4_lr0.001_hd128_wd0.01_cosine,"lr0.001,wd0.01",-2.430966733714168,2.9970807551392452e-05
[64],1,"lr=1e-05, wd=0.0",10,layer4_lr0.003_hd128_wd0.0_cosine,"lr0.003,wd0.0",-2.2721282412285864,0.0007643952065671753
[64],1,"lr=1e-05, wd=0.0",10,layer4_lr0.003_hd128_wd0.01_cosine,"lr0.003,wd0.01",-1.893709561375923,0.0002767048941073346
[64],1,"lr=1e-05, wd=0.0",20,layer4_lr1e-05_hd128_wd0.0_cosine,"lr1e-05,wd0.0",-3.5817741512223074,5.292489610345586e-05
[64],1,"lr=1e-05, wd=0.0",20,layer4_lr1e-05_hd128_wd0.01_cosine,"lr1e-05,wd0.01",-4.0689768932744075,1.3172203310659458e-06
[64],1,"lr=1e-05, wd=0.0",20,layer4_lr3e-05_hd128_wd0.0_cosine,"lr3e-05,wd0.0",-3.562827105250744,3.4919383405563736e-05
[64],1,"lr=1e-05, wd=0.0",20,layer4_lr3e-05_hd128_wd0.01_cosine,"lr3e-05,wd0.01",-3.876947757914044,7.014662211209323e-07
[64],1,"lr=1e-05, wd=0.0",20,layer4_lr0.0001_hd128_wd0.0_cosine,"lr0.0001,wd0.0",-2.6412472384898917,0.00041487084305325575
[64],1,"lr=1e-05, wd=0.0",20,layer4_lr0.0001_hd128_wd0.01_cosine,"lr0.0001,wd0.01",-3.637184373045538,1.7902312835284698e-05
[64],1,"lr=1e-05, wd=0.0",20,layer4_lr0.0003_hd128_wd0.0_cosine,"lr0.0003,wd0.0",-1.70845139623865,0.0013654834748571803
[64],1,"lr=1e-05, wd=0.0",20,layer4_lr0.0003_hd128_wd0.01_cosine,"lr0.0003,wd0.01",-3.150433584898934,2.120893234984802e-05
[64],1,"lr=1e-05, wd=0.0",20,layer4_lr0.001_hd128_wd0.0_cosine,"lr0.001,wd0.0",-2.153829288233877,0.0012742829062133843
[64],1,"lr=1e-05, wd=0.0",20,layer4_lr0.001_hd128_wd0.01_cosine,"lr0.001,wd0.01",-2.581004395872039,7.136576317861182e-05
[64],1,"lr=1e-05, wd=0.0",20,layer4_lr0.003_hd128_wd0.0_cosine,"lr0.003,wd0.0",-2.4544162180420033,0.0007586541511937105
[64],1,"lr=1e-05, wd=0.0",20,layer4_lr0.003_hd128_wd0.01_cosine,"lr0.003,wd0.01",-2.742883465179179,0.00023050627083914406
[64],1,"lr=1e-05, wd=0.0",50,layer4_lr1e-05_hd128_wd0.0_cosine,"lr1e-05,wd0.0",-3.9953230096236125,1.318552682754809e-05
[64],1,"lr=1e-05, wd=0.0",50,layer4_lr1e-05_hd128_wd0.01_cosine,"lr1e-05,wd0.01",-4.207030266693168,5.585395569230167e-07
[64],1,"lr=1e-05, wd=0.0",50,layer4_lr3e-05_hd128_wd0.0_cosine,"lr3e-05,wd0.0",-4.08392402087254,1.8318168194666204e-06
[64],1,"lr=1e-05, wd=0.0",50,layer4_lr3e-05_hd128_wd0.01_cosine,"lr3e-05,wd0.01",-4.1354175517168485,1.058209266725775e-06
[64],1,"lr=1e-05, wd=0.0",50,layer4_lr0.0001_hd128_wd0.0_cosine,"lr0.0001,wd0.0",-2.94836971531441,0.0001420859552089012
[64],1,"lr=1e-05, wd=0.0",50,layer4_lr0.0001_hd128_wd0.01_cosine,"lr0.0001,wd0.01",-4.089785708186677,1.1394688790730061e-06
[64],1,"lr=1e-05, wd=0.0",50,layer4_lr0.0003_hd128_wd0.0_cosine,"lr0.0003,wd0.0",-2.167594849273152,0.00015586653405119812
[64],1,"lr=1e-05, wd=0.0",50,layer4_lr0.0003_hd128_wd0.01_cosine,"lr0.0003,wd0.01",-4.0512956178945725,1.7186853241183422e-06
[64],1,"lr=1e-05, wd=0.0",50,layer4_lr0.001_hd128_wd0.0_cosine,"lr0.001,wd0.0",-2.025455107395779,5.226961448640878e-05
[64],1,"lr=1e-05, wd=0.0",50,layer4_lr0.001_hd128_wd0.01_cosine,"lr0.001,wd0.01",-3.3242500440932026,9.358807260699416e-05
[64],1,"lr=1e-05, wd=0.0",50,layer4_lr0.003_hd128_wd0.0_cosine,"lr0.003,wd0.0",-3.0347088291607958,0.00022071992642341297
[64],1,"lr=1e-05, wd=0.0",50,layer4_lr0.003_hd128_wd0.01_cosine,"lr0.003,wd0.01",-2.8490346101294244,0.00027590103557395855
[64],1,"lr=1e-05, wd=0.0",90,layer4_lr1e-05_hd128_wd0.0_cosine,"lr1e-05,wd0.0",-4.151475339894316,2.781950277290684e-06
[64],1,"lr=1e-05, wd=0.0",90,layer4_lr1e-05_hd128_wd0.01_cosine,"lr1e-05,wd0.01",-4.224343353248175,3.952214384336717e-07
[64],1,"lr=1e-05, wd=0.0",90,layer4_lr3e-05_hd128_wd0.0_cosine,"lr3e-05,wd0.0",-4.107824823828886,3.1145898394214043e-06
[64],1,"lr=1e-05, wd=0.0",90,layer4_lr3e-05_hd128_wd0.01_cosine,"lr3e-05,wd0.01",-4.1622439053225,4.464135596641508e-07
[64],1,"lr=1e-05, wd=0.0",90,layer4_lr0.0001_hd128_wd0.0_cosine,"lr0.0001,wd0.0",-3.411463372550017,4.419367323747414e-06
[64],1,"lr=1e-05, wd=0.0",90,layer4_lr0.0001_hd128_wd0.01_cosine,"lr0.0001,wd0.01",-4.1682677704212665,4.753062353922331e-07
[64],1,"lr=1e-05, wd=0.0",90,layer4_lr0.0003_hd128_wd0.0_cosine,"lr0.0003,wd0.0",-3.520803372767025,2.045024564629079e-05
[64],1,"lr=1e-05, wd=0.0",90,layer4_lr0.0003_hd128_wd0.01_cosine,"lr0.0003,wd0.01",-4.12109274258407,5.023874101648315e-06
[64],1,"lr=1e-05, wd=0.0",90,layer4_lr0.001_hd128_wd0.0_cosine,"lr0.001,wd0.0",-3.2196785945897166,7.712697306866274e-05
[64],1,"lr=1e-05, wd=0.0",90,layer4_lr0.001_hd128_wd0.01_cosine,"lr0.001,wd0.01",-3.917882928170667,1.6884806611353732e-05
[64],1,"lr=1e-05, wd=0.0",90,layer4_lr0.003_hd128_wd0.0_cosine,"lr0.003,wd0.0",-3.120052296518818,4.7603125246848034e-05
[64],1,"lr=1e-05, wd=0.0",90,layer4_lr0.003_hd128_wd0.01_cosine,"lr0.003,wd0.01",-3.2775010959250017,8.586081906065316e-05
[64],2,"lr=1e-05, wd=0.01",0,layer4_lr1e-05_hd128_wd0.0_cosine,"lr1e-05,wd0.0",-0.6846007078921067,0.0006995306884440066
[64],2,"lr=1e-05, wd=0.01",0,layer4_lr1e-05_hd128_wd0.01_cosine,"lr1e-05,wd0.01",-2.484064624113168,0.00019029480956130987
[64],2,"lr=1e-05, wd=0.01",0,layer4_lr3e-05_hd128_wd0.0_cosine,"lr3e-05,wd0.0",0.5313527076700488,0.0023833442622397285
[64],2,"lr=1e-05, wd=0.01",0,layer4_lr3e-05_hd128_wd0.01_cosine,"lr3e-05,wd0.01",-0.7839170847899918,0.0009559806255078707
[64],2,"lr=1e-05, wd=0.01",0,layer4_lr0.0001_hd128_wd0.0_cosine,"lr0.0001,wd0.0",-1.3434932017781633,0.0028866743178346758
[64],2,"lr=1e-05, wd=0.01",0,layer4_lr0.0001_hd128_wd0.01_cosine,"lr0.0001,wd0.01",-1.5556844850577,0.0016487352528868314
[64],2,"lr=1e-05, wd=0.01",0,layer4_lr0.0003_hd128_wd0.0_cosine,"lr0.0003,wd0.0",-1.2334783889196432,0.0024824185958083737
[64],2,"lr=1e-05, wd=0.01",0,layer4_lr0.0003_hd128_wd0.01_cosine,"lr0.0003,wd0.01",-1.328159689237046,0.0016521331762027677
[64],2,"lr=1e-05, wd=0.01",0,layer4_lr0.001_hd128_wd0.0_cosine,"lr0.001,wd0.0",-1.1483021225723562,0.002215113213133012
[64],2,"lr=1e-05, wd=0.01",0,layer4_lr0.001_hd128_wd0.01_cosine,"lr0.001,wd0.01",-1.2205596050652021,0.0010241449947888397
[64],2,"lr=1e-05, wd=0.01",0,layer4_lr0.003_hd128_wd0.0_cosine,"lr0.003,wd0.0",-1.0957117430175833,0.0016139347713758543
[64],2,"lr=1e-05, wd=0.01",0,layer4_lr0.003_hd128_wd0.01_cosine,"lr0.003,wd0.01",-1.1420132511258465,0.0004506798578418926
[64],2,"lr=1e-05, wd=0.01",5,layer4_lr1e-05_hd128_wd0.0_cosine,"lr1e-05,wd0.0",-2.4617280824921277,0.0003791651749558718
[64],2,"lr=1e-05, wd=0.01",5,layer4_lr1e-05_hd128_wd0.01_cosine,"lr1e-05,wd0.01",-3.345854335357148,5.897948387461175e-05
[64],2,"lr=1e-05, wd=0.01",5,layer4_lr3e-05_hd128_wd0.0_cosine,"lr3e-05,wd0.0",-2.4332424410831246,0.00030519450105219074
[64],2,"lr=1e-05, wd=0.01",5,layer4_lr3e-05_hd128_wd0.01_cosine,"lr3e-05,wd0.01",-2.836442353179283,8.882554883539757e-05
[64],2,"lr=1e-05, wd=0.01",5,layer4_lr0.0001_hd128_wd0.0_cosine,"lr0.0001,wd0.0",-2.349196722411695,0.0001313899048427627
[64],2,"lr=1e-05, wd=0.01",5,layer4_lr0.0001_hd128_wd0.01_cosine,"lr0.0001,wd0.01",-2.667178247602615,1.3453186789265627e-05
[64],2,"lr=1e-05, wd=0.01",5,layer4_lr0.0003_hd128_wd0.0_cosine,"lr0.0003,wd0.0",-2.0005891552810025,0.0013333241497720807
[64],2,"lr=1e-05, wd=0.01",5,layer4_lr0.0003_hd128_wd0.01_cosine,"lr0.0003,wd0.01",-2.2752658163068142,1.4607768665786308e-05
[64],2,"lr=1e-05, wd=0.01",5,layer4_lr0.001_hd128_wd0.0_cosine,"lr0.001,wd0.0",-1.6764809634798623,0.0024884090608011454
[64],2,"lr=1e-05, wd=0.01",5,layer4_lr0.001_hd128_wd0.01_cosine,"lr0.001,wd0.01",-1.5136553805837576,0.001174339577315489
[64],2,"lr=1e-05, wd=0.01",5,layer4_lr0.003_hd128_wd0.0_cosine,"lr0.003,wd0.0",-1.4951512242015657,0.002785958964942349
[64],2,"lr=1e-05, wd=0.01",5,layer4_lr0.003_hd128_wd0.01_cosine,"lr0.003,wd0.01",-1.6233541339087043,0.0002625049037660021
[64],2,"lr=1e-05, wd=0.01",10,layer4_lr1e-05_hd128_wd0.0_cosine,"lr1e-05,wd0.0",-2.49354966157054,0.0003215254778066425
[64],2,"lr=1e-05, wd=0.01",10,layer4_lr1e-05_hd128_wd0.01_cosine,"lr1e-05,wd0.01",-3.537405693038385,4.649788743368547e-05
[64],2,"lr=1e-05, wd=0.01",10,layer4_lr3e-05_hd128_wd0.0_cosine,"lr3e-05,wd0.0",-2.859757018284135,0.00016248206113129323
[64],2,"lr=1e-05, wd=0.01",10,layer4_lr3e-05_hd128_wd0.01_cosine,"lr3e-05,wd0.01",-3.5480840143065637,5.962082750096457e-06
[64],2,"lr=1e-05, wd=0.01",10,layer4_lr0.0001_hd128_wd0.0_cosine,"lr0.0001,wd0.0",-2.8188170973187425,0.00024688116253233005
[64],2,"lr=1e-05, wd=0.01",10,layer4_lr0.0001_hd128_wd0.01_cosine,"lr0.0001,wd0.01",-3.2952792559175217,1.4414141555402268e-05
[64],2,"lr=1e-05, wd=0.01",10,layer4_lr0.0003_hd128_wd0.0_cosine,"lr0.0003,wd0.0",-2.1919512538740964,0.0015913983083614336
[64],2,"lr=1e-05, wd=0.01",10,layer4_lr0.0003_hd128_wd0.01_cosine,"lr0.0003,wd0.01",-2.782914683507907,4.914667366325005e-05
[64],2,"lr=1e-05, wd=0.01",10,layer4_lr0.001_hd128_wd0.0_cosine,"lr0.001,wd0.0",-2.1565567849345504,0.0015397412747673027
[64],2,"lr=1e-05, wd=0.01",10,layer4_lr0.001_hd128_wd0.01_cosine,"lr0.001,wd0.01",-2.3848851108674984,2.7375665244318628e-05
[64],2,"lr=1e-05, wd=0.01",10,layer4_lr0.003_hd128_wd0.0_cosine,"lr0.003,wd0.0",-2.2513647201040556,0.0007016682260545148
[64],2,"lr=1e-05, wd=0.01",10,layer4_lr0.003_hd128_wd0.01_cosine,"lr0.003,wd0.01",-1.8986380180119227,0.00020063299144569023
[64],2,"lr=1e-05, wd=0.01",20,layer4_lr1e-05_hd128_wd0.0_cosine,"lr1e-05,wd0.0",-3.1906528218567054,0.00012329469411290575
[64],2,"lr=1e-05, wd=0.01",20,layer4_lr1e-05_hd128_wd0.01_cosine,"lr1e-05,wd0.01",-3.87123426141943,1.746385464705489e-05
[64],2,"lr=1e-05, wd=0.01",20,layer4_lr3e-05_hd128_wd0.0_cosine,"lr3e-05,wd0.0",-3.4708318716133433,3.2990052148657775e-05
[64],2,"lr=1e-05, wd=0.01",20,layer4_lr3e-05_hd128_wd0.01_cosine,"lr3e-05,wd0.01",-3.878830499091671,7.847479853032968e-06
[64],2,"lr=1e-05, wd=0.01",20,layer4_lr0.0001_hd128_wd0.0_cosine,"lr0.0001,wd0.0",-2.7379923445447476,0.0004403448337482655
[64],2,"lr=1e-05, wd=0.01",20,layer4_lr0.0001_hd128_wd0.01_cosine,"lr0.0001,wd0.01",-3.654917022240369,9.883656992960064e-06
[64],2,"lr=1e-05, wd=0.01",20,layer4_lr0.0003_hd128_wd0.0_cosine,"lr0.0003,wd0.0",-1.8465092057179306,0.0013376023341091265
[64],2,"lr=1e-05, wd=0.01",20,layer4_lr0.0003_hd128_wd0.01_cosine,"lr0.0003,wd0.01",-3.112456427948612,1.3863406349111277e-05
[64],2,"lr=1e-05, wd=0.01",20,layer4_lr0.001_hd128_wd0.0_cosine,"lr0.001,wd0.0",-2.1355042347631223,0.0012545393368602476
[64],2,"lr=1e-05, wd=0.01",20,layer4_lr0.001_hd128_wd0.01_cosine,"lr0.001,wd0.01",-2.519665348069874,5.47577603727615e-05
[64],2,"lr=1e-05, wd=0.01",20,layer4_lr0.003_hd128_wd0.0_cosine,"lr0.003,wd0.0",-2.453151544136655,0.0007336470515610529
[64],2,"lr=1e-05, wd=0.01",20,layer4_lr0.003_hd128_wd0.01_cosine,"lr0.003,wd0.01",-2.7640402039137064,0.0002350118618629663
[64],2,"lr=1e-05, wd=0.01",50,layer4_lr1e-05_hd128_wd0.0_cosine,"lr1e-05,wd0.0",-3.9279732831999286,1.4868337916884606e-05
[64],2,"lr=1e-05, wd=0.01",50,layer4_lr1e-05_hd128_wd0.01_cosine,"lr1e-05,wd0.01",-4.140694889955249,3.2184900297796035e-06
[64],2,"lr=1e-05, wd=0.01",50,layer4_lr3e-05_hd128_wd0.0_cosine,"lr3e-05,wd0.0",-4.0223787331439596,4.425736169248254e-06
[64],2,"lr=1e-05, wd=0.01",50,layer4_lr3e-05_hd128_wd0.01_cosine,"lr3e-05,wd0.01",-4.146832068345488,1.1446050680879794e-06
[64],2,"lr=1e-05, wd=0.01",50,layer4_lr0.0001_hd128_wd0.0_cosine,"lr0.0001,wd0.0",-2.9089974234661384,0.00013558393993717735
[64],2,"lr=1e-05, wd=0.01",50,layer4_lr0.0001_hd128_wd0.01_cosine,"lr0.0001,wd0.01",-4.103927395752026,1.1971899149092282e-06
[64],2,"lr=1e-05, wd=0.01",50,layer4_lr0.0003_hd128_wd0.0_cosine,"lr0.0003,wd0.0",-2.1718884792785955,0.00016941181194997306
[64],2,"lr=1e-05, wd=0.01",50,layer4_lr0.0003_hd128_wd0.01_cosine,"lr0.0003,wd0.01",-4.056177601209674,1.8263889188017491e-06
[64],2,"lr=1e-05, wd=0.01",50,layer4_lr0.001_hd128_wd0.0_cosine,"lr0.001,wd0.0",-2.0396161146269405,6.625300605042171e-05
[64],2,"lr=1e-05, wd=0.01",50,layer4_lr0.001_hd128_wd0.01_cosine,"lr0.001,wd0.01",-3.3310446989567852,9.584816526189309e-05
[64],2,"lr=1e-05, wd=0.01",50,layer4_lr0.003_hd128_wd0.0_cosine,"lr0.003,wd0.0",-3.0275565913024587,0.00021865455347542314
[64],2,"lr=1e-05, wd=0.01",50,layer4_lr0.003_hd128_wd0.01_cosine,"lr0.003,wd0.01",-2.8213532312243728,0.0002772532345229468
[64],2,"lr=1e-05, wd=0.01",90,layer4_lr1e-05_hd128_wd0.0_cosine,"lr1e-05,wd0.0",-4.1716260571795,3.795992913899985e-07
[64],2,"lr=1e-05, wd=0.01",90,layer4_lr1e-05_hd128_wd0.01_cosine,"lr1e-05,wd0.01",-4.1833934761870415,2.3898278890294164e-06
[64],2,"lr=1e-05, wd=0.01",90,layer4_lr3e-05_hd128_wd0.0_cosine,"lr3e-05,wd0.0",-4.087188974772414,4.027354985760406e-06
[64],2,"lr=1e-05, wd=0.01",90,layer4_lr3e-05_hd128_wd0.01_cosine,"lr3e-05,wd0.01",-4.179371035904925,3.496006703881075e-07
[64],2,"lr=1e-05, wd=0.01",90,layer4_lr0.0001_hd128_wd0.0_cosine,"lr0.0001,wd0.0",-3.3973085234025424,5.041361654660099e-06
[64],2,"lr=1e-05, wd=0.01",90,layer4_lr0.0001_hd128_wd0.01_cosine,"lr0.0001,wd0.01",-4.175009550552927,5.242557100810451e-07
[64],2,"lr=1e-05, wd=0.01",90,layer4_lr0.0003_hd128_wd0.0_cosine,"lr0.0003,wd0.0",-3.5001012609231967,2.2312700477445463e-05
[64],2,"lr=1e-05, wd=0.01",90,layer4_lr0.0003_hd128_wd0.01_cosine,"lr0.0003,wd0.01",-4.130310047572818,4.804658354928806e-06
[64],2,"lr=1e-05, wd=0.01",90,layer4_lr0.001_hd128_wd0.0_cosine,"lr0.001,wd0.0",-3.207322282377008,7.93533251823872e-05
[64],2,"lr=1e-05, wd=0.01",90,layer4_lr0.001_hd128_wd0.01_cosine,"lr0.001,wd0.01",-3.954431789967697,1.2349973783561128e-05
[64],2,"lr=1e-05, wd=0.01",90,layer4_lr0.003_hd128_wd0.0_cosine,"lr0.003,wd0.0",-3.1441811968771134,5.107786866900686e-05
[64],2,"lr=1e-05, wd=0.01",90,layer4_lr0.003_hd128_wd0.01_cosine,"lr0.003,wd0.01",-3.423676256723979,6.860832876936219e-05
[64],3,"lr=3e-05, wd=0.0",0,layer4_lr1e-05_hd128_wd0.0_cosine,"lr1e-05,wd0.0",-2.952749321623412,8.75301061924203e-05
[64],3,"lr=3e-05, wd=0.0",0,layer4_lr1e-05_hd128_wd0.01_cosine,"lr1e-05,wd0.01",-2.0440464957833933,0.0004547835457144837
[64],3,"lr=3e-05, wd=0.0",0,layer4_lr3e-05_hd128_wd0.0_cosine,"lr3e-05,wd0.0",-2.585507458814976,0.00021111891874052427
[64],3,"lr=3e-05, wd=0.0",0,layer4_lr3e-05_hd128_wd0.01_cosine,"lr3e-05,wd0.01",-3.0273334020992837,5.078164474792583e-05
[64],3,"lr=3e-05, wd=0.0",0,layer4_lr0.0001_hd128_wd0.0_cosine,"lr0.0001,wd0.0",-2.0225388077877975,0.0004818129329276638
[64],3,"lr=3e-05, wd=0.0",0,layer4_lr0.0001_hd128_wd0.01_cosine,"lr0.0001,wd0.01",-2.1416988252840445,8.734964632663369e-05
[64],3,"lr=3e-05, wd=0.0",0,layer4_lr0.0003_hd128_wd0.0_cosine,"lr0.0003,wd0.0",-1.459842096807634,0.0006337220717590593
[64],3,"lr=3e-05, wd=0.0",0,layer4_lr0.0003_hd128_wd0.01_cosine,"lr0.0003,wd0.01",-1.4328137235837768,0.00011231240638175087
[64],3,"lr=3e-05, wd=0.0",0,layer4_lr0.001_hd128_wd0.0_cosine,"lr0.001,wd0.0",-1.1741995921619215,0.0006583855964658684
[64],3,"lr=3e-05, wd=0.0",0,layer4_lr0.001_hd128_wd0.01_cosine,"lr0.001,wd0.01",-1.1840859190895057,0.00015547939619367117
[64],3,"lr=3e-05, wd=0.0",0,layer4_lr0.003_hd128_wd0.0_cosine,"lr0.003,wd0.0",-1.0717694105019777,0.0003628787368899547
[64],3,"lr=3e-05, wd=0.0",0,layer4_lr0.003_hd128_wd0.01_cosine,"lr0.003,wd0.01",-1.0579777166490294,0.0006245288629080714
[64],3,"lr=3e-05, wd=0.0",5,layer4_lr1e-05_hd128_wd0.0_cosine,"lr1e-05,wd0.0",-3.4226918324463678,4.4339020339200405e-06
[64],3,"lr=3e-05, wd=0.0",5,layer4_lr1e-05_hd128_wd0.01_cosine,"lr1e-05,wd0.01",-3.129272139824799,3.8692119946265954e-05
[64],3,"lr=3e-05, wd=0.0",5,layer4_lr3e-05_hd128_wd0.0_cosine,"lr3e-05,wd0.0",-3.147992574045291,0.00011071418373451543
[64],3,"lr=3e-05, wd=0.0",5,layer4_lr3e-05_hd128_wd0.01_cosine,"lr3e-05,wd0.01",-3.443088741683698,6.484476738045671e-05
[64],3,"lr=3e-05, wd=0.0",5,layer4_lr0.0001_hd128_wd0.0_cosine,"lr0.0001,wd0.0",-2.693066330912512,3.599017942485517e-05
[64],3,"lr=3e-05, wd=0.0",5,layer4_lr0.0001_hd128_wd0.01_cosine,"lr0.0001,wd0.01",-2.9362660167973904,1.6154134872521644e-06
[64],3,"lr=3e-05, wd=0.0",5,layer4_lr0.0003_hd128_wd0.0_cosine,"lr0.0003,wd0.0",-2.3386099495054906,0.0010518486036179284
[64],3,"lr=3e-05, wd=0.0",5,layer4_lr0.0003_hd128_wd0.01_cosine,"lr0.0003,wd0.01",-2.8666366574267936,9.352807105795152e-06
[64],3,"lr=3e-05, wd=0.0",5,layer4_lr0.001_hd128_wd0.0_cosine,"lr0.001,wd0.0",-2.038351373294131,0.00204567241068743
[64],3,"lr=3e-05, wd=0.0",5,layer4_lr0.001_hd128_wd0.01_cosine,"lr0.001,wd0.01",-1.7187530013256573,0.0006561472882168478
[64],3,"lr=3e-05, wd=0.0",5,layer4_lr0.003_hd128_wd0.0_cosine,"lr0.003,wd0.0",-1.7743480198906256,0.0021578329776907553
[64],3,"lr=3e-05, wd=0.0",5,layer4_lr0.003_hd128_wd0.01_cosine,"lr0.003,wd0.01",-1.5240013282974962,0.00014525794456796395
[64],3,"lr=3e-05, wd=0.0",10,layer4_lr1e-05_hd128_wd0.0_cosine,"lr1e-05,wd0.0",-3.452341927368562,5.5707314946742765e-05
[64],3,"lr=3e-05, wd=0.0",10,layer4_lr1e-05_hd128_wd0.01_cosine,"lr1e-05,wd0.01",-3.521580947855926,3.5563710114693384e-05
[64],3,"lr=3e-05, wd=0.0",10,layer4_lr3e-05_hd128_wd0.0_cosine,"lr3e-05,wd0.0",-3.3224494538983906,7.956498161024139e-05
[64],3,"lr=3e-05, wd=0.0",10,layer4_lr3e-05_hd128_wd0.01_cosine,"lr3e-05,wd0.01",-3.4724161220244745,6.310112032852199e-05
[64],3,"lr=3e-05, wd=0.0",10,layer4_lr0.0001_hd128_wd0.0_cosine,"lr0.0001,wd0.0",-3.129027083585092,0.00010992429496809822
[64],3,"lr=3e-05, wd=0.0",10,layer4_lr0.0001_hd128_wd0.01_cosine,"lr0.0001,wd0.01",-3.4918398734721063,1.2398188656874269e-05
[64],3,"lr=3e-05, wd=0.0",10,layer4_lr0.0003_hd128_wd0.0_cosine,"lr0.0003,wd0.0",-1.6366827923512834,0.0012621715597397596
[64],3,"lr=3e-05, wd=0.0",10,layer4_lr0.0003_hd128_wd0.01_cosine,"lr0.0003,wd0.01",-3.0979735489939983,2.998291039611557e-05
[64],3,"lr=3e-05, wd=0.0",10,layer4_lr0.001_hd128_wd0.0_cosine,"lr0.001,wd0.0",-2.359375668765528,0.001286396470109546
[64],3,"lr=3e-05, wd=0.0",10,layer4_lr0.001_hd128_wd0.01_cosine,"lr0.001,wd0.01",-2.4214458084463835,2.3521344775809953e-05
[64],3,"lr=3e-05, wd=0.0",10,layer4_lr0.003_hd128_wd0.0_cosine,"lr0.003,wd0.0",-2.5713187642716195,0.0005580148019299718
[64],3,"lr=3e-05, wd=0.0",10,layer4_lr0.003_hd128_wd0.01_cosine,"lr0.003,wd0.01",-1.8402319309803163,7.698360341235986e-05
[64],3,"lr=3e-05, wd=0.0",20,layer4_lr1e-05_hd128_wd0.0_cosine,"lr1e-05,wd0.0",-3.5228671969250174,4.915203557539939e-05
[64],3,"lr=3e-05, wd=0.0",20,layer4_lr1e-05_hd128_wd0.01_cosine,"lr1e-05,wd0.01",-3.9841148152164423,8.672332922494653e-06
[64],3,"lr=3e-05, wd=0.0",20,layer4_lr3e-05_hd128_wd0.0_cosine,"lr3e-05,wd0.0",-3.6868596413966293,3.750439573670012e-05
[64],3,"lr=3e-05, wd=0.0",20,layer4_lr3e-05_hd128_wd0.01_cosine,"lr3e-05,wd0.01",-3.837792125533615,2.7172058579003915e-05
[64],3,"lr=3e-05, wd=0.0",20,layer4_lr0.0001_hd128_wd0.0_cosine,"lr0.0001,wd0.0",-2.8983284647209433,0.0002596622125002891
[64],3,"lr=3e-05, wd=0.0",20,layer4_lr0.0001_hd128_wd0.01_cosine,"lr0.0001,wd0.01",-3.8264509055252454,7.145602831689364e-06
[64],3,"lr=3e-05, wd=0.0",20,layer4_lr0.0003_hd128_wd0.0_cosine,"lr0.0003,wd0.0",0.5527997898703185,0.0011542582110120384
[64],3,"lr=3e-05, wd=0.0",20,layer4_lr0.0003_hd128_wd0.01_cosine,"lr0.0003,wd0.01",-3.4685081397959108,4.830053391373611e-06
[64],3,"lr=3e-05, wd=0.0",20,layer4_lr0.001_hd128_wd0.0_cosine,"lr0.001,wd0.0",-1.66031263793568,0.0011147321706489672
[64],3,"lr=3e-05, wd=0.0",20,layer4_lr0.001_hd128_wd0.01_cosine,"lr0.001,wd0.01",-2.8484308245553454,2.8698399729680327e-05
[64],3,"lr=3e-05, wd=0.0",20,layer4_lr0.003_hd128_wd0.0_cosine,"lr0.003,wd0.0",-2.5598565328814114,0.0006252485989784324
[64],3,"lr=3e-05, wd=0.0",20,layer4_lr0.003_hd128_wd0.01_cosine,"lr0.003,wd0.01",-2.4002569422583186,0.000389982220123656
[64],3,"lr=3e-05, wd=0.0",50,layer4_lr1e-05_hd128_wd0.0_cosine,"lr1e-05,wd0.0",-4.15024265116593,3.966883226406843e-06
[64],3,"lr=3e-05, wd=0.0",50,layer4_lr1e-05_hd128_wd0.01_cosine,"lr1e-05,wd0.01",-4.204558500606043,1.483620259285765e-06
[64],3,"lr=3e-05, wd=0.0",50,layer4_lr3e-05_hd128_wd0.0_cosine,"lr3e-05,wd0.0",-4.105513630094605,3.7886084548133477e-07
[64],3,"lr=3e-05, wd=0.0",50,layer4_lr3e-05_hd128_wd0.01_cosine,"lr3e-05,wd0.01",-4.152634566965406,2.9925639199974453e-06
[64],3,"lr=3e-05, wd=0.0",50,layer4_lr0.0001_hd128_wd0.0_cosine,"lr0.0001,wd0.0",-2.7494901831927887,0.0001574163512036688
[64],3,"lr=3e-05, wd=0.0",50,layer4_lr0.0001_hd128_wd0.01_cosine,"lr0.0001,wd0.01",-4.137493162255026,9.204564456861641e-07
[64],3,"lr=3e-05, wd=0.0",50,layer4_lr0.0003_hd128_wd0.0_cosine,"lr0.0003,wd0.0",-2.3170351222783894,7.12258213174095e-05
[64],3,"lr=3e-05, wd=0.0",50,layer4_lr0.0003_hd128_wd0.01_cosine,"lr0.0003,wd0.01",-4.067593534277014,5.171147774909969e-06
[64],3,"lr=3e-05, wd=0.0",50,layer4_lr0.001_hd128_wd0.0_cosine,"lr0.001,wd0.0",-2.0256676920642183,0.000118829867753552
[64],3,"lr=3e-05, wd=0.0",50,layer4_lr0.001_hd128_wd0.01_cosine,"lr0.001,wd0.01",-3.130038299014763,0.00010938485691380368
[64],3,"lr=3e-05, wd=0.0",50,layer4_lr0.003_hd128_wd0.0_cosine,"lr0.003,wd0.0",-2.999215879719726,0.00019184653437751058
[64],3,"lr=3e-05, wd=0.0",50,layer4_lr0.003_hd128_wd0.01_cosine,"lr0.003,wd0.01",-1.7683743668924776,0.000315198359695719
[64],3,"lr=3e-05, wd=0.0",90,layer4_lr1e-05_hd128_wd0.0_cosine,"lr1e-05,wd0.0",-4.205352356891141,4.0505800943828733e-07
[64],3,"lr=3e-05, wd=0.0",90,layer4_lr1e-05_hd128_wd0.01_cosine,"lr1e-05,wd0.01",-4.223702667242977,9.882895427362318e-07
[64],3,"lr=3e-05, wd=0.0",90,layer4_lr3e-05_hd128_wd0.0_cosine,"lr3e-05,wd0.0",-4.179857069567212,1.329353861482328e-07
[64],3,"lr=3e-05, wd=0.0",90,layer4_lr3e-05_hd128_wd0.01_cosine,"lr3e-05,wd0.01",-4.172858756627501,1.6423125310841048e-06
[64],3,"lr=3e-05, wd=0.0",90,layer4_lr0.0001_hd128_wd0.0_cosine,"lr0.0001,wd0.0",-3.2136426569301637,7.742294337523592e-07
[64],3,"lr=3e-05, wd=0.0",90,layer4_lr0.0001_hd128_wd0.01_cosine,"lr0.0001,wd0.01",-4.175807194731222,3.301649537008484e-07
[64],3,"lr=3e-05, wd=0.0",90,layer4_lr0.0003_hd128_wd0.0_cosine,"lr0.0003,wd0.0",-3.5065030143628912,8.718538771402787e-06
[64],3,"lr=3e-05, wd=0.0",90,layer4_lr0.0003_hd128_wd0.01_cosine,"lr0.0003,wd0.01",-4.071482509455496,7.798073828148299e-06
[64],3,"lr=3e-05, wd=0.0",90,layer4_lr0.001_hd128_wd0.0_cosine,"lr0.001,wd0.0",-3.3043617787500286,5.571315855341289e-05
[64],3,"lr=3e-05, wd=0.0",90,layer4_lr0.001_hd128_wd0.01_cosine,"lr0.001,wd0.01",-3.7938669934210814,2.8320436412900677e-05
[64],3,"lr=3e-05, wd=0.0",90,layer4_lr0.003_hd128_wd0.0_cosine,"lr0.003,wd0.0",-2.9535181524890533,1.585633061252778e-05
[64],3,"lr=3e-05, wd=0.0",90,layer4_lr0.003_hd128_wd0.01_cosine,"lr0.003,wd0.01",-3.118877418019077,0.00010341401147424687
[64],4,"lr=3e-05, wd=0.01",0,layer4_lr1e-05_hd128_wd0.0_cosine,"lr1e-05,wd0.0",-1.9203772175810263,0.00013024723758694074
[64],4,"lr=3e-05, wd=0.01",0,layer4_lr1e-05_hd128_wd0.01_cosine,"lr1e-05,wd0.01",-2.6341082989683273,7.164859678080938e-05
[64],4,"lr=3e-05, wd=0.01",0,layer4_lr3e-05_hd128_wd0.0_cosine,"lr3e-05,wd0.0",-1.7156907354849114,0.0008705877561691021
[64],4,"lr=3e-05, wd=0.01",0,layer4_lr3e-05_hd128_wd0.01_cosine,"lr3e-05,wd0.01",-3.1773827695866106,9.967496843291087e-05
[64],4,"lr=3e-05, wd=0.01",0,layer4_lr0.0001_hd128_wd0.0_cosine,"lr0.0001,wd0.0",-1.5895433987822278,0.0011347788645364532
[64],4,"lr=3e-05, wd=0.01",0,layer4_lr0.0001_hd128_wd0.01_cosine,"lr0.0001,wd0.01",-2.330079660347791,0.0004016511280707745
[64],4,"lr=3e-05, wd=0.01",0,layer4_lr0.0003_hd128_wd0.0_cosine,"lr0.0003,wd0.0",-1.261020417008384,0.0009173714061312616
[64],4,"lr=3e-05, wd=0.01",0,layer4_lr0.0003_hd128_wd0.01_cosine,"lr0.0003,wd0.01",-1.3537740872219453,0.00040169424392066206
[64],4,"lr=3e-05, wd=0.01",0,layer4_lr0.001_hd128_wd0.0_cosine,"lr0.001,wd0.0",-1.0871272778898413,0.0008021995287373555
[64],4,"lr=3e-05, wd=0.01",0,layer4_lr0.001_hd128_wd0.01_cosine,"lr0.001,wd0.01",-1.1257334808646233,0.00016857777504319723
[64],4,"lr=3e-05, wd=0.01",0,layer4_lr0.003_hd128_wd0.0_cosine,"lr0.003,wd0.0",-1.0180961554140262,0.0004363747530627911
[64],4,"lr=3e-05, wd=0.01",0,layer4_lr0.003_hd128_wd0.01_cosine,"lr0.003,wd0.01",-1.031524295205163,0.00020859646930863386
[64],4,"lr=3e-05, wd=0.01",5,layer4_lr1e-05_hd128_wd0.0_cosine,"lr1e-05,wd0.0",-2.874408446008031,0.00020668917777612474
[64],4,"lr=3e-05, wd=0.01",5,layer4_lr1e-05_hd128_wd0.01_cosine,"lr1e-05,wd0.01",-3.305270478312388,1.0220946412021445e-05
[64],4,"lr=3e-05, wd=0.01",5,layer4_lr3e-05_hd128_wd0.0_cosine,"lr3e-05,wd0.0",-2.206197962326899,0.0005605586344831883
[64],4,"lr=3e-05, wd=0.01",5,layer4_lr3e-05_hd128_wd0.01_cosine,"lr3e-05,wd0.01",-3.535599521422326,4.1438746871069146e-05
[64],4,"lr=3e-05, wd=0.01",5,layer4_lr0.0001_hd128_wd0.0_cosine,"lr0.0001,wd0.0",-2.4830832762825055,6.940559340314466e-05
[64],4,"lr=3e-05, wd=0.01",5,layer4_lr0.0001_hd128_wd0.01_cosine,"lr0.0001,wd0.01",-2.9049069123589994,9.362469265546335e-05
[64],4,"lr=3e-05, wd=0.01",5,layer4_lr0.0003_hd128_wd0.0_cosine,"lr0.0003,wd0.0",-2.5548412359315393,0.0007301473859815872
[64],4,"lr=3e-05, wd=0.01",5,layer4_lr0.0003_hd128_wd0.01_cosine,"lr0.0003,wd0.01",-3.0846171487578133,2.217565454748917e-05
[64],4,"lr=3e-05, wd=0.01",5,layer4_lr0.001_hd128_wd0.0_cosine,"lr0.001,wd0.0",-2.01740983349732,0.0015185162364083978
[64],4,"lr=3e-05, wd=0.01",5,layer4_lr0.001_hd128_wd0.01_cosine,"lr0.001,wd0.01",-1.8214750689802184,0.0003040018238080525
[64],4,"lr=3e-05, wd=0.01",5,layer4_lr0.003_hd128_wd0.0_cosine,"lr0.003,wd0.0",-1.7316768419448005,0.0015686933827920163
[64],4,"lr=3e-05, wd=0.01",5,layer4_lr0.003_hd128_wd0.01_cosine,"lr0.003,wd0.01",-1.5685208044753358,0.0002476763281507235
[64],4,"lr=3e-05, wd=0.01",10,layer4_lr1e-05_hd128_wd0.0_cosine,"lr1e-05,wd0.0",-1.557286583680136,0.0002717283482339576
[64],4,"lr=3e-05, wd=0.01",10,layer4_lr1e-05_hd128_wd0.01_cosine,"lr1e-05,wd0.01",-3.2063814026934243,7.922653936909369e-05
[64],4,"lr=3e-05, wd=0.01",10,layer4_lr3e-05_hd128_wd0.0_cosine,"lr3e-05,wd0.0",-2.2839500087581386,0.0003680736606905864
[64],4,"lr=3e-05, wd=0.01",10,layer4_lr3e-05_hd128_wd0.01_cosine,"lr3e-05,wd0.01",-3.7882038761238204,2.2013074370034024e-05
[64],4,"lr=3e-05, wd=0.01",10,layer4_lr0.0001_hd128_wd0.0_cosine,"lr0.0001,wd0.0",-3.062057886642054,7.018998419538491e-05
[64],4,"lr=3e-05, wd=0.01",10,layer4_lr0.0001_hd128_wd0.01_cosine,"lr0.0001,wd0.01",-3.4656866623672253,2.1103252643782496e-05
[64],4,"lr=3e-05, wd=0.01",10,layer4_lr0.0003_hd128_wd0.0_cosine,"lr0.0003,wd0.0",-2.370809446488141,0.0010045661958764413
[64],4,"lr=3e-05, wd=0.01",10,layer4_lr0.0003_hd128_wd0.01_cosine,"lr0.0003,wd0.01",-3.366085687762053,4.002178956262809e-06
[64],4,"lr=3e-05, wd=0.01",10,layer4_lr0.001_hd128_wd0.0_cosine,"lr0.001,wd0.0",-2.3845622984849917,0.0011244029114744064
[64],4,"lr=3e-05, wd=0.01",10,layer4_lr0.001_hd128_wd0.01_cosine,"lr0.001,wd0.01",-2.7424228616482824,3.839412976698298e-05
[64],4,"lr=3e-05, wd=0.01",10,layer4_lr0.003_hd128_wd0.0_cosine,"lr0.003,wd0.0",-2.5782711655871853,0.00044800676941040283
[64],4,"lr=3e-05, wd=0.01",10,layer4_lr0.003_hd128_wd0.01_cosine,"lr0.003,wd0.01",-1.980173314141436,6.089379418967283e-05
[64],4,"lr=3e-05, wd=0.01",20,layer4_lr1e-05_hd128_wd0.0_cosine,"lr1e-05,wd0.0",-2.313507733590484,0.0001484709361205919
[64],4,"lr=3e-05, wd=0.01",20,layer4_lr1e-05_hd128_wd0.01_cosine,"lr1e-05,wd0.01",-3.5365230759132618,4.7569918375466344e-05
[64],4,"lr=3e-05, wd=0.01",20,layer4_lr3e-05_hd128_wd0.0_cosine,"lr3e-05,wd0.0",-3.1357473403132965,0.00010957043215768717
[64],4,"lr=3e-05, wd=0.01",20,layer4_lr3e-05_hd128_wd0.01_cosine,"lr3e-05,wd0.01",-3.9620209088061373,1.2085571718778975e-05
[64],4,"lr=3e-05, wd=0.01",20,layer4_lr0.0001_hd128_wd0.0_cosine,"lr0.0001,wd0.0",-3.002318945427733,0.00020959263392153095
[64],4,"lr=3e-05, wd=0.01",20,layer4_lr0.0001_hd128_wd0.01_cosine,"lr0.0001,wd0.01",-3.769395995906246,3.4192213596857e-06
[64],4,"lr=3e-05, wd=0.01",20,layer4_lr0.0003_hd128_wd0.0_cosine,"lr0.0003,wd0.0",-1.4202416865510648,0.0010458930900033928
[64],4,"lr=3e-05, wd=0.01",20,layer4_lr0.0003_hd128_wd0.01_cosine,"lr0.0003,wd0.01",-3.6875346453191136,4.547929331258348e-06
[64],4,"lr=3e-05, wd=0.01",20,layer4_lr0.001_hd128_wd0.0_cosine,"lr0.001,wd0.0",-1.751939021683765,0.0010655259329264383
[64],4,"lr=3e-05, wd=0.01",20,layer4_lr0.001_hd128_wd0.01_cosine,"lr0.001,wd0.01",-3.0925461441220583,2.3067961081438376e-05
[64],4,"lr=3e-05, wd=0.01",20,layer4_lr0.003_hd128_wd0.0_cosine,"lr0.003,wd0.0",-2.5823655325847574,0.0005776272135876027
[64],4,"lr=3e-05, wd=0.01",20,layer4_lr0.003_hd128_wd0.01_cosine,"lr0.003,wd0.01",-2.775020943265952,0.0003666716577564844
[64],4,"lr=3e-05, wd=0.01",50,layer4_lr1e-05_hd128_wd0.0_cosine,"lr1e-05,wd0.0",-4.037878538830563,1.0500854263776918e-05
[64],4,"lr=3e-05, wd=0.01",50,layer4_lr1e-05_hd128_wd0.01_cosine,"lr1e-05,wd0.01",-4.218708483820232,8.669349381071885e-07
[64],4,"lr=3e-05, wd=0.01",50,layer4_lr3e-05_hd128_wd0.0_cosine,"lr3e-05,wd0.0",-3.643314088354212,1.94397828452702e-06
[64],4,"lr=3e-05, wd=0.01",50,layer4_lr3e-05_hd128_wd0.01_cosine,"lr3e-05,wd0.01",-4.159972158235607,1.8111600221684106e-06
[64],4,"lr=3e-05, wd=0.01",50,layer4_lr0.0001_hd128_wd0.0_cosine,"lr0.0001,wd0.0",-2.9359568504728526,0.0001386814338182321
[64],4,"lr=3e-05, wd=0.01",50,layer4_lr0.0001_hd128_wd0.01_cosine,"lr0.0001,wd0.01",-4.128292414424029,2.3223178056923125e-06
[64],4,"lr=3e-05, wd=0.01",50,layer4_lr0.0003_hd128_wd0.0_cosine,"lr0.0003,wd0.0",-2.299574879799148,0.00010551481999504244
[64],4,"lr=3e-05, wd=0.01",50,layer4_lr0.0003_hd128_wd0.01_cosine,"lr0.0003,wd0.01",-4.070135179721702,6.158716704999901e-06
[64],4,"lr=3e-05, wd=0.01",50,layer4_lr0.001_hd128_wd0.0_cosine,"lr0.001,wd0.0",-2.0355109844068564,9.341486423158874e-05
[64],4,"lr=3e-05, wd=0.01",50,layer4_lr0.001_hd128_wd0.01_cosine,"lr0.001,wd0.01",-3.015946391409685,0.00010996453976237554
[64],4,"lr=3e-05, wd=0.01",50,layer4_lr0.003_hd128_wd0.0_cosine,"lr0.003,wd0.0",-3.071159257741923,0.0002040808066993553
[64],4,"lr=3e-05, wd=0.01",50,layer4_lr0.003_hd128_wd0.01_cosine,"lr0.003,wd0.01",-1.366469879149379,0.0003119731635039052
[64],4,"lr=3e-05, wd=0.01",90,layer4_lr1e-05_hd128_wd0.0_cosine,"lr1e-05,wd0.0",-4.1984808064524035,1.9310338522391488e-07
[64],4,"lr=3e-05, wd=0.01",90,layer4_lr1e-05_hd128_wd0.01_cosine,"lr1e-05,wd0.01",-4.236536761305464,2.0686602523806762e-07
[64],4,"lr=3e-05, wd=0.01",90,layer4_lr3e-05_hd128_wd0.0_cosine,"lr3e-05,wd0.0",-4.104941763020538,4.977229084794564e-07
[64],4,"lr=3e-05, wd=0.01",90,layer4_lr3e-05_hd128_wd0.01_cosine,"lr3e-05,wd0.01",-4.202141998988517,7.566608472080456e-07
[64],4,"lr=3e-05, wd=0.01",90,layer4_lr0.0001_hd128_wd0.0_cosine,"lr0.0001,wd0.0",-3.347907378444566,2.5430241929236116e-06
[64],4,"lr=3e-05, wd=0.01",90,layer4_lr0.0001_hd128_wd0.01_cosine,"lr0.0001,wd0.01",-4.196230520493629,1.4680060404907512e-07
[64],4,"lr=3e-05, wd=0.01",90,layer4_lr0.0003_hd128_wd0.0_cosine,"lr0.0003,wd0.0",-3.4861208185095776,1.0795918918295176e-05
[64],4,"lr=3e-05, wd=0.01",90,layer4_lr0.0003_hd128_wd0.01_cosine,"lr0.0003,wd0.01",-4.106046466408643,6.527698772985467e-06
[64],4,"lr=3e-05, wd=0.01",90,layer4_lr0.001_hd128_wd0.0_cosine,"lr0.001,wd0.0",-3.284387393810116,6.060183244262948e-05
[64],4,"lr=3e-05, wd=0.01",90,layer4_lr0.001_hd128_wd0.01_cosine,"lr0.001,wd0.01",-3.880522732294677,2.014687391856901e-05
[64],4,"lr=3e-05, wd=0.01",90,layer4_lr0.003_hd128_wd0.0_cosine,"lr0.003,wd0.0",-3.0167902869314003,2.4176318005872642e-05
[64],4,"lr=3e-05, wd=0.01",90,layer4_lr0.003_hd128_wd0.01_cosine,"lr0.003,wd0.01",-3.1359293889114093,0.00010260933803650191
[64],5,"lr=1e-04, wd=0.0",0,layer4_lr1e-05_hd128_wd0.0_cosine,"lr1e-05,wd0.0",-1.4886865917843013,0.0006797050744690562
[64],5,"lr=1e-04, wd=0.0",0,layer4_lr1e-05_hd128_wd0.01_cosine,"lr1e-05,wd0.01",-1.3509457876547852,0.00140257464471442
[64],5,"lr=1e-04, wd=0.0",0,layer4_lr3e-05_hd128_wd0.0_cosine,"lr3e-05,wd0.0",-2.681513509587023,3.333047992995977e-05
[64],5,"lr=1e-04, wd=0.0",0,layer4_lr3e-05_hd128_wd0.01_cosine,"lr3e-05,wd0.01",-2.015944148428892,0.00042580925794136675
[64],5,"lr=1e-04, wd=0.0",0,layer4_lr0.0001_hd128_wd0.0_cosine,"lr0.0001,wd0.0",-3.318954322765712,6.925407328572773e-05
[64],5,"lr=1e-04, wd=0.0",0,layer4_lr0.0001_hd128_wd0.01_cosine,"lr0.0001,wd0.01",-2.758424209394953,0.00014487796882336955
[64],5,"lr=1e-04, wd=0.0",0,layer4_lr0.0003_hd128_wd0.0_cosine,"lr0.0003,wd0.0",-2.460749203092706,0.00044162767367679566
[64],5,"lr=1e-04, wd=0.0",0,layer4_lr0.0003_hd128_wd0.01_cosine,"lr0.0003,wd0.01",-2.2728248771541955,0.0001845706732339163
[64],5,"lr=1e-04, wd=0.0",0,layer4_lr0.001_hd128_wd0.0_cosine,"lr0.001,wd0.0",-1.6318854701376286,0.0005661704222967465
[64],5,"lr=1e-04, wd=0.0",0,layer4_lr0.001_hd128_wd0.01_cosine,"lr0.001,wd0.01",-1.5458528649465761,0.0005325247894188231
[64],5,"lr=1e-04, wd=0.0",0,layer4_lr0.003_hd128_wd0.0_cosine,"lr0.003,wd0.0",-1.2747923115587472,0.00042059769493083763
[64],5,"lr=1e-04, wd=0.0",0,layer4_lr0.003_hd128_wd0.01_cosine,"lr0.003,wd0.01",-1.2121149929777777,0.0014348945818763604
[64],5,"lr=1e-04, wd=0.0",5,layer4_lr1e-05_hd128_wd0.0_cosine,"lr1e-05,wd0.0",-2.5055671817045466,0.00010010432453909008
[64],5,"lr=1e-04, wd=0.0",5,layer4_lr1e-05_hd128_wd0.01_cosine,"lr1e-05,wd0.01",-2.4614158687173027,3.646813997924053e-06
[64],5,"lr=1e-04, wd=0.0",5,layer4_lr3e-05_hd128_wd0.0_cosine,"lr3e-05,wd0.0",-3.4502046410713074,5.160019257363188e-05
[64],5,"lr=1e-04, wd=0.0",5,layer4_lr3e-05_hd128_wd0.01_cosine,"lr3e-05,wd0.01",-3.2648504834850183,2.3668505564436545e-05
[64],5,"lr=1e-04, wd=0.0",5,layer4_lr0.0001_hd128_wd0.0_cosine,"lr0.0001,wd0.0",-3.472520751080001,5.5104970498795124e-05
[64],5,"lr=1e-04, wd=0.0",5,layer4_lr0.0001_hd128_wd0.01_cosine,"lr0.0001,wd0.01",-3.0044350125666943,0.0001153232721208426
[64],5,"lr=1e-04, wd=0.0",5,layer4_lr0.0003_hd128_wd0.0_cosine,"lr0.0003,wd0.0",-2.5096408769740233,0.0006784772210619459
[64],5,"lr=1e-04, wd=0.0",5,layer4_lr0.0003_hd128_wd0.01_cosine,"lr0.0003,wd0.01",-2.8887661109885783,0.0001468631203826665
[64],5,"lr=1e-04, wd=0.0",5,layer4_lr0.001_hd128_wd0.0_cosine,"lr0.001,wd0.0",-2.329963212456884,0.0011292773716173729
[64],5,"lr=1e-04, wd=0.0",5,layer4_lr0.001_hd128_wd0.01_cosine,"lr0.001,wd0.01",-2.1186537965610333,0.00033304489178456764
[64],5,"lr=1e-04, wd=0.0",5,layer4_lr0.003_hd128_wd0.0_cosine,"lr0.003,wd0.0",-2.386176333122944,0.0008587785027993365
[64],5,"lr=1e-04, wd=0.0",5,layer4_lr0.003_hd128_wd0.01_cosine,"lr0.003,wd0.01",-2.2346110160453065,0.0002441700679462994
[64],5,"lr=1e-04, wd=0.0",10,layer4_lr1e-05_hd128_wd0.0_cosine,"lr1e-05,wd0.0",-2.729617985634905,0.00025377013992838377
[64],5,"lr=1e-04, wd=0.0",10,layer4_lr1e-05_hd128_wd0.01_cosine,"lr1e-05,wd0.01",-2.7756013009812626,0.000159821983264869
[64],5,"lr=1e-04, wd=0.0",10,layer4_lr3e-05_hd128_wd0.0_cosine,"lr3e-05,wd0.0",-3.3472962740007866,7.156475391354698e-05
[64],5,"lr=1e-04, wd=0.0",10,layer4_lr3e-05_hd128_wd0.01_cosine,"lr3e-05,wd0.01",-3.8255617663184345,7.761222039976573e-06
[64],5,"lr=1e-04, wd=0.0",10,layer4_lr0.0001_hd128_wd0.0_cosine,"lr0.0001,wd0.0",-3.474768977544536,6.335323105311226e-05
[64],5,"lr=1e-04, wd=0.0",10,layer4_lr0.0001_hd128_wd0.01_cosine,"lr0.0001,wd0.01",-3.4663755736763786,5.7681593532124354e-05
[64],5,"lr=1e-04, wd=0.0",10,layer4_lr0.0003_hd128_wd0.0_cosine,"lr0.0003,wd0.0",-2.022625557729049,0.0008668951795423661
[64],5,"lr=1e-04, wd=0.0",10,layer4_lr0.0003_hd128_wd0.01_cosine,"lr0.0003,wd0.01",-3.479810197068652,5.320218642416014e-05
[64],5,"lr=1e-04, wd=0.0",10,layer4_lr0.001_hd128_wd0.0_cosine,"lr0.001,wd0.0",-1.8628347238438023,0.0011262196993606182
[64],5,"lr=1e-04, wd=0.0",10,layer4_lr0.001_hd128_wd0.01_cosine,"lr0.001,wd0.01",-3.032137484340833,4.158408628929597e-05
[64],5,"lr=1e-04, wd=0.0",10,layer4_lr0.003_hd128_wd0.0_cosine,"lr0.003,wd0.0",-2.7658274489019155,0.00046146093550958534
[64],5,"lr=1e-04, wd=0.0",10,layer4_lr0.003_hd128_wd0.01_cosine,"lr0.003,wd0.01",-2.7088942511325937,0.00011445509822802771
[64],5,"lr=1e-04, wd=0.0",20,layer4_lr1e-05_hd128_wd0.0_cosine,"lr1e-05,wd0.0",-3.6103464809570176,3.59202430799233e-05
[64],5,"lr=1e-04, wd=0.0",20,layer4_lr1e-05_hd128_wd0.01_cosine,"lr1e-05,wd0.01",-3.583275873111627,5.363599777346102e-06
[64],5,"lr=1e-04, wd=0.0",20,layer4_lr3e-05_hd128_wd0.0_cosine,"lr3e-05,wd0.0",-3.435675930774157,5.555488588750708e-05
[64],5,"lr=1e-04, wd=0.0",20,layer4_lr3e-05_hd128_wd0.01_cosine,"lr3e-05,wd0.01",-4.066797071276953,9.68634566433686e-07
[64],5,"lr=1e-04, wd=0.0",20,layer4_lr0.0001_hd128_wd0.0_cosine,"lr0.0001,wd0.0",-3.0978585356267647,0.0001132276272178034
[64],5,"lr=1e-04, wd=0.0",20,layer4_lr0.0001_hd128_wd0.01_cosine,"lr0.0001,wd0.01",-4.090846882640256,3.6598780114807592e-06
[64],5,"lr=1e-04, wd=0.0",20,layer4_lr0.0003_hd128_wd0.0_cosine,"lr0.0003,wd0.0",-0.27365342960453454,0.001028890978279373
[64],5,"lr=1e-04, wd=0.0",20,layer4_lr0.0003_hd128_wd0.01_cosine,"lr0.0003,wd0.01",-3.79299976964247,8.164886698982319e-06
[64],5,"lr=1e-04, wd=0.0",20,layer4_lr0.001_hd128_wd0.0_cosine,"lr0.001,wd0.0",0.06533536480092163,0.0010022708831568374
[64],5,"lr=1e-04, wd=0.0",20,layer4_lr0.001_hd128_wd0.01_cosine,"lr0.001,wd0.01",-3.3963980530911364,2.825694289963633e-05
[64],5,"lr=1e-04, wd=0.0",20,layer4_lr0.003_hd128_wd0.0_cosine,"lr0.003,wd0.0",-1.7333660924469645,0.00047118642073237777
[64],5,"lr=1e-04, wd=0.0",20,layer4_lr0.003_hd128_wd0.01_cosine,"lr0.003,wd0.01",-3.2057611266218164,0.00019467758421359862
[64],5,"lr=1e-04, wd=0.0",50,layer4_lr1e-05_hd128_wd0.0_cosine,"lr1e-05,wd0.0",-4.135203399983975,1.9727697675662425e-06
[64],5,"lr=1e-04, wd=0.0",50,layer4_lr1e-05_hd128_wd0.01_cosine,"lr1e-05,wd0.01",-4.169825886386954,1.666164977651831e-06
[64],5,"lr=1e-04, wd=0.0",50,layer4_lr3e-05_hd128_wd0.0_cosine,"lr3e-05,wd0.0",-4.103539165057855,5.370042040733533e-06
[64],5,"lr=1e-04, wd=0.0",50,layer4_lr3e-05_hd128_wd0.01_cosine,"lr3e-05,wd0.01",-4.166481572024094,1.476213011243003e-06
[64],5,"lr=1e-04, wd=0.0",50,layer4_lr0.0001_hd128_wd0.0_cosine,"lr0.0001,wd0.0",-2.498627971736004,0.0001323284761673015
[64],5,"lr=1e-04, wd=0.0",50,layer4_lr0.0001_hd128_wd0.01_cosine,"lr0.0001,wd0.01",-4.056362573982973,7.93448802824742e-06
[64],5,"lr=1e-04, wd=0.0",50,layer4_lr0.0003_hd128_wd0.0_cosine,"lr0.0003,wd0.0",-2.658932886517269,0.0003262152522743587
[64],5,"lr=1e-04, wd=0.0",50,layer4_lr0.0003_hd128_wd0.01_cosine,"lr0.0003,wd0.01",-3.967659447985333,1.252582905361874e-05
[64],5,"lr=1e-04, wd=0.0",50,layer4_lr0.001_hd128_wd0.0_cosine,"lr0.001,wd0.0",-2.3531783822316035,2.0986564429194455e-05
[64],5,"lr=1e-04, wd=0.0",50,layer4_lr0.001_hd128_wd0.01_cosine,"lr0.001,wd0.01",-2.91171936330702,0.00011941372853079459
[64],5,"lr=1e-04, wd=0.0",50,layer4_lr0.003_hd128_wd0.0_cosine,"lr0.003,wd0.0",-3.1114246892393864,0.00017747337386027776
[64],5,"lr=1e-04, wd=0.0",50,layer4_lr0.003_hd128_wd0.01_cosine,"lr0.003,wd0.01",-1.8576862679751631,0.00026204414187432654
[64],5,"lr=1e-04, wd=0.0",90,layer4_lr1e-05_hd128_wd0.0_cosine,"lr1e-05,wd0.0",-4.185472328210944,1.0771113054575546e-06
[64],5,"lr=1e-04, wd=0.0",90,layer4_lr1e-05_hd128_wd0.01_cosine,"lr1e-05,wd0.01",-4.228903478174058,3.295663484381791e-07
[64],5,"lr=1e-04, wd=0.0",90,layer4_lr3e-05_hd128_wd0.0_cosine,"lr3e-05,wd0.0",-4.134587909579496,1.9653787493310486e-06
[64],5,"lr=1e-04, wd=0.0",90,layer4_lr3e-05_hd128_wd0.01_cosine,"lr3e-05,wd0.01",-4.186186688626507,4.883544619556578e-07
[64],5,"lr=1e-04, wd=0.0",90,layer4_lr0.0001_hd128_wd0.0_cosine,"lr0.0001,wd0.0",-3.7600729807025868,3.0660538582191745e-05
[64],5,"lr=1e-04, wd=0.0",90,layer4_lr0.0001_hd128_wd0.01_cosine,"lr0.0001,wd0.01",-4.181831824539406,2.2826812391442256e-06
[64],5,"lr=1e-04, wd=0.0",90,layer4_lr0.0003_hd128_wd0.0_cosine,"lr0.0003,wd0.0",-3.4174910991606784,6.2586683426785315e-06
[64],5,"lr=1e-04, wd=0.0",90,layer4_lr0.0003_hd128_wd0.01_cosine,"lr0.0003,wd0.01",-4.028866435548272,1.2955536134374794e-05
[64],5,"lr=1e-04, wd=0.0",90,layer4_lr0.001_hd128_wd0.0_cosine,"lr0.001,wd0.0",-3.2698288521164254,3.2861306440551776e-05
[64],5,"lr=1e-04, wd=0.0",90,layer4_lr0.001_hd128_wd0.01_cosine,"lr0.001,wd0.01",-3.7429642388223843,3.303641526120364e-05
[64],5,"lr=1e-04, wd=0.0",90,layer4_lr0.003_hd128_wd0.0_cosine,"lr0.003,wd0.0",-3.19673891329421,1.0944224917899755e-05
[64],5,"lr=1e-04, wd=0.0",90,layer4_lr0.003_hd128_wd0.01_cosine,"lr0.003,wd0.01",-3.5552230406193797,5.1480892581397664e-05
[64],6,"lr=1e-04, wd=0.01",0,layer4_lr1e-05_hd128_wd0.0_cosine,"lr1e-05,wd0.0",-1.160947639370118,0.00026105260219697166
[64],6,"lr=1e-04, wd=0.01",0,layer4_lr1e-05_hd128_wd0.01_cosine,"lr1e-05,wd0.01",-1.169106894286722,0.0005036091676221868
[64],6,"lr=1e-04, wd=0.01",0,layer4_lr3e-05_hd128_wd0.0_cosine,"lr3e-05,wd0.0",-1.4627253578352828,0.00035653609643103527
[64],6,"lr=1e-04, wd=0.01",0,layer4_lr3e-05_hd128_wd0.01_cosine,"lr3e-05,wd0.01",-1.6985865377740965,2.1745191402977228e-05
[64],6,"lr=1e-04, wd=0.01",0,layer4_lr0.0001_hd128_wd0.0_cosine,"lr0.0001,wd0.0",-2.0945842056630215,0.000460109314456669
[64],6,"lr=1e-04, wd=0.01",0,layer4_lr0.0001_hd128_wd0.01_cosine,"lr0.0001,wd0.01",-3.180158934027148,4.9780968195636946e-05
[64],6,"lr=1e-04, wd=0.01",0,layer4_lr0.0003_hd128_wd0.0_cosine,"lr0.0003,wd0.0",-1.6633142416967235,0.00042631989667644136
[64],6,"lr=1e-04, wd=0.01",0,layer4_lr0.0003_hd128_wd0.01_cosine,"lr0.0003,wd0.01",-2.3513591761897823,5.18940176692106e-05
[64],6,"lr=1e-04, wd=0.01",0,layer4_lr0.001_hd128_wd0.0_cosine,"lr0.001,wd0.0",-1.1947049304607609,0.0004040973810822148
[64],6,"lr=1e-04, wd=0.01",0,layer4_lr0.001_hd128_wd0.01_cosine,"lr0.001,wd0.01",-1.2604753356752891,6.81881628609899e-05
[64],6,"lr=1e-04, wd=0.01",0,layer4_lr0.003_hd128_wd0.0_cosine,"lr0.003,wd0.0",-1.0416762023373742,0.00016685762180806548
[64],6,"lr=1e-04, wd=0.01",0,layer4_lr0.003_hd128_wd0.01_cosine,"lr0.003,wd0.01",-1.0470923140793522,0.0004918659740132048
[64],6,"lr=1e-04, wd=0.01",5,layer4_lr1e-05_hd128_wd0.0_cosine,"lr1e-05,wd0.0",-2.3543424901944654,0.0003645703724999477
[64],6,"lr=1e-04, wd=0.01",5,layer4_lr1e-05_hd128_wd0.01_cosine,"lr1e-05,wd0.01",-2.4680594650594347,6.098672149513195e-05
[64],6,"lr=1e-04, wd=0.01",5,layer4_lr3e-05_hd128_wd0.0_cosine,"lr3e-05,wd0.0",-1.4001445417903868,0.00047582205628402674
[64],6,"lr=1e-04, wd=0.01",5,layer4_lr3e-05_hd128_wd0.01_cosine,"lr3e-05,wd0.01",-3.4824577258237985,3.2835278825109065e-05
[64],6,"lr=1e-04, wd=0.01",5,layer4_lr0.0001_hd128_wd0.0_cosine,"lr0.0001,wd0.0",-2.6388941088478566,0.00011000823419736126
[64],6,"lr=1e-04, wd=0.01",5,layer4_lr0.0001_hd128_wd0.01_cosine,"lr0.0001,wd0.01",-3.6422191646515705,3.0369485559564626e-05
[64],6,"lr=1e-04, wd=0.01",5,layer4_lr0.0003_hd128_wd0.0_cosine,"lr0.0003,wd0.0",-2.3170344035541843,0.000567119431161003
[64],6,"lr=1e-04, wd=0.01",5,layer4_lr0.0003_hd128_wd0.01_cosine,"lr0.0003,wd0.01",-3.2181446571377914,1.2015145544030711e-05
[64],6,"lr=1e-04, wd=0.01",5,layer4_lr0.001_hd128_wd0.0_cosine,"lr0.001,wd0.0",-2.4080319813883273,0.0010118662570453585
[64],6,"lr=1e-04, wd=0.01",5,layer4_lr0.001_hd128_wd0.01_cosine,"lr0.001,wd0.01",-2.797112050038501,6.31059447984024e-05
[64],6,"lr=1e-04, wd=0.01",5,layer4_lr0.003_hd128_wd0.0_cosine,"lr0.003,wd0.0",-2.320004592499926,0.0007064351732334682
[64],6,"lr=1e-04, wd=0.01",5,layer4_lr0.003_hd128_wd0.01_cosine,"lr0.003,wd0.01",-2.1808490611086717,0.0003655038758720796
[64],6,"lr=1e-04, wd=0.01",10,layer4_lr1e-05_hd128_wd0.0_cosine,"lr1e-05,wd0.0",-2.360045999999313,0.00034025970913454724
[64],6,"lr=1e-04, wd=0.01",10,layer4_lr1e-05_hd128_wd0.01_cosine,"lr1e-05,wd0.01",-2.831357802493933,0.00015998812230395482
[64],6,"lr=1e-04, wd=0.01",10,layer4_lr3e-05_hd128_wd0.0_cosine,"lr3e-05,wd0.0",-1.5958904347605014,0.0003004759092346124
[64],6,"lr=1e-04, wd=0.01",10,layer4_lr3e-05_hd128_wd0.01_cosine,"lr3e-05,wd0.01",-3.8892271632210194,1.670098977434429e-05
[64],6,"lr=1e-04, wd=0.01",10,layer4_lr0.0001_hd128_wd0.0_cosine,"lr0.0001,wd0.0",-2.9171693920252504,2.8148763377262135e-05
[64],6,"lr=1e-04, wd=0.01",10,layer4_lr0.0001_hd128_wd0.01_cosine,"lr0.0001,wd0.01",-3.858947326275072,1.7433532404420457e-05
[64],6,"lr=1e-04, wd=0.01",10,layer4_lr0.0003_hd128_wd0.0_cosine,"lr0.0003,wd0.0",-2.4620022057448514,0.0009020113226734358
[64],6,"lr=1e-04, wd=0.01",10,layer4_lr0.0003_hd128_wd0.01_cosine,"lr0.0003,wd0.01",-3.772860704640749,1.005176612180047e-05
[64],6,"lr=1e-04, wd=0.01",10,layer4_lr0.001_hd128_wd0.0_cosine,"lr0.001,wd0.0",-2.4570142115548155,0.0010064492804834509
[64],6,"lr=1e-04, wd=0.01",10,layer4_lr0.001_hd128_wd0.01_cosine,"lr0.001,wd0.01",-3.567528958799665,3.707875747923654e-05
[64],6,"lr=1e-04, wd=0.01",10,layer4_lr0.003_hd128_wd0.0_cosine,"lr0.003,wd0.0",-2.8756639185350292,0.00036960096852508314
[64],6,"lr=1e-04, wd=0.01",10,layer4_lr0.003_hd128_wd0.01_cosine,"lr0.003,wd0.01",-3.236246746575524,8.300165248190313e-05
[64],6,"lr=1e-04, wd=0.01",20,layer4_lr1e-05_hd128_wd0.0_cosine,"lr1e-05,wd0.0",-3.5738016725391706,4.3751766843078385e-05
[64],6,"lr=1e-04, wd=0.01",20,layer4_lr1e-05_hd128_wd0.01_cosine,"lr1e-05,wd0.01",-3.745085512535699,4.220393368987901e-06
[64],6,"lr=1e-04, wd=0.01",20,layer4_lr3e-05_hd128_wd0.0_cosine,"lr3e-05,wd0.0",-3.383665972816042,7.715627614488013e-05
[64],6,"lr=1e-04, wd=0.01",20,layer4_lr3e-05_hd128_wd0.01_cosine,"lr3e-05,wd0.01",-4.029296504577601,1.1087123750684986e-05
[64],6,"lr=1e-04, wd=0.01",20,layer4_lr0.0001_hd128_wd0.0_cosine,"lr0.0001,wd0.0",-2.731949300352931,0.00017977466450851633
[64],6,"lr=1e-04, wd=0.01",20,layer4_lr0.0001_hd128_wd0.01_cosine,"lr0.0001,wd0.01",-4.0302849293105885,7.253887070698602e-06
[64],6,"lr=1e-04, wd=0.01",20,layer4_lr0.0003_hd128_wd0.0_cosine,"lr0.0003,wd0.0",-1.884732639830418,0.0010321971253047148
[64],6,"lr=1e-04, wd=0.01",20,layer4_lr0.0003_hd128_wd0.01_cosine,"lr0.0003,wd0.01",-3.9041204186867486,1.7144386164251113e-05
[64],6,"lr=1e-04, wd=0.01",20,layer4_lr0.001_hd128_wd0.0_cosine,"lr0.001,wd0.0",-1.3275006768945756,0.000962216195315294
[64],6,"lr=1e-04, wd=0.01",20,layer4_lr0.001_hd128_wd0.01_cosine,"lr0.001,wd0.01",-3.6526949446282537,4.629347187683339e-05
[64],6,"lr=1e-04, wd=0.01",20,layer4_lr0.003_hd128_wd0.0_cosine,"lr0.003,wd0.0",-2.5136815142502886,0.0004859825804640981
[64],6,"lr=1e-04, wd=0.01",20,layer4_lr0.003_hd128_wd0.01_cosine,"lr0.003,wd0.01",-3.150240052040889,0.00022593749391386505
[64],6,"lr=1e-04, wd=0.01",50,layer4_lr1e-05_hd128_wd0.0_cosine,"lr1e-05,wd0.0",-4.107605478146469,1.7253345017601798e-06
[64],6,"lr=1e-04, wd=0.01",50,layer4_lr1e-05_hd128_wd0.01_cosine,"lr1e-05,wd0.01",-4.173630445208988,1.3748953512054414e-06
[64],6,"lr=1e-04, wd=0.01",50,layer4_lr3e-05_hd128_wd0.0_cosine,"lr3e-05,wd0.0",-3.9282822389562084,5.789933280511958e-07
[64],6,"lr=1e-04, wd=0.01",50,layer4_lr3e-05_hd128_wd0.01_cosine,"lr3e-05,wd0.01",-4.181808633948021,1.5699183412613934e-06
[64],6,"lr=1e-04, wd=0.01",50,layer4_lr0.0001_hd128_wd0.0_cosine,"lr0.0001,wd0.0",-3.104883282582646,0.00010918578119949343
[64],6,"lr=1e-04, wd=0.01",50,layer4_lr0.0001_hd128_wd0.01_cosine,"lr0.0001,wd0.01",-4.144101901440784,4.831441083475205e-06
[64],6,"lr=1e-04, wd=0.01",50,layer4_lr0.0003_hd128_wd0.0_cosine,"lr0.0003,wd0.0",-2.6127438161569323,0.00020227197528596824
[64],6,"lr=1e-04, wd=0.01",50,layer4_lr0.0003_hd128_wd0.01_cosine,"lr0.0003,wd0.01",-3.9576427521854187,1.7690054916495134e-05
[64],6,"lr=1e-04, wd=0.01",50,layer4_lr0.001_hd128_wd0.0_cosine,"lr0.001,wd0.0",-2.334866828670304,7.513919157460124e-06
[64],6,"lr=1e-04, wd=0.01",50,layer4_lr0.001_hd128_wd0.01_cosine,"lr0.001,wd0.01",-2.5477602943126207,0.0001287197963193204
[64],6,"lr=1e-04, wd=0.01",50,layer4_lr0.003_hd128_wd0.0_cosine,"lr0.003,wd0.0",-2.750286370433401,0.00020773017181050922
[64],6,"lr=1e-04, wd=0.01",50,layer4_lr0.003_hd128_wd0.01_cosine,"lr0.003,wd0.01",-1.1489711450329647,0.0002919958731298759
[64],6,"lr=1e-04, wd=0.01",90,layer4_lr1e-05_hd128_wd0.0_cosine,"lr1e-05,wd0.0",-4.1822176931432615,1.3390550821430856e-06
[64],6,"lr=1e-04, wd=0.01",90,layer4_lr1e-05_hd128_wd0.01_cosine,"lr1e-05,wd0.01",-4.228575799540984,4.6670139638460187e-07
[64],6,"lr=1e-04, wd=0.01",90,layer4_lr3e-05_hd128_wd0.0_cosine,"lr3e-05,wd0.0",-4.171614529905779,4.871350615816005e-07
[64],6,"lr=1e-04, wd=0.01",90,layer4_lr3e-05_hd128_wd0.01_cosine,"lr3e-05,wd0.01",-4.196808344466202,4.4442115226985475e-07
[64],6,"lr=1e-04, wd=0.01",90,layer4_lr0.0001_hd128_wd0.0_cosine,"lr0.0001,wd0.0",-3.6655590072084276,4.713166110934932e-06
[64],6,"lr=1e-04, wd=0.01",90,layer4_lr0.0001_hd128_wd0.01_cosine,"lr0.0001,wd0.01",-4.16921840597237,4.058237132560757e-06
[64],6,"lr=1e-04, wd=0.01",90,layer4_lr0.0003_hd128_wd0.0_cosine,"lr0.0003,wd0.0",-3.179040738731572,3.1425686041488574e-06
[64],6,"lr=1e-04, wd=0.01",90,layer4_lr0.0003_hd128_wd0.01_cosine,"lr0.0003,wd0.01",-3.962897864075111,1.7885831941848408e-05
[64],6,"lr=1e-04, wd=0.01",90,layer4_lr0.001_hd128_wd0.0_cosine,"lr0.001,wd0.0",-3.1787220503652587,3.0069650357864872e-05
[64],6,"lr=1e-04, wd=0.01",90,layer4_lr0.001_hd128_wd0.01_cosine,"lr0.001,wd0.01",-3.393914829914251,5.9520158218402246e-05
[64],6,"lr=1e-04, wd=0.01",90,layer4_lr0.003_hd128_wd0.0_cosine,"lr0.003,wd0.0",-3.0941089346535837,1.0961381895607059e-05
[64],6,"lr=1e-04, wd=0.01",90,layer4_lr0.003_hd128_wd0.01_cosine,"lr0.003,wd0.01",-3.311087869824209,8.380296354408966e-05
[64],7,"lr=3e-04, wd=0.0",0,layer4_lr1e-05_hd128_wd0.0_cosine,"lr1e-05,wd0.0",-1.1150011074538746,0.0008475932116987371
[64],7,"lr=3e-04, wd=0.0",0,layer4_lr1e-05_hd128_wd0.01_cosine,"lr1e-05,wd0.01",-1.0560716178521325,0.0014440346291751704
[64],7,"lr=3e-04, wd=0.0",0,layer4_lr3e-05_hd128_wd0.0_cosine,"lr3e-05,wd0.0",-1.3753251674074074,0.0002531938273510102
[64],7,"lr=3e-04, wd=0.0",0,layer4_lr3e-05_hd128_wd0.01_cosine,"lr3e-05,wd0.01",-1.3010921147928831,0.0004139856486060573
[64],7,"lr=3e-04, wd=0.0",0,layer4_lr0.0001_hd128_wd0.0_cosine,"lr0.0001,wd0.0",-2.08265915965357,4.5597035208626796e-05
[64],7,"lr=3e-04, wd=0.0",0,layer4_lr0.0001_hd128_wd0.01_cosine,"lr0.0001,wd0.01",-1.7562570735430585,0.00013205787523839848
[64],7,"lr=3e-04, wd=0.0",0,layer4_lr0.0003_hd128_wd0.0_cosine,"lr0.0003,wd0.0",-2.946321073451974,0.0001511139831887181
[64],7,"lr=3e-04, wd=0.0",0,layer4_lr0.0003_hd128_wd0.01_cosine,"lr0.0003,wd0.01",-2.164548539254087,0.00015769675095078577
[64],7,"lr=3e-04, wd=0.0",0,layer4_lr0.001_hd128_wd0.0_cosine,"lr0.001,wd0.0",-2.266498996714121,0.00025277230206744594
[64],7,"lr=3e-04, wd=0.0",0,layer4_lr0.001_hd128_wd0.01_cosine,"lr0.001,wd0.01",-1.7924621520964854,0.0005031082632878658
[64],7,"lr=3e-04, wd=0.0",0,layer4_lr0.003_hd128_wd0.0_cosine,"lr0.003,wd0.0",-1.5143694968246109,0.0001834681015450287
[64],7,"lr=3e-04, wd=0.0",0,layer4_lr0.003_hd128_wd0.01_cosine,"lr0.003,wd0.01",-1.375187118776927,0.0013559774782444644
[64],7,"lr=3e-04, wd=0.0",5,layer4_lr1e-05_hd128_wd0.0_cosine,"lr1e-05,wd0.0",-2.1066456336764423,0.0008997953586654978
[64],7,"lr=3e-04, wd=0.0",5,layer4_lr1e-05_hd128_wd0.01_cosine,"lr1e-05,wd0.01",-2.3035367584478257,0.0003428205084182027
[64],7,"lr=3e-04, wd=0.0",5,layer4_lr3e-05_hd128_wd0.0_cosine,"lr3e-05,wd0.0",-2.7083309832449682,0.0003238208843199468
[64],7,"lr=3e-04, wd=0.0",5,layer4_lr3e-05_hd128_wd0.01_cosine,"lr3e-05,wd0.01",-2.7761202822076805,5.300053021101191e-05
[64],7,"lr=3e-04, wd=0.0",5,layer4_lr0.0001_hd128_wd0.0_cosine,"lr0.0001,wd0.0",-3.0862919263142596,6.880491175118733e-05
[64],7,"lr=3e-04, wd=0.0",5,layer4_lr0.0001_hd128_wd0.01_cosine,"lr0.0001,wd0.01",-3.1165237338022966,2.6299010556677023e-05
[64],7,"lr=3e-04, wd=0.0",5,layer4_lr0.0003_hd128_wd0.0_cosine,"lr0.0003,wd0.0",-3.113655781322733,0.00016014549886694487
[64],7,"lr=3e-04, wd=0.0",5,layer4_lr0.0003_hd128_wd0.01_cosine,"lr0.0003,wd0.01",-3.2976405692888155,3.743274362690568e-05
[64],7,"lr=3e-04, wd=0.0",5,layer4_lr0.001_hd128_wd0.0_cosine,"lr0.001,wd0.0",-2.8730490053301874,0.00031532762153729555
[64],7,"lr=3e-04, wd=0.0",5,layer4_lr0.001_hd128_wd0.01_cosine,"lr0.001,wd0.01",-2.7572830362824767,0.00013744450170363905
[64],7,"lr=3e-04, wd=0.0",5,layer4_lr0.003_hd128_wd0.0_cosine,"lr0.003,wd0.0",-2.9492443670710817,0.00020681082227889665
[64],7,"lr=3e-04, wd=0.0",5,layer4_lr0.003_hd128_wd0.01_cosine,"lr0.003,wd0.01",-2.4075277426210864,0.0004053889890241085
[64],7,"lr=3e-04, wd=0.0",10,layer4_lr1e-05_hd128_wd0.0_cosine,"lr1e-05,wd0.0",-2.1835014096144896,0.0006850166373728728
[64],7,"lr=3e-04, wd=0.0",10,layer4_lr1e-05_hd128_wd0.01_cosine,"lr1e-05,wd0.01",-2.4110459275181184,0.0004965302399244643
[64],7,"lr=3e-04, wd=0.0",10,layer4_lr3e-05_hd128_wd0.0_cosine,"lr3e-05,wd0.0",-2.72278523113525,0.00030297523829935744
[64],7,"lr=3e-04, wd=0.0",10,layer4_lr3e-05_hd128_wd0.01_cosine,"lr3e-05,wd0.01",-3.243794441446333,2.73635806956274e-05
[64],7,"lr=3e-04, wd=0.0",10,layer4_lr0.0001_hd128_wd0.0_cosine,"lr0.0001,wd0.0",-3.452752040760208,4.133344164090586e-05
[64],7,"lr=3e-04, wd=0.0",10,layer4_lr0.0001_hd128_wd0.01_cosine,"lr0.0001,wd0.01",-3.5692720291396016,4.326151795867892e-05
[64],7,"lr=3e-04, wd=0.0",10,layer4_lr0.0003_hd128_wd0.0_cosine,"lr0.0003,wd0.0",-2.934086767264126,0.00019053914981255213
[64],7,"lr=3e-04, wd=0.0",10,layer4_lr0.0003_hd128_wd0.01_cosine,"lr0.0003,wd0.01",-3.450914021443479,4.773593985070542e-05
[64],7,"lr=3e-04, wd=0.0",10,layer4_lr0.001_hd128_wd0.0_cosine,"lr0.001,wd0.0",-2.7065180901027306,0.00036497199053446387
[64],7,"lr=3e-04, wd=0.0",10,layer4_lr0.001_hd128_wd0.01_cosine,"lr0.001,wd0.01",-3.148877126649056,7.187187092164576e-05
[64],7,"lr=3e-04, wd=0.0",10,layer4_lr0.003_hd128_wd0.0_cosine,"lr0.003,wd0.0",-3.192060084221238,0.0001620358078592477
[64],7,"lr=3e-04, wd=0.0",10,layer4_lr0.003_hd128_wd0.01_cosine,"lr0.003,wd0.01",-3.022363331407225,9.999866801644949e-05
[64],7,"lr=3e-04, wd=0.0",20,layer4_lr1e-05_hd128_wd0.0_cosine,"lr1e-05,wd0.0",-3.20943970523601,8.331205713361745e-05
[64],7,"lr=3e-04, wd=0.0",20,layer4_lr1e-05_hd128_wd0.01_cosine,"lr1e-05,wd0.01",-3.2583321715153515,2.586202160417187e-05
[64],7,"lr=3e-04, wd=0.0",20,layer4_lr3e-05_hd128_wd0.0_cosine,"lr3e-05,wd0.0",-3.223742207644673,0.00012437661116644096
[64],7,"lr=3e-04, wd=0.0",20,layer4_lr3e-05_hd128_wd0.01_cosine,"lr3e-05,wd0.01",-3.6060342971989163,4.2134435030143385e-05
[64],7,"lr=3e-04, wd=0.0",20,layer4_lr0.0001_hd128_wd0.0_cosine,"lr0.0001,wd0.0",-3.8213235317724683,6.611986240589775e-06
[64],7,"lr=3e-04, wd=0.0",20,layer4_lr0.0001_hd128_wd0.01_cosine,"lr0.0001,wd0.01",-3.7508524147906512,3.438505714129124e-05
[64],7,"lr=3e-04, wd=0.0",20,layer4_lr0.0003_hd128_wd0.0_cosine,"lr0.0003,wd0.0",-2.5621714432758855,0.00023983648839611223
[64],7,"lr=3e-04, wd=0.0",20,layer4_lr0.0003_hd128_wd0.01_cosine,"lr0.0003,wd0.01",-3.4317797601723723,7.75631923182292e-05
[64],7,"lr=3e-04, wd=0.0",20,layer4_lr0.001_hd128_wd0.0_cosine,"lr0.001,wd0.0",-1.7366047271731584,0.00041001229000202366
[64],7,"lr=3e-04, wd=0.0",20,layer4_lr0.001_hd128_wd0.01_cosine,"lr0.001,wd0.01",-3.5032924013795665,6.973666454796312e-05
[64],7,"lr=3e-04, wd=0.0",20,layer4_lr0.003_hd128_wd0.0_cosine,"lr0.003,wd0.0",-2.570325728646192,0.0001894742326365689
[64],7,"lr=3e-04, wd=0.0",20,layer4_lr0.003_hd128_wd0.01_cosine,"lr0.003,wd0.01",-3.020986022922354,0.00024383731455727715
[64],7,"lr=3e-04, wd=0.0",50,layer4_lr1e-05_hd128_wd0.0_cosine,"lr1e-05,wd0.0",-3.9137923782417543,1.7156020544665646e-06
[64],7,"lr=3e-04, wd=0.0",50,layer4_lr1e-05_hd128_wd0.01_cosine,"lr1e-05,wd0.01",-4.027083158832169,2.0540636069880286e-06
[64],7,"lr=3e-04, wd=0.0",50,layer4_lr3e-05_hd128_wd0.0_cosine,"lr3e-05,wd0.0",-3.8857324957101333,4.5548756749325255e-06
[64],7,"lr=3e-04, wd=0.0",50,layer4_lr3e-05_hd128_wd0.01_cosine,"lr3e-05,wd0.01",-4.067211496929323,3.0373971323973797e-06
[64],7,"lr=3e-04, wd=0.0",50,layer4_lr0.0001_hd128_wd0.0_cosine,"lr0.0001,wd0.0",-3.9153046103854554,9.045949308313523e-06
[64],7,"lr=3e-04, wd=0.0",50,layer4_lr0.0001_hd128_wd0.01_cosine,"lr0.0001,wd0.01",-3.9132214730618124,1.9942459886716138e-05
[64],7,"lr=3e-04, wd=0.0",50,layer4_lr0.0003_hd128_wd0.0_cosine,"lr0.0003,wd0.0",-1.4033978731008077,0.0002588985506140902
[64],7,"lr=3e-04, wd=0.0",50,layer4_lr0.0003_hd128_wd0.01_cosine,"lr0.0003,wd0.01",-3.7107124561366738,3.679438740162723e-05
[64],7,"lr=3e-04, wd=0.0",50,layer4_lr0.001_hd128_wd0.0_cosine,"lr0.001,wd0.0",-1.2666207528300295,0.0003473675430557157
[64],7,"lr=3e-04, wd=0.0",50,layer4_lr0.001_hd128_wd0.01_cosine,"lr0.001,wd0.01",-2.5630541129327225,0.00014442395593876038
[64],7,"lr=3e-04, wd=0.0",50,layer4_lr0.003_hd128_wd0.0_cosine,"lr0.003,wd0.0",-3.0827011315428514,0.00012413201058791314
[64],7,"lr=3e-04, wd=0.0",50,layer4_lr0.003_hd128_wd0.01_cosine,"lr0.003,wd0.01",-1.7927677575482255,0.0002834677479482791
[64],7,"lr=3e-04, wd=0.0",90,layer4_lr1e-05_hd128_wd0.0_cosine,"lr1e-05,wd0.0",-4.1481938022258396,2.219740484290599e-06
[64],7,"lr=3e-04, wd=0.0",90,layer4_lr1e-05_hd128_wd0.01_cosine,"lr1e-05,wd0.01",-4.209926986875501,5.357049202623157e-07
[64],7,"lr=3e-04, wd=0.0",90,layer4_lr3e-05_hd128_wd0.0_cosine,"lr3e-05,wd0.0",-4.137407768490968,7.786192303306347e-07
[64],7,"lr=3e-04, wd=0.0",90,layer4_lr3e-05_hd128_wd0.01_cosine,"lr3e-05,wd0.01",-4.1853567309235515,8.811238333790152e-07
[64],7,"lr=3e-04, wd=0.0",90,layer4_lr0.0001_hd128_wd0.0_cosine,"lr0.0001,wd0.0",-4.145200136492103,1.069673559813694e-06
[64],7,"lr=3e-04, wd=0.0",90,layer4_lr0.0001_hd128_wd0.01_cosine,"lr0.0001,wd0.01",-4.153960542628145,3.5792110393692656e-06
[64],7,"lr=3e-04, wd=0.0",90,layer4_lr0.0003_hd128_wd0.0_cosine,"lr0.0003,wd0.0",-3.113519908591868,8.496679606122294e-05
[64],7,"lr=3e-04, wd=0.0",90,layer4_lr0.0003_hd128_wd0.01_cosine,"lr0.0003,wd0.01",-3.9364286368237966,1.9052638253487215e-05
[64],7,"lr=3e-04, wd=0.0",90,layer4_lr0.001_hd128_wd0.0_cosine,"lr0.001,wd0.0",-2.944871416086182,0.00012138760690273149
[64],7,"lr=3e-04, wd=0.0",90,layer4_lr0.001_hd128_wd0.01_cosine,"lr0.001,wd0.01",-3.7351185400657427,2.993305289514243e-05
[64],7,"lr=3e-04, wd=0.0",90,layer4_lr0.003_hd128_wd0.0_cosine,"lr0.003,wd0.0",-3.5416777518896323,5.444201030933594e-05
[64],7,"lr=3e-04, wd=0.0",90,layer4_lr0.003_hd128_wd0.01_cosine,"lr0.003,wd0.01",-3.5712209349713957,4.4102161492503126e-05
[64],8,"lr=3e-04, wd=0.01",0,layer4_lr1e-05_hd128_wd0.0_cosine,"lr1e-05,wd0.0",-0.9595238910747025,0.00044555923716423817
[64],8,"lr=3e-04, wd=0.01",0,layer4_lr1e-05_hd128_wd0.01_cosine,"lr1e-05,wd0.01",-0.9479743671236872,0.0008517152738658896
[64],8,"lr=3e-04, wd=0.01",0,layer4_lr3e-05_hd128_wd0.0_cosine,"lr3e-05,wd0.0",-1.0738463193618046,0.000270860334902466
[64],8,"lr=3e-04, wd=0.01",0,layer4_lr3e-05_hd128_wd0.01_cosine,"lr3e-05,wd0.01",-1.0945942238731823,9.851068139205853e-05
[64],8,"lr=3e-04, wd=0.01",0,layer4_lr0.0001_hd128_wd0.0_cosine,"lr0.0001,wd0.0",-1.3361073918945165,0.0003458039183783643
[64],8,"lr=3e-04, wd=0.01",0,layer4_lr0.0001_hd128_wd0.01_cosine,"lr0.0001,wd0.01",-1.5504049582628532,2.3771358923317357e-05
[64],8,"lr=3e-04, wd=0.01",0,layer4_lr0.0003_hd128_wd0.0_cosine,"lr0.0003,wd0.0",-1.7567611665797123,0.00036322836475509733
[64],8,"lr=3e-04, wd=0.01",0,layer4_lr0.0003_hd128_wd0.01_cosine,"lr0.0003,wd0.01",-3.0353627388875526,1.6409635044818897e-05
[64],8,"lr=3e-04, wd=0.01",0,layer4_lr0.001_hd128_wd0.0_cosine,"lr0.001,wd0.0",-1.5115699440175465,0.00038365110242216037
[64],8,"lr=3e-04, wd=0.01",0,layer4_lr0.001_hd128_wd0.01_cosine,"lr0.001,wd0.01",-1.8736488798542412,8.226324842179908e-05
[64],8,"lr=3e-04, wd=0.01",0,layer4_lr0.003_hd128_wd0.0_cosine,"lr0.003,wd0.0",-1.1446761584477039,0.00016802899251669453
[64],8,"lr=3e-04, wd=0.01",0,layer4_lr0.003_hd128_wd0.01_cosine,"lr0.003,wd0.01",-1.162961862641561,0.0006015832389008814
[64],8,"lr=3e-04, wd=0.01",5,layer4_lr1e-05_hd128_wd0.0_cosine,"lr1e-05,wd0.0",-2.1505975107549613,0.0004856673916267056
[64],8,"lr=3e-04, wd=0.01",5,layer4_lr1e-05_hd128_wd0.01_cosine,"lr1e-05,wd0.01",-2.285658191629749,0.0001526298662407466
[64],8,"lr=3e-04, wd=0.01",5,layer4_lr3e-05_hd128_wd0.0_cosine,"lr3e-05,wd0.0",-2.4892718673391725,0.0003641611853030253
[64],8,"lr=3e-04, wd=0.01",5,layer4_lr3e-05_hd128_wd0.01_cosine,"lr3e-05,wd0.01",-2.8698661055378323,4.3192356370228136e-05
[64],8,"lr=3e-04, wd=0.01",5,layer4_lr0.0001_hd128_wd0.0_cosine,"lr0.0001,wd0.0",-2.7305183213338196,0.00012665874905321608
[64],8,"lr=3e-04, wd=0.01",5,layer4_lr0.0001_hd128_wd0.01_cosine,"lr0.0001,wd0.01",-3.5292783217669155,4.0632503924013845e-05
[64],8,"lr=3e-04, wd=0.01",5,layer4_lr0.0003_hd128_wd0.0_cosine,"lr0.0003,wd0.0",-2.426584196602581,0.0006197695816795796
[64],8,"lr=3e-04, wd=0.01",5,layer4_lr0.0003_hd128_wd0.01_cosine,"lr0.0003,wd0.01",-3.8271168506460573,1.1511801049219292e-05
[64],8,"lr=3e-04, wd=0.01",5,layer4_lr0.001_hd128_wd0.0_cosine,"lr0.001,wd0.0",-2.2745361575404597,0.0010183379994301784
[64],8,"lr=3e-04, wd=0.01",5,layer4_lr0.001_hd128_wd0.01_cosine,"lr0.001,wd0.01",-3.526094702518994,3.938434124787098e-05
[64],8,"lr=3e-04, wd=0.01",5,layer4_lr0.003_hd128_wd0.0_cosine,"lr0.003,wd0.0",-2.5843476640298104,0.0006725942308673011
[64],8,"lr=3e-04, wd=0.01",5,layer4_lr0.003_hd128_wd0.01_cosine,"lr0.003,wd0.01",-2.506163716144682,0.0003261378259524326
[64],8,"lr=3e-04, wd=0.01",10,layer4_lr1e-05_hd128_wd0.0_cosine,"lr1e-05,wd0.0",-2.6513339573576222,0.00024402390072353192
[64],8,"lr=3e-04, wd=0.01",10,layer4_lr1e-05_hd128_wd0.01_cosine,"lr1e-05,wd0.01",-2.7468875279466047,0.00015574807751754375
[64],8,"lr=3e-04, wd=0.01",10,layer4_lr3e-05_hd128_wd0.0_cosine,"lr3e-05,wd0.0",-2.993774529093147,0.00013293353563342917
[64],8,"lr=3e-04, wd=0.01",10,layer4_lr3e-05_hd128_wd0.01_cosine,"lr3e-05,wd0.01",-3.3762303873235835,2.8362073547061687e-06
[64],8,"lr=3e-04, wd=0.01",10,layer4_lr0.0001_hd128_wd0.0_cosine,"lr0.0001,wd0.0",-2.7639328059968267,0.000126046539888753
[64],8,"lr=3e-04, wd=0.01",10,layer4_lr0.0001_hd128_wd0.01_cosine,"lr0.0001,wd0.01",-3.873254484314912,1.2018922062168686e-05
[64],8,"lr=3e-04, wd=0.01",10,layer4_lr0.0003_hd128_wd0.0_cosine,"lr0.0003,wd0.0",-2.2901342712620516,0.0010527373143025373
[64],8,"lr=3e-04, wd=0.01",10,layer4_lr0.0003_hd128_wd0.01_cosine,"lr0.0003,wd0.01",-3.990217400354843,8.267972611233293e-06
[64],8,"lr=3e-04, wd=0.01",10,layer4_lr0.001_hd128_wd0.0_cosine,"lr0.001,wd0.0",-2.421730405056554,0.001092818220558069
[64],8,"lr=3e-04, wd=0.01",10,layer4_lr0.001_hd128_wd0.01_cosine,"lr0.001,wd0.01",-3.759267690865402,2.8477463303865154e-05
[64],8,"lr=3e-04, wd=0.01",10,layer4_lr0.003_hd128_wd0.0_cosine,"lr0.003,wd0.0",-2.3543284607731736,0.00047305568817306633
[64],8,"lr=3e-04, wd=0.01",10,layer4_lr0.003_hd128_wd0.01_cosine,"lr0.003,wd0.01",-3.402369462092312,7.304888459856113e-05
[64],8,"lr=3e-04, wd=0.01",20,layer4_lr1e-05_hd128_wd0.0_cosine,"lr1e-05,wd0.0",-3.22375613845303,1.8395050984013543e-06
[64],8,"lr=3e-04, wd=0.01",20,layer4_lr1e-05_hd128_wd0.01_cosine,"lr1e-05,wd0.01",-3.242689610871883,7.216035291639498e-06
[64],8,"lr=3e-04, wd=0.01",20,layer4_lr3e-05_hd128_wd0.0_cosine,"lr3e-05,wd0.0",-3.3716391934940035,3.367334151916098e-06
[64],8,"lr=3e-04, wd=0.01",20,layer4_lr3e-05_hd128_wd0.01_cosine,"lr3e-05,wd0.01",-3.854434422381179,1.6047064427310349e-06
[64],8,"lr=3e-04, wd=0.01",20,layer4_lr0.0001_hd128_wd0.0_cosine,"lr0.0001,wd0.0",-2.5125141708120906,0.0003763950493612211
[64],8,"lr=3e-04, wd=0.01",20,layer4_lr0.0001_hd128_wd0.01_cosine,"lr0.0001,wd0.01",-4.034945185094088,1.0887461145605199e-06
[64],8,"lr=3e-04, wd=0.01",20,layer4_lr0.0003_hd128_wd0.0_cosine,"lr0.0003,wd0.0",-2.3250833365198593,0.0010471206516037353
[64],8,"lr=3e-04, wd=0.01",20,layer4_lr0.0003_hd128_wd0.01_cosine,"lr0.0003,wd0.01",-4.019377408818627,1.1089700006455152e-05
[64],8,"lr=3e-04, wd=0.01",20,layer4_lr0.001_hd128_wd0.0_cosine,"lr0.001,wd0.0",-2.0153875312023484,0.0010176984604321061
[64],8,"lr=3e-04, wd=0.01",20,layer4_lr0.001_hd128_wd0.01_cosine,"lr0.001,wd0.01",-3.7315216651089633,3.616036742200346e-05
[64],8,"lr=3e-04, wd=0.01",20,layer4_lr0.003_hd128_wd0.0_cosine,"lr0.003,wd0.0",-1.5703590629289177,0.0005806776955582355
[64],8,"lr=3e-04, wd=0.01",20,layer4_lr0.003_hd128_wd0.01_cosine,"lr0.003,wd0.01",-3.0064570710750402,0.00016118289540858737
[64],8,"lr=3e-04, wd=0.01",50,layer4_lr1e-05_hd128_wd0.0_cosine,"lr1e-05,wd0.0",-4.0228122307945435,7.0270276756894276e-06
[64],8,"lr=3e-04, wd=0.01",50,layer4_lr1e-05_hd128_wd0.01_cosine,"lr1e-05,wd0.01",-4.0625072863577065,7.649157635569119e-06
[64],8,"lr=3e-04, wd=0.01",50,layer4_lr3e-05_hd128_wd0.0_cosine,"lr3e-05,wd0.0",-3.962502915820669,8.303647869278414e-06
[64],8,"lr=3e-04, wd=0.01",50,layer4_lr3e-05_hd128_wd0.01_cosine,"lr3e-05,wd0.01",-4.148720488178301,2.081517197637338e-06
[64],8,"lr=3e-04, wd=0.01",50,layer4_lr0.0001_hd128_wd0.0_cosine,"lr0.0001,wd0.0",-3.067167728475746,0.00012939108831580765
[64],8,"lr=3e-04, wd=0.01",50,layer4_lr0.0001_hd128_wd0.01_cosine,"lr0.0001,wd0.01",-4.2049149710630385,4.1070491963160753e-07
[64],8,"lr=3e-04, wd=0.01",50,layer4_lr0.0003_hd128_wd0.0_cosine,"lr0.0003,wd0.0",-2.6777834781768637,0.0002710639368835727
[64],8,"lr=3e-04, wd=0.01",50,layer4_lr0.0003_hd128_wd0.01_cosine,"lr0.0003,wd0.01",-4.0979671682608325,8.025138175035445e-06
[64],8,"lr=3e-04, wd=0.01",50,layer4_lr0.001_hd128_wd0.0_cosine,"lr0.001,wd0.0",-2.5544921778445957,0.00015059566253914202
[64],8,"lr=3e-04, wd=0.01",50,layer4_lr0.001_hd128_wd0.01_cosine,"lr0.001,wd0.01",-2.5951909780332993,0.00011216693833129596
[64],8,"lr=3e-04, wd=0.01",50,layer4_lr0.003_hd128_wd0.0_cosine,"lr0.003,wd0.0",-1.3293179454529889,0.0002629852193763964
[64],8,"lr=3e-04, wd=0.01",50,layer4_lr0.003_hd128_wd0.01_cosine,"lr0.003,wd0.01",-1.2386364692989529,0.0002575841693244704
[64],8,"lr=3e-04, wd=0.01",90,layer4_lr1e-05_hd128_wd0.0_cosine,"lr1e-05,wd0.0",-4.144111340977256,4.2721507504044724e-06
[64],8,"lr=3e-04, wd=0.01",90,layer4_lr1e-05_hd128_wd0.01_cosine,"lr1e-05,wd0.01",-4.213857418477759,1.348156597003575e-06
[64],8,"lr=3e-04, wd=0.01",90,layer4_lr3e-05_hd128_wd0.0_cosine,"lr3e-05,wd0.0",-4.152058566856583,2.626408381909374e-06
[64],8,"lr=3e-04, wd=0.01",90,layer4_lr3e-05_hd128_wd0.01_cosine,"lr3e-05,wd0.01",-4.194116496245207,5.894040168851482e-07
[64],8,"lr=3e-04, wd=0.01",90,layer4_lr0.0001_hd128_wd0.0_cosine,"lr0.0001,wd0.0",-3.6692326559245347,3.1700683904119056e-06
[64],8,"lr=3e-04, wd=0.01",90,layer4_lr0.0001_hd128_wd0.01_cosine,"lr0.0001,wd0.01",-4.225079564337783,3.266558217947355e-07
[64],8,"lr=3e-04, wd=0.01",90,layer4_lr0.0003_hd128_wd0.0_cosine,"lr0.0003,wd0.0",-3.069317624575518,2.4087615160417323e-06
[64],8,"lr=3e-04, wd=0.01",90,layer4_lr0.0003_hd128_wd0.01_cosine,"lr0.0003,wd0.01",-4.081209055175259,9.933115148472798e-06
[64],8,"lr=3e-04, wd=0.01",90,layer4_lr0.001_hd128_wd0.0_cosine,"lr0.001,wd0.0",-3.010670673130475,1.4366587518417315e-05
[64],8,"lr=3e-04, wd=0.01",90,layer4_lr0.001_hd128_wd0.01_cosine,"lr0.001,wd0.01",-3.4059547110372193,5.7371892579824895e-05
[64],8,"lr=3e-04, wd=0.01",90,layer4_lr0.003_hd128_wd0.0_cosine,"lr0.003,wd0.0",-3.213811402110241,1.7018015484116863e-05
[64],8,"lr=3e-04, wd=0.01",90,layer4_lr0.003_hd128_wd0.01_cosine,"lr0.003,wd0.01",-3.3471364712130267,7.664969713050029e-05
[64],9,"lr=0.001, wd=0.0",0,layer4_lr1e-05_hd128_wd0.0_cosine,"lr1e-05,wd0.0",-0.9477049939079205,0.0009558896535290301
[64],9,"lr=0.001, wd=0.0",0,layer4_lr1e-05_hd128_wd0.01_cosine,"lr1e-05,wd0.01",-0.9153690647189607,0.001482204371200172
[64],9,"lr=0.001, wd=0.0",0,layer4_lr3e-05_hd128_wd0.0_cosine,"lr3e-05,wd0.0",-1.0817997288114656,0.00048505397472462924
[64],9,"lr=0.001, wd=0.0",0,layer4_lr3e-05_hd128_wd0.01_cosine,"lr3e-05,wd0.01",-1.0503724192340624,0.0004285588706057278
[64],9,"lr=0.001, wd=0.0",0,layer4_lr0.0001_hd128_wd0.0_cosine,"lr0.0001,wd0.0",-1.2999743537478181,0.00023080333475069233
[64],9,"lr=0.001, wd=0.0",0,layer4_lr0.0001_hd128_wd0.01_cosine,"lr0.0001,wd0.01",-1.2599379845996395,0.00020322943028648028
[64],9,"lr=0.001, wd=0.0",0,layer4_lr0.0003_hd128_wd0.0_cosine,"lr0.0003,wd0.0",-1.6834943417234385,4.9269772865763235e-05
[64],9,"lr=0.001, wd=0.0",0,layer4_lr0.0003_hd128_wd0.01_cosine,"lr0.0003,wd0.01",-1.5582821321450642,0.00019025152650552037
[64],9,"lr=0.001, wd=0.0",0,layer4_lr0.001_hd128_wd0.0_cosine,"lr0.001,wd0.0",-2.527747727453158,9.220476973118182e-05
[64],9,"lr=0.001, wd=0.0",0,layer4_lr0.001_hd128_wd0.01_cosine,"lr0.001,wd0.01",-1.877333460410332,0.0004193525903857804
[64],9,"lr=0.001, wd=0.0",0,layer4_lr0.003_hd128_wd0.0_cosine,"lr0.003,wd0.0",-2.0918792743696497,6.19105476193963e-05
[64],9,"lr=0.001, wd=0.0",0,layer4_lr0.003_hd128_wd0.01_cosine,"lr0.003,wd0.01",-1.6020345173445334,0.0011475465112971166
[64],9,"lr=0.001, wd=0.0",5,layer4_lr1e-05_hd128_wd0.0_cosine,"lr1e-05,wd0.0",-2.1273765588430416,0.0009615227776010654
[64],9,"lr=0.001, wd=0.0",5,layer4_lr1e-05_hd128_wd0.01_cosine,"lr1e-05,wd0.01",-2.3782433798797915,0.00028561064565016267
[64],9,"lr=0.001, wd=0.0",5,layer4_lr3e-05_hd128_wd0.0_cosine,"lr3e-05,wd0.0",-2.262127324676337,0.0008482162616668741
[64],9,"lr=0.001, wd=0.0",5,layer4_lr3e-05_hd128_wd0.01_cosine,"lr3e-05,wd0.01",-2.4734125040062,0.0003861305088698747
[64],9,"lr=0.001, wd=0.0",5,layer4_lr0.0001_hd128_wd0.0_cosine,"lr0.0001,wd0.0",-2.5111164200073857,0.00022921873671529174
[64],9,"lr=0.001, wd=0.0",5,layer4_lr0.0001_hd128_wd0.01_cosine,"lr0.0001,wd0.01",-2.876778605020971,0.00013231107635532546
[64],9,"lr=0.001, wd=0.0",5,layer4_lr0.0003_hd128_wd0.0_cosine,"lr0.0003,wd0.0",-2.779394951538095,3.9136775658889006e-05
[64],9,"lr=0.001, wd=0.0",5,layer4_lr0.0003_hd128_wd0.01_cosine,"lr0.0003,wd0.01",-2.911945917384403,0.0001227178673728621
[64],9,"lr=0.001, wd=0.0",5,layer4_lr0.001_hd128_wd0.0_cosine,"lr0.001,wd0.0",-3.1708121581544764,0.00010248956886226842
[64],9,"lr=0.001, wd=0.0",5,layer4_lr0.001_hd128_wd0.01_cosine,"lr0.001,wd0.01",-2.7137210333916086,0.00012581545428233624
[64],9,"lr=0.001, wd=0.0",5,layer4_lr0.003_hd128_wd0.0_cosine,"lr0.003,wd0.0",-3.1774141864313865,3.916544640703786e-05
[64],9,"lr=0.001, wd=0.0",5,layer4_lr0.003_hd128_wd0.01_cosine,"lr0.003,wd0.01",-2.4796137456850467,0.0005935396578188969
[64],9,"lr=0.001, wd=0.0",10,layer4_lr1e-05_hd128_wd0.0_cosine,"lr1e-05,wd0.0",-2.3423058173551192,0.0005479340320109061
[64],9,"lr=0.001, wd=0.0",10,layer4_lr1e-05_hd128_wd0.01_cosine,"lr1e-05,wd0.01",-2.4485347247308473,0.0003810418921826322
[64],9,"lr=0.001, wd=0.0",10,layer4_lr3e-05_hd128_wd0.0_cosine,"lr3e-05,wd0.0",-2.547333597596779,0.0005284395839887523
[64],9,"lr=0.001, wd=0.0",10,layer4_lr3e-05_hd128_wd0.01_cosine,"lr3e-05,wd0.01",-3.0307988209187,0.00011224562357333519
[64],9,"lr=0.001, wd=0.0",10,layer4_lr0.0001_hd128_wd0.0_cosine,"lr0.0001,wd0.0",-2.8307518129918843,0.00011861077820711744
[64],9,"lr=0.001, wd=0.0",10,layer4_lr0.0001_hd128_wd0.01_cosine,"lr0.0001,wd0.01",-3.1133978730628296,0.00012182609977287268
[64],9,"lr=0.001, wd=0.0",10,layer4_lr0.0003_hd128_wd0.0_cosine,"lr0.0003,wd0.0",-3.1244326057091047,4.603963681087121e-05
[64],9,"lr=0.001, wd=0.0",10,layer4_lr0.0003_hd128_wd0.01_cosine,"lr0.0003,wd0.01",-3.2815698922090184,0.0001068821763352861
[64],9,"lr=0.001, wd=0.0",10,layer4_lr0.001_hd128_wd0.0_cosine,"lr0.001,wd0.0",-3.2795341436815377,0.00011539344318606502
[64],9,"lr=0.001, wd=0.0",10,layer4_lr0.001_hd128_wd0.01_cosine,"lr0.001,wd0.01",-3.190283634187183,9.174968786253945e-05
[64],9,"lr=0.001, wd=0.0",10,layer4_lr0.003_hd128_wd0.0_cosine,"lr0.003,wd0.0",-3.4321142622151015,2.9822772914898388e-05
[64],9,"lr=0.001, wd=0.0",10,layer4_lr0.003_hd128_wd0.01_cosine,"lr0.003,wd0.01",-3.1676296123135463,0.00014194212744091347
[64],9,"lr=0.001, wd=0.0",20,layer4_lr1e-05_hd128_wd0.0_cosine,"lr1e-05,wd0.0",-2.9090098088305134,2.521532421553515e-05
[64],9,"lr=0.001, wd=0.0",20,layer4_lr1e-05_hd128_wd0.01_cosine,"lr1e-05,wd0.01",-2.953890544794793,2.7670463989012607e-06
[64],9,"lr=0.001, wd=0.0",20,layer4_lr3e-05_hd128_wd0.0_cosine,"lr3e-05,wd0.0",-3.070733052978849,0.00010617630386758524
[64],9,"lr=0.001, wd=0.0",20,layer4_lr3e-05_hd128_wd0.01_cosine,"lr3e-05,wd0.01",-3.2969999214257384,6.359063706858297e-05
[64],9,"lr=0.001, wd=0.0",20,layer4_lr0.0001_hd128_wd0.0_cosine,"lr0.0001,wd0.0",-3.1394054145102803,1.712711394055022e-05
[64],9,"lr=0.001, wd=0.0",20,layer4_lr0.0001_hd128_wd0.01_cosine,"lr0.0001,wd0.01",-3.29669215760126,7.399876189360991e-05
[64],9,"lr=0.001, wd=0.0",20,layer4_lr0.0003_hd128_wd0.0_cosine,"lr0.0003,wd0.0",-3.2042461954189068,8.395956458743804e-05
[64],9,"lr=0.001, wd=0.0",20,layer4_lr0.0003_hd128_wd0.01_cosine,"lr0.0003,wd0.01",-3.3228441616816866,0.00010643477434191155
[64],9,"lr=0.001, wd=0.0",20,layer4_lr0.001_hd128_wd0.0_cosine,"lr0.001,wd0.0",-3.1408167818813846,0.0001448067054956632
[64],9,"lr=0.001, wd=0.0",20,layer4_lr0.001_hd128_wd0.01_cosine,"lr0.001,wd0.01",-3.366482248159097,0.0001035060738515432
[64],9,"lr=0.001, wd=0.0",20,layer4_lr0.003_hd128_wd0.0_cosine,"lr0.003,wd0.0",-3.621363604989012,4.92554559308628e-05
[64],9,"lr=0.001, wd=0.0",20,layer4_lr0.003_hd128_wd0.01_cosine,"lr0.003,wd0.01",-2.8550515450001157,0.0002859723504016785
[64],9,"lr=0.001, wd=0.0",50,layer4_lr1e-05_hd128_wd0.0_cosine,"lr1e-05,wd0.0",-3.802592855590447,2.362655184865659e-06
[64],9,"lr=0.001, wd=0.0",50,layer4_lr1e-05_hd128_wd0.01_cosine,"lr1e-05,wd0.01",-3.8816728521019597,2.307064515588703e-06
[64],9,"lr=0.001, wd=0.0",50,layer4_lr3e-05_hd128_wd0.0_cosine,"lr3e-05,wd0.0",-3.663665182174536,8.861861477721983e-07
[64],9,"lr=0.001, wd=0.0",50,layer4_lr3e-05_hd128_wd0.01_cosine,"lr3e-05,wd0.01",-3.916233279439496,1.3772881662151519e-06
[64],9,"lr=0.001, wd=0.0",50,layer4_lr0.0001_hd128_wd0.0_cosine,"lr0.0001,wd0.0",-3.380609923202318,1.8030045830607415e-05
[64],9,"lr=0.001, wd=0.0",50,layer4_lr0.0001_hd128_wd0.01_cosine,"lr0.0001,wd0.01",-3.73858038501579,2.104202515357448e-05
[64],9,"lr=0.001, wd=0.0",50,layer4_lr0.0003_hd128_wd0.0_cosine,"lr0.0003,wd0.0",-3.320305100966846,8.84823702763074e-05
[64],9,"lr=0.001, wd=0.0",50,layer4_lr0.0003_hd128_wd0.01_cosine,"lr0.0003,wd0.01",-3.7308474462250176,3.736916862241013e-05
[64],9,"lr=0.001, wd=0.0",50,layer4_lr0.001_hd128_wd0.0_cosine,"lr0.001,wd0.0",-2.616462869227432,0.0001594946361796666
[64],9,"lr=0.001, wd=0.0",50,layer4_lr0.001_hd128_wd0.01_cosine,"lr0.001,wd0.01",-2.5935932053875512,0.00016440586069881586
[64],9,"lr=0.001, wd=0.0",50,layer4_lr0.003_hd128_wd0.0_cosine,"lr0.003,wd0.0",-3.5496196689875337,5.927056947015946e-05
[64],9,"lr=0.001, wd=0.0",50,layer4_lr0.003_hd128_wd0.01_cosine,"lr0.003,wd0.01",-1.5589041579197709,0.0003178269417862003
[64],9,"lr=0.001, wd=0.0",90,layer4_lr1e-05_hd128_wd0.0_cosine,"lr1e-05,wd0.0",-4.124166493117962,1.9871538109772767e-06
[64],9,"lr=0.001, wd=0.0",90,layer4_lr1e-05_hd128_wd0.01_cosine,"lr1e-05,wd0.01",-4.180261605875735,4.2715617172347816e-07
[64],9,"lr=0.001, wd=0.0",90,layer4_lr3e-05_hd128_wd0.0_cosine,"lr3e-05,wd0.0",-4.120162287574788,5.935216931654118e-07
[64],9,"lr=0.001, wd=0.0",90,layer4_lr3e-05_hd128_wd0.01_cosine,"lr3e-05,wd0.01",-4.173856423589884,6.611998250787622e-07
[64],9,"lr=0.001, wd=0.0",90,layer4_lr0.0001_hd128_wd0.0_cosine,"lr0.0001,wd0.0",-4.038747493568537,1.3683559165279356e-06
[64],9,"lr=0.001, wd=0.0",90,layer4_lr0.0001_hd128_wd0.01_cosine,"lr0.0001,wd0.01",-4.147822315535071,1.4202006167063682e-06
[64],9,"lr=0.001, wd=0.0",90,layer4_lr0.0003_hd128_wd0.0_cosine,"lr0.0003,wd0.0",-3.8134111603654315,2.7903277568966032e-05
[64],9,"lr=0.001, wd=0.0",90,layer4_lr0.0003_hd128_wd0.01_cosine,"lr0.0003,wd0.01",-3.968863846281905,1.207552964075742e-05
[64],9,"lr=0.001, wd=0.0",90,layer4_lr0.001_hd128_wd0.0_cosine,"lr0.001,wd0.0",-2.8753723397398607,0.00010342209932809097
[64],9,"lr=0.001, wd=0.0",90,layer4_lr0.001_hd128_wd0.01_cosine,"lr0.001,wd0.01",-3.6873472094425983,2.9049670869373735e-05
[64],9,"lr=0.001, wd=0.0",90,layer4_lr0.003_hd128_wd0.0_cosine,"lr0.003,wd0.0",-3.6014119477184554,4.520029040905418e-05
[64],9,"lr=0.001, wd=0.0",90,layer4_lr0.003_hd128_wd0.01_cosine,"lr0.003,wd0.01",-3.4698616408391314,5.501449515841465e-05
[64],10,"lr=0.001, wd=0.01",0,layer4_lr1e-05_hd128_wd0.0_cosine,"lr1e-05,wd0.0",-0.7850774028236734,0.0006001951123719785
[64],10,"lr=0.001, wd=0.01",0,layer4_lr1e-05_hd128_wd0.01_cosine,"lr1e-05,wd0.01",-0.7724493567508863,0.0011923261068437047
[64],10,"lr=0.001, wd=0.01",0,layer4_lr3e-05_hd128_wd0.0_cosine,"lr3e-05,wd0.0",-0.8907883322004689,0.00020618295219279666
[64],10,"lr=0.001, wd=0.01",0,layer4_lr3e-05_hd128_wd0.01_cosine,"lr3e-05,wd0.01",-0.8909807486025684,0.00017037033635553876
[64],10,"lr=0.001, wd=0.01",0,layer4_lr0.0001_hd128_wd0.0_cosine,"lr0.0001,wd0.0",-1.0038316972766477,0.0004264228086991532
[64],10,"lr=0.001, wd=0.01",0,layer4_lr0.0001_hd128_wd0.01_cosine,"lr0.0001,wd0.01",-1.0302748642313357,3.849256065106996e-05
[64],10,"lr=0.001, wd=0.01",0,layer4_lr0.0003_hd128_wd0.0_cosine,"lr0.0003,wd0.0",-1.1301506648996371,0.0005391125268190151
[64],10,"lr=0.001, wd=0.01",0,layer4_lr0.0003_hd128_wd0.01_cosine,"lr0.0003,wd0.01",-1.232697551063025,5.919514678287346e-05
[64],10,"lr=0.001, wd=0.01",0,layer4_lr0.001_hd128_wd0.0_cosine,"lr0.001,wd0.0",-1.3525874872998205,0.0005631677356975589
[64],10,"lr=0.001, wd=0.01",0,layer4_lr0.001_hd128_wd0.01_cosine,"lr0.001,wd0.01",-1.7523692334908356,1.4897536079954965e-05
[64],10,"lr=0.001, wd=0.01",0,layer4_lr0.003_hd128_wd0.0_cosine,"lr0.003,wd0.0",-1.3192660474358122,0.0002783743503870142
[64],10,"lr=0.001, wd=0.01",0,layer4_lr0.003_hd128_wd0.01_cosine,"lr0.003,wd0.01",-1.4504299375898342,0.0002929086481696815
[64],10,"lr=0.001, wd=0.01",5,layer4_lr1e-05_hd128_wd0.0_cosine,"lr1e-05,wd0.0",-2.156589096219419,5.259481592974121e-05
[64],10,"lr=0.001, wd=0.01",5,layer4_lr1e-05_hd128_wd0.01_cosine,"lr1e-05,wd0.01",-2.2020396710024315,4.434782971341079e-05
[64],10,"lr=0.001, wd=0.01",5,layer4_lr3e-05_hd128_wd0.0_cosine,"lr3e-05,wd0.0",-2.149006189405371,0.0001615885118726841
[64],10,"lr=0.001, wd=0.01",5,layer4_lr3e-05_hd128_wd0.01_cosine,"lr3e-05,wd0.01",-2.3006905659677654,3.2760957097580055e-05
[64],10,"lr=0.001, wd=0.01",5,layer4_lr0.0001_hd128_wd0.0_cosine,"lr0.0001,wd0.0",-2.141161876554087,0.0004027297381354328
[64],10,"lr=0.001, wd=0.01",5,layer4_lr0.0001_hd128_wd0.01_cosine,"lr0.0001,wd0.01",-2.622194596078245,3.724563760313074e-05
[64],10,"lr=0.001, wd=0.01",5,layer4_lr0.0003_hd128_wd0.0_cosine,"lr0.0003,wd0.0",-1.9647993301160938,0.0013646382777708947
[64],10,"lr=0.001, wd=0.01",5,layer4_lr0.0003_hd128_wd0.01_cosine,"lr0.0003,wd0.01",-3.0078223689493515,6.337671345530782e-06
[64],10,"lr=0.001, wd=0.01",5,layer4_lr0.001_hd128_wd0.0_cosine,"lr0.001,wd0.0",-2.0926909222376944,0.0015496731742408866
[64],10,"lr=0.001, wd=0.01",5,layer4_lr0.001_hd128_wd0.01_cosine,"lr0.001,wd0.01",-3.429715389967689,1.1843639519709927e-05
[64],10,"lr=0.001, wd=0.01",5,layer4_lr0.003_hd128_wd0.0_cosine,"lr0.003,wd0.0",-2.187315446089245,0.0011937085855093545
[64],10,"lr=0.001, wd=0.01",5,layer4_lr0.003_hd128_wd0.01_cosine,"lr0.003,wd0.01",-2.618278812120553,0.000185858598772143
[64],10,"lr=0.001, wd=0.01",10,layer4_lr1e-05_hd128_wd0.0_cosine,"lr1e-05,wd0.0",-2.3566232612570404,1.5007434147618653e-05
[64],10,"lr=0.001, wd=0.01",10,layer4_lr1e-05_hd128_wd0.01_cosine,"lr1e-05,wd0.01",-2.420772334091625,2.4461452829751078e-05
[64],10,"lr=0.001, wd=0.01",10,layer4_lr3e-05_hd128_wd0.0_cosine,"lr3e-05,wd0.0",-2.2692770035710024,1.9301584019759555e-05
[64],10,"lr=0.001, wd=0.01",10,layer4_lr3e-05_hd128_wd0.01_cosine,"lr3e-05,wd0.01",-2.4009897239070606,0.0001273898586344188
[64],10,"lr=0.001, wd=0.01",10,layer4_lr0.0001_hd128_wd0.0_cosine,"lr0.0001,wd0.0",-1.9954930749397135,0.0008191179331832649
[64],10,"lr=0.001, wd=0.01",10,layer4_lr0.0001_hd128_wd0.01_cosine,"lr0.0001,wd0.01",-2.7369014401932596,0.00015009977329675012
[64],10,"lr=0.001, wd=0.01",10,layer4_lr0.0003_hd128_wd0.0_cosine,"lr0.0003,wd0.0",-1.93606164226442,0.0021228213080346408
[64],10,"lr=0.001, wd=0.01",10,layer4_lr0.0003_hd128_wd0.01_cosine,"lr0.0003,wd0.01",-3.2473615494692964,3.128327927407074e-05
[64],10,"lr=0.001, wd=0.01",10,layer4_lr0.001_hd128_wd0.0_cosine,"lr0.001,wd0.0",-2.1256204722135195,0.0014158111718338196
[64],10,"lr=0.001, wd=0.01",10,layer4_lr0.001_hd128_wd0.01_cosine,"lr0.001,wd0.01",-3.74030701088738,1.1264206904884402e-05
[64],10,"lr=0.001, wd=0.01",10,layer4_lr0.003_hd128_wd0.0_cosine,"lr0.003,wd0.0",-2.502531650005374,0.0007744424407605471
[64],10,"lr=0.001, wd=0.01",10,layer4_lr0.003_hd128_wd0.01_cosine,"lr0.003,wd0.01",-3.5858891407327786,5.261098692478222e-05
[64],10,"lr=0.001, wd=0.01",20,layer4_lr1e-05_hd128_wd0.0_cosine,"lr1e-05,wd0.0",-2.582040168865873,9.319096674071016e-05
[64],10,"lr=0.001, wd=0.01",20,layer4_lr1e-05_hd128_wd0.01_cosine,"lr1e-05,wd0.01",-2.5759566375597918,0.00017803694750317037
[64],10,"lr=0.001, wd=0.01",20,layer4_lr3e-05_hd128_wd0.0_cosine,"lr3e-05,wd0.0",-2.5121920917063,8.131863768577952e-05
[64],10,"lr=0.001, wd=0.01",20,layer4_lr3e-05_hd128_wd0.01_cosine,"lr3e-05,wd0.01",-2.8688519466472466,4.073973977178892e-05
[64],10,"lr=0.001, wd=0.01",20,layer4_lr0.0001_hd128_wd0.0_cosine,"lr0.0001,wd0.0",-2.3685108005231705,0.0007630734566846834
[64],10,"lr=0.001, wd=0.01",20,layer4_lr0.0001_hd128_wd0.01_cosine,"lr0.0001,wd0.01",-2.9739491855918803,0.00011079882586521484
[64],10,"lr=0.001, wd=0.01",20,layer4_lr0.0003_hd128_wd0.0_cosine,"lr0.0003,wd0.0",-2.178160268978892,0.001313330519346432
[64],10,"lr=0.001, wd=0.01",20,layer4_lr0.0003_hd128_wd0.01_cosine,"lr0.0003,wd0.01",-3.5310638065567788,2.1046522919267994e-05
[64],10,"lr=0.001, wd=0.01",20,layer4_lr0.001_hd128_wd0.0_cosine,"lr0.001,wd0.0",-2.396442092592652,0.001081802640728529
[64],10,"lr=0.001, wd=0.01",20,layer4_lr0.001_hd128_wd0.01_cosine,"lr0.001,wd0.01",-3.8694802098540673,9.57588222224137e-06
[64],10,"lr=0.001, wd=0.01",20,layer4_lr0.003_hd128_wd0.0_cosine,"lr0.003,wd0.0",-2.553973614839431,0.0007502032970383093
[64],10,"lr=0.001, wd=0.01",20,layer4_lr0.003_hd128_wd0.01_cosine,"lr0.003,wd0.01",-3.235176881572193,0.00010556101334658981
[64],10,"lr=0.001, wd=0.01",50,layer4_lr1e-05_hd128_wd0.0_cosine,"lr1e-05,wd0.0",-3.8669482315446135,1.534038980054225e-05
[64],10,"lr=0.001, wd=0.01",50,layer4_lr1e-05_hd128_wd0.01_cosine,"lr1e-05,wd0.01",-3.9153987312159058,1.345255519675892e-05
[64],10,"lr=0.001, wd=0.01",50,layer4_lr3e-05_hd128_wd0.0_cosine,"lr3e-05,wd0.0",-3.7480355162789256,2.538664217764962e-05
[64],10,"lr=0.001, wd=0.01",50,layer4_lr3e-05_hd128_wd0.01_cosine,"lr3e-05,wd0.01",-3.8622805306701258,1.561183943977382e-05
[64],10,"lr=0.001, wd=0.01",50,layer4_lr0.0001_hd128_wd0.0_cosine,"lr0.0001,wd0.0",-3.07027888220526,0.00013431075160808383
[64],10,"lr=0.001, wd=0.01",50,layer4_lr0.0001_hd128_wd0.01_cosine,"lr0.0001,wd0.01",-4.03165920625027,4.390715099890963e-06
[64],10,"lr=0.001, wd=0.01",50,layer4_lr0.0003_hd128_wd0.0_cosine,"lr0.0003,wd0.0",-2.7058516782538775,0.00023982004901746233
[64],10,"lr=0.001, wd=0.01",50,layer4_lr0.0003_hd128_wd0.01_cosine,"lr0.0003,wd0.01",-4.072628835477732,3.7685664760125943e-06
[64],10,"lr=0.001, wd=0.01",50,layer4_lr0.001_hd128_wd0.0_cosine,"lr0.001,wd0.0",-2.7338375063828284,0.00026066053039513657
[64],10,"lr=0.001, wd=0.01",50,layer4_lr0.001_hd128_wd0.01_cosine,"lr0.001,wd0.01",-3.7652477616709024,3.209136374010336e-05
[64],10,"lr=0.001, wd=0.01",50,layer4_lr0.003_hd128_wd0.0_cosine,"lr0.003,wd0.0",-1.9210566038384917,0.00027886270806049695
[64],10,"lr=0.001, wd=0.01",50,layer4_lr0.003_hd128_wd0.01_cosine,"lr0.003,wd0.01",-2.0943878218023717,0.00018529559917216046
[64],10,"lr=0.001, wd=0.01",90,layer4_lr1e-05_hd128_wd0.0_cosine,"lr1e-05,wd0.0",-4.105456794545426,6.1066510064584615e-06
[64],10,"lr=0.001, wd=0.01",90,layer4_lr1e-05_hd128_wd0.01_cosine,"lr1e-05,wd0.01",-4.185592459710963,2.162031806800579e-06
[64],10,"lr=0.001, wd=0.01",90,layer4_lr3e-05_hd128_wd0.0_cosine,"lr3e-05,wd0.0",-4.122451882362847,3.3525973930636643e-06
[64],10,"lr=0.001, wd=0.01",90,layer4_lr3e-05_hd128_wd0.01_cosine,"lr3e-05,wd0.01",-4.161396284252325,1.944937200775565e-06
[64],10,"lr=0.001, wd=0.01",90,layer4_lr0.0001_hd128_wd0.0_cosine,"lr0.0001,wd0.0",-3.564794609611826,1.4249677691907471e-06
[64],10,"lr=0.001, wd=0.01",90,layer4_lr0.0001_hd128_wd0.01_cosine,"lr0.0001,wd0.01",-4.202130657006945,7.510477976069048e-07
[64],10,"lr=0.001, wd=0.01",90,layer4_lr0.0003_hd128_wd0.0_cosine,"lr0.0003,wd0.0",-3.199085205217017,2.8366098435886505e-06
[64],10,"lr=0.001, wd=0.01",90,layer4_lr0.0003_hd128_wd0.01_cosine,"lr0.0003,wd0.01",-4.188353698261597,1.925105095531168e-06
[64],10,"lr=0.001, wd=0.01",90,layer4_lr0.001_hd128_wd0.0_cosine,"lr0.001,wd0.0",-2.940632275599369,1.1927292048497293e-05
[64],10,"lr=0.001, wd=0.01",90,layer4_lr0.001_hd128_wd0.01_cosine,"lr0.001,wd0.01",-3.899320241358943,1.966025466657733e-05
[64],10,"lr=0.001, wd=0.01",90,layer4_lr0.003_hd128_wd0.0_cosine,"lr0.003,wd0.0",-3.1739090013099607,2.3469087536736508e-05
[64],10,"lr=0.001, wd=0.01",90,layer4_lr0.003_hd128_wd0.01_cosine,"lr0.003,wd0.01",-3.212898462190184,8.5607749783515e-05
[64],11,"lr=0.003, wd=0.0",0,layer4_lr1e-05_hd128_wd0.0_cosine,"lr1e-05,wd0.0",-0.7702417532256874,0.0009774372322677455
[64],11,"lr=0.003, wd=0.0",0,layer4_lr1e-05_hd128_wd0.01_cosine,"lr1e-05,wd0.01",-0.735906956059924,0.0016871850401286507
[64],11,"lr=0.003, wd=0.0",0,layer4_lr3e-05_hd128_wd0.0_cosine,"lr3e-05,wd0.0",-0.9085926745276203,0.00024979050941117254
[64],11,"lr=0.003, wd=0.0",0,layer4_lr3e-05_hd128_wd0.01_cosine,"lr3e-05,wd0.01",-0.8744259073097006,0.0004546144924133679
[64],11,"lr=0.003, wd=0.0",0,layer4_lr0.0001_hd128_wd0.0_cosine,"lr0.0001,wd0.0",-1.0407295919524377,0.00011899312154305439
[64],11,"lr=0.003, wd=0.0",0,layer4_lr0.0001_hd128_wd0.01_cosine,"lr0.0001,wd0.01",-1.0133796904421342,0.00010117613707611764
[64],11,"lr=0.003, wd=0.0",0,layer4_lr0.0003_hd128_wd0.0_cosine,"lr0.0003,wd0.0",-1.2700661242249578,0.00013951757848924273
[64],11,"lr=0.003, wd=0.0",0,layer4_lr0.0003_hd128_wd0.01_cosine,"lr0.0003,wd0.01",-1.2191884041043632,8.609470497162489e-05
[64],11,"lr=0.003, wd=0.0",0,layer4_lr0.001_hd128_wd0.0_cosine,"lr0.001,wd0.0",-1.962412724446178,0.00020265318178918314
[64],11,"lr=0.003, wd=0.0",0,layer4_lr0.001_hd128_wd0.01_cosine,"lr0.001,wd0.01",-1.750573536516681,0.00032023411578869723
[64],11,"lr=0.003, wd=0.0",0,layer4_lr0.003_hd128_wd0.0_cosine,"lr0.003,wd0.0",-3.0073185320992155,0.00012148948661281481
[64],11,"lr=0.003, wd=0.0",0,layer4_lr0.003_hd128_wd0.01_cosine,"lr0.003,wd0.01",-1.9143407860791357,0.0010642349081463715
[64],11,"lr=0.003, wd=0.0",5,layer4_lr1e-05_hd128_wd0.0_cosine,"lr1e-05,wd0.0",-2.358961520768504,0.000237227172081584
[64],11,"lr=0.003, wd=0.0",5,layer4_lr1e-05_hd128_wd0.01_cosine,"lr1e-05,wd0.01",-2.4393772823583237,7.625580323320151e-06
[64],11,"lr=0.003, wd=0.0",5,layer4_lr3e-05_hd128_wd0.0_cosine,"lr3e-05,wd0.0",-2.3609146531206666,0.000511627405051004
[64],11,"lr=0.003, wd=0.0",5,layer4_lr3e-05_hd128_wd0.01_cosine,"lr3e-05,wd0.01",-2.58006915406465,0.00015405363700360248
[64],11,"lr=0.003, wd=0.0",5,layer4_lr0.0001_hd128_wd0.0_cosine,"lr0.0001,wd0.0",-2.5826116774071823,0.00015875061358558822
[64],11,"lr=0.003, wd=0.0",5,layer4_lr0.0001_hd128_wd0.01_cosine,"lr0.0001,wd0.01",-2.937044733037926,0.0001062577478463158
[64],11,"lr=0.003, wd=0.0",5,layer4_lr0.0003_hd128_wd0.0_cosine,"lr0.0003,wd0.0",-2.8610575080612723,0.00021253050791890707
[64],11,"lr=0.003, wd=0.0",5,layer4_lr0.0003_hd128_wd0.01_cosine,"lr0.0003,wd0.01",-3.546433494643459,4.2690059746445245e-05
[64],11,"lr=0.003, wd=0.0",5,layer4_lr0.001_hd128_wd0.0_cosine,"lr0.001,wd0.0",-2.842168446385787,0.00029290740454208377
[64],11,"lr=0.003, wd=0.0",5,layer4_lr0.001_hd128_wd0.01_cosine,"lr0.001,wd0.01",-3.0669575734892573,7.36368057231158e-05
[64],11,"lr=0.003, wd=0.0",5,layer4_lr0.003_hd128_wd0.0_cosine,"lr0.003,wd0.0",-3.0797729930871043,0.00013557846315661153
[64],11,"lr=0.003, wd=0.0",5,layer4_lr0.003_hd128_wd0.01_cosine,"lr0.003,wd0.01",-2.534758347822281,0.000588264001295748
[64],11,"lr=0.003, wd=0.0",10,layer4_lr1e-05_hd128_wd0.0_cosine,"lr1e-05,wd0.0",-2.6196142108426055,0.00018311564053263865
[64],11,"lr=0.003, wd=0.0",10,layer4_lr1e-05_hd128_wd0.01_cosine,"lr1e-05,wd0.01",-2.6885715758197777,0.00013095559609745212
[64],11,"lr=0.003, wd=0.0",10,layer4_lr3e-05_hd128_wd0.0_cosine,"lr3e-05,wd0.0",-2.8354638406261072,0.0002044682807324142
[64],11,"lr=0.003, wd=0.0",10,layer4_lr3e-05_hd128_wd0.01_cosine,"lr3e-05,wd0.01",-3.1635116632036024,1.1591538470929312e-05
[64],11,"lr=0.003, wd=0.0",10,layer4_lr0.0001_hd128_wd0.0_cosine,"lr0.0001,wd0.0",-3.0968438117506243,1.6141490038246848e-05
[64],11,"lr=0.003, wd=0.0",10,layer4_lr0.0001_hd128_wd0.01_cosine,"lr0.0001,wd0.01",-3.378130840653849,5.580172945532115e-05
[64],11,"lr=0.003, wd=0.0",10,layer4_lr0.0003_hd128_wd0.0_cosine,"lr0.0003,wd0.0",-2.6666418324994794,0.0004989379681177861
[64],11,"lr=0.003, wd=0.0",10,layer4_lr0.0003_hd128_wd0.01_cosine,"lr0.0003,wd0.01",-3.6557157150095754,4.3964469414210506e-05
[64],11,"lr=0.003, wd=0.0",10,layer4_lr0.001_hd128_wd0.0_cosine,"lr0.001,wd0.0",-2.651585156786322,0.0004139071342571304
[64],11,"lr=0.003, wd=0.0",10,layer4_lr0.001_hd128_wd0.01_cosine,"lr0.001,wd0.01",-3.4543274029001765,6.4504156295776e-05
[64],11,"lr=0.003, wd=0.0",10,layer4_lr0.003_hd128_wd0.0_cosine,"lr0.003,wd0.0",-2.7741913370102838,0.000143357676061785
[64],11,"lr=0.003, wd=0.0",10,layer4_lr0.003_hd128_wd0.01_cosine,"lr0.003,wd0.01",-3.321380584234102,0.00011900853991249741
[64],11,"lr=0.003, wd=0.0",20,layer4_lr1e-05_hd128_wd0.0_cosine,"lr1e-05,wd0.0",-2.9760271947406096,9.777843553665743e-07
[64],11,"lr=0.003, wd=0.0",20,layer4_lr1e-05_hd128_wd0.01_cosine,"lr1e-05,wd0.01",-2.983506928979138,1.6651100492455605e-05
[64],11,"lr=0.003, wd=0.0",20,layer4_lr3e-05_hd128_wd0.0_cosine,"lr3e-05,wd0.0",-3.2392682949772027,1.6445184712451463e-05
[64],11,"lr=0.003, wd=0.0",20,layer4_lr3e-05_hd128_wd0.01_cosine,"lr3e-05,wd0.01",-3.502060031448727,1.868929997458306e-05
[64],11,"lr=0.003, wd=0.0",20,layer4_lr0.0001_hd128_wd0.0_cosine,"lr0.0001,wd0.0",-2.9921553913809187,0.00013126861262169003
[64],11,"lr=0.003, wd=0.0",20,layer4_lr0.0001_hd128_wd0.01_cosine,"lr0.0001,wd0.01",-3.681275580401101,1.9244820852124138e-05
[64],11,"lr=0.003, wd=0.0",20,layer4_lr0.0003_hd128_wd0.0_cosine,"lr0.0003,wd0.0",-2.494053096634293,0.000591172706764788
[64],11,"lr=0.003, wd=0.0",20,layer4_lr0.0003_hd128_wd0.01_cosine,"lr0.0003,wd0.01",-3.5355056979159003,5.76482067046704e-05
[64],11,"lr=0.003, wd=0.0",20,layer4_lr0.001_hd128_wd0.0_cosine,"lr0.001,wd0.0",-2.308168114925934,0.0005025597123306705
[64],11,"lr=0.003, wd=0.0",20,layer4_lr0.001_hd128_wd0.01_cosine,"lr0.001,wd0.01",-3.388212837054141,7.563974300472484e-05
[64],11,"lr=0.003, wd=0.0",20,layer4_lr0.003_hd128_wd0.0_cosine,"lr0.003,wd0.0",-2.24190194436751,0.00018758328748339482
[64],11,"lr=0.003, wd=0.0",20,layer4_lr0.003_hd128_wd0.01_cosine,"lr0.003,wd0.01",-2.542397232396783,0.0002603795457800004
[64],11,"lr=0.003, wd=0.0",50,layer4_lr1e-05_hd128_wd0.0_cosine,"lr1e-05,wd0.0",-3.960747034394816,3.674199885566381e-06
[64],11,"lr=0.003, wd=0.0",50,layer4_lr1e-05_hd128_wd0.01_cosine,"lr1e-05,wd0.01",-4.0366903336985995,3.0904483401795952e-06
[64],11,"lr=0.003, wd=0.0",50,layer4_lr3e-05_hd128_wd0.0_cosine,"lr3e-05,wd0.0",-3.93600554337288,1.8701169276762904e-06
[64],11,"lr=0.003, wd=0.0",50,layer4_lr3e-05_hd128_wd0.01_cosine,"lr3e-05,wd0.01",-4.080595086731477,9.773952424484415e-07
[64],11,"lr=0.003, wd=0.0",50,layer4_lr0.0001_hd128_wd0.0_cosine,"lr0.0001,wd0.0",-3.3834233867596772,6.473689280331496e-05
[64],11,"lr=0.003, wd=0.0",50,layer4_lr0.0001_hd128_wd0.01_cosine,"lr0.0001,wd0.01",-4.005698765071628,1.1102973014882394e-05
[64],11,"lr=0.003, wd=0.0",50,layer4_lr0.0003_hd128_wd0.0_cosine,"lr0.0003,wd0.0",-2.871147289504837,0.00019715060976212558
[64],11,"lr=0.003, wd=0.0",50,layer4_lr0.0003_hd128_wd0.01_cosine,"lr0.0003,wd0.01",-3.8573023929079313,2.5394363978761544e-05
[64],11,"lr=0.003, wd=0.0",50,layer4_lr0.001_hd128_wd0.0_cosine,"lr0.001,wd0.0",-2.685485521944868,0.00028000092656381046
[64],11,"lr=0.003, wd=0.0",50,layer4_lr0.001_hd128_wd0.01_cosine,"lr0.001,wd0.01",-2.286555935616001,0.00014938477831934625
[64],11,"lr=0.003, wd=0.0",50,layer4_lr0.003_hd128_wd0.0_cosine,"lr0.003,wd0.0",-2.389705609738336,0.00014378164072725323
[64],11,"lr=0.003, wd=0.0",50,layer4_lr0.003_hd128_wd0.01_cosine,"lr0.003,wd0.01",-1.0888717510275585,0.0003075281039289989
[64],11,"lr=0.003, wd=0.0",90,layer4_lr1e-05_hd128_wd0.0_cosine,"lr1e-05,wd0.0",-4.1495506133911295,1.6863785588110694e-06
[64],11,"lr=0.003, wd=0.0",90,layer4_lr1e-05_hd128_wd0.01_cosine,"lr1e-05,wd0.01",-4.202763007564023,3.7245306667409294e-07
[64],11,"lr=0.003, wd=0.0",90,layer4_lr3e-05_hd128_wd0.0_cosine,"lr3e-05,wd0.0",-4.144717038812226,7.107247021805343e-07
[64],11,"lr=0.003, wd=0.0",90,layer4_lr3e-05_hd128_wd0.01_cosine,"lr3e-05,wd0.01",-4.181840461735927,1.1341007724902924e-06
[64],11,"lr=0.003, wd=0.0",90,layer4_lr0.0001_hd128_wd0.0_cosine,"lr0.0001,wd0.0",-4.0287503012823915,8.811455182091568e-07
[64],11,"lr=0.003, wd=0.0",90,layer4_lr0.0001_hd128_wd0.01_cosine,"lr0.0001,wd0.01",-4.158033132880886,3.9547668220475295e-06
[64],11,"lr=0.003, wd=0.0",90,layer4_lr0.0003_hd128_wd0.0_cosine,"lr0.0003,wd0.0",-3.952001588649192,9.361063011003681e-06
[64],11,"lr=0.003, wd=0.0",90,layer4_lr0.0003_hd128_wd0.01_cosine,"lr0.0003,wd0.01",-3.9696030142157337,1.7300329410006183e-05
[64],11,"lr=0.003, wd=0.0",90,layer4_lr0.001_hd128_wd0.0_cosine,"lr0.001,wd0.0",-3.594693411858484,4.903529947611955e-05
[64],11,"lr=0.003, wd=0.0",90,layer4_lr0.001_hd128_wd0.01_cosine,"lr0.001,wd0.01",-3.7547913304242533,3.079412757499601e-05
[64],11,"lr=0.003, wd=0.0",90,layer4_lr0.003_hd128_wd0.0_cosine,"lr0.003,wd0.0",-3.329421661436439,7.206203980206963e-05
[64],11,"lr=0.003, wd=0.0",90,layer4_lr0.003_hd128_wd0.01_cosine,"lr0.003,wd0.01",-3.392324777902163,7.521466318941646e-05
[64],12,"lr=0.003, wd=0.01",0,layer4_lr1e-05_hd128_wd0.0_cosine,"lr1e-05,wd0.0",-0.7943262635086832,0.0003889277016656813
[64],12,"lr=0.003, wd=0.01",0,layer4_lr1e-05_hd128_wd0.01_cosine,"lr1e-05,wd0.01",-0.7806523830728916,0.0008937950120207839
[64],12,"lr=0.003, wd=0.01",0,layer4_lr3e-05_hd128_wd0.0_cosine,"lr3e-05,wd0.0",-0.8741393597601412,0.00032778711930924685
[64],12,"lr=0.003, wd=0.01",0,layer4_lr3e-05_hd128_wd0.01_cosine,"lr3e-05,wd0.01",-0.8703469844139844,9.215700754353263e-05
[64],12,"lr=0.003, wd=0.01",0,layer4_lr0.0001_hd128_wd0.0_cosine,"lr0.0001,wd0.0",-0.9896022020083115,0.0008499898163048478
[64],12,"lr=0.003, wd=0.01",0,layer4_lr0.0001_hd128_wd0.01_cosine,"lr0.0001,wd0.01",-1.006819166976011,0.00018645411589550488
[64],12,"lr=0.003, wd=0.01",0,layer4_lr0.0003_hd128_wd0.0_cosine,"lr0.0003,wd0.0",-1.0907436612901307,0.001062526733953974
[64],12,"lr=0.003, wd=0.01",0,layer4_lr0.0003_hd128_wd0.01_cosine,"lr0.0003,wd0.01",-1.1319327200409253,0.00030138329778155485
[64],12,"lr=0.003, wd=0.01",0,layer4_lr0.001_hd128_wd0.0_cosine,"lr0.001,wd0.0",-1.2311089675205467,0.0011524928507449569
[64],12,"lr=0.003, wd=0.01",0,layer4_lr0.001_hd128_wd0.01_cosine,"lr0.001,wd0.01",-1.3884549818480736,0.00014988172560846864
[64],12,"lr=0.003, wd=0.01",0,layer4_lr0.003_hd128_wd0.0_cosine,"lr0.003,wd0.0",-1.449408103764711,0.0007921149329268432
[64],12,"lr=0.003, wd=0.01",0,layer4_lr0.003_hd128_wd0.01_cosine,"lr0.003,wd0.01",-1.8526902898900786,1.352568008540169e-05
[64],12,"lr=0.003, wd=0.01",5,layer4_lr1e-05_hd128_wd0.0_cosine,"lr1e-05,wd0.0",-1.912913083878091,0.0001841550749920444
[64],12,"lr=0.003, wd=0.01",5,layer4_lr1e-05_hd128_wd0.01_cosine,"lr1e-05,wd0.01",-1.9244376858005652,0.0005809027736534691
[64],12,"lr=0.003, wd=0.01",5,layer4_lr3e-05_hd128_wd0.0_cosine,"lr3e-05,wd0.0",-1.9115913243073523,0.00028259682013561977
[64],12,"lr=0.003, wd=0.01",5,layer4_lr3e-05_hd128_wd0.01_cosine,"lr3e-05,wd0.01",-2.0239785888775166,0.0003765427643410674
[64],12,"lr=0.003, wd=0.01",5,layer4_lr0.0001_hd128_wd0.0_cosine,"lr0.0001,wd0.0",-1.8758776434395992,0.0014009930004138878
[64],12,"lr=0.003, wd=0.01",5,layer4_lr0.0001_hd128_wd0.01_cosine,"lr0.0001,wd0.01",-2.245306936934126,0.0005568899623408156
[64],12,"lr=0.003, wd=0.01",5,layer4_lr0.0003_hd128_wd0.0_cosine,"lr0.0003,wd0.0",-1.8181722357861159,0.002679202349736514
[64],12,"lr=0.003, wd=0.01",5,layer4_lr0.0003_hd128_wd0.01_cosine,"lr0.0003,wd0.01",-2.3632070574641935,0.0003998717540460354
[64],12,"lr=0.003, wd=0.01",5,layer4_lr0.001_hd128_wd0.0_cosine,"lr0.001,wd0.0",-1.8902748762967796,0.002678835788049007
[64],12,"lr=0.003, wd=0.01",5,layer4_lr0.001_hd128_wd0.01_cosine,"lr0.001,wd0.01",-2.198885177871437,0.00046630365335973784
[64],12,"lr=0.003, wd=0.01",5,layer4_lr0.003_hd128_wd0.0_cosine,"lr0.003,wd0.0",-2.0237359832952215,0.0018442873651415403
[64],12,"lr=0.003, wd=0.01",5,layer4_lr0.003_hd128_wd0.01_cosine,"lr0.003,wd0.01",-3.0085058463231245,9.832710503989719e-06
[64],12,"lr=0.003, wd=0.01",10,layer4_lr1e-05_hd128_wd0.0_cosine,"lr1e-05,wd0.0",-2.0753970532993002,0.0001899308673165742
[64],12,"lr=0.003, wd=0.01",10,layer4_lr1e-05_hd128_wd0.01_cosine,"lr1e-05,wd0.01",-2.144142054418617,0.00025199416543338695
[64],12,"lr=0.003, wd=0.01",10,layer4_lr3e-05_hd128_wd0.0_cosine,"lr3e-05,wd0.0",-1.983743093225717,0.0005333298879135835
[64],12,"lr=0.003, wd=0.01",10,layer4_lr3e-05_hd128_wd0.01_cosine,"lr3e-05,wd0.01",-2.0711145066250327,0.0008197917592059027
[64],12,"lr=0.003, wd=0.01",10,layer4_lr0.0001_hd128_wd0.0_cosine,"lr0.0001,wd0.0",-2.008021115580416,0.0017019350877601261
[64],12,"lr=0.003, wd=0.01",10,layer4_lr0.0001_hd128_wd0.01_cosine,"lr0.0001,wd0.01",-2.273235213826721,0.0008624422388257705
[64],12,"lr=0.003, wd=0.01",10,layer4_lr0.0003_hd128_wd0.0_cosine,"lr0.0003,wd0.0",-2.005726248292505,0.002675714814989079
[64],12,"lr=0.003, wd=0.01",10,layer4_lr0.0003_hd128_wd0.01_cosine,"lr0.0003,wd0.01",-2.53284826716205,0.0003980747987308331
[64],12,"lr=0.003, wd=0.01",10,layer4_lr0.001_hd128_wd0.0_cosine,"lr0.001,wd0.0",-2.204204174737104,0.0019421278754621328
[64],12,"lr=0.003, wd=0.01",10,layer4_lr0.001_hd128_wd0.01_cosine,"lr0.001,wd0.01",-2.6386971634113,0.00023310557314913907
[64],12,"lr=0.003, wd=0.01",10,layer4_lr0.003_hd128_wd0.0_cosine,"lr0.003,wd0.0",-2.3732095553443244,0.0010643515678939652
[64],12,"lr=0.003, wd=0.01",10,layer4_lr0.003_hd128_wd0.01_cosine,"lr0.003,wd0.01",-3.512064644469527,1.911792208148673e-05
[64],12,"lr=0.003, wd=0.01",20,layer4_lr1e-05_hd128_wd0.0_cosine,"lr1e-05,wd0.0",-2.363402904546085,0.00025889601866159353
[64],12,"lr=0.003, wd=0.01",20,layer4_lr1e-05_hd128_wd0.01_cosine,"lr1e-05,wd0.01",-2.3788255755687446,0.000421467297112082
[64],12,"lr=0.003, wd=0.01",20,layer4_lr3e-05_hd128_wd0.0_cosine,"lr3e-05,wd0.0",-2.2559410307811993,0.0004098507258275327
[64],12,"lr=0.003, wd=0.01",20,layer4_lr3e-05_hd128_wd0.01_cosine,"lr3e-05,wd0.01",-2.441666152913164,0.00028009775943561307
[64],12,"lr=0.003, wd=0.01",20,layer4_lr0.0001_hd128_wd0.0_cosine,"lr0.0001,wd0.0",-2.330877217143083,0.001151582113919751
[64],12,"lr=0.003, wd=0.01",20,layer4_lr0.0001_hd128_wd0.01_cosine,"lr0.0001,wd0.01",-2.6336399537291886,0.0003611180113071577
[64],12,"lr=0.003, wd=0.01",20,layer4_lr0.0003_hd128_wd0.0_cosine,"lr0.0003,wd0.0",-1.8613083495833191,0.0016784323139624319
[64],12,"lr=0.003, wd=0.01",20,layer4_lr0.0003_hd128_wd0.01_cosine,"lr0.0003,wd0.01",-2.852016020495419,0.00017247459186199297
[64],12,"lr=0.003, wd=0.01",20,layer4_lr0.001_hd128_wd0.0_cosine,"lr0.001,wd0.0",-1.8021995500870358,0.001353797701442005
[64],12,"lr=0.003, wd=0.01",20,layer4_lr0.001_hd128_wd0.01_cosine,"lr0.001,wd0.01",-3.0786308049317515,7.612621265764602e-05
[64],12,"lr=0.003, wd=0.01",20,layer4_lr0.003_hd128_wd0.0_cosine,"lr0.003,wd0.0",-2.515496598070991,0.0008225103307769083
[64],12,"lr=0.003, wd=0.01",20,layer4_lr0.003_hd128_wd0.01_cosine,"lr0.003,wd0.01",-3.76520116616163,1.1900409801379806e-05
[64],12,"lr=0.003, wd=0.01",50,layer4_lr1e-05_hd128_wd0.0_cosine,"lr1e-05,wd0.0",-3.580241516475998,2.686020574941056e-05
[64],12,"lr=0.003, wd=0.01",50,layer4_lr1e-05_hd128_wd0.01_cosine,"lr1e-05,wd0.01",-3.5561470518624776,2.4000178663993407e-05
[64],12,"lr=0.003, wd=0.01",50,layer4_lr3e-05_hd128_wd0.0_cosine,"lr3e-05,wd0.0",-3.4696090686273697,5.4830953975011286e-05
[64],12,"lr=0.003, wd=0.01",50,layer4_lr3e-05_hd128_wd0.01_cosine,"lr3e-05,wd0.01",-3.4543025491674517,6.199309505351904e-05
[64],12,"lr=0.003, wd=0.01",50,layer4_lr0.0001_hd128_wd0.0_cosine,"lr0.0001,wd0.0",-2.9853994526590966,0.00015967095291775308
[64],12,"lr=0.003, wd=0.01",50,layer4_lr0.0001_hd128_wd0.01_cosine,"lr0.0001,wd0.01",-3.761530652908678,1.523453914983815e-05
[64],12,"lr=0.003, wd=0.01",50,layer4_lr0.0003_hd128_wd0.0_cosine,"lr0.0003,wd0.0",-2.6468058008228947,0.0001754621754298581
[64],12,"lr=0.003, wd=0.01",50,layer4_lr0.0003_hd128_wd0.01_cosine,"lr0.0003,wd0.01",-3.8690357209908903,1.0429358000411692e-05
[64],12,"lr=0.003, wd=0.01",50,layer4_lr0.001_hd128_wd0.0_cosine,"lr0.001,wd0.0",-2.7559341723534683,0.00020600954486810365
[64],12,"lr=0.003, wd=0.01",50,layer4_lr0.001_hd128_wd0.01_cosine,"lr0.001,wd0.01",-3.830155356198781,1.4381810075414505e-05
[64],12,"lr=0.003, wd=0.01",50,layer4_lr0.003_hd128_wd0.0_cosine,"lr0.003,wd0.0",-2.274695857472726,0.0002698994751772312
[64],12,"lr=0.003, wd=0.01",50,layer4_lr0.003_hd128_wd0.01_cosine,"lr0.003,wd0.01",-3.7995703383051667,2.468543195051694e-05
[64],12,"lr=0.003, wd=0.01",90,layer4_lr1e-05_hd128_wd0.0_cosine,"lr1e-05,wd0.0",-4.098947574065388,4.784675783483245e-06
[64],12,"lr=0.003, wd=0.01",90,layer4_lr1e-05_hd128_wd0.01_cosine,"lr1e-05,wd0.01",-4.158435006916201,1.9049470637861204e-06
[64],12,"lr=0.003, wd=0.01",90,layer4_lr3e-05_hd128_wd0.0_cosine,"lr3e-05,wd0.0",-4.102851196848257,3.4639674435158295e-06
[64],12,"lr=0.003, wd=0.01",90,layer4_lr3e-05_hd128_wd0.01_cosine,"lr3e-05,wd0.01",-4.126056732005863,3.102004987862306e-06
[64],12,"lr=0.003, wd=0.01",90,layer4_lr0.0001_hd128_wd0.0_cosine,"lr0.0001,wd0.0",-3.5781824513314087,1.154579898867002e-06
[64],12,"lr=0.003, wd=0.01",90,layer4_lr0.0001_hd128_wd0.01_cosine,"lr0.0001,wd0.01",-4.175962567166905,1.7227482933907998e-06
[64],12,"lr=0.003, wd=0.01",90,layer4_lr0.0003_hd128_wd0.0_cosine,"lr0.0003,wd0.0",-3.429040641540242,2.786345534556212e-06
[64],12,"lr=0.003, wd=0.01",90,layer4_lr0.0003_hd128_wd0.01_cosine,"lr0.0003,wd0.01",-4.161526443550438,2.80904061927247e-06
[64],12,"lr=0.003, wd=0.01",90,layer4_lr0.001_hd128_wd0.0_cosine,"lr0.001,wd0.0",-3.2170177448624035,2.287551422823852e-05
[64],12,"lr=0.003, wd=0.01",90,layer4_lr0.001_hd128_wd0.01_cosine,"lr0.001,wd0.01",-4.005844516433062,5.041955030151572e-06
[64],12,"lr=0.003, wd=0.01",90,layer4_lr0.003_hd128_wd0.0_cosine,"lr0.003,wd0.0",-3.40488352868634,3.48972339429528e-05
[64],12,"lr=0.003, wd=0.01",90,layer4_lr0.003_hd128_wd0.01_cosine,"lr0.003,wd0.01",-3.6400620973230926,4.076049985569387e-05
baseline,0,baseline,5,layer4_lr1e-05_hd128_wd0.0_cosine,"lr1e-05,wd0.0",-1.5361496841718232,2.6103965622178097e-05
baseline,0,baseline,5,layer4_lr1e-05_hd128_wd0.01_cosine,"lr1e-05,wd0.01",-1.5401680237583093,0.0001093841140245776
baseline,0,baseline,5,layer4_lr3e-05_hd128_wd0.0_cosine,"lr3e-05,wd0.0",-1.7504716966826495,2.130064996412769e-05
baseline,0,baseline,5,layer4_lr3e-05_hd128_wd0.01_cosine,"lr3e-05,wd0.01",-1.7131547918512922,3.772541185277627e-05
baseline,0,baseline,5,layer4_lr0.0001_hd128_wd0.0_cosine,"lr0.0001,wd0.0",-1.742410510621484,0.00022516894395674693
baseline,0,baseline,5,layer4_lr0.0001_hd128_wd0.01_cosine,"lr0.0001,wd0.01",-1.7228490571669013,4.4207750584793746e-05
baseline,0,baseline,5,layer4_lr0.0003_hd128_wd0.0_cosine,"lr0.0003,wd0.0",-1.6902802526225014,0.0012971356333207485
baseline,0,baseline,5,layer4_lr0.0003_hd128_wd0.01_cosine,"lr0.0003,wd0.01",-1.8840829180183551,1.9382485666021327e-05
baseline,0,baseline,5,layer4_lr0.001_hd128_wd0.0_cosine,"lr0.001,wd0.0",-1.6159820369106952,0.004357562517819734
baseline,0,baseline,5,layer4_lr0.001_hd128_wd0.01_cosine,"lr0.001,wd0.01",-1.1443708385345355,0.005182595384368268
baseline,0,baseline,5,layer4_lr0.003_hd128_wd0.0_cosine,"lr0.003,wd0.0",-1.2030831337545125,0.00807881860201654
baseline,0,baseline,5,layer4_lr0.003_hd128_wd0.01_cosine,"lr0.003,wd0.01",-2.3246497179232923,0.0008557113766536531
baseline,0,baseline,10,layer4_lr1e-05_hd128_wd0.0_cosine,"lr1e-05,wd0.0",-1.7192752752707154,7.973674547540409e-05
baseline,0,baseline,10,layer4_lr1e-05_hd128_wd0.01_cosine,"lr1e-05,wd0.01",-1.8473851783881023,0.00017592478985263227
baseline,0,baseline,10,layer4_lr3e-05_hd128_wd0.0_cosine,"lr3e-05,wd0.0",-2.09058130051072,0.000125927518397293
baseline,0,baseline,10,layer4_lr3e-05_hd128_wd0.01_cosine,"lr3e-05,wd0.01",-2.068623754220108,2.2878270225335998e-06
baseline,0,baseline,10,layer4_lr0.0001_hd128_wd0.0_cosine,"lr0.0001,wd0.0",-2.0784854848522687,0.00013180277230713362
baseline,0,baseline,10,layer4_lr0.0001_hd128_wd0.01_cosine,"lr0.0001,wd0.01",-2.164671189390466,2.185462199141496e-05
baseline,0,baseline,10,layer4_lr0.0003_hd128_wd0.0_cosine,"lr0.0003,wd0.0",-2.005606802194476,0.001757272484228671
baseline,0,baseline,10,layer4_lr0.0003_hd128_wd0.01_cosine,"lr0.0003,wd0.01",-2.3011160796004595,3.592190601401667e-05
baseline,0,baseline,10,layer4_lr0.001_hd128_wd0.0_cosine,"lr0.001,wd0.0",-2.0178278108409398,0.0004225698755766679
baseline,0,baseline,10,layer4_lr0.001_hd128_wd0.01_cosine,"lr0.001,wd0.01",-2.645701568292731,4.2392932695757436e-05
baseline,0,baseline,10,layer4_lr0.003_hd128_wd0.0_cosine,"lr0.003,wd0.0",-2.2983891815266237,0.000264964474205183
baseline,0,baseline,10,layer4_lr0.003_hd128_wd0.01_cosine,"lr0.003,wd0.01",-1.5918037089786157,0.0004734398624482076
baseline,0,baseline,20,layer4_lr1e-05_hd128_wd0.0_cosine,"lr1e-05,wd0.0",-2.25157547000104,1.539920091318783e-05
baseline,0,baseline,20,layer4_lr1e-05_hd128_wd0.01_cosine,"lr1e-05,wd0.01",-2.2039216755250837,7.588980778144288e-05
baseline,0,baseline,20,layer4_lr3e-05_hd128_wd0.0_cosine,"lr3e-05,wd0.0",-2.477439412023701,2.351239849645765e-05
baseline,0,baseline,20,layer4_lr3e-05_hd128_wd0.01_cosine,"lr3e-05,wd0.01",-2.586591098899041,1.5118732156940293e-05
baseline,0,baseline,20,layer4_lr0.0001_hd128_wd0.0_cosine,"lr0.0001,wd0.0",-2.511403891442976,0.0003177564351274909
baseline,0,baseline,20,layer4_lr0.0001_hd128_wd0.01_cosine,"lr0.0001,wd0.01",-2.630337285356189,1.555944476700004e-06
baseline,0,baseline,20,layer4_lr0.0003_hd128_wd0.0_cosine,"lr0.0003,wd0.0",-2.32958358034716,0.0006995834232818017
baseline,0,baseline,20,layer4_lr0.0003_hd128_wd0.01_cosine,"lr0.0003,wd0.01",-2.7709530346389784,5.1772379927501645e-06
baseline,0,baseline,20,layer4_lr0.001_hd128_wd0.0_cosine,"lr0.001,wd0.0",-2.3979010310932205,0.0007622427283875611
baseline,0,baseline,20,layer4_lr0.001_hd128_wd0.01_cosine,"lr0.001,wd0.01",-2.700323443748509,7.7548091499339e-05
baseline,0,baseline,20,layer4_lr0.003_hd128_wd0.0_cosine,"lr0.003,wd0.0",-2.640208642690439,0.00037886316053673273
baseline,0,baseline,20,layer4_lr0.003_hd128_wd0.01_cosine,"lr0.003,wd0.01",-2.9744586509429127,0.00036747961838066003
baseline,0,baseline,50,layer4_lr1e-05_hd128_wd0.0_cosine,"lr1e-05,wd0.0",-3.639276661316232,1.6167622370578842e-06
baseline,0,baseline,50,layer4_lr1e-05_hd128_wd0.01_cosine,"lr1e-05,wd0.01",-3.663452557079332,1.021710141601373e-06
baseline,0,baseline,50,layer4_lr3e-05_hd128_wd0.0_cosine,"lr3e-05,wd0.0",-3.78251139309133,5.260785930485455e-06
baseline,0,baseline,50,layer4_lr3e-05_hd128_wd0.01_cosine,"lr3e-05,wd0.01",-3.8214657082579073,9.86335722109906e-07
baseline,0,baseline,50,layer4_lr0.0001_hd128_wd0.0_cosine,"lr0.0001,wd0.0",-2.7271020704075504,5.643438656070339e-05
baseline,0,baseline,50,layer4_lr0.0001_hd128_wd0.01_cosine,"lr0.0001,wd0.01",-4.006871031666649,1.413454538372155e-06
baseline,0,baseline,50,layer4_lr0.0003_hd128_wd0.0_cosine,"lr0.0003,wd0.0",-2.267767291300212,1.771053702159739e-05
baseline,0,baseline,50,layer4_lr0.0003_hd128_wd0.01_cosine,"lr0.0003,wd0.01",-4.034175346164857,1.784027269181481e-06
baseline,0,baseline,50,layer4_lr0.001_hd128_wd0.0_cosine,"lr0.001,wd0.0",-2.077581881541558,0.0003338905529523659
baseline,0,baseline,50,layer4_lr0.001_hd128_wd0.01_cosine,"lr0.001,wd0.01",-3.1244671754409303,0.00010847892474925889
baseline,0,baseline,50,layer4_lr0.003_hd128_wd0.0_cosine,"lr0.003,wd0.0",-2.9965919031156187,0.00013793855534251453
baseline,0,baseline,50,layer4_lr0.003_hd128_wd0.01_cosine,"lr0.003,wd0.01",-2.2833664268741516,0.00026340677872287047
baseline,0,baseline,90,layer4_lr1e-05_hd128_wd0.0_cosine,"lr1e-05,wd0.0",-4.1557364777669905,6.497492804940321e-07
baseline,0,baseline,90,layer4_lr1e-05_hd128_wd0.01_cosine,"lr1e-05,wd0.01",-4.208355151291993,3.2592038550540213e-07
baseline,0,baseline,90,layer4_lr3e-05_hd128_wd0.0_cosine,"lr3e-05,wd0.0",-4.129909649607443,3.7954382771843655e-07
baseline,0,baseline,90,layer4_lr3e-05_hd128_wd0.01_cosine,"lr3e-05,wd0.01",-4.180674400605562,1.503051070172047e-07
baseline,0,baseline,90,layer4_lr0.0001_hd128_wd0.0_cosine,"lr0.0001,wd0.0",-3.4198395641684405,2.693229597177297e-06
baseline,0,baseline,90,layer4_lr0.0001_hd128_wd0.01_cosine,"lr0.0001,wd0.01",-4.196120157306842,3.28213574713077e-07
baseline,0,baseline,90,layer4_lr0.0003_hd128_wd0.0_cosine,"lr0.0003,wd0.0",-3.3401979881712314,4.439677209380397e-06
baseline,0,baseline,90,layer4_lr0.0003_hd128_wd0.01_cosine,"lr0.0003,wd0.01",-4.13858586346127,4.428691445239079e-06
baseline,0,baseline,90,layer4_lr0.001_hd128_wd0.0_cosine,"lr0.001,wd0.0",-3.2650654090641646,4.154369103496493e-05
baseline,0,baseline,90,layer4_lr0.001_hd128_wd0.01_cosine,"lr0.001,wd0.01",-3.960354448374518,3.2543326647601276e-06
baseline,0,baseline,90,layer4_lr0.003_hd128_wd0.0_cosine,"lr0.003,wd0.0",-3.1006257501317616,5.3119835277477245e-06
baseline,0,baseline,90,layer4_lr0.003_hd128_wd0.01_cosine,"lr0.003,wd0.01",-3.687194675640674,1.93177054040558e-05
