scale,epoch,target_hp,source_config,source_hp,nll,rank
[8],0,"lr1e-05,wd0.0",5,"lr=1e-04, wd=0.0",-0.9709,1
[8],0,"lr1e-05,wd0.0",3,"lr=3e-05, wd=0.0",-0.942,2
[8],0,"lr1e-05,wd0.0",4,"lr=3e-05, wd=0.01",-0.8746,3
[8],0,"lr1e-05,wd0.0",6,"lr=1e-04, wd=0.01",-0.8665,4
[8],0,"lr1e-05,wd0.0",7,"lr=3e-04, wd=0.0",-0.8286,5
[8],0,"lr1e-05,wd0.0",9,"lr=0.001, wd=0.0",-0.7829,6
[8],0,"lr1e-05,wd0.0",10,"lr=0.001, wd=0.01",-0.7584,7
[8],0,"lr1e-05,wd0.0",8,"lr=3e-04, wd=0.01",-0.7571,8
[8],0,"lr1e-05,wd0.0",12,"lr=0.003, wd=0.01",-0.7008,9
[8],0,"lr1e-05,wd0.0",11,"lr=0.003, wd=0.0",-0.6651,10
[8],0,"lr1e-05,wd0.0",1,"lr=1e-05, wd=0.0",-0.6126,11
[8],0,"lr1e-05,wd0.0",2,"lr=1e-05, wd=0.01",-0.6024,12
[8],0,"lr1e-05,wd0.01",3,"lr=3e-05, wd=0.0",-1.0587,1
[8],0,"lr1e-05,wd0.01",4,"lr=3e-05, wd=0.01",-1.0033,2
[8],0,"lr1e-05,wd0.01",5,"lr=1e-04, wd=0.0",-1.002,3
[8],0,"lr1e-05,wd0.01",6,"lr=1e-04, wd=0.01",-0.9046,4
[8],0,"lr1e-05,wd0.01",7,"lr=3e-04, wd=0.0",-0.8344,5
[8],0,"lr1e-05,wd0.01",9,"lr=0.001, wd=0.0",-0.7897,6
[8],0,"lr1e-05,wd0.01",8,"lr=3e-04, wd=0.01",-0.7768,7
[8],0,"lr1e-05,wd0.01",10,"lr=0.001, wd=0.01",-0.7697,8
[8],0,"lr1e-05,wd0.01",1,"lr=1e-05, wd=0.0",-0.7298,9
[8],0,"lr1e-05,wd0.01",12,"lr=0.003, wd=0.01",-0.7158,10
[8],0,"lr1e-05,wd0.01",2,"lr=1e-05, wd=0.01",-0.7081,11
[8],0,"lr1e-05,wd0.01",11,"lr=0.003, wd=0.0",-0.6712,12
[8],0,"lr3e-05,wd0.0",5,"lr=1e-04, wd=0.0",-0.879,1
[8],0,"lr3e-05,wd0.0",7,"lr=3e-04, wd=0.0",-0.7997,2
[8],0,"lr3e-05,wd0.0",6,"lr=1e-04, wd=0.01",-0.7812,3
[8],0,"lr3e-05,wd0.0",9,"lr=0.001, wd=0.0",-0.7711,4
[8],0,"lr3e-05,wd0.0",10,"lr=0.001, wd=0.01",-0.7458,5
[8],0,"lr3e-05,wd0.0",8,"lr=3e-04, wd=0.01",-0.717,6
[8],0,"lr3e-05,wd0.0",12,"lr=0.003, wd=0.01",-0.688,7
[8],0,"lr3e-05,wd0.0",3,"lr=3e-05, wd=0.0",-0.668,8
[8],0,"lr3e-05,wd0.0",11,"lr=0.003, wd=0.0",-0.6612,9
[8],0,"lr3e-05,wd0.0",4,"lr=3e-05, wd=0.01",-0.5912,10
[8],0,"lr3e-05,wd0.0",2,"lr=1e-05, wd=0.01",-0.3892,11
[8],0,"lr3e-05,wd0.0",1,"lr=1e-05, wd=0.0",-0.3759,12
[8],0,"lr3e-05,wd0.01",5,"lr=1e-04, wd=0.0",-0.9657,1
[8],0,"lr3e-05,wd0.01",3,"lr=3e-05, wd=0.0",-0.9054,2
[8],0,"lr3e-05,wd0.01",6,"lr=1e-04, wd=0.01",-0.8674,3
[8],0,"lr3e-05,wd0.01",4,"lr=3e-05, wd=0.01",-0.8369,4
[8],0,"lr3e-05,wd0.01",7,"lr=3e-04, wd=0.0",-0.8361,5
[8],0,"lr3e-05,wd0.01",9,"lr=0.001, wd=0.0",-0.7985,6
[8],0,"lr3e-05,wd0.01",10,"lr=0.001, wd=0.01",-0.7798,7
[8],0,"lr3e-05,wd0.01",8,"lr=3e-04, wd=0.01",-0.7646,8
[8],0,"lr3e-05,wd0.01",12,"lr=0.003, wd=0.01",-0.728,9
[8],0,"lr3e-05,wd0.01",11,"lr=0.003, wd=0.0",-0.6848,10
[8],0,"lr3e-05,wd0.01",1,"lr=1e-05, wd=0.0",-0.5836,11
[8],0,"lr3e-05,wd0.01",2,"lr=1e-05, wd=0.01",-0.5731,12
[8],0,"lr0.0001,wd0.0",5,"lr=1e-04, wd=0.0",-0.8624,1
[8],0,"lr0.0001,wd0.0",7,"lr=3e-04, wd=0.0",-0.8058,2
[8],0,"lr0.0001,wd0.0",9,"lr=0.001, wd=0.0",-0.7946,3
[8],0,"lr0.0001,wd0.0",6,"lr=1e-04, wd=0.01",-0.771,4
[8],0,"lr0.0001,wd0.0",10,"lr=0.001, wd=0.01",-0.7625,5
[8],0,"lr0.0001,wd0.0",8,"lr=3e-04, wd=0.01",-0.7197,6
[8],0,"lr0.0001,wd0.0",12,"lr=0.003, wd=0.01",-0.7073,7
[8],0,"lr0.0001,wd0.0",11,"lr=0.003, wd=0.0",-0.6825,8
[8],0,"lr0.0001,wd0.0",3,"lr=3e-05, wd=0.0",-0.5858,9
[8],0,"lr0.0001,wd0.0",4,"lr=3e-05, wd=0.01",-0.5133,10
[8],0,"lr0.0001,wd0.0",2,"lr=1e-05, wd=0.01",-0.3422,11
[8],0,"lr0.0001,wd0.0",1,"lr=1e-05, wd=0.0",-0.3183,12
[8],0,"lr0.0001,wd0.01",5,"lr=1e-04, wd=0.0",-0.9318,1
[8],0,"lr0.0001,wd0.01",6,"lr=1e-04, wd=0.01",-0.8362,2
[8],0,"lr0.0001,wd0.01",7,"lr=3e-04, wd=0.0",-0.8332,3
[8],0,"lr0.0001,wd0.01",9,"lr=0.001, wd=0.0",-0.8129,4
[8],0,"lr0.0001,wd0.01",3,"lr=3e-05, wd=0.0",-0.7899,5
[8],0,"lr0.0001,wd0.01",10,"lr=0.001, wd=0.01",-0.7899,6
[8],0,"lr0.0001,wd0.01",8,"lr=3e-04, wd=0.01",-0.7548,7
[8],0,"lr0.0001,wd0.01",12,"lr=0.003, wd=0.01",-0.7421,8
[8],0,"lr0.0001,wd0.01",4,"lr=3e-05, wd=0.01",-0.7164,9
[8],0,"lr0.0001,wd0.01",11,"lr=0.003, wd=0.0",-0.6993,10
[8],0,"lr0.0001,wd0.01",1,"lr=1e-05, wd=0.0",-0.4923,11
[8],0,"lr0.0001,wd0.01",2,"lr=1e-05, wd=0.01",-0.491,12
[8],0,"lr0.0003,wd0.0",5,"lr=1e-04, wd=0.0",-0.9073,1
[8],0,"lr0.0003,wd0.0",7,"lr=3e-04, wd=0.0",-0.839,2
[8],0,"lr0.0003,wd0.0",9,"lr=0.001, wd=0.0",-0.8353,3
[8],0,"lr0.0003,wd0.0",6,"lr=1e-04, wd=0.01",-0.8175,4
[8],0,"lr0.0003,wd0.0",10,"lr=0.001, wd=0.01",-0.8041,5
[8],0,"lr0.0003,wd0.0",8,"lr=3e-04, wd=0.01",-0.7527,6
[8],0,"lr0.0003,wd0.0",12,"lr=0.003, wd=0.01",-0.7507,7
[8],0,"lr0.0003,wd0.0",11,"lr=0.003, wd=0.0",-0.7198,8
[8],0,"lr0.0003,wd0.0",3,"lr=3e-05, wd=0.0",-0.6675,9
[8],0,"lr0.0003,wd0.0",4,"lr=3e-05, wd=0.01",-0.6057,10
[8],0,"lr0.0003,wd0.0",2,"lr=1e-05, wd=0.01",-0.42,11
[8],0,"lr0.0003,wd0.0",1,"lr=1e-05, wd=0.0",-0.399,12
[8],0,"lr0.0003,wd0.01",5,"lr=1e-04, wd=0.0",-0.9391,1
[8],0,"lr0.0003,wd0.01",7,"lr=3e-04, wd=0.0",-0.8444,2
[8],0,"lr0.0003,wd0.01",6,"lr=1e-04, wd=0.01",-0.8435,3
[8],0,"lr0.0003,wd0.01",9,"lr=0.001, wd=0.0",-0.8355,4
[8],0,"lr0.0003,wd0.01",10,"lr=0.001, wd=0.01",-0.8143,5
[8],0,"lr0.0003,wd0.01",3,"lr=3e-05, wd=0.0",-0.7933,6
[8],0,"lr0.0003,wd0.01",12,"lr=0.003, wd=0.01",-0.7668,7
[8],0,"lr0.0003,wd0.01",8,"lr=3e-04, wd=0.01",-0.7643,8
[8],0,"lr0.0003,wd0.01",4,"lr=3e-05, wd=0.01",-0.7246,9
[8],0,"lr0.0003,wd0.01",11,"lr=0.003, wd=0.0",-0.7218,10
[8],0,"lr0.0003,wd0.01",2,"lr=1e-05, wd=0.01",-0.5096,11
[8],0,"lr0.0003,wd0.01",1,"lr=1e-05, wd=0.0",-0.5096,12
[8],0,"lr0.001,wd0.0",5,"lr=1e-04, wd=0.0",-0.9272,1
[8],0,"lr0.001,wd0.0",9,"lr=0.001, wd=0.0",-0.8554,2
[8],0,"lr0.001,wd0.0",7,"lr=3e-04, wd=0.0",-0.8544,3
[8],0,"lr0.001,wd0.0",6,"lr=1e-04, wd=0.01",-0.8367,4
[8],0,"lr0.001,wd0.0",10,"lr=0.001, wd=0.01",-0.8274,5
[8],0,"lr0.001,wd0.0",12,"lr=0.003, wd=0.01",-0.7889,6
[8],0,"lr0.001,wd0.0",8,"lr=3e-04, wd=0.01",-0.7674,7
[8],0,"lr0.001,wd0.0",11,"lr=0.003, wd=0.0",-0.7448,8
[8],0,"lr0.001,wd0.0",3,"lr=3e-05, wd=0.0",-0.7234,9
[8],0,"lr0.001,wd0.0",4,"lr=3e-05, wd=0.01",-0.6691,10
[8],0,"lr0.001,wd0.0",2,"lr=1e-05, wd=0.01",-0.4754,11
[8],0,"lr0.001,wd0.0",1,"lr=1e-05, wd=0.0",-0.4611,12
[8],0,"lr0.001,wd0.01",5,"lr=1e-04, wd=0.0",-0.9861,1
[8],0,"lr0.001,wd0.01",3,"lr=3e-05, wd=0.0",-0.9026,2
[8],0,"lr0.001,wd0.01",6,"lr=1e-04, wd=0.01",-0.8867,3
[8],0,"lr0.001,wd0.01",7,"lr=3e-04, wd=0.0",-0.8738,4
[8],0,"lr0.001,wd0.01",9,"lr=0.001, wd=0.0",-0.8683,5
[8],0,"lr0.001,wd0.01",10,"lr=0.001, wd=0.01",-0.8497,6
[8],0,"lr0.001,wd0.01",4,"lr=3e-05, wd=0.01",-0.8438,7
[8],0,"lr0.001,wd0.01",12,"lr=0.003, wd=0.01",-0.8193,8
[8],0,"lr0.001,wd0.01",8,"lr=3e-04, wd=0.01",-0.7929,9
[8],0,"lr0.001,wd0.01",11,"lr=0.003, wd=0.0",-0.7541,10
[8],0,"lr0.001,wd0.01",1,"lr=1e-05, wd=0.0",-0.6146,11
[8],0,"lr0.001,wd0.01",2,"lr=1e-05, wd=0.01",-0.6066,12
[8],0,"lr0.003,wd0.0",5,"lr=1e-04, wd=0.0",-0.9485,1
[8],0,"lr0.003,wd0.0",9,"lr=0.001, wd=0.0",-0.8689,2
[8],0,"lr0.003,wd0.0",7,"lr=3e-04, wd=0.0",-0.8678,3
[8],0,"lr0.003,wd0.0",6,"lr=1e-04, wd=0.01",-0.8532,4
[8],0,"lr0.003,wd0.0",10,"lr=0.001, wd=0.01",-0.8417,5
[8],0,"lr0.003,wd0.0",12,"lr=0.003, wd=0.01",-0.8182,6
[8],0,"lr0.003,wd0.0",3,"lr=3e-05, wd=0.0",-0.8008,7
[8],0,"lr0.003,wd0.0",8,"lr=3e-04, wd=0.01",-0.7797,8
[8],0,"lr0.003,wd0.0",11,"lr=0.003, wd=0.0",-0.7616,9
[8],0,"lr0.003,wd0.0",4,"lr=3e-05, wd=0.01",-0.7501,10
[8],0,"lr0.003,wd0.0",2,"lr=1e-05, wd=0.01",-0.5397,11
[8],0,"lr0.003,wd0.0",1,"lr=1e-05, wd=0.0",-0.5374,12
[8],0,"lr0.003,wd0.01",5,"lr=1e-04, wd=0.0",-1.0365,1
[8],0,"lr0.003,wd0.01",3,"lr=3e-05, wd=0.0",-1.0287,2
[8],0,"lr0.003,wd0.01",4,"lr=3e-05, wd=0.01",-0.9794,3
[8],0,"lr0.003,wd0.01",6,"lr=1e-04, wd=0.01",-0.934,4
[8],0,"lr0.003,wd0.01",7,"lr=3e-04, wd=0.0",-0.9037,5
[8],0,"lr0.003,wd0.01",9,"lr=0.001, wd=0.0",-0.8965,6
[8],0,"lr0.003,wd0.01",10,"lr=0.001, wd=0.01",-0.8757,7
[8],0,"lr0.003,wd0.01",12,"lr=0.003, wd=0.01",-0.8683,8
[8],0,"lr0.003,wd0.01",8,"lr=3e-04, wd=0.01",-0.8243,9
[8],0,"lr0.003,wd0.01",11,"lr=0.003, wd=0.0",-0.7794,10
[8],0,"lr0.003,wd0.01",1,"lr=1e-05, wd=0.0",-0.7337,11
[8],0,"lr0.003,wd0.01",2,"lr=1e-05, wd=0.01",-0.7148,12
[8],5,"lr1e-05,wd0.0",7,"lr=3e-04, wd=0.0",-2.1619,1
[8],5,"lr1e-05,wd0.0",9,"lr=0.001, wd=0.0",-2.1133,2
[8],5,"lr1e-05,wd0.0",8,"lr=3e-04, wd=0.01",-2.0007,3
[8],5,"lr1e-05,wd0.0",5,"lr=1e-04, wd=0.0",-1.9998,4
[8],5,"lr1e-05,wd0.0",6,"lr=1e-04, wd=0.01",-1.9553,5
[8],5,"lr1e-05,wd0.0",11,"lr=0.003, wd=0.0",-1.9262,6
[8],5,"lr1e-05,wd0.0",3,"lr=3e-05, wd=0.0",-1.9258,7
[8],5,"lr1e-05,wd0.0",4,"lr=3e-05, wd=0.01",-1.9048,8
[8],5,"lr1e-05,wd0.0",10,"lr=0.001, wd=0.01",-1.8839,9
[8],5,"lr1e-05,wd0.0",12,"lr=0.003, wd=0.01",-1.7719,10
[8],5,"lr1e-05,wd0.0",1,"lr=1e-05, wd=0.0",-1.7073,11
[8],5,"lr1e-05,wd0.0",2,"lr=1e-05, wd=0.01",-1.6847,12
[8],5,"lr1e-05,wd0.01",7,"lr=3e-04, wd=0.0",-2.417,1
[8],5,"lr1e-05,wd0.01",9,"lr=0.001, wd=0.0",-2.3035,2
[8],5,"lr1e-05,wd0.01",5,"lr=1e-04, wd=0.0",-2.2561,3
[8],5,"lr1e-05,wd0.01",8,"lr=3e-04, wd=0.01",-2.2216,4
[8],5,"lr1e-05,wd0.01",6,"lr=1e-04, wd=0.01",-2.1988,5
[8],5,"lr1e-05,wd0.01",3,"lr=3e-05, wd=0.0",-2.0584,6
[8],5,"lr1e-05,wd0.01",4,"lr=3e-05, wd=0.01",-2.0473,7
[8],5,"lr1e-05,wd0.01",11,"lr=0.003, wd=0.0",-1.958,8
[8],5,"lr1e-05,wd0.01",10,"lr=0.001, wd=0.01",-1.9297,9
[8],5,"lr1e-05,wd0.01",1,"lr=1e-05, wd=0.0",-1.7809,10
[8],5,"lr1e-05,wd0.01",12,"lr=0.003, wd=0.01",-1.7783,11
[8],5,"lr1e-05,wd0.01",2,"lr=1e-05, wd=0.01",-1.7656,12
[8],5,"lr3e-05,wd0.0",7,"lr=3e-04, wd=0.0",-1.9654,1
[8],5,"lr3e-05,wd0.0",9,"lr=0.001, wd=0.0",-1.9572,2
[8],5,"lr3e-05,wd0.0",5,"lr=1e-04, wd=0.0",-1.8975,3
[8],5,"lr3e-05,wd0.0",10,"lr=0.001, wd=0.01",-1.8837,4
[8],5,"lr3e-05,wd0.0",3,"lr=3e-05, wd=0.0",-1.8422,5
[8],5,"lr3e-05,wd0.0",12,"lr=0.003, wd=0.01",-1.8371,6
[8],5,"lr3e-05,wd0.0",8,"lr=3e-04, wd=0.01",-1.8338,7
[8],5,"lr3e-05,wd0.0",6,"lr=1e-04, wd=0.01",-1.8294,8
[8],5,"lr3e-05,wd0.0",11,"lr=0.003, wd=0.0",-1.8132,9
[8],5,"lr3e-05,wd0.0",4,"lr=3e-05, wd=0.01",-1.8069,10
[8],5,"lr3e-05,wd0.0",1,"lr=1e-05, wd=0.0",-1.718,11
[8],5,"lr3e-05,wd0.0",2,"lr=1e-05, wd=0.01",-1.7107,12
[8],5,"lr3e-05,wd0.01",9,"lr=0.001, wd=0.0",-2.1883,1
[8],5,"lr3e-05,wd0.01",7,"lr=3e-04, wd=0.0",-2.147,2
[8],5,"lr3e-05,wd0.01",5,"lr=1e-04, wd=0.0",-2.0358,3
[8],5,"lr3e-05,wd0.01",10,"lr=0.001, wd=0.01",-2.0037,4
[8],5,"lr3e-05,wd0.01",8,"lr=3e-04, wd=0.01",-2.0029,5
[8],5,"lr3e-05,wd0.01",6,"lr=1e-04, wd=0.01",-1.9815,6
[8],5,"lr3e-05,wd0.01",11,"lr=0.003, wd=0.0",-1.9724,7
[8],5,"lr3e-05,wd0.01",12,"lr=0.003, wd=0.01",-1.9441,8
[8],5,"lr3e-05,wd0.01",3,"lr=3e-05, wd=0.0",-1.9352,9
[8],5,"lr3e-05,wd0.01",4,"lr=3e-05, wd=0.01",-1.9103,10
[8],5,"lr3e-05,wd0.01",1,"lr=1e-05, wd=0.0",-1.7815,11
[8],5,"lr3e-05,wd0.01",2,"lr=1e-05, wd=0.01",-1.7725,12
[8],5,"lr0.0001,wd0.0",11,"lr=0.003, wd=0.0",-2.0448,1
[8],5,"lr0.0001,wd0.0",9,"lr=0.001, wd=0.0",-2.0191,2
[8],5,"lr0.0001,wd0.0",12,"lr=0.003, wd=0.01",-1.9757,3
[8],5,"lr0.0001,wd0.0",10,"lr=0.001, wd=0.01",-1.9604,4
[8],5,"lr0.0001,wd0.0",7,"lr=3e-04, wd=0.0",-1.9391,5
[8],5,"lr0.0001,wd0.0",8,"lr=3e-04, wd=0.01",-1.8086,6
[8],5,"lr0.0001,wd0.0",5,"lr=1e-04, wd=0.0",-1.7698,7
[8],5,"lr0.0001,wd0.0",6,"lr=1e-04, wd=0.01",-1.7212,8
[8],5,"lr0.0001,wd0.0",3,"lr=3e-05, wd=0.0",-1.6998,9
[8],5,"lr0.0001,wd0.0",4,"lr=3e-05, wd=0.01",-1.6822,10
[8],5,"lr0.0001,wd0.0",2,"lr=1e-05, wd=0.01",-1.6754,11
[8],5,"lr0.0001,wd0.0",1,"lr=1e-05, wd=0.0",-1.6694,12
[8],5,"lr0.0001,wd0.01",11,"lr=0.003, wd=0.0",-2.17,1
[8],5,"lr0.0001,wd0.01",9,"lr=0.001, wd=0.0",-2.1335,2
[8],5,"lr0.0001,wd0.01",12,"lr=0.003, wd=0.01",-2.1109,3
[8],5,"lr0.0001,wd0.01",7,"lr=3e-04, wd=0.0",-2.0995,4
[8],5,"lr0.0001,wd0.01",10,"lr=0.001, wd=0.01",-2.0902,5
[8],5,"lr0.0001,wd0.01",8,"lr=3e-04, wd=0.01",-1.9794,6
[8],5,"lr0.0001,wd0.01",5,"lr=1e-04, wd=0.0",-1.9029,7
[8],5,"lr0.0001,wd0.01",6,"lr=1e-04, wd=0.01",-1.8618,8
[8],5,"lr0.0001,wd0.01",3,"lr=3e-05, wd=0.0",-1.8039,9
[8],5,"lr0.0001,wd0.01",4,"lr=3e-05, wd=0.01",-1.7867,10
[8],5,"lr0.0001,wd0.01",1,"lr=1e-05, wd=0.0",-1.7766,11
[8],5,"lr0.0001,wd0.01",2,"lr=1e-05, wd=0.01",-1.7763,12
[8],5,"lr0.0003,wd0.0",11,"lr=0.003, wd=0.0",-2.0107,1
[8],5,"lr0.0003,wd0.0",9,"lr=0.001, wd=0.0",-1.9215,2
[8],5,"lr0.0003,wd0.0",12,"lr=0.003, wd=0.01",-1.884,3
[8],5,"lr0.0003,wd0.0",10,"lr=0.001, wd=0.01",-1.8477,4
[8],5,"lr0.0003,wd0.0",7,"lr=3e-04, wd=0.0",-1.802,5
[8],5,"lr0.0003,wd0.0",8,"lr=3e-04, wd=0.01",-1.6927,6
[8],5,"lr0.0003,wd0.0",5,"lr=1e-04, wd=0.0",-1.628,7
[8],5,"lr0.0003,wd0.0",6,"lr=1e-04, wd=0.01",-1.5927,8
[8],5,"lr0.0003,wd0.0",2,"lr=1e-05, wd=0.01",-1.5865,9
[8],5,"lr0.0003,wd0.0",1,"lr=1e-05, wd=0.0",-1.5792,10
[8],5,"lr0.0003,wd0.0",3,"lr=3e-05, wd=0.0",-1.57,11
[8],5,"lr0.0003,wd0.0",4,"lr=3e-05, wd=0.01",-1.5591,12
[8],5,"lr0.0003,wd0.01",11,"lr=0.003, wd=0.0",-2.2447,1
[8],5,"lr0.0003,wd0.01",12,"lr=0.003, wd=0.01",-2.1983,2
[8],5,"lr0.0003,wd0.01",9,"lr=0.001, wd=0.0",-2.148,3
[8],5,"lr0.0003,wd0.01",10,"lr=0.001, wd=0.01",-2.0681,4
[8],5,"lr0.0003,wd0.01",7,"lr=3e-04, wd=0.0",-2.0001,5
[8],5,"lr0.0003,wd0.01",8,"lr=3e-04, wd=0.01",-1.8662,6
[8],5,"lr0.0003,wd0.01",5,"lr=1e-04, wd=0.0",-1.7821,7
[8],5,"lr0.0003,wd0.01",2,"lr=1e-05, wd=0.01",-1.7678,8
[8],5,"lr0.0003,wd0.01",1,"lr=1e-05, wd=0.0",-1.7579,9
[8],5,"lr0.0003,wd0.01",6,"lr=1e-04, wd=0.01",-1.7447,10
[8],5,"lr0.0003,wd0.01",3,"lr=3e-05, wd=0.0",-1.7209,11
[8],5,"lr0.0003,wd0.01",4,"lr=3e-05, wd=0.01",-1.7123,12
[8],5,"lr0.001,wd0.0",11,"lr=0.003, wd=0.0",-1.9318,1
[8],5,"lr0.001,wd0.0",12,"lr=0.003, wd=0.01",-1.8262,2
[8],5,"lr0.001,wd0.0",9,"lr=0.001, wd=0.0",-1.7671,3
[8],5,"lr0.001,wd0.0",10,"lr=0.001, wd=0.01",-1.7415,4
[8],5,"lr0.001,wd0.0",7,"lr=3e-04, wd=0.0",-1.6397,5
[8],5,"lr0.001,wd0.0",8,"lr=3e-04, wd=0.01",-1.5548,6
[8],5,"lr0.001,wd0.0",2,"lr=1e-05, wd=0.01",-1.5229,7
[8],5,"lr0.001,wd0.0",1,"lr=1e-05, wd=0.0",-1.5112,8
[8],5,"lr0.001,wd0.0",5,"lr=1e-04, wd=0.0",-1.4775,9
[8],5,"lr0.001,wd0.0",4,"lr=3e-05, wd=0.01",-1.4549,10
[8],5,"lr0.001,wd0.0",3,"lr=3e-05, wd=0.0",-1.4545,11
[8],5,"lr0.001,wd0.0",6,"lr=1e-04, wd=0.01",-1.4528,12
[8],5,"lr0.001,wd0.01",11,"lr=0.003, wd=0.0",-1.7321,1
[8],5,"lr0.001,wd0.01",12,"lr=0.003, wd=0.01",-1.6125,2
[8],5,"lr0.001,wd0.01",9,"lr=0.001, wd=0.0",-1.5962,3
[8],5,"lr0.001,wd0.01",10,"lr=0.001, wd=0.01",-1.5402,4
[8],5,"lr0.001,wd0.01",7,"lr=3e-04, wd=0.0",-1.4698,5
[8],5,"lr0.001,wd0.01",8,"lr=3e-04, wd=0.01",-1.4052,6
[8],5,"lr0.001,wd0.01",5,"lr=1e-04, wd=0.0",-1.3361,7
[8],5,"lr0.001,wd0.01",4,"lr=3e-05, wd=0.01",-1.3348,8
[8],5,"lr0.001,wd0.01",3,"lr=3e-05, wd=0.0",-1.3264,9
[8],5,"lr0.001,wd0.01",6,"lr=1e-04, wd=0.01",-1.3211,10
[8],5,"lr0.001,wd0.01",2,"lr=1e-05, wd=0.01",-1.2922,11
[8],5,"lr0.001,wd0.01",1,"lr=1e-05, wd=0.0",-1.2906,12
[8],5,"lr0.003,wd0.0",11,"lr=0.003, wd=0.0",-1.7324,1
[8],5,"lr0.003,wd0.0",12,"lr=0.003, wd=0.01",-1.6358,2
[8],5,"lr0.003,wd0.0",9,"lr=0.001, wd=0.0",-1.5643,3
[8],5,"lr0.003,wd0.0",10,"lr=0.001, wd=0.01",-1.5477,4
[8],5,"lr0.003,wd0.0",7,"lr=3e-04, wd=0.0",-1.4641,5
[8],5,"lr0.003,wd0.0",8,"lr=3e-04, wd=0.01",-1.3847,6
[8],5,"lr0.003,wd0.0",5,"lr=1e-04, wd=0.0",-1.3258,7
[8],5,"lr0.003,wd0.0",6,"lr=1e-04, wd=0.01",-1.2976,8
[8],5,"lr0.003,wd0.0",3,"lr=3e-05, wd=0.0",-1.2788,9
[8],5,"lr0.003,wd0.0",4,"lr=3e-05, wd=0.01",-1.2695,10
[8],5,"lr0.003,wd0.0",2,"lr=1e-05, wd=0.01",-1.2387,11
[8],5,"lr0.003,wd0.0",1,"lr=1e-05, wd=0.0",-1.2347,12
[8],5,"lr0.003,wd0.01",11,"lr=0.003, wd=0.0",-2.1313,1
[8],5,"lr0.003,wd0.01",9,"lr=0.001, wd=0.0",-2.0721,2
[8],5,"lr0.003,wd0.01",12,"lr=0.003, wd=0.01",-2.0385,3
[8],5,"lr0.003,wd0.01",8,"lr=3e-04, wd=0.01",-2.0232,4
[8],5,"lr0.003,wd0.01",7,"lr=3e-04, wd=0.0",-1.9848,5
[8],5,"lr0.003,wd0.01",10,"lr=0.001, wd=0.01",-1.9803,6
[8],5,"lr0.003,wd0.01",2,"lr=1e-05, wd=0.01",-1.9345,7
[8],5,"lr0.003,wd0.01",1,"lr=1e-05, wd=0.0",-1.9208,8
[8],5,"lr0.003,wd0.01",4,"lr=3e-05, wd=0.01",-1.8292,9
[8],5,"lr0.003,wd0.01",6,"lr=1e-04, wd=0.01",-1.827,10
[8],5,"lr0.003,wd0.01",3,"lr=3e-05, wd=0.0",-1.7746,11
[8],5,"lr0.003,wd0.01",5,"lr=1e-04, wd=0.0",-1.7698,12
[8],10,"lr1e-05,wd0.0",7,"lr=3e-04, wd=0.0",-2.316,1
[8],10,"lr1e-05,wd0.0",11,"lr=0.003, wd=0.0",-2.2929,2
[8],10,"lr1e-05,wd0.0",5,"lr=1e-04, wd=0.0",-2.1944,3
[8],10,"lr1e-05,wd0.0",8,"lr=3e-04, wd=0.01",-2.1782,4
[8],10,"lr1e-05,wd0.0",9,"lr=0.001, wd=0.0",-2.1526,5
[8],10,"lr1e-05,wd0.0",6,"lr=1e-04, wd=0.01",-2.1472,6
[8],10,"lr1e-05,wd0.0",12,"lr=0.003, wd=0.01",-2.1218,7
[8],10,"lr1e-05,wd0.0",3,"lr=3e-05, wd=0.0",-2.0992,8
[8],10,"lr1e-05,wd0.0",4,"lr=3e-05, wd=0.01",-2.0575,9
[8],10,"lr1e-05,wd0.0",10,"lr=0.001, wd=0.01",-2.0244,10
[8],10,"lr1e-05,wd0.0",1,"lr=1e-05, wd=0.0",-1.9363,11
[8],10,"lr1e-05,wd0.0",2,"lr=1e-05, wd=0.01",-1.9028,12
[8],10,"lr1e-05,wd0.01",11,"lr=0.003, wd=0.0",-2.4871,1
[8],10,"lr1e-05,wd0.01",7,"lr=3e-04, wd=0.0",-2.4513,2
[8],10,"lr1e-05,wd0.01",9,"lr=0.001, wd=0.0",-2.323,3
[8],10,"lr1e-05,wd0.01",5,"lr=1e-04, wd=0.0",-2.3059,4
[8],10,"lr1e-05,wd0.01",8,"lr=3e-04, wd=0.01",-2.2916,5
[8],10,"lr1e-05,wd0.01",6,"lr=1e-04, wd=0.01",-2.2634,6
[8],10,"lr1e-05,wd0.01",12,"lr=0.003, wd=0.01",-2.2315,7
[8],10,"lr1e-05,wd0.01",3,"lr=3e-05, wd=0.0",-2.2006,8
[8],10,"lr1e-05,wd0.01",4,"lr=3e-05, wd=0.01",-2.1922,9
[8],10,"lr1e-05,wd0.01",10,"lr=0.001, wd=0.01",-2.1445,10
[8],10,"lr1e-05,wd0.01",1,"lr=1e-05, wd=0.0",-2.0594,11
[8],10,"lr1e-05,wd0.01",2,"lr=1e-05, wd=0.01",-2.051,12
[8],10,"lr3e-05,wd0.0",3,"lr=3e-05, wd=0.0",-2.2943,1
[8],10,"lr3e-05,wd0.0",7,"lr=3e-04, wd=0.0",-2.2933,2
[8],10,"lr3e-05,wd0.0",5,"lr=1e-04, wd=0.0",-2.2896,3
[8],10,"lr3e-05,wd0.0",4,"lr=3e-05, wd=0.01",-2.2452,4
[8],10,"lr3e-05,wd0.0",9,"lr=0.001, wd=0.0",-2.2409,5
[8],10,"lr3e-05,wd0.0",6,"lr=1e-04, wd=0.01",-2.2101,6
[8],10,"lr3e-05,wd0.0",8,"lr=3e-04, wd=0.01",-2.1763,7
[8],10,"lr3e-05,wd0.0",1,"lr=1e-05, wd=0.0",-2.1524,8
[8],10,"lr3e-05,wd0.0",12,"lr=0.003, wd=0.01",-2.1478,9
[8],10,"lr3e-05,wd0.0",2,"lr=1e-05, wd=0.01",-2.1434,10
[8],10,"lr3e-05,wd0.0",10,"lr=0.001, wd=0.01",-2.134,11
[8],10,"lr3e-05,wd0.0",11,"lr=0.003, wd=0.0",-2.1172,12
[8],10,"lr3e-05,wd0.01",9,"lr=0.001, wd=0.0",-2.4683,1
[8],10,"lr3e-05,wd0.01",7,"lr=3e-04, wd=0.0",-2.4677,2
[8],10,"lr3e-05,wd0.01",5,"lr=1e-04, wd=0.0",-2.3974,3
[8],10,"lr3e-05,wd0.01",3,"lr=3e-05, wd=0.0",-2.3635,4
[8],10,"lr3e-05,wd0.01",6,"lr=1e-04, wd=0.01",-2.3313,5
[8],10,"lr3e-05,wd0.01",4,"lr=3e-05, wd=0.01",-2.3288,6
[8],10,"lr3e-05,wd0.01",8,"lr=3e-04, wd=0.01",-2.3227,7
[8],10,"lr3e-05,wd0.01",11,"lr=0.003, wd=0.0",-2.2869,8
[8],10,"lr3e-05,wd0.01",12,"lr=0.003, wd=0.01",-2.2353,9
[8],10,"lr3e-05,wd0.01",10,"lr=0.001, wd=0.01",-2.2158,10
[8],10,"lr3e-05,wd0.01",1,"lr=1e-05, wd=0.0",-2.1896,11
[8],10,"lr3e-05,wd0.01",2,"lr=1e-05, wd=0.01",-2.1808,12
[8],10,"lr0.0001,wd0.0",11,"lr=0.003, wd=0.0",-2.28,1
[8],10,"lr0.0001,wd0.0",9,"lr=0.001, wd=0.0",-2.277,2
[8],10,"lr0.0001,wd0.0",7,"lr=3e-04, wd=0.0",-2.2601,3
[8],10,"lr0.0001,wd0.0",12,"lr=0.003, wd=0.01",-2.2548,4
[8],10,"lr0.0001,wd0.0",10,"lr=0.001, wd=0.01",-2.2462,5
[8],10,"lr0.0001,wd0.0",5,"lr=1e-04, wd=0.0",-2.1424,6
[8],10,"lr0.0001,wd0.0",8,"lr=3e-04, wd=0.01",-2.1348,7
[8],10,"lr0.0001,wd0.0",3,"lr=3e-05, wd=0.0",-2.0802,8
[8],10,"lr0.0001,wd0.0",6,"lr=1e-04, wd=0.01",-2.0785,9
[8],10,"lr0.0001,wd0.0",4,"lr=3e-05, wd=0.01",-2.0589,10
[8],10,"lr0.0001,wd0.0",2,"lr=1e-05, wd=0.01",-2.0204,11
[8],10,"lr0.0001,wd0.0",1,"lr=1e-05, wd=0.0",-2.0108,12
[8],10,"lr0.0001,wd0.01",12,"lr=0.003, wd=0.01",-2.5204,1
[8],10,"lr0.0001,wd0.01",11,"lr=0.003, wd=0.0",-2.5058,2
[8],10,"lr0.0001,wd0.01",9,"lr=0.001, wd=0.0",-2.4832,3
[8],10,"lr0.0001,wd0.01",10,"lr=0.001, wd=0.01",-2.4653,4
[8],10,"lr0.0001,wd0.01",7,"lr=3e-04, wd=0.0",-2.4653,5
[8],10,"lr0.0001,wd0.01",8,"lr=3e-04, wd=0.01",-2.3479,6
[8],10,"lr0.0001,wd0.01",5,"lr=1e-04, wd=0.0",-2.3182,7
[8],10,"lr0.0001,wd0.01",6,"lr=1e-04, wd=0.01",-2.2626,8
[8],10,"lr0.0001,wd0.01",3,"lr=3e-05, wd=0.0",-2.2616,9
[8],10,"lr0.0001,wd0.01",4,"lr=3e-05, wd=0.01",-2.2363,10
[8],10,"lr0.0001,wd0.01",2,"lr=1e-05, wd=0.01",-2.2206,11
[8],10,"lr0.0001,wd0.01",1,"lr=1e-05, wd=0.0",-2.2109,12
[8],10,"lr0.0003,wd0.0",11,"lr=0.003, wd=0.0",-2.1933,1
[8],10,"lr0.0003,wd0.0",9,"lr=0.001, wd=0.0",-2.1302,2
[8],10,"lr0.0003,wd0.0",12,"lr=0.003, wd=0.01",-2.1104,3
[8],10,"lr0.0003,wd0.0",10,"lr=0.001, wd=0.01",-2.0974,4
[8],10,"lr0.0003,wd0.0",7,"lr=3e-04, wd=0.0",-2.0755,5
[8],10,"lr0.0003,wd0.0",8,"lr=3e-04, wd=0.01",-1.967,6
[8],10,"lr0.0003,wd0.0",5,"lr=1e-04, wd=0.0",-1.9162,7
[8],10,"lr0.0003,wd0.0",6,"lr=1e-04, wd=0.01",-1.8775,8
[8],10,"lr0.0003,wd0.0",3,"lr=3e-05, wd=0.0",-1.8503,9
[8],10,"lr0.0003,wd0.0",4,"lr=3e-05, wd=0.01",-1.8453,10
[8],10,"lr0.0003,wd0.0",2,"lr=1e-05, wd=0.01",-1.8348,11
[8],10,"lr0.0003,wd0.0",1,"lr=1e-05, wd=0.0",-1.8262,12
[8],10,"lr0.0003,wd0.01",12,"lr=0.003, wd=0.01",-2.6035,1
[8],10,"lr0.0003,wd0.01",11,"lr=0.003, wd=0.0",-2.5642,2
[8],10,"lr0.0003,wd0.01",10,"lr=0.001, wd=0.01",-2.4319,3
[8],10,"lr0.0003,wd0.01",9,"lr=0.001, wd=0.0",-2.4297,4
[8],10,"lr0.0003,wd0.01",7,"lr=3e-04, wd=0.0",-2.3167,5
[8],10,"lr0.0003,wd0.01",8,"lr=3e-04, wd=0.01",-2.1796,6
[8],10,"lr0.0003,wd0.01",5,"lr=1e-04, wd=0.0",-2.0621,7
[8],10,"lr0.0003,wd0.01",6,"lr=1e-04, wd=0.01",-2.027,8
[8],10,"lr0.0003,wd0.01",2,"lr=1e-05, wd=0.01",-2.0182,9
[8],10,"lr0.0003,wd0.01",3,"lr=3e-05, wd=0.0",-2.013,10
[8],10,"lr0.0003,wd0.01",4,"lr=3e-05, wd=0.01",-2.0098,11
[8],10,"lr0.0003,wd0.01",1,"lr=1e-05, wd=0.0",-1.9999,12
[8],10,"lr0.001,wd0.0",11,"lr=0.003, wd=0.0",-2.1944,1
[8],10,"lr0.001,wd0.0",12,"lr=0.003, wd=0.01",-2.1379,2
[8],10,"lr0.001,wd0.0",9,"lr=0.001, wd=0.0",-2.1105,3
[8],10,"lr0.001,wd0.0",10,"lr=0.001, wd=0.01",-2.0852,4
[8],10,"lr0.001,wd0.0",7,"lr=3e-04, wd=0.0",-2.0607,5
[8],10,"lr0.001,wd0.0",8,"lr=3e-04, wd=0.01",-1.9558,6
[8],10,"lr0.001,wd0.0",2,"lr=1e-05, wd=0.01",-1.9046,7
[8],10,"lr0.001,wd0.0",5,"lr=1e-04, wd=0.0",-1.9041,8
[8],10,"lr0.001,wd0.0",1,"lr=1e-05, wd=0.0",-1.8934,9
[8],10,"lr0.001,wd0.0",3,"lr=3e-05, wd=0.0",-1.8645,10
[8],10,"lr0.001,wd0.0",6,"lr=1e-04, wd=0.01",-1.8643,11
[8],10,"lr0.001,wd0.0",4,"lr=3e-05, wd=0.01",-1.8624,12
[8],10,"lr0.001,wd0.01",11,"lr=0.003, wd=0.0",-2.3681,1
[8],10,"lr0.001,wd0.01",12,"lr=0.003, wd=0.01",-2.2414,2
[8],10,"lr0.001,wd0.01",9,"lr=0.001, wd=0.0",-2.2383,3
[8],10,"lr0.001,wd0.01",10,"lr=0.001, wd=0.01",-2.1597,4
[8],10,"lr0.001,wd0.01",7,"lr=3e-04, wd=0.0",-2.1402,5
[8],10,"lr0.001,wd0.01",8,"lr=3e-04, wd=0.01",-1.9962,6
[8],10,"lr0.001,wd0.01",5,"lr=1e-04, wd=0.0",-1.9553,7
[8],10,"lr0.001,wd0.01",2,"lr=1e-05, wd=0.01",-1.9367,8
[8],10,"lr0.001,wd0.01",1,"lr=1e-05, wd=0.0",-1.9352,9
[8],10,"lr0.001,wd0.01",3,"lr=3e-05, wd=0.0",-1.9297,10
[8],10,"lr0.001,wd0.01",4,"lr=3e-05, wd=0.01",-1.9201,11
[8],10,"lr0.001,wd0.01",6,"lr=1e-04, wd=0.01",-1.9142,12
[8],10,"lr0.003,wd0.0",11,"lr=0.003, wd=0.0",-2.3789,1
[8],10,"lr0.003,wd0.0",12,"lr=0.003, wd=0.01",-2.3266,2
[8],10,"lr0.003,wd0.0",9,"lr=0.001, wd=0.0",-2.2657,3
[8],10,"lr0.003,wd0.0",10,"lr=0.001, wd=0.01",-2.2227,4
[8],10,"lr0.003,wd0.0",7,"lr=3e-04, wd=0.0",-2.2,5
[8],10,"lr0.003,wd0.0",8,"lr=3e-04, wd=0.01",-2.0534,6
[8],10,"lr0.003,wd0.0",2,"lr=1e-05, wd=0.01",-2.0019,7
[8],10,"lr0.003,wd0.0",5,"lr=1e-04, wd=0.0",-1.9986,8
[8],10,"lr0.003,wd0.0",1,"lr=1e-05, wd=0.0",-1.9885,9
[8],10,"lr0.003,wd0.0",3,"lr=3e-05, wd=0.0",-1.9799,10
[8],10,"lr0.003,wd0.0",4,"lr=3e-05, wd=0.01",-1.9764,11
[8],10,"lr0.003,wd0.0",6,"lr=1e-04, wd=0.01",-1.9525,12
[8],10,"lr0.003,wd0.01",11,"lr=0.003, wd=0.0",-2.2088,1
[8],10,"lr0.003,wd0.01",12,"lr=0.003, wd=0.01",-2.0755,2
[8],10,"lr0.003,wd0.01",9,"lr=0.001, wd=0.0",-1.9844,3
[8],10,"lr0.003,wd0.01",10,"lr=0.001, wd=0.01",-1.9075,4
[8],10,"lr0.003,wd0.01",7,"lr=3e-04, wd=0.0",-1.843,5
[8],10,"lr0.003,wd0.01",8,"lr=3e-04, wd=0.01",-1.7333,6
[8],10,"lr0.003,wd0.01",4,"lr=3e-05, wd=0.01",-1.6719,7
[8],10,"lr0.003,wd0.01",3,"lr=3e-05, wd=0.0",-1.6527,8
[8],10,"lr0.003,wd0.01",2,"lr=1e-05, wd=0.01",-1.6449,9
[8],10,"lr0.003,wd0.01",1,"lr=1e-05, wd=0.0",-1.6358,10
[8],10,"lr0.003,wd0.01",5,"lr=1e-04, wd=0.0",-1.6217,11
[8],10,"lr0.003,wd0.01",6,"lr=1e-04, wd=0.01",-1.6066,12
[8],20,"lr1e-05,wd0.0",7,"lr=3e-04, wd=0.0",-2.7881,1
[8],20,"lr1e-05,wd0.0",9,"lr=0.001, wd=0.0",-2.6835,2
[8],20,"lr1e-05,wd0.0",11,"lr=0.003, wd=0.0",-2.6467,3
[8],20,"lr1e-05,wd0.0",5,"lr=1e-04, wd=0.0",-2.5785,4
[8],20,"lr1e-05,wd0.0",12,"lr=0.003, wd=0.01",-2.5137,5
[8],20,"lr1e-05,wd0.0",8,"lr=3e-04, wd=0.01",-2.4714,6
[8],20,"lr1e-05,wd0.0",6,"lr=1e-04, wd=0.01",-2.4619,7
[8],20,"lr1e-05,wd0.0",10,"lr=0.001, wd=0.01",-2.4599,8
[8],20,"lr1e-05,wd0.0",3,"lr=3e-05, wd=0.0",-2.4459,9
[8],20,"lr1e-05,wd0.0",4,"lr=3e-05, wd=0.01",-2.4159,10
[8],20,"lr1e-05,wd0.0",1,"lr=1e-05, wd=0.0",-2.2502,11
[8],20,"lr1e-05,wd0.0",2,"lr=1e-05, wd=0.01",-2.225,12
[8],20,"lr1e-05,wd0.01",7,"lr=3e-04, wd=0.0",-3.023,1
[8],20,"lr1e-05,wd0.01",9,"lr=0.001, wd=0.0",-2.9441,2
[8],20,"lr1e-05,wd0.01",11,"lr=0.003, wd=0.0",-2.8347,3
[8],20,"lr1e-05,wd0.01",5,"lr=1e-04, wd=0.0",-2.688,4
[8],20,"lr1e-05,wd0.01",8,"lr=3e-04, wd=0.01",-2.6429,5
[8],20,"lr1e-05,wd0.01",12,"lr=0.003, wd=0.01",-2.621,6
[8],20,"lr1e-05,wd0.01",6,"lr=1e-04, wd=0.01",-2.5545,7
[8],20,"lr1e-05,wd0.01",10,"lr=0.001, wd=0.01",-2.5402,8
[8],20,"lr1e-05,wd0.01",3,"lr=3e-05, wd=0.0",-2.4643,9
[8],20,"lr1e-05,wd0.01",4,"lr=3e-05, wd=0.01",-2.4206,10
[8],20,"lr1e-05,wd0.01",1,"lr=1e-05, wd=0.0",-2.2681,11
[8],20,"lr1e-05,wd0.01",2,"lr=1e-05, wd=0.01",-2.2405,12
[8],20,"lr3e-05,wd0.0",3,"lr=3e-05, wd=0.0",-2.6265,1
[8],20,"lr3e-05,wd0.0",5,"lr=1e-04, wd=0.0",-2.6226,2
[8],20,"lr3e-05,wd0.0",7,"lr=3e-04, wd=0.0",-2.6091,3
[8],20,"lr3e-05,wd0.0",4,"lr=3e-05, wd=0.01",-2.5831,4
[8],20,"lr3e-05,wd0.0",12,"lr=0.003, wd=0.01",-2.5664,5
[8],20,"lr3e-05,wd0.0",6,"lr=1e-04, wd=0.01",-2.5508,6
[8],20,"lr3e-05,wd0.0",10,"lr=0.001, wd=0.01",-2.5479,7
[8],20,"lr3e-05,wd0.0",9,"lr=0.001, wd=0.0",-2.5122,8
[8],20,"lr3e-05,wd0.0",8,"lr=3e-04, wd=0.01",-2.51,9
[8],20,"lr3e-05,wd0.0",11,"lr=0.003, wd=0.0",-2.4984,10
[8],20,"lr3e-05,wd0.0",1,"lr=1e-05, wd=0.0",-2.3877,11
[8],20,"lr3e-05,wd0.0",2,"lr=1e-05, wd=0.01",-2.3623,12
[8],20,"lr3e-05,wd0.01",7,"lr=3e-04, wd=0.0",-2.8405,1
[8],20,"lr3e-05,wd0.01",5,"lr=1e-04, wd=0.0",-2.8332,2
[8],20,"lr3e-05,wd0.01",9,"lr=0.001, wd=0.0",-2.8114,3
[8],20,"lr3e-05,wd0.01",11,"lr=0.003, wd=0.0",-2.7948,4
[8],20,"lr3e-05,wd0.01",12,"lr=0.003, wd=0.01",-2.7787,5
[8],20,"lr3e-05,wd0.01",3,"lr=3e-05, wd=0.0",-2.771,6
[8],20,"lr3e-05,wd0.01",6,"lr=1e-04, wd=0.01",-2.769,7
[8],20,"lr3e-05,wd0.01",10,"lr=0.001, wd=0.01",-2.7571,8
[8],20,"lr3e-05,wd0.01",8,"lr=3e-04, wd=0.01",-2.7461,9
[8],20,"lr3e-05,wd0.01",4,"lr=3e-05, wd=0.01",-2.7452,10
[8],20,"lr3e-05,wd0.01",1,"lr=1e-05, wd=0.0",-2.5896,11
[8],20,"lr3e-05,wd0.01",2,"lr=1e-05, wd=0.01",-2.5796,12
[8],20,"lr0.0001,wd0.0",7,"lr=3e-04, wd=0.0",-2.5314,1
[8],20,"lr0.0001,wd0.0",11,"lr=0.003, wd=0.0",-2.5233,2
[8],20,"lr0.0001,wd0.0",12,"lr=0.003, wd=0.01",-2.5097,3
[8],20,"lr0.0001,wd0.0",10,"lr=0.001, wd=0.01",-2.5023,4
[8],20,"lr0.0001,wd0.0",5,"lr=1e-04, wd=0.0",-2.4954,5
[8],20,"lr0.0001,wd0.0",9,"lr=0.001, wd=0.0",-2.4879,6
[8],20,"lr0.0001,wd0.0",8,"lr=3e-04, wd=0.01",-2.4665,7
[8],20,"lr0.0001,wd0.0",6,"lr=1e-04, wd=0.01",-2.4495,8
[8],20,"lr0.0001,wd0.0",3,"lr=3e-05, wd=0.0",-2.4265,9
[8],20,"lr0.0001,wd0.0",4,"lr=3e-05, wd=0.01",-2.4039,10
[8],20,"lr0.0001,wd0.0",1,"lr=1e-05, wd=0.0",-2.3017,11
[8],20,"lr0.0001,wd0.0",2,"lr=1e-05, wd=0.01",-2.2918,12
[8],20,"lr0.0001,wd0.01",12,"lr=0.003, wd=0.01",-2.8598,1
[8],20,"lr0.0001,wd0.01",11,"lr=0.003, wd=0.0",-2.7807,2
[8],20,"lr0.0001,wd0.01",10,"lr=0.001, wd=0.01",-2.7771,3
[8],20,"lr0.0001,wd0.01",7,"lr=3e-04, wd=0.0",-2.7547,4
[8],20,"lr0.0001,wd0.01",9,"lr=0.001, wd=0.0",-2.7132,5
[8],20,"lr0.0001,wd0.01",5,"lr=1e-04, wd=0.0",-2.6916,6
[8],20,"lr0.0001,wd0.01",8,"lr=3e-04, wd=0.01",-2.6771,7
[8],20,"lr0.0001,wd0.01",6,"lr=1e-04, wd=0.01",-2.6361,8
[8],20,"lr0.0001,wd0.01",3,"lr=3e-05, wd=0.0",-2.6064,9
[8],20,"lr0.0001,wd0.01",4,"lr=3e-05, wd=0.01",-2.5743,10
[8],20,"lr0.0001,wd0.01",1,"lr=1e-05, wd=0.0",-2.4727,11
[8],20,"lr0.0001,wd0.01",2,"lr=1e-05, wd=0.01",-2.4623,12
[8],20,"lr0.0003,wd0.0",11,"lr=0.003, wd=0.0",-2.3057,1
[8],20,"lr0.0003,wd0.0",7,"lr=3e-04, wd=0.0",-2.3027,2
[8],20,"lr0.0003,wd0.0",9,"lr=0.001, wd=0.0",-2.2987,3
[8],20,"lr0.0003,wd0.0",8,"lr=3e-04, wd=0.01",-2.2621,4
[8],20,"lr0.0003,wd0.0",5,"lr=1e-04, wd=0.0",-2.2334,5
[8],20,"lr0.0003,wd0.0",10,"lr=0.001, wd=0.01",-2.2313,6
[8],20,"lr0.0003,wd0.0",6,"lr=1e-04, wd=0.01",-2.2272,7
[8],20,"lr0.0003,wd0.0",3,"lr=3e-05, wd=0.0",-2.2019,8
[8],20,"lr0.0003,wd0.0",1,"lr=1e-05, wd=0.0",-2.2009,9
[8],20,"lr0.0003,wd0.0",2,"lr=1e-05, wd=0.01",-2.1988,10
[8],20,"lr0.0003,wd0.0",12,"lr=0.003, wd=0.01",-2.1985,11
[8],20,"lr0.0003,wd0.0",4,"lr=3e-05, wd=0.01",-2.1933,12
[8],20,"lr0.0003,wd0.01",12,"lr=0.003, wd=0.01",-2.8313,1
[8],20,"lr0.0003,wd0.01",11,"lr=0.003, wd=0.0",-2.7498,2
[8],20,"lr0.0003,wd0.01",10,"lr=0.001, wd=0.01",-2.6782,3
[8],20,"lr0.0003,wd0.01",9,"lr=0.001, wd=0.0",-2.582,4
[8],20,"lr0.0003,wd0.01",7,"lr=3e-04, wd=0.0",-2.5504,5
[8],20,"lr0.0003,wd0.01",8,"lr=3e-04, wd=0.01",-2.4344,6
[8],20,"lr0.0003,wd0.01",5,"lr=1e-04, wd=0.0",-2.2892,7
[8],20,"lr0.0003,wd0.01",6,"lr=1e-04, wd=0.01",-2.2706,8
[8],20,"lr0.0003,wd0.01",3,"lr=3e-05, wd=0.0",-2.1858,9
[8],20,"lr0.0003,wd0.01",4,"lr=3e-05, wd=0.01",-2.1719,10
[8],20,"lr0.0003,wd0.01",2,"lr=1e-05, wd=0.01",-2.1425,11
[8],20,"lr0.0003,wd0.01",1,"lr=1e-05, wd=0.0",-2.1395,12
[8],20,"lr0.001,wd0.0",11,"lr=0.003, wd=0.0",-2.3811,1
[8],20,"lr0.001,wd0.0",9,"lr=0.001, wd=0.0",-2.3739,2
[8],20,"lr0.001,wd0.0",7,"lr=3e-04, wd=0.0",-2.3704,3
[8],20,"lr0.001,wd0.0",8,"lr=3e-04, wd=0.01",-2.3315,4
[8],20,"lr0.001,wd0.0",10,"lr=0.001, wd=0.01",-2.3229,5
[8],20,"lr0.001,wd0.0",5,"lr=1e-04, wd=0.0",-2.2807,6
[8],20,"lr0.001,wd0.0",6,"lr=1e-04, wd=0.01",-2.2745,7
[8],20,"lr0.001,wd0.0",12,"lr=0.003, wd=0.01",-2.2677,8
[8],20,"lr0.001,wd0.0",1,"lr=1e-05, wd=0.0",-2.2476,9
[8],20,"lr0.001,wd0.0",2,"lr=1e-05, wd=0.01",-2.2465,10
[8],20,"lr0.001,wd0.0",3,"lr=3e-05, wd=0.0",-2.2431,11
[8],20,"lr0.001,wd0.0",4,"lr=3e-05, wd=0.01",-2.2364,12
[8],20,"lr0.001,wd0.01",11,"lr=0.003, wd=0.0",-2.5543,1
[8],20,"lr0.001,wd0.01",12,"lr=0.003, wd=0.01",-2.5321,2
[8],20,"lr0.001,wd0.01",10,"lr=0.001, wd=0.01",-2.3998,3
[8],20,"lr0.001,wd0.01",9,"lr=0.001, wd=0.0",-2.3766,4
[8],20,"lr0.001,wd0.01",7,"lr=3e-04, wd=0.0",-2.3056,5
[8],20,"lr0.001,wd0.01",8,"lr=3e-04, wd=0.01",-2.202,6
[8],20,"lr0.001,wd0.01",5,"lr=1e-04, wd=0.0",-2.0394,7
[8],20,"lr0.001,wd0.01",6,"lr=1e-04, wd=0.01",-2.0362,8
[8],20,"lr0.001,wd0.01",3,"lr=3e-05, wd=0.0",-1.9665,9
[8],20,"lr0.001,wd0.01",4,"lr=3e-05, wd=0.01",-1.9656,10
[8],20,"lr0.001,wd0.01",2,"lr=1e-05, wd=0.01",-1.9571,11
[8],20,"lr0.001,wd0.01",1,"lr=1e-05, wd=0.0",-1.9502,12
[8],20,"lr0.003,wd0.0",11,"lr=0.003, wd=0.0",-2.5439,1
[8],20,"lr0.003,wd0.0",12,"lr=0.003, wd=0.01",-2.5036,2
[8],20,"lr0.003,wd0.0",9,"lr=0.001, wd=0.0",-2.4629,3
[8],20,"lr0.003,wd0.0",7,"lr=3e-04, wd=0.0",-2.453,4
[8],20,"lr0.003,wd0.0",10,"lr=0.001, wd=0.01",-2.4523,5
[8],20,"lr0.003,wd0.0",8,"lr=3e-04, wd=0.01",-2.3722,6
[8],20,"lr0.003,wd0.0",5,"lr=1e-04, wd=0.0",-2.3041,7
[8],20,"lr0.003,wd0.0",6,"lr=1e-04, wd=0.01",-2.2776,8
[8],20,"lr0.003,wd0.0",3,"lr=3e-05, wd=0.0",-2.2303,9
[8],20,"lr0.003,wd0.0",2,"lr=1e-05, wd=0.01",-2.2246,10
[8],20,"lr0.003,wd0.0",4,"lr=3e-05, wd=0.01",-2.2198,11
[8],20,"lr0.003,wd0.0",1,"lr=1e-05, wd=0.0",-2.2151,12
[8],20,"lr0.003,wd0.01",11,"lr=0.003, wd=0.0",-2.8511,1
[8],20,"lr0.003,wd0.01",12,"lr=0.003, wd=0.01",-2.8508,2
[8],20,"lr0.003,wd0.01",10,"lr=0.001, wd=0.01",-2.7169,3
[8],20,"lr0.003,wd0.01",9,"lr=0.001, wd=0.0",-2.7087,4
[8],20,"lr0.003,wd0.01",7,"lr=3e-04, wd=0.0",-2.6523,5
[8],20,"lr0.003,wd0.01",8,"lr=3e-04, wd=0.01",-2.5324,6
[8],20,"lr0.003,wd0.01",5,"lr=1e-04, wd=0.0",-2.4369,7
[8],20,"lr0.003,wd0.01",6,"lr=1e-04, wd=0.01",-2.4142,8
[8],20,"lr0.003,wd0.01",2,"lr=1e-05, wd=0.01",-2.3429,9
[8],20,"lr0.003,wd0.01",3,"lr=3e-05, wd=0.0",-2.3388,10
[8],20,"lr0.003,wd0.01",4,"lr=3e-05, wd=0.01",-2.3275,11
[8],20,"lr0.003,wd0.01",1,"lr=1e-05, wd=0.0",-2.3259,12
[8],50,"lr1e-05,wd0.0",10,"lr=0.001, wd=0.01",-3.7709,1
[8],50,"lr1e-05,wd0.0",11,"lr=0.003, wd=0.0",-3.7514,2
[8],50,"lr1e-05,wd0.0",5,"lr=1e-04, wd=0.0",-3.7249,3
[8],50,"lr1e-05,wd0.0",9,"lr=0.001, wd=0.0",-3.6824,4
[8],50,"lr1e-05,wd0.0",7,"lr=3e-04, wd=0.0",-3.6742,5
[8],50,"lr1e-05,wd0.0",12,"lr=0.003, wd=0.01",-3.6632,6
[8],50,"lr1e-05,wd0.0",8,"lr=3e-04, wd=0.01",-3.605,7
[8],50,"lr1e-05,wd0.0",6,"lr=1e-04, wd=0.01",-3.5986,8
[8],50,"lr1e-05,wd0.0",3,"lr=3e-05, wd=0.0",-3.4668,9
[8],50,"lr1e-05,wd0.0",4,"lr=3e-05, wd=0.01",-3.4494,10
[8],50,"lr1e-05,wd0.0",1,"lr=1e-05, wd=0.0",-3.3153,11
[8],50,"lr1e-05,wd0.0",2,"lr=1e-05, wd=0.01",-3.3081,12
[8],50,"lr1e-05,wd0.01",10,"lr=0.001, wd=0.01",-3.9722,1
[8],50,"lr1e-05,wd0.01",11,"lr=0.003, wd=0.0",-3.9499,2
[8],50,"lr1e-05,wd0.01",9,"lr=0.001, wd=0.0",-3.8951,3
[8],50,"lr1e-05,wd0.01",7,"lr=3e-04, wd=0.0",-3.8928,4
[8],50,"lr1e-05,wd0.01",5,"lr=1e-04, wd=0.0",-3.8786,5
[8],50,"lr1e-05,wd0.01",8,"lr=3e-04, wd=0.01",-3.7858,6
[8],50,"lr1e-05,wd0.01",12,"lr=0.003, wd=0.01",-3.7814,7
[8],50,"lr1e-05,wd0.01",6,"lr=1e-04, wd=0.01",-3.7376,8
[8],50,"lr1e-05,wd0.01",3,"lr=3e-05, wd=0.0",-3.4906,9
[8],50,"lr1e-05,wd0.01",4,"lr=3e-05, wd=0.01",-3.4627,10
[8],50,"lr1e-05,wd0.01",2,"lr=1e-05, wd=0.01",-3.3365,11
[8],50,"lr1e-05,wd0.01",1,"lr=1e-05, wd=0.0",-3.3359,12
[8],50,"lr3e-05,wd0.0",12,"lr=0.003, wd=0.01",-3.6242,1
[8],50,"lr3e-05,wd0.0",10,"lr=0.001, wd=0.01",-3.5757,2
[8],50,"lr3e-05,wd0.0",5,"lr=1e-04, wd=0.0",-3.547,3
[8],50,"lr3e-05,wd0.0",11,"lr=0.003, wd=0.0",-3.5354,4
[8],50,"lr3e-05,wd0.0",9,"lr=0.001, wd=0.0",-3.5023,5
[8],50,"lr3e-05,wd0.0",3,"lr=3e-05, wd=0.0",-3.4973,6
[8],50,"lr3e-05,wd0.0",4,"lr=3e-05, wd=0.01",-3.4815,7
[8],50,"lr3e-05,wd0.0",6,"lr=1e-04, wd=0.01",-3.4815,8
[8],50,"lr3e-05,wd0.0",7,"lr=3e-04, wd=0.0",-3.4725,9
[8],50,"lr3e-05,wd0.0",8,"lr=3e-04, wd=0.01",-3.4516,10
[8],50,"lr3e-05,wd0.0",1,"lr=1e-05, wd=0.0",-3.3656,11
[8],50,"lr3e-05,wd0.0",2,"lr=1e-05, wd=0.01",-3.3637,12
[8],50,"lr3e-05,wd0.01",5,"lr=1e-04, wd=0.0",-3.9393,1
[8],50,"lr3e-05,wd0.01",6,"lr=1e-04, wd=0.01",-3.8699,2
[8],50,"lr3e-05,wd0.01",12,"lr=0.003, wd=0.01",-3.8418,3
[8],50,"lr3e-05,wd0.01",10,"lr=0.001, wd=0.01",-3.8316,4
[8],50,"lr3e-05,wd0.01",3,"lr=3e-05, wd=0.0",-3.8264,5
[8],50,"lr3e-05,wd0.01",4,"lr=3e-05, wd=0.01",-3.8105,6
[8],50,"lr3e-05,wd0.01",7,"lr=3e-04, wd=0.0",-3.7964,7
[8],50,"lr3e-05,wd0.01",8,"lr=3e-04, wd=0.01",-3.7868,8
[8],50,"lr3e-05,wd0.01",9,"lr=0.001, wd=0.0",-3.7523,9
[8],50,"lr3e-05,wd0.01",11,"lr=0.003, wd=0.0",-3.7519,10
[8],50,"lr3e-05,wd0.01",2,"lr=1e-05, wd=0.01",-3.6444,11
[8],50,"lr3e-05,wd0.01",1,"lr=1e-05, wd=0.0",-3.6443,12
[8],50,"lr0.0001,wd0.0",11,"lr=0.003, wd=0.0",-2.8529,1
[8],50,"lr0.0001,wd0.0",9,"lr=0.001, wd=0.0",-2.7821,2
[8],50,"lr0.0001,wd0.0",10,"lr=0.001, wd=0.01",-2.7546,3
[8],50,"lr0.0001,wd0.0",12,"lr=0.003, wd=0.01",-2.7482,4
[8],50,"lr0.0001,wd0.0",8,"lr=3e-04, wd=0.01",-2.6334,5
[8],50,"lr0.0001,wd0.0",7,"lr=3e-04, wd=0.0",-2.6332,6
[8],50,"lr0.0001,wd0.0",2,"lr=1e-05, wd=0.01",-2.5884,7
[8],50,"lr0.0001,wd0.0",1,"lr=1e-05, wd=0.0",-2.5817,8
[8],50,"lr0.0001,wd0.0",5,"lr=1e-04, wd=0.0",-2.5764,9
[8],50,"lr0.0001,wd0.0",6,"lr=1e-04, wd=0.01",-2.5665,10
[8],50,"lr0.0001,wd0.0",4,"lr=3e-05, wd=0.01",-2.5333,11
[8],50,"lr0.0001,wd0.0",3,"lr=3e-05, wd=0.0",-2.5299,12
[8],50,"lr0.0001,wd0.01",12,"lr=0.003, wd=0.01",-4.0468,1
[8],50,"lr0.0001,wd0.01",5,"lr=1e-04, wd=0.0",-4.0368,2
[8],50,"lr0.0001,wd0.01",6,"lr=1e-04, wd=0.01",-4.0274,3
[8],50,"lr0.0001,wd0.01",10,"lr=0.001, wd=0.01",-4.02,4
[8],50,"lr0.0001,wd0.01",3,"lr=3e-05, wd=0.0",-4.0133,5
[8],50,"lr0.0001,wd0.01",8,"lr=3e-04, wd=0.01",-4.0111,6
[8],50,"lr0.0001,wd0.01",4,"lr=3e-05, wd=0.01",-4.0091,7
[8],50,"lr0.0001,wd0.01",7,"lr=3e-04, wd=0.0",-3.9868,8
[8],50,"lr0.0001,wd0.01",2,"lr=1e-05, wd=0.01",-3.9747,9
[8],50,"lr0.0001,wd0.01",1,"lr=1e-05, wd=0.0",-3.9728,10
[8],50,"lr0.0001,wd0.01",11,"lr=0.003, wd=0.0",-3.963,11
[8],50,"lr0.0001,wd0.01",9,"lr=0.001, wd=0.0",-3.9361,12
[8],50,"lr0.0003,wd0.0",12,"lr=0.003, wd=0.01",-2.3763,1
[8],50,"lr0.0003,wd0.0",11,"lr=0.003, wd=0.0",-2.3761,2
[8],50,"lr0.0003,wd0.0",2,"lr=1e-05, wd=0.01",-2.3653,3
[8],50,"lr0.0003,wd0.0",1,"lr=1e-05, wd=0.0",-2.3614,4
[8],50,"lr0.0003,wd0.0",10,"lr=0.001, wd=0.01",-2.3353,5
[8],50,"lr0.0003,wd0.0",9,"lr=0.001, wd=0.0",-2.3269,6
[8],50,"lr0.0003,wd0.0",7,"lr=3e-04, wd=0.0",-2.2818,7
[8],50,"lr0.0003,wd0.0",8,"lr=3e-04, wd=0.01",-2.2813,8
[8],50,"lr0.0003,wd0.0",3,"lr=3e-05, wd=0.0",-2.2703,9
[8],50,"lr0.0003,wd0.0",4,"lr=3e-05, wd=0.01",-2.2679,10
[8],50,"lr0.0003,wd0.0",5,"lr=1e-04, wd=0.0",-2.2653,11
[8],50,"lr0.0003,wd0.0",6,"lr=1e-04, wd=0.01",-2.2641,12
[8],50,"lr0.0003,wd0.01",12,"lr=0.003, wd=0.01",-4.0259,1
[8],50,"lr0.0003,wd0.01",10,"lr=0.001, wd=0.01",-3.9787,2
[8],50,"lr0.0003,wd0.01",5,"lr=1e-04, wd=0.0",-3.9675,3
[8],50,"lr0.0003,wd0.01",6,"lr=1e-04, wd=0.01",-3.9539,4
[8],50,"lr0.0003,wd0.01",11,"lr=0.003, wd=0.0",-3.9449,5
[8],50,"lr0.0003,wd0.01",8,"lr=3e-04, wd=0.01",-3.9427,6
[8],50,"lr0.0003,wd0.01",7,"lr=3e-04, wd=0.0",-3.9396,7
[8],50,"lr0.0003,wd0.01",9,"lr=0.001, wd=0.0",-3.8687,8
[8],50,"lr0.0003,wd0.01",3,"lr=3e-05, wd=0.0",-3.8522,9
[8],50,"lr0.0003,wd0.01",4,"lr=3e-05, wd=0.01",-3.8119,10
[8],50,"lr0.0003,wd0.01",2,"lr=1e-05, wd=0.01",-3.6382,11
[8],50,"lr0.0003,wd0.01",1,"lr=1e-05, wd=0.0",-3.6347,12
[8],50,"lr0.001,wd0.0",12,"lr=0.003, wd=0.01",-2.2146,1
[8],50,"lr0.001,wd0.0",2,"lr=1e-05, wd=0.01",-2.2085,2
[8],50,"lr0.001,wd0.0",1,"lr=1e-05, wd=0.0",-2.2041,3
[8],50,"lr0.001,wd0.0",11,"lr=0.003, wd=0.0",-2.1968,4
[8],50,"lr0.001,wd0.0",10,"lr=0.001, wd=0.01",-2.1681,5
[8],50,"lr0.001,wd0.0",9,"lr=0.001, wd=0.0",-2.1462,6
[8],50,"lr0.001,wd0.0",3,"lr=3e-05, wd=0.0",-2.1235,7
[8],50,"lr0.001,wd0.0",4,"lr=3e-05, wd=0.01",-2.1197,8
[8],50,"lr0.001,wd0.0",5,"lr=1e-04, wd=0.0",-2.1106,9
[8],50,"lr0.001,wd0.0",8,"lr=3e-04, wd=0.01",-2.1093,10
[8],50,"lr0.001,wd0.0",6,"lr=1e-04, wd=0.01",-2.1075,11
[8],50,"lr0.001,wd0.0",7,"lr=3e-04, wd=0.0",-2.1074,12
[8],50,"lr0.001,wd0.01",12,"lr=0.003, wd=0.01",-3.3302,1
[8],50,"lr0.001,wd0.01",10,"lr=0.001, wd=0.01",-3.2803,2
[8],50,"lr0.001,wd0.01",5,"lr=1e-04, wd=0.0",-3.2398,3
[8],50,"lr0.001,wd0.01",11,"lr=0.003, wd=0.0",-3.2326,4
[8],50,"lr0.001,wd0.01",8,"lr=3e-04, wd=0.01",-3.2285,5
[8],50,"lr0.001,wd0.01",9,"lr=0.001, wd=0.0",-3.2253,6
[8],50,"lr0.001,wd0.01",6,"lr=1e-04, wd=0.01",-3.2191,7
[8],50,"lr0.001,wd0.01",7,"lr=3e-04, wd=0.0",-3.2179,8
[8],50,"lr0.001,wd0.01",3,"lr=3e-05, wd=0.0",-3.1382,9
[8],50,"lr0.001,wd0.01",4,"lr=3e-05, wd=0.01",-3.1213,10
[8],50,"lr0.001,wd0.01",2,"lr=1e-05, wd=0.01",-3.0815,11
[8],50,"lr0.001,wd0.01",1,"lr=1e-05, wd=0.0",-3.0672,12
[8],50,"lr0.003,wd0.0",11,"lr=0.003, wd=0.0",-3.1377,1
[8],50,"lr0.003,wd0.0",7,"lr=3e-04, wd=0.0",-3.1224,2
[8],50,"lr0.003,wd0.0",10,"lr=0.001, wd=0.01",-3.1208,3
[8],50,"lr0.003,wd0.0",9,"lr=0.001, wd=0.0",-3.1167,4
[8],50,"lr0.003,wd0.0",4,"lr=3e-05, wd=0.01",-3.1016,5
[8],50,"lr0.003,wd0.0",1,"lr=1e-05, wd=0.0",-3.0917,6
[8],50,"lr0.003,wd0.0",2,"lr=1e-05, wd=0.01",-3.0863,7
[8],50,"lr0.003,wd0.0",3,"lr=3e-05, wd=0.0",-3.0795,8
[8],50,"lr0.003,wd0.0",8,"lr=3e-04, wd=0.01",-3.051,9
[8],50,"lr0.003,wd0.0",12,"lr=0.003, wd=0.01",-3.0383,10
[8],50,"lr0.003,wd0.0",6,"lr=1e-04, wd=0.01",-2.9671,11
[8],50,"lr0.003,wd0.0",5,"lr=1e-04, wd=0.0",-2.9318,12
[8],50,"lr0.003,wd0.01",5,"lr=1e-04, wd=0.0",-2.9585,1
[8],50,"lr0.003,wd0.01",3,"lr=3e-05, wd=0.0",-2.9347,2
[8],50,"lr0.003,wd0.01",4,"lr=3e-05, wd=0.01",-2.9325,3
[8],50,"lr0.003,wd0.01",6,"lr=1e-04, wd=0.01",-2.9313,4
[8],50,"lr0.003,wd0.01",2,"lr=1e-05, wd=0.01",-2.9277,5
[8],50,"lr0.003,wd0.01",1,"lr=1e-05, wd=0.0",-2.9165,6
[8],50,"lr0.003,wd0.01",10,"lr=0.001, wd=0.01",-2.8731,7
[8],50,"lr0.003,wd0.01",8,"lr=3e-04, wd=0.01",-2.8725,8
[8],50,"lr0.003,wd0.01",12,"lr=0.003, wd=0.01",-2.798,9
[8],50,"lr0.003,wd0.01",7,"lr=3e-04, wd=0.0",-2.7562,10
[8],50,"lr0.003,wd0.01",9,"lr=0.001, wd=0.0",-2.7262,11
[8],50,"lr0.003,wd0.01",11,"lr=0.003, wd=0.0",-2.4474,12
[8],90,"lr1e-05,wd0.0",10,"lr=0.001, wd=0.01",-4.1574,1
[8],90,"lr1e-05,wd0.0",11,"lr=0.003, wd=0.0",-4.1521,2
[8],90,"lr1e-05,wd0.0",9,"lr=0.001, wd=0.0",-4.151,3
[8],90,"lr1e-05,wd0.0",7,"lr=3e-04, wd=0.0",-4.1505,4
[8],90,"lr1e-05,wd0.0",12,"lr=0.003, wd=0.01",-4.1469,5
[8],90,"lr1e-05,wd0.0",8,"lr=3e-04, wd=0.01",-4.144,6
[8],90,"lr1e-05,wd0.0",5,"lr=1e-04, wd=0.0",-4.14,7
[8],90,"lr1e-05,wd0.0",6,"lr=1e-04, wd=0.01",-4.1351,8
[8],90,"lr1e-05,wd0.0",4,"lr=3e-05, wd=0.01",-4.1198,9
[8],90,"lr1e-05,wd0.0",3,"lr=3e-05, wd=0.0",-4.1191,10
[8],90,"lr1e-05,wd0.0",1,"lr=1e-05, wd=0.0",-4.1133,11
[8],90,"lr1e-05,wd0.0",2,"lr=1e-05, wd=0.01",-4.113,12
[8],90,"lr1e-05,wd0.01",10,"lr=0.001, wd=0.01",-4.2012,1
[8],90,"lr1e-05,wd0.01",8,"lr=3e-04, wd=0.01",-4.2004,2
[8],90,"lr1e-05,wd0.01",12,"lr=0.003, wd=0.01",-4.2003,3
[8],90,"lr1e-05,wd0.01",5,"lr=1e-04, wd=0.0",-4.2002,4
[8],90,"lr1e-05,wd0.01",7,"lr=3e-04, wd=0.0",-4.1981,5
[8],90,"lr1e-05,wd0.01",6,"lr=1e-04, wd=0.01",-4.1951,6
[8],90,"lr1e-05,wd0.01",11,"lr=0.003, wd=0.0",-4.1928,7
[8],90,"lr1e-05,wd0.01",9,"lr=0.001, wd=0.0",-4.1921,8
[8],90,"lr1e-05,wd0.01",3,"lr=3e-05, wd=0.0",-4.1751,9
[8],90,"lr1e-05,wd0.01",4,"lr=3e-05, wd=0.01",-4.1744,10
[8],90,"lr1e-05,wd0.01",2,"lr=1e-05, wd=0.01",-4.1702,11
[8],90,"lr1e-05,wd0.01",1,"lr=1e-05, wd=0.0",-4.1696,12
[8],90,"lr3e-05,wd0.0",11,"lr=0.003, wd=0.0",-4.1069,1
[8],90,"lr3e-05,wd0.0",9,"lr=0.001, wd=0.0",-4.0998,2
[8],90,"lr3e-05,wd0.0",10,"lr=0.001, wd=0.01",-4.0976,3
[8],90,"lr3e-05,wd0.0",12,"lr=0.003, wd=0.01",-4.0931,4
[8],90,"lr3e-05,wd0.0",7,"lr=3e-04, wd=0.0",-4.0857,5
[8],90,"lr3e-05,wd0.0",8,"lr=3e-04, wd=0.01",-4.0806,6
[8],90,"lr3e-05,wd0.0",5,"lr=1e-04, wd=0.0",-4.0734,7
[8],90,"lr3e-05,wd0.0",6,"lr=1e-04, wd=0.01",-4.0707,8
[8],90,"lr3e-05,wd0.0",2,"lr=1e-05, wd=0.01",-4.0698,9
[8],90,"lr3e-05,wd0.0",1,"lr=1e-05, wd=0.0",-4.0683,10
[8],90,"lr3e-05,wd0.0",3,"lr=3e-05, wd=0.0",-4.0632,11
[8],90,"lr3e-05,wd0.0",4,"lr=3e-05, wd=0.01",-4.0631,12
[8],90,"lr3e-05,wd0.01",10,"lr=0.001, wd=0.01",-4.1759,1
[8],90,"lr3e-05,wd0.01",11,"lr=0.003, wd=0.0",-4.1758,2
[8],90,"lr3e-05,wd0.01",9,"lr=0.001, wd=0.0",-4.1748,3
[8],90,"lr3e-05,wd0.01",12,"lr=0.003, wd=0.01",-4.1733,4
[8],90,"lr3e-05,wd0.01",8,"lr=3e-04, wd=0.01",-4.1718,5
[8],90,"lr3e-05,wd0.01",7,"lr=3e-04, wd=0.0",-4.171,6
[8],90,"lr3e-05,wd0.01",5,"lr=1e-04, wd=0.0",-4.1703,7
[8],90,"lr3e-05,wd0.01",6,"lr=1e-04, wd=0.01",-4.1701,8
[8],90,"lr3e-05,wd0.01",4,"lr=3e-05, wd=0.01",-4.1652,9
[8],90,"lr3e-05,wd0.01",2,"lr=1e-05, wd=0.01",-4.1645,10
[8],90,"lr3e-05,wd0.01",3,"lr=3e-05, wd=0.0",-4.1644,11
[8],90,"lr3e-05,wd0.01",1,"lr=1e-05, wd=0.0",-4.1633,12
[8],90,"lr0.0001,wd0.0",2,"lr=1e-05, wd=0.01",-3.536,1
[8],90,"lr0.0001,wd0.0",1,"lr=1e-05, wd=0.0",-3.5332,2
[8],90,"lr0.0001,wd0.0",3,"lr=3e-05, wd=0.0",-3.464,3
[8],90,"lr0.0001,wd0.0",4,"lr=3e-05, wd=0.01",-3.4544,4
[8],90,"lr0.0001,wd0.0",5,"lr=1e-04, wd=0.0",-3.4517,5
[8],90,"lr0.0001,wd0.0",12,"lr=0.003, wd=0.01",-3.4496,6
[8],90,"lr0.0001,wd0.0",11,"lr=0.003, wd=0.0",-3.4488,7
[8],90,"lr0.0001,wd0.0",6,"lr=1e-04, wd=0.01",-3.439,8
[8],90,"lr0.0001,wd0.0",7,"lr=3e-04, wd=0.0",-3.4304,9
[8],90,"lr0.0001,wd0.0",8,"lr=3e-04, wd=0.01",-3.4283,10
[8],90,"lr0.0001,wd0.0",9,"lr=0.001, wd=0.0",-3.4191,11
[8],90,"lr0.0001,wd0.0",10,"lr=0.001, wd=0.01",-3.4113,12
[8],90,"lr0.0001,wd0.01",6,"lr=1e-04, wd=0.01",-4.1881,1
[8],90,"lr0.0001,wd0.01",8,"lr=3e-04, wd=0.01",-4.1877,2
[8],90,"lr0.0001,wd0.01",5,"lr=1e-04, wd=0.0",-4.1867,3
[8],90,"lr0.0001,wd0.01",7,"lr=3e-04, wd=0.0",-4.1852,4
[8],90,"lr0.0001,wd0.01",4,"lr=3e-05, wd=0.01",-4.1842,5
[8],90,"lr0.0001,wd0.01",10,"lr=0.001, wd=0.01",-4.1839,6
[8],90,"lr0.0001,wd0.01",12,"lr=0.003, wd=0.01",-4.1838,7
[8],90,"lr0.0001,wd0.01",11,"lr=0.003, wd=0.0",-4.1832,8
[8],90,"lr0.0001,wd0.01",3,"lr=3e-05, wd=0.0",-4.1829,9
[8],90,"lr0.0001,wd0.01",2,"lr=1e-05, wd=0.01",-4.1825,10
[8],90,"lr0.0001,wd0.01",9,"lr=0.001, wd=0.0",-4.1819,11
[8],90,"lr0.0001,wd0.01",1,"lr=1e-05, wd=0.0",-4.1812,12
[8],90,"lr0.0003,wd0.0",12,"lr=0.003, wd=0.01",-3.5343,1
[8],90,"lr0.0003,wd0.0",11,"lr=0.003, wd=0.0",-3.5092,2
[8],90,"lr0.0003,wd0.0",2,"lr=1e-05, wd=0.01",-3.4871,3
[8],90,"lr0.0003,wd0.0",1,"lr=1e-05, wd=0.0",-3.4819,4
[8],90,"lr0.0003,wd0.0",5,"lr=1e-04, wd=0.0",-3.4809,5
[8],90,"lr0.0003,wd0.0",10,"lr=0.001, wd=0.01",-3.4796,6
[8],90,"lr0.0003,wd0.0",7,"lr=3e-04, wd=0.0",-3.4773,7
[8],90,"lr0.0003,wd0.0",9,"lr=0.001, wd=0.0",-3.4738,8
[8],90,"lr0.0003,wd0.0",6,"lr=1e-04, wd=0.01",-3.4652,9
[8],90,"lr0.0003,wd0.0",8,"lr=3e-04, wd=0.01",-3.4648,10
[8],90,"lr0.0003,wd0.0",3,"lr=3e-05, wd=0.0",-3.4517,11
[8],90,"lr0.0003,wd0.0",4,"lr=3e-05, wd=0.01",-3.4445,12
[8],90,"lr0.0003,wd0.01",1,"lr=1e-05, wd=0.0",-4.1502,1
[8],90,"lr0.0003,wd0.01",5,"lr=1e-04, wd=0.0",-4.1498,2
[8],90,"lr0.0003,wd0.01",4,"lr=3e-05, wd=0.01",-4.1493,3
[8],90,"lr0.0003,wd0.01",3,"lr=3e-05, wd=0.0",-4.1492,4
[8],90,"lr0.0003,wd0.01",2,"lr=1e-05, wd=0.01",-4.1491,5
[8],90,"lr0.0003,wd0.01",12,"lr=0.003, wd=0.01",-4.1472,6
[8],90,"lr0.0003,wd0.01",6,"lr=1e-04, wd=0.01",-4.1441,7
[8],90,"lr0.0003,wd0.01",8,"lr=3e-04, wd=0.01",-4.1352,8
[8],90,"lr0.0003,wd0.01",10,"lr=0.001, wd=0.01",-4.1343,9
[8],90,"lr0.0003,wd0.01",11,"lr=0.003, wd=0.0",-4.1231,10
[8],90,"lr0.0003,wd0.01",7,"lr=3e-04, wd=0.0",-4.1226,11
[8],90,"lr0.0003,wd0.01",9,"lr=0.001, wd=0.0",-4.1221,12
[8],90,"lr0.001,wd0.0",12,"lr=0.003, wd=0.01",-3.4094,1
[8],90,"lr0.001,wd0.0",11,"lr=0.003, wd=0.0",-3.3823,2
[8],90,"lr0.001,wd0.0",10,"lr=0.001, wd=0.01",-3.3519,3
[8],90,"lr0.001,wd0.0",2,"lr=1e-05, wd=0.01",-3.3305,4
[8],90,"lr0.001,wd0.0",9,"lr=0.001, wd=0.0",-3.3251,5
[8],90,"lr0.001,wd0.0",1,"lr=1e-05, wd=0.0",-3.318,6
[8],90,"lr0.001,wd0.0",7,"lr=3e-04, wd=0.0",-3.2863,7
[8],90,"lr0.001,wd0.0",8,"lr=3e-04, wd=0.01",-3.2821,8
[8],90,"lr0.001,wd0.0",5,"lr=1e-04, wd=0.0",-3.25,9
[8],90,"lr0.001,wd0.0",6,"lr=1e-04, wd=0.01",-3.2491,10
[8],90,"lr0.001,wd0.0",4,"lr=3e-05, wd=0.01",-3.2396,11
[8],90,"lr0.001,wd0.0",3,"lr=3e-05, wd=0.0",-3.2311,12
[8],90,"lr0.001,wd0.01",5,"lr=1e-04, wd=0.0",-3.9749,1
[8],90,"lr0.001,wd0.01",6,"lr=1e-04, wd=0.01",-3.966,2
[8],90,"lr0.001,wd0.01",12,"lr=0.003, wd=0.01",-3.9558,3
[8],90,"lr0.001,wd0.01",3,"lr=3e-05, wd=0.0",-3.9533,4
[8],90,"lr0.001,wd0.01",8,"lr=3e-04, wd=0.01",-3.9404,5
[8],90,"lr0.001,wd0.01",4,"lr=3e-05, wd=0.01",-3.9399,6
[8],90,"lr0.001,wd0.01",7,"lr=3e-04, wd=0.0",-3.9362,7
[8],90,"lr0.001,wd0.01",10,"lr=0.001, wd=0.01",-3.9361,8
[8],90,"lr0.001,wd0.01",11,"lr=0.003, wd=0.0",-3.9092,9
[8],90,"lr0.001,wd0.01",9,"lr=0.001, wd=0.0",-3.9025,10
[8],90,"lr0.001,wd0.01",1,"lr=1e-05, wd=0.0",-3.8719,11
[8],90,"lr0.001,wd0.01",2,"lr=1e-05, wd=0.01",-3.8682,12
[8],90,"lr0.003,wd0.0",2,"lr=1e-05, wd=0.01",-3.3798,1
[8],90,"lr0.003,wd0.0",1,"lr=1e-05, wd=0.0",-3.3725,2
[8],90,"lr0.003,wd0.0",12,"lr=0.003, wd=0.01",-3.3003,3
[8],90,"lr0.003,wd0.0",3,"lr=3e-05, wd=0.0",-3.2651,4
[8],90,"lr0.003,wd0.0",4,"lr=3e-05, wd=0.01",-3.2567,5
[8],90,"lr0.003,wd0.0",11,"lr=0.003, wd=0.0",-3.2531,6
[8],90,"lr0.003,wd0.0",5,"lr=1e-04, wd=0.0",-3.2524,7
[8],90,"lr0.003,wd0.0",6,"lr=1e-04, wd=0.01",-3.2443,8
[8],90,"lr0.003,wd0.0",10,"lr=0.001, wd=0.01",-3.2277,9
[8],90,"lr0.003,wd0.0",8,"lr=3e-04, wd=0.01",-3.2124,10
[8],90,"lr0.003,wd0.0",9,"lr=0.001, wd=0.0",-3.2059,11
[8],90,"lr0.003,wd0.0",7,"lr=3e-04, wd=0.0",-3.2019,12
[8],90,"lr0.003,wd0.01",12,"lr=0.003, wd=0.01",-3.6656,1
[8],90,"lr0.003,wd0.01",3,"lr=3e-05, wd=0.0",-3.6473,2
[8],90,"lr0.003,wd0.01",4,"lr=3e-05, wd=0.01",-3.6463,3
[8],90,"lr0.003,wd0.01",6,"lr=1e-04, wd=0.01",-3.6429,4
[8],90,"lr0.003,wd0.01",5,"lr=1e-04, wd=0.0",-3.639,5
[8],90,"lr0.003,wd0.01",8,"lr=3e-04, wd=0.01",-3.6277,6
[8],90,"lr0.003,wd0.01",1,"lr=1e-05, wd=0.0",-3.6091,7
[8],90,"lr0.003,wd0.01",2,"lr=1e-05, wd=0.01",-3.608,8
[8],90,"lr0.003,wd0.01",7,"lr=3e-04, wd=0.0",-3.5956,9
[8],90,"lr0.003,wd0.01",9,"lr=0.001, wd=0.0",-3.571,10
[8],90,"lr0.003,wd0.01",10,"lr=0.001, wd=0.01",-3.5608,11
[8],90,"lr0.003,wd0.01",11,"lr=0.003, wd=0.0",-3.5594,12
[16],0,"lr1e-05,wd0.0",3,"lr=3e-05, wd=0.0",-1.3219,1
[16],0,"lr1e-05,wd0.0",4,"lr=3e-05, wd=0.01",-1.1286,2
[16],0,"lr1e-05,wd0.0",5,"lr=1e-04, wd=0.0",-1.073,3
[16],0,"lr1e-05,wd0.0",6,"lr=1e-04, wd=0.01",-1.0727,4
[16],0,"lr1e-05,wd0.0",7,"lr=3e-04, wd=0.0",-0.8863,5
[16],0,"lr1e-05,wd0.0",8,"lr=3e-04, wd=0.01",-0.8743,6
[16],0,"lr1e-05,wd0.0",1,"lr=1e-05, wd=0.0",-0.802,7
[16],0,"lr1e-05,wd0.0",2,"lr=1e-05, wd=0.01",-0.7829,8
[16],0,"lr1e-05,wd0.0",9,"lr=0.001, wd=0.0",-0.748,9
[16],0,"lr1e-05,wd0.0",12,"lr=0.003, wd=0.01",-0.7416,10
[16],0,"lr1e-05,wd0.0",10,"lr=0.001, wd=0.01",-0.7304,11
[16],0,"lr1e-05,wd0.0",11,"lr=0.003, wd=0.0",-0.7064,12
[16],0,"lr1e-05,wd0.01",3,"lr=3e-05, wd=0.0",-1.3537,1
[16],0,"lr1e-05,wd0.01",4,"lr=3e-05, wd=0.01",-1.1736,2
[16],0,"lr1e-05,wd0.01",6,"lr=1e-04, wd=0.01",-1.0798,3
[16],0,"lr1e-05,wd0.01",5,"lr=1e-04, wd=0.0",-1.06,4
[16],0,"lr1e-05,wd0.01",1,"lr=1e-05, wd=0.0",-1.026,5
[16],0,"lr1e-05,wd0.01",2,"lr=1e-05, wd=0.01",-0.964,6
[16],0,"lr1e-05,wd0.01",8,"lr=3e-04, wd=0.01",-0.8685,7
[16],0,"lr1e-05,wd0.01",7,"lr=3e-04, wd=0.0",-0.8606,8
[16],0,"lr1e-05,wd0.01",12,"lr=0.003, wd=0.01",-0.7392,9
[16],0,"lr1e-05,wd0.01",9,"lr=0.001, wd=0.0",-0.7363,10
[16],0,"lr1e-05,wd0.01",10,"lr=0.001, wd=0.01",-0.7294,11
[16],0,"lr1e-05,wd0.01",11,"lr=0.003, wd=0.0",-0.6992,12
[16],0,"lr3e-05,wd0.0",3,"lr=3e-05, wd=0.0",-1.1608,1
[16],0,"lr3e-05,wd0.0",5,"lr=1e-04, wd=0.0",-1.0614,2
[16],0,"lr3e-05,wd0.0",6,"lr=1e-04, wd=0.01",-1.0466,3
[16],0,"lr3e-05,wd0.0",4,"lr=3e-05, wd=0.01",-0.9991,4
[16],0,"lr3e-05,wd0.0",7,"lr=3e-04, wd=0.0",-0.9157,5
[16],0,"lr3e-05,wd0.0",8,"lr=3e-04, wd=0.01",-0.8978,6
[16],0,"lr3e-05,wd0.0",9,"lr=0.001, wd=0.0",-0.7974,7
[16],0,"lr3e-05,wd0.0",12,"lr=0.003, wd=0.01",-0.7643,8
[16],0,"lr3e-05,wd0.0",10,"lr=0.001, wd=0.01",-0.7558,9
[16],0,"lr3e-05,wd0.0",11,"lr=0.003, wd=0.0",-0.7425,10
[16],0,"lr3e-05,wd0.0",2,"lr=1e-05, wd=0.01",-0.3799,11
[16],0,"lr3e-05,wd0.0",1,"lr=1e-05, wd=0.0",-0.29,12
[16],0,"lr3e-05,wd0.01",3,"lr=3e-05, wd=0.0",-1.2876,1
[16],0,"lr3e-05,wd0.01",4,"lr=3e-05, wd=0.01",-1.11,2
[16],0,"lr3e-05,wd0.01",6,"lr=1e-04, wd=0.01",-1.0893,3
[16],0,"lr3e-05,wd0.01",5,"lr=1e-04, wd=0.0",-1.0776,4
[16],0,"lr3e-05,wd0.01",8,"lr=3e-04, wd=0.01",-0.9163,5
[16],0,"lr3e-05,wd0.01",7,"lr=3e-04, wd=0.0",-0.9108,6
[16],0,"lr3e-05,wd0.01",9,"lr=0.001, wd=0.0",-0.7866,7
[16],0,"lr3e-05,wd0.01",12,"lr=0.003, wd=0.01",-0.7762,8
[16],0,"lr3e-05,wd0.01",10,"lr=0.001, wd=0.01",-0.7673,9
[16],0,"lr3e-05,wd0.01",11,"lr=0.003, wd=0.0",-0.7437,10
[16],0,"lr3e-05,wd0.01",1,"lr=1e-05, wd=0.0",-0.7067,11
[16],0,"lr3e-05,wd0.01",2,"lr=1e-05, wd=0.01",-0.6996,12
[16],0,"lr0.0001,wd0.0",3,"lr=3e-05, wd=0.0",-1.0926,1
[16],0,"lr0.0001,wd0.0",5,"lr=1e-04, wd=0.0",-1.0624,2
[16],0,"lr0.0001,wd0.0",6,"lr=1e-04, wd=0.01",-1.042,3
[16],0,"lr0.0001,wd0.0",4,"lr=3e-05, wd=0.01",-0.9544,4
[16],0,"lr0.0001,wd0.0",7,"lr=3e-04, wd=0.0",-0.9411,5
[16],0,"lr0.0001,wd0.0",8,"lr=3e-04, wd=0.01",-0.9207,6
[16],0,"lr0.0001,wd0.0",9,"lr=0.001, wd=0.0",-0.8707,7
[16],0,"lr0.0001,wd0.0",11,"lr=0.003, wd=0.0",-0.8218,8
[16],0,"lr0.0001,wd0.0",12,"lr=0.003, wd=0.01",-0.8089,9
[16],0,"lr0.0001,wd0.0",10,"lr=0.001, wd=0.01",-0.8026,10
[16],0,"lr0.0001,wd0.0",2,"lr=1e-05, wd=0.01",-0.2895,11
[16],0,"lr0.0001,wd0.0",1,"lr=1e-05, wd=0.0",-0.1406,12
[16],0,"lr0.0001,wd0.01",3,"lr=3e-05, wd=0.0",-1.2244,1
[16],0,"lr0.0001,wd0.01",6,"lr=1e-04, wd=0.01",-1.0827,2
[16],0,"lr0.0001,wd0.01",5,"lr=1e-04, wd=0.0",-1.0789,3
[16],0,"lr0.0001,wd0.01",4,"lr=3e-05, wd=0.01",-1.0528,4
[16],0,"lr0.0001,wd0.01",8,"lr=3e-04, wd=0.01",-0.9407,5
[16],0,"lr0.0001,wd0.01",7,"lr=3e-04, wd=0.0",-0.9384,6
[16],0,"lr0.0001,wd0.01",9,"lr=0.001, wd=0.0",-0.8521,7
[16],0,"lr0.0001,wd0.01",12,"lr=0.003, wd=0.01",-0.8246,8
[16],0,"lr0.0001,wd0.01",10,"lr=0.001, wd=0.01",-0.8171,9
[16],0,"lr0.0001,wd0.01",11,"lr=0.003, wd=0.0",-0.8082,10
[16],0,"lr0.0001,wd0.01",2,"lr=1e-05, wd=0.01",-0.5504,11
[16],0,"lr0.0001,wd0.01",1,"lr=1e-05, wd=0.0",-0.5088,12
[16],0,"lr0.0003,wd0.0",3,"lr=3e-05, wd=0.0",-1.1265,1
[16],0,"lr0.0003,wd0.0",5,"lr=1e-04, wd=0.0",-1.0763,2
[16],0,"lr0.0003,wd0.0",6,"lr=1e-04, wd=0.01",-1.0585,3
[16],0,"lr0.0003,wd0.0",4,"lr=3e-05, wd=0.01",-0.9857,4
[16],0,"lr0.0003,wd0.0",7,"lr=3e-04, wd=0.0",-0.9592,5
[16],0,"lr0.0003,wd0.0",8,"lr=3e-04, wd=0.01",-0.9402,6
[16],0,"lr0.0003,wd0.0",9,"lr=0.001, wd=0.0",-0.9195,7
[16],0,"lr0.0003,wd0.0",11,"lr=0.003, wd=0.0",-0.9081,8
[16],0,"lr0.0003,wd0.0",12,"lr=0.003, wd=0.01",-0.8699,9
[16],0,"lr0.0003,wd0.0",10,"lr=0.001, wd=0.01",-0.8564,10
[16],0,"lr0.0003,wd0.0",2,"lr=1e-05, wd=0.01",-0.4379,11
[16],0,"lr0.0003,wd0.0",1,"lr=1e-05, wd=0.0",-0.2967,12
[16],0,"lr0.0003,wd0.01",3,"lr=3e-05, wd=0.0",-1.2246,1
[16],0,"lr0.0003,wd0.01",5,"lr=1e-04, wd=0.0",-1.0856,2
[16],0,"lr0.0003,wd0.01",6,"lr=1e-04, wd=0.01",-1.0853,3
[16],0,"lr0.0003,wd0.01",4,"lr=3e-05, wd=0.01",-1.0477,4
[16],0,"lr0.0003,wd0.01",8,"lr=3e-04, wd=0.01",-0.9518,5
[16],0,"lr0.0003,wd0.01",7,"lr=3e-04, wd=0.0",-0.9511,6
[16],0,"lr0.0003,wd0.01",9,"lr=0.001, wd=0.0",-0.9008,7
[16],0,"lr0.0003,wd0.01",11,"lr=0.003, wd=0.0",-0.8906,8
[16],0,"lr0.0003,wd0.01",12,"lr=0.003, wd=0.01",-0.8867,9
[16],0,"lr0.0003,wd0.01",10,"lr=0.001, wd=0.01",-0.8683,10
[16],0,"lr0.0003,wd0.01",2,"lr=1e-05, wd=0.01",-0.6087,11
[16],0,"lr0.0003,wd0.01",1,"lr=1e-05, wd=0.0",-0.5619,12
[16],0,"lr0.001,wd0.0",3,"lr=3e-05, wd=0.0",-1.1367,1
[16],0,"lr0.001,wd0.0",5,"lr=1e-04, wd=0.0",-1.0739,2
[16],0,"lr0.001,wd0.0",6,"lr=1e-04, wd=0.01",-1.0575,3
[16],0,"lr0.001,wd0.0",4,"lr=3e-05, wd=0.01",-0.9907,4
[16],0,"lr0.001,wd0.0",7,"lr=3e-04, wd=0.0",-0.9575,5
[16],0,"lr0.001,wd0.0",11,"lr=0.003, wd=0.0",-0.9563,6
[16],0,"lr0.001,wd0.0",8,"lr=3e-04, wd=0.01",-0.9396,7
[16],0,"lr0.001,wd0.0",9,"lr=0.001, wd=0.0",-0.936,8
[16],0,"lr0.001,wd0.0",12,"lr=0.003, wd=0.01",-0.9339,9
[16],0,"lr0.001,wd0.0",10,"lr=0.001, wd=0.01",-0.8825,10
[16],0,"lr0.001,wd0.0",2,"lr=1e-05, wd=0.01",-0.5665,11
[16],0,"lr0.001,wd0.0",1,"lr=1e-05, wd=0.0",-0.4642,12
[16],0,"lr0.001,wd0.01",3,"lr=3e-05, wd=0.0",-1.2666,1
[16],0,"lr0.001,wd0.01",6,"lr=1e-04, wd=0.01",-1.0985,2
[16],0,"lr0.001,wd0.01",5,"lr=1e-04, wd=0.0",-1.0977,3
[16],0,"lr0.001,wd0.01",4,"lr=3e-05, wd=0.01",-1.075,4
[16],0,"lr0.001,wd0.01",12,"lr=0.003, wd=0.01",-0.9601,5
[16],0,"lr0.001,wd0.01",7,"lr=3e-04, wd=0.0",-0.9576,6
[16],0,"lr0.001,wd0.01",8,"lr=3e-04, wd=0.01",-0.9566,7
[16],0,"lr0.001,wd0.01",11,"lr=0.003, wd=0.0",-0.9458,8
[16],0,"lr0.001,wd0.01",9,"lr=0.001, wd=0.0",-0.9216,9
[16],0,"lr0.001,wd0.01",10,"lr=0.001, wd=0.01",-0.8974,10
[16],0,"lr0.001,wd0.01",2,"lr=1e-05, wd=0.01",-0.7945,11
[16],0,"lr0.001,wd0.01",1,"lr=1e-05, wd=0.0",-0.7896,12
[16],0,"lr0.003,wd0.0",3,"lr=3e-05, wd=0.0",-1.15,1
[16],0,"lr0.003,wd0.0",5,"lr=1e-04, wd=0.0",-1.0674,2
[16],0,"lr0.003,wd0.0",6,"lr=1e-04, wd=0.01",-1.054,3
[16],0,"lr0.003,wd0.0",4,"lr=3e-05, wd=0.01",-0.9944,4
[16],0,"lr0.003,wd0.0",11,"lr=0.003, wd=0.0",-0.9755,5
[16],0,"lr0.003,wd0.0",12,"lr=0.003, wd=0.01",-0.9657,6
[16],0,"lr0.003,wd0.0",7,"lr=3e-04, wd=0.0",-0.951,7
[16],0,"lr0.003,wd0.0",8,"lr=3e-04, wd=0.01",-0.9338,8
[16],0,"lr0.003,wd0.0",9,"lr=0.001, wd=0.0",-0.932,9
[16],0,"lr0.003,wd0.0",10,"lr=0.001, wd=0.01",-0.8828,10
[16],0,"lr0.003,wd0.0",2,"lr=1e-05, wd=0.01",-0.691,11
[16],0,"lr0.003,wd0.0",1,"lr=1e-05, wd=0.0",-0.6495,12
[16],0,"lr0.003,wd0.01",3,"lr=3e-05, wd=0.0",-1.2803,1
[16],0,"lr0.003,wd0.01",6,"lr=1e-04, wd=0.01",-1.0964,2
[16],0,"lr0.003,wd0.01",5,"lr=1e-04, wd=0.0",-1.0907,3
[16],0,"lr0.003,wd0.01",4,"lr=3e-05, wd=0.01",-1.0884,4
[16],0,"lr0.003,wd0.01",1,"lr=1e-05, wd=0.0",-0.9909,5
[16],0,"lr0.003,wd0.01",12,"lr=0.003, wd=0.01",-0.9881,6
[16],0,"lr0.003,wd0.01",11,"lr=0.003, wd=0.0",-0.9598,7
[16],0,"lr0.003,wd0.01",2,"lr=1e-05, wd=0.01",-0.9496,8
[16],0,"lr0.003,wd0.01",7,"lr=3e-04, wd=0.0",-0.949,9
[16],0,"lr0.003,wd0.01",8,"lr=3e-04, wd=0.01",-0.9485,10
[16],0,"lr0.003,wd0.01",9,"lr=0.001, wd=0.0",-0.9136,11
[16],0,"lr0.003,wd0.01",10,"lr=0.001, wd=0.01",-0.8915,12
[16],5,"lr1e-05,wd0.0",5,"lr=1e-04, wd=0.0",-2.7428,1
[16],5,"lr1e-05,wd0.0",6,"lr=1e-04, wd=0.01",-2.5754,2
[16],5,"lr1e-05,wd0.0",7,"lr=3e-04, wd=0.0",-2.3506,3
[16],5,"lr1e-05,wd0.0",9,"lr=0.001, wd=0.0",-2.321,4
[16],5,"lr1e-05,wd0.0",8,"lr=3e-04, wd=0.01",-2.2916,5
[16],5,"lr1e-05,wd0.0",11,"lr=0.003, wd=0.0",-2.2163,6
[16],5,"lr1e-05,wd0.0",10,"lr=0.001, wd=0.01",-2.1173,7
[16],5,"lr1e-05,wd0.0",3,"lr=3e-05, wd=0.0",-2.0418,8
[16],5,"lr1e-05,wd0.0",4,"lr=3e-05, wd=0.01",-1.9566,9
[16],5,"lr1e-05,wd0.0",12,"lr=0.003, wd=0.01",-1.9027,10
[16],5,"lr1e-05,wd0.0",1,"lr=1e-05, wd=0.0",-1.7308,11
[16],5,"lr1e-05,wd0.0",2,"lr=1e-05, wd=0.01",-1.7219,12
[16],5,"lr1e-05,wd0.01",5,"lr=1e-04, wd=0.0",-3.0591,1
[16],5,"lr1e-05,wd0.01",6,"lr=1e-04, wd=0.01",-2.8148,2
[16],5,"lr1e-05,wd0.01",7,"lr=3e-04, wd=0.0",-2.5767,3
[16],5,"lr1e-05,wd0.01",8,"lr=3e-04, wd=0.01",-2.426,4
[16],5,"lr1e-05,wd0.01",9,"lr=0.001, wd=0.0",-2.3963,5
[16],5,"lr1e-05,wd0.01",11,"lr=0.003, wd=0.0",-2.2662,6
[16],5,"lr1e-05,wd0.01",10,"lr=0.001, wd=0.01",-2.2067,7
[16],5,"lr1e-05,wd0.01",3,"lr=3e-05, wd=0.0",-2.1896,8
[16],5,"lr1e-05,wd0.01",4,"lr=3e-05, wd=0.01",-2.0874,9
[16],5,"lr1e-05,wd0.01",12,"lr=0.003, wd=0.01",-1.9493,10
[16],5,"lr1e-05,wd0.01",1,"lr=1e-05, wd=0.0",-1.7753,11
[16],5,"lr1e-05,wd0.01",2,"lr=1e-05, wd=0.01",-1.7555,12
[16],5,"lr3e-05,wd0.0",9,"lr=0.001, wd=0.0",-2.3602,1
[16],5,"lr3e-05,wd0.0",8,"lr=3e-04, wd=0.01",-2.3599,2
[16],5,"lr3e-05,wd0.0",5,"lr=1e-04, wd=0.0",-2.3115,3
[16],5,"lr3e-05,wd0.0",11,"lr=0.003, wd=0.0",-2.2552,4
[16],5,"lr3e-05,wd0.0",6,"lr=1e-04, wd=0.01",-2.2329,5
[16],5,"lr3e-05,wd0.0",10,"lr=0.001, wd=0.01",-2.1238,6
[16],5,"lr3e-05,wd0.0",7,"lr=3e-04, wd=0.0",-2.1207,7
[16],5,"lr3e-05,wd0.0",3,"lr=3e-05, wd=0.0",-2.0744,8
[16],5,"lr3e-05,wd0.0",4,"lr=3e-05, wd=0.01",-1.9497,9
[16],5,"lr3e-05,wd0.0",12,"lr=0.003, wd=0.01",-1.8669,10
[16],5,"lr3e-05,wd0.0",1,"lr=1e-05, wd=0.0",-1.7513,11
[16],5,"lr3e-05,wd0.0",2,"lr=1e-05, wd=0.01",-1.7053,12
[16],5,"lr3e-05,wd0.01",8,"lr=3e-04, wd=0.01",-2.8052,1
[16],5,"lr3e-05,wd0.01",7,"lr=3e-04, wd=0.0",-2.7691,2
[16],5,"lr3e-05,wd0.01",9,"lr=0.001, wd=0.0",-2.7559,3
[16],5,"lr3e-05,wd0.01",5,"lr=1e-04, wd=0.0",-2.66,4
[16],5,"lr3e-05,wd0.01",6,"lr=1e-04, wd=0.01",-2.5255,5
[16],5,"lr3e-05,wd0.01",11,"lr=0.003, wd=0.0",-2.5152,6
[16],5,"lr3e-05,wd0.01",10,"lr=0.001, wd=0.01",-2.3987,7
[16],5,"lr3e-05,wd0.01",3,"lr=3e-05, wd=0.0",-2.1796,8
[16],5,"lr3e-05,wd0.01",4,"lr=3e-05, wd=0.01",-2.0706,9
[16],5,"lr3e-05,wd0.01",12,"lr=0.003, wd=0.01",-2.0183,10
[16],5,"lr3e-05,wd0.01",1,"lr=1e-05, wd=0.0",-1.8127,11
[16],5,"lr3e-05,wd0.01",2,"lr=1e-05, wd=0.01",-1.7685,12
[16],5,"lr0.0001,wd0.0",9,"lr=0.001, wd=0.0",-2.3517,1
[16],5,"lr0.0001,wd0.0",7,"lr=3e-04, wd=0.0",-2.2643,2
[16],5,"lr0.0001,wd0.0",11,"lr=0.003, wd=0.0",-2.2318,3
[16],5,"lr0.0001,wd0.0",8,"lr=3e-04, wd=0.01",-2.2014,4
[16],5,"lr0.0001,wd0.0",5,"lr=1e-04, wd=0.0",-2.1801,5
[16],5,"lr0.0001,wd0.0",6,"lr=1e-04, wd=0.01",-2.1413,6
[16],5,"lr0.0001,wd0.0",10,"lr=0.001, wd=0.01",-1.9999,7
[16],5,"lr0.0001,wd0.0",12,"lr=0.003, wd=0.01",-1.9747,8
[16],5,"lr0.0001,wd0.0",3,"lr=3e-05, wd=0.0",-1.9314,9
[16],5,"lr0.0001,wd0.0",4,"lr=3e-05, wd=0.01",-1.8181,10
[16],5,"lr0.0001,wd0.0",1,"lr=1e-05, wd=0.0",-1.6616,11
[16],5,"lr0.0001,wd0.0",2,"lr=1e-05, wd=0.01",-1.6391,12
[16],5,"lr0.0001,wd0.01",9,"lr=0.001, wd=0.0",-2.849,1
[16],5,"lr0.0001,wd0.01",11,"lr=0.003, wd=0.0",-2.6739,2
[16],5,"lr0.0001,wd0.01",7,"lr=3e-04, wd=0.0",-2.5592,3
[16],5,"lr0.0001,wd0.01",8,"lr=3e-04, wd=0.01",-2.4673,4
[16],5,"lr0.0001,wd0.01",10,"lr=0.001, wd=0.01",-2.3957,5
[16],5,"lr0.0001,wd0.01",5,"lr=1e-04, wd=0.0",-2.3693,6
[16],5,"lr0.0001,wd0.01",6,"lr=1e-04, wd=0.01",-2.3245,7
[16],5,"lr0.0001,wd0.01",12,"lr=0.003, wd=0.01",-2.1884,8
[16],5,"lr0.0001,wd0.01",3,"lr=3e-05, wd=0.0",-2.0516,9
[16],5,"lr0.0001,wd0.01",4,"lr=3e-05, wd=0.01",-1.9552,10
[16],5,"lr0.0001,wd0.01",1,"lr=1e-05, wd=0.0",-1.7395,11
[16],5,"lr0.0001,wd0.01",2,"lr=1e-05, wd=0.01",-1.7144,12
[16],5,"lr0.0003,wd0.0",9,"lr=0.001, wd=0.0",-2.2406,1
[16],5,"lr0.0003,wd0.0",7,"lr=3e-04, wd=0.0",-2.2153,2
[16],5,"lr0.0003,wd0.0",11,"lr=0.003, wd=0.0",-2.1934,3
[16],5,"lr0.0003,wd0.0",8,"lr=3e-04, wd=0.01",-2.1234,4
[16],5,"lr0.0003,wd0.0",5,"lr=1e-04, wd=0.0",-2.0453,5
[16],5,"lr0.0003,wd0.0",10,"lr=0.001, wd=0.01",-2.0159,6
[16],5,"lr0.0003,wd0.0",12,"lr=0.003, wd=0.01",-1.9763,7
[16],5,"lr0.0003,wd0.0",6,"lr=1e-04, wd=0.01",-1.9643,8
[16],5,"lr0.0003,wd0.0",3,"lr=3e-05, wd=0.0",-1.7462,9
[16],5,"lr0.0003,wd0.0",4,"lr=3e-05, wd=0.01",-1.6578,10
[16],5,"lr0.0003,wd0.0",1,"lr=1e-05, wd=0.0",-1.5664,11
[16],5,"lr0.0003,wd0.0",2,"lr=1e-05, wd=0.01",-1.5551,12
[16],5,"lr0.0003,wd0.01",9,"lr=0.001, wd=0.0",-2.8395,1
[16],5,"lr0.0003,wd0.01",11,"lr=0.003, wd=0.0",-2.7504,2
[16],5,"lr0.0003,wd0.01",7,"lr=3e-04, wd=0.0",-2.5044,3
[16],5,"lr0.0003,wd0.01",8,"lr=3e-04, wd=0.01",-2.4265,4
[16],5,"lr0.0003,wd0.01",10,"lr=0.001, wd=0.01",-2.4252,5
[16],5,"lr0.0003,wd0.01",5,"lr=1e-04, wd=0.0",-2.3207,6
[16],5,"lr0.0003,wd0.01",6,"lr=1e-04, wd=0.01",-2.2798,7
[16],5,"lr0.0003,wd0.01",12,"lr=0.003, wd=0.01",-2.2764,8
[16],5,"lr0.0003,wd0.01",3,"lr=3e-05, wd=0.0",-1.9373,9
[16],5,"lr0.0003,wd0.01",4,"lr=3e-05, wd=0.01",-1.856,10
[16],5,"lr0.0003,wd0.01",1,"lr=1e-05, wd=0.0",-1.742,11
[16],5,"lr0.0003,wd0.01",2,"lr=1e-05, wd=0.01",-1.7325,12
[16],5,"lr0.001,wd0.0",9,"lr=0.001, wd=0.0",-2.2388,1
[16],5,"lr0.001,wd0.0",11,"lr=0.003, wd=0.0",-2.2256,2
[16],5,"lr0.001,wd0.0",7,"lr=3e-04, wd=0.0",-2.0902,3
[16],5,"lr0.001,wd0.0",10,"lr=0.001, wd=0.01",-1.9892,4
[16],5,"lr0.001,wd0.0",8,"lr=3e-04, wd=0.01",-1.9764,5
[16],5,"lr0.001,wd0.0",12,"lr=0.003, wd=0.01",-1.9566,6
[16],5,"lr0.001,wd0.0",5,"lr=1e-04, wd=0.0",-1.807,7
[16],5,"lr0.001,wd0.0",6,"lr=1e-04, wd=0.01",-1.7605,8
[16],5,"lr0.001,wd0.0",3,"lr=3e-05, wd=0.0",-1.5517,9
[16],5,"lr0.001,wd0.0",2,"lr=1e-05, wd=0.01",-1.5012,10
[16],5,"lr0.001,wd0.0",4,"lr=3e-05, wd=0.01",-1.5003,11
[16],5,"lr0.001,wd0.0",1,"lr=1e-05, wd=0.0",-1.4973,12
[16],5,"lr0.001,wd0.01",11,"lr=0.003, wd=0.0",-2.9055,1
[16],5,"lr0.001,wd0.01",9,"lr=0.001, wd=0.0",-2.8665,2
[16],5,"lr0.001,wd0.01",10,"lr=0.001, wd=0.01",-2.0699,3
[16],5,"lr0.001,wd0.01",7,"lr=3e-04, wd=0.0",-2.01,4
[16],5,"lr0.001,wd0.01",12,"lr=0.003, wd=0.01",-1.8794,5
[16],5,"lr0.001,wd0.01",8,"lr=3e-04, wd=0.01",-1.86,6
[16],5,"lr0.001,wd0.01",5,"lr=1e-04, wd=0.0",-1.6204,7
[16],5,"lr0.001,wd0.01",6,"lr=1e-04, wd=0.01",-1.5884,8
[16],5,"lr0.001,wd0.01",3,"lr=3e-05, wd=0.0",-1.3597,9
[16],5,"lr0.001,wd0.01",4,"lr=3e-05, wd=0.01",-1.3294,10
[16],5,"lr0.001,wd0.01",1,"lr=1e-05, wd=0.0",-1.3178,11
[16],5,"lr0.001,wd0.01",2,"lr=1e-05, wd=0.01",-1.3076,12
[16],5,"lr0.003,wd0.0",9,"lr=0.001, wd=0.0",-2.2351,1
[16],5,"lr0.003,wd0.0",11,"lr=0.003, wd=0.0",-2.23,2
[16],5,"lr0.003,wd0.0",10,"lr=0.001, wd=0.01",-1.8869,3
[16],5,"lr0.003,wd0.0",7,"lr=3e-04, wd=0.0",-1.886,4
[16],5,"lr0.003,wd0.0",12,"lr=0.003, wd=0.01",-1.8508,5
[16],5,"lr0.003,wd0.0",8,"lr=3e-04, wd=0.01",-1.7692,6
[16],5,"lr0.003,wd0.0",5,"lr=1e-04, wd=0.0",-1.6169,7
[16],5,"lr0.003,wd0.0",6,"lr=1e-04, wd=0.01",-1.5768,8
[16],5,"lr0.003,wd0.0",3,"lr=3e-05, wd=0.0",-1.3905,9
[16],5,"lr0.003,wd0.0",4,"lr=3e-05, wd=0.01",-1.3406,10
[16],5,"lr0.003,wd0.0",1,"lr=1e-05, wd=0.0",-1.2977,11
[16],5,"lr0.003,wd0.0",2,"lr=1e-05, wd=0.01",-1.2887,12
[16],5,"lr0.003,wd0.01",11,"lr=0.003, wd=0.0",-2.4366,1
[16],5,"lr0.003,wd0.01",10,"lr=0.001, wd=0.01",-2.3413,2
[16],5,"lr0.003,wd0.01",9,"lr=0.001, wd=0.0",-2.2955,3
[16],5,"lr0.003,wd0.01",12,"lr=0.003, wd=0.01",-2.2449,4
[16],5,"lr0.003,wd0.01",2,"lr=1e-05, wd=0.01",-1.9724,5
[16],5,"lr0.003,wd0.01",7,"lr=3e-04, wd=0.0",-1.95,6
[16],5,"lr0.003,wd0.01",1,"lr=1e-05, wd=0.0",-1.9363,7
[16],5,"lr0.003,wd0.01",8,"lr=3e-04, wd=0.01",-1.8913,8
[16],5,"lr0.003,wd0.01",6,"lr=1e-04, wd=0.01",-1.86,9
[16],5,"lr0.003,wd0.01",5,"lr=1e-04, wd=0.0",-1.7922,10
[16],5,"lr0.003,wd0.01",4,"lr=3e-05, wd=0.01",-1.7803,11
[16],5,"lr0.003,wd0.01",3,"lr=3e-05, wd=0.0",-1.7313,12
[16],10,"lr1e-05,wd0.0",9,"lr=0.001, wd=0.0",-2.694,1
[16],10,"lr1e-05,wd0.0",11,"lr=0.003, wd=0.0",-2.5868,2
[16],10,"lr1e-05,wd0.0",10,"lr=0.001, wd=0.01",-2.4153,3
[16],10,"lr1e-05,wd0.0",3,"lr=3e-05, wd=0.0",-2.3101,4
[16],10,"lr1e-05,wd0.0",8,"lr=3e-04, wd=0.01",-2.2766,5
[16],10,"lr1e-05,wd0.0",4,"lr=3e-05, wd=0.01",-2.2371,6
[16],10,"lr1e-05,wd0.0",12,"lr=0.003, wd=0.01",-2.1938,7
[16],10,"lr1e-05,wd0.0",1,"lr=1e-05, wd=0.0",-2.1554,8
[16],10,"lr1e-05,wd0.0",2,"lr=1e-05, wd=0.01",-2.1309,9
[16],10,"lr1e-05,wd0.0",7,"lr=3e-04, wd=0.0",-1.9731,10
[16],10,"lr1e-05,wd0.0",6,"lr=1e-04, wd=0.01",-1.733,11
[16],10,"lr1e-05,wd0.0",5,"lr=1e-04, wd=0.0",-1.5285,12
[16],10,"lr1e-05,wd0.01",9,"lr=0.001, wd=0.0",-2.8285,1
[16],10,"lr1e-05,wd0.01",8,"lr=3e-04, wd=0.01",-2.757,2
[16],10,"lr1e-05,wd0.01",11,"lr=0.003, wd=0.0",-2.7231,3
[16],10,"lr1e-05,wd0.01",5,"lr=1e-04, wd=0.0",-2.6785,4
[16],10,"lr1e-05,wd0.01",7,"lr=3e-04, wd=0.0",-2.6587,5
[16],10,"lr1e-05,wd0.01",10,"lr=0.001, wd=0.01",-2.5457,6
[16],10,"lr1e-05,wd0.01",6,"lr=1e-04, wd=0.01",-2.4984,7
[16],10,"lr1e-05,wd0.01",3,"lr=3e-05, wd=0.0",-2.408,8
[16],10,"lr1e-05,wd0.01",4,"lr=3e-05, wd=0.01",-2.3456,9
[16],10,"lr1e-05,wd0.01",12,"lr=0.003, wd=0.01",-2.3077,10
[16],10,"lr1e-05,wd0.01",1,"lr=1e-05, wd=0.0",-2.2059,11
[16],10,"lr1e-05,wd0.01",2,"lr=1e-05, wd=0.01",-2.1966,12
[16],10,"lr3e-05,wd0.0",9,"lr=0.001, wd=0.0",-2.7724,1
[16],10,"lr3e-05,wd0.0",8,"lr=3e-04, wd=0.01",-2.6615,2
[16],10,"lr3e-05,wd0.0",11,"lr=0.003, wd=0.0",-2.6493,3
[16],10,"lr3e-05,wd0.0",5,"lr=1e-04, wd=0.0",-2.6133,4
[16],10,"lr3e-05,wd0.0",3,"lr=3e-05, wd=0.0",-2.5951,5
[16],10,"lr3e-05,wd0.0",6,"lr=1e-04, wd=0.01",-2.5657,6
[16],10,"lr3e-05,wd0.0",4,"lr=3e-05, wd=0.01",-2.4635,7
[16],10,"lr3e-05,wd0.0",10,"lr=0.001, wd=0.01",-2.3631,8
[16],10,"lr3e-05,wd0.0",7,"lr=3e-04, wd=0.0",-2.3561,9
[16],10,"lr3e-05,wd0.0",1,"lr=1e-05, wd=0.0",-2.22,10
[16],10,"lr3e-05,wd0.0",2,"lr=1e-05, wd=0.01",-2.1769,11
[16],10,"lr3e-05,wd0.0",12,"lr=0.003, wd=0.01",-2.0911,12
[16],10,"lr3e-05,wd0.01",9,"lr=0.001, wd=0.0",-3.3619,1
[16],10,"lr3e-05,wd0.01",8,"lr=3e-04, wd=0.01",-3.3247,2
[16],10,"lr3e-05,wd0.01",7,"lr=3e-04, wd=0.0",-3.2998,3
[16],10,"lr3e-05,wd0.01",5,"lr=1e-04, wd=0.0",-3.0608,4
[16],10,"lr3e-05,wd0.01",11,"lr=0.003, wd=0.0",-2.997,5
[16],10,"lr3e-05,wd0.01",6,"lr=1e-04, wd=0.01",-2.9286,6
[16],10,"lr3e-05,wd0.01",10,"lr=0.001, wd=0.01",-2.6957,7
[16],10,"lr3e-05,wd0.01",3,"lr=3e-05, wd=0.0",-2.6898,8
[16],10,"lr3e-05,wd0.01",4,"lr=3e-05, wd=0.01",-2.561,9
[16],10,"lr3e-05,wd0.01",1,"lr=1e-05, wd=0.0",-2.2973,10
[16],10,"lr3e-05,wd0.01",2,"lr=1e-05, wd=0.01",-2.2536,11
[16],10,"lr3e-05,wd0.01",12,"lr=0.003, wd=0.01",-2.2164,12
[16],10,"lr0.0001,wd0.0",7,"lr=3e-04, wd=0.0",-2.6022,1
[16],10,"lr0.0001,wd0.0",9,"lr=0.001, wd=0.0",-2.5964,2
[16],10,"lr0.0001,wd0.0",5,"lr=1e-04, wd=0.0",-2.5592,3
[16],10,"lr0.0001,wd0.0",8,"lr=3e-04, wd=0.01",-2.5352,4
[16],10,"lr0.0001,wd0.0",6,"lr=1e-04, wd=0.01",-2.4873,5
[16],10,"lr0.0001,wd0.0",11,"lr=0.003, wd=0.0",-2.438,6
[16],10,"lr0.0001,wd0.0",3,"lr=3e-05, wd=0.0",-2.3831,7
[16],10,"lr0.0001,wd0.0",10,"lr=0.001, wd=0.01",-2.2699,8
[16],10,"lr0.0001,wd0.0",4,"lr=3e-05, wd=0.01",-2.2467,9
[16],10,"lr0.0001,wd0.0",12,"lr=0.003, wd=0.01",-2.2185,10
[16],10,"lr0.0001,wd0.0",1,"lr=1e-05, wd=0.0",-2.0217,11
[16],10,"lr0.0001,wd0.0",2,"lr=1e-05, wd=0.01",-2.0015,12
[16],10,"lr0.0001,wd0.01",9,"lr=0.001, wd=0.0",-3.3908,1
[16],10,"lr0.0001,wd0.01",11,"lr=0.003, wd=0.0",-3.0739,2
[16],10,"lr0.0001,wd0.01",7,"lr=3e-04, wd=0.0",-3.0287,3
[16],10,"lr0.0001,wd0.01",8,"lr=3e-04, wd=0.01",-2.9036,4
[16],10,"lr0.0001,wd0.01",5,"lr=1e-04, wd=0.0",-2.8563,5
[16],10,"lr0.0001,wd0.01",6,"lr=1e-04, wd=0.01",-2.7999,6
[16],10,"lr0.0001,wd0.01",10,"lr=0.001, wd=0.01",-2.711,7
[16],10,"lr0.0001,wd0.01",3,"lr=3e-05, wd=0.0",-2.649,8
[16],10,"lr0.0001,wd0.01",4,"lr=3e-05, wd=0.01",-2.5216,9
[16],10,"lr0.0001,wd0.01",12,"lr=0.003, wd=0.01",-2.4874,10
[16],10,"lr0.0001,wd0.01",1,"lr=1e-05, wd=0.0",-2.2354,11
[16],10,"lr0.0001,wd0.01",2,"lr=1e-05, wd=0.01",-2.2063,12
[16],10,"lr0.0003,wd0.0",9,"lr=0.001, wd=0.0",-2.4437,1
[16],10,"lr0.0003,wd0.0",11,"lr=0.003, wd=0.0",-2.3896,2
[16],10,"lr0.0003,wd0.0",7,"lr=3e-04, wd=0.0",-2.3872,3
[16],10,"lr0.0003,wd0.0",8,"lr=3e-04, wd=0.01",-2.3203,4
[16],10,"lr0.0003,wd0.0",5,"lr=1e-04, wd=0.0",-2.2863,5
[16],10,"lr0.0003,wd0.0",10,"lr=0.001, wd=0.01",-2.2522,6
[16],10,"lr0.0003,wd0.0",6,"lr=1e-04, wd=0.01",-2.238,7
[16],10,"lr0.0003,wd0.0",12,"lr=0.003, wd=0.01",-2.1785,8
[16],10,"lr0.0003,wd0.0",3,"lr=3e-05, wd=0.0",-2.0464,9
[16],10,"lr0.0003,wd0.0",4,"lr=3e-05, wd=0.01",-1.9717,10
[16],10,"lr0.0003,wd0.0",1,"lr=1e-05, wd=0.0",-1.831,11
[16],10,"lr0.0003,wd0.0",2,"lr=1e-05, wd=0.01",-1.8292,12
[16],10,"lr0.0003,wd0.01",9,"lr=0.001, wd=0.0",-3.4159,1
[16],10,"lr0.0003,wd0.01",11,"lr=0.003, wd=0.0",-3.1606,2
[16],10,"lr0.0003,wd0.01",7,"lr=3e-04, wd=0.0",-2.9092,3
[16],10,"lr0.0003,wd0.01",10,"lr=0.001, wd=0.01",-2.8226,4
[16],10,"lr0.0003,wd0.01",8,"lr=3e-04, wd=0.01",-2.8138,5
[16],10,"lr0.0003,wd0.01",5,"lr=1e-04, wd=0.0",-2.6805,6
[16],10,"lr0.0003,wd0.01",12,"lr=0.003, wd=0.01",-2.6781,7
[16],10,"lr0.0003,wd0.01",6,"lr=1e-04, wd=0.01",-2.6436,8
[16],10,"lr0.0003,wd0.01",3,"lr=3e-05, wd=0.0",-2.3416,9
[16],10,"lr0.0003,wd0.01",4,"lr=3e-05, wd=0.01",-2.2572,10
[16],10,"lr0.0003,wd0.01",1,"lr=1e-05, wd=0.0",-2.091,11
[16],10,"lr0.0003,wd0.01",2,"lr=1e-05, wd=0.01",-2.0876,12
[16],10,"lr0.001,wd0.0",9,"lr=0.001, wd=0.0",-2.4483,1
[16],10,"lr0.001,wd0.0",11,"lr=0.003, wd=0.0",-2.4185,2
[16],10,"lr0.001,wd0.0",7,"lr=3e-04, wd=0.0",-2.3635,3
[16],10,"lr0.001,wd0.0",8,"lr=3e-04, wd=0.01",-2.28,4
[16],10,"lr0.001,wd0.0",10,"lr=0.001, wd=0.01",-2.2638,5
[16],10,"lr0.001,wd0.0",5,"lr=1e-04, wd=0.0",-2.2631,6
[16],10,"lr0.001,wd0.0",12,"lr=0.003, wd=0.01",-2.2344,7
[16],10,"lr0.001,wd0.0",6,"lr=1e-04, wd=0.01",-2.2025,8
[16],10,"lr0.001,wd0.0",3,"lr=3e-05, wd=0.0",-2.0005,9
[16],10,"lr0.001,wd0.0",4,"lr=3e-05, wd=0.01",-1.9288,10
[16],10,"lr0.001,wd0.0",2,"lr=1e-05, wd=0.01",-1.8603,11
[16],10,"lr0.001,wd0.0",1,"lr=1e-05, wd=0.0",-1.8559,12
[16],10,"lr0.001,wd0.01",9,"lr=0.001, wd=0.0",-3.3259,1
[16],10,"lr0.001,wd0.01",11,"lr=0.003, wd=0.0",-3.2083,2
[16],10,"lr0.001,wd0.01",10,"lr=0.001, wd=0.01",-2.9043,3
[16],10,"lr0.001,wd0.01",7,"lr=3e-04, wd=0.0",-2.7903,4
[16],10,"lr0.001,wd0.01",8,"lr=3e-04, wd=0.01",-2.6753,5
[16],10,"lr0.001,wd0.01",12,"lr=0.003, wd=0.01",-2.6432,6
[16],10,"lr0.001,wd0.01",5,"lr=1e-04, wd=0.0",-2.5295,7
[16],10,"lr0.001,wd0.01",6,"lr=1e-04, wd=0.01",-2.4288,8
[16],10,"lr0.001,wd0.01",3,"lr=3e-05, wd=0.0",-2.0728,9
[16],10,"lr0.001,wd0.01",4,"lr=3e-05, wd=0.01",-1.9918,10
[16],10,"lr0.001,wd0.01",1,"lr=1e-05, wd=0.0",-1.8836,11
[16],10,"lr0.001,wd0.01",2,"lr=1e-05, wd=0.01",-1.8798,12
[16],10,"lr0.003,wd0.0",9,"lr=0.001, wd=0.0",-2.8423,1
[16],10,"lr0.003,wd0.0",11,"lr=0.003, wd=0.0",-2.7523,2
[16],10,"lr0.003,wd0.0",7,"lr=3e-04, wd=0.0",-2.6285,3
[16],10,"lr0.003,wd0.0",8,"lr=3e-04, wd=0.01",-2.5299,4
[16],10,"lr0.003,wd0.0",10,"lr=0.001, wd=0.01",-2.5036,5
[16],10,"lr0.003,wd0.0",5,"lr=1e-04, wd=0.0",-2.475,6
[16],10,"lr0.003,wd0.0",12,"lr=0.003, wd=0.01",-2.4569,7
[16],10,"lr0.003,wd0.0",6,"lr=1e-04, wd=0.01",-2.3934,8
[16],10,"lr0.003,wd0.0",3,"lr=3e-05, wd=0.0",-2.1057,9
[16],10,"lr0.003,wd0.0",4,"lr=3e-05, wd=0.01",-2.0264,10
[16],10,"lr0.003,wd0.0",2,"lr=1e-05, wd=0.01",-1.9713,11
[16],10,"lr0.003,wd0.0",1,"lr=1e-05, wd=0.0",-1.9651,12
[16],10,"lr0.003,wd0.01",10,"lr=0.001, wd=0.01",-3.3402,1
[16],10,"lr0.003,wd0.01",9,"lr=0.001, wd=0.0",-2.9427,2
[16],10,"lr0.003,wd0.01",7,"lr=3e-04, wd=0.0",-2.858,3
[16],10,"lr0.003,wd0.01",12,"lr=0.003, wd=0.01",-2.8431,4
[16],10,"lr0.003,wd0.01",8,"lr=3e-04, wd=0.01",-2.6377,5
[16],10,"lr0.003,wd0.01",11,"lr=0.003, wd=0.0",-2.4934,6
[16],10,"lr0.003,wd0.01",5,"lr=1e-04, wd=0.0",-2.0535,7
[16],10,"lr0.003,wd0.01",6,"lr=1e-04, wd=0.01",-2.0378,8
[16],10,"lr0.003,wd0.01",3,"lr=3e-05, wd=0.0",-1.7048,9
[16],10,"lr0.003,wd0.01",1,"lr=1e-05, wd=0.0",-1.6736,10
[16],10,"lr0.003,wd0.01",4,"lr=3e-05, wd=0.01",-1.6724,11
[16],10,"lr0.003,wd0.01",2,"lr=1e-05, wd=0.01",-1.6647,12
[16],20,"lr1e-05,wd0.0",8,"lr=3e-04, wd=0.01",-3.4581,1
[16],20,"lr1e-05,wd0.0",7,"lr=3e-04, wd=0.0",-3.4105,2
[16],20,"lr1e-05,wd0.0",9,"lr=0.001, wd=0.0",-3.1963,3
[16],20,"lr1e-05,wd0.0",6,"lr=1e-04, wd=0.01",-3.174,4
[16],20,"lr1e-05,wd0.0",11,"lr=0.003, wd=0.0",-3.0204,5
[16],20,"lr1e-05,wd0.0",5,"lr=1e-04, wd=0.0",-2.9541,6
[16],20,"lr1e-05,wd0.0",10,"lr=0.001, wd=0.01",-2.8616,7
[16],20,"lr1e-05,wd0.0",3,"lr=3e-05, wd=0.0",-2.8267,8
[16],20,"lr1e-05,wd0.0",4,"lr=3e-05, wd=0.01",-2.6713,9
[16],20,"lr1e-05,wd0.0",12,"lr=0.003, wd=0.01",-2.6011,10
[16],20,"lr1e-05,wd0.0",1,"lr=1e-05, wd=0.0",-2.2339,11
[16],20,"lr1e-05,wd0.0",2,"lr=1e-05, wd=0.01",-2.2141,12
[16],20,"lr1e-05,wd0.01",8,"lr=3e-04, wd=0.01",-3.6998,1
[16],20,"lr1e-05,wd0.01",7,"lr=3e-04, wd=0.0",-3.6354,2
[16],20,"lr1e-05,wd0.01",6,"lr=1e-04, wd=0.01",-3.5181,3
[16],20,"lr1e-05,wd0.01",5,"lr=1e-04, wd=0.0",-3.515,4
[16],20,"lr1e-05,wd0.01",9,"lr=0.001, wd=0.0",-3.2418,5
[16],20,"lr1e-05,wd0.01",11,"lr=0.003, wd=0.0",-3.0713,6
[16],20,"lr1e-05,wd0.01",10,"lr=0.001, wd=0.01",-2.9236,7
[16],20,"lr1e-05,wd0.01",3,"lr=3e-05, wd=0.0",-2.9147,8
[16],20,"lr1e-05,wd0.01",4,"lr=3e-05, wd=0.01",-2.7644,9
[16],20,"lr1e-05,wd0.01",12,"lr=0.003, wd=0.01",-2.6437,10
[16],20,"lr1e-05,wd0.01",1,"lr=1e-05, wd=0.0",-2.2715,11
[16],20,"lr1e-05,wd0.01",2,"lr=1e-05, wd=0.01",-2.2322,12
[16],20,"lr3e-05,wd0.0",7,"lr=3e-04, wd=0.0",-3.1499,1
[16],20,"lr3e-05,wd0.0",9,"lr=0.001, wd=0.0",-3.1046,2
[16],20,"lr3e-05,wd0.0",5,"lr=1e-04, wd=0.0",-3.1,3
[16],20,"lr3e-05,wd0.0",8,"lr=3e-04, wd=0.01",-3.0824,4
[16],20,"lr3e-05,wd0.0",6,"lr=1e-04, wd=0.01",-2.9804,5
[16],20,"lr3e-05,wd0.0",3,"lr=3e-05, wd=0.0",-2.9222,6
[16],20,"lr3e-05,wd0.0",11,"lr=0.003, wd=0.0",-2.8627,7
[16],20,"lr3e-05,wd0.0",4,"lr=3e-05, wd=0.01",-2.8319,8
[16],20,"lr3e-05,wd0.0",10,"lr=0.001, wd=0.01",-2.5957,9
[16],20,"lr3e-05,wd0.0",1,"lr=1e-05, wd=0.0",-2.5395,10
[16],20,"lr3e-05,wd0.0",2,"lr=1e-05, wd=0.01",-2.5095,11
[16],20,"lr3e-05,wd0.0",12,"lr=0.003, wd=0.01",-2.456,12
[16],20,"lr3e-05,wd0.01",9,"lr=0.001, wd=0.0",-3.7088,1
[16],20,"lr3e-05,wd0.01",8,"lr=3e-04, wd=0.01",-3.6566,2
[16],20,"lr3e-05,wd0.01",7,"lr=3e-04, wd=0.0",-3.5385,3
[16],20,"lr3e-05,wd0.01",5,"lr=1e-04, wd=0.0",-3.4123,4
[16],20,"lr3e-05,wd0.01",11,"lr=0.003, wd=0.0",-3.4058,5
[16],20,"lr3e-05,wd0.01",6,"lr=1e-04, wd=0.01",-3.2802,6
[16],20,"lr3e-05,wd0.01",10,"lr=0.001, wd=0.01",-3.153,7
[16],20,"lr3e-05,wd0.01",3,"lr=3e-05, wd=0.0",-3.047,8
[16],20,"lr3e-05,wd0.01",4,"lr=3e-05, wd=0.01",-2.9843,9
[16],20,"lr3e-05,wd0.01",12,"lr=0.003, wd=0.01",-2.6762,10
[16],20,"lr3e-05,wd0.01",1,"lr=1e-05, wd=0.0",-2.65,11
[16],20,"lr3e-05,wd0.01",2,"lr=1e-05, wd=0.01",-2.6251,12
[16],20,"lr0.0001,wd0.0",7,"lr=3e-04, wd=0.0",-2.7892,1
[16],20,"lr0.0001,wd0.0",9,"lr=0.001, wd=0.0",-2.7709,2
[16],20,"lr0.0001,wd0.0",8,"lr=3e-04, wd=0.01",-2.7346,3
[16],20,"lr0.0001,wd0.0",5,"lr=1e-04, wd=0.0",-2.7293,4
[16],20,"lr0.0001,wd0.0",6,"lr=1e-04, wd=0.01",-2.6836,5
[16],20,"lr0.0001,wd0.0",11,"lr=0.003, wd=0.0",-2.6808,6
[16],20,"lr0.0001,wd0.0",3,"lr=3e-05, wd=0.0",-2.6125,7
[16],20,"lr0.0001,wd0.0",10,"lr=0.001, wd=0.01",-2.5677,8
[16],20,"lr0.0001,wd0.0",4,"lr=3e-05, wd=0.01",-2.5532,9
[16],20,"lr0.0001,wd0.0",12,"lr=0.003, wd=0.01",-2.4933,10
[16],20,"lr0.0001,wd0.0",1,"lr=1e-05, wd=0.0",-2.3328,11
[16],20,"lr0.0001,wd0.0",2,"lr=1e-05, wd=0.01",-2.3141,12
[16],20,"lr0.0001,wd0.01",9,"lr=0.001, wd=0.0",-3.6009,1
[16],20,"lr0.0001,wd0.01",7,"lr=3e-04, wd=0.0",-3.3266,2
[16],20,"lr0.0001,wd0.01",11,"lr=0.003, wd=0.0",-3.2637,3
[16],20,"lr0.0001,wd0.01",8,"lr=3e-04, wd=0.01",-3.2083,4
[16],20,"lr0.0001,wd0.01",5,"lr=1e-04, wd=0.0",-3.1357,5
[16],20,"lr0.0001,wd0.01",6,"lr=1e-04, wd=0.01",-3.0594,6
[16],20,"lr0.0001,wd0.01",10,"lr=0.001, wd=0.01",-3.0337,7
[16],20,"lr0.0001,wd0.01",3,"lr=3e-05, wd=0.0",-2.9565,8
[16],20,"lr0.0001,wd0.01",4,"lr=3e-05, wd=0.01",-2.8951,9
[16],20,"lr0.0001,wd0.01",12,"lr=0.003, wd=0.01",-2.8352,10
[16],20,"lr0.0001,wd0.01",1,"lr=1e-05, wd=0.0",-2.5494,11
[16],20,"lr0.0001,wd0.01",2,"lr=1e-05, wd=0.01",-2.5278,12
[16],20,"lr0.0003,wd0.0",11,"lr=0.003, wd=0.0",-2.4238,1
[16],20,"lr0.0003,wd0.0",7,"lr=3e-04, wd=0.0",-2.3501,2
[16],20,"lr0.0003,wd0.0",9,"lr=0.001, wd=0.0",-2.3423,3
[16],20,"lr0.0003,wd0.0",8,"lr=3e-04, wd=0.01",-2.2926,4
[16],20,"lr0.0003,wd0.0",10,"lr=0.001, wd=0.01",-2.2664,5
[16],20,"lr0.0003,wd0.0",6,"lr=1e-04, wd=0.01",-2.1981,6
[16],20,"lr0.0003,wd0.0",5,"lr=1e-04, wd=0.0",-2.1766,7
[16],20,"lr0.0003,wd0.0",12,"lr=0.003, wd=0.01",-2.1747,8
[16],20,"lr0.0003,wd0.0",1,"lr=1e-05, wd=0.0",-2.1473,9
[16],20,"lr0.0003,wd0.0",4,"lr=3e-05, wd=0.01",-2.1417,10
[16],20,"lr0.0003,wd0.0",2,"lr=1e-05, wd=0.01",-2.1392,11
[16],20,"lr0.0003,wd0.0",3,"lr=3e-05, wd=0.0",-2.1195,12
[16],20,"lr0.0003,wd0.01",9,"lr=0.001, wd=0.0",-3.6458,1
[16],20,"lr0.0003,wd0.01",11,"lr=0.003, wd=0.0",-3.398,2
[16],20,"lr0.0003,wd0.01",7,"lr=3e-04, wd=0.0",-3.1762,3
[16],20,"lr0.0003,wd0.01",10,"lr=0.001, wd=0.01",-3.074,4
[16],20,"lr0.0003,wd0.01",8,"lr=3e-04, wd=0.01",-3.069,5
[16],20,"lr0.0003,wd0.01",12,"lr=0.003, wd=0.01",-2.9562,6
[16],20,"lr0.0003,wd0.01",5,"lr=1e-04, wd=0.0",-2.929,7
[16],20,"lr0.0003,wd0.01",6,"lr=1e-04, wd=0.01",-2.8638,8
[16],20,"lr0.0003,wd0.01",3,"lr=3e-05, wd=0.0",-2.5245,9
[16],20,"lr0.0003,wd0.01",4,"lr=3e-05, wd=0.01",-2.4985,10
[16],20,"lr0.0003,wd0.01",1,"lr=1e-05, wd=0.0",-2.2018,11
[16],20,"lr0.0003,wd0.01",2,"lr=1e-05, wd=0.01",-2.195,12
[16],20,"lr0.001,wd0.0",11,"lr=0.003, wd=0.0",-2.4722,1
[16],20,"lr0.001,wd0.0",7,"lr=3e-04, wd=0.0",-2.3601,2
[16],20,"lr0.001,wd0.0",10,"lr=0.001, wd=0.01",-2.3549,3
[16],20,"lr0.001,wd0.0",9,"lr=0.001, wd=0.0",-2.338,4
[16],20,"lr0.001,wd0.0",8,"lr=3e-04, wd=0.01",-2.3127,5
[16],20,"lr0.001,wd0.0",12,"lr=0.003, wd=0.01",-2.2919,6
[16],20,"lr0.001,wd0.0",4,"lr=3e-05, wd=0.01",-2.2361,7
[16],20,"lr0.001,wd0.0",3,"lr=3e-05, wd=0.0",-2.2312,8
[16],20,"lr0.001,wd0.0",1,"lr=1e-05, wd=0.0",-2.2241,9
[16],20,"lr0.001,wd0.0",2,"lr=1e-05, wd=0.01",-2.2168,10
[16],20,"lr0.001,wd0.0",6,"lr=1e-04, wd=0.01",-2.2097,11
[16],20,"lr0.001,wd0.0",5,"lr=1e-04, wd=0.0",-2.1707,12
[16],20,"lr0.001,wd0.01",11,"lr=0.003, wd=0.0",-3.2967,1
[16],20,"lr0.001,wd0.01",9,"lr=0.001, wd=0.0",-3.2365,2
[16],20,"lr0.001,wd0.01",10,"lr=0.001, wd=0.01",-3.1876,3
[16],20,"lr0.001,wd0.01",7,"lr=3e-04, wd=0.0",-3.1639,4
[16],20,"lr0.001,wd0.01",8,"lr=3e-04, wd=0.01",-2.9546,5
[16],20,"lr0.001,wd0.01",12,"lr=0.003, wd=0.01",-2.8889,6
[16],20,"lr0.001,wd0.01",5,"lr=1e-04, wd=0.0",-2.5957,7
[16],20,"lr0.001,wd0.01",6,"lr=1e-04, wd=0.01",-2.5387,8
[16],20,"lr0.001,wd0.01",3,"lr=3e-05, wd=0.0",-2.1743,9
[16],20,"lr0.001,wd0.01",4,"lr=3e-05, wd=0.01",-2.1597,10
[16],20,"lr0.001,wd0.01",2,"lr=1e-05, wd=0.01",-1.9783,11
[16],20,"lr0.001,wd0.01",1,"lr=1e-05, wd=0.0",-1.9773,12
[16],20,"lr0.003,wd0.0",11,"lr=0.003, wd=0.0",-2.8313,1
[16],20,"lr0.003,wd0.0",9,"lr=0.001, wd=0.0",-2.8284,2
[16],20,"lr0.003,wd0.0",7,"lr=3e-04, wd=0.0",-2.6848,3
[16],20,"lr0.003,wd0.0",8,"lr=3e-04, wd=0.01",-2.6183,4
[16],20,"lr0.003,wd0.0",10,"lr=0.001, wd=0.01",-2.6005,5
[16],20,"lr0.003,wd0.0",12,"lr=0.003, wd=0.01",-2.5623,6
[16],20,"lr0.003,wd0.0",5,"lr=1e-04, wd=0.0",-2.5622,7
[16],20,"lr0.003,wd0.0",6,"lr=1e-04, wd=0.01",-2.5288,8
[16],20,"lr0.003,wd0.0",3,"lr=3e-05, wd=0.0",-2.3475,9
[16],20,"lr0.003,wd0.0",4,"lr=3e-05, wd=0.01",-2.3125,10
[16],20,"lr0.003,wd0.0",1,"lr=1e-05, wd=0.0",-2.1618,11
[16],20,"lr0.003,wd0.0",2,"lr=1e-05, wd=0.01",-2.158,12
[16],20,"lr0.003,wd0.01",12,"lr=0.003, wd=0.01",-3.3344,1
[16],20,"lr0.003,wd0.01",8,"lr=3e-04, wd=0.01",-2.8923,2
[16],20,"lr0.003,wd0.01",5,"lr=1e-04, wd=0.0",-2.8859,3
[16],20,"lr0.003,wd0.01",6,"lr=1e-04, wd=0.01",-2.8574,4
[16],20,"lr0.003,wd0.01",7,"lr=3e-04, wd=0.0",-2.7479,5
[16],20,"lr0.003,wd0.01",3,"lr=3e-05, wd=0.0",-2.5041,6
[16],20,"lr0.003,wd0.01",4,"lr=3e-05, wd=0.01",-2.4484,7
[16],20,"lr0.003,wd0.01",10,"lr=0.001, wd=0.01",-2.3699,8
[16],20,"lr0.003,wd0.01",1,"lr=1e-05, wd=0.0",-2.2544,9
[16],20,"lr0.003,wd0.01",2,"lr=1e-05, wd=0.01",-2.2471,10
[16],20,"lr0.003,wd0.01",9,"lr=0.001, wd=0.0",-1.3515,11
[16],20,"lr0.003,wd0.01",11,"lr=0.003, wd=0.0",-0.9369,12
[16],50,"lr1e-05,wd0.0",8,"lr=3e-04, wd=0.01",-4.0434,1
[16],50,"lr1e-05,wd0.0",9,"lr=0.001, wd=0.0",-4.0216,2
[16],50,"lr1e-05,wd0.0",6,"lr=1e-04, wd=0.01",-4.0157,3
[16],50,"lr1e-05,wd0.0",7,"lr=3e-04, wd=0.0",-4.0157,4
[16],50,"lr1e-05,wd0.0",10,"lr=0.001, wd=0.01",-4.0079,5
[16],50,"lr1e-05,wd0.0",5,"lr=1e-04, wd=0.0",-4.006,6
[16],50,"lr1e-05,wd0.0",11,"lr=0.003, wd=0.0",-3.9495,7
[16],50,"lr1e-05,wd0.0",12,"lr=0.003, wd=0.01",-3.9124,8
[16],50,"lr1e-05,wd0.0",3,"lr=3e-05, wd=0.0",-3.8675,9
[16],50,"lr1e-05,wd0.0",4,"lr=3e-05, wd=0.01",-3.8126,10
[16],50,"lr1e-05,wd0.0",1,"lr=1e-05, wd=0.0",-3.2417,11
[16],50,"lr1e-05,wd0.0",2,"lr=1e-05, wd=0.01",-3.2308,12
[16],50,"lr1e-05,wd0.01",8,"lr=3e-04, wd=0.01",-4.1567,1
[16],50,"lr1e-05,wd0.01",7,"lr=3e-04, wd=0.0",-4.1354,2
[16],50,"lr1e-05,wd0.01",5,"lr=1e-04, wd=0.0",-4.1257,3
[16],50,"lr1e-05,wd0.01",6,"lr=1e-04, wd=0.01",-4.1154,4
[16],50,"lr1e-05,wd0.01",9,"lr=0.001, wd=0.0",-4.109,5
[16],50,"lr1e-05,wd0.01",10,"lr=0.001, wd=0.01",-4.085,6
[16],50,"lr1e-05,wd0.01",11,"lr=0.003, wd=0.0",-4.0389,7
[16],50,"lr1e-05,wd0.01",12,"lr=0.003, wd=0.01",-3.9649,8
[16],50,"lr1e-05,wd0.01",3,"lr=3e-05, wd=0.0",-3.9579,9
[16],50,"lr1e-05,wd0.01",4,"lr=3e-05, wd=0.01",-3.9031,10
[16],50,"lr1e-05,wd0.01",1,"lr=1e-05, wd=0.0",-3.2952,11
[16],50,"lr1e-05,wd0.01",2,"lr=1e-05, wd=0.01",-3.2745,12
[16],50,"lr3e-05,wd0.0",5,"lr=1e-04, wd=0.0",-3.9379,1
[16],50,"lr3e-05,wd0.0",8,"lr=3e-04, wd=0.01",-3.8933,2
[16],50,"lr3e-05,wd0.0",6,"lr=1e-04, wd=0.01",-3.8525,3
[16],50,"lr3e-05,wd0.0",9,"lr=0.001, wd=0.0",-3.8352,4
[16],50,"lr3e-05,wd0.0",7,"lr=3e-04, wd=0.0",-3.8283,5
[16],50,"lr3e-05,wd0.0",10,"lr=0.001, wd=0.01",-3.7886,6
[16],50,"lr3e-05,wd0.0",11,"lr=0.003, wd=0.0",-3.7396,7
[16],50,"lr3e-05,wd0.0",12,"lr=0.003, wd=0.01",-3.6678,8
[16],50,"lr3e-05,wd0.0",3,"lr=3e-05, wd=0.0",-3.6601,9
[16],50,"lr3e-05,wd0.0",4,"lr=3e-05, wd=0.01",-3.6464,10
[16],50,"lr3e-05,wd0.0",1,"lr=1e-05, wd=0.0",-3.3213,11
[16],50,"lr3e-05,wd0.0",2,"lr=1e-05, wd=0.01",-3.3136,12
[16],50,"lr3e-05,wd0.01",5,"lr=1e-04, wd=0.0",-4.1055,1
[16],50,"lr3e-05,wd0.01",8,"lr=3e-04, wd=0.01",-4.1028,2
[16],50,"lr3e-05,wd0.01",9,"lr=0.001, wd=0.0",-4.0974,3
[16],50,"lr3e-05,wd0.01",6,"lr=1e-04, wd=0.01",-4.0856,4
[16],50,"lr3e-05,wd0.01",7,"lr=3e-04, wd=0.0",-4.0713,5
[16],50,"lr3e-05,wd0.01",10,"lr=0.001, wd=0.01",-4.0419,6
[16],50,"lr3e-05,wd0.01",11,"lr=0.003, wd=0.0",-4.0186,7
[16],50,"lr3e-05,wd0.01",4,"lr=3e-05, wd=0.01",-4.0002,8
[16],50,"lr3e-05,wd0.01",3,"lr=3e-05, wd=0.0",-3.9943,9
[16],50,"lr3e-05,wd0.01",12,"lr=0.003, wd=0.01",-3.8526,10
[16],50,"lr3e-05,wd0.01",1,"lr=1e-05, wd=0.0",-3.6466,11
[16],50,"lr3e-05,wd0.01",2,"lr=1e-05, wd=0.01",-3.6221,12
[16],50,"lr0.0001,wd0.0",9,"lr=0.001, wd=0.0",-3.2075,1
[16],50,"lr0.0001,wd0.0",11,"lr=0.003, wd=0.0",-3.1585,2
[16],50,"lr0.0001,wd0.0",7,"lr=3e-04, wd=0.0",-3.11,3
[16],50,"lr0.0001,wd0.0",10,"lr=0.001, wd=0.01",-3.0818,4
[16],50,"lr0.0001,wd0.0",8,"lr=3e-04, wd=0.01",-3.0226,5
[16],50,"lr0.0001,wd0.0",12,"lr=0.003, wd=0.01",-2.9989,6
[16],50,"lr0.0001,wd0.0",5,"lr=1e-04, wd=0.0",-2.7846,7
[16],50,"lr0.0001,wd0.0",6,"lr=1e-04, wd=0.01",-2.7531,8
[16],50,"lr0.0001,wd0.0",3,"lr=3e-05, wd=0.0",-2.6329,9
[16],50,"lr0.0001,wd0.0",2,"lr=1e-05, wd=0.01",-2.628,10
[16],50,"lr0.0001,wd0.0",1,"lr=1e-05, wd=0.0",-2.6171,11
[16],50,"lr0.0001,wd0.0",4,"lr=3e-05, wd=0.01",-2.5827,12
[16],50,"lr0.0001,wd0.01",5,"lr=1e-04, wd=0.0",-4.0773,1
[16],50,"lr0.0001,wd0.01",6,"lr=1e-04, wd=0.01",-4.0763,2
[16],50,"lr0.0001,wd0.01",8,"lr=3e-04, wd=0.01",-4.0746,3
[16],50,"lr0.0001,wd0.01",10,"lr=0.001, wd=0.01",-4.0705,4
[16],50,"lr0.0001,wd0.01",4,"lr=3e-05, wd=0.01",-4.0623,5
[16],50,"lr0.0001,wd0.01",3,"lr=3e-05, wd=0.0",-4.0552,6
[16],50,"lr0.0001,wd0.01",7,"lr=3e-04, wd=0.0",-4.0364,7
[16],50,"lr0.0001,wd0.01",9,"lr=0.001, wd=0.0",-4.0281,8
[16],50,"lr0.0001,wd0.01",12,"lr=0.003, wd=0.01",-4.0053,9
[16],50,"lr0.0001,wd0.01",1,"lr=1e-05, wd=0.0",-3.9769,10
[16],50,"lr0.0001,wd0.01",2,"lr=1e-05, wd=0.01",-3.967,11
[16],50,"lr0.0001,wd0.01",11,"lr=0.003, wd=0.0",-3.9141,12
[16],50,"lr0.0003,wd0.0",11,"lr=0.003, wd=0.0",-2.4989,1
[16],50,"lr0.0003,wd0.0",9,"lr=0.001, wd=0.0",-2.4784,2
[16],50,"lr0.0003,wd0.0",12,"lr=0.003, wd=0.01",-2.4285,3
[16],50,"lr0.0003,wd0.0",10,"lr=0.001, wd=0.01",-2.4211,4
[16],50,"lr0.0003,wd0.0",7,"lr=3e-04, wd=0.0",-2.3685,5
[16],50,"lr0.0003,wd0.0",2,"lr=1e-05, wd=0.01",-2.3336,6
[16],50,"lr0.0003,wd0.0",8,"lr=3e-04, wd=0.01",-2.3319,7
[16],50,"lr0.0003,wd0.0",1,"lr=1e-05, wd=0.0",-2.3279,8
[16],50,"lr0.0003,wd0.0",5,"lr=1e-04, wd=0.0",-2.2462,9
[16],50,"lr0.0003,wd0.0",6,"lr=1e-04, wd=0.01",-2.2447,10
[16],50,"lr0.0003,wd0.0",3,"lr=3e-05, wd=0.0",-2.2428,11
[16],50,"lr0.0003,wd0.0",4,"lr=3e-05, wd=0.01",-2.2335,12
[16],50,"lr0.0003,wd0.01",5,"lr=1e-04, wd=0.0",-4.051,1
[16],50,"lr0.0003,wd0.01",10,"lr=0.001, wd=0.01",-4.0509,2
[16],50,"lr0.0003,wd0.01",8,"lr=3e-04, wd=0.01",-4.0448,3
[16],50,"lr0.0003,wd0.01",6,"lr=1e-04, wd=0.01",-4.0373,4
[16],50,"lr0.0003,wd0.01",12,"lr=0.003, wd=0.01",-4.0288,5
[16],50,"lr0.0003,wd0.01",7,"lr=3e-04, wd=0.0",-4.0231,6
[16],50,"lr0.0003,wd0.01",4,"lr=3e-05, wd=0.01",-3.9935,7
[16],50,"lr0.0003,wd0.01",9,"lr=0.001, wd=0.0",-3.9913,8
[16],50,"lr0.0003,wd0.01",3,"lr=3e-05, wd=0.0",-3.9858,9
[16],50,"lr0.0003,wd0.01",11,"lr=0.003, wd=0.0",-3.9061,10
[16],50,"lr0.0003,wd0.01",1,"lr=1e-05, wd=0.0",-3.6389,11
[16],50,"lr0.0003,wd0.01",2,"lr=1e-05, wd=0.01",-3.5968,12
[16],50,"lr0.001,wd0.0",11,"lr=0.003, wd=0.0",-2.3193,1
[16],50,"lr0.001,wd0.0",9,"lr=0.001, wd=0.0",-2.289,2
[16],50,"lr0.001,wd0.0",12,"lr=0.003, wd=0.01",-2.2677,3
[16],50,"lr0.001,wd0.0",10,"lr=0.001, wd=0.01",-2.2448,4
[16],50,"lr0.001,wd0.0",2,"lr=1e-05, wd=0.01",-2.1772,5
[16],50,"lr0.001,wd0.0",1,"lr=1e-05, wd=0.0",-2.1684,6
[16],50,"lr0.001,wd0.0",7,"lr=3e-04, wd=0.0",-2.1409,7
[16],50,"lr0.001,wd0.0",8,"lr=3e-04, wd=0.01",-2.1195,8
[16],50,"lr0.001,wd0.0",3,"lr=3e-05, wd=0.0",-2.1038,9
[16],50,"lr0.001,wd0.0",4,"lr=3e-05, wd=0.01",-2.1017,10
[16],50,"lr0.001,wd0.0",6,"lr=1e-04, wd=0.01",-2.077,11
[16],50,"lr0.001,wd0.0",5,"lr=1e-04, wd=0.0",-2.0708,12
[16],50,"lr0.001,wd0.01",12,"lr=0.003, wd=0.01",-3.3434,1
[16],50,"lr0.001,wd0.01",6,"lr=1e-04, wd=0.01",-3.2934,2
[16],50,"lr0.001,wd0.01",3,"lr=3e-05, wd=0.0",-3.2636,3
[16],50,"lr0.001,wd0.01",5,"lr=1e-04, wd=0.0",-3.2612,4
[16],50,"lr0.001,wd0.01",4,"lr=3e-05, wd=0.01",-3.2427,5
[16],50,"lr0.001,wd0.01",1,"lr=1e-05, wd=0.0",-3.0525,6
[16],50,"lr0.001,wd0.01",10,"lr=0.001, wd=0.01",-3.037,7
[16],50,"lr0.001,wd0.01",2,"lr=1e-05, wd=0.01",-3.0286,8
[16],50,"lr0.001,wd0.01",8,"lr=3e-04, wd=0.01",-2.929,9
[16],50,"lr0.001,wd0.01",7,"lr=3e-04, wd=0.0",-2.5968,10
[16],50,"lr0.001,wd0.01",11,"lr=0.003, wd=0.0",-2.0322,11
[16],50,"lr0.001,wd0.01",9,"lr=0.001, wd=0.0",-1.9785,12
[16],50,"lr0.003,wd0.0",11,"lr=0.003, wd=0.0",-3.1951,1
[16],50,"lr0.003,wd0.0",7,"lr=3e-04, wd=0.0",-3.1289,2
[16],50,"lr0.003,wd0.0",8,"lr=3e-04, wd=0.01",-3.1123,3
[16],50,"lr0.003,wd0.0",12,"lr=0.003, wd=0.01",-3.1059,4
[16],50,"lr0.003,wd0.0",2,"lr=1e-05, wd=0.01",-3.1017,5
[16],50,"lr0.003,wd0.0",9,"lr=0.001, wd=0.0",-3.0984,6
[16],50,"lr0.003,wd0.0",1,"lr=1e-05, wd=0.0",-3.0962,7
[16],50,"lr0.003,wd0.0",10,"lr=0.001, wd=0.01",-3.0907,8
[16],50,"lr0.003,wd0.0",5,"lr=1e-04, wd=0.0",-3.0667,9
[16],50,"lr0.003,wd0.0",6,"lr=1e-04, wd=0.01",-3.0192,10
[16],50,"lr0.003,wd0.0",4,"lr=3e-05, wd=0.01",-2.9381,11
[16],50,"lr0.003,wd0.0",3,"lr=3e-05, wd=0.0",-2.8953,12
[16],50,"lr0.003,wd0.01",3,"lr=3e-05, wd=0.0",-2.9768,1
[16],50,"lr0.003,wd0.01",4,"lr=3e-05, wd=0.01",-2.958,2
[16],50,"lr0.003,wd0.01",1,"lr=1e-05, wd=0.0",-2.9082,3
[16],50,"lr0.003,wd0.01",2,"lr=1e-05, wd=0.01",-2.8964,4
[16],50,"lr0.003,wd0.01",6,"lr=1e-04, wd=0.01",-2.5686,5
[16],50,"lr0.003,wd0.01",12,"lr=0.003, wd=0.01",-2.3433,6
[16],50,"lr0.003,wd0.01",5,"lr=1e-04, wd=0.0",-2.2783,7
[16],50,"lr0.003,wd0.01",10,"lr=0.001, wd=0.01",-1.045,8
[16],50,"lr0.003,wd0.01",8,"lr=3e-04, wd=0.01",-0.9348,9
[16],50,"lr0.003,wd0.01",7,"lr=3e-04, wd=0.0",-0.495,10
[16],50,"lr0.003,wd0.01",9,"lr=0.001, wd=0.0",0.0415,11
[16],50,"lr0.003,wd0.01",11,"lr=0.003, wd=0.0",0.1429,12
[16],90,"lr1e-05,wd0.0",5,"lr=1e-04, wd=0.0",-4.1957,1
[16],90,"lr1e-05,wd0.0",6,"lr=1e-04, wd=0.01",-4.1921,2
[16],90,"lr1e-05,wd0.0",8,"lr=3e-04, wd=0.01",-4.1748,3
[16],90,"lr1e-05,wd0.0",7,"lr=3e-04, wd=0.0",-4.1641,4
[16],90,"lr1e-05,wd0.0",9,"lr=0.001, wd=0.0",-4.1615,5
[16],90,"lr1e-05,wd0.0",10,"lr=0.001, wd=0.01",-4.154,6
[16],90,"lr1e-05,wd0.0",11,"lr=0.003, wd=0.0",-4.1465,7
[16],90,"lr1e-05,wd0.0",12,"lr=0.003, wd=0.01",-4.1465,8
[16],90,"lr1e-05,wd0.0",3,"lr=3e-05, wd=0.0",-4.1391,9
[16],90,"lr1e-05,wd0.0",4,"lr=3e-05, wd=0.01",-4.1353,10
[16],90,"lr1e-05,wd0.0",2,"lr=1e-05, wd=0.01",-4.0959,11
[16],90,"lr1e-05,wd0.0",1,"lr=1e-05, wd=0.0",-4.0916,12
[16],90,"lr1e-05,wd0.01",6,"lr=1e-04, wd=0.01",-4.222,1
[16],90,"lr1e-05,wd0.01",5,"lr=1e-04, wd=0.0",-4.22,2
[16],90,"lr1e-05,wd0.01",8,"lr=3e-04, wd=0.01",-4.2192,3
[16],90,"lr1e-05,wd0.01",7,"lr=3e-04, wd=0.0",-4.2132,4
[16],90,"lr1e-05,wd0.01",9,"lr=0.001, wd=0.0",-4.2129,5
[16],90,"lr1e-05,wd0.01",10,"lr=0.001, wd=0.01",-4.2092,6
[16],90,"lr1e-05,wd0.01",12,"lr=0.003, wd=0.01",-4.1983,7
[16],90,"lr1e-05,wd0.01",3,"lr=3e-05, wd=0.0",-4.1968,8
[16],90,"lr1e-05,wd0.01",11,"lr=0.003, wd=0.0",-4.1916,9
[16],90,"lr1e-05,wd0.01",4,"lr=3e-05, wd=0.01",-4.1906,10
[16],90,"lr1e-05,wd0.01",2,"lr=1e-05, wd=0.01",-4.1528,11
[16],90,"lr1e-05,wd0.01",1,"lr=1e-05, wd=0.0",-4.1526,12
[16],90,"lr3e-05,wd0.0",9,"lr=0.001, wd=0.0",-4.1543,1
[16],90,"lr3e-05,wd0.0",7,"lr=3e-04, wd=0.0",-4.1525,2
[16],90,"lr3e-05,wd0.0",8,"lr=3e-04, wd=0.01",-4.1468,3
[16],90,"lr3e-05,wd0.0",10,"lr=0.001, wd=0.01",-4.1439,4
[16],90,"lr3e-05,wd0.0",11,"lr=0.003, wd=0.0",-4.1314,5
[16],90,"lr3e-05,wd0.0",12,"lr=0.003, wd=0.01",-4.1297,6
[16],90,"lr3e-05,wd0.0",5,"lr=1e-04, wd=0.0",-4.1161,7
[16],90,"lr3e-05,wd0.0",6,"lr=1e-04, wd=0.01",-4.1074,8
[16],90,"lr3e-05,wd0.0",3,"lr=3e-05, wd=0.0",-4.0741,9
[16],90,"lr3e-05,wd0.0",2,"lr=1e-05, wd=0.01",-4.0685,10
[16],90,"lr3e-05,wd0.0",1,"lr=1e-05, wd=0.0",-4.0676,11
[16],90,"lr3e-05,wd0.0",4,"lr=3e-05, wd=0.01",-4.0671,12
[16],90,"lr3e-05,wd0.01",8,"lr=3e-04, wd=0.01",-4.1985,1
[16],90,"lr3e-05,wd0.01",10,"lr=0.001, wd=0.01",-4.1946,2
[16],90,"lr3e-05,wd0.01",12,"lr=0.003, wd=0.01",-4.1886,3
[16],90,"lr3e-05,wd0.01",9,"lr=0.001, wd=0.0",-4.1868,4
[16],90,"lr3e-05,wd0.01",5,"lr=1e-04, wd=0.0",-4.1854,5
[16],90,"lr3e-05,wd0.01",7,"lr=3e-04, wd=0.0",-4.1853,6
[16],90,"lr3e-05,wd0.01",6,"lr=1e-04, wd=0.01",-4.1828,7
[16],90,"lr3e-05,wd0.01",4,"lr=3e-05, wd=0.01",-4.1661,8
[16],90,"lr3e-05,wd0.01",2,"lr=1e-05, wd=0.01",-4.1651,9
[16],90,"lr3e-05,wd0.01",3,"lr=3e-05, wd=0.0",-4.1651,10
[16],90,"lr3e-05,wd0.01",1,"lr=1e-05, wd=0.0",-4.164,11
[16],90,"lr3e-05,wd0.01",11,"lr=0.003, wd=0.0",-4.152,12
[16],90,"lr0.0001,wd0.0",9,"lr=0.001, wd=0.0",-3.5497,1
[16],90,"lr0.0001,wd0.0",11,"lr=0.003, wd=0.0",-3.5326,2
[16],90,"lr0.0001,wd0.0",1,"lr=1e-05, wd=0.0",-3.5317,3
[16],90,"lr0.0001,wd0.0",2,"lr=1e-05, wd=0.01",-3.5241,4
[16],90,"lr0.0001,wd0.0",3,"lr=3e-05, wd=0.0",-3.491,5
[16],90,"lr0.0001,wd0.0",7,"lr=3e-04, wd=0.0",-3.461,6
[16],90,"lr0.0001,wd0.0",4,"lr=3e-05, wd=0.01",-3.4541,7
[16],90,"lr0.0001,wd0.0",12,"lr=0.003, wd=0.01",-3.4387,8
[16],90,"lr0.0001,wd0.0",10,"lr=0.001, wd=0.01",-3.4373,9
[16],90,"lr0.0001,wd0.0",8,"lr=3e-04, wd=0.01",-3.3973,10
[16],90,"lr0.0001,wd0.0",5,"lr=1e-04, wd=0.0",-3.3668,11
[16],90,"lr0.0001,wd0.0",6,"lr=1e-04, wd=0.01",-3.3577,12
[16],90,"lr0.0001,wd0.01",10,"lr=0.001, wd=0.01",-4.2038,1
[16],90,"lr0.0001,wd0.01",8,"lr=3e-04, wd=0.01",-4.1989,2
[16],90,"lr0.0001,wd0.01",12,"lr=0.003, wd=0.01",-4.1984,3
[16],90,"lr0.0001,wd0.01",7,"lr=3e-04, wd=0.0",-4.1982,4
[16],90,"lr0.0001,wd0.01",9,"lr=0.001, wd=0.0",-4.191,5
[16],90,"lr0.0001,wd0.01",5,"lr=1e-04, wd=0.0",-4.1876,6
[16],90,"lr0.0001,wd0.01",6,"lr=1e-04, wd=0.01",-4.1876,7
[16],90,"lr0.0001,wd0.01",4,"lr=3e-05, wd=0.01",-4.1866,8
[16],90,"lr0.0001,wd0.01",3,"lr=3e-05, wd=0.0",-4.1837,9
[16],90,"lr0.0001,wd0.01",2,"lr=1e-05, wd=0.01",-4.1831,10
[16],90,"lr0.0001,wd0.01",1,"lr=1e-05, wd=0.0",-4.1818,11
[16],90,"lr0.0001,wd0.01",11,"lr=0.003, wd=0.0",-4.1623,12
[16],90,"lr0.0003,wd0.0",11,"lr=0.003, wd=0.0",-3.5424,1
[16],90,"lr0.0003,wd0.0",3,"lr=3e-05, wd=0.0",-3.5241,2
[16],90,"lr0.0003,wd0.0",5,"lr=1e-04, wd=0.0",-3.5155,3
[16],90,"lr0.0003,wd0.0",1,"lr=1e-05, wd=0.0",-3.5099,4
[16],90,"lr0.0003,wd0.0",4,"lr=3e-05, wd=0.01",-3.509,5
[16],90,"lr0.0003,wd0.0",2,"lr=1e-05, wd=0.01",-3.5036,6
[16],90,"lr0.0003,wd0.0",6,"lr=1e-04, wd=0.01",-3.5014,7
[16],90,"lr0.0003,wd0.0",9,"lr=0.001, wd=0.0",-3.4946,8
[16],90,"lr0.0003,wd0.0",12,"lr=0.003, wd=0.01",-3.4898,9
[16],90,"lr0.0003,wd0.0",7,"lr=3e-04, wd=0.0",-3.4716,10
[16],90,"lr0.0003,wd0.0",8,"lr=3e-04, wd=0.01",-3.4468,11
[16],90,"lr0.0003,wd0.0",10,"lr=0.001, wd=0.01",-3.4407,12
[16],90,"lr0.0003,wd0.01",1,"lr=1e-05, wd=0.0",-4.1522,1
[16],90,"lr0.0003,wd0.01",2,"lr=1e-05, wd=0.01",-4.1479,2
[16],90,"lr0.0003,wd0.01",3,"lr=3e-05, wd=0.0",-4.1448,3
[16],90,"lr0.0003,wd0.01",12,"lr=0.003, wd=0.01",-4.1441,4
[16],90,"lr0.0003,wd0.01",6,"lr=1e-04, wd=0.01",-4.1415,5
[16],90,"lr0.0003,wd0.01",4,"lr=3e-05, wd=0.01",-4.1384,6
[16],90,"lr0.0003,wd0.01",10,"lr=0.001, wd=0.01",-4.1355,7
[16],90,"lr0.0003,wd0.01",5,"lr=1e-04, wd=0.0",-4.1339,8
[16],90,"lr0.0003,wd0.01",8,"lr=3e-04, wd=0.01",-4.1252,9
[16],90,"lr0.0003,wd0.01",7,"lr=3e-04, wd=0.0",-4.1025,10
[16],90,"lr0.0003,wd0.01",9,"lr=0.001, wd=0.0",-4.0652,11
[16],90,"lr0.0003,wd0.01",11,"lr=0.003, wd=0.0",-4.0248,12
[16],90,"lr0.001,wd0.0",11,"lr=0.003, wd=0.0",-3.4148,1
[16],90,"lr0.001,wd0.0",12,"lr=0.003, wd=0.01",-3.3798,2
[16],90,"lr0.001,wd0.0",9,"lr=0.001, wd=0.0",-3.367,3
[16],90,"lr0.001,wd0.0",10,"lr=0.001, wd=0.01",-3.3271,4
[16],90,"lr0.001,wd0.0",7,"lr=3e-04, wd=0.0",-3.3235,5
[16],90,"lr0.001,wd0.0",8,"lr=3e-04, wd=0.01",-3.3067,6
[16],90,"lr0.001,wd0.0",5,"lr=1e-04, wd=0.0",-3.2956,7
[16],90,"lr0.001,wd0.0",6,"lr=1e-04, wd=0.01",-3.2892,8
[16],90,"lr0.001,wd0.0",2,"lr=1e-05, wd=0.01",-3.2837,9
[16],90,"lr0.001,wd0.0",1,"lr=1e-05, wd=0.0",-3.27,10
[16],90,"lr0.001,wd0.0",3,"lr=3e-05, wd=0.0",-3.2351,11
[16],90,"lr0.001,wd0.0",4,"lr=3e-05, wd=0.01",-3.2341,12
[16],90,"lr0.001,wd0.01",3,"lr=3e-05, wd=0.0",-3.98,1
[16],90,"lr0.001,wd0.01",4,"lr=3e-05, wd=0.01",-3.9791,2
[16],90,"lr0.001,wd0.01",12,"lr=0.003, wd=0.01",-3.9752,3
[16],90,"lr0.001,wd0.01",6,"lr=1e-04, wd=0.01",-3.9657,4
[16],90,"lr0.001,wd0.01",5,"lr=1e-04, wd=0.0",-3.9616,5
[16],90,"lr0.001,wd0.01",10,"lr=0.001, wd=0.01",-3.9372,6
[16],90,"lr0.001,wd0.01",8,"lr=3e-04, wd=0.01",-3.9199,7
[16],90,"lr0.001,wd0.01",1,"lr=1e-05, wd=0.0",-3.8684,8
[16],90,"lr0.001,wd0.01",7,"lr=3e-04, wd=0.0",-3.8625,9
[16],90,"lr0.001,wd0.01",2,"lr=1e-05, wd=0.01",-3.8499,10
[16],90,"lr0.001,wd0.01",11,"lr=0.003, wd=0.0",-3.7757,11
[16],90,"lr0.001,wd0.01",9,"lr=0.001, wd=0.0",-3.7608,12
[16],90,"lr0.003,wd0.0",11,"lr=0.003, wd=0.0",-3.3302,1
[16],90,"lr0.003,wd0.0",2,"lr=1e-05, wd=0.01",-3.3136,2
[16],90,"lr0.003,wd0.0",1,"lr=1e-05, wd=0.0",-3.3056,3
[16],90,"lr0.003,wd0.0",9,"lr=0.001, wd=0.0",-3.2791,4
[16],90,"lr0.003,wd0.0",4,"lr=3e-05, wd=0.01",-3.2689,5
[16],90,"lr0.003,wd0.0",3,"lr=3e-05, wd=0.0",-3.2661,6
[16],90,"lr0.003,wd0.0",12,"lr=0.003, wd=0.01",-3.2384,7
[16],90,"lr0.003,wd0.0",10,"lr=0.001, wd=0.01",-3.1933,8
[16],90,"lr0.003,wd0.0",6,"lr=1e-04, wd=0.01",-3.1478,9
[16],90,"lr0.003,wd0.0",7,"lr=3e-04, wd=0.0",-3.1366,10
[16],90,"lr0.003,wd0.0",5,"lr=1e-04, wd=0.0",-3.1366,11
[16],90,"lr0.003,wd0.0",8,"lr=3e-04, wd=0.01",-3.1107,12
[16],90,"lr0.003,wd0.01",1,"lr=1e-05, wd=0.0",-3.6137,1
[16],90,"lr0.003,wd0.01",2,"lr=1e-05, wd=0.01",-3.5966,2
[16],90,"lr0.003,wd0.01",3,"lr=3e-05, wd=0.0",-3.5956,3
[16],90,"lr0.003,wd0.01",4,"lr=3e-05, wd=0.01",-3.5798,4
[16],90,"lr0.003,wd0.01",6,"lr=1e-04, wd=0.01",-3.5507,5
[16],90,"lr0.003,wd0.01",12,"lr=0.003, wd=0.01",-3.5325,6
[16],90,"lr0.003,wd0.01",5,"lr=1e-04, wd=0.0",-3.4668,7
[16],90,"lr0.003,wd0.01",10,"lr=0.001, wd=0.01",-3.2681,8
[16],90,"lr0.003,wd0.01",11,"lr=0.003, wd=0.0",-3.2593,9
[16],90,"lr0.003,wd0.01",8,"lr=3e-04, wd=0.01",-3.248,10
[16],90,"lr0.003,wd0.01",9,"lr=0.001, wd=0.0",-3.2336,11
[16],90,"lr0.003,wd0.01",7,"lr=3e-04, wd=0.0",-3.2253,12
[24],0,"lr1e-05,wd0.0",4,"lr=3e-05, wd=0.01",-1.3959,1
[24],0,"lr1e-05,wd0.0",1,"lr=1e-05, wd=0.0",-1.3657,2
[24],0,"lr1e-05,wd0.0",3,"lr=3e-05, wd=0.0",-1.3478,3
[24],0,"lr1e-05,wd0.0",2,"lr=1e-05, wd=0.01",-1.2115,4
[24],0,"lr1e-05,wd0.0",5,"lr=1e-04, wd=0.0",-1.0885,5
[24],0,"lr1e-05,wd0.0",6,"lr=1e-04, wd=0.01",-1.0672,6
[24],0,"lr1e-05,wd0.0",7,"lr=3e-04, wd=0.0",-0.9332,7
[24],0,"lr1e-05,wd0.0",8,"lr=3e-04, wd=0.01",-0.8562,8
[24],0,"lr1e-05,wd0.0",9,"lr=0.001, wd=0.0",-0.7539,9
[24],0,"lr1e-05,wd0.0",10,"lr=0.001, wd=0.01",-0.743,10
[24],0,"lr1e-05,wd0.0",12,"lr=0.003, wd=0.01",-0.7428,11
[24],0,"lr1e-05,wd0.0",11,"lr=0.003, wd=0.0",-0.6888,12
[24],0,"lr1e-05,wd0.01",1,"lr=1e-05, wd=0.0",-1.6102,1
[24],0,"lr1e-05,wd0.01",2,"lr=1e-05, wd=0.01",-1.4828,2
[24],0,"lr1e-05,wd0.01",4,"lr=3e-05, wd=0.01",-1.4227,3
[24],0,"lr1e-05,wd0.01",3,"lr=3e-05, wd=0.0",-1.3231,4
[24],0,"lr1e-05,wd0.01",6,"lr=1e-04, wd=0.01",-1.067,5
[24],0,"lr1e-05,wd0.01",5,"lr=1e-04, wd=0.0",-1.0573,6
[24],0,"lr1e-05,wd0.01",7,"lr=3e-04, wd=0.0",-0.9012,7
[24],0,"lr1e-05,wd0.01",8,"lr=3e-04, wd=0.01",-0.8485,8
[24],0,"lr1e-05,wd0.01",10,"lr=0.001, wd=0.01",-0.7375,9
[24],0,"lr1e-05,wd0.01",9,"lr=0.001, wd=0.0",-0.7346,10
[24],0,"lr1e-05,wd0.01",12,"lr=0.003, wd=0.01",-0.7337,11
[24],0,"lr1e-05,wd0.01",11,"lr=0.003, wd=0.0",-0.6753,12
[24],0,"lr3e-05,wd0.0",4,"lr=3e-05, wd=0.01",-1.3005,1
[24],0,"lr3e-05,wd0.0",3,"lr=3e-05, wd=0.0",-1.2899,2
[24],0,"lr3e-05,wd0.0",5,"lr=1e-04, wd=0.0",-1.1202,3
[24],0,"lr3e-05,wd0.0",6,"lr=1e-04, wd=0.01",-1.0752,4
[24],0,"lr3e-05,wd0.0",7,"lr=3e-04, wd=0.0",-0.9862,5
[24],0,"lr3e-05,wd0.0",8,"lr=3e-04, wd=0.01",-0.9067,6
[24],0,"lr3e-05,wd0.0",9,"lr=0.001, wd=0.0",-0.8277,7
[24],0,"lr3e-05,wd0.0",10,"lr=0.001, wd=0.01",-0.7885,8
[24],0,"lr3e-05,wd0.0",12,"lr=0.003, wd=0.01",-0.7812,9
[24],0,"lr3e-05,wd0.0",1,"lr=1e-05, wd=0.0",-0.7437,10
[24],0,"lr3e-05,wd0.0",11,"lr=0.003, wd=0.0",-0.7425,11
[24],0,"lr3e-05,wd0.0",2,"lr=1e-05, wd=0.01",-0.6128,12
[24],0,"lr3e-05,wd0.01",4,"lr=3e-05, wd=0.01",-1.4031,1
[24],0,"lr3e-05,wd0.01",3,"lr=3e-05, wd=0.0",-1.3265,2
[24],0,"lr3e-05,wd0.01",1,"lr=1e-05, wd=0.0",-1.3043,3
[24],0,"lr3e-05,wd0.01",2,"lr=1e-05, wd=0.01",-1.1125,4
[24],0,"lr3e-05,wd0.01",5,"lr=1e-04, wd=0.0",-1.105,5
[24],0,"lr3e-05,wd0.01",6,"lr=1e-04, wd=0.01",-1.1039,6
[24],0,"lr3e-05,wd0.01",7,"lr=3e-04, wd=0.0",-0.9693,7
[24],0,"lr3e-05,wd0.01",8,"lr=3e-04, wd=0.01",-0.9224,8
[24],0,"lr3e-05,wd0.01",9,"lr=0.001, wd=0.0",-0.8077,9
[24],0,"lr3e-05,wd0.01",10,"lr=0.001, wd=0.01",-0.7956,10
[24],0,"lr3e-05,wd0.01",12,"lr=0.003, wd=0.01",-0.7859,11
[24],0,"lr3e-05,wd0.01",11,"lr=0.003, wd=0.0",-0.7325,12
[24],0,"lr0.0001,wd0.0",3,"lr=3e-05, wd=0.0",-1.245,1
[24],0,"lr0.0001,wd0.0",4,"lr=3e-05, wd=0.01",-1.2415,2
[24],0,"lr0.0001,wd0.0",5,"lr=1e-04, wd=0.0",-1.135,3
[24],0,"lr0.0001,wd0.0",6,"lr=1e-04, wd=0.01",-1.0818,4
[24],0,"lr0.0001,wd0.0",7,"lr=3e-04, wd=0.0",-1.0297,5
[24],0,"lr0.0001,wd0.0",8,"lr=3e-04, wd=0.01",-0.9441,6
[24],0,"lr0.0001,wd0.0",9,"lr=0.001, wd=0.0",-0.9049,7
[24],0,"lr0.0001,wd0.0",10,"lr=0.001, wd=0.01",-0.8534,8
[24],0,"lr0.0001,wd0.0",12,"lr=0.003, wd=0.01",-0.8399,9
[24],0,"lr0.0001,wd0.0",11,"lr=0.003, wd=0.0",-0.8369,10
[24],0,"lr0.0001,wd0.0",1,"lr=1e-05, wd=0.0",-0.6703,11
[24],0,"lr0.0001,wd0.0",2,"lr=1e-05, wd=0.01",-0.5303,12
[24],0,"lr0.0001,wd0.01",4,"lr=3e-05, wd=0.01",-1.3497,1
[24],0,"lr0.0001,wd0.01",3,"lr=3e-05, wd=0.0",-1.3016,2
[24],0,"lr0.0001,wd0.01",5,"lr=1e-04, wd=0.0",-1.1246,3
[24],0,"lr0.0001,wd0.01",6,"lr=1e-04, wd=0.01",-1.1131,4
[24],0,"lr0.0001,wd0.01",1,"lr=1e-05, wd=0.0",-1.1022,5
[24],0,"lr0.0001,wd0.01",7,"lr=3e-04, wd=0.0",-1.0128,6
[24],0,"lr0.0001,wd0.01",8,"lr=3e-04, wd=0.01",-0.9657,7
[24],0,"lr0.0001,wd0.01",2,"lr=1e-05, wd=0.01",-0.9191,8
[24],0,"lr0.0001,wd0.01",9,"lr=0.001, wd=0.0",-0.8878,9
[24],0,"lr0.0001,wd0.01",10,"lr=0.001, wd=0.01",-0.8713,10
[24],0,"lr0.0001,wd0.01",12,"lr=0.003, wd=0.01",-0.8534,11
[24],0,"lr0.0001,wd0.01",11,"lr=0.003, wd=0.0",-0.8153,12
[24],0,"lr0.0003,wd0.0",4,"lr=3e-05, wd=0.01",-1.2415,1
[24],0,"lr0.0003,wd0.0",3,"lr=3e-05, wd=0.0",-1.2387,2
[24],0,"lr0.0003,wd0.0",5,"lr=1e-04, wd=0.0",-1.1279,3
[24],0,"lr0.0003,wd0.0",6,"lr=1e-04, wd=0.01",-1.0828,4
[24],0,"lr0.0003,wd0.0",7,"lr=3e-04, wd=0.0",-1.0492,5
[24],0,"lr0.0003,wd0.0",8,"lr=3e-04, wd=0.01",-0.9646,6
[24],0,"lr0.0003,wd0.0",9,"lr=0.001, wd=0.0",-0.9582,7
[24],0,"lr0.0003,wd0.0",11,"lr=0.003, wd=0.0",-0.9212,8
[24],0,"lr0.0003,wd0.0",12,"lr=0.003, wd=0.01",-0.9154,9
[24],0,"lr0.0003,wd0.0",10,"lr=0.001, wd=0.01",-0.91,10
[24],0,"lr0.0003,wd0.0",1,"lr=1e-05, wd=0.0",-0.8803,11
[24],0,"lr0.0003,wd0.0",2,"lr=1e-05, wd=0.01",-0.7445,12
[24],0,"lr0.0003,wd0.01",4,"lr=3e-05, wd=0.01",-1.3273,1
[24],0,"lr0.0003,wd0.01",3,"lr=3e-05, wd=0.0",-1.2896,2
[24],0,"lr0.0003,wd0.01",1,"lr=1e-05, wd=0.0",-1.1404,3
[24],0,"lr0.0003,wd0.01",5,"lr=1e-04, wd=0.0",-1.1235,4
[24],0,"lr0.0003,wd0.01",6,"lr=1e-04, wd=0.01",-1.1054,5
[24],0,"lr0.0003,wd0.01",7,"lr=3e-04, wd=0.0",-1.03,6
[24],0,"lr0.0003,wd0.01",2,"lr=1e-05, wd=0.01",-0.9931,7
[24],0,"lr0.0003,wd0.01",8,"lr=3e-04, wd=0.01",-0.9807,8
[24],0,"lr0.0003,wd0.01",12,"lr=0.003, wd=0.01",-0.9414,9
[24],0,"lr0.0003,wd0.01",9,"lr=0.001, wd=0.0",-0.9374,10
[24],0,"lr0.0003,wd0.01",10,"lr=0.001, wd=0.01",-0.9319,11
[24],0,"lr0.0003,wd0.01",11,"lr=0.003, wd=0.0",-0.9042,12
[24],0,"lr0.001,wd0.0",4,"lr=3e-05, wd=0.01",-1.2107,1
[24],0,"lr0.001,wd0.0",3,"lr=3e-05, wd=0.0",-1.2035,2
[24],0,"lr0.001,wd0.0",5,"lr=1e-04, wd=0.0",-1.0986,3
[24],0,"lr0.001,wd0.0",6,"lr=1e-04, wd=0.01",-1.061,4
[24],0,"lr0.001,wd0.0",7,"lr=3e-04, wd=0.0",-1.035,5
[24],0,"lr0.001,wd0.0",1,"lr=1e-05, wd=0.0",-0.9888,6
[24],0,"lr0.001,wd0.0",12,"lr=0.003, wd=0.01",-0.9852,7
[24],0,"lr0.001,wd0.0",9,"lr=0.001, wd=0.0",-0.9796,8
[24],0,"lr0.001,wd0.0",11,"lr=0.003, wd=0.0",-0.9776,9
[24],0,"lr0.001,wd0.0",8,"lr=3e-04, wd=0.01",-0.9563,10
[24],0,"lr0.001,wd0.0",10,"lr=0.001, wd=0.01",-0.9366,11
[24],0,"lr0.001,wd0.0",2,"lr=1e-05, wd=0.01",-0.8815,12
[24],0,"lr0.001,wd0.01",4,"lr=3e-05, wd=0.01",-1.3104,1
[24],0,"lr0.001,wd0.01",1,"lr=1e-05, wd=0.0",-1.277,2
[24],0,"lr0.001,wd0.01",3,"lr=3e-05, wd=0.0",-1.2702,3
[24],0,"lr0.001,wd0.01",2,"lr=1e-05, wd=0.01",-1.1743,4
[24],0,"lr0.001,wd0.01",5,"lr=1e-04, wd=0.0",-1.1058,5
[24],0,"lr0.001,wd0.01",6,"lr=1e-04, wd=0.01",-1.0887,6
[24],0,"lr0.001,wd0.01",7,"lr=3e-04, wd=0.0",-1.0231,7
[24],0,"lr0.001,wd0.01",12,"lr=0.003, wd=0.01",-1.0223,8
[24],0,"lr0.001,wd0.01",8,"lr=3e-04, wd=0.01",-0.9725,9
[24],0,"lr0.001,wd0.01",11,"lr=0.003, wd=0.0",-0.9607,10
[24],0,"lr0.001,wd0.01",10,"lr=0.001, wd=0.01",-0.9583,11
[24],0,"lr0.001,wd0.01",9,"lr=0.001, wd=0.0",-0.9578,12
[24],0,"lr0.003,wd0.0",4,"lr=3e-05, wd=0.01",-1.1796,1
[24],0,"lr0.003,wd0.0",3,"lr=3e-05, wd=0.0",-1.1669,2
[24],0,"lr0.003,wd0.0",1,"lr=1e-05, wd=0.0",-1.0875,3
[24],0,"lr0.003,wd0.0",5,"lr=1e-04, wd=0.0",-1.0654,4
[24],0,"lr0.003,wd0.0",6,"lr=1e-04, wd=0.01",-1.0341,5
[24],0,"lr0.003,wd0.0",12,"lr=0.003, wd=0.01",-1.0231,6
[24],0,"lr0.003,wd0.0",7,"lr=3e-04, wd=0.0",-1.0104,7
[24],0,"lr0.003,wd0.0",2,"lr=1e-05, wd=0.01",-1.0031,8
[24],0,"lr0.003,wd0.0",11,"lr=0.003, wd=0.0",-1.0006,9
[24],0,"lr0.003,wd0.0",9,"lr=0.001, wd=0.0",-0.9692,10
[24],0,"lr0.003,wd0.0",10,"lr=0.001, wd=0.01",-0.936,11
[24],0,"lr0.003,wd0.0",8,"lr=3e-04, wd=0.01",-0.9353,12
[24],0,"lr0.003,wd0.01",1,"lr=1e-05, wd=0.0",-1.3555,1
[24],0,"lr0.003,wd0.01",2,"lr=1e-05, wd=0.01",-1.2872,2
[24],0,"lr0.003,wd0.01",4,"lr=3e-05, wd=0.01",-1.261,3
[24],0,"lr0.003,wd0.01",3,"lr=3e-05, wd=0.0",-1.2201,4
[24],0,"lr0.003,wd0.01",5,"lr=1e-04, wd=0.0",-1.0619,5
[24],0,"lr0.003,wd0.01",6,"lr=1e-04, wd=0.01",-1.053,6
[24],0,"lr0.003,wd0.01",12,"lr=0.003, wd=0.01",-1.0499,7
[24],0,"lr0.003,wd0.01",7,"lr=3e-04, wd=0.0",-0.9904,8
[24],0,"lr0.003,wd0.01",11,"lr=0.003, wd=0.0",-0.9692,9
[24],0,"lr0.003,wd0.01",10,"lr=0.001, wd=0.01",-0.9445,10
[24],0,"lr0.003,wd0.01",8,"lr=3e-04, wd=0.01",-0.9428,11
[24],0,"lr0.003,wd0.01",9,"lr=0.001, wd=0.0",-0.9407,12
[24],5,"lr1e-05,wd0.0",5,"lr=1e-04, wd=0.0",-2.7478,1
[24],5,"lr1e-05,wd0.0",6,"lr=1e-04, wd=0.01",-2.5273,2
[24],5,"lr1e-05,wd0.0",3,"lr=3e-05, wd=0.0",-2.5049,3
[24],5,"lr1e-05,wd0.0",7,"lr=3e-04, wd=0.0",-2.398,4
[24],5,"lr1e-05,wd0.0",4,"lr=3e-05, wd=0.01",-2.378,5
[24],5,"lr1e-05,wd0.0",9,"lr=0.001, wd=0.0",-2.3588,6
[24],5,"lr1e-05,wd0.0",11,"lr=0.003, wd=0.0",-2.3088,7
[24],5,"lr1e-05,wd0.0",8,"lr=3e-04, wd=0.01",-2.2842,8
[24],5,"lr1e-05,wd0.0",10,"lr=0.001, wd=0.01",-2.2033,9
[24],5,"lr1e-05,wd0.0",12,"lr=0.003, wd=0.01",-1.9682,10
[24],5,"lr1e-05,wd0.0",1,"lr=1e-05, wd=0.0",-1.941,11
[24],5,"lr1e-05,wd0.0",2,"lr=1e-05, wd=0.01",-1.908,12
[24],5,"lr1e-05,wd0.01",5,"lr=1e-04, wd=0.0",-2.7509,1
[24],5,"lr1e-05,wd0.01",3,"lr=3e-05, wd=0.0",-2.7403,2
[24],5,"lr1e-05,wd0.01",6,"lr=1e-04, wd=0.01",-2.7354,3
[24],5,"lr1e-05,wd0.01",7,"lr=3e-04, wd=0.0",-2.5847,4
[24],5,"lr1e-05,wd0.01",9,"lr=0.001, wd=0.0",-2.5161,5
[24],5,"lr1e-05,wd0.01",4,"lr=3e-05, wd=0.01",-2.4887,6
[24],5,"lr1e-05,wd0.01",8,"lr=3e-04, wd=0.01",-2.4472,7
[24],5,"lr1e-05,wd0.01",11,"lr=0.003, wd=0.0",-2.3864,8
[24],5,"lr1e-05,wd0.01",10,"lr=0.001, wd=0.01",-2.2889,9
[24],5,"lr1e-05,wd0.01",12,"lr=0.003, wd=0.01",-2.0005,10
[24],5,"lr1e-05,wd0.01",1,"lr=1e-05, wd=0.0",-1.976,11
[24],5,"lr1e-05,wd0.01",2,"lr=1e-05, wd=0.01",-1.9163,12
[24],5,"lr3e-05,wd0.0",5,"lr=1e-04, wd=0.0",-2.6942,1
[24],5,"lr3e-05,wd0.0",6,"lr=1e-04, wd=0.01",-2.3423,2
[24],5,"lr3e-05,wd0.0",11,"lr=0.003, wd=0.0",-2.2678,3
[24],5,"lr3e-05,wd0.0",9,"lr=0.001, wd=0.0",-2.2423,4
[24],5,"lr3e-05,wd0.0",7,"lr=3e-04, wd=0.0",-2.2262,5
[24],5,"lr3e-05,wd0.0",8,"lr=3e-04, wd=0.01",-2.196,6
[24],5,"lr3e-05,wd0.0",3,"lr=3e-05, wd=0.0",-2.1634,7
[24],5,"lr3e-05,wd0.0",4,"lr=3e-05, wd=0.01",-2.1417,8
[24],5,"lr3e-05,wd0.0",10,"lr=0.001, wd=0.01",-2.0887,9
[24],5,"lr3e-05,wd0.0",1,"lr=1e-05, wd=0.0",-2.0766,10
[24],5,"lr3e-05,wd0.0",2,"lr=1e-05, wd=0.01",-2.0183,11
[24],5,"lr3e-05,wd0.0",12,"lr=0.003, wd=0.01",-1.8835,12
[24],5,"lr3e-05,wd0.01",5,"lr=1e-04, wd=0.0",-3.5762,1
[24],5,"lr3e-05,wd0.01",7,"lr=3e-04, wd=0.0",-3.14,2
[24],5,"lr3e-05,wd0.01",6,"lr=1e-04, wd=0.01",-3.0073,3
[24],5,"lr3e-05,wd0.01",8,"lr=3e-04, wd=0.01",-2.7873,4
[24],5,"lr3e-05,wd0.01",9,"lr=0.001, wd=0.0",-2.6376,5
[24],5,"lr3e-05,wd0.01",11,"lr=0.003, wd=0.0",-2.5444,6
[24],5,"lr3e-05,wd0.01",3,"lr=3e-05, wd=0.0",-2.3318,7
[24],5,"lr3e-05,wd0.01",10,"lr=0.001, wd=0.01",-2.315,8
[24],5,"lr3e-05,wd0.01",4,"lr=3e-05, wd=0.01",-2.3032,9
[24],5,"lr3e-05,wd0.01",1,"lr=1e-05, wd=0.0",-2.1587,10
[24],5,"lr3e-05,wd0.01",2,"lr=1e-05, wd=0.01",-2.1124,11
[24],5,"lr3e-05,wd0.01",12,"lr=0.003, wd=0.01",-2.0233,12
[24],5,"lr0.0001,wd0.0",7,"lr=3e-04, wd=0.0",-2.7291,1
[24],5,"lr0.0001,wd0.0",5,"lr=1e-04, wd=0.0",-2.5557,2
[24],5,"lr0.0001,wd0.0",11,"lr=0.003, wd=0.0",-2.4658,3
[24],5,"lr0.0001,wd0.0",9,"lr=0.001, wd=0.0",-2.3512,4
[24],5,"lr0.0001,wd0.0",8,"lr=3e-04, wd=0.01",-2.3029,5
[24],5,"lr0.0001,wd0.0",6,"lr=1e-04, wd=0.01",-2.2986,6
[24],5,"lr0.0001,wd0.0",3,"lr=3e-05, wd=0.0",-2.1548,7
[24],5,"lr0.0001,wd0.0",4,"lr=3e-05, wd=0.01",-2.1128,8
[24],5,"lr0.0001,wd0.0",10,"lr=0.001, wd=0.01",-1.9776,9
[24],5,"lr0.0001,wd0.0",1,"lr=1e-05, wd=0.0",-1.9056,10
[24],5,"lr0.0001,wd0.0",12,"lr=0.003, wd=0.01",-1.9021,11
[24],5,"lr0.0001,wd0.0",2,"lr=1e-05, wd=0.01",-1.8342,12
[24],5,"lr0.0001,wd0.01",7,"lr=3e-04, wd=0.0",-3.36,1
[24],5,"lr0.0001,wd0.01",8,"lr=3e-04, wd=0.01",-2.9564,2
[24],5,"lr0.0001,wd0.01",5,"lr=1e-04, wd=0.0",-2.8827,3
[24],5,"lr0.0001,wd0.01",9,"lr=0.001, wd=0.0",-2.7907,4
[24],5,"lr0.0001,wd0.01",11,"lr=0.003, wd=0.0",-2.767,5
[24],5,"lr0.0001,wd0.01",6,"lr=1e-04, wd=0.01",-2.653,6
[24],5,"lr0.0001,wd0.01",10,"lr=0.001, wd=0.01",-2.5404,7
[24],5,"lr0.0001,wd0.01",3,"lr=3e-05, wd=0.0",-2.286,8
[24],5,"lr0.0001,wd0.01",4,"lr=3e-05, wd=0.01",-2.2831,9
[24],5,"lr0.0001,wd0.01",12,"lr=0.003, wd=0.01",-2.2119,10
[24],5,"lr0.0001,wd0.01",1,"lr=1e-05, wd=0.0",-2.0135,11
[24],5,"lr0.0001,wd0.01",2,"lr=1e-05, wd=0.01",-1.9516,12
[24],5,"lr0.0003,wd0.0",7,"lr=3e-04, wd=0.0",-2.4532,1
[24],5,"lr0.0003,wd0.0",9,"lr=0.001, wd=0.0",-2.4064,2
[24],5,"lr0.0003,wd0.0",5,"lr=1e-04, wd=0.0",-2.3186,3
[24],5,"lr0.0003,wd0.0",11,"lr=0.003, wd=0.0",-2.3,4
[24],5,"lr0.0003,wd0.0",8,"lr=3e-04, wd=0.01",-2.1994,5
[24],5,"lr0.0003,wd0.0",6,"lr=1e-04, wd=0.01",-2.1884,6
[24],5,"lr0.0003,wd0.0",3,"lr=3e-05, wd=0.0",-1.9596,7
[24],5,"lr0.0003,wd0.0",10,"lr=0.001, wd=0.01",-1.9279,8
[24],5,"lr0.0003,wd0.0",12,"lr=0.003, wd=0.01",-1.9118,9
[24],5,"lr0.0003,wd0.0",4,"lr=3e-05, wd=0.01",-1.9086,10
[24],5,"lr0.0003,wd0.0",1,"lr=1e-05, wd=0.0",-1.7059,11
[24],5,"lr0.0003,wd0.0",2,"lr=1e-05, wd=0.01",-1.6576,12
[24],5,"lr0.0003,wd0.01",7,"lr=3e-04, wd=0.0",-3.195,1
[24],5,"lr0.0003,wd0.01",11,"lr=0.003, wd=0.0",-3.1558,2
[24],5,"lr0.0003,wd0.01",9,"lr=0.001, wd=0.0",-3.1326,3
[24],5,"lr0.0003,wd0.01",8,"lr=3e-04, wd=0.01",-2.8082,4
[24],5,"lr0.0003,wd0.01",10,"lr=0.001, wd=0.01",-2.6182,5
[24],5,"lr0.0003,wd0.01",5,"lr=1e-04, wd=0.0",-2.544,6
[24],5,"lr0.0003,wd0.01",6,"lr=1e-04, wd=0.01",-2.5229,7
[24],5,"lr0.0003,wd0.01",12,"lr=0.003, wd=0.01",-2.3265,8
[24],5,"lr0.0003,wd0.01",4,"lr=3e-05, wd=0.01",-2.1678,9
[24],5,"lr0.0003,wd0.01",3,"lr=3e-05, wd=0.0",-2.1609,10
[24],5,"lr0.0003,wd0.01",1,"lr=1e-05, wd=0.0",-1.9116,11
[24],5,"lr0.0003,wd0.01",2,"lr=1e-05, wd=0.01",-1.8705,12
[24],5,"lr0.001,wd0.0",9,"lr=0.001, wd=0.0",-2.4076,1
[24],5,"lr0.001,wd0.0",7,"lr=3e-04, wd=0.0",-2.376,2
[24],5,"lr0.001,wd0.0",11,"lr=0.003, wd=0.0",-2.3265,3
[24],5,"lr0.001,wd0.0",8,"lr=3e-04, wd=0.01",-2.1497,4
[24],5,"lr0.001,wd0.0",5,"lr=1e-04, wd=0.0",-2.0634,5
[24],5,"lr0.001,wd0.0",10,"lr=0.001, wd=0.01",-1.9822,6
[24],5,"lr0.001,wd0.0",6,"lr=1e-04, wd=0.01",-1.9602,7
[24],5,"lr0.001,wd0.0",12,"lr=0.003, wd=0.01",-1.9355,8
[24],5,"lr0.001,wd0.0",3,"lr=3e-05, wd=0.0",-1.6952,9
[24],5,"lr0.001,wd0.0",4,"lr=3e-05, wd=0.01",-1.68,10
[24],5,"lr0.001,wd0.0",1,"lr=1e-05, wd=0.0",-1.5459,11
[24],5,"lr0.001,wd0.0",2,"lr=1e-05, wd=0.01",-1.5376,12
[24],5,"lr0.001,wd0.01",11,"lr=0.003, wd=0.0",-3.3484,1
[24],5,"lr0.001,wd0.01",9,"lr=0.001, wd=0.0",-3.1788,2
[24],5,"lr0.001,wd0.01",7,"lr=3e-04, wd=0.0",-2.9532,3
[24],5,"lr0.001,wd0.01",10,"lr=0.001, wd=0.01",-2.6346,4
[24],5,"lr0.001,wd0.01",8,"lr=3e-04, wd=0.01",-2.542,5
[24],5,"lr0.001,wd0.01",12,"lr=0.003, wd=0.01",-2.0171,6
[24],5,"lr0.001,wd0.01",5,"lr=1e-04, wd=0.0",-1.8391,7
[24],5,"lr0.001,wd0.01",6,"lr=1e-04, wd=0.01",-1.8205,8
[24],5,"lr0.001,wd0.01",4,"lr=3e-05, wd=0.01",-1.4967,9
[24],5,"lr0.001,wd0.01",3,"lr=3e-05, wd=0.0",-1.495,10
[24],5,"lr0.001,wd0.01",2,"lr=1e-05, wd=0.01",-1.3804,11
[24],5,"lr0.001,wd0.01",1,"lr=1e-05, wd=0.0",-1.3739,12
[24],5,"lr0.003,wd0.0",9,"lr=0.001, wd=0.0",-2.7311,1
[24],5,"lr0.003,wd0.0",11,"lr=0.003, wd=0.0",-2.6886,2
[24],5,"lr0.003,wd0.0",7,"lr=3e-04, wd=0.0",-2.4014,3
[24],5,"lr0.003,wd0.0",8,"lr=3e-04, wd=0.01",-2.0307,4
[24],5,"lr0.003,wd0.0",10,"lr=0.001, wd=0.01",-1.9441,5
[24],5,"lr0.003,wd0.0",12,"lr=0.003, wd=0.01",-1.8802,6
[24],5,"lr0.003,wd0.0",5,"lr=1e-04, wd=0.0",-1.8374,7
[24],5,"lr0.003,wd0.0",6,"lr=1e-04, wd=0.01",-1.734,8
[24],5,"lr0.003,wd0.0",3,"lr=3e-05, wd=0.0",-1.5213,9
[24],5,"lr0.003,wd0.0",4,"lr=3e-05, wd=0.01",-1.5165,10
[24],5,"lr0.003,wd0.0",1,"lr=1e-05, wd=0.0",-1.3899,11
[24],5,"lr0.003,wd0.0",2,"lr=1e-05, wd=0.01",-1.3881,12
[24],5,"lr0.003,wd0.01",12,"lr=0.003, wd=0.01",-2.6786,1
[24],5,"lr0.003,wd0.01",10,"lr=0.001, wd=0.01",-2.4995,2
[24],5,"lr0.003,wd0.01",11,"lr=0.003, wd=0.0",-2.366,3
[24],5,"lr0.003,wd0.01",9,"lr=0.001, wd=0.0",-2.2911,4
[24],5,"lr0.003,wd0.01",8,"lr=3e-04, wd=0.01",-2.1812,5
[24],5,"lr0.003,wd0.01",7,"lr=3e-04, wd=0.0",-2.1756,6
[24],5,"lr0.003,wd0.01",2,"lr=1e-05, wd=0.01",-1.8208,7
[24],5,"lr0.003,wd0.01",1,"lr=1e-05, wd=0.0",-1.7552,8
[24],5,"lr0.003,wd0.01",6,"lr=1e-04, wd=0.01",-1.719,9
[24],5,"lr0.003,wd0.01",4,"lr=3e-05, wd=0.01",-1.7151,10
[24],5,"lr0.003,wd0.01",5,"lr=1e-04, wd=0.0",-1.7102,11
[24],5,"lr0.003,wd0.01",3,"lr=3e-05, wd=0.0",-1.6832,12
[24],10,"lr1e-05,wd0.0",3,"lr=3e-05, wd=0.0",-2.9655,1
[24],10,"lr1e-05,wd0.0",4,"lr=3e-05, wd=0.01",-2.774,2
[24],10,"lr1e-05,wd0.0",9,"lr=0.001, wd=0.0",-2.6211,3
[24],10,"lr1e-05,wd0.0",8,"lr=3e-04, wd=0.01",-2.5754,4
[24],10,"lr1e-05,wd0.0",11,"lr=0.003, wd=0.0",-2.5519,5
[24],10,"lr1e-05,wd0.0",7,"lr=3e-04, wd=0.0",-2.4473,6
[24],10,"lr1e-05,wd0.0",10,"lr=0.001, wd=0.01",-2.3692,7
[24],10,"lr1e-05,wd0.0",1,"lr=1e-05, wd=0.0",-2.313,8
[24],10,"lr1e-05,wd0.0",2,"lr=1e-05, wd=0.01",-2.269,9
[24],10,"lr1e-05,wd0.0",12,"lr=0.003, wd=0.01",-2.1651,10
[24],10,"lr1e-05,wd0.0",5,"lr=1e-04, wd=0.0",-1.9346,11
[24],10,"lr1e-05,wd0.0",6,"lr=1e-04, wd=0.01",-0.8386,12
[24],10,"lr1e-05,wd0.01",3,"lr=3e-05, wd=0.0",-3.4077,1
[24],10,"lr1e-05,wd0.01",4,"lr=3e-05, wd=0.01",-3.1596,2
[24],10,"lr1e-05,wd0.01",5,"lr=1e-04, wd=0.0",-2.8515,3
[24],10,"lr1e-05,wd0.01",8,"lr=3e-04, wd=0.01",-2.8412,4
[24],10,"lr1e-05,wd0.01",7,"lr=3e-04, wd=0.0",-2.8238,5
[24],10,"lr1e-05,wd0.01",9,"lr=0.001, wd=0.0",-2.7397,6
[24],10,"lr1e-05,wd0.01",11,"lr=0.003, wd=0.0",-2.6797,7
[24],10,"lr1e-05,wd0.01",10,"lr=0.001, wd=0.01",-2.4767,8
[24],10,"lr1e-05,wd0.01",1,"lr=1e-05, wd=0.0",-2.3366,9
[24],10,"lr1e-05,wd0.01",2,"lr=1e-05, wd=0.01",-2.3073,10
[24],10,"lr1e-05,wd0.01",12,"lr=0.003, wd=0.01",-2.256,11
[24],10,"lr1e-05,wd0.01",6,"lr=1e-04, wd=0.01",-2.1401,12
[24],10,"lr3e-05,wd0.0",5,"lr=1e-04, wd=0.0",-2.8865,1
[24],10,"lr3e-05,wd0.0",8,"lr=3e-04, wd=0.01",-2.7753,2
[24],10,"lr3e-05,wd0.0",11,"lr=0.003, wd=0.0",-2.7536,3
[24],10,"lr3e-05,wd0.0",3,"lr=3e-05, wd=0.0",-2.7363,4
[24],10,"lr3e-05,wd0.0",4,"lr=3e-05, wd=0.01",-2.6963,5
[24],10,"lr3e-05,wd0.0",9,"lr=0.001, wd=0.0",-2.6044,6
[24],10,"lr3e-05,wd0.0",6,"lr=1e-04, wd=0.01",-2.6038,7
[24],10,"lr3e-05,wd0.0",1,"lr=1e-05, wd=0.0",-2.5538,8
[24],10,"lr3e-05,wd0.0",2,"lr=1e-05, wd=0.01",-2.4862,9
[24],10,"lr3e-05,wd0.0",10,"lr=0.001, wd=0.01",-2.3285,10
[24],10,"lr3e-05,wd0.0",12,"lr=0.003, wd=0.01",-2.0443,11
[24],10,"lr3e-05,wd0.0",7,"lr=3e-04, wd=0.0",-1.726,12
[24],10,"lr3e-05,wd0.01",5,"lr=1e-04, wd=0.0",-3.922,1
[24],10,"lr3e-05,wd0.01",7,"lr=3e-04, wd=0.0",-3.6034,2
[24],10,"lr3e-05,wd0.01",6,"lr=1e-04, wd=0.01",-3.5433,3
[24],10,"lr3e-05,wd0.01",8,"lr=3e-04, wd=0.01",-3.4973,4
[24],10,"lr3e-05,wd0.01",9,"lr=0.001, wd=0.0",-3.232,5
[24],10,"lr3e-05,wd0.01",11,"lr=0.003, wd=0.0",-3.0991,6
[24],10,"lr3e-05,wd0.01",3,"lr=3e-05, wd=0.0",-2.8858,7
[24],10,"lr3e-05,wd0.01",4,"lr=3e-05, wd=0.01",-2.8771,8
[24],10,"lr3e-05,wd0.01",1,"lr=1e-05, wd=0.0",-2.6515,9
[24],10,"lr3e-05,wd0.01",2,"lr=1e-05, wd=0.01",-2.5756,10
[24],10,"lr3e-05,wd0.01",10,"lr=0.001, wd=0.01",-2.5728,11
[24],10,"lr3e-05,wd0.01",12,"lr=0.003, wd=0.01",-2.1513,12
[24],10,"lr0.0001,wd0.0",7,"lr=3e-04, wd=0.0",-3.0497,1
[24],10,"lr0.0001,wd0.0",5,"lr=1e-04, wd=0.0",-2.9012,2
[24],10,"lr0.0001,wd0.0",9,"lr=0.001, wd=0.0",-2.7994,3
[24],10,"lr0.0001,wd0.0",6,"lr=1e-04, wd=0.01",-2.6766,4
[24],10,"lr0.0001,wd0.0",11,"lr=0.003, wd=0.0",-2.6311,5
[24],10,"lr0.0001,wd0.0",3,"lr=3e-05, wd=0.0",-2.6016,6
[24],10,"lr0.0001,wd0.0",4,"lr=3e-05, wd=0.01",-2.5381,7
[24],10,"lr0.0001,wd0.0",8,"lr=3e-04, wd=0.01",-2.5299,8
[24],10,"lr0.0001,wd0.0",1,"lr=1e-05, wd=0.0",-2.3235,9
[24],10,"lr0.0001,wd0.0",2,"lr=1e-05, wd=0.01",-2.2456,10
[24],10,"lr0.0001,wd0.0",12,"lr=0.003, wd=0.01",-2.1163,11
[24],10,"lr0.0001,wd0.0",10,"lr=0.001, wd=0.01",-2.0922,12
[24],10,"lr0.0001,wd0.01",7,"lr=3e-04, wd=0.0",-3.6085,1
[24],10,"lr0.0001,wd0.01",8,"lr=3e-04, wd=0.01",-3.4617,2
[24],10,"lr0.0001,wd0.01",11,"lr=0.003, wd=0.0",-3.4288,3
[24],10,"lr0.0001,wd0.01",5,"lr=1e-04, wd=0.0",-3.3166,4
[24],10,"lr0.0001,wd0.01",9,"lr=0.001, wd=0.0",-3.2066,5
[24],10,"lr0.0001,wd0.01",6,"lr=1e-04, wd=0.01",-3.1129,6
[24],10,"lr0.0001,wd0.01",4,"lr=3e-05, wd=0.01",-2.9039,7
[24],10,"lr0.0001,wd0.01",3,"lr=3e-05, wd=0.0",-2.8907,8
[24],10,"lr0.0001,wd0.01",10,"lr=0.001, wd=0.01",-2.6665,9
[24],10,"lr0.0001,wd0.01",1,"lr=1e-05, wd=0.0",-2.6253,10
[24],10,"lr0.0001,wd0.01",2,"lr=1e-05, wd=0.01",-2.5414,11
[24],10,"lr0.0001,wd0.01",12,"lr=0.003, wd=0.01",-2.3989,12
[24],10,"lr0.0003,wd0.0",7,"lr=3e-04, wd=0.0",-2.5858,1
[24],10,"lr0.0003,wd0.0",9,"lr=0.001, wd=0.0",-2.5036,2
[24],10,"lr0.0003,wd0.0",5,"lr=1e-04, wd=0.0",-2.4074,3
[24],10,"lr0.0003,wd0.0",8,"lr=3e-04, wd=0.01",-2.3963,4
[24],10,"lr0.0003,wd0.0",11,"lr=0.003, wd=0.0",-2.3951,5
[24],10,"lr0.0003,wd0.0",6,"lr=1e-04, wd=0.01",-2.3608,6
[24],10,"lr0.0003,wd0.0",4,"lr=3e-05, wd=0.01",-2.1861,7
[24],10,"lr0.0003,wd0.0",3,"lr=3e-05, wd=0.0",-2.1849,8
[24],10,"lr0.0003,wd0.0",10,"lr=0.001, wd=0.01",-2.1633,9
[24],10,"lr0.0003,wd0.0",12,"lr=0.003, wd=0.01",-2.1183,10
[24],10,"lr0.0003,wd0.0",1,"lr=1e-05, wd=0.0",-1.9961,11
[24],10,"lr0.0003,wd0.0",2,"lr=1e-05, wd=0.01",-1.95,12
[24],10,"lr0.0003,wd0.01",7,"lr=3e-04, wd=0.0",-3.6525,1
[24],10,"lr0.0003,wd0.01",11,"lr=0.003, wd=0.0",-3.4678,2
[24],10,"lr0.0003,wd0.01",8,"lr=3e-04, wd=0.01",-3.2981,3
[24],10,"lr0.0003,wd0.01",9,"lr=0.001, wd=0.0",-3.1534,4
[24],10,"lr0.0003,wd0.01",5,"lr=1e-04, wd=0.0",-2.9508,5
[24],10,"lr0.0003,wd0.01",10,"lr=0.001, wd=0.01",-2.9326,6
[24],10,"lr0.0003,wd0.01",6,"lr=1e-04, wd=0.01",-2.9312,7
[24],10,"lr0.0003,wd0.01",12,"lr=0.003, wd=0.01",-2.6319,8
[24],10,"lr0.0003,wd0.01",4,"lr=3e-05, wd=0.01",-2.6094,9
[24],10,"lr0.0003,wd0.01",3,"lr=3e-05, wd=0.0",-2.5892,10
[24],10,"lr0.0003,wd0.01",1,"lr=1e-05, wd=0.0",-2.3344,11
[24],10,"lr0.0003,wd0.01",2,"lr=1e-05, wd=0.01",-2.2939,12
[24],10,"lr0.001,wd0.0",9,"lr=0.001, wd=0.0",-2.5877,1
[24],10,"lr0.001,wd0.0",7,"lr=3e-04, wd=0.0",-2.5839,2
[24],10,"lr0.001,wd0.0",11,"lr=0.003, wd=0.0",-2.5298,3
[24],10,"lr0.001,wd0.0",5,"lr=1e-04, wd=0.0",-2.4047,4
[24],10,"lr0.001,wd0.0",8,"lr=3e-04, wd=0.01",-2.3974,5
[24],10,"lr0.001,wd0.0",6,"lr=1e-04, wd=0.01",-2.3281,6
[24],10,"lr0.001,wd0.0",10,"lr=0.001, wd=0.01",-2.2706,7
[24],10,"lr0.001,wd0.0",12,"lr=0.003, wd=0.01",-2.2499,8
[24],10,"lr0.001,wd0.0",3,"lr=3e-05, wd=0.0",-2.1669,9
[24],10,"lr0.001,wd0.0",4,"lr=3e-05, wd=0.01",-2.1476,10
[24],10,"lr0.001,wd0.0",1,"lr=1e-05, wd=0.0",-1.948,11
[24],10,"lr0.001,wd0.0",2,"lr=1e-05, wd=0.01",-1.9164,12
[24],10,"lr0.001,wd0.01",7,"lr=3e-04, wd=0.0",-3.4949,1
[24],10,"lr0.001,wd0.01",10,"lr=0.001, wd=0.01",-3.3959,2
[24],10,"lr0.001,wd0.01",8,"lr=3e-04, wd=0.01",-3.3632,3
[24],10,"lr0.001,wd0.01",11,"lr=0.003, wd=0.0",-3.1563,4
[24],10,"lr0.001,wd0.01",9,"lr=0.001, wd=0.0",-3.1457,5
[24],10,"lr0.001,wd0.01",12,"lr=0.003, wd=0.01",-2.7461,6
[24],10,"lr0.001,wd0.01",6,"lr=1e-04, wd=0.01",-2.7067,7
[24],10,"lr0.001,wd0.01",5,"lr=1e-04, wd=0.0",-2.6416,8
[24],10,"lr0.001,wd0.01",3,"lr=3e-05, wd=0.0",-2.3723,9
[24],10,"lr0.001,wd0.01",4,"lr=3e-05, wd=0.01",-2.3223,10
[24],10,"lr0.001,wd0.01",1,"lr=1e-05, wd=0.0",-2.0213,11
[24],10,"lr0.001,wd0.01",2,"lr=1e-05, wd=0.01",-1.9706,12
[24],10,"lr0.003,wd0.0",9,"lr=0.001, wd=0.0",-3.2036,1
[24],10,"lr0.003,wd0.0",11,"lr=0.003, wd=0.0",-3.12,2
[24],10,"lr0.003,wd0.0",7,"lr=3e-04, wd=0.0",-2.996,3
[24],10,"lr0.003,wd0.0",8,"lr=3e-04, wd=0.01",-2.6965,4
[24],10,"lr0.003,wd0.0",5,"lr=1e-04, wd=0.0",-2.6511,5
[24],10,"lr0.003,wd0.0",6,"lr=1e-04, wd=0.01",-2.5673,6
[24],10,"lr0.003,wd0.0",10,"lr=0.001, wd=0.01",-2.487,7
[24],10,"lr0.003,wd0.0",12,"lr=0.003, wd=0.01",-2.4462,8
[24],10,"lr0.003,wd0.0",3,"lr=3e-05, wd=0.0",-2.2981,9
[24],10,"lr0.003,wd0.0",4,"lr=3e-05, wd=0.01",-2.2738,10
[24],10,"lr0.003,wd0.0",1,"lr=1e-05, wd=0.0",-2.0749,11
[24],10,"lr0.003,wd0.0",2,"lr=1e-05, wd=0.01",-2.0481,12
[24],10,"lr0.003,wd0.01",10,"lr=0.001, wd=0.01",-3.4009,1
[24],10,"lr0.003,wd0.01",12,"lr=0.003, wd=0.01",-3.2861,2
[24],10,"lr0.003,wd0.01",8,"lr=3e-04, wd=0.01",-3.2751,3
[24],10,"lr0.003,wd0.01",7,"lr=3e-04, wd=0.0",-3.2024,4
[24],10,"lr0.003,wd0.01",9,"lr=0.001, wd=0.0",-3.1577,5
[24],10,"lr0.003,wd0.01",11,"lr=0.003, wd=0.0",-3.1074,6
[24],10,"lr0.003,wd0.01",6,"lr=1e-04, wd=0.01",-2.2969,7
[24],10,"lr0.003,wd0.01",5,"lr=1e-04, wd=0.0",-2.2708,8
[24],10,"lr0.003,wd0.01",4,"lr=3e-05, wd=0.01",-1.9051,9
[24],10,"lr0.003,wd0.01",3,"lr=3e-05, wd=0.0",-1.9001,10
[24],10,"lr0.003,wd0.01",2,"lr=1e-05, wd=0.01",-1.7605,11
[24],10,"lr0.003,wd0.01",1,"lr=1e-05, wd=0.0",-1.7406,12
[24],20,"lr1e-05,wd0.0",7,"lr=3e-04, wd=0.0",-3.4975,1
[24],20,"lr1e-05,wd0.0",3,"lr=3e-05, wd=0.0",-3.4681,2
[24],20,"lr1e-05,wd0.0",8,"lr=3e-04, wd=0.01",-3.3543,3
[24],20,"lr1e-05,wd0.0",4,"lr=3e-05, wd=0.01",-3.3035,4
[24],20,"lr1e-05,wd0.0",5,"lr=1e-04, wd=0.0",-3.176,5
[24],20,"lr1e-05,wd0.0",9,"lr=0.001, wd=0.0",-3.0161,6
[24],20,"lr1e-05,wd0.0",11,"lr=0.003, wd=0.0",-2.9369,7
[24],20,"lr1e-05,wd0.0",6,"lr=1e-04, wd=0.01",-2.9303,8
[24],20,"lr1e-05,wd0.0",1,"lr=1e-05, wd=0.0",-2.7509,9
[24],20,"lr1e-05,wd0.0",10,"lr=0.001, wd=0.01",-2.7225,10
[24],20,"lr1e-05,wd0.0",2,"lr=1e-05, wd=0.01",-2.6159,11
[24],20,"lr1e-05,wd0.0",12,"lr=0.003, wd=0.01",-2.5128,12
[24],20,"lr1e-05,wd0.01",5,"lr=1e-04, wd=0.0",-3.8675,1
[24],20,"lr1e-05,wd0.01",3,"lr=3e-05, wd=0.0",-3.8113,2
[24],20,"lr1e-05,wd0.01",4,"lr=3e-05, wd=0.01",-3.6736,3
[24],20,"lr1e-05,wd0.01",6,"lr=1e-04, wd=0.01",-3.5876,4
[24],20,"lr1e-05,wd0.01",7,"lr=3e-04, wd=0.0",-3.5548,5
[24],20,"lr1e-05,wd0.01",8,"lr=3e-04, wd=0.01",-3.415,6
[24],20,"lr1e-05,wd0.01",9,"lr=0.001, wd=0.0",-3.0561,7
[24],20,"lr1e-05,wd0.01",11,"lr=0.003, wd=0.0",-2.9624,8
[24],20,"lr1e-05,wd0.01",1,"lr=1e-05, wd=0.0",-2.8348,9
[24],20,"lr1e-05,wd0.01",10,"lr=0.001, wd=0.01",-2.7515,10
[24],20,"lr1e-05,wd0.01",2,"lr=1e-05, wd=0.01",-2.7309,11
[24],20,"lr1e-05,wd0.01",12,"lr=0.003, wd=0.01",-2.5371,12
[24],20,"lr3e-05,wd0.0",5,"lr=1e-04, wd=0.0",-3.5578,1
[24],20,"lr3e-05,wd0.0",7,"lr=3e-04, wd=0.0",-3.2903,2
[24],20,"lr3e-05,wd0.0",6,"lr=1e-04, wd=0.01",-3.2608,3
[24],20,"lr3e-05,wd0.0",3,"lr=3e-05, wd=0.0",-3.1821,4
[24],20,"lr3e-05,wd0.0",8,"lr=3e-04, wd=0.01",-3.1171,5
[24],20,"lr3e-05,wd0.0",9,"lr=0.001, wd=0.0",-3.1169,6
[24],20,"lr3e-05,wd0.0",4,"lr=3e-05, wd=0.01",-3.0794,7
[24],20,"lr3e-05,wd0.0",11,"lr=0.003, wd=0.0",-3.0198,8
[24],20,"lr3e-05,wd0.0",1,"lr=1e-05, wd=0.0",-2.8548,9
[24],20,"lr3e-05,wd0.0",2,"lr=1e-05, wd=0.01",-2.8196,10
[24],20,"lr3e-05,wd0.0",10,"lr=0.001, wd=0.01",-2.5001,11
[24],20,"lr3e-05,wd0.0",12,"lr=0.003, wd=0.01",-2.3471,12
[24],20,"lr3e-05,wd0.01",5,"lr=1e-04, wd=0.0",-4.0139,1
[24],20,"lr3e-05,wd0.01",8,"lr=3e-04, wd=0.01",-3.8245,2
[24],20,"lr3e-05,wd0.01",6,"lr=1e-04, wd=0.01",-3.7884,3
[24],20,"lr3e-05,wd0.01",7,"lr=3e-04, wd=0.0",-3.6424,4
[24],20,"lr3e-05,wd0.01",9,"lr=0.001, wd=0.0",-3.5715,5
[24],20,"lr3e-05,wd0.01",11,"lr=0.003, wd=0.0",-3.5407,6
[24],20,"lr3e-05,wd0.01",3,"lr=3e-05, wd=0.0",-3.3426,7
[24],20,"lr3e-05,wd0.01",4,"lr=3e-05, wd=0.01",-3.3399,8
[24],20,"lr3e-05,wd0.01",10,"lr=0.001, wd=0.01",-3.0306,9
[24],20,"lr3e-05,wd0.01",1,"lr=1e-05, wd=0.0",-2.9443,10
[24],20,"lr3e-05,wd0.01",2,"lr=1e-05, wd=0.01",-2.8783,11
[24],20,"lr3e-05,wd0.01",12,"lr=0.003, wd=0.01",-2.5545,12
[24],20,"lr0.0001,wd0.0",7,"lr=3e-04, wd=0.0",-3.0192,1
[24],20,"lr0.0001,wd0.0",5,"lr=1e-04, wd=0.0",-2.9202,2
[24],20,"lr0.0001,wd0.0",6,"lr=1e-04, wd=0.01",-2.8099,3
[24],20,"lr0.0001,wd0.0",8,"lr=3e-04, wd=0.01",-2.7486,4
[24],20,"lr0.0001,wd0.0",9,"lr=0.001, wd=0.0",-2.7117,5
[24],20,"lr0.0001,wd0.0",3,"lr=3e-05, wd=0.0",-2.6955,6
[24],20,"lr0.0001,wd0.0",4,"lr=3e-05, wd=0.01",-2.6896,7
[24],20,"lr0.0001,wd0.0",11,"lr=0.003, wd=0.0",-2.6607,8
[24],20,"lr0.0001,wd0.0",1,"lr=1e-05, wd=0.0",-2.5719,9
[24],20,"lr0.0001,wd0.0",2,"lr=1e-05, wd=0.01",-2.5339,10
[24],20,"lr0.0001,wd0.0",10,"lr=0.001, wd=0.01",-2.4709,11
[24],20,"lr0.0001,wd0.0",12,"lr=0.003, wd=0.01",-2.4254,12
[24],20,"lr0.0001,wd0.01",7,"lr=3e-04, wd=0.0",-3.8247,1
[24],20,"lr0.0001,wd0.01",5,"lr=1e-04, wd=0.0",-3.6627,2
[24],20,"lr0.0001,wd0.01",8,"lr=3e-04, wd=0.01",-3.6551,3
[24],20,"lr0.0001,wd0.01",11,"lr=0.003, wd=0.0",-3.641,4
[24],20,"lr0.0001,wd0.01",9,"lr=0.001, wd=0.0",-3.6128,5
[24],20,"lr0.0001,wd0.01",6,"lr=1e-04, wd=0.01",-3.4144,6
[24],20,"lr0.0001,wd0.01",3,"lr=3e-05, wd=0.0",-3.188,7
[24],20,"lr0.0001,wd0.01",4,"lr=3e-05, wd=0.01",-3.1662,8
[24],20,"lr0.0001,wd0.01",10,"lr=0.001, wd=0.01",-2.9945,9
[24],20,"lr0.0001,wd0.01",1,"lr=1e-05, wd=0.0",-2.9112,10
[24],20,"lr0.0001,wd0.01",2,"lr=1e-05, wd=0.01",-2.8593,11
[24],20,"lr0.0001,wd0.01",12,"lr=0.003, wd=0.01",-2.7568,12
[24],20,"lr0.0003,wd0.0",9,"lr=0.001, wd=0.0",-2.4897,1
[24],20,"lr0.0003,wd0.0",11,"lr=0.003, wd=0.0",-2.4183,2
[24],20,"lr0.0003,wd0.0",10,"lr=0.001, wd=0.01",-2.2833,3
[24],20,"lr0.0003,wd0.0",8,"lr=3e-04, wd=0.01",-2.2172,4
[24],20,"lr0.0003,wd0.0",6,"lr=1e-04, wd=0.01",-2.1734,5
[24],20,"lr0.0003,wd0.0",2,"lr=1e-05, wd=0.01",-2.1575,6
[24],20,"lr0.0003,wd0.0",1,"lr=1e-05, wd=0.0",-2.1491,7
[24],20,"lr0.0003,wd0.0",12,"lr=0.003, wd=0.01",-2.1223,8
[24],20,"lr0.0003,wd0.0",7,"lr=3e-04, wd=0.0",-1.9957,9
[24],20,"lr0.0003,wd0.0",4,"lr=3e-05, wd=0.01",-1.9878,10
[24],20,"lr0.0003,wd0.0",3,"lr=3e-05, wd=0.0",-1.9128,11
[24],20,"lr0.0003,wd0.0",5,"lr=1e-04, wd=0.0",-1.9128,12
[24],20,"lr0.0003,wd0.01",11,"lr=0.003, wd=0.0",-3.6235,1
[24],20,"lr0.0003,wd0.01",8,"lr=3e-04, wd=0.01",-3.6041,2
[24],20,"lr0.0003,wd0.01",7,"lr=3e-04, wd=0.0",-3.5884,3
[24],20,"lr0.0003,wd0.01",5,"lr=1e-04, wd=0.0",-3.3555,4
[24],20,"lr0.0003,wd0.01",10,"lr=0.001, wd=0.01",-3.2758,5
[24],20,"lr0.0003,wd0.01",9,"lr=0.001, wd=0.0",-3.2211,6
[24],20,"lr0.0003,wd0.01",6,"lr=1e-04, wd=0.01",-3.2091,7
[24],20,"lr0.0003,wd0.01",12,"lr=0.003, wd=0.01",-2.9513,8
[24],20,"lr0.0003,wd0.01",3,"lr=3e-05, wd=0.0",-2.9167,9
[24],20,"lr0.0003,wd0.01",4,"lr=3e-05, wd=0.01",-2.8576,10
[24],20,"lr0.0003,wd0.01",1,"lr=1e-05, wd=0.0",-2.4906,11
[24],20,"lr0.0003,wd0.01",2,"lr=1e-05, wd=0.01",-2.4735,12
[24],20,"lr0.001,wd0.0",9,"lr=0.001, wd=0.0",-2.5028,1
[24],20,"lr0.001,wd0.0",10,"lr=0.001, wd=0.01",-2.3974,2
[24],20,"lr0.001,wd0.0",11,"lr=0.003, wd=0.0",-2.38,3
[24],20,"lr0.001,wd0.0",12,"lr=0.003, wd=0.01",-2.2897,4
[24],20,"lr0.001,wd0.0",8,"lr=3e-04, wd=0.01",-2.2676,5
[24],20,"lr0.001,wd0.0",1,"lr=1e-05, wd=0.0",-2.2512,6
[24],20,"lr0.001,wd0.0",2,"lr=1e-05, wd=0.01",-2.2508,7
[24],20,"lr0.001,wd0.0",6,"lr=1e-04, wd=0.01",-2.1438,8
[24],20,"lr0.001,wd0.0",4,"lr=3e-05, wd=0.01",-2.1364,9
[24],20,"lr0.001,wd0.0",3,"lr=3e-05, wd=0.0",-2.1269,10
[24],20,"lr0.001,wd0.0",5,"lr=1e-04, wd=0.0",-2.005,11
[24],20,"lr0.001,wd0.0",7,"lr=3e-04, wd=0.0",-1.8558,12
[24],20,"lr0.001,wd0.01",8,"lr=3e-04, wd=0.01",-3.5791,1
[24],20,"lr0.001,wd0.01",10,"lr=0.001, wd=0.01",-3.5736,2
[24],20,"lr0.001,wd0.01",7,"lr=3e-04, wd=0.0",-3.3206,3
[24],20,"lr0.001,wd0.01",5,"lr=1e-04, wd=0.0",-3.0633,4
[24],20,"lr0.001,wd0.01",12,"lr=0.003, wd=0.01",-3.0285,5
[24],20,"lr0.001,wd0.01",11,"lr=0.003, wd=0.0",-2.9945,6
[24],20,"lr0.001,wd0.01",6,"lr=1e-04, wd=0.01",-2.9604,7
[24],20,"lr0.001,wd0.01",9,"lr=0.001, wd=0.0",-2.8164,8
[24],20,"lr0.001,wd0.01",3,"lr=3e-05, wd=0.0",-2.4809,9
[24],20,"lr0.001,wd0.01",4,"lr=3e-05, wd=0.01",-2.4328,10
[24],20,"lr0.001,wd0.01",2,"lr=1e-05, wd=0.01",-2.1477,11
[24],20,"lr0.001,wd0.01",1,"lr=1e-05, wd=0.0",-2.1474,12
[24],20,"lr0.003,wd0.0",9,"lr=0.001, wd=0.0",-2.9819,1
[24],20,"lr0.003,wd0.0",11,"lr=0.003, wd=0.0",-2.8637,2
[24],20,"lr0.003,wd0.0",7,"lr=3e-04, wd=0.0",-2.7438,3
[24],20,"lr0.003,wd0.0",8,"lr=3e-04, wd=0.01",-2.7003,4
[24],20,"lr0.003,wd0.0",5,"lr=1e-04, wd=0.0",-2.6404,5
[24],20,"lr0.003,wd0.0",10,"lr=0.001, wd=0.01",-2.6179,6
[24],20,"lr0.003,wd0.0",6,"lr=1e-04, wd=0.01",-2.5969,7
[24],20,"lr0.003,wd0.0",12,"lr=0.003, wd=0.01",-2.5615,8
[24],20,"lr0.003,wd0.0",3,"lr=3e-05, wd=0.0",-2.4583,9
[24],20,"lr0.003,wd0.0",4,"lr=3e-05, wd=0.01",-2.4525,10
[24],20,"lr0.003,wd0.0",1,"lr=1e-05, wd=0.0",-2.3053,11
[24],20,"lr0.003,wd0.0",2,"lr=1e-05, wd=0.01",-2.284,12
[24],20,"lr0.003,wd0.01",12,"lr=0.003, wd=0.01",-3.4927,1
[24],20,"lr0.003,wd0.01",6,"lr=1e-04, wd=0.01",-2.9391,2
[24],20,"lr0.003,wd0.01",7,"lr=3e-04, wd=0.0",-2.8969,3
[24],20,"lr0.003,wd0.01",5,"lr=1e-04, wd=0.0",-2.7617,4
[24],20,"lr0.003,wd0.01",3,"lr=3e-05, wd=0.0",-2.7518,5
[24],20,"lr0.003,wd0.01",4,"lr=3e-05, wd=0.01",-2.7354,6
[24],20,"lr0.003,wd0.01",10,"lr=0.001, wd=0.01",-2.6343,7
[24],20,"lr0.003,wd0.01",9,"lr=0.001, wd=0.0",-2.4972,8
[24],20,"lr0.003,wd0.01",1,"lr=1e-05, wd=0.0",-2.4598,9
[24],20,"lr0.003,wd0.01",2,"lr=1e-05, wd=0.01",-2.4226,10
[24],20,"lr0.003,wd0.01",11,"lr=0.003, wd=0.0",-2.2385,11
[24],20,"lr0.003,wd0.01",8,"lr=3e-04, wd=0.01",-2.1834,12
[24],50,"lr1e-05,wd0.0",5,"lr=1e-04, wd=0.0",-4.0835,1
[24],50,"lr1e-05,wd0.0",6,"lr=1e-04, wd=0.01",-4.0726,2
[24],50,"lr1e-05,wd0.0",7,"lr=3e-04, wd=0.0",-4.0675,3
[24],50,"lr1e-05,wd0.0",8,"lr=3e-04, wd=0.01",-4.0636,4
[24],50,"lr1e-05,wd0.0",4,"lr=3e-05, wd=0.01",-4.0377,5
[24],50,"lr1e-05,wd0.0",3,"lr=3e-05, wd=0.0",-4.0248,6
[24],50,"lr1e-05,wd0.0",11,"lr=0.003, wd=0.0",-3.9845,7
[24],50,"lr1e-05,wd0.0",10,"lr=0.001, wd=0.01",-3.9714,8
[24],50,"lr1e-05,wd0.0",9,"lr=0.001, wd=0.0",-3.9664,9
[24],50,"lr1e-05,wd0.0",12,"lr=0.003, wd=0.01",-3.8317,10
[24],50,"lr1e-05,wd0.0",1,"lr=1e-05, wd=0.0",-3.6396,11
[24],50,"lr1e-05,wd0.0",2,"lr=1e-05, wd=0.01",-3.5303,12
[24],50,"lr1e-05,wd0.01",5,"lr=1e-04, wd=0.0",-4.1981,1
[24],50,"lr1e-05,wd0.01",6,"lr=1e-04, wd=0.01",-4.1886,2
[24],50,"lr1e-05,wd0.01",7,"lr=3e-04, wd=0.0",-4.1467,3
[24],50,"lr1e-05,wd0.01",8,"lr=3e-04, wd=0.01",-4.138,4
[24],50,"lr1e-05,wd0.01",3,"lr=3e-05, wd=0.0",-4.1298,5
[24],50,"lr1e-05,wd0.01",4,"lr=3e-05, wd=0.01",-4.126,6
[24],50,"lr1e-05,wd0.01",11,"lr=0.003, wd=0.0",-4.0634,7
[24],50,"lr1e-05,wd0.01",9,"lr=0.001, wd=0.0",-4.0586,8
[24],50,"lr1e-05,wd0.01",10,"lr=0.001, wd=0.01",-4.0365,9
[24],50,"lr1e-05,wd0.01",12,"lr=0.003, wd=0.01",-3.8268,10
[24],50,"lr1e-05,wd0.01",1,"lr=1e-05, wd=0.0",-3.7408,11
[24],50,"lr1e-05,wd0.01",2,"lr=1e-05, wd=0.01",-3.6376,12
[24],50,"lr3e-05,wd0.0",5,"lr=1e-04, wd=0.0",-4.0847,1
[24],50,"lr3e-05,wd0.0",6,"lr=1e-04, wd=0.01",-3.9973,2
[24],50,"lr3e-05,wd0.0",7,"lr=3e-04, wd=0.0",-3.9625,3
[24],50,"lr3e-05,wd0.0",3,"lr=3e-05, wd=0.0",-3.932,4
[24],50,"lr3e-05,wd0.0",8,"lr=3e-04, wd=0.01",-3.9148,5
[24],50,"lr3e-05,wd0.0",11,"lr=0.003, wd=0.0",-3.9068,6
[24],50,"lr3e-05,wd0.0",4,"lr=3e-05, wd=0.01",-3.8451,7
[24],50,"lr3e-05,wd0.0",9,"lr=0.001, wd=0.0",-3.8117,8
[24],50,"lr3e-05,wd0.0",10,"lr=0.001, wd=0.01",-3.7993,9
[24],50,"lr3e-05,wd0.0",12,"lr=0.003, wd=0.01",-3.641,10
[24],50,"lr3e-05,wd0.0",1,"lr=1e-05, wd=0.0",-3.5091,11
[24],50,"lr3e-05,wd0.0",2,"lr=1e-05, wd=0.01",-3.4855,12
[24],50,"lr3e-05,wd0.01",8,"lr=3e-04, wd=0.01",-4.1483,1
[24],50,"lr3e-05,wd0.01",6,"lr=1e-04, wd=0.01",-4.1434,2
[24],50,"lr3e-05,wd0.01",5,"lr=1e-04, wd=0.0",-4.1324,3
[24],50,"lr3e-05,wd0.01",7,"lr=3e-04, wd=0.0",-4.1269,4
[24],50,"lr3e-05,wd0.01",11,"lr=0.003, wd=0.0",-4.1048,5
[24],50,"lr3e-05,wd0.01",4,"lr=3e-05, wd=0.01",-4.0708,6
[24],50,"lr3e-05,wd0.01",3,"lr=3e-05, wd=0.0",-4.0689,7
[24],50,"lr3e-05,wd0.01",9,"lr=0.001, wd=0.0",-4.0634,8
[24],50,"lr3e-05,wd0.01",10,"lr=0.001, wd=0.01",-3.9974,9
[24],50,"lr3e-05,wd0.01",1,"lr=1e-05, wd=0.0",-3.9225,10
[24],50,"lr3e-05,wd0.01",2,"lr=1e-05, wd=0.01",-3.8719,11
[24],50,"lr3e-05,wd0.01",12,"lr=0.003, wd=0.01",-3.7047,12
[24],50,"lr0.0001,wd0.0",9,"lr=0.001, wd=0.0",-3.2712,1
[24],50,"lr0.0001,wd0.0",11,"lr=0.003, wd=0.0",-3.2539,2
[24],50,"lr0.0001,wd0.0",7,"lr=3e-04, wd=0.0",-3.2116,3
[24],50,"lr0.0001,wd0.0",8,"lr=3e-04, wd=0.01",-3.1533,4
[24],50,"lr0.0001,wd0.0",10,"lr=0.001, wd=0.01",-3.1027,5
[24],50,"lr0.0001,wd0.0",12,"lr=0.003, wd=0.01",-3.0472,6
[24],50,"lr0.0001,wd0.0",5,"lr=1e-04, wd=0.0",-3.022,7
[24],50,"lr0.0001,wd0.0",6,"lr=1e-04, wd=0.01",-3.0207,8
[24],50,"lr0.0001,wd0.0",3,"lr=3e-05, wd=0.0",-2.7252,9
[24],50,"lr0.0001,wd0.0",4,"lr=3e-05, wd=0.01",-2.7167,10
[24],50,"lr0.0001,wd0.0",1,"lr=1e-05, wd=0.0",-2.6309,11
[24],50,"lr0.0001,wd0.0",2,"lr=1e-05, wd=0.01",-2.5815,12
[24],50,"lr0.0001,wd0.01",8,"lr=3e-04, wd=0.01",-4.1126,1
[24],50,"lr0.0001,wd0.01",6,"lr=1e-04, wd=0.01",-4.112,2
[24],50,"lr0.0001,wd0.01",5,"lr=1e-04, wd=0.0",-4.1014,3
[24],50,"lr0.0001,wd0.01",4,"lr=3e-05, wd=0.01",-4.0781,4
[24],50,"lr0.0001,wd0.01",10,"lr=0.001, wd=0.01",-4.0732,5
[24],50,"lr0.0001,wd0.01",3,"lr=3e-05, wd=0.0",-4.0661,6
[24],50,"lr0.0001,wd0.01",11,"lr=0.003, wd=0.0",-4.0414,7
[24],50,"lr0.0001,wd0.01",1,"lr=1e-05, wd=0.0",-4.0411,8
[24],50,"lr0.0001,wd0.01",2,"lr=1e-05, wd=0.01",-4.0362,9
[24],50,"lr0.0001,wd0.01",7,"lr=3e-04, wd=0.0",-4.0249,10
[24],50,"lr0.0001,wd0.01",9,"lr=0.001, wd=0.0",-3.9518,11
[24],50,"lr0.0001,wd0.01",12,"lr=0.003, wd=0.01",-3.9466,12
[24],50,"lr0.0003,wd0.0",9,"lr=0.001, wd=0.0",-2.6122,1
[24],50,"lr0.0003,wd0.0",11,"lr=0.003, wd=0.0",-2.563,2
[24],50,"lr0.0003,wd0.0",7,"lr=3e-04, wd=0.0",-2.5054,3
[24],50,"lr0.0003,wd0.0",12,"lr=0.003, wd=0.01",-2.496,4
[24],50,"lr0.0003,wd0.0",10,"lr=0.001, wd=0.01",-2.4863,5
[24],50,"lr0.0003,wd0.0",8,"lr=3e-04, wd=0.01",-2.4451,6
[24],50,"lr0.0003,wd0.0",5,"lr=1e-04, wd=0.0",-2.3125,7
[24],50,"lr0.0003,wd0.0",6,"lr=1e-04, wd=0.01",-2.3025,8
[24],50,"lr0.0003,wd0.0",1,"lr=1e-05, wd=0.0",-2.254,9
[24],50,"lr0.0003,wd0.0",2,"lr=1e-05, wd=0.01",-2.239,10
[24],50,"lr0.0003,wd0.0",4,"lr=3e-05, wd=0.01",-2.2105,11
[24],50,"lr0.0003,wd0.0",3,"lr=3e-05, wd=0.0",-2.2073,12
[24],50,"lr0.0003,wd0.01",6,"lr=1e-04, wd=0.01",-4.0741,1
[24],50,"lr0.0003,wd0.01",5,"lr=1e-04, wd=0.0",-4.074,2
[24],50,"lr0.0003,wd0.01",10,"lr=0.001, wd=0.01",-4.0691,3
[24],50,"lr0.0003,wd0.01",8,"lr=3e-04, wd=0.01",-4.0672,4
[24],50,"lr0.0003,wd0.01",3,"lr=3e-05, wd=0.0",-4.0371,5
[24],50,"lr0.0003,wd0.01",4,"lr=3e-05, wd=0.01",-4.0298,6
[24],50,"lr0.0003,wd0.01",12,"lr=0.003, wd=0.01",-4.0072,7
[24],50,"lr0.0003,wd0.01",11,"lr=0.003, wd=0.0",-3.95,8
[24],50,"lr0.0003,wd0.01",1,"lr=1e-05, wd=0.0",-3.94,9
[24],50,"lr0.0003,wd0.01",7,"lr=3e-04, wd=0.0",-3.9152,10
[24],50,"lr0.0003,wd0.01",2,"lr=1e-05, wd=0.01",-3.9051,11
[24],50,"lr0.0003,wd0.01",9,"lr=0.001, wd=0.0",-3.827,12
[24],50,"lr0.001,wd0.0",9,"lr=0.001, wd=0.0",-2.4487,1
[24],50,"lr0.001,wd0.0",11,"lr=0.003, wd=0.0",-2.415,2
[24],50,"lr0.001,wd0.0",12,"lr=0.003, wd=0.01",-2.3542,3
[24],50,"lr0.001,wd0.0",10,"lr=0.001, wd=0.01",-2.3339,4
[24],50,"lr0.001,wd0.0",7,"lr=3e-04, wd=0.0",-2.2888,5
[24],50,"lr0.001,wd0.0",8,"lr=3e-04, wd=0.01",-2.2372,6
[24],50,"lr0.001,wd0.0",1,"lr=1e-05, wd=0.0",-2.1122,7
[24],50,"lr0.001,wd0.0",2,"lr=1e-05, wd=0.01",-2.1044,8
[24],50,"lr0.001,wd0.0",6,"lr=1e-04, wd=0.01",-2.0875,9
[24],50,"lr0.001,wd0.0",5,"lr=1e-04, wd=0.0",-2.077,10
[24],50,"lr0.001,wd0.0",4,"lr=3e-05, wd=0.01",-2.0681,11
[24],50,"lr0.001,wd0.0",3,"lr=3e-05, wd=0.0",-2.0591,12
[24],50,"lr0.001,wd0.01",12,"lr=0.003, wd=0.01",-3.5081,1
[24],50,"lr0.001,wd0.01",4,"lr=3e-05, wd=0.01",-3.3142,2
[24],50,"lr0.001,wd0.01",3,"lr=3e-05, wd=0.0",-3.3106,3
[24],50,"lr0.001,wd0.01",1,"lr=1e-05, wd=0.0",-3.2063,4
[24],50,"lr0.001,wd0.01",2,"lr=1e-05, wd=0.01",-3.1691,5
[24],50,"lr0.001,wd0.01",10,"lr=0.001, wd=0.01",-3.138,6
[24],50,"lr0.001,wd0.01",6,"lr=1e-04, wd=0.01",-3.0341,7
[24],50,"lr0.001,wd0.01",5,"lr=1e-04, wd=0.0",-2.9316,8
[24],50,"lr0.001,wd0.01",8,"lr=3e-04, wd=0.01",-2.4934,9
[24],50,"lr0.001,wd0.01",7,"lr=3e-04, wd=0.0",-2.0765,10
[24],50,"lr0.001,wd0.01",11,"lr=0.003, wd=0.0",-1.8944,11
[24],50,"lr0.001,wd0.01",9,"lr=0.001, wd=0.0",-1.8563,12
[24],50,"lr0.003,wd0.0",5,"lr=1e-04, wd=0.0",-3.0912,1
[24],50,"lr0.003,wd0.0",6,"lr=1e-04, wd=0.01",-3.0802,2
[24],50,"lr0.003,wd0.0",12,"lr=0.003, wd=0.01",-3.0628,3
[24],50,"lr0.003,wd0.0",2,"lr=1e-05, wd=0.01",-3.0573,4
[24],50,"lr0.003,wd0.0",3,"lr=3e-05, wd=0.0",-3.0426,5
[24],50,"lr0.003,wd0.0",8,"lr=3e-04, wd=0.01",-3.0376,6
[24],50,"lr0.003,wd0.0",10,"lr=0.001, wd=0.01",-3.0341,7
[24],50,"lr0.003,wd0.0",1,"lr=1e-05, wd=0.0",-3.0046,8
[24],50,"lr0.003,wd0.0",4,"lr=3e-05, wd=0.01",-2.9541,9
[24],50,"lr0.003,wd0.0",9,"lr=0.001, wd=0.0",-2.8554,10
[24],50,"lr0.003,wd0.0",7,"lr=3e-04, wd=0.0",-2.8171,11
[24],50,"lr0.003,wd0.0",11,"lr=0.003, wd=0.0",-2.754,12
[24],50,"lr0.003,wd0.01",1,"lr=1e-05, wd=0.0",-2.9651,1
[24],50,"lr0.003,wd0.01",2,"lr=1e-05, wd=0.01",-2.947,2
[24],50,"lr0.003,wd0.01",4,"lr=3e-05, wd=0.01",-2.905,3
[24],50,"lr0.003,wd0.01",3,"lr=3e-05, wd=0.0",-2.8874,4
[24],50,"lr0.003,wd0.01",12,"lr=0.003, wd=0.01",-2.6218,5
[24],50,"lr0.003,wd0.01",5,"lr=1e-04, wd=0.0",-1.3898,6
[24],50,"lr0.003,wd0.01",10,"lr=0.001, wd=0.01",-1.3412,7
[24],50,"lr0.003,wd0.01",6,"lr=1e-04, wd=0.01",-1.3339,8
[24],50,"lr0.003,wd0.01",9,"lr=0.001, wd=0.0",-1.0335,9
[24],50,"lr0.003,wd0.01",7,"lr=3e-04, wd=0.0",-0.9003,10
[24],50,"lr0.003,wd0.01",11,"lr=0.003, wd=0.0",-0.6445,11
[24],50,"lr0.003,wd0.01",8,"lr=3e-04, wd=0.01",-0.41,12
[24],90,"lr1e-05,wd0.0",5,"lr=1e-04, wd=0.0",-4.194,1
[24],90,"lr1e-05,wd0.0",6,"lr=1e-04, wd=0.01",-4.1902,2
[24],90,"lr1e-05,wd0.0",3,"lr=3e-05, wd=0.0",-4.187,3
[24],90,"lr1e-05,wd0.0",4,"lr=3e-05, wd=0.01",-4.184,4
[24],90,"lr1e-05,wd0.0",7,"lr=3e-04, wd=0.0",-4.1728,5
[24],90,"lr1e-05,wd0.0",8,"lr=3e-04, wd=0.01",-4.1653,6
[24],90,"lr1e-05,wd0.0",11,"lr=0.003, wd=0.0",-4.1518,7
[24],90,"lr1e-05,wd0.0",9,"lr=0.001, wd=0.0",-4.1475,8
[24],90,"lr1e-05,wd0.0",10,"lr=0.001, wd=0.01",-4.1406,9
[24],90,"lr1e-05,wd0.0",12,"lr=0.003, wd=0.01",-4.138,10
[24],90,"lr1e-05,wd0.0",1,"lr=1e-05, wd=0.0",-4.1274,11
[24],90,"lr1e-05,wd0.0",2,"lr=1e-05, wd=0.01",-4.1155,12
[24],90,"lr1e-05,wd0.01",5,"lr=1e-04, wd=0.0",-4.2331,1
[24],90,"lr1e-05,wd0.01",6,"lr=1e-04, wd=0.01",-4.2294,2
[24],90,"lr1e-05,wd0.01",7,"lr=3e-04, wd=0.0",-4.2248,3
[24],90,"lr1e-05,wd0.01",8,"lr=3e-04, wd=0.01",-4.2225,4
[24],90,"lr1e-05,wd0.01",4,"lr=3e-05, wd=0.01",-4.2218,5
[24],90,"lr1e-05,wd0.01",3,"lr=3e-05, wd=0.0",-4.2146,6
[24],90,"lr1e-05,wd0.01",11,"lr=0.003, wd=0.0",-4.2055,7
[24],90,"lr1e-05,wd0.01",9,"lr=0.001, wd=0.0",-4.2026,8
[24],90,"lr1e-05,wd0.01",10,"lr=0.001, wd=0.01",-4.2018,9
[24],90,"lr1e-05,wd0.01",12,"lr=0.003, wd=0.01",-4.1915,10
[24],90,"lr1e-05,wd0.01",1,"lr=1e-05, wd=0.0",-4.1865,11
[24],90,"lr1e-05,wd0.01",2,"lr=1e-05, wd=0.01",-4.1771,12
[24],90,"lr3e-05,wd0.0",7,"lr=3e-04, wd=0.0",-4.1712,1
[24],90,"lr3e-05,wd0.0",5,"lr=1e-04, wd=0.0",-4.1635,2
[24],90,"lr3e-05,wd0.0",8,"lr=3e-04, wd=0.01",-4.1615,3
[24],90,"lr3e-05,wd0.0",11,"lr=0.003, wd=0.0",-4.1583,4
[24],90,"lr3e-05,wd0.0",9,"lr=0.001, wd=0.0",-4.1488,5
[24],90,"lr3e-05,wd0.0",6,"lr=1e-04, wd=0.01",-4.1484,6
[24],90,"lr3e-05,wd0.0",10,"lr=0.001, wd=0.01",-4.1456,7
[24],90,"lr3e-05,wd0.0",12,"lr=0.003, wd=0.01",-4.1306,8
[24],90,"lr3e-05,wd0.0",4,"lr=3e-05, wd=0.01",-4.0856,9
[24],90,"lr3e-05,wd0.0",3,"lr=3e-05, wd=0.0",-4.0853,10
[24],90,"lr3e-05,wd0.0",1,"lr=1e-05, wd=0.0",-4.0685,11
[24],90,"lr3e-05,wd0.0",2,"lr=1e-05, wd=0.01",-4.0618,12
[24],90,"lr3e-05,wd0.01",8,"lr=3e-04, wd=0.01",-4.2013,1
[24],90,"lr3e-05,wd0.01",6,"lr=1e-04, wd=0.01",-4.1993,2
[24],90,"lr3e-05,wd0.01",11,"lr=0.003, wd=0.0",-4.19,3
[24],90,"lr3e-05,wd0.01",7,"lr=3e-04, wd=0.0",-4.189,4
[24],90,"lr3e-05,wd0.01",5,"lr=1e-04, wd=0.0",-4.1842,5
[24],90,"lr3e-05,wd0.01",10,"lr=0.001, wd=0.01",-4.1842,6
[24],90,"lr3e-05,wd0.01",9,"lr=0.001, wd=0.0",-4.1796,7
[24],90,"lr3e-05,wd0.01",12,"lr=0.003, wd=0.01",-4.1786,8
[24],90,"lr3e-05,wd0.01",4,"lr=3e-05, wd=0.01",-4.1673,9
[24],90,"lr3e-05,wd0.01",3,"lr=3e-05, wd=0.0",-4.1631,10
[24],90,"lr3e-05,wd0.01",1,"lr=1e-05, wd=0.0",-4.162,11
[24],90,"lr3e-05,wd0.01",2,"lr=1e-05, wd=0.01",-4.161,12
[24],90,"lr0.0001,wd0.0",9,"lr=0.001, wd=0.0",-3.8637,1
[24],90,"lr0.0001,wd0.0",7,"lr=3e-04, wd=0.0",-3.6507,2
[24],90,"lr0.0001,wd0.0",11,"lr=0.003, wd=0.0",-3.6163,3
[24],90,"lr0.0001,wd0.0",1,"lr=1e-05, wd=0.0",-3.512,4
[24],90,"lr0.0001,wd0.0",12,"lr=0.003, wd=0.01",-3.5095,5
[24],90,"lr0.0001,wd0.0",2,"lr=1e-05, wd=0.01",-3.4732,6
[24],90,"lr0.0001,wd0.0",8,"lr=3e-04, wd=0.01",-3.4729,7
[24],90,"lr0.0001,wd0.0",10,"lr=0.001, wd=0.01",-3.4489,8
[24],90,"lr0.0001,wd0.0",3,"lr=3e-05, wd=0.0",-3.4299,9
[24],90,"lr0.0001,wd0.0",4,"lr=3e-05, wd=0.01",-3.4218,10
[24],90,"lr0.0001,wd0.0",5,"lr=1e-04, wd=0.0",-3.3693,11
[24],90,"lr0.0001,wd0.0",6,"lr=1e-04, wd=0.01",-3.3508,12
[24],90,"lr0.0001,wd0.01",8,"lr=3e-04, wd=0.01",-4.2088,1
[24],90,"lr0.0001,wd0.01",10,"lr=0.001, wd=0.01",-4.2065,2
[24],90,"lr0.0001,wd0.01",12,"lr=0.003, wd=0.01",-4.2006,3
[24],90,"lr0.0001,wd0.01",6,"lr=1e-04, wd=0.01",-4.1991,4
[24],90,"lr0.0001,wd0.01",5,"lr=1e-04, wd=0.0",-4.197,5
[24],90,"lr0.0001,wd0.01",2,"lr=1e-05, wd=0.01",-4.1846,6
[24],90,"lr0.0001,wd0.01",1,"lr=1e-05, wd=0.0",-4.1828,7
[24],90,"lr0.0001,wd0.01",4,"lr=3e-05, wd=0.01",-4.1823,8
[24],90,"lr0.0001,wd0.01",7,"lr=3e-04, wd=0.0",-4.178,9
[24],90,"lr0.0001,wd0.01",3,"lr=3e-05, wd=0.0",-4.177,10
[24],90,"lr0.0001,wd0.01",11,"lr=0.003, wd=0.0",-4.1701,11
[24],90,"lr0.0001,wd0.01",9,"lr=0.001, wd=0.0",-4.1524,12
[24],90,"lr0.0003,wd0.0",9,"lr=0.001, wd=0.0",-3.608,1
[24],90,"lr0.0003,wd0.0",3,"lr=3e-05, wd=0.0",-3.5438,2
[24],90,"lr0.0003,wd0.0",11,"lr=0.003, wd=0.0",-3.5358,3
[24],90,"lr0.0003,wd0.0",4,"lr=3e-05, wd=0.01",-3.5304,4
[24],90,"lr0.0003,wd0.0",1,"lr=1e-05, wd=0.0",-3.5206,5
[24],90,"lr0.0003,wd0.0",12,"lr=0.003, wd=0.01",-3.5057,6
[24],90,"lr0.0003,wd0.0",2,"lr=1e-05, wd=0.01",-3.5014,7
[24],90,"lr0.0003,wd0.0",5,"lr=1e-04, wd=0.0",-3.4829,8
[24],90,"lr0.0003,wd0.0",7,"lr=3e-04, wd=0.0",-3.4774,9
[24],90,"lr0.0003,wd0.0",6,"lr=1e-04, wd=0.01",-3.4658,10
[24],90,"lr0.0003,wd0.0",8,"lr=3e-04, wd=0.01",-3.3965,11
[24],90,"lr0.0003,wd0.0",10,"lr=0.001, wd=0.01",-3.3835,12
[24],90,"lr0.0003,wd0.01",12,"lr=0.003, wd=0.01",-4.1477,1
[24],90,"lr0.0003,wd0.01",1,"lr=1e-05, wd=0.0",-4.1411,2
[24],90,"lr0.0003,wd0.01",4,"lr=3e-05, wd=0.01",-4.1394,3
[24],90,"lr0.0003,wd0.01",2,"lr=1e-05, wd=0.01",-4.1366,4
[24],90,"lr0.0003,wd0.01",6,"lr=1e-04, wd=0.01",-4.1363,5
[24],90,"lr0.0003,wd0.01",10,"lr=0.001, wd=0.01",-4.1341,6
[24],90,"lr0.0003,wd0.01",3,"lr=3e-05, wd=0.0",-4.1214,7
[24],90,"lr0.0003,wd0.01",8,"lr=3e-04, wd=0.01",-4.1183,8
[24],90,"lr0.0003,wd0.01",5,"lr=1e-04, wd=0.0",-4.1042,9
[24],90,"lr0.0003,wd0.01",7,"lr=3e-04, wd=0.0",-4.0159,10
[24],90,"lr0.0003,wd0.01",11,"lr=0.003, wd=0.0",-4.0033,11
[24],90,"lr0.0003,wd0.01",9,"lr=0.001, wd=0.0",-3.9761,12
[24],90,"lr0.001,wd0.0",9,"lr=0.001, wd=0.0",-3.4383,1
[24],90,"lr0.001,wd0.0",11,"lr=0.003, wd=0.0",-3.4017,2
[24],90,"lr0.001,wd0.0",12,"lr=0.003, wd=0.01",-3.3753,3
[24],90,"lr0.001,wd0.0",7,"lr=3e-04, wd=0.0",-3.3355,4
[24],90,"lr0.001,wd0.0",5,"lr=1e-04, wd=0.0",-3.3198,5
[24],90,"lr0.001,wd0.0",6,"lr=1e-04, wd=0.01",-3.3029,6
[24],90,"lr0.001,wd0.0",8,"lr=3e-04, wd=0.01",-3.2807,7
[24],90,"lr0.001,wd0.0",10,"lr=0.001, wd=0.01",-3.2752,8
[24],90,"lr0.001,wd0.0",3,"lr=3e-05, wd=0.0",-3.2602,9
[24],90,"lr0.001,wd0.0",4,"lr=3e-05, wd=0.01",-3.2515,10
[24],90,"lr0.001,wd0.0",2,"lr=1e-05, wd=0.01",-3.2262,11
[24],90,"lr0.001,wd0.0",1,"lr=1e-05, wd=0.0",-3.2253,12
[24],90,"lr0.001,wd0.01",12,"lr=0.003, wd=0.01",-3.9932,1
[24],90,"lr0.001,wd0.01",1,"lr=1e-05, wd=0.0",-3.9665,2
[24],90,"lr0.001,wd0.01",4,"lr=3e-05, wd=0.01",-3.9663,3
[24],90,"lr0.001,wd0.01",2,"lr=1e-05, wd=0.01",-3.9513,4
[24],90,"lr0.001,wd0.01",3,"lr=3e-05, wd=0.0",-3.935,5
[24],90,"lr0.001,wd0.01",6,"lr=1e-04, wd=0.01",-3.9237,6
[24],90,"lr0.001,wd0.01",10,"lr=0.001, wd=0.01",-3.9191,7
[24],90,"lr0.001,wd0.01",5,"lr=1e-04, wd=0.0",-3.8039,8
[24],90,"lr0.001,wd0.01",8,"lr=3e-04, wd=0.01",-3.7811,9
[24],90,"lr0.001,wd0.01",11,"lr=0.003, wd=0.0",-3.773,10
[24],90,"lr0.001,wd0.01",9,"lr=0.001, wd=0.0",-3.7473,11
[24],90,"lr0.001,wd0.01",7,"lr=3e-04, wd=0.0",-3.6126,12
[24],90,"lr0.003,wd0.0",9,"lr=0.001, wd=0.0",-3.5574,1
[24],90,"lr0.003,wd0.0",11,"lr=0.003, wd=0.0",-3.4279,2
[24],90,"lr0.003,wd0.0",12,"lr=0.003, wd=0.01",-3.2724,3
[24],90,"lr0.003,wd0.0",1,"lr=1e-05, wd=0.0",-3.2597,4
[24],90,"lr0.003,wd0.0",2,"lr=1e-05, wd=0.01",-3.249,5
[24],90,"lr0.003,wd0.0",7,"lr=3e-04, wd=0.0",-3.242,6
[24],90,"lr0.003,wd0.0",10,"lr=0.001, wd=0.01",-3.211,7
[24],90,"lr0.003,wd0.0",4,"lr=3e-05, wd=0.01",-3.191,8
[24],90,"lr0.003,wd0.0",3,"lr=3e-05, wd=0.0",-3.1794,9
[24],90,"lr0.003,wd0.0",8,"lr=3e-04, wd=0.01",-3.1483,10
[24],90,"lr0.003,wd0.0",6,"lr=1e-04, wd=0.01",-3.0746,11
[24],90,"lr0.003,wd0.0",5,"lr=1e-04, wd=0.0",-3.0497,12
[24],90,"lr0.003,wd0.01",1,"lr=1e-05, wd=0.0",-3.6038,1
[24],90,"lr0.003,wd0.01",2,"lr=1e-05, wd=0.01",-3.6017,2
[24],90,"lr0.003,wd0.01",4,"lr=3e-05, wd=0.01",-3.5192,3
[24],90,"lr0.003,wd0.01",12,"lr=0.003, wd=0.01",-3.4989,4
[24],90,"lr0.003,wd0.01",9,"lr=0.001, wd=0.0",-3.4895,5
[24],90,"lr0.003,wd0.01",11,"lr=0.003, wd=0.0",-3.4405,6
[24],90,"lr0.003,wd0.01",7,"lr=3e-04, wd=0.0",-3.3865,7
[24],90,"lr0.003,wd0.01",3,"lr=3e-05, wd=0.0",-3.3805,8
[24],90,"lr0.003,wd0.01",10,"lr=0.001, wd=0.01",-3.2329,9
[24],90,"lr0.003,wd0.01",6,"lr=1e-04, wd=0.01",-3.2018,10
[24],90,"lr0.003,wd0.01",8,"lr=3e-04, wd=0.01",-3.1038,11
[24],90,"lr0.003,wd0.01",5,"lr=1e-04, wd=0.0",-3.0809,12
[32],0,"lr1e-05,wd0.0",1,"lr=1e-05, wd=0.0",-1.6002,1
[32],0,"lr1e-05,wd0.0",2,"lr=1e-05, wd=0.01",-1.5129,2
[32],0,"lr1e-05,wd0.0",3,"lr=3e-05, wd=0.0",-1.2768,3
[32],0,"lr1e-05,wd0.0",5,"lr=1e-04, wd=0.0",-1.2275,4
[32],0,"lr1e-05,wd0.0",4,"lr=3e-05, wd=0.01",-1.2196,5
[32],0,"lr1e-05,wd0.0",6,"lr=1e-04, wd=0.01",-1.0741,6
[32],0,"lr1e-05,wd0.0",7,"lr=3e-04, wd=0.0",-0.9762,7
[32],0,"lr1e-05,wd0.0",8,"lr=3e-04, wd=0.01",-0.9121,8
[32],0,"lr1e-05,wd0.0",9,"lr=0.001, wd=0.0",-0.7803,9
[32],0,"lr1e-05,wd0.0",10,"lr=0.001, wd=0.01",-0.7288,10
[32],0,"lr1e-05,wd0.0",12,"lr=0.003, wd=0.01",-0.7143,11
[32],0,"lr1e-05,wd0.0",11,"lr=0.003, wd=0.0",-0.707,12
[32],0,"lr1e-05,wd0.01",2,"lr=1e-05, wd=0.01",-1.6437,1
[32],0,"lr1e-05,wd0.01",1,"lr=1e-05, wd=0.0",-1.6214,2
[32],0,"lr1e-05,wd0.01",4,"lr=3e-05, wd=0.01",-1.2376,3
[32],0,"lr1e-05,wd0.01",3,"lr=3e-05, wd=0.0",-1.2204,4
[32],0,"lr1e-05,wd0.01",5,"lr=1e-04, wd=0.0",-1.1665,5
[32],0,"lr1e-05,wd0.01",6,"lr=1e-04, wd=0.01",-1.0739,6
[32],0,"lr1e-05,wd0.01",7,"lr=3e-04, wd=0.0",-0.9417,7
[32],0,"lr1e-05,wd0.01",8,"lr=3e-04, wd=0.01",-0.9054,8
[32],0,"lr1e-05,wd0.01",9,"lr=0.001, wd=0.0",-0.7495,9
[32],0,"lr1e-05,wd0.01",10,"lr=0.001, wd=0.01",-0.7209,10
[32],0,"lr1e-05,wd0.01",12,"lr=0.003, wd=0.01",-0.7031,11
[32],0,"lr1e-05,wd0.01",11,"lr=0.003, wd=0.0",-0.6861,12
[32],0,"lr3e-05,wd0.0",5,"lr=1e-04, wd=0.0",-1.3376,1
[32],0,"lr3e-05,wd0.0",1,"lr=1e-05, wd=0.0",-1.2992,2
[32],0,"lr3e-05,wd0.0",3,"lr=3e-05, wd=0.0",-1.2806,3
[32],0,"lr3e-05,wd0.0",2,"lr=1e-05, wd=0.01",-1.1977,4
[32],0,"lr3e-05,wd0.0",4,"lr=3e-05, wd=0.01",-1.197,5
[32],0,"lr3e-05,wd0.0",6,"lr=1e-04, wd=0.01",-1.1085,6
[32],0,"lr3e-05,wd0.0",7,"lr=3e-04, wd=0.0",-1.0513,7
[32],0,"lr3e-05,wd0.0",8,"lr=3e-04, wd=0.01",-0.9673,8
[32],0,"lr3e-05,wd0.0",9,"lr=0.001, wd=0.0",-0.8887,9
[32],0,"lr3e-05,wd0.0",11,"lr=0.003, wd=0.0",-0.8255,10
[32],0,"lr3e-05,wd0.0",10,"lr=0.001, wd=0.01",-0.783,11
[32],0,"lr3e-05,wd0.0",12,"lr=0.003, wd=0.01",-0.7612,12
[32],0,"lr3e-05,wd0.01",1,"lr=1e-05, wd=0.0",-1.4899,1
[32],0,"lr3e-05,wd0.01",2,"lr=1e-05, wd=0.01",-1.4456,2
[32],0,"lr3e-05,wd0.01",5,"lr=1e-04, wd=0.0",-1.2796,3
[32],0,"lr3e-05,wd0.01",4,"lr=3e-05, wd=0.01",-1.2606,4
[32],0,"lr3e-05,wd0.01",3,"lr=3e-05, wd=0.0",-1.2558,5
[32],0,"lr3e-05,wd0.01",6,"lr=1e-04, wd=0.01",-1.141,6
[32],0,"lr3e-05,wd0.01",7,"lr=3e-04, wd=0.0",-1.0249,7
[32],0,"lr3e-05,wd0.01",8,"lr=3e-04, wd=0.01",-0.9836,8
[32],0,"lr3e-05,wd0.01",9,"lr=0.001, wd=0.0",-0.8595,9
[32],0,"lr3e-05,wd0.01",11,"lr=0.003, wd=0.0",-0.789,10
[32],0,"lr3e-05,wd0.01",10,"lr=0.001, wd=0.01",-0.7884,11
[32],0,"lr3e-05,wd0.01",12,"lr=0.003, wd=0.01",-0.7619,12
[32],0,"lr0.0001,wd0.0",5,"lr=1e-04, wd=0.0",-1.3966,1
[32],0,"lr0.0001,wd0.0",3,"lr=3e-05, wd=0.0",-1.2235,2
[32],0,"lr0.0001,wd0.0",1,"lr=1e-05, wd=0.0",-1.1937,3
[32],0,"lr0.0001,wd0.0",4,"lr=3e-05, wd=0.01",-1.1483,4
[32],0,"lr0.0001,wd0.0",7,"lr=3e-04, wd=0.0",-1.1357,5
[32],0,"lr0.0001,wd0.0",6,"lr=1e-04, wd=0.01",-1.1332,6
[32],0,"lr0.0001,wd0.0",2,"lr=1e-05, wd=0.01",-1.107,7
[32],0,"lr0.0001,wd0.0",8,"lr=3e-04, wd=0.01",-1.0138,8
[32],0,"lr0.0001,wd0.0",9,"lr=0.001, wd=0.0",-0.9791,9
[32],0,"lr0.0001,wd0.0",11,"lr=0.003, wd=0.0",-0.9556,10
[32],0,"lr0.0001,wd0.0",10,"lr=0.001, wd=0.01",-0.8719,11
[32],0,"lr0.0001,wd0.0",12,"lr=0.003, wd=0.01",-0.813,12
[32],0,"lr0.0001,wd0.01",1,"lr=1e-05, wd=0.0",-1.3702,1
[32],0,"lr0.0001,wd0.01",5,"lr=1e-04, wd=0.0",-1.345,2
[32],0,"lr0.0001,wd0.01",2,"lr=1e-05, wd=0.01",-1.306,3
[32],0,"lr0.0001,wd0.01",3,"lr=3e-05, wd=0.0",-1.2286,4
[32],0,"lr0.0001,wd0.01",4,"lr=3e-05, wd=0.01",-1.2098,5
[32],0,"lr0.0001,wd0.01",6,"lr=1e-04, wd=0.01",-1.1743,6
[32],0,"lr0.0001,wd0.01",7,"lr=3e-04, wd=0.0",-1.0985,7
[32],0,"lr0.0001,wd0.01",8,"lr=3e-04, wd=0.01",-1.0414,8
[32],0,"lr0.0001,wd0.01",9,"lr=0.001, wd=0.0",-0.9572,9
[32],0,"lr0.0001,wd0.01",11,"lr=0.003, wd=0.0",-0.9379,10
[32],0,"lr0.0001,wd0.01",10,"lr=0.001, wd=0.01",-0.8964,11
[32],0,"lr0.0001,wd0.01",12,"lr=0.003, wd=0.01",-0.825,12
[32],0,"lr0.0003,wd0.0",5,"lr=1e-04, wd=0.0",-1.3585,1
[32],0,"lr0.0003,wd0.0",1,"lr=1e-05, wd=0.0",-1.2095,2
[32],0,"lr0.0003,wd0.0",7,"lr=3e-04, wd=0.0",-1.1808,3
[32],0,"lr0.0003,wd0.0",3,"lr=3e-05, wd=0.0",-1.1659,4
[32],0,"lr0.0003,wd0.0",2,"lr=1e-05, wd=0.01",-1.1406,5
[32],0,"lr0.0003,wd0.0",6,"lr=1e-04, wd=0.01",-1.1223,6
[32],0,"lr0.0003,wd0.0",4,"lr=3e-05, wd=0.01",-1.1117,7
[32],0,"lr0.0003,wd0.0",9,"lr=0.001, wd=0.0",-1.0541,8
[32],0,"lr0.0003,wd0.0",8,"lr=3e-04, wd=0.01",-1.0434,9
[32],0,"lr0.0003,wd0.0",11,"lr=0.003, wd=0.0",-1.0332,10
[32],0,"lr0.0003,wd0.0",10,"lr=0.001, wd=0.01",-0.9444,11
[32],0,"lr0.0003,wd0.0",12,"lr=0.003, wd=0.01",-0.8787,12
[32],0,"lr0.0003,wd0.01",5,"lr=1e-04, wd=0.0",-1.3334,1
[32],0,"lr0.0003,wd0.01",1,"lr=1e-05, wd=0.0",-1.3272,2
[32],0,"lr0.0003,wd0.01",2,"lr=1e-05, wd=0.01",-1.27,3
[32],0,"lr0.0003,wd0.01",3,"lr=3e-05, wd=0.0",-1.1857,4
[32],0,"lr0.0003,wd0.01",4,"lr=3e-05, wd=0.01",-1.1572,5
[32],0,"lr0.0003,wd0.01",6,"lr=1e-04, wd=0.01",-1.1525,6
[32],0,"lr0.0003,wd0.01",7,"lr=3e-04, wd=0.0",-1.1354,7
[32],0,"lr0.0003,wd0.01",8,"lr=3e-04, wd=0.01",-1.0693,8
[32],0,"lr0.0003,wd0.01",9,"lr=0.001, wd=0.0",-1.023,9
[32],0,"lr0.0003,wd0.01",11,"lr=0.003, wd=0.0",-1.0182,10
[32],0,"lr0.0003,wd0.01",10,"lr=0.001, wd=0.01",-0.9774,11
[32],0,"lr0.0003,wd0.01",12,"lr=0.003, wd=0.01",-0.9064,12
[32],0,"lr0.001,wd0.0",5,"lr=1e-04, wd=0.0",-1.263,1
[32],0,"lr0.001,wd0.0",1,"lr=1e-05, wd=0.0",-1.1795,2
[32],0,"lr0.001,wd0.0",7,"lr=3e-04, wd=0.0",-1.1454,3
[32],0,"lr0.001,wd0.0",11,"lr=0.003, wd=0.0",-1.1274,4
[32],0,"lr0.001,wd0.0",2,"lr=1e-05, wd=0.01",-1.1253,5
[32],0,"lr0.001,wd0.0",9,"lr=0.001, wd=0.0",-1.1007,6
[32],0,"lr0.001,wd0.0",3,"lr=3e-05, wd=0.0",-1.0965,7
[32],0,"lr0.001,wd0.0",6,"lr=1e-04, wd=0.01",-1.0739,8
[32],0,"lr0.001,wd0.0",4,"lr=3e-05, wd=0.01",-1.0595,9
[32],0,"lr0.001,wd0.0",8,"lr=3e-04, wd=0.01",-1.0305,10
[32],0,"lr0.001,wd0.0",10,"lr=0.001, wd=0.01",-0.9845,11
[32],0,"lr0.001,wd0.0",12,"lr=0.003, wd=0.01",-0.9533,12
[32],0,"lr0.001,wd0.01",1,"lr=1e-05, wd=0.0",-1.2985,1
[32],0,"lr0.001,wd0.01",5,"lr=1e-04, wd=0.0",-1.2614,2
[32],0,"lr0.001,wd0.01",2,"lr=1e-05, wd=0.01",-1.2576,3
[32],0,"lr0.001,wd0.01",3,"lr=3e-05, wd=0.0",-1.1287,4
[32],0,"lr0.001,wd0.01",7,"lr=3e-04, wd=0.0",-1.1149,5
[32],0,"lr0.001,wd0.01",4,"lr=3e-05, wd=0.01",-1.1073,6
[32],0,"lr0.001,wd0.01",6,"lr=1e-04, wd=0.01",-1.1022,7
[32],0,"lr0.001,wd0.01",11,"lr=0.003, wd=0.0",-1.0932,8
[32],0,"lr0.001,wd0.01",9,"lr=0.001, wd=0.0",-1.053,9
[32],0,"lr0.001,wd0.01",8,"lr=3e-04, wd=0.01",-1.05,10
[32],0,"lr0.001,wd0.01",10,"lr=0.001, wd=0.01",-1.0157,11
[32],0,"lr0.001,wd0.01",12,"lr=0.003, wd=0.01",-1.0007,12
[32],0,"lr0.003,wd0.0",11,"lr=0.003, wd=0.0",-1.1881,1
[32],0,"lr0.003,wd0.0",5,"lr=1e-04, wd=0.0",-1.1702,2
[32],0,"lr0.003,wd0.0",1,"lr=1e-05, wd=0.0",-1.1484,3
[32],0,"lr0.003,wd0.0",2,"lr=1e-05, wd=0.01",-1.108,4
[32],0,"lr0.003,wd0.0",7,"lr=3e-04, wd=0.0",-1.0843,5
[32],0,"lr0.003,wd0.0",9,"lr=0.001, wd=0.0",-1.0736,6
[32],0,"lr0.003,wd0.0",3,"lr=3e-05, wd=0.0",-1.0464,7
[32],0,"lr0.003,wd0.0",6,"lr=1e-04, wd=0.01",-1.0264,8
[32],0,"lr0.003,wd0.0",4,"lr=3e-05, wd=0.01",-1.0217,9
[32],0,"lr0.003,wd0.0",12,"lr=0.003, wd=0.01",-1.0016,10
[32],0,"lr0.003,wd0.0",8,"lr=3e-04, wd=0.01",-0.9961,11
[32],0,"lr0.003,wd0.0",10,"lr=0.001, wd=0.01",-0.9849,12
[32],0,"lr0.003,wd0.01",1,"lr=1e-05, wd=0.0",-1.2437,1
[32],0,"lr0.003,wd0.01",2,"lr=1e-05, wd=0.01",-1.2202,2
[32],0,"lr0.003,wd0.01",5,"lr=1e-04, wd=0.0",-1.1513,3
[32],0,"lr0.003,wd0.01",11,"lr=0.003, wd=0.0",-1.1117,4
[32],0,"lr0.003,wd0.01",3,"lr=3e-05, wd=0.0",-1.0649,5
[32],0,"lr0.003,wd0.01",4,"lr=3e-05, wd=0.01",-1.0566,6
[32],0,"lr0.003,wd0.01",7,"lr=3e-04, wd=0.0",-1.0499,7
[32],0,"lr0.003,wd0.01",6,"lr=1e-04, wd=0.01",-1.0405,8
[32],0,"lr0.003,wd0.01",12,"lr=0.003, wd=0.01",-1.0363,9
[32],0,"lr0.003,wd0.01",9,"lr=0.001, wd=0.0",-1.0175,10
[32],0,"lr0.003,wd0.01",8,"lr=3e-04, wd=0.01",-1.0004,11
[32],0,"lr0.003,wd0.01",10,"lr=0.001, wd=0.01",-0.9927,12
[32],5,"lr1e-05,wd0.0",3,"lr=3e-05, wd=0.0",-3.0244,1
[32],5,"lr1e-05,wd0.0",5,"lr=1e-04, wd=0.0",-2.7291,2
[32],5,"lr1e-05,wd0.0",4,"lr=3e-05, wd=0.01",-2.6129,3
[32],5,"lr1e-05,wd0.0",6,"lr=1e-04, wd=0.01",-2.4908,4
[32],5,"lr1e-05,wd0.0",9,"lr=0.001, wd=0.0",-2.3609,5
[32],5,"lr1e-05,wd0.0",11,"lr=0.003, wd=0.0",-2.3121,6
[32],5,"lr1e-05,wd0.0",7,"lr=3e-04, wd=0.0",-2.2927,7
[32],5,"lr1e-05,wd0.0",8,"lr=3e-04, wd=0.01",-2.2736,8
[32],5,"lr1e-05,wd0.0",10,"lr=0.001, wd=0.01",-2.1983,9
[32],5,"lr1e-05,wd0.0",2,"lr=1e-05, wd=0.01",-2.0979,10
[32],5,"lr1e-05,wd0.0",1,"lr=1e-05, wd=0.0",-2.0749,11
[32],5,"lr1e-05,wd0.0",12,"lr=0.003, wd=0.01",-1.9626,12
[32],5,"lr1e-05,wd0.01",3,"lr=3e-05, wd=0.0",-3.2885,1
[32],5,"lr1e-05,wd0.01",4,"lr=3e-05, wd=0.01",-3.0934,2
[32],5,"lr1e-05,wd0.01",5,"lr=1e-04, wd=0.0",-2.6195,3
[32],5,"lr1e-05,wd0.01",6,"lr=1e-04, wd=0.01",-2.5744,4
[32],5,"lr1e-05,wd0.01",7,"lr=3e-04, wd=0.0",-2.5428,5
[32],5,"lr1e-05,wd0.01",9,"lr=0.001, wd=0.0",-2.4989,6
[32],5,"lr1e-05,wd0.01",8,"lr=3e-04, wd=0.01",-2.4349,7
[32],5,"lr1e-05,wd0.01",11,"lr=0.003, wd=0.0",-2.3597,8
[32],5,"lr1e-05,wd0.01",10,"lr=0.001, wd=0.01",-2.2381,9
[32],5,"lr1e-05,wd0.01",1,"lr=1e-05, wd=0.0",-2.1632,10
[32],5,"lr1e-05,wd0.01",2,"lr=1e-05, wd=0.01",-2.1044,11
[32],5,"lr1e-05,wd0.01",12,"lr=0.003, wd=0.01",-1.9841,12
[32],5,"lr3e-05,wd0.0",5,"lr=1e-04, wd=0.0",-3.0705,1
[32],5,"lr3e-05,wd0.0",3,"lr=3e-05, wd=0.0",-2.4592,2
[32],5,"lr3e-05,wd0.0",9,"lr=0.001, wd=0.0",-2.3745,3
[32],5,"lr3e-05,wd0.0",7,"lr=3e-04, wd=0.0",-2.3506,4
[32],5,"lr3e-05,wd0.0",4,"lr=3e-05, wd=0.01",-2.341,5
[32],5,"lr3e-05,wd0.0",11,"lr=0.003, wd=0.0",-2.3198,6
[32],5,"lr3e-05,wd0.0",6,"lr=1e-04, wd=0.01",-2.2506,7
[32],5,"lr3e-05,wd0.0",1,"lr=1e-05, wd=0.0",-2.1497,8
[32],5,"lr3e-05,wd0.0",8,"lr=3e-04, wd=0.01",-2.1413,9
[32],5,"lr3e-05,wd0.0",2,"lr=1e-05, wd=0.01",-2.1364,10
[32],5,"lr3e-05,wd0.0",10,"lr=0.001, wd=0.01",-2.1082,11
[32],5,"lr3e-05,wd0.0",12,"lr=0.003, wd=0.01",-1.8168,12
[32],5,"lr3e-05,wd0.01",5,"lr=1e-04, wd=0.0",-3.6944,1
[32],5,"lr3e-05,wd0.01",6,"lr=1e-04, wd=0.01",-3.2784,2
[32],5,"lr3e-05,wd0.01",7,"lr=3e-04, wd=0.0",-3.0345,3
[32],5,"lr3e-05,wd0.01",8,"lr=3e-04, wd=0.01",-2.8573,4
[32],5,"lr3e-05,wd0.01",3,"lr=3e-05, wd=0.0",-2.767,5
[32],5,"lr3e-05,wd0.01",4,"lr=3e-05, wd=0.01",-2.6653,6
[32],5,"lr3e-05,wd0.01",9,"lr=0.001, wd=0.0",-2.6442,7
[32],5,"lr3e-05,wd0.01",11,"lr=0.003, wd=0.0",-2.5284,8
[32],5,"lr3e-05,wd0.01",10,"lr=0.001, wd=0.01",-2.284,9
[32],5,"lr3e-05,wd0.01",2,"lr=1e-05, wd=0.01",-2.238,10
[32],5,"lr3e-05,wd0.01",1,"lr=1e-05, wd=0.0",-2.2255,11
[32],5,"lr3e-05,wd0.01",12,"lr=0.003, wd=0.01",-1.9607,12
[32],5,"lr0.0001,wd0.0",5,"lr=1e-04, wd=0.0",-2.7637,1
[32],5,"lr0.0001,wd0.0",7,"lr=3e-04, wd=0.0",-2.6881,2
[32],5,"lr0.0001,wd0.0",11,"lr=0.003, wd=0.0",-2.6374,3
[32],5,"lr0.0001,wd0.0",8,"lr=3e-04, wd=0.01",-2.5313,4
[32],5,"lr0.0001,wd0.0",9,"lr=0.001, wd=0.0",-2.5256,5
[32],5,"lr0.0001,wd0.0",6,"lr=1e-04, wd=0.01",-2.4958,6
[32],5,"lr0.0001,wd0.0",3,"lr=3e-05, wd=0.0",-2.2979,7
[32],5,"lr0.0001,wd0.0",4,"lr=3e-05, wd=0.01",-2.2165,8
[32],5,"lr0.0001,wd0.0",10,"lr=0.001, wd=0.01",-2.1002,9
[32],5,"lr0.0001,wd0.0",1,"lr=1e-05, wd=0.0",-2.0756,10
[32],5,"lr0.0001,wd0.0",2,"lr=1e-05, wd=0.01",-2.0015,11
[32],5,"lr0.0001,wd0.0",12,"lr=0.003, wd=0.01",-1.79,12
[32],5,"lr0.0001,wd0.01",7,"lr=3e-04, wd=0.0",-3.4868,1
[32],5,"lr0.0001,wd0.01",5,"lr=1e-04, wd=0.0",-3.2725,2
[32],5,"lr0.0001,wd0.01",8,"lr=3e-04, wd=0.01",-3.1472,3
[32],5,"lr0.0001,wd0.01",9,"lr=0.001, wd=0.0",-3.0592,4
[32],5,"lr0.0001,wd0.01",6,"lr=1e-04, wd=0.01",-2.9753,5
[32],5,"lr0.0001,wd0.01",11,"lr=0.003, wd=0.0",-2.9382,6
[32],5,"lr0.0001,wd0.01",10,"lr=0.001, wd=0.01",-2.7768,7
[32],5,"lr0.0001,wd0.01",4,"lr=3e-05, wd=0.01",-2.4761,8
[32],5,"lr0.0001,wd0.01",3,"lr=3e-05, wd=0.0",-2.4633,9
[32],5,"lr0.0001,wd0.01",1,"lr=1e-05, wd=0.0",-2.1859,10
[32],5,"lr0.0001,wd0.01",2,"lr=1e-05, wd=0.01",-2.1732,11
[32],5,"lr0.0001,wd0.01",12,"lr=0.003, wd=0.01",-2.1508,12
[32],5,"lr0.0003,wd0.0",9,"lr=0.001, wd=0.0",-2.7399,1
[32],5,"lr0.0003,wd0.0",7,"lr=3e-04, wd=0.0",-2.6139,2
[32],5,"lr0.0003,wd0.0",11,"lr=0.003, wd=0.0",-2.559,3
[32],5,"lr0.0003,wd0.0",5,"lr=1e-04, wd=0.0",-2.4955,4
[32],5,"lr0.0003,wd0.0",6,"lr=1e-04, wd=0.01",-2.3892,5
[32],5,"lr0.0003,wd0.0",8,"lr=3e-04, wd=0.01",-2.2576,6
[32],5,"lr0.0003,wd0.0",3,"lr=3e-05, wd=0.0",-2.1354,7
[32],5,"lr0.0003,wd0.0",4,"lr=3e-05, wd=0.01",-2.0468,8
[32],5,"lr0.0003,wd0.0",10,"lr=0.001, wd=0.01",-1.9347,9
[32],5,"lr0.0003,wd0.0",1,"lr=1e-05, wd=0.0",-1.8198,10
[32],5,"lr0.0003,wd0.0",12,"lr=0.003, wd=0.01",-1.7925,11
[32],5,"lr0.0003,wd0.0",2,"lr=1e-05, wd=0.01",-1.7679,12
[32],5,"lr0.0003,wd0.01",7,"lr=3e-04, wd=0.0",-3.5299,1
[32],5,"lr0.0003,wd0.01",9,"lr=0.001, wd=0.0",-3.525,2
[32],5,"lr0.0003,wd0.01",11,"lr=0.003, wd=0.0",-3.5116,3
[32],5,"lr0.0003,wd0.01",8,"lr=3e-04, wd=0.01",-3.3134,4
[32],5,"lr0.0003,wd0.01",10,"lr=0.001, wd=0.01",-3.1472,5
[32],5,"lr0.0003,wd0.01",6,"lr=1e-04, wd=0.01",-2.8004,6
[32],5,"lr0.0003,wd0.01",5,"lr=1e-04, wd=0.0",-2.7822,7
[32],5,"lr0.0003,wd0.01",12,"lr=0.003, wd=0.01",-2.2946,8
[32],5,"lr0.0003,wd0.01",4,"lr=3e-05, wd=0.01",-2.2894,9
[32],5,"lr0.0003,wd0.01",3,"lr=3e-05, wd=0.0",-2.2634,10
[32],5,"lr0.0003,wd0.01",2,"lr=1e-05, wd=0.01",-2.0038,11
[32],5,"lr0.0003,wd0.01",1,"lr=1e-05, wd=0.0",-2.0032,12
[32],5,"lr0.001,wd0.0",9,"lr=0.001, wd=0.0",-2.6848,1
[32],5,"lr0.001,wd0.0",7,"lr=3e-04, wd=0.0",-2.5438,2
[32],5,"lr0.001,wd0.0",11,"lr=0.003, wd=0.0",-2.4944,3
[32],5,"lr0.001,wd0.0",8,"lr=3e-04, wd=0.01",-2.2575,4
[32],5,"lr0.001,wd0.0",5,"lr=1e-04, wd=0.0",-2.2376,5
[32],5,"lr0.001,wd0.0",6,"lr=1e-04, wd=0.01",-2.1464,6
[32],5,"lr0.001,wd0.0",10,"lr=0.001, wd=0.01",-2.0176,7
[32],5,"lr0.001,wd0.0",12,"lr=0.003, wd=0.01",-1.8723,8
[32],5,"lr0.001,wd0.0",3,"lr=3e-05, wd=0.0",-1.8114,9
[32],5,"lr0.001,wd0.0",4,"lr=3e-05, wd=0.01",-1.7644,10
[32],5,"lr0.001,wd0.0",1,"lr=1e-05, wd=0.0",-1.5743,11
[32],5,"lr0.001,wd0.0",2,"lr=1e-05, wd=0.01",-1.5564,12
[32],5,"lr0.001,wd0.01",11,"lr=0.003, wd=0.0",-3.405,1
[32],5,"lr0.001,wd0.01",8,"lr=3e-04, wd=0.01",-3.2032,2
[32],5,"lr0.001,wd0.01",9,"lr=0.001, wd=0.0",-3.1823,3
[32],5,"lr0.001,wd0.01",7,"lr=3e-04, wd=0.0",-3.174,4
[32],5,"lr0.001,wd0.01",10,"lr=0.001, wd=0.01",-3.0333,5
[32],5,"lr0.001,wd0.01",12,"lr=0.003, wd=0.01",-2.1306,6
[32],5,"lr0.001,wd0.01",6,"lr=1e-04, wd=0.01",-2.0338,7
[32],5,"lr0.001,wd0.01",5,"lr=1e-04, wd=0.0",-1.9944,8
[32],5,"lr0.001,wd0.01",3,"lr=3e-05, wd=0.0",-1.6267,9
[32],5,"lr0.001,wd0.01",4,"lr=3e-05, wd=0.01",-1.6126,10
[32],5,"lr0.001,wd0.01",1,"lr=1e-05, wd=0.0",-1.3803,11
[32],5,"lr0.001,wd0.01",2,"lr=1e-05, wd=0.01",-1.3746,12
[32],5,"lr0.003,wd0.0",9,"lr=0.001, wd=0.0",-3.1757,1
[32],5,"lr0.003,wd0.0",11,"lr=0.003, wd=0.0",-2.9681,2
[32],5,"lr0.003,wd0.0",7,"lr=3e-04, wd=0.0",-2.7642,3
[32],5,"lr0.003,wd0.0",8,"lr=3e-04, wd=0.01",-2.2692,4
[32],5,"lr0.003,wd0.0",10,"lr=0.001, wd=0.01",-2.0594,5
[32],5,"lr0.003,wd0.0",5,"lr=1e-04, wd=0.0",-1.9993,6
[32],5,"lr0.003,wd0.0",6,"lr=1e-04, wd=0.01",-1.8972,7
[32],5,"lr0.003,wd0.0",12,"lr=0.003, wd=0.01",-1.8387,8
[32],5,"lr0.003,wd0.0",3,"lr=3e-05, wd=0.0",-1.641,9
[32],5,"lr0.003,wd0.0",4,"lr=3e-05, wd=0.01",-1.6007,10
[32],5,"lr0.003,wd0.0",1,"lr=1e-05, wd=0.0",-1.3906,11
[32],5,"lr0.003,wd0.0",2,"lr=1e-05, wd=0.01",-1.3825,12
[32],5,"lr0.003,wd0.01",10,"lr=0.001, wd=0.01",-2.7405,1
[32],5,"lr0.003,wd0.01",12,"lr=0.003, wd=0.01",-2.618,2
[32],5,"lr0.003,wd0.01",11,"lr=0.003, wd=0.0",-2.4595,3
[32],5,"lr0.003,wd0.01",9,"lr=0.001, wd=0.0",-2.4193,4
[32],5,"lr0.003,wd0.01",8,"lr=3e-04, wd=0.01",-2.2913,5
[32],5,"lr0.003,wd0.01",7,"lr=3e-04, wd=0.0",-2.2507,6
[32],5,"lr0.003,wd0.01",5,"lr=1e-04, wd=0.0",-1.8644,7
[32],5,"lr0.003,wd0.01",6,"lr=1e-04, wd=0.01",-1.8273,8
[32],5,"lr0.003,wd0.01",4,"lr=3e-05, wd=0.01",-1.6851,9
[32],5,"lr0.003,wd0.01",2,"lr=1e-05, wd=0.01",-1.6827,10
[32],5,"lr0.003,wd0.01",3,"lr=3e-05, wd=0.0",-1.622,11
[32],5,"lr0.003,wd0.01",1,"lr=1e-05, wd=0.0",-1.6219,12
[32],10,"lr1e-05,wd0.0",3,"lr=3e-05, wd=0.0",-3.2761,1
[32],10,"lr1e-05,wd0.0",9,"lr=0.001, wd=0.0",-2.6561,2
[32],10,"lr1e-05,wd0.0",4,"lr=3e-05, wd=0.01",-2.6448,3
[32],10,"lr1e-05,wd0.0",5,"lr=1e-04, wd=0.0",-2.643,4
[32],10,"lr1e-05,wd0.0",1,"lr=1e-05, wd=0.0",-2.6066,5
[32],10,"lr1e-05,wd0.0",11,"lr=0.003, wd=0.0",-2.5762,6
[32],10,"lr1e-05,wd0.0",8,"lr=3e-04, wd=0.01",-2.557,7
[32],10,"lr1e-05,wd0.0",2,"lr=1e-05, wd=0.01",-2.5142,8
[32],10,"lr1e-05,wd0.0",10,"lr=0.001, wd=0.01",-2.3718,9
[32],10,"lr1e-05,wd0.0",7,"lr=3e-04, wd=0.0",-2.1558,10
[32],10,"lr1e-05,wd0.0",12,"lr=0.003, wd=0.01",-2.0547,11
[32],10,"lr1e-05,wd0.0",6,"lr=1e-04, wd=0.01",-1.6244,12
[32],10,"lr1e-05,wd0.01",3,"lr=3e-05, wd=0.0",-3.8691,1
[32],10,"lr1e-05,wd0.01",4,"lr=3e-05, wd=0.01",-3.4542,2
[32],10,"lr1e-05,wd0.01",5,"lr=1e-04, wd=0.0",-2.9423,3
[32],10,"lr1e-05,wd0.01",8,"lr=3e-04, wd=0.01",-2.8046,4
[32],10,"lr1e-05,wd0.01",9,"lr=0.001, wd=0.0",-2.7375,5
[32],10,"lr1e-05,wd0.01",1,"lr=1e-05, wd=0.0",-2.7143,6
[32],10,"lr1e-05,wd0.01",11,"lr=0.003, wd=0.0",-2.6713,7
[32],10,"lr1e-05,wd0.01",2,"lr=1e-05, wd=0.01",-2.6573,8
[32],10,"lr1e-05,wd0.01",7,"lr=3e-04, wd=0.0",-2.6019,9
[32],10,"lr1e-05,wd0.01",6,"lr=1e-04, wd=0.01",-2.5791,10
[32],10,"lr1e-05,wd0.01",10,"lr=0.001, wd=0.01",-2.4601,11
[32],10,"lr1e-05,wd0.01",12,"lr=0.003, wd=0.01",-2.1353,12
[32],10,"lr3e-05,wd0.0",5,"lr=1e-04, wd=0.0",-3.1279,1
[32],10,"lr3e-05,wd0.0",3,"lr=3e-05, wd=0.0",-2.9623,2
[32],10,"lr3e-05,wd0.0",11,"lr=0.003, wd=0.0",-2.8098,3
[32],10,"lr3e-05,wd0.0",1,"lr=1e-05, wd=0.0",-2.8046,4
[32],10,"lr3e-05,wd0.0",9,"lr=0.001, wd=0.0",-2.7934,5
[32],10,"lr3e-05,wd0.0",4,"lr=3e-05, wd=0.01",-2.792,6
[32],10,"lr3e-05,wd0.0",2,"lr=1e-05, wd=0.01",-2.7314,7
[32],10,"lr3e-05,wd0.0",6,"lr=1e-04, wd=0.01",-2.6238,8
[32],10,"lr3e-05,wd0.0",8,"lr=3e-04, wd=0.01",-2.6216,9
[32],10,"lr3e-05,wd0.0",10,"lr=0.001, wd=0.01",-2.3495,10
[32],10,"lr3e-05,wd0.0",12,"lr=0.003, wd=0.01",-1.9093,11
[32],10,"lr3e-05,wd0.0",7,"lr=3e-04, wd=0.0",-1.4016,12
[32],10,"lr3e-05,wd0.01",5,"lr=1e-04, wd=0.0",-3.9254,1
[32],10,"lr3e-05,wd0.01",6,"lr=1e-04, wd=0.01",-3.7394,2
[32],10,"lr3e-05,wd0.01",7,"lr=3e-04, wd=0.0",-3.5051,3
[32],10,"lr3e-05,wd0.01",8,"lr=3e-04, wd=0.01",-3.5046,4
[32],10,"lr3e-05,wd0.01",3,"lr=3e-05, wd=0.0",-3.2671,5
[32],10,"lr3e-05,wd0.01",9,"lr=0.001, wd=0.0",-3.2428,6
[32],10,"lr3e-05,wd0.01",4,"lr=3e-05, wd=0.01",-3.1803,7
[32],10,"lr3e-05,wd0.01",11,"lr=0.003, wd=0.0",-3.0721,8
[32],10,"lr3e-05,wd0.01",1,"lr=1e-05, wd=0.0",-2.8589,9
[32],10,"lr3e-05,wd0.01",2,"lr=1e-05, wd=0.01",-2.8484,10
[32],10,"lr3e-05,wd0.01",10,"lr=0.001, wd=0.01",-2.5117,11
[32],10,"lr3e-05,wd0.01",12,"lr=0.003, wd=0.01",-2.0206,12
[32],10,"lr0.0001,wd0.0",7,"lr=3e-04, wd=0.0",-3.2903,1
[32],10,"lr0.0001,wd0.0",9,"lr=0.001, wd=0.0",-3.148,2
[32],10,"lr0.0001,wd0.0",5,"lr=1e-04, wd=0.0",-3.1399,3
[32],10,"lr0.0001,wd0.0",11,"lr=0.003, wd=0.0",-2.881,4
[32],10,"lr0.0001,wd0.0",6,"lr=1e-04, wd=0.01",-2.8484,5
[32],10,"lr0.0001,wd0.0",3,"lr=3e-05, wd=0.0",-2.8317,6
[32],10,"lr0.0001,wd0.0",4,"lr=3e-05, wd=0.01",-2.7011,7
[32],10,"lr0.0001,wd0.0",8,"lr=3e-04, wd=0.01",-2.6083,8
[32],10,"lr0.0001,wd0.0",1,"lr=1e-05, wd=0.0",-2.5108,9
[32],10,"lr0.0001,wd0.0",2,"lr=1e-05, wd=0.01",-2.444,10
[32],10,"lr0.0001,wd0.0",10,"lr=0.001, wd=0.01",-2.1334,11
[32],10,"lr0.0001,wd0.0",12,"lr=0.003, wd=0.01",-1.9458,12
[32],10,"lr0.0001,wd0.01",5,"lr=1e-04, wd=0.0",-3.7991,1
[32],10,"lr0.0001,wd0.01",8,"lr=3e-04, wd=0.01",-3.6863,2
[32],10,"lr0.0001,wd0.01",11,"lr=0.003, wd=0.0",-3.5085,3
[32],10,"lr0.0001,wd0.01",7,"lr=3e-04, wd=0.0",-3.4956,4
[32],10,"lr0.0001,wd0.01",9,"lr=0.001, wd=0.0",-3.4779,5
[32],10,"lr0.0001,wd0.01",6,"lr=1e-04, wd=0.01",-3.463,6
[32],10,"lr0.0001,wd0.01",4,"lr=3e-05, wd=0.01",-3.0943,7
[32],10,"lr0.0001,wd0.01",3,"lr=3e-05, wd=0.0",-3.0696,8
[32],10,"lr0.0001,wd0.01",10,"lr=0.001, wd=0.01",-2.8617,9
[32],10,"lr0.0001,wd0.01",1,"lr=1e-05, wd=0.0",-2.7986,10
[32],10,"lr0.0001,wd0.01",2,"lr=1e-05, wd=0.01",-2.7902,11
[32],10,"lr0.0001,wd0.01",12,"lr=0.003, wd=0.01",-2.1831,12
[32],10,"lr0.0003,wd0.0",7,"lr=3e-04, wd=0.0",-2.6813,1
[32],10,"lr0.0003,wd0.0",9,"lr=0.001, wd=0.0",-2.6412,2
[32],10,"lr0.0003,wd0.0",11,"lr=0.003, wd=0.0",-2.4795,3
[32],10,"lr0.0003,wd0.0",6,"lr=1e-04, wd=0.01",-2.4732,4
[32],10,"lr0.0003,wd0.0",8,"lr=3e-04, wd=0.01",-2.4317,5
[32],10,"lr0.0003,wd0.0",5,"lr=1e-04, wd=0.0",-2.3279,6
[32],10,"lr0.0003,wd0.0",4,"lr=3e-05, wd=0.01",-2.2657,7
[32],10,"lr0.0003,wd0.0",3,"lr=3e-05, wd=0.0",-2.2481,8
[32],10,"lr0.0003,wd0.0",10,"lr=0.001, wd=0.01",-2.1439,9
[32],10,"lr0.0003,wd0.0",1,"lr=1e-05, wd=0.0",-2.0879,10
[32],10,"lr0.0003,wd0.0",2,"lr=1e-05, wd=0.01",-2.0664,11
[32],10,"lr0.0003,wd0.0",12,"lr=0.003, wd=0.01",-2.0084,12
[32],10,"lr0.0003,wd0.01",8,"lr=3e-04, wd=0.01",-3.7478,1
[32],10,"lr0.0003,wd0.01",11,"lr=0.003, wd=0.0",-3.6478,2
[32],10,"lr0.0003,wd0.01",7,"lr=3e-04, wd=0.0",-3.5721,3
[32],10,"lr0.0003,wd0.01",9,"lr=0.001, wd=0.0",-3.5226,4
[32],10,"lr0.0003,wd0.01",10,"lr=0.001, wd=0.01",-3.3198,5
[32],10,"lr0.0003,wd0.01",6,"lr=1e-04, wd=0.01",-3.1606,6
[32],10,"lr0.0003,wd0.01",5,"lr=1e-04, wd=0.0",-3.1544,7
[32],10,"lr0.0003,wd0.01",4,"lr=3e-05, wd=0.01",-2.8609,8
[32],10,"lr0.0003,wd0.01",3,"lr=3e-05, wd=0.0",-2.8499,9
[32],10,"lr0.0003,wd0.01",1,"lr=1e-05, wd=0.0",-2.4683,10
[32],10,"lr0.0003,wd0.01",2,"lr=1e-05, wd=0.01",-2.4649,11
[32],10,"lr0.0003,wd0.01",12,"lr=0.003, wd=0.01",-2.4552,12
[32],10,"lr0.001,wd0.0",9,"lr=0.001, wd=0.0",-2.7152,1
[32],10,"lr0.001,wd0.0",7,"lr=3e-04, wd=0.0",-2.6845,2
[32],10,"lr0.001,wd0.0",11,"lr=0.003, wd=0.0",-2.6225,3
[32],10,"lr0.001,wd0.0",8,"lr=3e-04, wd=0.01",-2.4806,4
[32],10,"lr0.001,wd0.0",5,"lr=1e-04, wd=0.0",-2.4693,5
[32],10,"lr0.001,wd0.0",6,"lr=1e-04, wd=0.01",-2.4224,6
[32],10,"lr0.001,wd0.0",10,"lr=0.001, wd=0.01",-2.3285,7
[32],10,"lr0.001,wd0.0",3,"lr=3e-05, wd=0.0",-2.2616,8
[32],10,"lr0.001,wd0.0",4,"lr=3e-05, wd=0.01",-2.2277,9
[32],10,"lr0.001,wd0.0",12,"lr=0.003, wd=0.01",-2.1951,10
[32],10,"lr0.001,wd0.0",1,"lr=1e-05, wd=0.0",-2.0272,11
[32],10,"lr0.001,wd0.0",2,"lr=1e-05, wd=0.01",-1.9968,12
[32],10,"lr0.001,wd0.01",10,"lr=0.001, wd=0.01",-3.6481,1
[32],10,"lr0.001,wd0.01",8,"lr=3e-04, wd=0.01",-3.6044,2
[32],10,"lr0.001,wd0.01",11,"lr=0.003, wd=0.0",-3.4526,3
[32],10,"lr0.001,wd0.01",9,"lr=0.001, wd=0.0",-3.4359,4
[32],10,"lr0.001,wd0.01",7,"lr=3e-04, wd=0.0",-3.4343,5
[32],10,"lr0.001,wd0.01",6,"lr=1e-04, wd=0.01",-2.8205,6
[32],10,"lr0.001,wd0.01",12,"lr=0.003, wd=0.01",-2.6614,7
[32],10,"lr0.001,wd0.01",5,"lr=1e-04, wd=0.0",-2.6529,8
[32],10,"lr0.001,wd0.01",3,"lr=3e-05, wd=0.0",-2.5658,9
[32],10,"lr0.001,wd0.01",4,"lr=3e-05, wd=0.01",-2.5247,10
[32],10,"lr0.001,wd0.01",1,"lr=1e-05, wd=0.0",-2.159,11
[32],10,"lr0.001,wd0.01",2,"lr=1e-05, wd=0.01",-2.0966,12
[32],10,"lr0.003,wd0.0",7,"lr=3e-04, wd=0.0",-3.1418,1
[32],10,"lr0.003,wd0.0",8,"lr=3e-04, wd=0.01",-2.8666,2
[32],10,"lr0.003,wd0.0",5,"lr=1e-04, wd=0.0",-2.7171,3
[32],10,"lr0.003,wd0.0",6,"lr=1e-04, wd=0.01",-2.6631,4
[32],10,"lr0.003,wd0.0",10,"lr=0.001, wd=0.01",-2.6398,5
[32],10,"lr0.003,wd0.0",9,"lr=0.001, wd=0.0",-2.6277,6
[32],10,"lr0.003,wd0.0",3,"lr=3e-05, wd=0.0",-2.436,7
[32],10,"lr0.003,wd0.0",4,"lr=3e-05, wd=0.01",-2.3926,8
[32],10,"lr0.003,wd0.0",12,"lr=0.003, wd=0.01",-2.3595,9
[32],10,"lr0.003,wd0.0",11,"lr=0.003, wd=0.0",-2.325,10
[32],10,"lr0.003,wd0.0",1,"lr=1e-05, wd=0.0",-2.127,11
[32],10,"lr0.003,wd0.0",2,"lr=1e-05, wd=0.01",-2.0981,12
[32],10,"lr0.003,wd0.01",10,"lr=0.001, wd=0.01",-3.5046,1
[32],10,"lr0.003,wd0.01",12,"lr=0.003, wd=0.01",-3.2918,2
[32],10,"lr0.003,wd0.01",8,"lr=3e-04, wd=0.01",-3.2763,3
[32],10,"lr0.003,wd0.01",11,"lr=0.003, wd=0.0",-3.2152,4
[32],10,"lr0.003,wd0.01",9,"lr=0.001, wd=0.0",-3.1716,5
[32],10,"lr0.003,wd0.01",7,"lr=3e-04, wd=0.0",-3.1099,6
[32],10,"lr0.003,wd0.01",6,"lr=1e-04, wd=0.01",-2.6299,7
[32],10,"lr0.003,wd0.01",5,"lr=1e-04, wd=0.0",-2.4572,8
[32],10,"lr0.003,wd0.01",4,"lr=3e-05, wd=0.01",-2.0002,9
[32],10,"lr0.003,wd0.01",3,"lr=3e-05, wd=0.0",-1.9767,10
[32],10,"lr0.003,wd0.01",1,"lr=1e-05, wd=0.0",-1.7681,11
[32],10,"lr0.003,wd0.01",2,"lr=1e-05, wd=0.01",-1.7516,12
[32],20,"lr1e-05,wd0.0",3,"lr=3e-05, wd=0.0",-3.4668,1
[32],20,"lr1e-05,wd0.0",7,"lr=3e-04, wd=0.0",-3.4143,2
[32],20,"lr1e-05,wd0.0",5,"lr=1e-04, wd=0.0",-3.3574,3
[32],20,"lr1e-05,wd0.0",8,"lr=3e-04, wd=0.01",-3.3343,4
[32],20,"lr1e-05,wd0.0",4,"lr=3e-05, wd=0.01",-3.2846,5
[32],20,"lr1e-05,wd0.0",6,"lr=1e-04, wd=0.01",-3.2583,6
[32],20,"lr1e-05,wd0.0",1,"lr=1e-05, wd=0.0",-3.1782,7
[32],20,"lr1e-05,wd0.0",2,"lr=1e-05, wd=0.01",-3.0578,8
[32],20,"lr1e-05,wd0.0",9,"lr=0.001, wd=0.0",-3.0405,9
[32],20,"lr1e-05,wd0.0",11,"lr=0.003, wd=0.0",-2.9801,10
[32],20,"lr1e-05,wd0.0",10,"lr=0.001, wd=0.01",-2.6929,11
[32],20,"lr1e-05,wd0.0",12,"lr=0.003, wd=0.01",-2.3947,12
[32],20,"lr1e-05,wd0.01",3,"lr=3e-05, wd=0.0",-4.0586,1
[32],20,"lr1e-05,wd0.01",5,"lr=1e-04, wd=0.0",-3.8493,2
[32],20,"lr1e-05,wd0.01",4,"lr=3e-05, wd=0.01",-3.8436,3
[32],20,"lr1e-05,wd0.01",6,"lr=1e-04, wd=0.01",-3.7725,4
[32],20,"lr1e-05,wd0.01",7,"lr=3e-04, wd=0.0",-3.4772,5
[32],20,"lr1e-05,wd0.01",8,"lr=3e-04, wd=0.01",-3.3779,6
[32],20,"lr1e-05,wd0.01",1,"lr=1e-05, wd=0.0",-3.2451,7
[32],20,"lr1e-05,wd0.01",2,"lr=1e-05, wd=0.01",-3.2115,8
[32],20,"lr1e-05,wd0.01",9,"lr=0.001, wd=0.0",-3.0607,9
[32],20,"lr1e-05,wd0.01",11,"lr=0.003, wd=0.0",-2.9861,10
[32],20,"lr1e-05,wd0.01",10,"lr=0.001, wd=0.01",-2.7009,11
[32],20,"lr1e-05,wd0.01",12,"lr=0.003, wd=0.01",-2.409,12
[32],20,"lr3e-05,wd0.0",5,"lr=1e-04, wd=0.0",-3.4785,1
[32],20,"lr3e-05,wd0.0",3,"lr=3e-05, wd=0.0",-3.4507,2
[32],20,"lr3e-05,wd0.0",6,"lr=1e-04, wd=0.01",-3.3918,3
[32],20,"lr3e-05,wd0.0",4,"lr=3e-05, wd=0.01",-3.2945,4
[32],20,"lr3e-05,wd0.0",9,"lr=0.001, wd=0.0",-3.2731,5
[32],20,"lr3e-05,wd0.0",8,"lr=3e-04, wd=0.01",-3.2426,6
[32],20,"lr3e-05,wd0.0",11,"lr=0.003, wd=0.0",-3.2024,7
[32],20,"lr3e-05,wd0.0",1,"lr=1e-05, wd=0.0",-3.1225,8
[32],20,"lr3e-05,wd0.0",7,"lr=3e-04, wd=0.0",-3.0355,9
[32],20,"lr3e-05,wd0.0",2,"lr=1e-05, wd=0.01",-3.0234,10
[32],20,"lr3e-05,wd0.0",10,"lr=0.001, wd=0.01",-2.6102,11
[32],20,"lr3e-05,wd0.0",12,"lr=0.003, wd=0.01",-2.2426,12
[32],20,"lr3e-05,wd0.01",5,"lr=1e-04, wd=0.0",-4.1405,1
[32],20,"lr3e-05,wd0.01",6,"lr=1e-04, wd=0.01",-3.9033,2
[32],20,"lr3e-05,wd0.01",8,"lr=3e-04, wd=0.01",-3.8523,3
[32],20,"lr3e-05,wd0.01",3,"lr=3e-05, wd=0.0",-3.6858,4
[32],20,"lr3e-05,wd0.01",4,"lr=3e-05, wd=0.01",-3.6321,5
[32],20,"lr3e-05,wd0.01",9,"lr=0.001, wd=0.0",-3.6222,6
[32],20,"lr3e-05,wd0.01",11,"lr=0.003, wd=0.0",-3.5635,7
[32],20,"lr3e-05,wd0.01",7,"lr=3e-04, wd=0.0",-3.5556,8
[32],20,"lr3e-05,wd0.01",1,"lr=1e-05, wd=0.0",-3.2138,9
[32],20,"lr3e-05,wd0.01",2,"lr=1e-05, wd=0.01",-3.2029,10
[32],20,"lr3e-05,wd0.01",10,"lr=0.001, wd=0.01",-3.0801,11
[32],20,"lr3e-05,wd0.01",12,"lr=0.003, wd=0.01",-2.4205,12
[32],20,"lr0.0001,wd0.0",7,"lr=3e-04, wd=0.0",-3.1691,1
[32],20,"lr0.0001,wd0.0",5,"lr=1e-04, wd=0.0",-2.9783,2
[32],20,"lr0.0001,wd0.0",9,"lr=0.001, wd=0.0",-2.943,3
[32],20,"lr0.0001,wd0.0",6,"lr=1e-04, wd=0.01",-2.9139,4
[32],20,"lr0.0001,wd0.0",11,"lr=0.003, wd=0.0",-2.815,5
[32],20,"lr0.0001,wd0.0",3,"lr=3e-05, wd=0.0",-2.7857,6
[32],20,"lr0.0001,wd0.0",4,"lr=3e-05, wd=0.01",-2.7821,7
[32],20,"lr0.0001,wd0.0",8,"lr=3e-04, wd=0.01",-2.7096,8
[32],20,"lr0.0001,wd0.0",1,"lr=1e-05, wd=0.0",-2.6332,9
[32],20,"lr0.0001,wd0.0",2,"lr=1e-05, wd=0.01",-2.6227,10
[32],20,"lr0.0001,wd0.0",10,"lr=0.001, wd=0.01",-2.5083,11
[32],20,"lr0.0001,wd0.0",12,"lr=0.003, wd=0.01",-2.3287,12
[32],20,"lr0.0001,wd0.01",5,"lr=1e-04, wd=0.0",-4.0207,1
[32],20,"lr0.0001,wd0.01",8,"lr=3e-04, wd=0.01",-3.8603,2
[32],20,"lr0.0001,wd0.01",11,"lr=0.003, wd=0.0",-3.7796,3
[32],20,"lr0.0001,wd0.01",9,"lr=0.001, wd=0.0",-3.7457,4
[32],20,"lr0.0001,wd0.01",6,"lr=1e-04, wd=0.01",-3.7379,5
[32],20,"lr0.0001,wd0.01",7,"lr=3e-04, wd=0.0",-3.5895,6
[32],20,"lr0.0001,wd0.01",3,"lr=3e-05, wd=0.0",-3.5486,7
[32],20,"lr0.0001,wd0.01",4,"lr=3e-05, wd=0.01",-3.5156,8
[32],20,"lr0.0001,wd0.01",10,"lr=0.001, wd=0.01",-3.1644,9
[32],20,"lr0.0001,wd0.01",1,"lr=1e-05, wd=0.0",-3.1191,10
[32],20,"lr0.0001,wd0.01",2,"lr=1e-05, wd=0.01",-3.0946,11
[32],20,"lr0.0001,wd0.01",12,"lr=0.003, wd=0.01",-2.5699,12
[32],20,"lr0.0003,wd0.0",9,"lr=0.001, wd=0.0",-2.4773,1
[32],20,"lr0.0003,wd0.0",11,"lr=0.003, wd=0.0",-2.3003,2
[32],20,"lr0.0003,wd0.0",10,"lr=0.001, wd=0.01",-2.1998,3
[32],20,"lr0.0003,wd0.0",7,"lr=3e-04, wd=0.0",-2.1724,4
[32],20,"lr0.0003,wd0.0",12,"lr=0.003, wd=0.01",-2.122,5
[32],20,"lr0.0003,wd0.0",8,"lr=3e-04, wd=0.01",-2.1109,6
[32],20,"lr0.0003,wd0.0",2,"lr=1e-05, wd=0.01",-2.0376,7
[32],20,"lr0.0003,wd0.0",1,"lr=1e-05, wd=0.0",-1.9852,8
[32],20,"lr0.0003,wd0.0",6,"lr=1e-04, wd=0.01",-1.9578,9
[32],20,"lr0.0003,wd0.0",4,"lr=3e-05, wd=0.01",-1.9524,10
[32],20,"lr0.0003,wd0.0",3,"lr=3e-05, wd=0.0",-1.8007,11
[32],20,"lr0.0003,wd0.0",5,"lr=1e-04, wd=0.0",-0.8531,12
[32],20,"lr0.0003,wd0.01",8,"lr=3e-04, wd=0.01",-3.8358,1
[32],20,"lr0.0003,wd0.01",11,"lr=0.003, wd=0.0",-3.6229,2
[32],20,"lr0.0003,wd0.01",10,"lr=0.001, wd=0.01",-3.6141,3
[32],20,"lr0.0003,wd0.01",5,"lr=1e-04, wd=0.0",-3.5047,4
[32],20,"lr0.0003,wd0.01",6,"lr=1e-04, wd=0.01",-3.4742,5
[32],20,"lr0.0003,wd0.01",9,"lr=0.001, wd=0.0",-3.3541,6
[32],20,"lr0.0003,wd0.01",3,"lr=3e-05, wd=0.0",-3.2391,7
[32],20,"lr0.0003,wd0.01",7,"lr=3e-04, wd=0.0",-3.2368,8
[32],20,"lr0.0003,wd0.01",4,"lr=3e-05, wd=0.01",-3.1836,9
[32],20,"lr0.0003,wd0.01",12,"lr=0.003, wd=0.01",-2.7941,10
[32],20,"lr0.0003,wd0.01",1,"lr=1e-05, wd=0.0",-2.7844,11
[32],20,"lr0.0003,wd0.01",2,"lr=1e-05, wd=0.01",-2.7217,12
[32],20,"lr0.001,wd0.0",10,"lr=0.001, wd=0.01",-2.3284,1
[32],20,"lr0.001,wd0.0",12,"lr=0.003, wd=0.01",-2.3016,2
[32],20,"lr0.001,wd0.0",2,"lr=1e-05, wd=0.01",-2.2069,3
[32],20,"lr0.001,wd0.0",9,"lr=0.001, wd=0.0",-2.2005,4
[32],20,"lr0.001,wd0.0",1,"lr=1e-05, wd=0.0",-2.2,5
[32],20,"lr0.001,wd0.0",8,"lr=3e-04, wd=0.01",-2.1273,6
[32],20,"lr0.001,wd0.0",3,"lr=3e-05, wd=0.0",-2.0707,7
[32],20,"lr0.001,wd0.0",4,"lr=3e-05, wd=0.01",-2.0696,8
[32],20,"lr0.001,wd0.0",6,"lr=1e-04, wd=0.01",-2.0383,9
[32],20,"lr0.001,wd0.0",11,"lr=0.003, wd=0.0",-1.8461,10
[32],20,"lr0.001,wd0.0",7,"lr=3e-04, wd=0.0",-1.6868,11
[32],20,"lr0.001,wd0.0",5,"lr=1e-04, wd=0.0",-1.595,12
[32],20,"lr0.001,wd0.01",10,"lr=0.001, wd=0.01",-3.7847,1
[32],20,"lr0.001,wd0.01",8,"lr=3e-04, wd=0.01",-3.4719,2
[32],20,"lr0.001,wd0.01",6,"lr=1e-04, wd=0.01",-3.2808,3
[32],20,"lr0.001,wd0.01",9,"lr=0.001, wd=0.0",-3.2719,4
[32],20,"lr0.001,wd0.01",7,"lr=3e-04, wd=0.0",-3.2471,5
[32],20,"lr0.001,wd0.01",11,"lr=0.003, wd=0.0",-3.246,6
[32],20,"lr0.001,wd0.01",5,"lr=1e-04, wd=0.0",-3.1858,7
[32],20,"lr0.001,wd0.01",12,"lr=0.003, wd=0.01",-2.928,8
[32],20,"lr0.001,wd0.01",3,"lr=3e-05, wd=0.0",-2.7621,9
[32],20,"lr0.001,wd0.01",4,"lr=3e-05, wd=0.01",-2.7038,10
[32],20,"lr0.001,wd0.01",1,"lr=1e-05, wd=0.0",-2.3293,11
[32],20,"lr0.001,wd0.01",2,"lr=1e-05, wd=0.01",-2.2678,12
[32],20,"lr0.003,wd0.0",8,"lr=3e-04, wd=0.01",-2.7096,1
[32],20,"lr0.003,wd0.0",10,"lr=0.001, wd=0.01",-2.6529,2
[32],20,"lr0.003,wd0.0",6,"lr=1e-04, wd=0.01",-2.6503,3
[32],20,"lr0.003,wd0.0",5,"lr=1e-04, wd=0.0",-2.6336,4
[32],20,"lr0.003,wd0.0",3,"lr=3e-05, wd=0.0",-2.5335,5
[32],20,"lr0.003,wd0.0",4,"lr=3e-05, wd=0.01",-2.5255,6
[32],20,"lr0.003,wd0.0",12,"lr=0.003, wd=0.01",-2.5233,7
[32],20,"lr0.003,wd0.0",1,"lr=1e-05, wd=0.0",-2.3618,8
[32],20,"lr0.003,wd0.0",2,"lr=1e-05, wd=0.01",-2.3435,9
[32],20,"lr0.003,wd0.0",7,"lr=3e-04, wd=0.0",-2.2266,10
[32],20,"lr0.003,wd0.0",11,"lr=0.003, wd=0.0",-2.0556,11
[32],20,"lr0.003,wd0.0",9,"lr=0.001, wd=0.0",-1.9783,12
[32],20,"lr0.003,wd0.01",12,"lr=0.003, wd=0.01",-3.5144,1
[32],20,"lr0.003,wd0.01",6,"lr=1e-04, wd=0.01",-2.9582,2
[32],20,"lr0.003,wd0.01",10,"lr=0.001, wd=0.01",-2.9482,3
[32],20,"lr0.003,wd0.01",7,"lr=3e-04, wd=0.0",-2.9378,4
[32],20,"lr0.003,wd0.01",9,"lr=0.001, wd=0.0",-2.8753,5
[32],20,"lr0.003,wd0.01",4,"lr=3e-05, wd=0.01",-2.8142,6
[32],20,"lr0.003,wd0.01",3,"lr=3e-05, wd=0.0",-2.7677,7
[32],20,"lr0.003,wd0.01",5,"lr=1e-04, wd=0.0",-2.7535,8
[32],20,"lr0.003,wd0.01",11,"lr=0.003, wd=0.0",-2.7291,9
[32],20,"lr0.003,wd0.01",1,"lr=1e-05, wd=0.0",-2.5931,10
[32],20,"lr0.003,wd0.01",2,"lr=1e-05, wd=0.01",-2.5466,11
[32],20,"lr0.003,wd0.01",8,"lr=3e-04, wd=0.01",-2.4374,12
[32],50,"lr1e-05,wd0.0",6,"lr=1e-04, wd=0.01",-4.098,1
[32],50,"lr1e-05,wd0.0",5,"lr=1e-04, wd=0.0",-4.0957,2
[32],50,"lr1e-05,wd0.0",8,"lr=3e-04, wd=0.01",-4.0595,3
[32],50,"lr1e-05,wd0.0",7,"lr=3e-04, wd=0.0",-4.0298,4
[32],50,"lr1e-05,wd0.0",1,"lr=1e-05, wd=0.0",-4.0061,5
[32],50,"lr1e-05,wd0.0",11,"lr=0.003, wd=0.0",-3.9995,6
[32],50,"lr1e-05,wd0.0",2,"lr=1e-05, wd=0.01",-3.9877,7
[32],50,"lr1e-05,wd0.0",9,"lr=0.001, wd=0.0",-3.9873,8
[32],50,"lr1e-05,wd0.0",3,"lr=3e-05, wd=0.0",-3.956,9
[32],50,"lr1e-05,wd0.0",10,"lr=0.001, wd=0.01",-3.9501,10
[32],50,"lr1e-05,wd0.0",4,"lr=3e-05, wd=0.01",-3.9499,11
[32],50,"lr1e-05,wd0.0",12,"lr=0.003, wd=0.01",-3.6958,12
[32],50,"lr1e-05,wd0.01",5,"lr=1e-04, wd=0.0",-4.1986,1
[32],50,"lr1e-05,wd0.01",6,"lr=1e-04, wd=0.01",-4.1955,2
[32],50,"lr1e-05,wd0.01",3,"lr=3e-05, wd=0.0",-4.1762,3
[32],50,"lr1e-05,wd0.01",7,"lr=3e-04, wd=0.0",-4.121,4
[32],50,"lr1e-05,wd0.01",4,"lr=3e-05, wd=0.01",-4.1208,5
[32],50,"lr1e-05,wd0.01",8,"lr=3e-04, wd=0.01",-4.1204,6
[32],50,"lr1e-05,wd0.01",2,"lr=1e-05, wd=0.01",-4.0737,7
[32],50,"lr1e-05,wd0.01",11,"lr=0.003, wd=0.0",-4.0692,8
[32],50,"lr1e-05,wd0.01",9,"lr=0.001, wd=0.0",-4.067,9
[32],50,"lr1e-05,wd0.01",1,"lr=1e-05, wd=0.0",-4.0577,10
[32],50,"lr1e-05,wd0.01",10,"lr=0.001, wd=0.01",-4.0106,11
[32],50,"lr1e-05,wd0.01",12,"lr=0.003, wd=0.01",-3.6698,12
[32],50,"lr3e-05,wd0.0",5,"lr=1e-04, wd=0.0",-4.1328,1
[32],50,"lr3e-05,wd0.0",3,"lr=3e-05, wd=0.0",-4.0495,2
[32],50,"lr3e-05,wd0.0",4,"lr=3e-05, wd=0.01",-4.0003,3
[32],50,"lr3e-05,wd0.0",6,"lr=1e-04, wd=0.01",-3.9859,4
[32],50,"lr3e-05,wd0.0",11,"lr=0.003, wd=0.0",-3.9805,5
[32],50,"lr3e-05,wd0.0",7,"lr=3e-04, wd=0.0",-3.9415,6
[32],50,"lr3e-05,wd0.0",9,"lr=0.001, wd=0.0",-3.9279,7
[32],50,"lr3e-05,wd0.0",8,"lr=3e-04, wd=0.01",-3.9214,8
[32],50,"lr3e-05,wd0.0",10,"lr=0.001, wd=0.01",-3.8058,9
[32],50,"lr3e-05,wd0.0",1,"lr=1e-05, wd=0.0",-3.7977,10
[32],50,"lr3e-05,wd0.0",2,"lr=1e-05, wd=0.01",-3.7154,11
[32],50,"lr3e-05,wd0.0",12,"lr=0.003, wd=0.01",-3.5438,12
[32],50,"lr3e-05,wd0.01",8,"lr=3e-04, wd=0.01",-4.1617,1
[32],50,"lr3e-05,wd0.01",6,"lr=1e-04, wd=0.01",-4.1554,2
[32],50,"lr3e-05,wd0.01",4,"lr=3e-05, wd=0.01",-4.1285,3
[32],50,"lr3e-05,wd0.01",5,"lr=1e-04, wd=0.0",-4.1266,4
[32],50,"lr3e-05,wd0.01",3,"lr=3e-05, wd=0.0",-4.1238,5
[32],50,"lr3e-05,wd0.01",11,"lr=0.003, wd=0.0",-4.1166,6
[32],50,"lr3e-05,wd0.01",7,"lr=3e-04, wd=0.0",-4.1145,7
[32],50,"lr3e-05,wd0.01",9,"lr=0.001, wd=0.0",-4.0919,8
[32],50,"lr3e-05,wd0.01",2,"lr=1e-05, wd=0.01",-4.0237,9
[32],50,"lr3e-05,wd0.01",1,"lr=1e-05, wd=0.0",-4.0165,10
[32],50,"lr3e-05,wd0.01",10,"lr=0.001, wd=0.01",-3.9802,11
[32],50,"lr3e-05,wd0.01",12,"lr=0.003, wd=0.01",-3.5477,12
[32],50,"lr0.0001,wd0.0",9,"lr=0.001, wd=0.0",-3.3618,1
[32],50,"lr0.0001,wd0.0",7,"lr=3e-04, wd=0.0",-3.3306,2
[32],50,"lr0.0001,wd0.0",11,"lr=0.003, wd=0.0",-3.2968,3
[32],50,"lr0.0001,wd0.0",8,"lr=3e-04, wd=0.01",-3.1588,4
[32],50,"lr0.0001,wd0.0",10,"lr=0.001, wd=0.01",-3.1135,5
[32],50,"lr0.0001,wd0.0",6,"lr=1e-04, wd=0.01",-3.1127,6
[32],50,"lr0.0001,wd0.0",5,"lr=1e-04, wd=0.0",-3.1075,7
[32],50,"lr0.0001,wd0.0",12,"lr=0.003, wd=0.01",-3.0148,8
[32],50,"lr0.0001,wd0.0",3,"lr=3e-05, wd=0.0",-2.8812,9
[32],50,"lr0.0001,wd0.0",4,"lr=3e-05, wd=0.01",-2.8582,10
[32],50,"lr0.0001,wd0.0",1,"lr=1e-05, wd=0.0",-2.6545,11
[32],50,"lr0.0001,wd0.0",2,"lr=1e-05, wd=0.01",-2.6443,12
[32],50,"lr0.0001,wd0.01",8,"lr=3e-04, wd=0.01",-4.1451,1
[32],50,"lr0.0001,wd0.01",6,"lr=1e-04, wd=0.01",-4.1179,2
[32],50,"lr0.0001,wd0.01",10,"lr=0.001, wd=0.01",-4.0989,3
[32],50,"lr0.0001,wd0.01",4,"lr=3e-05, wd=0.01",-4.0986,4
[32],50,"lr0.0001,wd0.01",5,"lr=1e-04, wd=0.0",-4.0946,5
[32],50,"lr0.0001,wd0.01",3,"lr=3e-05, wd=0.0",-4.0881,6
[32],50,"lr0.0001,wd0.01",2,"lr=1e-05, wd=0.01",-4.0659,7
[32],50,"lr0.0001,wd0.01",1,"lr=1e-05, wd=0.0",-4.0494,8
[32],50,"lr0.0001,wd0.01",11,"lr=0.003, wd=0.0",-4.0388,9
[32],50,"lr0.0001,wd0.01",9,"lr=0.001, wd=0.0",-3.9863,10
[32],50,"lr0.0001,wd0.01",7,"lr=3e-04, wd=0.0",-3.9389,11
[32],50,"lr0.0001,wd0.01",12,"lr=0.003, wd=0.01",-3.7889,12
[32],50,"lr0.0003,wd0.0",9,"lr=0.001, wd=0.0",-2.7744,1
[32],50,"lr0.0003,wd0.0",11,"lr=0.003, wd=0.0",-2.6586,2
[32],50,"lr0.0003,wd0.0",7,"lr=3e-04, wd=0.0",-2.6457,3
[32],50,"lr0.0003,wd0.0",10,"lr=0.001, wd=0.01",-2.55,4
[32],50,"lr0.0003,wd0.0",12,"lr=0.003, wd=0.01",-2.5378,5
[32],50,"lr0.0003,wd0.0",8,"lr=3e-04, wd=0.01",-2.5228,6
[32],50,"lr0.0003,wd0.0",5,"lr=1e-04, wd=0.0",-2.4059,7
[32],50,"lr0.0003,wd0.0",6,"lr=1e-04, wd=0.01",-2.3847,8
[32],50,"lr0.0003,wd0.0",1,"lr=1e-05, wd=0.0",-2.2123,9
[32],50,"lr0.0003,wd0.0",2,"lr=1e-05, wd=0.01",-2.2084,10
[32],50,"lr0.0003,wd0.0",3,"lr=3e-05, wd=0.0",-2.1801,11
[32],50,"lr0.0003,wd0.0",4,"lr=3e-05, wd=0.01",-2.1792,12
[32],50,"lr0.0003,wd0.01",10,"lr=0.001, wd=0.01",-4.1177,1
[32],50,"lr0.0003,wd0.01",6,"lr=1e-04, wd=0.01",-4.0707,2
[32],50,"lr0.0003,wd0.01",8,"lr=3e-04, wd=0.01",-4.0655,3
[32],50,"lr0.0003,wd0.01",4,"lr=3e-05, wd=0.01",-4.0596,4
[32],50,"lr0.0003,wd0.01",3,"lr=3e-05, wd=0.0",-4.0579,5
[32],50,"lr0.0003,wd0.01",5,"lr=1e-04, wd=0.0",-4.0439,6
[32],50,"lr0.0003,wd0.01",1,"lr=1e-05, wd=0.0",-4.0146,7
[32],50,"lr0.0003,wd0.01",2,"lr=1e-05, wd=0.01",-4.009,8
[32],50,"lr0.0003,wd0.01",12,"lr=0.003, wd=0.01",-3.9266,9
[32],50,"lr0.0003,wd0.01",11,"lr=0.003, wd=0.0",-3.9055,10
[32],50,"lr0.0003,wd0.01",9,"lr=0.001, wd=0.0",-3.8164,11
[32],50,"lr0.0003,wd0.01",7,"lr=3e-04, wd=0.0",-3.7209,12
[32],50,"lr0.001,wd0.0",9,"lr=0.001, wd=0.0",-2.6757,1
[32],50,"lr0.001,wd0.0",11,"lr=0.003, wd=0.0",-2.5507,2
[32],50,"lr0.001,wd0.0",7,"lr=3e-04, wd=0.0",-2.443,3
[32],50,"lr0.001,wd0.0",12,"lr=0.003, wd=0.01",-2.4322,4
[32],50,"lr0.001,wd0.0",10,"lr=0.001, wd=0.01",-2.427,5
[32],50,"lr0.001,wd0.0",8,"lr=3e-04, wd=0.01",-2.3266,6
[32],50,"lr0.001,wd0.0",5,"lr=1e-04, wd=0.0",-2.1358,7
[32],50,"lr0.001,wd0.0",6,"lr=1e-04, wd=0.01",-2.1244,8
[32],50,"lr0.001,wd0.0",2,"lr=1e-05, wd=0.01",-2.0836,9
[32],50,"lr0.001,wd0.0",1,"lr=1e-05, wd=0.0",-2.0806,10
[32],50,"lr0.001,wd0.0",4,"lr=3e-05, wd=0.01",-2.0278,11
[32],50,"lr0.001,wd0.0",3,"lr=3e-05, wd=0.0",-2.0183,12
[32],50,"lr0.001,wd0.01",12,"lr=0.003, wd=0.01",-3.6647,1
[32],50,"lr0.001,wd0.01",3,"lr=3e-05, wd=0.0",-3.3277,2
[32],50,"lr0.001,wd0.01",4,"lr=3e-05, wd=0.01",-3.3089,3
[32],50,"lr0.001,wd0.01",2,"lr=1e-05, wd=0.01",-3.2504,4
[32],50,"lr0.001,wd0.01",1,"lr=1e-05, wd=0.0",-3.2503,5
[32],50,"lr0.001,wd0.01",10,"lr=0.001, wd=0.01",-3.1894,6
[32],50,"lr0.001,wd0.01",5,"lr=1e-04, wd=0.0",-2.8778,7
[32],50,"lr0.001,wd0.01",6,"lr=1e-04, wd=0.01",-2.7766,8
[32],50,"lr0.001,wd0.01",8,"lr=3e-04, wd=0.01",-2.3478,9
[32],50,"lr0.001,wd0.01",9,"lr=0.001, wd=0.0",-2.1785,10
[32],50,"lr0.001,wd0.01",11,"lr=0.003, wd=0.0",-2.0454,11
[32],50,"lr0.001,wd0.01",7,"lr=3e-04, wd=0.0",-2.0345,12
[32],50,"lr0.003,wd0.0",5,"lr=1e-04, wd=0.0",-3.097,1
[32],50,"lr0.003,wd0.0",6,"lr=1e-04, wd=0.01",-3.095,2
[32],50,"lr0.003,wd0.0",4,"lr=3e-05, wd=0.01",-3.0618,3
[32],50,"lr0.003,wd0.0",3,"lr=3e-05, wd=0.0",-3.0535,4
[32],50,"lr0.003,wd0.0",1,"lr=1e-05, wd=0.0",-3.0446,5
[32],50,"lr0.003,wd0.0",2,"lr=1e-05, wd=0.01",-3.0117,6
[32],50,"lr0.003,wd0.0",12,"lr=0.003, wd=0.01",-3.0074,7
[32],50,"lr0.003,wd0.0",10,"lr=0.001, wd=0.01",-2.9047,8
[32],50,"lr0.003,wd0.0",8,"lr=3e-04, wd=0.01",-2.7223,9
[32],50,"lr0.003,wd0.0",11,"lr=0.003, wd=0.0",-2.5477,10
[32],50,"lr0.003,wd0.0",9,"lr=0.001, wd=0.0",-2.5294,11
[32],50,"lr0.003,wd0.0",7,"lr=3e-04, wd=0.0",-2.4228,12
[32],50,"lr0.003,wd0.01",12,"lr=0.003, wd=0.01",-3.013,1
[32],50,"lr0.003,wd0.01",2,"lr=1e-05, wd=0.01",-2.9584,2
[32],50,"lr0.003,wd0.01",1,"lr=1e-05, wd=0.0",-2.9455,3
[32],50,"lr0.003,wd0.01",4,"lr=3e-05, wd=0.01",-2.5627,4
[32],50,"lr0.003,wd0.01",3,"lr=3e-05, wd=0.0",-2.5587,5
[32],50,"lr0.003,wd0.01",5,"lr=1e-04, wd=0.0",-1.6861,6
[32],50,"lr0.003,wd0.01",10,"lr=0.001, wd=0.01",-1.4155,7
[32],50,"lr0.003,wd0.01",9,"lr=0.001, wd=0.0",-1.3651,8
[32],50,"lr0.003,wd0.01",7,"lr=3e-04, wd=0.0",-1.2353,9
[32],50,"lr0.003,wd0.01",11,"lr=0.003, wd=0.0",-0.9831,10
[32],50,"lr0.003,wd0.01",6,"lr=1e-04, wd=0.01",-0.9704,11
[32],50,"lr0.003,wd0.01",8,"lr=3e-04, wd=0.01",-0.5885,12
[32],90,"lr1e-05,wd0.0",4,"lr=3e-05, wd=0.01",-4.1997,1
[32],90,"lr1e-05,wd0.0",3,"lr=3e-05, wd=0.0",-4.1926,2
[32],90,"lr1e-05,wd0.0",5,"lr=1e-04, wd=0.0",-4.1923,3
[32],90,"lr1e-05,wd0.0",6,"lr=1e-04, wd=0.01",-4.1875,4
[32],90,"lr1e-05,wd0.0",7,"lr=3e-04, wd=0.0",-4.1668,5
[32],90,"lr1e-05,wd0.0",8,"lr=3e-04, wd=0.01",-4.1626,6
[32],90,"lr1e-05,wd0.0",11,"lr=0.003, wd=0.0",-4.1577,7
[32],90,"lr1e-05,wd0.0",1,"lr=1e-05, wd=0.0",-4.1571,8
[32],90,"lr1e-05,wd0.0",9,"lr=0.001, wd=0.0",-4.1541,9
[32],90,"lr1e-05,wd0.0",2,"lr=1e-05, wd=0.01",-4.1499,10
[32],90,"lr1e-05,wd0.0",10,"lr=0.001, wd=0.01",-4.124,11
[32],90,"lr1e-05,wd0.0",12,"lr=0.003, wd=0.01",-4.1221,12
[32],90,"lr1e-05,wd0.01",3,"lr=3e-05, wd=0.0",-4.2337,1
[32],90,"lr1e-05,wd0.01",5,"lr=1e-04, wd=0.0",-4.2325,2
[32],90,"lr1e-05,wd0.01",6,"lr=1e-04, wd=0.01",-4.2302,3
[32],90,"lr1e-05,wd0.01",8,"lr=3e-04, wd=0.01",-4.2223,4
[32],90,"lr1e-05,wd0.01",7,"lr=3e-04, wd=0.0",-4.2216,5
[32],90,"lr1e-05,wd0.01",4,"lr=3e-05, wd=0.01",-4.2164,6
[32],90,"lr1e-05,wd0.01",9,"lr=0.001, wd=0.0",-4.2088,7
[32],90,"lr1e-05,wd0.01",11,"lr=0.003, wd=0.0",-4.2083,8
[32],90,"lr1e-05,wd0.01",2,"lr=1e-05, wd=0.01",-4.1993,9
[32],90,"lr1e-05,wd0.01",10,"lr=0.001, wd=0.01",-4.1959,10
[32],90,"lr1e-05,wd0.01",1,"lr=1e-05, wd=0.0",-4.1852,11
[32],90,"lr1e-05,wd0.01",12,"lr=0.003, wd=0.01",-4.1771,12
[32],90,"lr3e-05,wd0.0",5,"lr=1e-04, wd=0.0",-4.1775,1
[32],90,"lr3e-05,wd0.0",8,"lr=3e-04, wd=0.01",-4.166,2
[32],90,"lr3e-05,wd0.0",7,"lr=3e-04, wd=0.0",-4.1645,3
[32],90,"lr3e-05,wd0.0",6,"lr=1e-04, wd=0.01",-4.1639,4
[32],90,"lr3e-05,wd0.0",9,"lr=0.001, wd=0.0",-4.1536,5
[32],90,"lr3e-05,wd0.0",11,"lr=0.003, wd=0.0",-4.1516,6
[32],90,"lr3e-05,wd0.0",10,"lr=0.001, wd=0.01",-4.1372,7
[32],90,"lr3e-05,wd0.0",12,"lr=0.003, wd=0.01",-4.1211,8
[32],90,"lr3e-05,wd0.0",3,"lr=3e-05, wd=0.0",-4.1167,9
[32],90,"lr3e-05,wd0.0",4,"lr=3e-05, wd=0.01",-4.1069,10
[32],90,"lr3e-05,wd0.0",1,"lr=1e-05, wd=0.0",-4.0682,11
[32],90,"lr3e-05,wd0.0",2,"lr=1e-05, wd=0.01",-4.068,12
[32],90,"lr3e-05,wd0.01",8,"lr=3e-04, wd=0.01",-4.2006,1
[32],90,"lr3e-05,wd0.01",6,"lr=1e-04, wd=0.01",-4.1971,2
[32],90,"lr3e-05,wd0.01",7,"lr=3e-04, wd=0.0",-4.1856,3
[32],90,"lr3e-05,wd0.01",5,"lr=1e-04, wd=0.0",-4.1827,4
[32],90,"lr3e-05,wd0.01",9,"lr=0.001, wd=0.0",-4.1825,5
[32],90,"lr3e-05,wd0.01",4,"lr=3e-05, wd=0.01",-4.1786,6
[32],90,"lr3e-05,wd0.01",11,"lr=0.003, wd=0.0",-4.1769,7
[32],90,"lr3e-05,wd0.01",10,"lr=0.001, wd=0.01",-4.1749,8
[32],90,"lr3e-05,wd0.01",3,"lr=3e-05, wd=0.0",-4.1737,9
[32],90,"lr3e-05,wd0.01",2,"lr=1e-05, wd=0.01",-4.1604,10
[32],90,"lr3e-05,wd0.01",12,"lr=0.003, wd=0.01",-4.1586,11
[32],90,"lr3e-05,wd0.01",1,"lr=1e-05, wd=0.0",-4.1526,12
[32],90,"lr0.0001,wd0.0",9,"lr=0.001, wd=0.0",-3.9873,1
[32],90,"lr0.0001,wd0.0",7,"lr=3e-04, wd=0.0",-3.9405,2
[32],90,"lr0.0001,wd0.0",11,"lr=0.003, wd=0.0",-3.7094,3
[32],90,"lr0.0001,wd0.0",8,"lr=3e-04, wd=0.01",-3.5276,4
[32],90,"lr0.0001,wd0.0",1,"lr=1e-05, wd=0.0",-3.5068,5
[32],90,"lr0.0001,wd0.0",10,"lr=0.001, wd=0.01",-3.4979,6
[32],90,"lr0.0001,wd0.0",12,"lr=0.003, wd=0.01",-3.4957,7
[32],90,"lr0.0001,wd0.0",2,"lr=1e-05, wd=0.01",-3.4745,8
[32],90,"lr0.0001,wd0.0",5,"lr=1e-04, wd=0.0",-3.429,9
[32],90,"lr0.0001,wd0.0",6,"lr=1e-04, wd=0.01",-3.4111,10
[32],90,"lr0.0001,wd0.0",3,"lr=3e-05, wd=0.0",-3.3477,11
[32],90,"lr0.0001,wd0.0",4,"lr=3e-05, wd=0.01",-3.3419,12
[32],90,"lr0.0001,wd0.01",8,"lr=3e-04, wd=0.01",-4.2106,1
[32],90,"lr0.0001,wd0.01",10,"lr=0.001, wd=0.01",-4.2093,2
[32],90,"lr0.0001,wd0.01",6,"lr=1e-04, wd=0.01",-4.206,3
[32],90,"lr0.0001,wd0.01",12,"lr=0.003, wd=0.01",-4.1914,4
[32],90,"lr0.0001,wd0.01",5,"lr=1e-04, wd=0.0",-4.1902,5
[32],90,"lr0.0001,wd0.01",2,"lr=1e-05, wd=0.01",-4.1814,6
[32],90,"lr0.0001,wd0.01",4,"lr=3e-05, wd=0.01",-4.1808,7
[32],90,"lr0.0001,wd0.01",3,"lr=3e-05, wd=0.0",-4.1758,8
[32],90,"lr0.0001,wd0.01",1,"lr=1e-05, wd=0.0",-4.173,9
[32],90,"lr0.0001,wd0.01",9,"lr=0.001, wd=0.0",-4.1557,10
[32],90,"lr0.0001,wd0.01",7,"lr=3e-04, wd=0.0",-4.1458,11
[32],90,"lr0.0001,wd0.01",11,"lr=0.003, wd=0.0",-4.1405,12
[32],90,"lr0.0003,wd0.0",9,"lr=0.001, wd=0.0",-3.8194,1
[32],90,"lr0.0003,wd0.0",11,"lr=0.003, wd=0.0",-3.6694,2
[32],90,"lr0.0003,wd0.0",7,"lr=3e-04, wd=0.0",-3.5678,3
[32],90,"lr0.0003,wd0.0",3,"lr=3e-05, wd=0.0",-3.5333,4
[32],90,"lr0.0003,wd0.0",1,"lr=1e-05, wd=0.0",-3.5241,5
[32],90,"lr0.0003,wd0.0",4,"lr=3e-05, wd=0.01",-3.514,6
[32],90,"lr0.0003,wd0.0",2,"lr=1e-05, wd=0.01",-3.5093,7
[32],90,"lr0.0003,wd0.0",5,"lr=1e-04, wd=0.0",-3.4667,8
[32],90,"lr0.0003,wd0.0",12,"lr=0.003, wd=0.01",-3.4375,9
[32],90,"lr0.0003,wd0.0",6,"lr=1e-04, wd=0.01",-3.4215,10
[32],90,"lr0.0003,wd0.0",10,"lr=0.001, wd=0.01",-3.3654,11
[32],90,"lr0.0003,wd0.0",8,"lr=3e-04, wd=0.01",-3.3563,12
[32],90,"lr0.0003,wd0.01",12,"lr=0.003, wd=0.01",-4.1511,1
[32],90,"lr0.0003,wd0.01",10,"lr=0.001, wd=0.01",-4.1503,2
[32],90,"lr0.0003,wd0.01",2,"lr=1e-05, wd=0.01",-4.1286,3
[32],90,"lr0.0003,wd0.01",4,"lr=3e-05, wd=0.01",-4.1252,4
[32],90,"lr0.0003,wd0.01",3,"lr=3e-05, wd=0.0",-4.1219,5
[32],90,"lr0.0003,wd0.01",6,"lr=1e-04, wd=0.01",-4.1142,6
[32],90,"lr0.0003,wd0.01",1,"lr=1e-05, wd=0.0",-4.1068,7
[32],90,"lr0.0003,wd0.01",8,"lr=3e-04, wd=0.01",-4.1017,8
[32],90,"lr0.0003,wd0.01",5,"lr=1e-04, wd=0.0",-4.0682,9
[32],90,"lr0.0003,wd0.01",9,"lr=0.001, wd=0.0",-3.9607,10
[32],90,"lr0.0003,wd0.01",7,"lr=3e-04, wd=0.0",-3.9317,11
[32],90,"lr0.0003,wd0.01",11,"lr=0.003, wd=0.0",-3.9299,12
[32],90,"lr0.001,wd0.0",9,"lr=0.001, wd=0.0",-3.5595,1
[32],90,"lr0.001,wd0.0",11,"lr=0.003, wd=0.0",-3.5143,2
[32],90,"lr0.001,wd0.0",7,"lr=3e-04, wd=0.0",-3.3746,3
[32],90,"lr0.001,wd0.0",5,"lr=1e-04, wd=0.0",-3.3279,4
[32],90,"lr0.001,wd0.0",12,"lr=0.003, wd=0.01",-3.3059,5
[32],90,"lr0.001,wd0.0",6,"lr=1e-04, wd=0.01",-3.295,6
[32],90,"lr0.001,wd0.0",3,"lr=3e-05, wd=0.0",-3.2641,7
[32],90,"lr0.001,wd0.0",4,"lr=3e-05, wd=0.01",-3.2514,8
[32],90,"lr0.001,wd0.0",8,"lr=3e-04, wd=0.01",-3.2453,9
[32],90,"lr0.001,wd0.0",10,"lr=0.001, wd=0.01",-3.2406,10
[32],90,"lr0.001,wd0.0",1,"lr=1e-05, wd=0.0",-3.2181,11
[32],90,"lr0.001,wd0.0",2,"lr=1e-05, wd=0.01",-3.2124,12
[32],90,"lr0.001,wd0.01",12,"lr=0.003, wd=0.01",-3.9963,1
[32],90,"lr0.001,wd0.01",2,"lr=1e-05, wd=0.01",-3.9624,2
[32],90,"lr0.001,wd0.01",4,"lr=3e-05, wd=0.01",-3.948,3
[32],90,"lr0.001,wd0.01",1,"lr=1e-05, wd=0.0",-3.9289,4
[32],90,"lr0.001,wd0.01",3,"lr=3e-05, wd=0.0",-3.917,5
[32],90,"lr0.001,wd0.01",10,"lr=0.001, wd=0.01",-3.9074,6
[32],90,"lr0.001,wd0.01",9,"lr=0.001, wd=0.0",-3.7987,7
[32],90,"lr0.001,wd0.01",6,"lr=1e-04, wd=0.01",-3.78,8
[32],90,"lr0.001,wd0.01",11,"lr=0.003, wd=0.0",-3.776,9
[32],90,"lr0.001,wd0.01",5,"lr=1e-04, wd=0.0",-3.6661,10
[32],90,"lr0.001,wd0.01",7,"lr=3e-04, wd=0.0",-3.6645,11
[32],90,"lr0.001,wd0.01",8,"lr=3e-04, wd=0.01",-3.606,12
[32],90,"lr0.003,wd0.0",11,"lr=0.003, wd=0.0",-3.56,1
[32],90,"lr0.003,wd0.0",9,"lr=0.001, wd=0.0",-3.5377,2
[32],90,"lr0.003,wd0.0",7,"lr=3e-04, wd=0.0",-3.4214,3
[32],90,"lr0.003,wd0.0",12,"lr=0.003, wd=0.01",-3.2959,4
[32],90,"lr0.003,wd0.0",10,"lr=0.001, wd=0.01",-3.2465,5
[32],90,"lr0.003,wd0.0",2,"lr=1e-05, wd=0.01",-3.2379,6
[32],90,"lr0.003,wd0.0",1,"lr=1e-05, wd=0.0",-3.2377,7
[32],90,"lr0.003,wd0.0",8,"lr=3e-04, wd=0.01",-3.1837,8
[32],90,"lr0.003,wd0.0",4,"lr=3e-05, wd=0.01",-3.118,9
[32],90,"lr0.003,wd0.0",3,"lr=3e-05, wd=0.0",-3.0915,10
[32],90,"lr0.003,wd0.0",6,"lr=1e-04, wd=0.01",-3.0539,11
[32],90,"lr0.003,wd0.0",5,"lr=1e-04, wd=0.0",-3.0331,12
[32],90,"lr0.003,wd0.01",12,"lr=0.003, wd=0.01",-3.5601,1
[32],90,"lr0.003,wd0.01",9,"lr=0.001, wd=0.0",-3.543,2
[32],90,"lr0.003,wd0.01",2,"lr=1e-05, wd=0.01",-3.5028,3
[32],90,"lr0.003,wd0.01",7,"lr=3e-04, wd=0.0",-3.4891,4
[32],90,"lr0.003,wd0.01",11,"lr=0.003, wd=0.0",-3.475,5
[32],90,"lr0.003,wd0.01",4,"lr=3e-05, wd=0.01",-3.4087,6
[32],90,"lr0.003,wd0.01",1,"lr=1e-05, wd=0.0",-3.3796,7
[32],90,"lr0.003,wd0.01",5,"lr=1e-04, wd=0.0",-3.3108,8
[32],90,"lr0.003,wd0.01",3,"lr=3e-05, wd=0.0",-3.2893,9
[32],90,"lr0.003,wd0.01",10,"lr=0.001, wd=0.01",-3.2582,10
[32],90,"lr0.003,wd0.01",8,"lr=3e-04, wd=0.01",-3.2002,11
[32],90,"lr0.003,wd0.01",6,"lr=1e-04, wd=0.01",-3.0094,12
[64],0,"lr1e-05,wd0.0",3,"lr=3e-05, wd=0.0",-2.9527,1
[64],0,"lr1e-05,wd0.0",4,"lr=3e-05, wd=0.01",-1.9204,2
[64],0,"lr1e-05,wd0.0",1,"lr=1e-05, wd=0.0",-1.7668,3
[64],0,"lr1e-05,wd0.0",5,"lr=1e-04, wd=0.0",-1.4887,4
[64],0,"lr1e-05,wd0.0",6,"lr=1e-04, wd=0.01",-1.1609,5
[64],0,"lr1e-05,wd0.0",7,"lr=3e-04, wd=0.0",-1.115,6
[64],0,"lr1e-05,wd0.0",8,"lr=3e-04, wd=0.01",-0.9595,7
[64],0,"lr1e-05,wd0.0",9,"lr=0.001, wd=0.0",-0.9477,8
[64],0,"lr1e-05,wd0.0",12,"lr=0.003, wd=0.01",-0.7943,9
[64],0,"lr1e-05,wd0.0",10,"lr=0.001, wd=0.01",-0.7851,10
[64],0,"lr1e-05,wd0.0",11,"lr=0.003, wd=0.0",-0.7702,11
[64],0,"lr1e-05,wd0.0",2,"lr=1e-05, wd=0.01",-0.6846,12
[64],0,"lr1e-05,wd0.01",1,"lr=1e-05, wd=0.0",-3.2535,1
[64],0,"lr1e-05,wd0.01",4,"lr=3e-05, wd=0.01",-2.6341,2
[64],0,"lr1e-05,wd0.01",2,"lr=1e-05, wd=0.01",-2.4841,3
[64],0,"lr1e-05,wd0.01",3,"lr=3e-05, wd=0.0",-2.044,4
[64],0,"lr1e-05,wd0.01",5,"lr=1e-04, wd=0.0",-1.3509,5
[64],0,"lr1e-05,wd0.01",6,"lr=1e-04, wd=0.01",-1.1691,6
[64],0,"lr1e-05,wd0.01",7,"lr=3e-04, wd=0.0",-1.0561,7
[64],0,"lr1e-05,wd0.01",8,"lr=3e-04, wd=0.01",-0.948,8
[64],0,"lr1e-05,wd0.01",9,"lr=0.001, wd=0.0",-0.9154,9
[64],0,"lr1e-05,wd0.01",12,"lr=0.003, wd=0.01",-0.7807,10
[64],0,"lr1e-05,wd0.01",10,"lr=0.001, wd=0.01",-0.7724,11
[64],0,"lr1e-05,wd0.01",11,"lr=0.003, wd=0.0",-0.7359,12
[64],0,"lr3e-05,wd0.0",5,"lr=1e-04, wd=0.0",-2.6815,1
[64],0,"lr3e-05,wd0.0",3,"lr=3e-05, wd=0.0",-2.5855,2
[64],0,"lr3e-05,wd0.0",4,"lr=3e-05, wd=0.01",-1.7157,3
[64],0,"lr3e-05,wd0.0",6,"lr=1e-04, wd=0.01",-1.4627,4
[64],0,"lr3e-05,wd0.0",7,"lr=3e-04, wd=0.0",-1.3753,5
[64],0,"lr3e-05,wd0.0",9,"lr=0.001, wd=0.0",-1.0818,6
[64],0,"lr3e-05,wd0.0",8,"lr=3e-04, wd=0.01",-1.0738,7
[64],0,"lr3e-05,wd0.0",11,"lr=0.003, wd=0.0",-0.9086,8
[64],0,"lr3e-05,wd0.0",10,"lr=0.001, wd=0.01",-0.8908,9
[64],0,"lr3e-05,wd0.0",12,"lr=0.003, wd=0.01",-0.8741,10
[64],0,"lr3e-05,wd0.0",2,"lr=1e-05, wd=0.01",0.5314,11
[64],0,"lr3e-05,wd0.0",1,"lr=1e-05, wd=0.0",0.9915,12
[64],0,"lr3e-05,wd0.01",4,"lr=3e-05, wd=0.01",-3.1774,1
[64],0,"lr3e-05,wd0.01",3,"lr=3e-05, wd=0.0",-3.0273,2
[64],0,"lr3e-05,wd0.01",1,"lr=1e-05, wd=0.0",-2.4066,3
[64],0,"lr3e-05,wd0.01",5,"lr=1e-04, wd=0.0",-2.0159,4
[64],0,"lr3e-05,wd0.01",6,"lr=1e-04, wd=0.01",-1.6986,5
[64],0,"lr3e-05,wd0.01",7,"lr=3e-04, wd=0.0",-1.3011,6
[64],0,"lr3e-05,wd0.01",8,"lr=3e-04, wd=0.01",-1.0946,7
[64],0,"lr3e-05,wd0.01",9,"lr=0.001, wd=0.0",-1.0504,8
[64],0,"lr3e-05,wd0.01",10,"lr=0.001, wd=0.01",-0.891,9
[64],0,"lr3e-05,wd0.01",11,"lr=0.003, wd=0.0",-0.8744,10
[64],0,"lr3e-05,wd0.01",12,"lr=0.003, wd=0.01",-0.8703,11
[64],0,"lr3e-05,wd0.01",2,"lr=1e-05, wd=0.01",-0.7839,12
[64],0,"lr0.0001,wd0.0",5,"lr=1e-04, wd=0.0",-3.319,1
[64],0,"lr0.0001,wd0.0",6,"lr=1e-04, wd=0.01",-2.0946,2
[64],0,"lr0.0001,wd0.0",7,"lr=3e-04, wd=0.0",-2.0827,3
[64],0,"lr0.0001,wd0.0",3,"lr=3e-05, wd=0.0",-2.0225,4
[64],0,"lr0.0001,wd0.0",4,"lr=3e-05, wd=0.01",-1.5895,5
[64],0,"lr0.0001,wd0.0",1,"lr=1e-05, wd=0.0",-1.4869,6
[64],0,"lr0.0001,wd0.0",2,"lr=1e-05, wd=0.01",-1.3435,7
[64],0,"lr0.0001,wd0.0",8,"lr=3e-04, wd=0.01",-1.3361,8
[64],0,"lr0.0001,wd0.0",9,"lr=0.001, wd=0.0",-1.3,9
[64],0,"lr0.0001,wd0.0",11,"lr=0.003, wd=0.0",-1.0407,10
[64],0,"lr0.0001,wd0.0",10,"lr=0.001, wd=0.01",-1.0038,11
[64],0,"lr0.0001,wd0.0",12,"lr=0.003, wd=0.01",-0.9896,12
[64],0,"lr0.0001,wd0.01",6,"lr=1e-04, wd=0.01",-3.1802,1
[64],0,"lr0.0001,wd0.01",5,"lr=1e-04, wd=0.0",-2.7584,2
[64],0,"lr0.0001,wd0.01",4,"lr=3e-05, wd=0.01",-2.3301,3
[64],0,"lr0.0001,wd0.01",3,"lr=3e-05, wd=0.0",-2.1417,4
[64],0,"lr0.0001,wd0.01",7,"lr=3e-04, wd=0.0",-1.7563,5
[64],0,"lr0.0001,wd0.01",1,"lr=1e-05, wd=0.0",-1.5806,6
[64],0,"lr0.0001,wd0.01",2,"lr=1e-05, wd=0.01",-1.5557,7
[64],0,"lr0.0001,wd0.01",8,"lr=3e-04, wd=0.01",-1.5504,8
[64],0,"lr0.0001,wd0.01",9,"lr=0.001, wd=0.0",-1.2599,9
[64],0,"lr0.0001,wd0.01",10,"lr=0.001, wd=0.01",-1.0303,10
[64],0,"lr0.0001,wd0.01",11,"lr=0.003, wd=0.0",-1.0134,11
[64],0,"lr0.0001,wd0.01",12,"lr=0.003, wd=0.01",-1.0068,12
[64],0,"lr0.0003,wd0.0",7,"lr=3e-04, wd=0.0",-2.9463,1
[64],0,"lr0.0003,wd0.0",5,"lr=1e-04, wd=0.0",-2.4607,2
[64],0,"lr0.0003,wd0.0",8,"lr=3e-04, wd=0.01",-1.7568,3
[64],0,"lr0.0003,wd0.0",9,"lr=0.001, wd=0.0",-1.6835,4
[64],0,"lr0.0003,wd0.0",6,"lr=1e-04, wd=0.01",-1.6633,5
[64],0,"lr0.0003,wd0.0",3,"lr=3e-05, wd=0.0",-1.4598,6
[64],0,"lr0.0003,wd0.0",1,"lr=1e-05, wd=0.0",-1.3027,7
[64],0,"lr0.0003,wd0.0",11,"lr=0.003, wd=0.0",-1.2701,8
[64],0,"lr0.0003,wd0.0",4,"lr=3e-05, wd=0.01",-1.261,9
[64],0,"lr0.0003,wd0.0",2,"lr=1e-05, wd=0.01",-1.2335,10
[64],0,"lr0.0003,wd0.0",10,"lr=0.001, wd=0.01",-1.1302,11
[64],0,"lr0.0003,wd0.0",12,"lr=0.003, wd=0.01",-1.0907,12
[64],0,"lr0.0003,wd0.01",8,"lr=3e-04, wd=0.01",-3.0354,1
[64],0,"lr0.0003,wd0.01",6,"lr=1e-04, wd=0.01",-2.3514,2
[64],0,"lr0.0003,wd0.01",5,"lr=1e-04, wd=0.0",-2.2728,3
[64],0,"lr0.0003,wd0.01",7,"lr=3e-04, wd=0.0",-2.1645,4
[64],0,"lr0.0003,wd0.01",9,"lr=0.001, wd=0.0",-1.5583,5
[64],0,"lr0.0003,wd0.01",3,"lr=3e-05, wd=0.0",-1.4328,6
[64],0,"lr0.0003,wd0.01",1,"lr=1e-05, wd=0.0",-1.3684,7
[64],0,"lr0.0003,wd0.01",4,"lr=3e-05, wd=0.01",-1.3538,8
[64],0,"lr0.0003,wd0.01",2,"lr=1e-05, wd=0.01",-1.3282,9
[64],0,"lr0.0003,wd0.01",10,"lr=0.001, wd=0.01",-1.2327,10
[64],0,"lr0.0003,wd0.01",11,"lr=0.003, wd=0.0",-1.2192,11
[64],0,"lr0.0003,wd0.01",12,"lr=0.003, wd=0.01",-1.1319,12
[64],0,"lr0.001,wd0.0",9,"lr=0.001, wd=0.0",-2.5277,1
[64],0,"lr0.001,wd0.0",7,"lr=3e-04, wd=0.0",-2.2665,2
[64],0,"lr0.001,wd0.0",11,"lr=0.003, wd=0.0",-1.9624,3
[64],0,"lr0.001,wd0.0",5,"lr=1e-04, wd=0.0",-1.6319,4
[64],0,"lr0.001,wd0.0",8,"lr=3e-04, wd=0.01",-1.5116,5
[64],0,"lr0.001,wd0.0",10,"lr=0.001, wd=0.01",-1.3526,6
[64],0,"lr0.001,wd0.0",12,"lr=0.003, wd=0.01",-1.2311,7
[64],0,"lr0.001,wd0.0",6,"lr=1e-04, wd=0.01",-1.1947,8
[64],0,"lr0.001,wd0.0",1,"lr=1e-05, wd=0.0",-1.1872,9
[64],0,"lr0.001,wd0.0",3,"lr=3e-05, wd=0.0",-1.1742,10
[64],0,"lr0.001,wd0.0",2,"lr=1e-05, wd=0.01",-1.1483,11
[64],0,"lr0.001,wd0.0",4,"lr=3e-05, wd=0.01",-1.0871,12
[64],0,"lr0.001,wd0.01",9,"lr=0.001, wd=0.0",-1.8773,1
[64],0,"lr0.001,wd0.01",8,"lr=3e-04, wd=0.01",-1.8736,2
[64],0,"lr0.001,wd0.01",7,"lr=3e-04, wd=0.0",-1.7925,3
[64],0,"lr0.001,wd0.01",10,"lr=0.001, wd=0.01",-1.7524,4
[64],0,"lr0.001,wd0.01",11,"lr=0.003, wd=0.0",-1.7506,5
[64],0,"lr0.001,wd0.01",5,"lr=1e-04, wd=0.0",-1.5459,6
[64],0,"lr0.001,wd0.01",12,"lr=0.003, wd=0.01",-1.3885,7
[64],0,"lr0.001,wd0.01",6,"lr=1e-04, wd=0.01",-1.2605,8
[64],0,"lr0.001,wd0.01",1,"lr=1e-05, wd=0.0",-1.2409,9
[64],0,"lr0.001,wd0.01",2,"lr=1e-05, wd=0.01",-1.2206,10
[64],0,"lr0.001,wd0.01",3,"lr=3e-05, wd=0.0",-1.1841,11
[64],0,"lr0.001,wd0.01",4,"lr=3e-05, wd=0.01",-1.1257,12
[64],0,"lr0.003,wd0.0",11,"lr=0.003, wd=0.0",-3.0073,1
[64],0,"lr0.003,wd0.0",9,"lr=0.001, wd=0.0",-2.0919,2
[64],0,"lr0.003,wd0.0",7,"lr=3e-04, wd=0.0",-1.5144,3
[64],0,"lr0.003,wd0.0",12,"lr=0.003, wd=0.01",-1.4494,4
[64],0,"lr0.003,wd0.0",10,"lr=0.001, wd=0.01",-1.3193,5
[64],0,"lr0.003,wd0.0",5,"lr=1e-04, wd=0.0",-1.2748,6
[64],0,"lr0.003,wd0.0",8,"lr=3e-04, wd=0.01",-1.1447,7
[64],0,"lr0.003,wd0.0",1,"lr=1e-05, wd=0.0",-1.1173,8
[64],0,"lr0.003,wd0.0",2,"lr=1e-05, wd=0.01",-1.0957,9
[64],0,"lr0.003,wd0.0",3,"lr=3e-05, wd=0.0",-1.0718,10
[64],0,"lr0.003,wd0.0",6,"lr=1e-04, wd=0.01",-1.0417,11
[64],0,"lr0.003,wd0.0",4,"lr=3e-05, wd=0.01",-1.0181,12
[64],0,"lr0.003,wd0.01",11,"lr=0.003, wd=0.0",-1.9143,1
[64],0,"lr0.003,wd0.01",12,"lr=0.003, wd=0.01",-1.8527,2
[64],0,"lr0.003,wd0.01",9,"lr=0.001, wd=0.0",-1.602,3
[64],0,"lr0.003,wd0.01",10,"lr=0.001, wd=0.01",-1.4504,4
[64],0,"lr0.003,wd0.01",7,"lr=3e-04, wd=0.0",-1.3752,5
[64],0,"lr0.003,wd0.01",5,"lr=1e-04, wd=0.0",-1.2121,6
[64],0,"lr0.003,wd0.01",8,"lr=3e-04, wd=0.01",-1.163,7
[64],0,"lr0.003,wd0.01",1,"lr=1e-05, wd=0.0",-1.1438,8
[64],0,"lr0.003,wd0.01",2,"lr=1e-05, wd=0.01",-1.142,9
[64],0,"lr0.003,wd0.01",3,"lr=3e-05, wd=0.0",-1.058,10
[64],0,"lr0.003,wd0.01",6,"lr=1e-04, wd=0.01",-1.0471,11
[64],0,"lr0.003,wd0.01",4,"lr=3e-05, wd=0.01",-1.0315,12
[64],5,"lr1e-05,wd0.0",3,"lr=3e-05, wd=0.0",-3.4227,1
[64],5,"lr1e-05,wd0.0",1,"lr=1e-05, wd=0.0",-3.0589,2
[64],5,"lr1e-05,wd0.0",4,"lr=3e-05, wd=0.01",-2.8744,3
[64],5,"lr1e-05,wd0.0",5,"lr=1e-04, wd=0.0",-2.5056,4
[64],5,"lr1e-05,wd0.0",2,"lr=1e-05, wd=0.01",-2.4617,5
[64],5,"lr1e-05,wd0.0",11,"lr=0.003, wd=0.0",-2.359,6
[64],5,"lr1e-05,wd0.0",6,"lr=1e-04, wd=0.01",-2.3543,7
[64],5,"lr1e-05,wd0.0",10,"lr=0.001, wd=0.01",-2.1566,8
[64],5,"lr1e-05,wd0.0",8,"lr=3e-04, wd=0.01",-2.1506,9
[64],5,"lr1e-05,wd0.0",9,"lr=0.001, wd=0.0",-2.1274,10
[64],5,"lr1e-05,wd0.0",7,"lr=3e-04, wd=0.0",-2.1066,11
[64],5,"lr1e-05,wd0.0",12,"lr=0.003, wd=0.01",-1.9129,12
[64],5,"lr1e-05,wd0.01",1,"lr=1e-05, wd=0.0",-3.4659,1
[64],5,"lr1e-05,wd0.01",2,"lr=1e-05, wd=0.01",-3.3459,2
[64],5,"lr1e-05,wd0.01",4,"lr=3e-05, wd=0.01",-3.3053,3
[64],5,"lr1e-05,wd0.01",3,"lr=3e-05, wd=0.0",-3.1293,4
[64],5,"lr1e-05,wd0.01",6,"lr=1e-04, wd=0.01",-2.4681,5
[64],5,"lr1e-05,wd0.01",5,"lr=1e-04, wd=0.0",-2.4614,6
[64],5,"lr1e-05,wd0.01",11,"lr=0.003, wd=0.0",-2.4394,7
[64],5,"lr1e-05,wd0.01",9,"lr=0.001, wd=0.0",-2.3782,8
[64],5,"lr1e-05,wd0.01",7,"lr=3e-04, wd=0.0",-2.3035,9
[64],5,"lr1e-05,wd0.01",8,"lr=3e-04, wd=0.01",-2.2857,10
[64],5,"lr1e-05,wd0.01",10,"lr=0.001, wd=0.01",-2.202,11
[64],5,"lr1e-05,wd0.01",12,"lr=0.003, wd=0.01",-1.9244,12
[64],5,"lr3e-05,wd0.0",5,"lr=1e-04, wd=0.0",-3.4502,1
[64],5,"lr3e-05,wd0.0",3,"lr=3e-05, wd=0.0",-3.148,2
[64],5,"lr3e-05,wd0.0",7,"lr=3e-04, wd=0.0",-2.7083,3
[64],5,"lr3e-05,wd0.0",1,"lr=1e-05, wd=0.0",-2.5085,4
[64],5,"lr3e-05,wd0.0",8,"lr=3e-04, wd=0.01",-2.4893,5
[64],5,"lr3e-05,wd0.0",2,"lr=1e-05, wd=0.01",-2.4332,6
[64],5,"lr3e-05,wd0.0",11,"lr=0.003, wd=0.0",-2.3609,7
[64],5,"lr3e-05,wd0.0",9,"lr=0.001, wd=0.0",-2.2621,8
[64],5,"lr3e-05,wd0.0",4,"lr=3e-05, wd=0.01",-2.2062,9
[64],5,"lr3e-05,wd0.0",10,"lr=0.001, wd=0.01",-2.149,10
[64],5,"lr3e-05,wd0.0",12,"lr=0.003, wd=0.01",-1.9116,11
[64],5,"lr3e-05,wd0.0",6,"lr=1e-04, wd=0.01",-1.4001,12
[64],5,"lr3e-05,wd0.01",4,"lr=3e-05, wd=0.01",-3.5356,1
[64],5,"lr3e-05,wd0.01",6,"lr=1e-04, wd=0.01",-3.4825,2
[64],5,"lr3e-05,wd0.01",3,"lr=3e-05, wd=0.0",-3.4431,3
[64],5,"lr3e-05,wd0.01",5,"lr=1e-04, wd=0.0",-3.2649,4
[64],5,"lr3e-05,wd0.01",8,"lr=3e-04, wd=0.01",-2.8699,5
[64],5,"lr3e-05,wd0.01",2,"lr=1e-05, wd=0.01",-2.8364,6
[64],5,"lr3e-05,wd0.01",1,"lr=1e-05, wd=0.0",-2.8302,7
[64],5,"lr3e-05,wd0.01",7,"lr=3e-04, wd=0.0",-2.7761,8
[64],5,"lr3e-05,wd0.01",11,"lr=0.003, wd=0.0",-2.5801,9
[64],5,"lr3e-05,wd0.01",9,"lr=0.001, wd=0.0",-2.4734,10
[64],5,"lr3e-05,wd0.01",10,"lr=0.001, wd=0.01",-2.3007,11
[64],5,"lr3e-05,wd0.01",12,"lr=0.003, wd=0.01",-2.024,12
[64],5,"lr0.0001,wd0.0",5,"lr=1e-04, wd=0.0",-3.4725,1
[64],5,"lr0.0001,wd0.0",7,"lr=3e-04, wd=0.0",-3.0863,2
[64],5,"lr0.0001,wd0.0",8,"lr=3e-04, wd=0.01",-2.7305,3
[64],5,"lr0.0001,wd0.0",3,"lr=3e-05, wd=0.0",-2.6931,4
[64],5,"lr0.0001,wd0.0",6,"lr=1e-04, wd=0.01",-2.6389,5
[64],5,"lr0.0001,wd0.0",11,"lr=0.003, wd=0.0",-2.5826,6
[64],5,"lr0.0001,wd0.0",9,"lr=0.001, wd=0.0",-2.5111,7
[64],5,"lr0.0001,wd0.0",4,"lr=3e-05, wd=0.01",-2.4831,8
[64],5,"lr0.0001,wd0.0",1,"lr=1e-05, wd=0.0",-2.4582,9
[64],5,"lr0.0001,wd0.0",2,"lr=1e-05, wd=0.01",-2.3492,10
[64],5,"lr0.0001,wd0.0",10,"lr=0.001, wd=0.01",-2.1412,11
[64],5,"lr0.0001,wd0.0",12,"lr=0.003, wd=0.01",-1.8759,12
[64],5,"lr0.0001,wd0.01",6,"lr=1e-04, wd=0.01",-3.6422,1
[64],5,"lr0.0001,wd0.01",8,"lr=3e-04, wd=0.01",-3.5293,2
[64],5,"lr0.0001,wd0.01",7,"lr=3e-04, wd=0.0",-3.1165,3
[64],5,"lr0.0001,wd0.01",5,"lr=1e-04, wd=0.0",-3.0044,4
[64],5,"lr0.0001,wd0.01",11,"lr=0.003, wd=0.0",-2.937,5
[64],5,"lr0.0001,wd0.01",3,"lr=3e-05, wd=0.0",-2.9363,6
[64],5,"lr0.0001,wd0.01",4,"lr=3e-05, wd=0.01",-2.9049,7
[64],5,"lr0.0001,wd0.01",9,"lr=0.001, wd=0.0",-2.8768,8
[64],5,"lr0.0001,wd0.01",2,"lr=1e-05, wd=0.01",-2.6672,9
[64],5,"lr0.0001,wd0.01",10,"lr=0.001, wd=0.01",-2.6222,10
[64],5,"lr0.0001,wd0.01",1,"lr=1e-05, wd=0.0",-2.5901,11
[64],5,"lr0.0001,wd0.01",12,"lr=0.003, wd=0.01",-2.2453,12
[64],5,"lr0.0003,wd0.0",7,"lr=3e-04, wd=0.0",-3.1137,1
[64],5,"lr0.0003,wd0.0",11,"lr=0.003, wd=0.0",-2.8611,2
[64],5,"lr0.0003,wd0.0",9,"lr=0.001, wd=0.0",-2.7794,3
[64],5,"lr0.0003,wd0.0",4,"lr=3e-05, wd=0.01",-2.5548,4
[64],5,"lr0.0003,wd0.0",5,"lr=1e-04, wd=0.0",-2.5096,5
[64],5,"lr0.0003,wd0.0",8,"lr=3e-04, wd=0.01",-2.4266,6
[64],5,"lr0.0003,wd0.0",3,"lr=3e-05, wd=0.0",-2.3386,7
[64],5,"lr0.0003,wd0.0",6,"lr=1e-04, wd=0.01",-2.317,8
[64],5,"lr0.0003,wd0.0",1,"lr=1e-05, wd=0.0",-2.0873,9
[64],5,"lr0.0003,wd0.0",2,"lr=1e-05, wd=0.01",-2.0006,10
[64],5,"lr0.0003,wd0.0",10,"lr=0.001, wd=0.01",-1.9648,11
[64],5,"lr0.0003,wd0.0",12,"lr=0.003, wd=0.01",-1.8182,12
[64],5,"lr0.0003,wd0.01",8,"lr=3e-04, wd=0.01",-3.8271,1
[64],5,"lr0.0003,wd0.01",11,"lr=0.003, wd=0.0",-3.5464,2
[64],5,"lr0.0003,wd0.01",7,"lr=3e-04, wd=0.0",-3.2976,3
[64],5,"lr0.0003,wd0.01",6,"lr=1e-04, wd=0.01",-3.2181,4
[64],5,"lr0.0003,wd0.01",4,"lr=3e-05, wd=0.01",-3.0846,5
[64],5,"lr0.0003,wd0.01",10,"lr=0.001, wd=0.01",-3.0078,6
[64],5,"lr0.0003,wd0.01",9,"lr=0.001, wd=0.0",-2.9119,7
[64],5,"lr0.0003,wd0.01",5,"lr=1e-04, wd=0.0",-2.8888,8
[64],5,"lr0.0003,wd0.01",3,"lr=3e-05, wd=0.0",-2.8666,9
[64],5,"lr0.0003,wd0.01",12,"lr=0.003, wd=0.01",-2.3632,10
[64],5,"lr0.0003,wd0.01",2,"lr=1e-05, wd=0.01",-2.2753,11
[64],5,"lr0.0003,wd0.01",1,"lr=1e-05, wd=0.0",-2.2455,12
[64],5,"lr0.001,wd0.0",9,"lr=0.001, wd=0.0",-3.1708,1
[64],5,"lr0.001,wd0.0",7,"lr=3e-04, wd=0.0",-2.873,2
[64],5,"lr0.001,wd0.0",11,"lr=0.003, wd=0.0",-2.8422,3
[64],5,"lr0.001,wd0.0",6,"lr=1e-04, wd=0.01",-2.408,4
[64],5,"lr0.001,wd0.0",5,"lr=1e-04, wd=0.0",-2.33,5
[64],5,"lr0.001,wd0.0",8,"lr=3e-04, wd=0.01",-2.2745,6
[64],5,"lr0.001,wd0.0",10,"lr=0.001, wd=0.01",-2.0927,7
[64],5,"lr0.001,wd0.0",3,"lr=3e-05, wd=0.0",-2.0384,8
[64],5,"lr0.001,wd0.0",4,"lr=3e-05, wd=0.01",-2.0174,9
[64],5,"lr0.001,wd0.0",12,"lr=0.003, wd=0.01",-1.8903,10
[64],5,"lr0.001,wd0.0",1,"lr=1e-05, wd=0.0",-1.7008,11
[64],5,"lr0.001,wd0.0",2,"lr=1e-05, wd=0.01",-1.6765,12
[64],5,"lr0.001,wd0.01",8,"lr=3e-04, wd=0.01",-3.5261,1
[64],5,"lr0.001,wd0.01",10,"lr=0.001, wd=0.01",-3.4297,2
[64],5,"lr0.001,wd0.01",11,"lr=0.003, wd=0.0",-3.067,3
[64],5,"lr0.001,wd0.01",6,"lr=1e-04, wd=0.01",-2.7971,4
[64],5,"lr0.001,wd0.01",7,"lr=3e-04, wd=0.0",-2.7573,5
[64],5,"lr0.001,wd0.01",9,"lr=0.001, wd=0.0",-2.7137,6
[64],5,"lr0.001,wd0.01",12,"lr=0.003, wd=0.01",-2.1989,7
[64],5,"lr0.001,wd0.01",5,"lr=1e-04, wd=0.0",-2.1187,8
[64],5,"lr0.001,wd0.01",4,"lr=3e-05, wd=0.01",-1.8215,9
[64],5,"lr0.001,wd0.01",3,"lr=3e-05, wd=0.0",-1.7188,10
[64],5,"lr0.001,wd0.01",1,"lr=1e-05, wd=0.0",-1.5197,11
[64],5,"lr0.001,wd0.01",2,"lr=1e-05, wd=0.01",-1.5137,12
[64],5,"lr0.003,wd0.0",9,"lr=0.001, wd=0.0",-3.1774,1
[64],5,"lr0.003,wd0.0",11,"lr=0.003, wd=0.0",-3.0798,2
[64],5,"lr0.003,wd0.0",7,"lr=3e-04, wd=0.0",-2.9492,3
[64],5,"lr0.003,wd0.0",8,"lr=3e-04, wd=0.01",-2.5843,4
[64],5,"lr0.003,wd0.0",5,"lr=1e-04, wd=0.0",-2.3862,5
[64],5,"lr0.003,wd0.0",6,"lr=1e-04, wd=0.01",-2.32,6
[64],5,"lr0.003,wd0.0",10,"lr=0.001, wd=0.01",-2.1873,7
[64],5,"lr0.003,wd0.0",12,"lr=0.003, wd=0.01",-2.0237,8
[64],5,"lr0.003,wd0.0",3,"lr=3e-05, wd=0.0",-1.7743,9
[64],5,"lr0.003,wd0.0",4,"lr=3e-05, wd=0.01",-1.7317,10
[64],5,"lr0.003,wd0.0",1,"lr=1e-05, wd=0.0",-1.5109,11
[64],5,"lr0.003,wd0.0",2,"lr=1e-05, wd=0.01",-1.4952,12
[64],5,"lr0.003,wd0.01",12,"lr=0.003, wd=0.01",-3.0085,1
[64],5,"lr0.003,wd0.01",10,"lr=0.001, wd=0.01",-2.6183,2
[64],5,"lr0.003,wd0.01",11,"lr=0.003, wd=0.0",-2.5348,3
[64],5,"lr0.003,wd0.01",8,"lr=3e-04, wd=0.01",-2.5062,4
[64],5,"lr0.003,wd0.01",9,"lr=0.001, wd=0.0",-2.4796,5
[64],5,"lr0.003,wd0.01",7,"lr=3e-04, wd=0.0",-2.4075,6
[64],5,"lr0.003,wd0.01",5,"lr=1e-04, wd=0.0",-2.2346,7
[64],5,"lr0.003,wd0.01",6,"lr=1e-04, wd=0.01",-2.1808,8
[64],5,"lr0.003,wd0.01",2,"lr=1e-05, wd=0.01",-1.6234,9
[64],5,"lr0.003,wd0.01",1,"lr=1e-05, wd=0.0",-1.59,10
[64],5,"lr0.003,wd0.01",4,"lr=3e-05, wd=0.01",-1.5685,11
[64],5,"lr0.003,wd0.01",3,"lr=3e-05, wd=0.0",-1.524,12
[64],10,"lr1e-05,wd0.0",3,"lr=3e-05, wd=0.0",-3.4523,1
[64],10,"lr1e-05,wd0.0",1,"lr=1e-05, wd=0.0",-3.2018,2
[64],10,"lr1e-05,wd0.0",5,"lr=1e-04, wd=0.0",-2.7296,3
[64],10,"lr1e-05,wd0.0",8,"lr=3e-04, wd=0.01",-2.6513,4
[64],10,"lr1e-05,wd0.0",11,"lr=0.003, wd=0.0",-2.6196,5
[64],10,"lr1e-05,wd0.0",2,"lr=1e-05, wd=0.01",-2.4935,6
[64],10,"lr1e-05,wd0.0",6,"lr=1e-04, wd=0.01",-2.36,7
[64],10,"lr1e-05,wd0.0",10,"lr=0.001, wd=0.01",-2.3566,8
[64],10,"lr1e-05,wd0.0",9,"lr=0.001, wd=0.0",-2.3423,9
[64],10,"lr1e-05,wd0.0",7,"lr=3e-04, wd=0.0",-2.1835,10
[64],10,"lr1e-05,wd0.0",12,"lr=0.003, wd=0.01",-2.0754,11
[64],10,"lr1e-05,wd0.0",4,"lr=3e-05, wd=0.01",-1.5573,12
[64],10,"lr1e-05,wd0.01",1,"lr=1e-05, wd=0.0",-3.7974,1
[64],10,"lr1e-05,wd0.01",2,"lr=1e-05, wd=0.01",-3.5374,2
[64],10,"lr1e-05,wd0.01",3,"lr=3e-05, wd=0.0",-3.5216,3
[64],10,"lr1e-05,wd0.01",4,"lr=3e-05, wd=0.01",-3.2064,4
[64],10,"lr1e-05,wd0.01",6,"lr=1e-04, wd=0.01",-2.8314,5
[64],10,"lr1e-05,wd0.01",5,"lr=1e-04, wd=0.0",-2.7756,6
[64],10,"lr1e-05,wd0.01",8,"lr=3e-04, wd=0.01",-2.7469,7
[64],10,"lr1e-05,wd0.01",11,"lr=0.003, wd=0.0",-2.6886,8
[64],10,"lr1e-05,wd0.01",9,"lr=0.001, wd=0.0",-2.4485,9
[64],10,"lr1e-05,wd0.01",10,"lr=0.001, wd=0.01",-2.4208,10
[64],10,"lr1e-05,wd0.01",7,"lr=3e-04, wd=0.0",-2.411,11
[64],10,"lr1e-05,wd0.01",12,"lr=0.003, wd=0.01",-2.1441,12
[64],10,"lr3e-05,wd0.0",5,"lr=1e-04, wd=0.0",-3.3473,1
[64],10,"lr3e-05,wd0.0",3,"lr=3e-05, wd=0.0",-3.3224,2
[64],10,"lr3e-05,wd0.0",8,"lr=3e-04, wd=0.01",-2.9938,3
[64],10,"lr3e-05,wd0.0",1,"lr=1e-05, wd=0.0",-2.9737,4
[64],10,"lr3e-05,wd0.0",2,"lr=1e-05, wd=0.01",-2.8598,5
[64],10,"lr3e-05,wd0.0",11,"lr=0.003, wd=0.0",-2.8355,6
[64],10,"lr3e-05,wd0.0",7,"lr=3e-04, wd=0.0",-2.7228,7
[64],10,"lr3e-05,wd0.0",9,"lr=0.001, wd=0.0",-2.5473,8
[64],10,"lr3e-05,wd0.0",4,"lr=3e-05, wd=0.01",-2.284,9
[64],10,"lr3e-05,wd0.0",10,"lr=0.001, wd=0.01",-2.2693,10
[64],10,"lr3e-05,wd0.0",12,"lr=0.003, wd=0.01",-1.9837,11
[64],10,"lr3e-05,wd0.0",6,"lr=1e-04, wd=0.01",-1.5959,12
[64],10,"lr3e-05,wd0.01",6,"lr=1e-04, wd=0.01",-3.8892,1
[64],10,"lr3e-05,wd0.01",5,"lr=1e-04, wd=0.0",-3.8256,2
[64],10,"lr3e-05,wd0.01",4,"lr=3e-05, wd=0.01",-3.7882,3
[64],10,"lr3e-05,wd0.01",2,"lr=1e-05, wd=0.01",-3.5481,4
[64],10,"lr3e-05,wd0.01",1,"lr=1e-05, wd=0.0",-3.5158,5
[64],10,"lr3e-05,wd0.01",3,"lr=3e-05, wd=0.0",-3.4724,6
[64],10,"lr3e-05,wd0.01",8,"lr=3e-04, wd=0.01",-3.3762,7
[64],10,"lr3e-05,wd0.01",7,"lr=3e-04, wd=0.0",-3.2438,8
[64],10,"lr3e-05,wd0.01",11,"lr=0.003, wd=0.0",-3.1635,9
[64],10,"lr3e-05,wd0.01",9,"lr=0.001, wd=0.0",-3.0308,10
[64],10,"lr3e-05,wd0.01",10,"lr=0.001, wd=0.01",-2.401,11
[64],10,"lr3e-05,wd0.01",12,"lr=0.003, wd=0.01",-2.0711,12
[64],10,"lr0.0001,wd0.0",5,"lr=1e-04, wd=0.0",-3.4748,1
[64],10,"lr0.0001,wd0.0",7,"lr=3e-04, wd=0.0",-3.4528,2
[64],10,"lr0.0001,wd0.0",3,"lr=3e-05, wd=0.0",-3.129,3
[64],10,"lr0.0001,wd0.0",11,"lr=0.003, wd=0.0",-3.0968,4
[64],10,"lr0.0001,wd0.0",4,"lr=3e-05, wd=0.01",-3.0621,5
[64],10,"lr0.0001,wd0.0",1,"lr=1e-05, wd=0.0",-2.9425,6
[64],10,"lr0.0001,wd0.0",6,"lr=1e-04, wd=0.01",-2.9172,7
[64],10,"lr0.0001,wd0.0",9,"lr=0.001, wd=0.0",-2.8308,8
[64],10,"lr0.0001,wd0.0",2,"lr=1e-05, wd=0.01",-2.8188,9
[64],10,"lr0.0001,wd0.0",8,"lr=3e-04, wd=0.01",-2.7639,10
[64],10,"lr0.0001,wd0.0",12,"lr=0.003, wd=0.01",-2.008,11
[64],10,"lr0.0001,wd0.0",10,"lr=0.001, wd=0.01",-1.9955,12
[64],10,"lr0.0001,wd0.01",8,"lr=3e-04, wd=0.01",-3.8733,1
[64],10,"lr0.0001,wd0.01",6,"lr=1e-04, wd=0.01",-3.8589,2
[64],10,"lr0.0001,wd0.01",7,"lr=3e-04, wd=0.0",-3.5693,3
[64],10,"lr0.0001,wd0.01",3,"lr=3e-05, wd=0.0",-3.4918,4
[64],10,"lr0.0001,wd0.01",5,"lr=1e-04, wd=0.0",-3.4664,5
[64],10,"lr0.0001,wd0.01",4,"lr=3e-05, wd=0.01",-3.4657,6
[64],10,"lr0.0001,wd0.01",11,"lr=0.003, wd=0.0",-3.3781,7
[64],10,"lr0.0001,wd0.01",2,"lr=1e-05, wd=0.01",-3.2953,8
[64],10,"lr0.0001,wd0.01",1,"lr=1e-05, wd=0.0",-3.2008,9
[64],10,"lr0.0001,wd0.01",9,"lr=0.001, wd=0.0",-3.1134,10
[64],10,"lr0.0001,wd0.01",10,"lr=0.001, wd=0.01",-2.7369,11
[64],10,"lr0.0001,wd0.01",12,"lr=0.003, wd=0.01",-2.2732,12
[64],10,"lr0.0003,wd0.0",9,"lr=0.001, wd=0.0",-3.1244,1
[64],10,"lr0.0003,wd0.0",7,"lr=3e-04, wd=0.0",-2.9341,2
[64],10,"lr0.0003,wd0.0",11,"lr=0.003, wd=0.0",-2.6666,3
[64],10,"lr0.0003,wd0.0",6,"lr=1e-04, wd=0.01",-2.462,4
[64],10,"lr0.0003,wd0.0",4,"lr=3e-05, wd=0.01",-2.3708,5
[64],10,"lr0.0003,wd0.0",8,"lr=3e-04, wd=0.01",-2.2901,6
[64],10,"lr0.0003,wd0.0",2,"lr=1e-05, wd=0.01",-2.192,7
[64],10,"lr0.0003,wd0.0",1,"lr=1e-05, wd=0.0",-2.1462,8
[64],10,"lr0.0003,wd0.0",5,"lr=1e-04, wd=0.0",-2.0226,9
[64],10,"lr0.0003,wd0.0",12,"lr=0.003, wd=0.01",-2.0057,10
[64],10,"lr0.0003,wd0.0",10,"lr=0.001, wd=0.01",-1.9361,11
[64],10,"lr0.0003,wd0.0",3,"lr=3e-05, wd=0.0",-1.6367,12
[64],10,"lr0.0003,wd0.01",8,"lr=3e-04, wd=0.01",-3.9902,1
[64],10,"lr0.0003,wd0.01",6,"lr=1e-04, wd=0.01",-3.7729,2
[64],10,"lr0.0003,wd0.01",11,"lr=0.003, wd=0.0",-3.6557,3
[64],10,"lr0.0003,wd0.01",5,"lr=1e-04, wd=0.0",-3.4798,4
[64],10,"lr0.0003,wd0.01",7,"lr=3e-04, wd=0.0",-3.4509,5
[64],10,"lr0.0003,wd0.01",4,"lr=3e-05, wd=0.01",-3.3661,6
[64],10,"lr0.0003,wd0.01",9,"lr=0.001, wd=0.0",-3.2816,7
[64],10,"lr0.0003,wd0.01",10,"lr=0.001, wd=0.01",-3.2474,8
[64],10,"lr0.0003,wd0.01",3,"lr=3e-05, wd=0.0",-3.098,9
[64],10,"lr0.0003,wd0.01",2,"lr=1e-05, wd=0.01",-2.7829,10
[64],10,"lr0.0003,wd0.01",1,"lr=1e-05, wd=0.0",-2.7533,11
[64],10,"lr0.0003,wd0.01",12,"lr=0.003, wd=0.01",-2.5328,12
[64],10,"lr0.001,wd0.0",9,"lr=0.001, wd=0.0",-3.2795,1
[64],10,"lr0.001,wd0.0",7,"lr=3e-04, wd=0.0",-2.7065,2
[64],10,"lr0.001,wd0.0",11,"lr=0.003, wd=0.0",-2.6516,3
[64],10,"lr0.001,wd0.0",6,"lr=1e-04, wd=0.01",-2.457,4
[64],10,"lr0.001,wd0.0",8,"lr=3e-04, wd=0.01",-2.4217,5
[64],10,"lr0.001,wd0.0",4,"lr=3e-05, wd=0.01",-2.3846,6
[64],10,"lr0.001,wd0.0",3,"lr=3e-05, wd=0.0",-2.3594,7
[64],10,"lr0.001,wd0.0",12,"lr=0.003, wd=0.01",-2.2042,8
[64],10,"lr0.001,wd0.0",1,"lr=1e-05, wd=0.0",-2.1758,9
[64],10,"lr0.001,wd0.0",2,"lr=1e-05, wd=0.01",-2.1566,10
[64],10,"lr0.001,wd0.0",10,"lr=0.001, wd=0.01",-2.1256,11
[64],10,"lr0.001,wd0.0",5,"lr=1e-04, wd=0.0",-1.8628,12
[64],10,"lr0.001,wd0.01",8,"lr=3e-04, wd=0.01",-3.7593,1
[64],10,"lr0.001,wd0.01",10,"lr=0.001, wd=0.01",-3.7403,2
[64],10,"lr0.001,wd0.01",6,"lr=1e-04, wd=0.01",-3.5675,3
[64],10,"lr0.001,wd0.01",11,"lr=0.003, wd=0.0",-3.4543,4
[64],10,"lr0.001,wd0.01",9,"lr=0.001, wd=0.0",-3.1903,5
[64],10,"lr0.001,wd0.01",7,"lr=3e-04, wd=0.0",-3.1489,6
[64],10,"lr0.001,wd0.01",5,"lr=1e-04, wd=0.0",-3.0321,7
[64],10,"lr0.001,wd0.01",4,"lr=3e-05, wd=0.01",-2.7424,8
[64],10,"lr0.001,wd0.01",12,"lr=0.003, wd=0.01",-2.6387,9
[64],10,"lr0.001,wd0.01",1,"lr=1e-05, wd=0.0",-2.431,10
[64],10,"lr0.001,wd0.01",3,"lr=3e-05, wd=0.0",-2.4214,11
[64],10,"lr0.001,wd0.01",2,"lr=1e-05, wd=0.01",-2.3849,12
[64],10,"lr0.003,wd0.0",9,"lr=0.001, wd=0.0",-3.4321,1
[64],10,"lr0.003,wd0.0",7,"lr=3e-04, wd=0.0",-3.1921,2
[64],10,"lr0.003,wd0.0",6,"lr=1e-04, wd=0.01",-2.8757,3
[64],10,"lr0.003,wd0.0",11,"lr=0.003, wd=0.0",-2.7742,4
[64],10,"lr0.003,wd0.0",5,"lr=1e-04, wd=0.0",-2.7658,5
[64],10,"lr0.003,wd0.0",4,"lr=3e-05, wd=0.01",-2.5783,6
[64],10,"lr0.003,wd0.0",3,"lr=3e-05, wd=0.0",-2.5713,7
[64],10,"lr0.003,wd0.0",10,"lr=0.001, wd=0.01",-2.5025,8
[64],10,"lr0.003,wd0.0",12,"lr=0.003, wd=0.01",-2.3732,9
[64],10,"lr0.003,wd0.0",8,"lr=3e-04, wd=0.01",-2.3543,10
[64],10,"lr0.003,wd0.0",1,"lr=1e-05, wd=0.0",-2.2721,11
[64],10,"lr0.003,wd0.0",2,"lr=1e-05, wd=0.01",-2.2514,12
[64],10,"lr0.003,wd0.01",10,"lr=0.001, wd=0.01",-3.5859,1
[64],10,"lr0.003,wd0.01",12,"lr=0.003, wd=0.01",-3.5121,2
[64],10,"lr0.003,wd0.01",8,"lr=3e-04, wd=0.01",-3.4024,3
[64],10,"lr0.003,wd0.01",11,"lr=0.003, wd=0.0",-3.3214,4
[64],10,"lr0.003,wd0.01",6,"lr=1e-04, wd=0.01",-3.2362,5
[64],10,"lr0.003,wd0.01",9,"lr=0.001, wd=0.0",-3.1676,6
[64],10,"lr0.003,wd0.01",7,"lr=3e-04, wd=0.0",-3.0224,7
[64],10,"lr0.003,wd0.01",5,"lr=1e-04, wd=0.0",-2.7089,8
[64],10,"lr0.003,wd0.01",4,"lr=3e-05, wd=0.01",-1.9802,9
[64],10,"lr0.003,wd0.01",2,"lr=1e-05, wd=0.01",-1.8986,10
[64],10,"lr0.003,wd0.01",1,"lr=1e-05, wd=0.0",-1.8937,11
[64],10,"lr0.003,wd0.01",3,"lr=3e-05, wd=0.0",-1.8402,12
[64],20,"lr1e-05,wd0.0",5,"lr=1e-04, wd=0.0",-3.6103,1
[64],20,"lr1e-05,wd0.0",1,"lr=1e-05, wd=0.0",-3.5818,2
[64],20,"lr1e-05,wd0.0",6,"lr=1e-04, wd=0.01",-3.5738,3
[64],20,"lr1e-05,wd0.0",3,"lr=3e-05, wd=0.0",-3.5229,4
[64],20,"lr1e-05,wd0.0",8,"lr=3e-04, wd=0.01",-3.2238,5
[64],20,"lr1e-05,wd0.0",7,"lr=3e-04, wd=0.0",-3.2094,6
[64],20,"lr1e-05,wd0.0",2,"lr=1e-05, wd=0.01",-3.1907,7
[64],20,"lr1e-05,wd0.0",11,"lr=0.003, wd=0.0",-2.976,8
[64],20,"lr1e-05,wd0.0",9,"lr=0.001, wd=0.0",-2.909,9
[64],20,"lr1e-05,wd0.0",10,"lr=0.001, wd=0.01",-2.582,10
[64],20,"lr1e-05,wd0.0",12,"lr=0.003, wd=0.01",-2.3634,11
[64],20,"lr1e-05,wd0.0",4,"lr=3e-05, wd=0.01",-2.3135,12
[64],20,"lr1e-05,wd0.01",1,"lr=1e-05, wd=0.0",-4.069,1
[64],20,"lr1e-05,wd0.01",3,"lr=3e-05, wd=0.0",-3.9841,2
[64],20,"lr1e-05,wd0.01",2,"lr=1e-05, wd=0.01",-3.8712,3
[64],20,"lr1e-05,wd0.01",6,"lr=1e-04, wd=0.01",-3.7451,4
[64],20,"lr1e-05,wd0.01",5,"lr=1e-04, wd=0.0",-3.5833,5
[64],20,"lr1e-05,wd0.01",4,"lr=3e-05, wd=0.01",-3.5365,6
[64],20,"lr1e-05,wd0.01",7,"lr=3e-04, wd=0.0",-3.2583,7
[64],20,"lr1e-05,wd0.01",8,"lr=3e-04, wd=0.01",-3.2427,8
[64],20,"lr1e-05,wd0.01",11,"lr=0.003, wd=0.0",-2.9835,9
[64],20,"lr1e-05,wd0.01",9,"lr=0.001, wd=0.0",-2.9539,10
[64],20,"lr1e-05,wd0.01",10,"lr=0.001, wd=0.01",-2.576,11
[64],20,"lr1e-05,wd0.01",12,"lr=0.003, wd=0.01",-2.3788,12
[64],20,"lr3e-05,wd0.0",3,"lr=3e-05, wd=0.0",-3.6869,1
[64],20,"lr3e-05,wd0.0",1,"lr=1e-05, wd=0.0",-3.5628,2
[64],20,"lr3e-05,wd0.0",2,"lr=1e-05, wd=0.01",-3.4708,3
[64],20,"lr3e-05,wd0.0",5,"lr=1e-04, wd=0.0",-3.4357,4
[64],20,"lr3e-05,wd0.0",6,"lr=1e-04, wd=0.01",-3.3837,5
[64],20,"lr3e-05,wd0.0",8,"lr=3e-04, wd=0.01",-3.3716,6
[64],20,"lr3e-05,wd0.0",11,"lr=0.003, wd=0.0",-3.2393,7
[64],20,"lr3e-05,wd0.0",7,"lr=3e-04, wd=0.0",-3.2237,8
[64],20,"lr3e-05,wd0.0",4,"lr=3e-05, wd=0.01",-3.1357,9
[64],20,"lr3e-05,wd0.0",9,"lr=0.001, wd=0.0",-3.0707,10
[64],20,"lr3e-05,wd0.0",10,"lr=0.001, wd=0.01",-2.5122,11
[64],20,"lr3e-05,wd0.0",12,"lr=0.003, wd=0.01",-2.2559,12
[64],20,"lr3e-05,wd0.01",5,"lr=1e-04, wd=0.0",-4.0668,1
[64],20,"lr3e-05,wd0.01",6,"lr=1e-04, wd=0.01",-4.0293,2
[64],20,"lr3e-05,wd0.01",4,"lr=3e-05, wd=0.01",-3.962,3
[64],20,"lr3e-05,wd0.01",2,"lr=1e-05, wd=0.01",-3.8788,4
[64],20,"lr3e-05,wd0.01",1,"lr=1e-05, wd=0.0",-3.8769,5
[64],20,"lr3e-05,wd0.01",8,"lr=3e-04, wd=0.01",-3.8544,6
[64],20,"lr3e-05,wd0.01",3,"lr=3e-05, wd=0.0",-3.8378,7
[64],20,"lr3e-05,wd0.01",7,"lr=3e-04, wd=0.0",-3.606,8
[64],20,"lr3e-05,wd0.01",11,"lr=0.003, wd=0.0",-3.5021,9
[64],20,"lr3e-05,wd0.01",9,"lr=0.001, wd=0.0",-3.297,10
[64],20,"lr3e-05,wd0.01",10,"lr=0.001, wd=0.01",-2.8689,11
[64],20,"lr3e-05,wd0.01",12,"lr=0.003, wd=0.01",-2.4417,12
[64],20,"lr0.0001,wd0.0",7,"lr=3e-04, wd=0.0",-3.8213,1
[64],20,"lr0.0001,wd0.0",9,"lr=0.001, wd=0.0",-3.1394,2
[64],20,"lr0.0001,wd0.0",5,"lr=1e-04, wd=0.0",-3.0979,3
[64],20,"lr0.0001,wd0.0",4,"lr=3e-05, wd=0.01",-3.0023,4
[64],20,"lr0.0001,wd0.0",11,"lr=0.003, wd=0.0",-2.9922,5
[64],20,"lr0.0001,wd0.0",3,"lr=3e-05, wd=0.0",-2.8983,6
[64],20,"lr0.0001,wd0.0",2,"lr=1e-05, wd=0.01",-2.738,7
[64],20,"lr0.0001,wd0.0",6,"lr=1e-04, wd=0.01",-2.7319,8
[64],20,"lr0.0001,wd0.0",1,"lr=1e-05, wd=0.0",-2.6412,9
[64],20,"lr0.0001,wd0.0",8,"lr=3e-04, wd=0.01",-2.5125,10
[64],20,"lr0.0001,wd0.0",10,"lr=0.001, wd=0.01",-2.3685,11
[64],20,"lr0.0001,wd0.0",12,"lr=0.003, wd=0.01",-2.3309,12
[64],20,"lr0.0001,wd0.01",5,"lr=1e-04, wd=0.0",-4.0908,1
[64],20,"lr0.0001,wd0.01",8,"lr=3e-04, wd=0.01",-4.0349,2
[64],20,"lr0.0001,wd0.01",6,"lr=1e-04, wd=0.01",-4.0303,3
[64],20,"lr0.0001,wd0.01",3,"lr=3e-05, wd=0.0",-3.8265,4
[64],20,"lr0.0001,wd0.01",4,"lr=3e-05, wd=0.01",-3.7694,5
[64],20,"lr0.0001,wd0.01",7,"lr=3e-04, wd=0.0",-3.7509,6
[64],20,"lr0.0001,wd0.01",11,"lr=0.003, wd=0.0",-3.6813,7
[64],20,"lr0.0001,wd0.01",2,"lr=1e-05, wd=0.01",-3.6549,8
[64],20,"lr0.0001,wd0.01",1,"lr=1e-05, wd=0.0",-3.6372,9
[64],20,"lr0.0001,wd0.01",9,"lr=0.001, wd=0.0",-3.2967,10
[64],20,"lr0.0001,wd0.01",10,"lr=0.001, wd=0.01",-2.9739,11
[64],20,"lr0.0001,wd0.01",12,"lr=0.003, wd=0.01",-2.6336,12
[64],20,"lr0.0003,wd0.0",9,"lr=0.001, wd=0.0",-3.2042,1
[64],20,"lr0.0003,wd0.0",7,"lr=3e-04, wd=0.0",-2.5622,2
[64],20,"lr0.0003,wd0.0",11,"lr=0.003, wd=0.0",-2.4941,3
[64],20,"lr0.0003,wd0.0",8,"lr=3e-04, wd=0.01",-2.3251,4
[64],20,"lr0.0003,wd0.0",10,"lr=0.001, wd=0.01",-2.1782,5
[64],20,"lr0.0003,wd0.0",6,"lr=1e-04, wd=0.01",-1.8847,6
[64],20,"lr0.0003,wd0.0",12,"lr=0.003, wd=0.01",-1.8613,7
[64],20,"lr0.0003,wd0.0",2,"lr=1e-05, wd=0.01",-1.8465,8
[64],20,"lr0.0003,wd0.0",1,"lr=1e-05, wd=0.0",-1.7085,9
[64],20,"lr0.0003,wd0.0",4,"lr=3e-05, wd=0.01",-1.4202,10
[64],20,"lr0.0003,wd0.0",5,"lr=1e-04, wd=0.0",-0.2737,11
[64],20,"lr0.0003,wd0.0",3,"lr=3e-05, wd=0.0",0.5528,12
[64],20,"lr0.0003,wd0.01",8,"lr=3e-04, wd=0.01",-4.0194,1
[64],20,"lr0.0003,wd0.01",6,"lr=1e-04, wd=0.01",-3.9041,2
[64],20,"lr0.0003,wd0.01",5,"lr=1e-04, wd=0.0",-3.793,3
[64],20,"lr0.0003,wd0.01",4,"lr=3e-05, wd=0.01",-3.6875,4
[64],20,"lr0.0003,wd0.01",11,"lr=0.003, wd=0.0",-3.5355,5
[64],20,"lr0.0003,wd0.01",10,"lr=0.001, wd=0.01",-3.5311,6
[64],20,"lr0.0003,wd0.01",3,"lr=3e-05, wd=0.0",-3.4685,7
[64],20,"lr0.0003,wd0.01",7,"lr=3e-04, wd=0.0",-3.4318,8
[64],20,"lr0.0003,wd0.01",9,"lr=0.001, wd=0.0",-3.3228,9
[64],20,"lr0.0003,wd0.01",1,"lr=1e-05, wd=0.0",-3.1504,10
[64],20,"lr0.0003,wd0.01",2,"lr=1e-05, wd=0.01",-3.1125,11
[64],20,"lr0.0003,wd0.01",12,"lr=0.003, wd=0.01",-2.852,12
[64],20,"lr0.001,wd0.0",9,"lr=0.001, wd=0.0",-3.1408,1
[64],20,"lr0.001,wd0.0",10,"lr=0.001, wd=0.01",-2.3964,2
[64],20,"lr0.001,wd0.0",11,"lr=0.003, wd=0.0",-2.3082,3
[64],20,"lr0.001,wd0.0",1,"lr=1e-05, wd=0.0",-2.1538,4
[64],20,"lr0.001,wd0.0",2,"lr=1e-05, wd=0.01",-2.1355,5
[64],20,"lr0.001,wd0.0",8,"lr=3e-04, wd=0.01",-2.0154,6
[64],20,"lr0.001,wd0.0",12,"lr=0.003, wd=0.01",-1.8022,7
[64],20,"lr0.001,wd0.0",4,"lr=3e-05, wd=0.01",-1.7519,8
[64],20,"lr0.001,wd0.0",7,"lr=3e-04, wd=0.0",-1.7366,9
[64],20,"lr0.001,wd0.0",3,"lr=3e-05, wd=0.0",-1.6603,10
[64],20,"lr0.001,wd0.0",6,"lr=1e-04, wd=0.01",-1.3275,11
[64],20,"lr0.001,wd0.0",5,"lr=1e-04, wd=0.0",0.0653,12
[64],20,"lr0.001,wd0.01",10,"lr=0.001, wd=0.01",-3.8695,1
[64],20,"lr0.001,wd0.01",8,"lr=3e-04, wd=0.01",-3.7315,2
[64],20,"lr0.001,wd0.01",6,"lr=1e-04, wd=0.01",-3.6527,3
[64],20,"lr0.001,wd0.01",7,"lr=3e-04, wd=0.0",-3.5033,4
[64],20,"lr0.001,wd0.01",5,"lr=1e-04, wd=0.0",-3.3964,5
[64],20,"lr0.001,wd0.01",11,"lr=0.003, wd=0.0",-3.3882,6
[64],20,"lr0.001,wd0.01",9,"lr=0.001, wd=0.0",-3.3665,7
[64],20,"lr0.001,wd0.01",4,"lr=3e-05, wd=0.01",-3.0925,8
[64],20,"lr0.001,wd0.01",12,"lr=0.003, wd=0.01",-3.0786,9
[64],20,"lr0.001,wd0.01",3,"lr=3e-05, wd=0.0",-2.8484,10
[64],20,"lr0.001,wd0.01",1,"lr=1e-05, wd=0.0",-2.581,11
[64],20,"lr0.001,wd0.01",2,"lr=1e-05, wd=0.01",-2.5197,12
[64],20,"lr0.003,wd0.0",9,"lr=0.001, wd=0.0",-3.6214,1
[64],20,"lr0.003,wd0.0",4,"lr=3e-05, wd=0.01",-2.5824,2
[64],20,"lr0.003,wd0.0",7,"lr=3e-04, wd=0.0",-2.5703,3
[64],20,"lr0.003,wd0.0",3,"lr=3e-05, wd=0.0",-2.5599,4
[64],20,"lr0.003,wd0.0",10,"lr=0.001, wd=0.01",-2.554,5
[64],20,"lr0.003,wd0.0",12,"lr=0.003, wd=0.01",-2.5155,6
[64],20,"lr0.003,wd0.0",6,"lr=1e-04, wd=0.01",-2.5137,7
[64],20,"lr0.003,wd0.0",1,"lr=1e-05, wd=0.0",-2.4544,8
[64],20,"lr0.003,wd0.0",2,"lr=1e-05, wd=0.01",-2.4532,9
[64],20,"lr0.003,wd0.0",11,"lr=0.003, wd=0.0",-2.2419,10
[64],20,"lr0.003,wd0.0",5,"lr=1e-04, wd=0.0",-1.7334,11
[64],20,"lr0.003,wd0.0",8,"lr=3e-04, wd=0.01",-1.5704,12
[64],20,"lr0.003,wd0.01",12,"lr=0.003, wd=0.01",-3.7652,1
[64],20,"lr0.003,wd0.01",10,"lr=0.001, wd=0.01",-3.2352,2
[64],20,"lr0.003,wd0.01",5,"lr=1e-04, wd=0.0",-3.2058,3
[64],20,"lr0.003,wd0.01",6,"lr=1e-04, wd=0.01",-3.1502,4
[64],20,"lr0.003,wd0.01",7,"lr=3e-04, wd=0.0",-3.021,5
[64],20,"lr0.003,wd0.01",8,"lr=3e-04, wd=0.01",-3.0065,6
[64],20,"lr0.003,wd0.01",9,"lr=0.001, wd=0.0",-2.8551,7
[64],20,"lr0.003,wd0.01",4,"lr=3e-05, wd=0.01",-2.775,8
[64],20,"lr0.003,wd0.01",2,"lr=1e-05, wd=0.01",-2.764,9
[64],20,"lr0.003,wd0.01",1,"lr=1e-05, wd=0.0",-2.7429,10
[64],20,"lr0.003,wd0.01",11,"lr=0.003, wd=0.0",-2.5424,11
[64],20,"lr0.003,wd0.01",3,"lr=3e-05, wd=0.0",-2.4003,12
[64],50,"lr1e-05,wd0.0",3,"lr=3e-05, wd=0.0",-4.1502,1
[64],50,"lr1e-05,wd0.0",5,"lr=1e-04, wd=0.0",-4.1352,2
[64],50,"lr1e-05,wd0.0",6,"lr=1e-04, wd=0.01",-4.1076,3
[64],50,"lr1e-05,wd0.0",4,"lr=3e-05, wd=0.01",-4.0379,4
[64],50,"lr1e-05,wd0.0",8,"lr=3e-04, wd=0.01",-4.0228,5
[64],50,"lr1e-05,wd0.0",1,"lr=1e-05, wd=0.0",-3.9953,6
[64],50,"lr1e-05,wd0.0",11,"lr=0.003, wd=0.0",-3.9607,7
[64],50,"lr1e-05,wd0.0",2,"lr=1e-05, wd=0.01",-3.928,8
[64],50,"lr1e-05,wd0.0",7,"lr=3e-04, wd=0.0",-3.9138,9
[64],50,"lr1e-05,wd0.0",10,"lr=0.001, wd=0.01",-3.8669,10
[64],50,"lr1e-05,wd0.0",9,"lr=0.001, wd=0.0",-3.8026,11
[64],50,"lr1e-05,wd0.0",12,"lr=0.003, wd=0.01",-3.5802,12
[64],50,"lr1e-05,wd0.01",4,"lr=3e-05, wd=0.01",-4.2187,1
[64],50,"lr1e-05,wd0.01",1,"lr=1e-05, wd=0.0",-4.207,2
[64],50,"lr1e-05,wd0.01",3,"lr=3e-05, wd=0.0",-4.2046,3
[64],50,"lr1e-05,wd0.01",6,"lr=1e-04, wd=0.01",-4.1736,4
[64],50,"lr1e-05,wd0.01",5,"lr=1e-04, wd=0.0",-4.1698,5
[64],50,"lr1e-05,wd0.01",2,"lr=1e-05, wd=0.01",-4.1407,6
[64],50,"lr1e-05,wd0.01",8,"lr=3e-04, wd=0.01",-4.0625,7
[64],50,"lr1e-05,wd0.01",11,"lr=0.003, wd=0.0",-4.0367,8
[64],50,"lr1e-05,wd0.01",7,"lr=3e-04, wd=0.0",-4.0271,9
[64],50,"lr1e-05,wd0.01",10,"lr=0.001, wd=0.01",-3.9154,10
[64],50,"lr1e-05,wd0.01",9,"lr=0.001, wd=0.0",-3.8817,11
[64],50,"lr1e-05,wd0.01",12,"lr=0.003, wd=0.01",-3.5561,12
[64],50,"lr3e-05,wd0.0",3,"lr=3e-05, wd=0.0",-4.1055,1
[64],50,"lr3e-05,wd0.0",5,"lr=1e-04, wd=0.0",-4.1035,2
[64],50,"lr3e-05,wd0.0",1,"lr=1e-05, wd=0.0",-4.0839,3
[64],50,"lr3e-05,wd0.0",2,"lr=1e-05, wd=0.01",-4.0224,4
[64],50,"lr3e-05,wd0.0",8,"lr=3e-04, wd=0.01",-3.9625,5
[64],50,"lr3e-05,wd0.0",11,"lr=0.003, wd=0.0",-3.936,6
[64],50,"lr3e-05,wd0.0",6,"lr=1e-04, wd=0.01",-3.9283,7
[64],50,"lr3e-05,wd0.0",7,"lr=3e-04, wd=0.0",-3.8857,8
[64],50,"lr3e-05,wd0.0",10,"lr=0.001, wd=0.01",-3.748,9
[64],50,"lr3e-05,wd0.0",9,"lr=0.001, wd=0.0",-3.6637,10
[64],50,"lr3e-05,wd0.0",4,"lr=3e-05, wd=0.01",-3.6433,11
[64],50,"lr3e-05,wd0.0",12,"lr=0.003, wd=0.01",-3.4696,12
[64],50,"lr3e-05,wd0.01",6,"lr=1e-04, wd=0.01",-4.1818,1
[64],50,"lr3e-05,wd0.01",5,"lr=1e-04, wd=0.0",-4.1665,2
[64],50,"lr3e-05,wd0.01",4,"lr=3e-05, wd=0.01",-4.16,3
[64],50,"lr3e-05,wd0.01",3,"lr=3e-05, wd=0.0",-4.1526,4
[64],50,"lr3e-05,wd0.01",8,"lr=3e-04, wd=0.01",-4.1487,5
[64],50,"lr3e-05,wd0.01",2,"lr=1e-05, wd=0.01",-4.1468,6
[64],50,"lr3e-05,wd0.01",1,"lr=1e-05, wd=0.0",-4.1354,7
[64],50,"lr3e-05,wd0.01",11,"lr=0.003, wd=0.0",-4.0806,8
[64],50,"lr3e-05,wd0.01",7,"lr=3e-04, wd=0.0",-4.0672,9
[64],50,"lr3e-05,wd0.01",9,"lr=0.001, wd=0.0",-3.9162,10
[64],50,"lr3e-05,wd0.01",10,"lr=0.001, wd=0.01",-3.8623,11
[64],50,"lr3e-05,wd0.01",12,"lr=0.003, wd=0.01",-3.4543,12
[64],50,"lr0.0001,wd0.0",7,"lr=3e-04, wd=0.0",-3.9153,1
[64],50,"lr0.0001,wd0.0",11,"lr=0.003, wd=0.0",-3.3834,2
[64],50,"lr0.0001,wd0.0",9,"lr=0.001, wd=0.0",-3.3806,3
[64],50,"lr0.0001,wd0.0",6,"lr=1e-04, wd=0.01",-3.1049,4
[64],50,"lr0.0001,wd0.0",10,"lr=0.001, wd=0.01",-3.0703,5
[64],50,"lr0.0001,wd0.0",8,"lr=3e-04, wd=0.01",-3.0672,6
[64],50,"lr0.0001,wd0.0",12,"lr=0.003, wd=0.01",-2.9854,7
[64],50,"lr0.0001,wd0.0",1,"lr=1e-05, wd=0.0",-2.9484,8
[64],50,"lr0.0001,wd0.0",4,"lr=3e-05, wd=0.01",-2.936,9
[64],50,"lr0.0001,wd0.0",2,"lr=1e-05, wd=0.01",-2.909,10
[64],50,"lr0.0001,wd0.0",3,"lr=3e-05, wd=0.0",-2.7495,11
[64],50,"lr0.0001,wd0.0",5,"lr=1e-04, wd=0.0",-2.4986,12
[64],50,"lr0.0001,wd0.01",8,"lr=3e-04, wd=0.01",-4.2049,1
[64],50,"lr0.0001,wd0.01",6,"lr=1e-04, wd=0.01",-4.1441,2
[64],50,"lr0.0001,wd0.01",3,"lr=3e-05, wd=0.0",-4.1375,3
[64],50,"lr0.0001,wd0.01",4,"lr=3e-05, wd=0.01",-4.1283,4
[64],50,"lr0.0001,wd0.01",2,"lr=1e-05, wd=0.01",-4.1039,5
[64],50,"lr0.0001,wd0.01",1,"lr=1e-05, wd=0.0",-4.0898,6
[64],50,"lr0.0001,wd0.01",5,"lr=1e-04, wd=0.0",-4.0564,7
[64],50,"lr0.0001,wd0.01",10,"lr=0.001, wd=0.01",-4.0317,8
[64],50,"lr0.0001,wd0.01",11,"lr=0.003, wd=0.0",-4.0057,9
[64],50,"lr0.0001,wd0.01",7,"lr=3e-04, wd=0.0",-3.9132,10
[64],50,"lr0.0001,wd0.01",12,"lr=0.003, wd=0.01",-3.7615,11
[64],50,"lr0.0001,wd0.01",9,"lr=0.001, wd=0.0",-3.7386,12
[64],50,"lr0.0003,wd0.0",9,"lr=0.001, wd=0.0",-3.3203,1
[64],50,"lr0.0003,wd0.0",11,"lr=0.003, wd=0.0",-2.8711,2
[64],50,"lr0.0003,wd0.0",10,"lr=0.001, wd=0.01",-2.7059,3
[64],50,"lr0.0003,wd0.0",8,"lr=3e-04, wd=0.01",-2.6778,4
[64],50,"lr0.0003,wd0.0",5,"lr=1e-04, wd=0.0",-2.6589,5
[64],50,"lr0.0003,wd0.0",12,"lr=0.003, wd=0.01",-2.6468,6
[64],50,"lr0.0003,wd0.0",6,"lr=1e-04, wd=0.01",-2.6127,7
[64],50,"lr0.0003,wd0.0",3,"lr=3e-05, wd=0.0",-2.317,8
[64],50,"lr0.0003,wd0.0",4,"lr=3e-05, wd=0.01",-2.2996,9
[64],50,"lr0.0003,wd0.0",2,"lr=1e-05, wd=0.01",-2.1719,10
[64],50,"lr0.0003,wd0.0",1,"lr=1e-05, wd=0.0",-2.1676,11
[64],50,"lr0.0003,wd0.0",7,"lr=3e-04, wd=0.0",-1.4034,12
[64],50,"lr0.0003,wd0.01",8,"lr=3e-04, wd=0.01",-4.098,1
[64],50,"lr0.0003,wd0.01",10,"lr=0.001, wd=0.01",-4.0726,2
[64],50,"lr0.0003,wd0.01",4,"lr=3e-05, wd=0.01",-4.0701,3
[64],50,"lr0.0003,wd0.01",3,"lr=3e-05, wd=0.0",-4.0676,4
[64],50,"lr0.0003,wd0.01",2,"lr=1e-05, wd=0.01",-4.0562,5
[64],50,"lr0.0003,wd0.01",1,"lr=1e-05, wd=0.0",-4.0513,6
[64],50,"lr0.0003,wd0.01",5,"lr=1e-04, wd=0.0",-3.9677,7
[64],50,"lr0.0003,wd0.01",6,"lr=1e-04, wd=0.01",-3.9576,8
[64],50,"lr0.0003,wd0.01",12,"lr=0.003, wd=0.01",-3.869,9
[64],50,"lr0.0003,wd0.01",11,"lr=0.003, wd=0.0",-3.8573,10
[64],50,"lr0.0003,wd0.01",9,"lr=0.001, wd=0.0",-3.7308,11
[64],50,"lr0.0003,wd0.01",7,"lr=3e-04, wd=0.0",-3.7107,12
[64],50,"lr0.001,wd0.0",12,"lr=0.003, wd=0.01",-2.7559,1
[64],50,"lr0.001,wd0.0",10,"lr=0.001, wd=0.01",-2.7338,2
[64],50,"lr0.001,wd0.0",11,"lr=0.003, wd=0.0",-2.6855,3
[64],50,"lr0.001,wd0.0",9,"lr=0.001, wd=0.0",-2.6165,4
[64],50,"lr0.001,wd0.0",8,"lr=3e-04, wd=0.01",-2.5545,5
[64],50,"lr0.001,wd0.0",5,"lr=1e-04, wd=0.0",-2.3532,6
[64],50,"lr0.001,wd0.0",6,"lr=1e-04, wd=0.01",-2.3349,7
[64],50,"lr0.001,wd0.0",2,"lr=1e-05, wd=0.01",-2.0396,8
[64],50,"lr0.001,wd0.0",4,"lr=3e-05, wd=0.01",-2.0355,9
[64],50,"lr0.001,wd0.0",3,"lr=3e-05, wd=0.0",-2.0257,10
[64],50,"lr0.001,wd0.0",1,"lr=1e-05, wd=0.0",-2.0255,11
[64],50,"lr0.001,wd0.0",7,"lr=3e-04, wd=0.0",-1.2666,12
[64],50,"lr0.001,wd0.01",12,"lr=0.003, wd=0.01",-3.8302,1
[64],50,"lr0.001,wd0.01",10,"lr=0.001, wd=0.01",-3.7652,2
[64],50,"lr0.001,wd0.01",2,"lr=1e-05, wd=0.01",-3.331,3
[64],50,"lr0.001,wd0.01",1,"lr=1e-05, wd=0.0",-3.3243,4
[64],50,"lr0.001,wd0.01",3,"lr=3e-05, wd=0.0",-3.13,5
[64],50,"lr0.001,wd0.01",4,"lr=3e-05, wd=0.01",-3.0159,6
[64],50,"lr0.001,wd0.01",5,"lr=1e-04, wd=0.0",-2.9117,7
[64],50,"lr0.001,wd0.01",8,"lr=3e-04, wd=0.01",-2.5952,8
[64],50,"lr0.001,wd0.01",9,"lr=0.001, wd=0.0",-2.5936,9
[64],50,"lr0.001,wd0.01",7,"lr=3e-04, wd=0.0",-2.5631,10
[64],50,"lr0.001,wd0.01",6,"lr=1e-04, wd=0.01",-2.5478,11
[64],50,"lr0.001,wd0.01",11,"lr=0.003, wd=0.0",-2.2866,12
[64],50,"lr0.003,wd0.0",9,"lr=0.001, wd=0.0",-3.5496,1
[64],50,"lr0.003,wd0.0",5,"lr=1e-04, wd=0.0",-3.1114,2
[64],50,"lr0.003,wd0.0",7,"lr=3e-04, wd=0.0",-3.0827,3
[64],50,"lr0.003,wd0.0",4,"lr=3e-05, wd=0.01",-3.0712,4
[64],50,"lr0.003,wd0.0",1,"lr=1e-05, wd=0.0",-3.0347,5
[64],50,"lr0.003,wd0.0",2,"lr=1e-05, wd=0.01",-3.0276,6
[64],50,"lr0.003,wd0.0",3,"lr=3e-05, wd=0.0",-2.9992,7
[64],50,"lr0.003,wd0.0",6,"lr=1e-04, wd=0.01",-2.7503,8
[64],50,"lr0.003,wd0.0",11,"lr=0.003, wd=0.0",-2.3897,9
[64],50,"lr0.003,wd0.0",12,"lr=0.003, wd=0.01",-2.2747,10
[64],50,"lr0.003,wd0.0",10,"lr=0.001, wd=0.01",-1.9211,11
[64],50,"lr0.003,wd0.0",8,"lr=3e-04, wd=0.01",-1.3293,12
[64],50,"lr0.003,wd0.01",12,"lr=0.003, wd=0.01",-3.7996,1
[64],50,"lr0.003,wd0.01",1,"lr=1e-05, wd=0.0",-2.849,2
[64],50,"lr0.003,wd0.01",2,"lr=1e-05, wd=0.01",-2.8214,3
[64],50,"lr0.003,wd0.01",10,"lr=0.001, wd=0.01",-2.0944,4
[64],50,"lr0.003,wd0.01",5,"lr=1e-04, wd=0.0",-1.8577,5
[64],50,"lr0.003,wd0.01",7,"lr=3e-04, wd=0.0",-1.7928,6
[64],50,"lr0.003,wd0.01",3,"lr=3e-05, wd=0.0",-1.7684,7
[64],50,"lr0.003,wd0.01",9,"lr=0.001, wd=0.0",-1.5589,8
[64],50,"lr0.003,wd0.01",4,"lr=3e-05, wd=0.01",-1.3665,9
[64],50,"lr0.003,wd0.01",8,"lr=3e-04, wd=0.01",-1.2386,10
[64],50,"lr0.003,wd0.01",6,"lr=1e-04, wd=0.01",-1.149,11
[64],50,"lr0.003,wd0.01",11,"lr=0.003, wd=0.0",-1.0889,12
[64],90,"lr1e-05,wd0.0",3,"lr=3e-05, wd=0.0",-4.2054,1
[64],90,"lr1e-05,wd0.0",4,"lr=3e-05, wd=0.01",-4.1985,2
[64],90,"lr1e-05,wd0.0",5,"lr=1e-04, wd=0.0",-4.1855,3
[64],90,"lr1e-05,wd0.0",6,"lr=1e-04, wd=0.01",-4.1822,4
[64],90,"lr1e-05,wd0.0",2,"lr=1e-05, wd=0.01",-4.1716,5
[64],90,"lr1e-05,wd0.0",1,"lr=1e-05, wd=0.0",-4.1515,6
[64],90,"lr1e-05,wd0.0",11,"lr=0.003, wd=0.0",-4.1496,7
[64],90,"lr1e-05,wd0.0",7,"lr=3e-04, wd=0.0",-4.1482,8
[64],90,"lr1e-05,wd0.0",8,"lr=3e-04, wd=0.01",-4.1441,9
[64],90,"lr1e-05,wd0.0",9,"lr=0.001, wd=0.0",-4.1242,10
[64],90,"lr1e-05,wd0.0",10,"lr=0.001, wd=0.01",-4.1055,11
[64],90,"lr1e-05,wd0.0",12,"lr=0.003, wd=0.01",-4.0989,12
[64],90,"lr1e-05,wd0.01",4,"lr=3e-05, wd=0.01",-4.2365,1
[64],90,"lr1e-05,wd0.01",5,"lr=1e-04, wd=0.0",-4.2289,2
[64],90,"lr1e-05,wd0.01",6,"lr=1e-04, wd=0.01",-4.2286,3
[64],90,"lr1e-05,wd0.01",1,"lr=1e-05, wd=0.0",-4.2243,4
[64],90,"lr1e-05,wd0.01",3,"lr=3e-05, wd=0.0",-4.2237,5
[64],90,"lr1e-05,wd0.01",8,"lr=3e-04, wd=0.01",-4.2139,6
[64],90,"lr1e-05,wd0.01",7,"lr=3e-04, wd=0.0",-4.2099,7
[64],90,"lr1e-05,wd0.01",11,"lr=0.003, wd=0.0",-4.2028,8
[64],90,"lr1e-05,wd0.01",10,"lr=0.001, wd=0.01",-4.1856,9
[64],90,"lr1e-05,wd0.01",2,"lr=1e-05, wd=0.01",-4.1834,10
[64],90,"lr1e-05,wd0.01",9,"lr=0.001, wd=0.0",-4.1803,11
[64],90,"lr1e-05,wd0.01",12,"lr=0.003, wd=0.01",-4.1584,12
[64],90,"lr3e-05,wd0.0",3,"lr=3e-05, wd=0.0",-4.1799,1
[64],90,"lr3e-05,wd0.0",6,"lr=1e-04, wd=0.01",-4.1716,2
[64],90,"lr3e-05,wd0.0",8,"lr=3e-04, wd=0.01",-4.1521,3
[64],90,"lr3e-05,wd0.0",11,"lr=0.003, wd=0.0",-4.1447,4
[64],90,"lr3e-05,wd0.0",7,"lr=3e-04, wd=0.0",-4.1374,5
[64],90,"lr3e-05,wd0.0",5,"lr=1e-04, wd=0.0",-4.1346,6
[64],90,"lr3e-05,wd0.0",10,"lr=0.001, wd=0.01",-4.1225,7
[64],90,"lr3e-05,wd0.0",9,"lr=0.001, wd=0.0",-4.1202,8
[64],90,"lr3e-05,wd0.0",1,"lr=1e-05, wd=0.0",-4.1078,9
[64],90,"lr3e-05,wd0.0",4,"lr=3e-05, wd=0.01",-4.1049,10
[64],90,"lr3e-05,wd0.0",12,"lr=0.003, wd=0.01",-4.1029,11
[64],90,"lr3e-05,wd0.0",2,"lr=1e-05, wd=0.01",-4.0872,12
[64],90,"lr3e-05,wd0.01",4,"lr=3e-05, wd=0.01",-4.2021,1
[64],90,"lr3e-05,wd0.01",6,"lr=1e-04, wd=0.01",-4.1968,2
[64],90,"lr3e-05,wd0.01",8,"lr=3e-04, wd=0.01",-4.1941,3
[64],90,"lr3e-05,wd0.01",5,"lr=1e-04, wd=0.0",-4.1862,4
[64],90,"lr3e-05,wd0.01",7,"lr=3e-04, wd=0.0",-4.1854,5
[64],90,"lr3e-05,wd0.01",11,"lr=0.003, wd=0.0",-4.1818,6
[64],90,"lr3e-05,wd0.01",2,"lr=1e-05, wd=0.01",-4.1794,7
[64],90,"lr3e-05,wd0.01",9,"lr=0.001, wd=0.0",-4.1739,8
[64],90,"lr3e-05,wd0.01",3,"lr=3e-05, wd=0.0",-4.1729,9
[64],90,"lr3e-05,wd0.01",1,"lr=1e-05, wd=0.0",-4.1622,10
[64],90,"lr3e-05,wd0.01",10,"lr=0.001, wd=0.01",-4.1614,11
[64],90,"lr3e-05,wd0.01",12,"lr=0.003, wd=0.01",-4.1261,12
[64],90,"lr0.0001,wd0.0",7,"lr=3e-04, wd=0.0",-4.1452,1
[64],90,"lr0.0001,wd0.0",9,"lr=0.001, wd=0.0",-4.0387,2
[64],90,"lr0.0001,wd0.0",11,"lr=0.003, wd=0.0",-4.0288,3
[64],90,"lr0.0001,wd0.0",5,"lr=1e-04, wd=0.0",-3.7601,4
[64],90,"lr0.0001,wd0.0",8,"lr=3e-04, wd=0.01",-3.6692,5
[64],90,"lr0.0001,wd0.0",6,"lr=1e-04, wd=0.01",-3.6656,6
[64],90,"lr0.0001,wd0.0",12,"lr=0.003, wd=0.01",-3.5782,7
[64],90,"lr0.0001,wd0.0",10,"lr=0.001, wd=0.01",-3.5648,8
[64],90,"lr0.0001,wd0.0",1,"lr=1e-05, wd=0.0",-3.4115,9
[64],90,"lr0.0001,wd0.0",2,"lr=1e-05, wd=0.01",-3.3973,10
[64],90,"lr0.0001,wd0.0",4,"lr=3e-05, wd=0.01",-3.3479,11
[64],90,"lr0.0001,wd0.0",3,"lr=3e-05, wd=0.0",-3.2136,12
[64],90,"lr0.0001,wd0.01",8,"lr=3e-04, wd=0.01",-4.2251,1
[64],90,"lr0.0001,wd0.01",10,"lr=0.001, wd=0.01",-4.2021,2
[64],90,"lr0.0001,wd0.01",4,"lr=3e-05, wd=0.01",-4.1962,3
[64],90,"lr0.0001,wd0.01",5,"lr=1e-04, wd=0.0",-4.1818,4
[64],90,"lr0.0001,wd0.01",12,"lr=0.003, wd=0.01",-4.176,5
[64],90,"lr0.0001,wd0.01",3,"lr=3e-05, wd=0.0",-4.1758,6
[64],90,"lr0.0001,wd0.01",2,"lr=1e-05, wd=0.01",-4.175,7
[64],90,"lr0.0001,wd0.01",6,"lr=1e-04, wd=0.01",-4.1692,8
[64],90,"lr0.0001,wd0.01",1,"lr=1e-05, wd=0.0",-4.1683,9
[64],90,"lr0.0001,wd0.01",11,"lr=0.003, wd=0.0",-4.158,10
[64],90,"lr0.0001,wd0.01",7,"lr=3e-04, wd=0.0",-4.154,11
[64],90,"lr0.0001,wd0.01",9,"lr=0.001, wd=0.0",-4.1478,12
[64],90,"lr0.0003,wd0.0",11,"lr=0.003, wd=0.0",-3.952,1
[64],90,"lr0.0003,wd0.0",9,"lr=0.001, wd=0.0",-3.8134,2
[64],90,"lr0.0003,wd0.0",1,"lr=1e-05, wd=0.0",-3.5208,3
[64],90,"lr0.0003,wd0.0",3,"lr=3e-05, wd=0.0",-3.5065,4
[64],90,"lr0.0003,wd0.0",2,"lr=1e-05, wd=0.01",-3.5001,5
[64],90,"lr0.0003,wd0.0",4,"lr=3e-05, wd=0.01",-3.4861,6
[64],90,"lr0.0003,wd0.0",12,"lr=0.003, wd=0.01",-3.429,7
[64],90,"lr0.0003,wd0.0",5,"lr=1e-04, wd=0.0",-3.4175,8
[64],90,"lr0.0003,wd0.0",10,"lr=0.001, wd=0.01",-3.1991,9
[64],90,"lr0.0003,wd0.0",6,"lr=1e-04, wd=0.01",-3.179,10
[64],90,"lr0.0003,wd0.0",7,"lr=3e-04, wd=0.0",-3.1135,11
[64],90,"lr0.0003,wd0.0",8,"lr=3e-04, wd=0.01",-3.0693,12
[64],90,"lr0.0003,wd0.01",10,"lr=0.001, wd=0.01",-4.1884,1
[64],90,"lr0.0003,wd0.01",12,"lr=0.003, wd=0.01",-4.1615,2
[64],90,"lr0.0003,wd0.01",2,"lr=1e-05, wd=0.01",-4.1303,3
[64],90,"lr0.0003,wd0.01",1,"lr=1e-05, wd=0.0",-4.1211,4
[64],90,"lr0.0003,wd0.01",4,"lr=3e-05, wd=0.01",-4.106,5
[64],90,"lr0.0003,wd0.01",8,"lr=3e-04, wd=0.01",-4.0812,6
[64],90,"lr0.0003,wd0.01",3,"lr=3e-05, wd=0.0",-4.0715,7
[64],90,"lr0.0003,wd0.01",5,"lr=1e-04, wd=0.0",-4.0289,8
[64],90,"lr0.0003,wd0.01",11,"lr=0.003, wd=0.0",-3.9696,9
[64],90,"lr0.0003,wd0.01",9,"lr=0.001, wd=0.0",-3.9689,10
[64],90,"lr0.0003,wd0.01",6,"lr=1e-04, wd=0.01",-3.9629,11
[64],90,"lr0.0003,wd0.01",7,"lr=3e-04, wd=0.0",-3.9364,12
[64],90,"lr0.001,wd0.0",11,"lr=0.003, wd=0.0",-3.5947,1
[64],90,"lr0.001,wd0.0",3,"lr=3e-05, wd=0.0",-3.3044,2
[64],90,"lr0.001,wd0.0",4,"lr=3e-05, wd=0.01",-3.2844,3
[64],90,"lr0.001,wd0.0",5,"lr=1e-04, wd=0.0",-3.2698,4
[64],90,"lr0.001,wd0.0",1,"lr=1e-05, wd=0.0",-3.2197,5
[64],90,"lr0.001,wd0.0",12,"lr=0.003, wd=0.01",-3.217,6
[64],90,"lr0.001,wd0.0",2,"lr=1e-05, wd=0.01",-3.2073,7
[64],90,"lr0.001,wd0.0",6,"lr=1e-04, wd=0.01",-3.1787,8
[64],90,"lr0.001,wd0.0",8,"lr=3e-04, wd=0.01",-3.0107,9
[64],90,"lr0.001,wd0.0",7,"lr=3e-04, wd=0.0",-2.9449,10
[64],90,"lr0.001,wd0.0",10,"lr=0.001, wd=0.01",-2.9406,11
[64],90,"lr0.001,wd0.0",9,"lr=0.001, wd=0.0",-2.8754,12
[64],90,"lr0.001,wd0.01",12,"lr=0.003, wd=0.01",-4.0058,1
[64],90,"lr0.001,wd0.01",2,"lr=1e-05, wd=0.01",-3.9544,2
[64],90,"lr0.001,wd0.01",1,"lr=1e-05, wd=0.0",-3.9179,3
[64],90,"lr0.001,wd0.01",10,"lr=0.001, wd=0.01",-3.8993,4
[64],90,"lr0.001,wd0.01",4,"lr=3e-05, wd=0.01",-3.8805,5
[64],90,"lr0.001,wd0.01",3,"lr=3e-05, wd=0.0",-3.7939,6
[64],90,"lr0.001,wd0.01",11,"lr=0.003, wd=0.0",-3.7548,7
[64],90,"lr0.001,wd0.01",5,"lr=1e-04, wd=0.0",-3.743,8
[64],90,"lr0.001,wd0.01",7,"lr=3e-04, wd=0.0",-3.7351,9
[64],90,"lr0.001,wd0.01",9,"lr=0.001, wd=0.0",-3.6873,10
[64],90,"lr0.001,wd0.01",8,"lr=3e-04, wd=0.01",-3.406,11
[64],90,"lr0.001,wd0.01",6,"lr=1e-04, wd=0.01",-3.3939,12
[64],90,"lr0.003,wd0.0",9,"lr=0.001, wd=0.0",-3.6014,1
[64],90,"lr0.003,wd0.0",7,"lr=3e-04, wd=0.0",-3.5417,2
[64],90,"lr0.003,wd0.0",12,"lr=0.003, wd=0.01",-3.4049,3
[64],90,"lr0.003,wd0.0",11,"lr=0.003, wd=0.0",-3.3294,4
[64],90,"lr0.003,wd0.0",8,"lr=3e-04, wd=0.01",-3.2138,5
[64],90,"lr0.003,wd0.0",5,"lr=1e-04, wd=0.0",-3.1967,6
[64],90,"lr0.003,wd0.0",10,"lr=0.001, wd=0.01",-3.1739,7
[64],90,"lr0.003,wd0.0",2,"lr=1e-05, wd=0.01",-3.1442,8
[64],90,"lr0.003,wd0.0",1,"lr=1e-05, wd=0.0",-3.1201,9
[64],90,"lr0.003,wd0.0",6,"lr=1e-04, wd=0.01",-3.0941,10
[64],90,"lr0.003,wd0.0",4,"lr=3e-05, wd=0.01",-3.0168,11
[64],90,"lr0.003,wd0.0",3,"lr=3e-05, wd=0.0",-2.9535,12
[64],90,"lr0.003,wd0.01",12,"lr=0.003, wd=0.01",-3.6401,1
[64],90,"lr0.003,wd0.01",7,"lr=3e-04, wd=0.0",-3.5712,2
[64],90,"lr0.003,wd0.01",5,"lr=1e-04, wd=0.0",-3.5552,3
[64],90,"lr0.003,wd0.01",9,"lr=0.001, wd=0.0",-3.4699,4
[64],90,"lr0.003,wd0.01",2,"lr=1e-05, wd=0.01",-3.4237,5
[64],90,"lr0.003,wd0.01",11,"lr=0.003, wd=0.0",-3.3923,6
[64],90,"lr0.003,wd0.01",8,"lr=3e-04, wd=0.01",-3.3471,7
[64],90,"lr0.003,wd0.01",6,"lr=1e-04, wd=0.01",-3.3111,8
[64],90,"lr0.003,wd0.01",1,"lr=1e-05, wd=0.0",-3.2775,9
[64],90,"lr0.003,wd0.01",10,"lr=0.001, wd=0.01",-3.2129,10
[64],90,"lr0.003,wd0.01",4,"lr=3e-05, wd=0.01",-3.1359,11
[64],90,"lr0.003,wd0.01",3,"lr=3e-05, wd=0.0",-3.1189,12
