scale,source_config,source_hp,epoch,target_hp,target_hp_short,nll,mse
[8],1,"lr=1e-05, wd=0.0",0,layer4_lr1e-05_hd128_wd0.0_cosine,"lr1e-05,wd0.0",181966628377.55136,0.3639332567808959
[8],1,"lr=1e-05, wd=0.0",0,layer4_lr1e-05_hd128_wd0.01_cosine,"lr1e-05,wd0.01",148813970921.34174,0.29762794186847663
[8],1,"lr=1e-05, wd=0.0",0,layer4_lr3e-05_hd128_wd0.0_cosine,"lr3e-05,wd0.0",216464875430.87155,0.43292975088753627
[8],1,"lr=1e-05, wd=0.0",0,layer4_lr3e-05_hd128_wd0.01_cosine,"lr3e-05,wd0.01",174007572983.67575,0.34801514599314465
[8],1,"lr=1e-05, wd=0.0",0,layer4_lr0.0001_hd128_wd0.0_cosine,"lr0.0001,wd0.0",196749861417.90536,0.3934997228616039
[8],1,"lr=1e-05, wd=0.0",0,layer4_lr0.0001_hd128_wd0.01_cosine,"lr0.0001,wd0.01",190023497135.4917,0.3800469942967765
[8],1,"lr=1e-05, wd=0.0",0,layer4_lr0.0003_hd128_wd0.0_cosine,"lr0.0003,wd0.0",154162818519.82007,0.3083256370654333
[8],1,"lr=1e-05, wd=0.0",0,layer4_lr0.0003_hd128_wd0.01_cosine,"lr0.0003,wd0.01",191211308847.9309,0.382422617721655
[8],1,"lr=1e-05, wd=0.0",0,layer4_lr0.001_hd128_wd0.0_cosine,"lr0.001,wd0.0",133326920884.44762,0.2666538417946884
[8],1,"lr=1e-05, wd=0.0",0,layer4_lr0.001_hd128_wd0.01_cosine,"lr0.001,wd0.01",181551817292.54507,0.3631036346108833
[8],1,"lr=1e-05, wd=0.0",0,layer4_lr0.003_hd128_wd0.0_cosine,"lr0.003,wd0.0",133748684845.50592,0.267497369716805
[8],1,"lr=1e-05, wd=0.0",0,layer4_lr0.003_hd128_wd0.01_cosine,"lr0.003,wd0.01",165433890093.4504,0.330867780212694
[8],1,"lr=1e-05, wd=0.0",5,layer4_lr1e-05_hd128_wd0.0_cosine,"lr1e-05,wd0.0",11897595404.066238,0.02379519083392562
[8],1,"lr=1e-05, wd=0.0",5,layer4_lr1e-05_hd128_wd0.01_cosine,"lr1e-05,wd0.01",6063606101.320832,0.01212721222843481
[8],1,"lr=1e-05, wd=0.0",5,layer4_lr3e-05_hd128_wd0.0_cosine,"lr3e-05,wd0.0",492063280.6325835,0.0009841265870583111
[8],1,"lr=1e-05, wd=0.0",5,layer4_lr3e-05_hd128_wd0.01_cosine,"lr3e-05,wd0.01",356341283.7478724,0.0007126825932888889
[8],1,"lr=1e-05, wd=0.0",5,layer4_lr0.0001_hd128_wd0.0_cosine,"lr0.0001,wd0.0",2346515147.2974033,0.0046930303203879505
[8],1,"lr=1e-05, wd=0.0",5,layer4_lr0.0001_hd128_wd0.01_cosine,"lr0.0001,wd0.01",4660662.299709375,9.3213503925628e-06
[8],1,"lr=1e-05, wd=0.0",5,layer4_lr0.0003_hd128_wd0.0_cosine,"lr0.0003,wd0.0",15191565390.899403,0.03038313080759195
[8],1,"lr=1e-05, wd=0.0",5,layer4_lr0.0003_hd128_wd0.01_cosine,"lr0.0003,wd0.01",71651306.45058529,0.00014330263869431463
[8],1,"lr=1e-05, wd=0.0",5,layer4_lr0.001_hd128_wd0.0_cosine,"lr0.001,wd0.0",22810133595.707256,0.045620267217207654
[8],1,"lr=1e-05, wd=0.0",5,layer4_lr0.001_hd128_wd0.01_cosine,"lr0.001,wd0.01",854711979.711372,0.001709423985215888
[8],1,"lr=1e-05, wd=0.0",5,layer4_lr0.003_hd128_wd0.0_cosine,"lr0.003,wd0.0",24645285517.92505,0.04929057106164324
[8],1,"lr=1e-05, wd=0.0",5,layer4_lr0.003_hd128_wd0.01_cosine,"lr0.003,wd0.01",12136033181.803894,0.024272066389400934
[8],1,"lr=1e-05, wd=0.0",10,layer4_lr1e-05_hd128_wd0.0_cosine,"lr1e-05,wd0.0",1897167778.808845,0.003794335583410834
[8],1,"lr=1e-05, wd=0.0",10,layer4_lr1e-05_hd128_wd0.01_cosine,"lr1e-05,wd0.01",1961145026.3630996,0.003922290078519343
[8],1,"lr=1e-05, wd=0.0",10,layer4_lr3e-05_hd128_wd0.0_cosine,"lr3e-05,wd0.0",75785212.06285003,0.0001515704499188441
[8],1,"lr=1e-05, wd=0.0",10,layer4_lr3e-05_hd128_wd0.01_cosine,"lr3e-05,wd0.01",149980167.50823775,0.00029996036080961954
[8],1,"lr=1e-05, wd=0.0",10,layer4_lr0.0001_hd128_wd0.0_cosine,"lr0.0001,wd0.0",4574588013.954219,0.009149176053701582
[8],1,"lr=1e-05, wd=0.0",10,layer4_lr0.0001_hd128_wd0.01_cosine,"lr0.0001,wd0.01",600838536.7335527,0.0012016770992602493
[8],1,"lr=1e-05, wd=0.0",10,layer4_lr0.0003_hd128_wd0.0_cosine,"lr0.0003,wd0.0",17103213229.640158,0.03420642648507346
[8],1,"lr=1e-05, wd=0.0",10,layer4_lr0.0003_hd128_wd0.01_cosine,"lr0.0003,wd0.01",740929149.2365329,0.0014818583242662098
[8],1,"lr=1e-05, wd=0.0",10,layer4_lr0.001_hd128_wd0.0_cosine,"lr0.001,wd0.0",15618124967.452717,0.031236249960698577
[8],1,"lr=1e-05, wd=0.0",10,layer4_lr0.001_hd128_wd0.01_cosine,"lr0.001,wd0.01",403722134.5441956,0.0008074442948815352
[8],1,"lr=1e-05, wd=0.0",10,layer4_lr0.003_hd128_wd0.0_cosine,"lr0.003,wd0.0",8025436667.518509,0.01605087336083016
[8],1,"lr=1e-05, wd=0.0",10,layer4_lr0.003_hd128_wd0.01_cosine,"lr0.003,wd0.01",299006803.4258126,0.0005980136326447694
[8],1,"lr=1e-05, wd=0.0",20,layer4_lr1e-05_hd128_wd0.0_cosine,"lr1e-05,wd0.0",166994433.22550076,0.00033398889224414555
[8],1,"lr=1e-05, wd=0.0",20,layer4_lr1e-05_hd128_wd0.01_cosine,"lr1e-05,wd0.01",613944659.9819809,0.001227889345757106
[8],1,"lr=1e-05, wd=0.0",20,layer4_lr3e-05_hd128_wd0.0_cosine,"lr3e-05,wd0.0",367494875.85542643,0.000734989777503997
[8],1,"lr=1e-05, wd=0.0",20,layer4_lr3e-05_hd128_wd0.01_cosine,"lr3e-05,wd0.01",8303862.387661823,1.6607750568467694e-05
[8],1,"lr=1e-05, wd=0.0",20,layer4_lr0.0001_hd128_wd0.0_cosine,"lr0.0001,wd0.0",4335789588.404591,0.008671579202602326
[8],1,"lr=1e-05, wd=0.0",20,layer4_lr0.0001_hd128_wd0.01_cosine,"lr0.0001,wd0.01",432751447.6956639,0.0008655029211844719
[8],1,"lr=1e-05, wd=0.0",20,layer4_lr0.0003_hd128_wd0.0_cosine,"lr0.0003,wd0.0",10077921103.74376,0.020155842233280662
[8],1,"lr=1e-05, wd=0.0",20,layer4_lr0.0003_hd128_wd0.01_cosine,"lr0.0003,wd0.01",404595320.4282411,0.0008091906666496262
[8],1,"lr=1e-05, wd=0.0",20,layer4_lr0.001_hd128_wd0.0_cosine,"lr0.001,wd0.0",12056605617.96386,0.024113211261720863
[8],1,"lr=1e-05, wd=0.0",20,layer4_lr0.001_hd128_wd0.01_cosine,"lr0.001,wd0.01",167747929.00065026,0.0003354958837944446
[8],1,"lr=1e-05, wd=0.0",20,layer4_lr0.003_hd128_wd0.0_cosine,"lr0.003,wd0.0",7524315707.834605,0.015048631441462354
[8],1,"lr=1e-05, wd=0.0",20,layer4_lr0.003_hd128_wd0.01_cosine,"lr0.003,wd0.01",6652150822.762238,0.013304301671317619
[8],1,"lr=1e-05, wd=0.0",50,layer4_lr1e-05_hd128_wd0.0_cosine,"lr1e-05,wd0.0",19587501.712922405,3.917502921898886e-05
[8],1,"lr=1e-05, wd=0.0",50,layer4_lr1e-05_hd128_wd0.01_cosine,"lr1e-05,wd0.01",1834978.9623212751,3.6699837177866e-06
[8],1,"lr=1e-05, wd=0.0",50,layer4_lr3e-05_hd128_wd0.0_cosine,"lr3e-05,wd0.0",49564121.55325475,9.912826889965355e-05
[8],1,"lr=1e-05, wd=0.0",50,layer4_lr3e-05_hd128_wd0.01_cosine,"lr3e-05,wd0.01",17613023.918866754,3.522607363087756e-05
[8],1,"lr=1e-05, wd=0.0",50,layer4_lr0.0001_hd128_wd0.0_cosine,"lr0.0001,wd0.0",545354181.0197433,0.0010907083878326307
[8],1,"lr=1e-05, wd=0.0",50,layer4_lr0.0001_hd128_wd0.01_cosine,"lr0.0001,wd0.01",842131.9090154347,1.6842896111749189e-06
[8],1,"lr=1e-05, wd=0.0",50,layer4_lr0.0003_hd128_wd0.0_cosine,"lr0.0003,wd0.0",1551894420.2388842,0.0031037888662709128
[8],1,"lr=1e-05, wd=0.0",50,layer4_lr0.0003_hd128_wd0.01_cosine,"lr0.0003,wd0.01",82611.00131257917,1.6524779576920787e-07
[8],1,"lr=1e-05, wd=0.0",50,layer4_lr0.001_hd128_wd0.0_cosine,"lr0.001,wd0.0",646522753.9713231,0.0012930455337357902
[8],1,"lr=1e-05, wd=0.0",50,layer4_lr0.001_hd128_wd0.01_cosine,"lr0.001,wd0.01",1256507451.0658944,0.002513014927924933
[8],1,"lr=1e-05, wd=0.0",50,layer4_lr0.003_hd128_wd0.0_cosine,"lr0.003,wd0.0",2683841071.473193,0.0053676821687395305
[8],1,"lr=1e-05, wd=0.0",50,layer4_lr0.003_hd128_wd0.01_cosine,"lr0.003,wd0.01",4483825373.1247015,0.008967650772042547
[8],1,"lr=1e-05, wd=0.0",90,layer4_lr1e-05_hd128_wd0.0_cosine,"lr1e-05,wd0.0",43319782.92277408,8.66395916386922e-05
[8],1,"lr=1e-05, wd=0.0",90,layer4_lr1e-05_hd128_wd0.01_cosine,"lr1e-05,wd0.01",9095410.003457794,1.819084580005964e-05
[8],1,"lr=1e-05, wd=0.0",90,layer4_lr3e-05_hd128_wd0.0_cosine,"lr3e-05,wd0.0",18931555.286474183,3.7863136366092416e-05
[8],1,"lr=1e-05, wd=0.0",90,layer4_lr3e-05_hd128_wd0.01_cosine,"lr3e-05,wd0.01",4880081.260449077,9.760188314042202e-06
[8],1,"lr=1e-05, wd=0.0",90,layer4_lr0.0001_hd128_wd0.0_cosine,"lr0.0001,wd0.0",17880190.567641042,3.576040692842613e-05
[8],1,"lr=1e-05, wd=0.0",90,layer4_lr0.0001_hd128_wd0.01_cosine,"lr0.0001,wd0.01",13727509.161358735,2.7455044115861518e-05
[8],1,"lr=1e-05, wd=0.0",90,layer4_lr0.0003_hd128_wd0.0_cosine,"lr0.0003,wd0.0",57315236.380781405,0.00011463049855470686
[8],1,"lr=1e-05, wd=0.0",90,layer4_lr0.0003_hd128_wd0.01_cosine,"lr0.0003,wd0.01",701244.0793630951,1.4025139518702398e-06
[8],1,"lr=1e-05, wd=0.0",90,layer4_lr0.001_hd128_wd0.0_cosine,"lr0.001,wd0.0",668449626.0465711,0.0013368992778862861
[8],1,"lr=1e-05, wd=0.0",90,layer4_lr0.001_hd128_wd0.01_cosine,"lr0.001,wd0.01",22092549.129984714,4.4185124053113476e-05
[8],1,"lr=1e-05, wd=0.0",90,layer4_lr0.003_hd128_wd0.0_cosine,"lr0.003,wd0.0",492525815.31489605,0.0009850516564229362
[8],1,"lr=1e-05, wd=0.0",90,layer4_lr0.003_hd128_wd0.01_cosine,"lr0.003,wd0.01",50142116.06239985,0.00010028425791794375
[8],2,"lr=1e-05, wd=0.01",0,layer4_lr1e-05_hd128_wd0.0_cosine,"lr1e-05,wd0.0",198250718179.0355,0.39650143638386415
[8],2,"lr=1e-05, wd=0.01",0,layer4_lr1e-05_hd128_wd0.01_cosine,"lr1e-05,wd0.01",165484497891.32925,0.3309689958084517
[8],2,"lr=1e-05, wd=0.01",0,layer4_lr3e-05_hd128_wd0.0_cosine,"lr3e-05,wd0.0",233347397718.495,0.46669479546278314
[8],2,"lr=1e-05, wd=0.01",0,layer4_lr3e-05_hd128_wd0.01_cosine,"lr3e-05,wd0.01",191127545967.85492,0.382255091961503
[8],2,"lr=1e-05, wd=0.01",0,layer4_lr0.0001_hd128_wd0.0_cosine,"lr0.0001,wd0.0",212025176680.93912,0.4240503533876714
[8],2,"lr=1e-05, wd=0.01",0,layer4_lr0.0001_hd128_wd0.01_cosine,"lr0.0001,wd0.01",206749723625.5846,0.41349944727696236
[8],2,"lr=1e-05, wd=0.01",0,layer4_lr0.0003_hd128_wd0.0_cosine,"lr0.0003,wd0.0",167060442467.07574,0.33412088495994463
[8],2,"lr=1e-05, wd=0.01",0,layer4_lr0.0003_hd128_wd0.01_cosine,"lr0.0003,wd0.01",206984362634.13492,0.413968725294063
[8],2,"lr=1e-05, wd=0.01",0,layer4_lr0.001_hd128_wd0.0_cosine,"lr0.001,wd0.0",144542198484.21048,0.2890843969942141
[8],2,"lr=1e-05, wd=0.01",0,layer4_lr0.001_hd128_wd0.01_cosine,"lr0.001,wd0.01",195747955557.7449,0.39149591114128296
[8],2,"lr=1e-05, wd=0.01",0,layer4_lr0.003_hd128_wd0.0_cosine,"lr0.003,wd0.0",144013729130.881,0.28802745828755516
[8],2,"lr=1e-05, wd=0.01",0,layer4_lr0.003_hd128_wd0.01_cosine,"lr0.003,wd0.01",177695766406.31915,0.35539153283843145
[8],2,"lr=1e-05, wd=0.01",5,layer4_lr1e-05_hd128_wd0.0_cosine,"lr1e-05,wd0.0",11760149199.868517,0.02352029842553018
[8],2,"lr=1e-05, wd=0.01",5,layer4_lr1e-05_hd128_wd0.01_cosine,"lr1e-05,wd0.01",6027649871.377264,0.012055299768547672
[8],2,"lr=1e-05, wd=0.01",5,layer4_lr3e-05_hd128_wd0.0_cosine,"lr3e-05,wd0.0",481164034.396066,0.0009623280945852761
[8],2,"lr=1e-05, wd=0.01",5,layer4_lr3e-05_hd128_wd0.01_cosine,"lr3e-05,wd0.01",325639383.8965796,0.0006512787935863034
[8],2,"lr=1e-05, wd=0.01",5,layer4_lr0.0001_hd128_wd0.0_cosine,"lr0.0001,wd0.0",2291554279.18017,0.004583108584153484
[8],2,"lr=1e-05, wd=0.01",5,layer4_lr0.0001_hd128_wd0.01_cosine,"lr0.0001,wd0.01",5845345.965547332,1.1690717724238713e-05
[8],2,"lr=1e-05, wd=0.01",5,layer4_lr0.0003_hd128_wd0.0_cosine,"lr0.0003,wd0.0",15038178085.550768,0.03007635619689468
[8],2,"lr=1e-05, wd=0.01",5,layer4_lr0.0003_hd128_wd0.01_cosine,"lr0.0003,wd0.01",58737930.81469186,0.00011747588742252776
[8],2,"lr=1e-05, wd=0.01",5,layer4_lr0.001_hd128_wd0.0_cosine,"lr0.001,wd0.0",22512607686.41337,0.04502521539861988
[8],2,"lr=1e-05, wd=0.01",5,layer4_lr0.001_hd128_wd0.01_cosine,"lr0.001,wd0.01",719050241.9286777,0.0014381005096504994
[8],2,"lr=1e-05, wd=0.01",5,layer4_lr0.003_hd128_wd0.0_cosine,"lr0.003,wd0.0",24629167818.45648,0.0492583356627061
[8],2,"lr=1e-05, wd=0.01",5,layer4_lr0.003_hd128_wd0.01_cosine,"lr0.003,wd0.01",12020952235.061348,0.02404190449591584
[8],2,"lr=1e-05, wd=0.01",10,layer4_lr1e-05_hd128_wd0.0_cosine,"lr1e-05,wd0.0",1743090823.5802088,0.003486181672953562
[8],2,"lr=1e-05, wd=0.01",10,layer4_lr1e-05_hd128_wd0.01_cosine,"lr1e-05,wd0.01",1879268562.514211,0.003758537150821566
[8],2,"lr=1e-05, wd=0.01",10,layer4_lr3e-05_hd128_wd0.0_cosine,"lr3e-05,wd0.0",57078076.63025549,0.00011415617905365502
[8],2,"lr=1e-05, wd=0.01",10,layer4_lr3e-05_hd128_wd0.01_cosine,"lr3e-05,wd0.01",207621418.5716813,0.0004152428629365066
[8],2,"lr=1e-05, wd=0.01",10,layer4_lr0.0001_hd128_wd0.0_cosine,"lr0.0001,wd0.0",4452077396.887542,0.008904154819568228
[8],2,"lr=1e-05, wd=0.01",10,layer4_lr0.0001_hd128_wd0.01_cosine,"lr0.0001,wd0.01",645750758.2144848,0.0012915015422221136
[8],2,"lr=1e-05, wd=0.01",10,layer4_lr0.0003_hd128_wd0.0_cosine,"lr0.0003,wd0.0",16956254736.907572,0.033912509499608286
[8],2,"lr=1e-05, wd=0.01",10,layer4_lr0.0003_hd128_wd0.01_cosine,"lr0.0003,wd0.01",788435918.226553,0.00157687186224625
[8],2,"lr=1e-05, wd=0.01",10,layer4_lr0.001_hd128_wd0.0_cosine,"lr0.001,wd0.0",15595197991.367743,0.031190396008528628
[8],2,"lr=1e-05, wd=0.01",10,layer4_lr0.001_hd128_wd0.01_cosine,"lr0.001,wd0.01",382424441.24874306,0.0007648489082906303
[8],2,"lr=1e-05, wd=0.01",10,layer4_lr0.003_hd128_wd0.0_cosine,"lr0.003,wd0.0",8113942219.115622,0.016227884464024386
[8],2,"lr=1e-05, wd=0.01",10,layer4_lr0.003_hd128_wd0.01_cosine,"lr0.003,wd0.01",332616681.31229013,0.0006652333884177244
[8],2,"lr=1e-05, wd=0.01",20,layer4_lr1e-05_hd128_wd0.0_cosine,"lr1e-05,wd0.0",179965787.23884252,0.00035993160027082905
[8],2,"lr=1e-05, wd=0.01",20,layer4_lr1e-05_hd128_wd0.01_cosine,"lr1e-05,wd0.01",677309076.3138934,0.001354618178420931
[8],2,"lr=1e-05, wd=0.01",20,layer4_lr3e-05_hd128_wd0.0_cosine,"lr3e-05,wd0.0",414177341.1146987,0.0008283547080225415
[8],2,"lr=1e-05, wd=0.01",20,layer4_lr3e-05_hd128_wd0.01_cosine,"lr3e-05,wd0.01",20782440.54079759,4.156490687473923e-05
[8],2,"lr=1e-05, wd=0.01",20,layer4_lr0.0001_hd128_wd0.0_cosine,"lr0.0001,wd0.0",4387310644.539447,0.008774621314872038
[8],2,"lr=1e-05, wd=0.01",20,layer4_lr0.0001_hd128_wd0.01_cosine,"lr0.0001,wd0.01",488228182.80302763,0.0009764563913991994
[8],2,"lr=1e-05, wd=0.01",20,layer4_lr0.0003_hd128_wd0.0_cosine,"lr0.0003,wd0.0",10124583054.101301,0.020249166133995748
[8],2,"lr=1e-05, wd=0.01",20,layer4_lr0.0003_hd128_wd0.01_cosine,"lr0.0003,wd0.01",457195964.5529458,0.0009143919548990357
[8],2,"lr=1e-05, wd=0.01",20,layer4_lr0.001_hd128_wd0.0_cosine,"lr0.001,wd0.0",12200980911.858877,0.0244019618495109
[8],2,"lr=1e-05, wd=0.01",20,layer4_lr0.001_hd128_wd0.01_cosine,"lr0.001,wd0.01",189679816.9509895,0.0003793596596951231
[8],2,"lr=1e-05, wd=0.01",20,layer4_lr0.003_hd128_wd0.0_cosine,"lr0.003,wd0.0",7631972278.355907,0.015263944582504959
[8],2,"lr=1e-05, wd=0.01",20,layer4_lr0.003_hd128_wd0.01_cosine,"lr0.003,wd0.01",6597988654.493726,0.013195977334780595
[8],2,"lr=1e-05, wd=0.01",50,layer4_lr1e-05_hd128_wd0.0_cosine,"lr1e-05,wd0.0",26026653.681510206,5.205333315616446e-05
[8],2,"lr=1e-05, wd=0.01",50,layer4_lr1e-05_hd128_wd0.01_cosine,"lr1e-05,wd0.01",3876457.5711952057,7.75294093553446e-06
[8],2,"lr=1e-05, wd=0.01",50,layer4_lr3e-05_hd128_wd0.0_cosine,"lr3e-05,wd0.0",53048322.551144905,0.00010609667089543386
[8],2,"lr=1e-05, wd=0.01",50,layer4_lr3e-05_hd128_wd0.01_cosine,"lr3e-05,wd0.01",18353267.501364693,3.6706560795873434e-05
[8],2,"lr=1e-05, wd=0.01",50,layer4_lr0.0001_hd128_wd0.0_cosine,"lr0.0001,wd0.0",546881780.9852837,0.0010937635877637114
[8],2,"lr=1e-05, wd=0.01",50,layer4_lr0.0001_hd128_wd0.01_cosine,"lr0.0001,wd0.01",593539.2055135336,1.1871042041711168e-06
[8],2,"lr=1e-05, wd=0.01",50,layer4_lr0.0003_hd128_wd0.0_cosine,"lr0.0003,wd0.0",1509962671.2828622,0.0030199253683588687
[8],2,"lr=1e-05, wd=0.01",50,layer4_lr0.0003_hd128_wd0.01_cosine,"lr0.0003,wd0.01",349.4523677215123,7.246978794925438e-10
[8],2,"lr=1e-05, wd=0.01",50,layer4_lr0.001_hd128_wd0.0_cosine,"lr0.001,wd0.0",563859989.129207,0.001127720004051558
[8],2,"lr=1e-05, wd=0.01",50,layer4_lr0.001_hd128_wd0.01_cosine,"lr0.001,wd0.01",1280707362.784486,0.0025614147513621163
[8],2,"lr=1e-05, wd=0.01",50,layer4_lr0.003_hd128_wd0.0_cosine,"lr0.003,wd0.0",2654241431.071708,0.005308482887936561
[8],2,"lr=1e-05, wd=0.01",50,layer4_lr0.003_hd128_wd0.01_cosine,"lr0.003,wd0.01",4509418076.651508,0.00901883617909616
[8],2,"lr=1e-05, wd=0.01",90,layer4_lr1e-05_hd128_wd0.0_cosine,"lr1e-05,wd0.0",47155320.331186734,9.431066645551752e-05
[8],2,"lr=1e-05, wd=0.01",90,layer4_lr1e-05_hd128_wd0.01_cosine,"lr1e-05,wd0.01",9882083.004088521,1.976419180132109e-05
[8],2,"lr=1e-05, wd=0.01",90,layer4_lr3e-05_hd128_wd0.0_cosine,"lr3e-05,wd0.0",19812030.14346817,3.9624086080080386e-05
[8],2,"lr=1e-05, wd=0.01",90,layer4_lr3e-05_hd128_wd0.01_cosine,"lr3e-05,wd0.01",4770720.485546101,9.541466764236251e-06
[8],2,"lr=1e-05, wd=0.01",90,layer4_lr0.0001_hd128_wd0.0_cosine,"lr0.0001,wd0.0",17259022.35885911,3.451807051086227e-05
[8],2,"lr=1e-05, wd=0.01",90,layer4_lr0.0001_hd128_wd0.01_cosine,"lr0.0001,wd0.01",12778315.010052083,2.5556655813248217e-05
[8],2,"lr=1e-05, wd=0.01",90,layer4_lr0.0003_hd128_wd0.0_cosine,"lr0.0003,wd0.0",51222768.023117065,0.00010244556183937818
[8],2,"lr=1e-05, wd=0.01",90,layer4_lr0.0003_hd128_wd0.01_cosine,"lr0.0003,wd0.01",879718.5878277187,1.7594629687994868e-06
[8],2,"lr=1e-05, wd=0.01",90,layer4_lr0.001_hd128_wd0.0_cosine,"lr0.001,wd0.0",643619584.787064,0.001287239195367272
[8],2,"lr=1e-05, wd=0.01",90,layer4_lr0.001_hd128_wd0.01_cosine,"lr0.001,wd0.01",20736843.522188812,4.147371283752167e-05
[8],2,"lr=1e-05, wd=0.01",90,layer4_lr0.003_hd128_wd0.0_cosine,"lr0.003,wd0.0",475242746.083308,0.0009504855179597601
[8],2,"lr=1e-05, wd=0.01",90,layer4_lr0.003_hd128_wd0.01_cosine,"lr0.003,wd0.01",51244660.45739175,0.00010248934670792753
[8],3,"lr=3e-05, wd=0.0",0,layer4_lr1e-05_hd128_wd0.0_cosine,"lr1e-05,wd0.0",96887745494.78366,0.19377549101536046
[8],3,"lr=3e-05, wd=0.0",0,layer4_lr1e-05_hd128_wd0.01_cosine,"lr1e-05,wd0.01",74176823082.37949,0.1483536461905521
[8],3,"lr=3e-05, wd=0.0",0,layer4_lr3e-05_hd128_wd0.0_cosine,"lr3e-05,wd0.0",122488671695.58238,0.2449773434169579
[8],3,"lr=3e-05, wd=0.0",0,layer4_lr3e-05_hd128_wd0.01_cosine,"lr3e-05,wd0.01",91949959599.88464,0.18389991922556242
[8],3,"lr=3e-05, wd=0.0",0,layer4_lr0.0001_hd128_wd0.0_cosine,"lr0.0001,wd0.0",108757798644.08577,0.2175155973139647
[8],3,"lr=3e-05, wd=0.0",0,layer4_lr0.0001_hd128_wd0.01_cosine,"lr0.0001,wd0.01",104261135634.92572,0.20852227129564457
[8],3,"lr=3e-05, wd=0.0",0,layer4_lr0.0003_hd128_wd0.0_cosine,"lr0.0003,wd0.0",79327136921.65932,0.1586542738691118
[8],3,"lr=3e-05, wd=0.0",0,layer4_lr0.0003_hd128_wd0.01_cosine,"lr0.0003,wd0.01",106655375274.01755,0.21331075057382826
[8],3,"lr=3e-05, wd=0.0",0,layer4_lr0.001_hd128_wd0.0_cosine,"lr0.001,wd0.0",67030299977.99901,0.13406059998179115
[8],3,"lr=3e-05, wd=0.0",0,layer4_lr0.001_hd128_wd0.01_cosine,"lr0.001,wd0.01",102230218699.29211,0.2044604374243774
[8],3,"lr=3e-05, wd=0.0",0,layer4_lr0.003_hd128_wd0.0_cosine,"lr0.003,wd0.0",70242451682.23332,0.1404849033902598
[8],3,"lr=3e-05, wd=0.0",0,layer4_lr0.003_hd128_wd0.01_cosine,"lr0.003,wd0.01",93411987446.73947,0.18682397491927208
[8],3,"lr=3e-05, wd=0.0",5,layer4_lr1e-05_hd128_wd0.0_cosine,"lr1e-05,wd0.0",10957751911.634144,0.02191550384906143
[8],3,"lr=3e-05, wd=0.0",5,layer4_lr1e-05_hd128_wd0.01_cosine,"lr1e-05,wd0.01",5848298286.633022,0.01169659659905919
[8],3,"lr=3e-05, wd=0.0",5,layer4_lr3e-05_hd128_wd0.0_cosine,"lr3e-05,wd0.0",1084300671.1394835,0.002168601368072111
[8],3,"lr=3e-05, wd=0.0",5,layer4_lr3e-05_hd128_wd0.01_cosine,"lr3e-05,wd0.01",505891198.98350054,0.0010117824237601452
[8],3,"lr=3e-05, wd=0.0",5,layer4_lr0.0001_hd128_wd0.0_cosine,"lr0.0001,wd0.0",1370306246.2458353,0.0027406125182848147
[8],3,"lr=3e-05, wd=0.0",5,layer4_lr0.0001_hd128_wd0.01_cosine,"lr0.0001,wd0.01",10396006.884291178,2.0792039561726406e-05
[8],3,"lr=3e-05, wd=0.0",5,layer4_lr0.0003_hd128_wd0.0_cosine,"lr0.0003,wd0.0",13012383548.262386,0.026024767122317917
[8],3,"lr=3e-05, wd=0.0",5,layer4_lr0.0003_hd128_wd0.01_cosine,"lr0.0003,wd0.01",11241333.738374153,2.2482693269892356e-05
[8],3,"lr=3e-05, wd=0.0",5,layer4_lr0.001_hd128_wd0.0_cosine,"lr0.001,wd0.0",21173008685.430965,0.042346017396655077
[8],3,"lr=3e-05, wd=0.0",5,layer4_lr0.001_hd128_wd0.01_cosine,"lr0.001,wd0.01",1359618627.0964358,0.002719237279986016
[8],3,"lr=3e-05, wd=0.0",5,layer4_lr0.003_hd128_wd0.0_cosine,"lr0.003,wd0.0",21709121611.34748,0.04341824324848811
[8],3,"lr=3e-05, wd=0.0",5,layer4_lr0.003_hd128_wd0.01_cosine,"lr0.003,wd0.01",9678003767.654037,0.01935600756110122
[8],3,"lr=3e-05, wd=0.0",10,layer4_lr1e-05_hd128_wd0.0_cosine,"lr1e-05,wd0.0",2453235736.4292893,0.004906471498651723
[8],3,"lr=3e-05, wd=0.0",10,layer4_lr1e-05_hd128_wd0.01_cosine,"lr1e-05,wd0.01",2313171307.0014567,0.004626342639796058
[8],3,"lr=3e-05, wd=0.0",10,layer4_lr3e-05_hd128_wd0.0_cosine,"lr3e-05,wd0.0",324479571.7834093,0.0006489591693599627
[8],3,"lr=3e-05, wd=0.0",10,layer4_lr3e-05_hd128_wd0.01_cosine,"lr3e-05,wd0.01",28705800.604428474,5.7411627002000995e-05
[8],3,"lr=3e-05, wd=0.0",10,layer4_lr0.0001_hd128_wd0.0_cosine,"lr0.0001,wd0.0",3430191380.8355675,0.0068603827874642795
[8],3,"lr=3e-05, wd=0.0",10,layer4_lr0.0001_hd128_wd0.01_cosine,"lr0.0001,wd0.01",273003778.52242833,0.0005460075828380008
[8],3,"lr=3e-05, wd=0.0",10,layer4_lr0.0003_hd128_wd0.0_cosine,"lr0.0003,wd0.0",15743312163.26933,0.0314866243523318
[8],3,"lr=3e-05, wd=0.0",10,layer4_lr0.0003_hd128_wd0.01_cosine,"lr0.0003,wd0.01",446011449.44457,0.0008920229246822841
[8],3,"lr=3e-05, wd=0.0",10,layer4_lr0.001_hd128_wd0.0_cosine,"lr0.001,wd0.0",16480858789.094202,0.03296171760398155
[8],3,"lr=3e-05, wd=0.0",10,layer4_lr0.001_hd128_wd0.01_cosine,"lr0.001,wd0.01",189447293.2947761,0.00037889461238269626
[8],3,"lr=3e-05, wd=0.0",10,layer4_lr0.003_hd128_wd0.0_cosine,"lr0.003,wd0.0",8483188179.594636,0.016966376384982416
[8],3,"lr=3e-05, wd=0.0",10,layer4_lr0.003_hd128_wd0.01_cosine,"lr0.003,wd0.01",43559573.1528479,8.711917209883985e-05
[8],3,"lr=3e-05, wd=0.0",20,layer4_lr1e-05_hd128_wd0.0_cosine,"lr1e-05,wd0.0",85192601.94159661,0.00017038522967633728
[8],3,"lr=3e-05, wd=0.0",20,layer4_lr1e-05_hd128_wd0.01_cosine,"lr1e-05,wd0.01",434742178.42666596,0.000869484382646476
[8],3,"lr=3e-05, wd=0.0",20,layer4_lr3e-05_hd128_wd0.0_cosine,"lr3e-05,wd0.0",178311090.0002876,0.0003566222057937192
[8],3,"lr=3e-05, wd=0.0",20,layer4_lr3e-05_hd128_wd0.01_cosine,"lr3e-05,wd0.01",902208.4012530945,1.8044425956502387e-06
[8],3,"lr=3e-05, wd=0.0",20,layer4_lr0.0001_hd128_wd0.0_cosine,"lr0.0001,wd0.0",4109525939.88111,0.008219051905555365
[8],3,"lr=3e-05, wd=0.0",20,layer4_lr0.0001_hd128_wd0.01_cosine,"lr0.0001,wd0.01",432988194.70624167,0.0008659764152056274
[8],3,"lr=3e-05, wd=0.0",20,layer4_lr0.0003_hd128_wd0.0_cosine,"lr0.0003,wd0.0",10697350266.132277,0.021394700558057696
[8],3,"lr=3e-05, wd=0.0",20,layer4_lr0.0003_hd128_wd0.01_cosine,"lr0.0003,wd0.01",607781846.9560057,0.0012155637197051553
[8],3,"lr=3e-05, wd=0.0",20,layer4_lr0.001_hd128_wd0.0_cosine,"lr0.001,wd0.0",12890385092.343348,0.02578077021047984
[8],3,"lr=3e-05, wd=0.0",20,layer4_lr0.001_hd128_wd0.01_cosine,"lr0.001,wd0.01",404518602.99645394,0.000809037231786052
[8],3,"lr=3e-05, wd=0.0",20,layer4_lr0.003_hd128_wd0.0_cosine,"lr0.003,wd0.0",8526035702.609519,0.017052071431012183
[8],3,"lr=3e-05, wd=0.0",20,layer4_lr0.003_hd128_wd0.01_cosine,"lr0.003,wd0.01",4518154385.94194,0.009036308797677025
[8],3,"lr=3e-05, wd=0.0",50,layer4_lr1e-05_hd128_wd0.0_cosine,"lr1e-05,wd0.0",12752032.505216956,2.5504090803577963e-05
[8],3,"lr=3e-05, wd=0.0",50,layer4_lr1e-05_hd128_wd0.01_cosine,"lr1e-05,wd0.01",1864623.4204216946,3.7292726339874386e-06
[8],3,"lr=3e-05, wd=0.0",50,layer4_lr3e-05_hd128_wd0.0_cosine,"lr3e-05,wd0.0",40289358.67367072,8.057874314048548e-05
[8],3,"lr=3e-05, wd=0.0",50,layer4_lr3e-05_hd128_wd0.01_cosine,"lr3e-05,wd0.01",18264582.424304914,3.652919064175387e-05
[8],3,"lr=3e-05, wd=0.0",50,layer4_lr0.0001_hd128_wd0.0_cosine,"lr0.0001,wd0.0",515783887.6229074,0.0010315678010389588
[8],3,"lr=3e-05, wd=0.0",50,layer4_lr0.0001_hd128_wd0.01_cosine,"lr0.0001,wd0.01",362182.49010466965,7.243907733533887e-07
[8],3,"lr=3e-05, wd=0.0",50,layer4_lr0.0003_hd128_wd0.0_cosine,"lr0.0003,wd0.0",1504418462.7659676,0.0030088369513250795
[8],3,"lr=3e-05, wd=0.0",50,layer4_lr0.0003_hd128_wd0.01_cosine,"lr0.0003,wd0.01",423532.5105678357,8.470908142797209e-07
[8],3,"lr=3e-05, wd=0.0",50,layer4_lr0.001_hd128_wd0.0_cosine,"lr0.001,wd0.0",840209046.0867133,0.0016804181179665705
[8],3,"lr=3e-05, wd=0.0",50,layer4_lr0.001_hd128_wd0.01_cosine,"lr0.001,wd0.01",1160169287.1934187,0.0023203386001799816
[8],3,"lr=3e-05, wd=0.0",50,layer4_lr0.003_hd128_wd0.0_cosine,"lr0.003,wd0.0",2746147452.1191564,0.005492294930031457
[8],3,"lr=3e-05, wd=0.0",50,layer4_lr0.003_hd128_wd0.01_cosine,"lr0.003,wd0.01",4253664329.898227,0.008507328685589599
[8],3,"lr=3e-05, wd=0.0",90,layer4_lr1e-05_hd128_wd0.0_cosine,"lr1e-05,wd0.0",28052543.630173955,5.6105113053491955e-05
[8],3,"lr=3e-05, wd=0.0",90,layer4_lr1e-05_hd128_wd0.01_cosine,"lr1e-05,wd0.01",4995553.621837606,9.99113303681926e-06
[8],3,"lr=3e-05, wd=0.0",90,layer4_lr3e-05_hd128_wd0.0_cosine,"lr3e-05,wd0.0",12661023.24969797,2.5322072292539992e-05
[8],3,"lr=3e-05, wd=0.0",90,layer4_lr3e-05_hd128_wd0.01_cosine,"lr3e-05,wd0.01",3213568.223433678,6.427162240011405e-06
[8],3,"lr=3e-05, wd=0.0",90,layer4_lr0.0001_hd128_wd0.0_cosine,"lr0.0001,wd0.0",13191661.274411822,2.6383348341967696e-05
[8],3,"lr=3e-05, wd=0.0",90,layer4_lr0.0001_hd128_wd0.01_cosine,"lr0.0001,wd0.01",9458794.942782722,1.8917615678709494e-05
[8],3,"lr=3e-05, wd=0.0",90,layer4_lr0.0003_hd128_wd0.0_cosine,"lr0.0003,wd0.0",101384513.01779847,0.00020276905182874097
[8],3,"lr=3e-05, wd=0.0",90,layer4_lr0.0003_hd128_wd0.01_cosine,"lr0.0003,wd0.01",2721774.068442179,5.443573930028407e-06
[8],3,"lr=3e-05, wd=0.0",90,layer4_lr0.001_hd128_wd0.0_cosine,"lr0.001,wd0.0",771310905.6382773,0.0015426218370696986
[8],3,"lr=3e-05, wd=0.0",90,layer4_lr0.001_hd128_wd0.01_cosine,"lr0.001,wd0.01",9130468.790714689,1.8260963374573428e-05
[8],3,"lr=3e-05, wd=0.0",90,layer4_lr0.003_hd128_wd0.0_cosine,"lr0.003,wd0.0",558403479.2032769,0.0011168069841996978
[8],3,"lr=3e-05, wd=0.0",90,layer4_lr0.003_hd128_wd0.01_cosine,"lr0.003,wd0.01",105855249.8693575,0.00021171052553185904
[8],4,"lr=3e-05, wd=0.01",0,layer4_lr1e-05_hd128_wd0.0_cosine,"lr1e-05,wd0.0",120484395694.59204,0.24096879141497723
[8],4,"lr=3e-05, wd=0.01",0,layer4_lr1e-05_hd128_wd0.01_cosine,"lr1e-05,wd0.01",95211612799.92781,0.19042322562564876
[8],4,"lr=3e-05, wd=0.01",0,layer4_lr3e-05_hd128_wd0.0_cosine,"lr3e-05,wd0.0",148677988563.5545,0.2973559771529022
[8],4,"lr=3e-05, wd=0.01",0,layer4_lr3e-05_hd128_wd0.01_cosine,"lr3e-05,wd0.01",115121821290.05798,0.2302436426059091
[8],4,"lr=3e-05, wd=0.01",0,layer4_lr0.0001_hd128_wd0.0_cosine,"lr0.0001,wd0.0",133221365454.7501,0.26644273093529336
[8],4,"lr=3e-05, wd=0.01",0,layer4_lr0.0001_hd128_wd0.01_cosine,"lr0.0001,wd0.01",128585229384.1277,0.25717045879404854
[8],4,"lr=3e-05, wd=0.01",0,layer4_lr0.0003_hd128_wd0.0_cosine,"lr0.0003,wd0.0",100155992119.74756,0.20031198426528826
[8],4,"lr=3e-05, wd=0.01",0,layer4_lr0.0003_hd128_wd0.01_cosine,"lr0.0003,wd0.01",130928717149.05058,0.2618574343238943
[8],4,"lr=3e-05, wd=0.01",0,layer4_lr0.001_hd128_wd0.0_cosine,"lr0.001,wd0.0",85995792353.35612,0.1719915847325054
[8],4,"lr=3e-05, wd=0.01",0,layer4_lr0.001_hd128_wd0.01_cosine,"lr0.001,wd0.01",125620048249.93065,0.25124009652565443
[8],4,"lr=3e-05, wd=0.01",0,layer4_lr0.003_hd128_wd0.0_cosine,"lr0.003,wd0.0",89323326030.99687,0.17864665208778688
[8],4,"lr=3e-05, wd=0.01",0,layer4_lr0.003_hd128_wd0.01_cosine,"lr0.003,wd0.01",115415160649.37173,0.23083032132453662
[8],4,"lr=3e-05, wd=0.01",5,layer4_lr1e-05_hd128_wd0.0_cosine,"lr1e-05,wd0.0",10998959966.979164,0.021997919959751474
[8],4,"lr=3e-05, wd=0.01",5,layer4_lr1e-05_hd128_wd0.01_cosine,"lr1e-05,wd0.01",5749959747.3748255,0.011499919520542795
[8],4,"lr=3e-05, wd=0.01",5,layer4_lr3e-05_hd128_wd0.0_cosine,"lr3e-05,wd0.0",1104176900.0086384,0.002208353825810421
[8],4,"lr=3e-05, wd=0.01",5,layer4_lr3e-05_hd128_wd0.01_cosine,"lr3e-05,wd0.01",523003282.31433964,0.0010460065904218233
[8],4,"lr=3e-05, wd=0.01",5,layer4_lr0.0001_hd128_wd0.0_cosine,"lr0.0001,wd0.0",1432871765.1667764,0.002865743556126697
[8],4,"lr=3e-05, wd=0.01",5,layer4_lr0.0001_hd128_wd0.01_cosine,"lr0.0001,wd0.01",9279005.913268007,1.8558037619680063e-05
[8],4,"lr=3e-05, wd=0.01",5,layer4_lr0.0003_hd128_wd0.0_cosine,"lr0.0003,wd0.0",13232934906.64163,0.026465869839076405
[8],4,"lr=3e-05, wd=0.01",5,layer4_lr0.0003_hd128_wd0.01_cosine,"lr0.0003,wd0.01",6529146.247989268,1.3058318289122585e-05
[8],4,"lr=3e-05, wd=0.01",5,layer4_lr0.001_hd128_wd0.0_cosine,"lr0.001,wd0.0",21028909026.140835,0.042057818078074814
[8],4,"lr=3e-05, wd=0.01",5,layer4_lr0.001_hd128_wd0.01_cosine,"lr0.001,wd0.01",981276999.0246938,0.0019625540238425317
[8],4,"lr=3e-05, wd=0.01",5,layer4_lr0.003_hd128_wd0.0_cosine,"lr0.003,wd0.0",21738425457.955982,0.04347685094170511
[8],4,"lr=3e-05, wd=0.01",5,layer4_lr0.003_hd128_wd0.01_cosine,"lr0.003,wd0.01",10065971046.201307,0.02013194211819576
[8],4,"lr=3e-05, wd=0.01",10,layer4_lr1e-05_hd128_wd0.0_cosine,"lr1e-05,wd0.0",2624796810.1336036,0.005249593646060351
[8],4,"lr=3e-05, wd=0.01",10,layer4_lr1e-05_hd128_wd0.01_cosine,"lr1e-05,wd0.01",2407682302.744568,0.00481536463128228
[8],4,"lr=3e-05, wd=0.01",10,layer4_lr3e-05_hd128_wd0.0_cosine,"lr3e-05,wd0.0",311123095.0785282,0.0006222462159502006
[8],4,"lr=3e-05, wd=0.01",10,layer4_lr3e-05_hd128_wd0.01_cosine,"lr3e-05,wd0.01",38376319.62329332,7.675266503973068e-05
[8],4,"lr=3e-05, wd=0.01",10,layer4_lr0.0001_hd128_wd0.0_cosine,"lr0.0001,wd0.0",3442075327.779601,0.006884150681352346
[8],4,"lr=3e-05, wd=0.01",10,layer4_lr0.0001_hd128_wd0.01_cosine,"lr0.0001,wd0.01",291416059.33139217,0.0005828321444559285
[8],4,"lr=3e-05, wd=0.01",10,layer4_lr0.0003_hd128_wd0.0_cosine,"lr0.0003,wd0.0",15707058126.669922,0.031414116279132986
[8],4,"lr=3e-05, wd=0.01",10,layer4_lr0.0003_hd128_wd0.01_cosine,"lr0.0003,wd0.01",440097573.73751855,0.0008801951732681812
[8],4,"lr=3e-05, wd=0.01",10,layer4_lr0.001_hd128_wd0.0_cosine,"lr0.001,wd0.0",16490386964.63672,0.032980773955066586
[8],4,"lr=3e-05, wd=0.01",10,layer4_lr0.001_hd128_wd0.01_cosine,"lr0.001,wd0.01",205723773.61242056,0.00041144757301798517
[8],4,"lr=3e-05, wd=0.01",10,layer4_lr0.003_hd128_wd0.0_cosine,"lr0.003,wd0.0",8488154778.896727,0.016976309583586598
[8],4,"lr=3e-05, wd=0.01",10,layer4_lr0.003_hd128_wd0.01_cosine,"lr0.003,wd0.01",189986243.93280295,0.00037997251365874993
[8],4,"lr=3e-05, wd=0.01",20,layer4_lr1e-05_hd128_wd0.0_cosine,"lr1e-05,wd0.0",109663312.93643482,0.00021932665166601368
[8],4,"lr=3e-05, wd=0.01",20,layer4_lr1e-05_hd128_wd0.01_cosine,"lr1e-05,wd0.01",514269868.37721807,0.0010285397625475802
[8],4,"lr=3e-05, wd=0.01",20,layer4_lr3e-05_hd128_wd0.0_cosine,"lr3e-05,wd0.0",216146853.62876734,0.00043229373305067874
[8],4,"lr=3e-05, wd=0.01",20,layer4_lr3e-05_hd128_wd0.01_cosine,"lr3e-05,wd0.01",4245343.249416521,8.490712291977091e-06
[8],4,"lr=3e-05, wd=0.01",20,layer4_lr0.0001_hd128_wd0.0_cosine,"lr0.0001,wd0.0",4149493663.601962,0.008298987352997068
[8],4,"lr=3e-05, wd=0.01",20,layer4_lr0.0001_hd128_wd0.01_cosine,"lr0.0001,wd0.01",476159054.4456177,0.0009523181346843794
[8],4,"lr=3e-05, wd=0.01",20,layer4_lr0.0003_hd128_wd0.0_cosine,"lr0.0003,wd0.0",10686674186.513456,0.021373348398820057
[8],4,"lr=3e-05, wd=0.01",20,layer4_lr0.0003_hd128_wd0.01_cosine,"lr0.0003,wd0.01",642965000.4414644,0.0012859300266760728
[8],4,"lr=3e-05, wd=0.01",20,layer4_lr0.001_hd128_wd0.0_cosine,"lr0.001,wd0.0",12961229232.396416,0.025922458490585977
[8],4,"lr=3e-05, wd=0.01",20,layer4_lr0.001_hd128_wd0.01_cosine,"lr0.001,wd0.01",389813657.6514628,0.0007796273410960697
[8],4,"lr=3e-05, wd=0.01",20,layer4_lr0.003_hd128_wd0.0_cosine,"lr0.003,wd0.0",8568211994.428997,0.01713642401465114
[8],4,"lr=3e-05, wd=0.01",20,layer4_lr0.003_hd128_wd0.01_cosine,"lr0.003,wd0.01",4643735586.373253,0.00928747119853965
[8],4,"lr=3e-05, wd=0.01",50,layer4_lr1e-05_hd128_wd0.0_cosine,"lr1e-05,wd0.0",15935718.663590444,3.187146312032494e-05
[8],4,"lr=3e-05, wd=0.01",50,layer4_lr1e-05_hd128_wd0.01_cosine,"lr1e-05,wd0.01",2036037.6356231193,4.072101064390288e-06
[8],4,"lr=3e-05, wd=0.01",50,layer4_lr3e-05_hd128_wd0.0_cosine,"lr3e-05,wd0.0",43244234.155827075,8.648849410479819e-05
[8],4,"lr=3e-05, wd=0.01",50,layer4_lr3e-05_hd128_wd0.01_cosine,"lr3e-05,wd0.01",18629590.626778327,3.7259207046700704e-05
[8],4,"lr=3e-05, wd=0.01",50,layer4_lr0.0001_hd128_wd0.0_cosine,"lr0.0001,wd0.0",516574887.05603606,0.0010331497999052162
[8],4,"lr=3e-05, wd=0.01",50,layer4_lr0.0001_hd128_wd0.01_cosine,"lr0.0001,wd0.01",252276.30163740265,5.045783964188548e-07
[8],4,"lr=3e-05, wd=0.01",50,layer4_lr0.0003_hd128_wd0.0_cosine,"lr0.0003,wd0.0",1433844987.7170784,0.0028676900012273012
[8],4,"lr=3e-05, wd=0.01",50,layer4_lr0.0003_hd128_wd0.01_cosine,"lr0.0003,wd0.01",213042.6090706481,4.261110112853457e-07
[8],4,"lr=3e-05, wd=0.01",50,layer4_lr0.001_hd128_wd0.0_cosine,"lr0.001,wd0.0",618092122.8277712,0.0012361842714486864
[8],4,"lr=3e-05, wd=0.01",50,layer4_lr0.001_hd128_wd0.01_cosine,"lr0.001,wd0.01",1188528884.9094,0.002377057795611944
[8],4,"lr=3e-05, wd=0.01",50,layer4_lr0.003_hd128_wd0.0_cosine,"lr0.003,wd0.0",2697211448.746747,0.005394422923286638
[8],4,"lr=3e-05, wd=0.01",50,layer4_lr0.003_hd128_wd0.01_cosine,"lr0.003,wd0.01",4290996112.804962,0.008581992251403069
[8],4,"lr=3e-05, wd=0.01",90,layer4_lr1e-05_hd128_wd0.0_cosine,"lr1e-05,wd0.0",30079093.145877864,6.0158212084899775e-05
[8],4,"lr=3e-05, wd=0.01",90,layer4_lr1e-05_hd128_wd0.01_cosine,"lr1e-05,wd0.01",5035463.628399763,1.0070953049943575e-05
[8],4,"lr=3e-05, wd=0.01",90,layer4_lr3e-05_hd128_wd0.0_cosine,"lr3e-05,wd0.0",13178779.03912422,2.635758387139249e-05
[8],4,"lr=3e-05, wd=0.01",90,layer4_lr3e-05_hd128_wd0.01_cosine,"lr3e-05,wd0.01",2906620.384113756,5.813266561371561e-06
[8],4,"lr=3e-05, wd=0.01",90,layer4_lr0.0001_hd128_wd0.0_cosine,"lr0.0001,wd0.0",11564378.93788638,2.312878366891681e-05
[8],4,"lr=3e-05, wd=0.01",90,layer4_lr0.0001_hd128_wd0.01_cosine,"lr0.0001,wd0.01",8779981.813415354,1.755998941997476e-05
[8],4,"lr=3e-05, wd=0.01",90,layer4_lr0.0003_hd128_wd0.0_cosine,"lr0.0003,wd0.0",86476026.29975188,0.0001729520783926478
[8],4,"lr=3e-05, wd=0.01",90,layer4_lr0.0003_hd128_wd0.01_cosine,"lr0.0003,wd0.01",2708774.6917972644,5.417575176738577e-06
[8],4,"lr=3e-05, wd=0.01",90,layer4_lr0.001_hd128_wd0.0_cosine,"lr0.001,wd0.0",729868336.4938569,0.0014597366987808577
[8],4,"lr=3e-05, wd=0.01",90,layer4_lr0.001_hd128_wd0.01_cosine,"lr0.001,wd0.01",11088402.768957365,2.217683133105878e-05
[8],4,"lr=3e-05, wd=0.01",90,layer4_lr0.003_hd128_wd0.0_cosine,"lr0.003,wd0.0",523985349.0659434,0.0010479707239250309
[8],4,"lr=3e-05, wd=0.01",90,layer4_lr0.003_hd128_wd0.01_cosine,"lr0.003,wd0.01",89415907.58414523,0.0001788318409614345
[8],5,"lr=1e-04, wd=0.0",0,layer4_lr1e-05_hd128_wd0.0_cosine,"lr1e-05,wd0.0",52146435735.85611,0.10429287149750535
[8],5,"lr=1e-04, wd=0.0",0,layer4_lr1e-05_hd128_wd0.01_cosine,"lr1e-05,wd0.01",36012137047.36612,0.07202427412052538
[8],5,"lr=1e-04, wd=0.0",0,layer4_lr3e-05_hd128_wd0.0_cosine,"lr3e-05,wd0.0",72092001419.00453,0.1441840028638022
[8],5,"lr=1e-04, wd=0.0",0,layer4_lr3e-05_hd128_wd0.01_cosine,"lr3e-05,wd0.01",49229289096.52485,0.09845857821884284
[8],5,"lr=1e-04, wd=0.0",0,layer4_lr0.0001_hd128_wd0.0_cosine,"lr0.0001,wd0.0",62107417570.17217,0.12421483516613747
[8],5,"lr=1e-04, wd=0.0",0,layer4_lr0.0001_hd128_wd0.01_cosine,"lr0.0001,wd0.01",58811243671.394615,0.11762248736858237
[8],5,"lr=1e-04, wd=0.0",0,layer4_lr0.0003_hd128_wd0.0_cosine,"lr0.0003,wd0.0",40555544852.72658,0.08111108973124628
[8],5,"lr=1e-04, wd=0.0",0,layer4_lr0.0003_hd128_wd0.01_cosine,"lr0.0003,wd0.01",60824098295.92723,0.1216481966176476
[8],5,"lr=1e-04, wd=0.0",0,layer4_lr0.001_hd128_wd0.0_cosine,"lr0.001,wd0.0",32023958211.982002,0.06404791644975714
[8],5,"lr=1e-04, wd=0.0",0,layer4_lr0.001_hd128_wd0.01_cosine,"lr0.001,wd0.01",57664853680.35818,0.1153297073865095
[8],5,"lr=1e-04, wd=0.0",0,layer4_lr0.003_hd128_wd0.0_cosine,"lr0.003,wd0.0",34409067455.423515,0.06881813493664017
[8],5,"lr=1e-04, wd=0.0",0,layer4_lr0.003_hd128_wd0.01_cosine,"lr0.003,wd0.01",51260448535.53897,0.10252089709687108
[8],5,"lr=1e-04, wd=0.0",5,layer4_lr1e-05_hd128_wd0.0_cosine,"lr1e-05,wd0.0",11724695756.106863,0.02344939153800687
[8],5,"lr=1e-04, wd=0.0",5,layer4_lr1e-05_hd128_wd0.01_cosine,"lr1e-05,wd0.01",6300579450.887034,0.012601158927567213
[8],5,"lr=1e-04, wd=0.0",5,layer4_lr3e-05_hd128_wd0.0_cosine,"lr3e-05,wd0.0",2639914571.51754,0.005279829168828224
[8],5,"lr=1e-04, wd=0.0",5,layer4_lr3e-05_hd128_wd0.01_cosine,"lr3e-05,wd0.01",1502262280.92467,0.0030045245876424843
[8],5,"lr=1e-04, wd=0.0",5,layer4_lr0.0001_hd128_wd0.0_cosine,"lr0.0001,wd0.0",455162945.67463195,0.0009103259171424079
[8],5,"lr=1e-04, wd=0.0",5,layer4_lr0.0001_hd128_wd0.01_cosine,"lr0.0001,wd0.01",237708719.09510833,0.0004754174639833607
[8],5,"lr=1e-04, wd=0.0",5,layer4_lr0.0003_hd128_wd0.0_cosine,"lr0.0003,wd0.0",10395394906.1358,0.020790789838064743
[8],5,"lr=1e-04, wd=0.0",5,layer4_lr0.0003_hd128_wd0.01_cosine,"lr0.0003,wd0.01",18474687.5410008,3.694940087514564e-05
[8],5,"lr=1e-04, wd=0.0",5,layer4_lr0.001_hd128_wd0.0_cosine,"lr0.001,wd0.0",18137863878.195667,0.03627572778218448
[8],5,"lr=1e-04, wd=0.0",5,layer4_lr0.001_hd128_wd0.01_cosine,"lr0.001,wd0.01",1175028164.9948306,0.0023500563557828052
[8],5,"lr=1e-04, wd=0.0",5,layer4_lr0.003_hd128_wd0.0_cosine,"lr0.003,wd0.0",18335053037.612534,0.03667010610101821
[8],5,"lr=1e-04, wd=0.0",5,layer4_lr0.003_hd128_wd0.01_cosine,"lr0.003,wd0.01",9068409176.394682,0.018136818378582508
[8],5,"lr=1e-04, wd=0.0",10,layer4_lr1e-05_hd128_wd0.0_cosine,"lr1e-05,wd0.0",5022192677.132806,0.010044385380058755
[8],5,"lr=1e-04, wd=0.0",10,layer4_lr1e-05_hd128_wd0.01_cosine,"lr1e-05,wd0.01",4144399919.905968,0.00828879986560508
[8],5,"lr=1e-04, wd=0.0",10,layer4_lr3e-05_hd128_wd0.0_cosine,"lr3e-05,wd0.0",789103283.521525,0.001578206592836194
[8],5,"lr=1e-04, wd=0.0",10,layer4_lr3e-05_hd128_wd0.01_cosine,"lr3e-05,wd0.01",31847198.138022684,6.369442206918942e-05
[8],5,"lr=1e-04, wd=0.0",10,layer4_lr0.0001_hd128_wd0.0_cosine,"lr0.0001,wd0.0",2198640577.959007,0.004397281181711158
[8],5,"lr=1e-04, wd=0.0",10,layer4_lr0.0001_hd128_wd0.01_cosine,"lr0.0001,wd0.01",69925935.30756955,0.00013985189640828313
[8],5,"lr=1e-04, wd=0.0",10,layer4_lr0.0003_hd128_wd0.0_cosine,"lr0.0003,wd0.0",13239413024.246351,0.026478826074285845
[8],5,"lr=1e-04, wd=0.0",10,layer4_lr0.0003_hd128_wd0.01_cosine,"lr0.0003,wd0.01",193054113.2550158,0.0003861082523031756
[8],5,"lr=1e-04, wd=0.0",10,layer4_lr0.001_hd128_wd0.0_cosine,"lr0.001,wd0.0",15334242177.190603,0.03066848438017435
[8],5,"lr=1e-04, wd=0.0",10,layer4_lr0.001_hd128_wd0.01_cosine,"lr0.001,wd0.01",283935977.1388661,0.0005678719800708763
[8],5,"lr=1e-04, wd=0.0",10,layer4_lr0.003_hd128_wd0.0_cosine,"lr0.003,wd0.0",8007498280.81836,0.016014996587429865
[8],5,"lr=1e-04, wd=0.0",10,layer4_lr0.003_hd128_wd0.01_cosine,"lr0.003,wd0.01",12439983.557011023,2.4879992907166097e-05
[8],5,"lr=1e-04, wd=0.0",20,layer4_lr1e-05_hd128_wd0.0_cosine,"lr1e-05,wd0.0",114756834.23963524,0.00022951369427241453
[8],5,"lr=1e-04, wd=0.0",20,layer4_lr1e-05_hd128_wd0.01_cosine,"lr1e-05,wd0.01",540848.0724935686,1.0817219381311869e-06
[8],5,"lr=1e-04, wd=0.0",20,layer4_lr3e-05_hd128_wd0.0_cosine,"lr3e-05,wd0.0",44924371.453975976,8.984876870109599e-05
[8],5,"lr=1e-04, wd=0.0",20,layer4_lr3e-05_hd128_wd0.01_cosine,"lr3e-05,wd0.01",14213306.890307494,2.8426639573759037e-05
[8],5,"lr=1e-04, wd=0.0",20,layer4_lr0.0001_hd128_wd0.0_cosine,"lr0.0001,wd0.0",3327126457.6386175,0.006654252941070379
[8],5,"lr=1e-04, wd=0.0",20,layer4_lr0.0001_hd128_wd0.01_cosine,"lr0.0001,wd0.01",218210664.65911564,0.0004364213551113753
[8],5,"lr=1e-04, wd=0.0",20,layer4_lr0.0003_hd128_wd0.0_cosine,"lr0.0003,wd0.0",10242458577.464218,0.02048491718072158
[8],5,"lr=1e-04, wd=0.0",20,layer4_lr0.0003_hd128_wd0.01_cosine,"lr0.0003,wd0.01",332844396.1032617,0.0006656888179996676
[8],5,"lr=1e-04, wd=0.0",20,layer4_lr0.001_hd128_wd0.0_cosine,"lr0.001,wd0.0",12571395959.051966,0.025142791943897076
[8],5,"lr=1e-04, wd=0.0",20,layer4_lr0.001_hd128_wd0.01_cosine,"lr0.001,wd0.01",154232547.17773107,0.0003084651201486062
[8],5,"lr=1e-04, wd=0.0",20,layer4_lr0.003_hd128_wd0.0_cosine,"lr0.003,wd0.0",8232069789.195179,0.0164641396041835
[8],5,"lr=1e-04, wd=0.0",20,layer4_lr0.003_hd128_wd0.01_cosine,"lr0.003,wd0.01",4470778923.147294,0.008941557872087733
[8],5,"lr=1e-04, wd=0.0",50,layer4_lr1e-05_hd128_wd0.0_cosine,"lr1e-05,wd0.0",8439600.688883202,1.6879227170910456e-05
[8],5,"lr=1e-04, wd=0.0",50,layer4_lr1e-05_hd128_wd0.01_cosine,"lr1e-05,wd0.01",2496568.454713907,4.993162702571864e-06
[8],5,"lr=1e-04, wd=0.0",50,layer4_lr3e-05_hd128_wd0.0_cosine,"lr3e-05,wd0.0",38519385.606642306,7.703879700642866e-05
[8],5,"lr=1e-04, wd=0.0",50,layer4_lr3e-05_hd128_wd0.01_cosine,"lr3e-05,wd0.01",19099957.817787286,3.819994142871862e-05
[8],5,"lr=1e-04, wd=0.0",50,layer4_lr0.0001_hd128_wd0.0_cosine,"lr0.0001,wd0.0",541956714.3074981,0.0010839134544081402
[8],5,"lr=1e-04, wd=0.0",50,layer4_lr0.0001_hd128_wd0.01_cosine,"lr0.0001,wd0.01",49127.026520323554,9.827984618469662e-08
[8],5,"lr=1e-04, wd=0.0",50,layer4_lr0.0003_hd128_wd0.0_cosine,"lr0.0003,wd0.0",1433983788.452594,0.002867967602698332
[8],5,"lr=1e-04, wd=0.0",50,layer4_lr0.0003_hd128_wd0.01_cosine,"lr0.0003,wd0.01",67258.76878020017,1.3454333070444987e-07
[8],5,"lr=1e-04, wd=0.0",50,layer4_lr0.001_hd128_wd0.0_cosine,"lr0.001,wd0.0",739650447.9667455,0.001479300921726635
[8],5,"lr=1e-04, wd=0.0",50,layer4_lr0.001_hd128_wd0.01_cosine,"lr0.001,wd0.01",1159104219.6471033,0.0023182084650873506
[8],5,"lr=1e-04, wd=0.0",50,layer4_lr0.003_hd128_wd0.0_cosine,"lr0.003,wd0.0",2762307104.1116805,0.005524614234016506
[8],5,"lr=1e-04, wd=0.0",50,layer4_lr0.003_hd128_wd0.01_cosine,"lr0.003,wd0.01",4282723178.311697,0.008565446382416539
[8],5,"lr=1e-04, wd=0.0",90,layer4_lr1e-05_hd128_wd0.0_cosine,"lr1e-05,wd0.0",22339204.52306756,4.467843483927917e-05
[8],5,"lr=1e-04, wd=0.0",90,layer4_lr1e-05_hd128_wd0.01_cosine,"lr1e-05,wd0.01",2652402.157261506,5.304830107667061e-06
[8],5,"lr=1e-04, wd=0.0",90,layer4_lr3e-05_hd128_wd0.0_cosine,"lr3e-05,wd0.0",11554448.250908637,2.3108922294961326e-05
[8],5,"lr=1e-04, wd=0.0",90,layer4_lr3e-05_hd128_wd0.01_cosine,"lr3e-05,wd0.01",3628651.589614394,7.257328972372837e-06
[8],5,"lr=1e-04, wd=0.0",90,layer4_lr0.0001_hd128_wd0.0_cosine,"lr0.0001,wd0.0",7819322.138422302,1.5638670069988653e-05
[8],5,"lr=1e-04, wd=0.0",90,layer4_lr0.0001_hd128_wd0.01_cosine,"lr0.0001,wd0.01",8131743.744265008,1.6263513281674064e-05
[8],5,"lr=1e-04, wd=0.0",90,layer4_lr0.0003_hd128_wd0.0_cosine,"lr0.0003,wd0.0",98787619.05341019,0.00019757526389996443
[8],5,"lr=1e-04, wd=0.0",90,layer4_lr0.0003_hd128_wd0.01_cosine,"lr0.0003,wd0.01",4334484.101528727,8.668993996201504e-06
[8],5,"lr=1e-04, wd=0.0",90,layer4_lr0.001_hd128_wd0.0_cosine,"lr0.001,wd0.0",760226619.0243058,0.0015204532638417557
[8],5,"lr=1e-04, wd=0.0",90,layer4_lr0.001_hd128_wd0.01_cosine,"lr0.001,wd0.01",3038394.7419548207,6.07681527705369e-06
[8],5,"lr=1e-04, wd=0.0",90,layer4_lr0.003_hd128_wd0.0_cosine,"lr0.003,wd0.0",522322795.66631365,0.0010446456171257714
[8],5,"lr=1e-04, wd=0.0",90,layer4_lr0.003_hd128_wd0.01_cosine,"lr0.003,wd0.01",163993299.6657922,0.00032798662512472846
[8],6,"lr=1e-04, wd=0.01",0,layer4_lr1e-05_hd128_wd0.0_cosine,"lr1e-05,wd0.0",77214191244.08806,0.15442838251396926
[8],6,"lr=1e-04, wd=0.01",0,layer4_lr1e-05_hd128_wd0.01_cosine,"lr1e-05,wd0.01",57381698266.94898,0.1147633965596911
[8],6,"lr=1e-04, wd=0.01",0,layer4_lr3e-05_hd128_wd0.0_cosine,"lr3e-05,wd0.0",101441730809.09059,0.20288346164397433
[8],6,"lr=1e-04, wd=0.01",0,layer4_lr3e-05_hd128_wd0.01_cosine,"lr3e-05,wd0.01",74221501073.91304,0.14844300217361922
[8],6,"lr=1e-04, wd=0.01",0,layer4_lr0.0001_hd128_wd0.0_cosine,"lr0.0001,wd0.0",89493771211.17096,0.17898754244813506
[8],6,"lr=1e-04, wd=0.01",0,layer4_lr0.0001_hd128_wd0.01_cosine,"lr0.0001,wd0.01",85873885114.2929,0.17174777025437893
[8],6,"lr=1e-04, wd=0.01",0,layer4_lr0.0003_hd128_wd0.0_cosine,"lr0.0003,wd0.0",63037932153.0545,0.12607586433190213
[8],6,"lr=1e-04, wd=0.01",0,layer4_lr0.0003_hd128_wd0.01_cosine,"lr0.0003,wd0.01",88085069453.94936,0.17617013893369185
[8],6,"lr=1e-04, wd=0.01",0,layer4_lr0.001_hd128_wd0.0_cosine,"lr0.001,wd0.0",52142333440.66017,0.10428466690711348
[8],6,"lr=1e-04, wd=0.01",0,layer4_lr0.001_hd128_wd0.01_cosine,"lr0.001,wd0.01",84021024921.46118,0.16804204986871552
[8],6,"lr=1e-04, wd=0.01",0,layer4_lr0.003_hd128_wd0.0_cosine,"lr0.003,wd0.0",54995510997.74225,0.10999102202127763
[8],6,"lr=1e-04, wd=0.01",0,layer4_lr0.003_hd128_wd0.01_cosine,"lr0.003,wd0.01",76000735312.9919,0.15200147065177694
[8],6,"lr=1e-04, wd=0.01",5,layer4_lr1e-05_hd128_wd0.0_cosine,"lr1e-05,wd0.0",13037118979.16658,0.026074237984126305
[8],6,"lr=1e-04, wd=0.01",5,layer4_lr1e-05_hd128_wd0.01_cosine,"lr1e-05,wd0.01",7773599968.379282,0.015547199962551708
[8],6,"lr=1e-04, wd=0.01",5,layer4_lr3e-05_hd128_wd0.0_cosine,"lr3e-05,wd0.0",3253856573.091767,0.006507713171976678
[8],6,"lr=1e-04, wd=0.01",5,layer4_lr3e-05_hd128_wd0.01_cosine,"lr3e-05,wd0.01",1900483825.496251,0.0038009676767856463
[8],6,"lr=1e-04, wd=0.01",5,layer4_lr0.0001_hd128_wd0.0_cosine,"lr0.0001,wd0.0",297234223.56200284,0.0005944684729171498
[8],6,"lr=1e-04, wd=0.01",5,layer4_lr0.0001_hd128_wd0.01_cosine,"lr0.0001,wd0.01",373126252.4615545,0.0007462525307162532
[8],6,"lr=1e-04, wd=0.01",5,layer4_lr0.0003_hd128_wd0.0_cosine,"lr0.0003,wd0.0",9744376179.661661,0.019488752385116465
[8],6,"lr=1e-04, wd=0.01",5,layer4_lr0.0003_hd128_wd0.01_cosine,"lr0.0003,wd0.01",85373712.95947368,0.0001707474517120914
[8],6,"lr=1e-04, wd=0.01",5,layer4_lr0.001_hd128_wd0.0_cosine,"lr0.001,wd0.0",16846025957.194836,0.033692051940182814
[8],6,"lr=1e-04, wd=0.01",5,layer4_lr0.001_hd128_wd0.01_cosine,"lr0.001,wd0.01",510757610.3136205,0.0010215152464203851
[8],6,"lr=1e-04, wd=0.01",5,layer4_lr0.003_hd128_wd0.0_cosine,"lr0.003,wd0.0",16825413662.080202,0.033650827349953547
[8],6,"lr=1e-04, wd=0.01",5,layer4_lr0.003_hd128_wd0.01_cosine,"lr0.003,wd0.01",10025577047.12842,0.020051154120049985
[8],6,"lr=1e-04, wd=0.01",10,layer4_lr1e-05_hd128_wd0.0_cosine,"lr1e-05,wd0.0",5829117730.57767,0.011658235486948484
[8],6,"lr=1e-04, wd=0.01",10,layer4_lr1e-05_hd128_wd0.01_cosine,"lr1e-05,wd0.01",4720518043.267818,0.009441036112328782
[8],6,"lr=1e-04, wd=0.01",10,layer4_lr3e-05_hd128_wd0.0_cosine,"lr3e-05,wd0.0",1086981650.0772655,0.002173963325947675
[8],6,"lr=1e-04, wd=0.01",10,layer4_lr3e-05_hd128_wd0.01_cosine,"lr3e-05,wd0.01",104256673.33588685,0.00020851337246491776
[8],6,"lr=1e-04, wd=0.01",10,layer4_lr0.0001_hd128_wd0.0_cosine,"lr0.0001,wd0.0",1858580883.6218548,0.0037171617930368537
[8],6,"lr=1e-04, wd=0.01",10,layer4_lr0.0001_hd128_wd0.01_cosine,"lr0.0001,wd0.01",23276451.646744672,4.655292908663339e-05
[8],6,"lr=1e-04, wd=0.01",10,layer4_lr0.0003_hd128_wd0.0_cosine,"lr0.0003,wd0.0",12584800083.799799,0.025169600193392743
[8],6,"lr=1e-04, wd=0.01",10,layer4_lr0.0003_hd128_wd0.01_cosine,"lr0.0003,wd0.01",106398221.27138871,0.00021279646833592146
[8],6,"lr=1e-04, wd=0.01",10,layer4_lr0.001_hd128_wd0.0_cosine,"lr0.001,wd0.0",14813833088.787647,0.029627666203368437
[8],6,"lr=1e-04, wd=0.01",10,layer4_lr0.001_hd128_wd0.01_cosine,"lr0.001,wd0.01",449758472.46762973,0.0008995169707284035
[8],6,"lr=1e-04, wd=0.01",10,layer4_lr0.003_hd128_wd0.0_cosine,"lr0.003,wd0.0",7538517866.51744,0.015077035758828024
[8],6,"lr=1e-04, wd=0.01",10,layer4_lr0.003_hd128_wd0.01_cosine,"lr0.003,wd0.01",171882802.228246,0.00034376563024963606
[8],6,"lr=1e-04, wd=0.01",20,layer4_lr1e-05_hd128_wd0.0_cosine,"lr1e-05,wd0.0",158812965.80828503,0.0003176259574097141
[8],6,"lr=1e-04, wd=0.01",20,layer4_lr1e-05_hd128_wd0.01_cosine,"lr1e-05,wd0.01",10510045.608458221,2.1020117010060494e-05
[8],6,"lr=1e-04, wd=0.01",20,layer4_lr3e-05_hd128_wd0.0_cosine,"lr3e-05,wd0.0",6817881.782407808,1.3635789357959665e-05
[8],6,"lr=1e-04, wd=0.01",20,layer4_lr3e-05_hd128_wd0.01_cosine,"lr3e-05,wd0.01",58404201.86446751,0.00011680842952207906
[8],6,"lr=1e-04, wd=0.01",20,layer4_lr0.0001_hd128_wd0.0_cosine,"lr0.0001,wd0.0",3001322679.543095,0.006002645384879334
[8],6,"lr=1e-04, wd=0.01",20,layer4_lr0.0001_hd128_wd0.01_cosine,"lr0.0001,wd0.01",147410870.5563292,0.00029482176690580244
[8],6,"lr=1e-04, wd=0.01",20,layer4_lr0.0003_hd128_wd0.0_cosine,"lr0.0003,wd0.0",9847330011.470587,0.019694660048734318
[8],6,"lr=1e-04, wd=0.01",20,layer4_lr0.0003_hd128_wd0.01_cosine,"lr0.0003,wd0.01",243310825.44193068,0.0004866216766770054
[8],6,"lr=1e-04, wd=0.01",20,layer4_lr0.001_hd128_wd0.0_cosine,"lr0.001,wd0.0",12267798282.664621,0.024535596591122387
[8],6,"lr=1e-04, wd=0.01",20,layer4_lr0.001_hd128_wd0.01_cosine,"lr0.001,wd0.01",71552327.14311323,0.0001431046800793705
[8],6,"lr=1e-04, wd=0.01",20,layer4_lr0.003_hd128_wd0.0_cosine,"lr0.003,wd0.0",7894118544.873801,0.015788237115540747
[8],6,"lr=1e-04, wd=0.01",20,layer4_lr0.003_hd128_wd0.01_cosine,"lr0.003,wd0.01",5029634881.0801115,0.010059269787953367
[8],6,"lr=1e-04, wd=0.01",50,layer4_lr1e-05_hd128_wd0.0_cosine,"lr1e-05,wd0.0",4780245.773325179,9.560517339794406e-06
[8],6,"lr=1e-04, wd=0.01",50,layer4_lr1e-05_hd128_wd0.01_cosine,"lr1e-05,wd0.01",150122.0906760162,3.0026997449608193e-07
[8],6,"lr=1e-04, wd=0.01",50,layer4_lr3e-05_hd128_wd0.0_cosine,"lr3e-05,wd0.0",29151830.09866026,5.830368599046457e-05
[8],6,"lr=1e-04, wd=0.01",50,layer4_lr3e-05_hd128_wd0.01_cosine,"lr3e-05,wd0.01",9448205.298704049,1.889643639055215e-05
[8],6,"lr=1e-04, wd=0.01",50,layer4_lr0.0001_hd128_wd0.0_cosine,"lr0.0001,wd0.0",515681297.94395864,0.0010313626216810613
[8],6,"lr=1e-04, wd=0.01",50,layer4_lr0.0001_hd128_wd0.01_cosine,"lr0.0001,wd0.01",540847.5263701046,1.0817208458842588e-06
[8],6,"lr=1e-04, wd=0.01",50,layer4_lr0.0003_hd128_wd0.0_cosine,"lr0.0003,wd0.0",1331640833.32903,0.0026632816924512044
[8],6,"lr=1e-04, wd=0.01",50,layer4_lr0.0003_hd128_wd0.01_cosine,"lr0.0003,wd0.01",537353.1559140746,1.0747321049721988e-06
[8],6,"lr=1e-04, wd=0.01",50,layer4_lr0.001_hd128_wd0.0_cosine,"lr0.001,wd0.0",408141245.4599944,0.0008162825167131329
[8],6,"lr=1e-04, wd=0.01",50,layer4_lr0.001_hd128_wd0.01_cosine,"lr0.001,wd0.01",1263322774.6704245,0.002526645575133993
[8],6,"lr=1e-04, wd=0.01",50,layer4_lr0.003_hd128_wd0.0_cosine,"lr0.003,wd0.0",2641695188.5951505,0.005283390402983445
[8],6,"lr=1e-04, wd=0.01",50,layer4_lr0.003_hd128_wd0.01_cosine,"lr0.003,wd0.01",4584518222.340353,0.00916903647047385
[8],6,"lr=1e-04, wd=0.01",90,layer4_lr1e-05_hd128_wd0.0_cosine,"lr1e-05,wd0.0",21879537.285119705,4.3759100363383456e-05
[8],6,"lr=1e-04, wd=0.01",90,layer4_lr1e-05_hd128_wd0.01_cosine,"lr1e-05,wd0.01",1740555.3699216011,3.481136532987252e-06
[8],6,"lr=1e-04, wd=0.01",90,layer4_lr3e-05_hd128_wd0.0_cosine,"lr3e-05,wd0.0",10586256.385393767,2.1172538563931583e-05
[8],6,"lr=1e-04, wd=0.01",90,layer4_lr3e-05_hd128_wd0.01_cosine,"lr3e-05,wd0.01",1869568.2706518343,3.739162334447718e-06
[8],6,"lr=1e-04, wd=0.01",90,layer4_lr0.0001_hd128_wd0.0_cosine,"lr0.0001,wd0.0",4553855.782735208,9.107737358614465e-06
[8],6,"lr=1e-04, wd=0.01",90,layer4_lr0.0001_hd128_wd0.01_cosine,"lr0.0001,wd0.01",5501988.97379887,1.100400374074179e-05
[8],6,"lr=1e-04, wd=0.01",90,layer4_lr0.0003_hd128_wd0.0_cosine,"lr0.0003,wd0.0",82459680.80321082,0.00016491938739956568
[8],6,"lr=1e-04, wd=0.01",90,layer4_lr0.0003_hd128_wd0.01_cosine,"lr0.0003,wd0.01",6414617.58243859,1.282926095802123e-05
[8],6,"lr=1e-04, wd=0.01",90,layer4_lr0.001_hd128_wd0.0_cosine,"lr0.001,wd0.0",708893412.5437624,0.001417786850880669
[8],6,"lr=1e-04, wd=0.01",90,layer4_lr0.001_hd128_wd0.01_cosine,"lr0.001,wd0.01",3234947.0416543023,6.469919876452654e-06
[8],6,"lr=1e-04, wd=0.01",90,layer4_lr0.003_hd128_wd0.0_cosine,"lr0.003,wd0.0",481177655.76948756,0.0009623553373321192
[8],6,"lr=1e-04, wd=0.01",90,layer4_lr0.003_hd128_wd0.01_cosine,"lr0.003,wd0.01",151384513.60234907,0.0003027690529978422
[8],7,"lr=3e-04, wd=0.0",0,layer4_lr1e-05_hd128_wd0.0_cosine,"lr1e-05,wd0.0",33361026581.59592,0.06672205318898498
[8],7,"lr=3e-04, wd=0.0",0,layer4_lr1e-05_hd128_wd0.01_cosine,"lr1e-05,wd0.01",20556567744.98056,0.04111313551575426
[8],7,"lr=3e-04, wd=0.0",0,layer4_lr3e-05_hd128_wd0.0_cosine,"lr3e-05,wd0.0",50358202050.63938,0.10071640412707189
[8],7,"lr=3e-04, wd=0.0",0,layer4_lr3e-05_hd128_wd0.01_cosine,"lr3e-05,wd0.01",31407753001.15418,0.0628155060281015
[8],7,"lr=3e-04, wd=0.0",0,layer4_lr0.0001_hd128_wd0.0_cosine,"lr0.0001,wd0.0",42907097943.13681,0.08581419591206675
[8],7,"lr=3e-04, wd=0.0",0,layer4_lr0.0001_hd128_wd0.01_cosine,"lr0.0001,wd0.01",39898308877.97722,0.07979661778174757
[8],7,"lr=3e-04, wd=0.0",0,layer4_lr0.0003_hd128_wd0.0_cosine,"lr0.0003,wd0.0",25832950608.00002,0.05166590124179318
[8],7,"lr=3e-04, wd=0.0",0,layer4_lr0.0003_hd128_wd0.01_cosine,"lr0.0003,wd0.01",42143228565.3561,0.08428645715650535
[8],7,"lr=3e-04, wd=0.0",0,layer4_lr0.001_hd128_wd0.0_cosine,"lr0.001,wd0.0",19387889898.54756,0.03877577982288827
[8],7,"lr=3e-04, wd=0.0",0,layer4_lr0.001_hd128_wd0.01_cosine,"lr0.001,wd0.01",39992328977.15286,0.07998465798009886
[8],7,"lr=3e-04, wd=0.0",0,layer4_lr0.003_hd128_wd0.0_cosine,"lr0.003,wd0.0",21466377281.850334,0.04293275458949381
[8],7,"lr=3e-04, wd=0.0",0,layer4_lr0.003_hd128_wd0.01_cosine,"lr0.003,wd0.01",35032570931.798546,0.07006514188939023
[8],7,"lr=3e-04, wd=0.0",5,layer4_lr1e-05_hd128_wd0.0_cosine,"lr1e-05,wd0.0",10467737734.002583,0.02093547549379831
[8],7,"lr=3e-04, wd=0.0",5,layer4_lr1e-05_hd128_wd0.01_cosine,"lr1e-05,wd0.01",5261992544.626922,0.010523985115046987
[8],7,"lr=3e-04, wd=0.0",5,layer4_lr3e-05_hd128_wd0.0_cosine,"lr3e-05,wd0.0",5368631698.223277,0.010737263422239698
[8],7,"lr=3e-04, wd=0.0",5,layer4_lr3e-05_hd128_wd0.01_cosine,"lr3e-05,wd0.01",3224329104.2149525,0.006448658234223049
[8],7,"lr=3e-04, wd=0.0",5,layer4_lr0.0001_hd128_wd0.0_cosine,"lr0.0001,wd0.0",11634402.330353849,2.3268830453851748e-05
[8],7,"lr=3e-04, wd=0.0",5,layer4_lr0.0001_hd128_wd0.01_cosine,"lr0.0001,wd0.01",1651082352.0655882,0.003302164729924321
[8],7,"lr=3e-04, wd=0.0",5,layer4_lr0.0003_hd128_wd0.0_cosine,"lr0.0003,wd0.0",6302222636.269871,0.012604445298332885
[8],7,"lr=3e-04, wd=0.0",5,layer4_lr0.0003_hd128_wd0.01_cosine,"lr0.0003,wd0.01",582010410.6442457,0.0011640208470816355
[8],7,"lr=3e-04, wd=0.0",5,layer4_lr0.001_hd128_wd0.0_cosine,"lr0.001,wd0.0",12416631861.588646,0.024833263748970436
[8],7,"lr=3e-04, wd=0.0",5,layer4_lr0.001_hd128_wd0.01_cosine,"lr0.001,wd0.01",29556101.316150676,5.91122284254454e-05
[8],7,"lr=3e-04, wd=0.0",5,layer4_lr0.003_hd128_wd0.0_cosine,"lr0.003,wd0.0",11800911116.635622,0.023601822259064386
[8],7,"lr=3e-04, wd=0.0",5,layer4_lr0.003_hd128_wd0.01_cosine,"lr0.003,wd0.01",11754172484.686459,0.02350834499516606
[8],7,"lr=3e-04, wd=0.0",10,layer4_lr1e-05_hd128_wd0.0_cosine,"lr1e-05,wd0.0",6770611133.376187,0.01354122229254552
[8],7,"lr=3e-04, wd=0.0",10,layer4_lr1e-05_hd128_wd0.01_cosine,"lr1e-05,wd0.01",4989991891.454318,0.00997998380870178
[8],7,"lr=3e-04, wd=0.0",10,layer4_lr3e-05_hd128_wd0.0_cosine,"lr3e-05,wd0.0",2574295177.306818,0.0051485903804067805
[8],7,"lr=3e-04, wd=0.0",10,layer4_lr3e-05_hd128_wd0.01_cosine,"lr3e-05,wd0.01",856797959.6997646,0.001713595945192673
[8],7,"lr=3e-04, wd=0.0",10,layer4_lr0.0001_hd128_wd0.0_cosine,"lr0.0001,wd0.0",431669133.14030993,0.0008633382920737639
[8],7,"lr=3e-04, wd=0.0",10,layer4_lr0.0001_hd128_wd0.01_cosine,"lr0.0001,wd0.01",194391574.55427584,0.00038878317490169574
[8],7,"lr=3e-04, wd=0.0",10,layer4_lr0.0003_hd128_wd0.0_cosine,"lr0.0003,wd0.0",8783572446.629684,0.01756714491905251
[8],7,"lr=3e-04, wd=0.0",10,layer4_lr0.0003_hd128_wd0.01_cosine,"lr0.0003,wd0.01",54036270.08617944,0.00010807256596550293
[8],7,"lr=3e-04, wd=0.0",10,layer4_lr0.001_hd128_wd0.0_cosine,"lr0.001,wd0.0",11196828626.649202,0.02239365727909155
[8],7,"lr=3e-04, wd=0.0",10,layer4_lr0.001_hd128_wd0.01_cosine,"lr0.001,wd0.01",1317961194.6520116,0.0026359224150971673
[8],7,"lr=3e-04, wd=0.0",10,layer4_lr0.003_hd128_wd0.0_cosine,"lr0.003,wd0.0",5145900800.649332,0.010291801627091809
[8],7,"lr=3e-04, wd=0.0",10,layer4_lr0.003_hd128_wd0.01_cosine,"lr0.003,wd0.01",1390518724.2530458,0.002781037474299236
[8],7,"lr=3e-04, wd=0.0",20,layer4_lr1e-05_hd128_wd0.0_cosine,"lr1e-05,wd0.0",976389838.8777099,0.0019527797035485638
[8],7,"lr=3e-04, wd=0.0",20,layer4_lr1e-05_hd128_wd0.01_cosine,"lr1e-05,wd0.01",520695859.9039006,0.0010413917456009454
[8],7,"lr=3e-04, wd=0.0",20,layer4_lr3e-05_hd128_wd0.0_cosine,"lr3e-05,wd0.0",127680258.1796209,0.00025536054215238586
[8],7,"lr=3e-04, wd=0.0",20,layer4_lr3e-05_hd128_wd0.01_cosine,"lr3e-05,wd0.01",408572600.81496185,0.0008171452274230678
[8],7,"lr=3e-04, wd=0.0",20,layer4_lr0.0001_hd128_wd0.0_cosine,"lr0.0001,wd0.0",1741837708.8874052,0.0034836754435679544
[8],7,"lr=3e-04, wd=0.0",20,layer4_lr0.0001_hd128_wd0.01_cosine,"lr0.0001,wd0.01",4921428.770104278,9.842883333352605e-06
[8],7,"lr=3e-04, wd=0.0",20,layer4_lr0.0003_hd128_wd0.0_cosine,"lr0.0003,wd0.0",8087633036.241431,0.016175266098276006
[8],7,"lr=3e-04, wd=0.0",20,layer4_lr0.0003_hd128_wd0.01_cosine,"lr0.0003,wd0.01",711156.8349341827,1.422339463012415e-06
[8],7,"lr=3e-04, wd=0.0",20,layer4_lr0.001_hd128_wd0.0_cosine,"lr0.001,wd0.0",10395002518.28698,0.0207900050623671
[8],7,"lr=3e-04, wd=0.0",20,layer4_lr0.001_hd128_wd0.01_cosine,"lr0.001,wd0.01",130170597.58520718,0.0002603412209635584
[8],7,"lr=3e-04, wd=0.0",20,layer4_lr0.003_hd128_wd0.0_cosine,"lr0.003,wd0.0",6010918320.251971,0.012021836666297086
[8],7,"lr=3e-04, wd=0.0",20,layer4_lr0.003_hd128_wd0.01_cosine,"lr0.003,wd0.01",7101245169.805082,0.014202490365403308
[8],7,"lr=3e-04, wd=0.0",50,layer4_lr1e-05_hd128_wd0.0_cosine,"lr1e-05,wd0.0",18131029.434589434,3.6262084662322914e-05
[8],7,"lr=3e-04, wd=0.0",50,layer4_lr1e-05_hd128_wd0.01_cosine,"lr1e-05,wd0.01",33193173.41395465,6.638637262105334e-05
[8],7,"lr=3e-04, wd=0.0",50,layer4_lr3e-05_hd128_wd0.0_cosine,"lr3e-05,wd0.0",5765009.976096293,1.1530045745336635e-05
[8],7,"lr=3e-04, wd=0.0",50,layer4_lr3e-05_hd128_wd0.01_cosine,"lr3e-05,wd0.01",64425.11260412176,1.2887601835229303e-07
[8],7,"lr=3e-04, wd=0.0",50,layer4_lr0.0001_hd128_wd0.0_cosine,"lr0.0001,wd0.0",448098197.97647345,0.000896196421746091
[8],7,"lr=3e-04, wd=0.0",50,layer4_lr0.0001_hd128_wd0.01_cosine,"lr0.0001,wd0.01",4925032.015724604,9.850089824593256e-06
[8],7,"lr=3e-04, wd=0.0",50,layer4_lr0.0003_hd128_wd0.0_cosine,"lr0.0003,wd0.0",763562053.0529956,0.001527124131899135
[8],7,"lr=3e-04, wd=0.0",50,layer4_lr0.0003_hd128_wd0.01_cosine,"lr0.0003,wd0.01",7276611.691912088,1.4553249176968224e-05
[8],7,"lr=3e-04, wd=0.0",50,layer4_lr0.001_hd128_wd0.0_cosine,"lr0.001,wd0.0",1212566757.1117487,0.0024251335400166415
[8],7,"lr=3e-04, wd=0.0",50,layer4_lr0.001_hd128_wd0.01_cosine,"lr0.001,wd0.01",1435934134.8680632,0.0028718682955292704
[8],7,"lr=3e-04, wd=0.0",50,layer4_lr0.003_hd128_wd0.0_cosine,"lr0.003,wd0.0",2526177011.5067687,0.005052354048806682
[8],7,"lr=3e-04, wd=0.0",50,layer4_lr0.003_hd128_wd0.01_cosine,"lr0.003,wd0.01",5193377614.510782,0.010386755254814709
[8],7,"lr=3e-04, wd=0.0",90,layer4_lr1e-05_hd128_wd0.0_cosine,"lr1e-05,wd0.0",10273941.211776813,2.0547908216697678e-05
[8],7,"lr=3e-04, wd=0.0",90,layer4_lr1e-05_hd128_wd0.01_cosine,"lr1e-05,wd0.01",515120.7646777086,1.0302673224994667e-06
[8],7,"lr=3e-04, wd=0.0",90,layer4_lr3e-05_hd128_wd0.0_cosine,"lr3e-05,wd0.0",8124888.362259136,1.624980251766232e-05
[8],7,"lr=3e-04, wd=0.0",90,layer4_lr3e-05_hd128_wd0.01_cosine,"lr3e-05,wd0.01",681137.794731788,1.3623013826076256e-06
[8],7,"lr=3e-04, wd=0.0",90,layer4_lr0.0001_hd128_wd0.0_cosine,"lr0.0001,wd0.0",1773229.9287991226,3.546485650742295e-06
[8],7,"lr=3e-04, wd=0.0",90,layer4_lr0.0001_hd128_wd0.01_cosine,"lr0.0001,wd0.01",4551284.330099606,9.10259445334326e-06
[8],7,"lr=3e-04, wd=0.0",90,layer4_lr0.0003_hd128_wd0.0_cosine,"lr0.0003,wd0.0",56626429.151518844,0.00011325288409618173
[8],7,"lr=3e-04, wd=0.0",90,layer4_lr0.0003_hd128_wd0.01_cosine,"lr0.0003,wd0.01",11002482.392731458,2.2004990578606966e-05
[8],7,"lr=3e-04, wd=0.0",90,layer4_lr0.001_hd128_wd0.0_cosine,"lr0.001,wd0.0",658316277.5851543,0.0013166325809634526
[8],7,"lr=3e-04, wd=0.0",90,layer4_lr0.001_hd128_wd0.01_cosine,"lr0.001,wd0.01",565718.4204359886,1.1314626340160268e-06
[8],7,"lr=3e-04, wd=0.0",90,layer4_lr0.003_hd128_wd0.0_cosine,"lr0.003,wd0.0",339533981.41037357,0.0006790679886138913
[8],7,"lr=3e-04, wd=0.0",90,layer4_lr0.003_hd128_wd0.01_cosine,"lr0.003,wd0.01",194555181.529094,0.00038911038885133207
[8],8,"lr=3e-04, wd=0.01",0,layer4_lr1e-05_hd128_wd0.0_cosine,"lr1e-05,wd0.0",51238432846.2581,0.10247686571830934
[8],8,"lr=3e-04, wd=0.01",0,layer4_lr1e-05_hd128_wd0.01_cosine,"lr1e-05,wd0.01",35327768463.96995,0.07065553695373303
[8],8,"lr=3e-04, wd=0.01",0,layer4_lr3e-05_hd128_wd0.0_cosine,"lr3e-05,wd0.0",71893388433.35283,0.1437867768924988
[8],8,"lr=3e-04, wd=0.01",0,layer4_lr3e-05_hd128_wd0.01_cosine,"lr3e-05,wd0.01",49283414497.23011,0.09856682902025335
[8],8,"lr=3e-04, wd=0.01",0,layer4_lr0.0001_hd128_wd0.0_cosine,"lr0.0001,wd0.0",62916251885.86299,0.12583250379751912
[8],8,"lr=3e-04, wd=0.01",0,layer4_lr0.0001_hd128_wd0.01_cosine,"lr0.0001,wd0.01",59852509148.737724,0.11970501832326859
[8],8,"lr=3e-04, wd=0.01",0,layer4_lr0.0003_hd128_wd0.0_cosine,"lr0.0003,wd0.0",41642765418.277084,0.0832855308623473
[8],8,"lr=3e-04, wd=0.01",0,layer4_lr0.0003_hd128_wd0.01_cosine,"lr0.0003,wd0.01",62404559160.76773,0.1248091183473286
[8],8,"lr=3e-04, wd=0.01",0,layer4_lr0.001_hd128_wd0.0_cosine,"lr0.001,wd0.0",33173861607.602913,0.06634772324099897
[8],8,"lr=3e-04, wd=0.01",0,layer4_lr0.001_hd128_wd0.01_cosine,"lr0.001,wd0.01",59442725508.574104,0.11888545104294135
[8],8,"lr=3e-04, wd=0.01",0,layer4_lr0.003_hd128_wd0.0_cosine,"lr0.003,wd0.0",35835852078.04789,0.07167170418188891
[8],8,"lr=3e-04, wd=0.01",0,layer4_lr0.003_hd128_wd0.01_cosine,"lr0.003,wd0.01",53217125654.480545,0.10643425133475423
[8],8,"lr=3e-04, wd=0.01",5,layer4_lr1e-05_hd128_wd0.0_cosine,"lr1e-05,wd0.0",11836874512.368874,0.023673749050530893
[8],8,"lr=3e-04, wd=0.01",5,layer4_lr1e-05_hd128_wd0.01_cosine,"lr1e-05,wd0.01",6576547869.456207,0.01315309576470556
[8],8,"lr=3e-04, wd=0.01",5,layer4_lr3e-05_hd128_wd0.0_cosine,"lr3e-05,wd0.0",4902096800.7070875,0.009804193627207318
[8],8,"lr=3e-04, wd=0.01",5,layer4_lr3e-05_hd128_wd0.01_cosine,"lr3e-05,wd0.01",2897067498.4970045,0.005794135022787153
[8],8,"lr=3e-04, wd=0.01",5,layer4_lr0.0001_hd128_wd0.0_cosine,"lr0.0001,wd0.0",2745786.8258443493,5.491599444832748e-06
[8],8,"lr=3e-04, wd=0.01",5,layer4_lr0.0001_hd128_wd0.01_cosine,"lr0.0001,wd0.01",1208320752.9066994,0.002416641531606543
[8],8,"lr=3e-04, wd=0.01",5,layer4_lr0.0003_hd128_wd0.0_cosine,"lr0.0003,wd0.0",7208734961.457116,0.014417469948707375
[8],8,"lr=3e-04, wd=0.01",5,layer4_lr0.0003_hd128_wd0.01_cosine,"lr0.0003,wd0.01",434333600.2090539,0.0008686672262112518
[8],8,"lr=3e-04, wd=0.01",5,layer4_lr0.001_hd128_wd0.0_cosine,"lr0.001,wd0.0",13129644984.639153,0.02625928999507145
[8],8,"lr=3e-04, wd=0.01",5,layer4_lr0.001_hd128_wd0.01_cosine,"lr0.001,wd0.01",10260822.40396345,2.0521670601070952e-05
[8],8,"lr=3e-04, wd=0.01",5,layer4_lr0.003_hd128_wd0.0_cosine,"lr0.003,wd0.0",12504515424.085741,0.025009030873964624
[8],8,"lr=3e-04, wd=0.01",5,layer4_lr0.003_hd128_wd0.01_cosine,"lr0.003,wd0.01",11451533803.776564,0.02290306763334627
[8],8,"lr=3e-04, wd=0.01",10,layer4_lr1e-05_hd128_wd0.0_cosine,"lr1e-05,wd0.0",6728029322.102609,0.01345605866999836
[8],8,"lr=3e-04, wd=0.01",10,layer4_lr1e-05_hd128_wd0.01_cosine,"lr1e-05,wd0.01",5252077354.2358,0.010504154734264744
[8],8,"lr=3e-04, wd=0.01",10,layer4_lr3e-05_hd128_wd0.0_cosine,"lr3e-05,wd0.0",2059149017.3982859,0.004118298060589716
[8],8,"lr=3e-04, wd=0.01",10,layer4_lr3e-05_hd128_wd0.01_cosine,"lr3e-05,wd0.01",540652758.7173091,0.001081305543227762
[8],8,"lr=3e-04, wd=0.01",10,layer4_lr0.0001_hd128_wd0.0_cosine,"lr0.0001,wd0.0",782899099.5235256,0.001565798224840195
[8],8,"lr=3e-04, wd=0.01",10,layer4_lr0.0001_hd128_wd0.01_cosine,"lr0.0001,wd0.01",69684737.02435188,0.00013936949984184782
[8],8,"lr=3e-04, wd=0.01",10,layer4_lr0.0003_hd128_wd0.0_cosine,"lr0.0003,wd0.0",9887659637.948729,0.019775319301690603
[8],8,"lr=3e-04, wd=0.01",10,layer4_lr0.0003_hd128_wd0.01_cosine,"lr0.0003,wd0.01",8395794.61304229,1.679161501922863e-05
[8],8,"lr=3e-04, wd=0.01",10,layer4_lr0.001_hd128_wd0.0_cosine,"lr0.001,wd0.0",12416133423.260468,0.024832266872314077
[8],8,"lr=3e-04, wd=0.01",10,layer4_lr0.001_hd128_wd0.01_cosine,"lr0.001,wd0.01",1007980212.9143938,0.0020159604516219315
[8],8,"lr=3e-04, wd=0.01",10,layer4_lr0.003_hd128_wd0.0_cosine,"lr0.003,wd0.0",5906007489.232318,0.01181201500425778
[8],8,"lr=3e-04, wd=0.01",10,layer4_lr0.003_hd128_wd0.01_cosine,"lr0.003,wd0.01",1127172502.4511862,0.0022543450306955165
[8],8,"lr=3e-04, wd=0.01",20,layer4_lr1e-05_hd128_wd0.0_cosine,"lr1e-05,wd0.0",352299350.9740405,0.0007045987277412251
[8],8,"lr=3e-04, wd=0.01",20,layer4_lr1e-05_hd128_wd0.01_cosine,"lr1e-05,wd0.01",111189765.10518722,0.0002223795560035185
[8],8,"lr=3e-04, wd=0.01",20,layer4_lr3e-05_hd128_wd0.0_cosine,"lr3e-05,wd0.0",23034605.972824287,4.606923773879262e-05
[8],8,"lr=3e-04, wd=0.01",20,layer4_lr3e-05_hd128_wd0.01_cosine,"lr3e-05,wd0.01",232858862.08719304,0.0004657177499675301
[8],8,"lr=3e-04, wd=0.01",20,layer4_lr0.0001_hd128_wd0.0_cosine,"lr0.0001,wd0.0",2173718922.792082,0.004347437871377308
[8],8,"lr=3e-04, wd=0.01",20,layer4_lr0.0001_hd128_wd0.01_cosine,"lr0.0001,wd0.01",5029503.85661041,1.0059033506364868e-05
[8],8,"lr=3e-04, wd=0.01",20,layer4_lr0.0003_hd128_wd0.0_cosine,"lr0.0003,wd0.0",8684992809.708162,0.017369985645209467
[8],8,"lr=3e-04, wd=0.01",20,layer4_lr0.0003_hd128_wd0.01_cosine,"lr0.0003,wd0.01",11246196.378820531,2.2492418550785113e-05
[8],8,"lr=3e-04, wd=0.01",20,layer4_lr0.001_hd128_wd0.0_cosine,"lr0.001,wd0.0",10967225193.38634,0.021934450412565823
[8],8,"lr=3e-04, wd=0.01",20,layer4_lr0.001_hd128_wd0.01_cosine,"lr0.001,wd0.01",44142509.73656052,8.828504526626509e-05
[8],8,"lr=3e-04, wd=0.01",20,layer4_lr0.003_hd128_wd0.0_cosine,"lr0.003,wd0.0",6614258575.025783,0.013228517175844709
[8],8,"lr=3e-04, wd=0.01",20,layer4_lr0.003_hd128_wd0.01_cosine,"lr0.003,wd0.01",6344598451.816232,0.012689196929425607
[8],8,"lr=3e-04, wd=0.01",50,layer4_lr1e-05_hd128_wd0.0_cosine,"lr1e-05,wd0.0",20775.348298819885,4.157648974168929e-08
[8],8,"lr=3e-04, wd=0.01",50,layer4_lr1e-05_hd128_wd0.01_cosine,"lr1e-05,wd0.01",2442221.5950107076,4.884468983165464e-06
[8],8,"lr=3e-04, wd=0.01",50,layer4_lr3e-05_hd128_wd0.0_cosine,"lr3e-05,wd0.0",23141597.527316485,4.6283220847777014e-05
[8],8,"lr=3e-04, wd=0.01",50,layer4_lr3e-05_hd128_wd0.01_cosine,"lr3e-05,wd0.01",4898669.825408224,9.797365443960498e-06
[8],8,"lr=3e-04, wd=0.01",50,layer4_lr0.0001_hd128_wd0.0_cosine,"lr0.0001,wd0.0",511480541.8811781,0.0010229611095555003
[8],8,"lr=3e-04, wd=0.01",50,layer4_lr0.0001_hd128_wd0.01_cosine,"lr0.0001,wd0.01",1520651.8092676369,3.0413294116793235e-06
[8],8,"lr=3e-04, wd=0.01",50,layer4_lr0.0003_hd128_wd0.0_cosine,"lr0.0003,wd0.0",884491020.7172877,0.0017689820672277194
[8],8,"lr=3e-04, wd=0.01",50,layer4_lr0.0003_hd128_wd0.01_cosine,"lr0.0003,wd0.01",3056509.709403574,6.113045211951197e-06
[8],8,"lr=3e-04, wd=0.01",50,layer4_lr0.001_hd128_wd0.0_cosine,"lr0.001,wd0.0",899373479.659262,0.0017987469851116677
[8],8,"lr=3e-04, wd=0.01",50,layer4_lr0.001_hd128_wd0.01_cosine,"lr0.001,wd0.01",1369757812.456433,0.0027395156507060104
[8],8,"lr=3e-04, wd=0.01",50,layer4_lr0.003_hd128_wd0.0_cosine,"lr0.003,wd0.0",2539097073.286473,0.00507819417236609
[8],8,"lr=3e-04, wd=0.01",50,layer4_lr0.003_hd128_wd0.01_cosine,"lr0.003,wd0.01",4875729003.655443,0.009751458033104031
[8],8,"lr=3e-04, wd=0.01",90,layer4_lr1e-05_hd128_wd0.0_cosine,"lr1e-05,wd0.0",17177951.847206783,3.435592948755761e-05
[8],8,"lr=3e-04, wd=0.01",90,layer4_lr1e-05_hd128_wd0.01_cosine,"lr1e-05,wd0.01",240454.5701054819,4.809349333550133e-07
[8],8,"lr=3e-04, wd=0.01",90,layer4_lr3e-05_hd128_wd0.0_cosine,"lr3e-05,wd0.0",11142506.453708265,2.228503870056058e-05
[8],8,"lr=3e-04, wd=0.01",90,layer4_lr3e-05_hd128_wd0.01_cosine,"lr3e-05,wd0.01",1577603.1116285378,3.155232016401125e-06
[8],8,"lr=3e-04, wd=0.01",90,layer4_lr0.0001_hd128_wd0.0_cosine,"lr0.0001,wd0.0",1215873.1728087915,2.4317721387616326e-06
[8],8,"lr=3e-04, wd=0.01",90,layer4_lr0.0001_hd128_wd0.01_cosine,"lr0.0001,wd0.01",4796573.070602929,9.593171934349907e-06
[8],8,"lr=3e-04, wd=0.01",90,layer4_lr0.0003_hd128_wd0.0_cosine,"lr0.0003,wd0.0",50222802.15331511,0.00010044563009977427
[8],8,"lr=3e-04, wd=0.01",90,layer4_lr0.0003_hd128_wd0.01_cosine,"lr0.0003,wd0.01",8296316.608558596,1.659265901026124e-05
[8],8,"lr=3e-04, wd=0.01",90,layer4_lr0.001_hd128_wd0.0_cosine,"lr0.001,wd0.0",618381130.8354634,0.0012367622874640708
[8],8,"lr=3e-04, wd=0.01",90,layer4_lr0.001_hd128_wd0.01_cosine,"lr0.001,wd0.01",3131154.4732239144,6.262334739591878e-06
[8],8,"lr=3e-04, wd=0.01",90,layer4_lr0.003_hd128_wd0.0_cosine,"lr0.003,wd0.0",332879147.1629574,0.0006657583201190589
[8],8,"lr=3e-04, wd=0.01",90,layer4_lr0.003_hd128_wd0.01_cosine,"lr0.003,wd0.01",138650284.8323174,0.00027730059545777886
[8],9,"lr=0.001, wd=0.0",0,layer4_lr1e-05_hd128_wd0.0_cosine,"lr1e-05,wd0.0",28259419657.060642,0.05651883933991443
[8],9,"lr=0.001, wd=0.0",0,layer4_lr1e-05_hd128_wd0.01_cosine,"lr1e-05,wd0.01",16578817452.15045,0.03315763493009404
[8],9,"lr=0.001, wd=0.0",0,layer4_lr3e-05_hd128_wd0.0_cosine,"lr3e-05,wd0.0",44548065589.06791,0.08909613120392895
[8],9,"lr=0.001, wd=0.0",0,layer4_lr3e-05_hd128_wd0.01_cosine,"lr3e-05,wd0.01",26807305633.902805,0.053614611293598756
[8],9,"lr=0.001, wd=0.0",0,layer4_lr0.0001_hd128_wd0.0_cosine,"lr0.0001,wd0.0",38239835031.5991,0.07647967008899133
[8],9,"lr=0.001, wd=0.0",0,layer4_lr0.0001_hd128_wd0.01_cosine,"lr0.0001,wd0.01",35310184570.62571,0.07062036916704456
[8],9,"lr=0.001, wd=0.0",0,layer4_lr0.0003_hd128_wd0.0_cosine,"lr0.0003,wd0.0",22707987758.28743,0.045415975542368
[8],9,"lr=0.001, wd=0.0",0,layer4_lr0.0003_hd128_wd0.01_cosine,"lr0.0003,wd0.01",37956209284.50024,0.07591241859479361
[8],9,"lr=0.001, wd=0.0",0,layer4_lr0.001_hd128_wd0.0_cosine,"lr0.001,wd0.0",16915078914.069935,0.033830157853933014
[8],9,"lr=0.001, wd=0.0",0,layer4_lr0.001_hd128_wd0.01_cosine,"lr0.001,wd0.01",36210085975.23639,0.07242017197626592
[8],9,"lr=0.001, wd=0.0",0,layer4_lr0.003_hd128_wd0.0_cosine,"lr0.003,wd0.0",18881999916.313652,0.037763999858420445
[8],9,"lr=0.001, wd=0.0",0,layer4_lr0.003_hd128_wd0.01_cosine,"lr0.003,wd0.01",31597486751.67519,0.06319497352914352
[8],9,"lr=0.001, wd=0.0",5,layer4_lr1e-05_hd128_wd0.0_cosine,"lr1e-05,wd0.0",10906281071.4233,0.021812562168639745
[8],9,"lr=0.001, wd=0.0",5,layer4_lr1e-05_hd128_wd0.01_cosine,"lr1e-05,wd0.01",4965371616.524974,0.009930743258843092
[8],9,"lr=0.001, wd=0.0",5,layer4_lr3e-05_hd128_wd0.0_cosine,"lr3e-05,wd0.0",7664102560.976358,0.015328205147745862
[8],9,"lr=0.001, wd=0.0",5,layer4_lr3e-05_hd128_wd0.01_cosine,"lr3e-05,wd0.01",4793335440.179282,0.009586670906151708
[8],9,"lr=0.001, wd=0.0",5,layer4_lr0.0001_hd128_wd0.0_cosine,"lr0.0001,wd0.0",299871802.5037241,0.0005997436308005923
[8],9,"lr=0.001, wd=0.0",5,layer4_lr0.0001_hd128_wd0.01_cosine,"lr0.0001,wd0.01",3216975086.8214765,0.006433950199436097
[8],9,"lr=0.001, wd=0.0",5,layer4_lr0.0003_hd128_wd0.0_cosine,"lr0.0003,wd0.0",4621500153.223884,0.009243000332240911
[8],9,"lr=0.001, wd=0.0",5,layer4_lr0.0003_hd128_wd0.01_cosine,"lr0.0003,wd0.01",1337139153.8019454,0.0026742783333970352
[8],9,"lr=0.001, wd=0.0",5,layer4_lr0.001_hd128_wd0.0_cosine,"lr0.001,wd0.0",9869159273.54395,0.019738318572881042
[8],9,"lr=0.001, wd=0.0",5,layer4_lr0.001_hd128_wd0.01_cosine,"lr0.001,wd0.01",288247578.7966256,0.0005764951833863953
[8],9,"lr=0.001, wd=0.0",5,layer4_lr0.003_hd128_wd0.0_cosine,"lr0.003,wd0.0",8607964998.285429,0.017215930022364
[8],9,"lr=0.001, wd=0.0",5,layer4_lr0.003_hd128_wd0.01_cosine,"lr0.003,wd0.01",13760986252.4836,0.027521972530760344
[8],9,"lr=0.001, wd=0.0",10,layer4_lr1e-05_hd128_wd0.0_cosine,"lr1e-05,wd0.0",7264461723.586913,0.01452892347296697
[8],9,"lr=0.001, wd=0.0",10,layer4_lr1e-05_hd128_wd0.01_cosine,"lr1e-05,wd0.01",5061458205.398162,0.010122916436589467
[8],9,"lr=0.001, wd=0.0",10,layer4_lr3e-05_hd128_wd0.0_cosine,"lr3e-05,wd0.0",3335968011.9413996,0.006671936049675943
[8],9,"lr=0.001, wd=0.0",10,layer4_lr3e-05_hd128_wd0.01_cosine,"lr3e-05,wd0.01",1364307877.6660852,0.002728615781125315
[8],9,"lr=0.001, wd=0.0",10,layer4_lr0.0001_hd128_wd0.0_cosine,"lr0.0001,wd0.0",176810024.0166184,0.00035362007382638085
[8],9,"lr=0.001, wd=0.0",10,layer4_lr0.0001_hd128_wd0.01_cosine,"lr0.0001,wd0.01",597538474.9072336,0.0011950769756076112
[8],9,"lr=0.001, wd=0.0",10,layer4_lr0.0003_hd128_wd0.0_cosine,"lr0.0003,wd0.0",7649604652.839667,0.015299209331472479
[8],9,"lr=0.001, wd=0.0",10,layer4_lr0.0003_hd128_wd0.01_cosine,"lr0.0003,wd0.01",315047549.6586071,0.0006300951251103584
[8],9,"lr=0.001, wd=0.0",10,layer4_lr0.001_hd128_wd0.0_cosine,"lr0.001,wd0.0",10270874468.759026,0.020541748963311193
[8],9,"lr=0.001, wd=0.0",10,layer4_lr0.001_hd128_wd0.01_cosine,"lr0.001,wd0.01",1934313746.4927304,0.003868627518778605
[8],9,"lr=0.001, wd=0.0",10,layer4_lr0.003_hd128_wd0.0_cosine,"lr0.003,wd0.0",4480789367.0309,0.008961578759854944
[8],9,"lr=0.001, wd=0.0",10,layer4_lr0.003_hd128_wd0.01_cosine,"lr0.003,wd0.01",3391533905.6082807,0.006783067837009706
[8],9,"lr=0.001, wd=0.0",20,layer4_lr1e-05_hd128_wd0.0_cosine,"lr1e-05,wd0.0",589332395.6250042,0.0011786648170431524
[8],9,"lr=0.001, wd=0.0",20,layer4_lr1e-05_hd128_wd0.01_cosine,"lr1e-05,wd0.01",226004487.87987092,0.0004520090015528859
[8],9,"lr=0.001, wd=0.0",20,layer4_lr3e-05_hd128_wd0.0_cosine,"lr3e-05,wd0.0",161501249.1913988,0.00032300252417594166
[8],9,"lr=0.001, wd=0.0",20,layer4_lr3e-05_hd128_wd0.01_cosine,"lr3e-05,wd0.01",485112195.3580831,0.0009702244165093103
[8],9,"lr=0.001, wd=0.0",20,layer4_lr0.0001_hd128_wd0.0_cosine,"lr0.0001,wd0.0",1631238784.5397666,0.0032624775948726773
[8],9,"lr=0.001, wd=0.0",20,layer4_lr0.0001_hd128_wd0.01_cosine,"lr0.0001,wd0.01",49261332.65135267,9.852269109584937e-05
[8],9,"lr=0.001, wd=0.0",20,layer4_lr0.0003_hd128_wd0.0_cosine,"lr0.0003,wd0.0",7990823229.320894,0.015981646484434932
[8],9,"lr=0.001, wd=0.0",20,layer4_lr0.0003_hd128_wd0.01_cosine,"lr0.0003,wd0.01",46554286.220047295,9.310859823323864e-05
[8],9,"lr=0.001, wd=0.0",20,layer4_lr0.001_hd128_wd0.0_cosine,"lr0.001,wd0.0",10242348946.844345,0.020484697919481834
[8],9,"lr=0.001, wd=0.0",20,layer4_lr0.001_hd128_wd0.01_cosine,"lr0.001,wd0.01",430894060.90828216,0.0008617881476097085
[8],9,"lr=0.001, wd=0.0",20,layer4_lr0.003_hd128_wd0.0_cosine,"lr0.003,wd0.0",5766548065.77765,0.011533096157348445
[8],9,"lr=0.001, wd=0.0",20,layer4_lr0.003_hd128_wd0.01_cosine,"lr0.003,wd0.01",7955205277.142794,0.01591041058007873
[8],9,"lr=0.001, wd=0.0",50,layer4_lr1e-05_hd128_wd0.0_cosine,"lr1e-05,wd0.0",12072856.962571198,2.4145739718286448e-05
[8],9,"lr=0.001, wd=0.0",50,layer4_lr1e-05_hd128_wd0.01_cosine,"lr1e-05,wd0.01",20668242.219254836,4.133651023165372e-05
[8],9,"lr=0.001, wd=0.0",50,layer4_lr3e-05_hd128_wd0.0_cosine,"lr3e-05,wd0.0",7592904.442297428,1.5185834677738904e-05
[8],9,"lr=0.001, wd=0.0",50,layer4_lr3e-05_hd128_wd0.01_cosine,"lr3e-05,wd0.01",193121.6776445618,3.8626914843317314e-07
[8],9,"lr=0.001, wd=0.0",50,layer4_lr0.0001_hd128_wd0.0_cosine,"lr0.0001,wd0.0",474869371.5205023,0.0009497387688341488
[8],9,"lr=0.001, wd=0.0",50,layer4_lr0.0001_hd128_wd0.01_cosine,"lr0.0001,wd0.01",3540025.6429573083,7.080077079058665e-06
[8],9,"lr=0.001, wd=0.0",50,layer4_lr0.0003_hd128_wd0.0_cosine,"lr0.0003,wd0.0",461566195.77097195,0.000923132417335088
[8],9,"lr=0.001, wd=0.0",50,layer4_lr0.0003_hd128_wd0.01_cosine,"lr0.0003,wd0.01",6169848.218133034,1.2339722229410117e-05
[8],9,"lr=0.001, wd=0.0",50,layer4_lr0.001_hd128_wd0.0_cosine,"lr0.001,wd0.0",1797755462.5579975,0.0035955109509091393
[8],9,"lr=0.001, wd=0.0",50,layer4_lr0.001_hd128_wd0.01_cosine,"lr0.001,wd0.01",1448528291.3146307,0.0028970566084224056
[8],9,"lr=0.001, wd=0.0",50,layer4_lr0.003_hd128_wd0.0_cosine,"lr0.003,wd0.0",2595821608.540219,0.005191643242873582
[8],9,"lr=0.001, wd=0.0",50,layer4_lr0.003_hd128_wd0.01_cosine,"lr0.003,wd0.01",5149382665.093787,0.010298765355980719
[8],9,"lr=0.001, wd=0.0",90,layer4_lr1e-05_hd128_wd0.0_cosine,"lr1e-05,wd0.0",7690560.82004373,1.5381147433231507e-05
[8],9,"lr=0.001, wd=0.0",90,layer4_lr1e-05_hd128_wd0.01_cosine,"lr1e-05,wd0.01",752952.887508937,1.5059315681619237e-06
[8],9,"lr=0.001, wd=0.0",90,layer4_lr3e-05_hd128_wd0.0_cosine,"lr3e-05,wd0.0",9936467.831154533,1.9872961455453117e-05
[8],9,"lr=0.001, wd=0.0",90,layer4_lr3e-05_hd128_wd0.01_cosine,"lr3e-05,wd0.01",1248851.0327197409,2.4977278585835315e-06
[8],9,"lr=0.001, wd=0.0",90,layer4_lr0.0001_hd128_wd0.0_cosine,"lr0.0001,wd0.0",489320.95273185894,9.786676986077673e-07
[8],9,"lr=0.001, wd=0.0",90,layer4_lr0.0001_hd128_wd0.01_cosine,"lr0.0001,wd0.01",6530608.534872877,1.3061242862889803e-05
[8],9,"lr=0.001, wd=0.0",90,layer4_lr0.0003_hd128_wd0.0_cosine,"lr0.0003,wd0.0",31271436.28693371,6.254289836701146e-05
[8],9,"lr=0.001, wd=0.0",90,layer4_lr0.0003_hd128_wd0.01_cosine,"lr0.0003,wd0.01",8970708.787200687,1.7941443367545426e-05
[8],9,"lr=0.001, wd=0.0",90,layer4_lr0.001_hd128_wd0.0_cosine,"lr0.001,wd0.0",633711245.1491398,0.0012674225160914235
[8],9,"lr=0.001, wd=0.0",90,layer4_lr0.001_hd128_wd0.01_cosine,"lr0.001,wd0.01",1203107.5815574776,2.4062409562590047e-06
[8],9,"lr=0.001, wd=0.0",90,layer4_lr0.003_hd128_wd0.0_cosine,"lr0.003,wd0.0",259246619.2327786,0.0005184932642587013
[8],9,"lr=0.001, wd=0.0",90,layer4_lr0.003_hd128_wd0.01_cosine,"lr0.003,wd0.01",178519298.00836575,0.00035703862180987557
[8],10,"lr=0.001, wd=0.01",0,layer4_lr1e-05_hd128_wd0.0_cosine,"lr1e-05,wd0.0",18854889630.50345,0.03770977928680004
[8],10,"lr=0.001, wd=0.01",0,layer4_lr1e-05_hd128_wd0.01_cosine,"lr1e-05,wd0.01",9829412040.828678,0.0196588241074505
[8],10,"lr=0.001, wd=0.01",0,layer4_lr3e-05_hd128_wd0.0_cosine,"lr3e-05,wd0.0",32751729694.408665,0.06550345941461047
[8],10,"lr=0.001, wd=0.01",0,layer4_lr3e-05_hd128_wd0.01_cosine,"lr3e-05,wd0.01",18191669150.546642,0.03638333832688643
[8],10,"lr=0.001, wd=0.01",0,layer4_lr0.0001_hd128_wd0.0_cosine,"lr0.0001,wd0.0",27704756627.06088,0.0554095132799149
[8],10,"lr=0.001, wd=0.01",0,layer4_lr0.0001_hd128_wd0.01_cosine,"lr0.0001,wd0.01",25624953392.16273,0.05124990681011861
[8],10,"lr=0.001, wd=0.01",0,layer4_lr0.0003_hd128_wd0.0_cosine,"lr0.0003,wd0.0",14961572492.418459,0.02992314501063006
[8],10,"lr=0.001, wd=0.01",0,layer4_lr0.0003_hd128_wd0.01_cosine,"lr0.0003,wd0.01",28108259236.09008,0.0562165184979733
[8],10,"lr=0.001, wd=0.01",0,layer4_lr0.001_hd128_wd0.0_cosine,"lr0.001,wd0.0",10480658580.239208,0.02096131718627156
[8],10,"lr=0.001, wd=0.01",0,layer4_lr0.001_hd128_wd0.01_cosine,"lr0.001,wd0.01",26727580675.03859,0.05345516137587032
[8],10,"lr=0.001, wd=0.01",0,layer4_lr0.003_hd128_wd0.0_cosine,"lr0.003,wd0.0",12105147818.023878,0.0242102956618409
[8],10,"lr=0.001, wd=0.01",0,layer4_lr0.003_hd128_wd0.01_cosine,"lr0.003,wd0.01",22777510603.339546,0.04555502123247224
[8],10,"lr=0.001, wd=0.01",5,layer4_lr1e-05_hd128_wd0.0_cosine,"lr1e-05,wd0.0",1556143119.92355,0.003112286265640244
[8],10,"lr=0.001, wd=0.01",5,layer4_lr1e-05_hd128_wd0.01_cosine,"lr1e-05,wd0.01",28205587.670584645,5.641120113431334e-05
[8],10,"lr=0.001, wd=0.01",5,layer4_lr3e-05_hd128_wd0.0_cosine,"lr3e-05,wd0.0",1327304925.7957497,0.0026546098773846433
[8],10,"lr=0.001, wd=0.01",5,layer4_lr3e-05_hd128_wd0.01_cosine,"lr3e-05,wd0.01",253360199.74156907,0.0005067204252762822
[8],10,"lr=0.001, wd=0.01",5,layer4_lr0.0001_hd128_wd0.0_cosine,"lr0.0001,wd0.0",71874790.53722456,0.00014374960686759316
[8],10,"lr=0.001, wd=0.01",5,layer4_lr0.0001_hd128_wd0.01_cosine,"lr0.0001,wd0.01",914179923.631669,0.001828359873056482
[8],10,"lr=0.001, wd=0.01",5,layer4_lr0.0003_hd128_wd0.0_cosine,"lr0.0003,wd0.0",7869533700.86601,0.015739067427525164
[8],10,"lr=0.001, wd=0.01",5,layer4_lr0.0003_hd128_wd0.01_cosine,"lr0.0003,wd0.01",226860173.9261208,0.00045372037364538564
[8],10,"lr=0.001, wd=0.01",5,layer4_lr0.001_hd128_wd0.0_cosine,"lr0.001,wd0.0",14259317383.907845,0.028518634793608832
[8],10,"lr=0.001, wd=0.01",5,layer4_lr0.001_hd128_wd0.01_cosine,"lr0.001,wd0.01",439447612.30205864,0.0008788952503972614
[8],10,"lr=0.001, wd=0.01",5,layer4_lr0.003_hd128_wd0.0_cosine,"lr0.003,wd0.0",13980811453.424276,0.027961622932641695
[8],10,"lr=0.001, wd=0.01",5,layer4_lr0.003_hd128_wd0.01_cosine,"lr0.003,wd0.01",9876112844.004353,0.01975222571380185
[8],10,"lr=0.001, wd=0.01",10,layer4_lr1e-05_hd128_wd0.0_cosine,"lr1e-05,wd0.0",985734465.82166,0.001971468957436464
[8],10,"lr=0.001, wd=0.01",10,layer4_lr1e-05_hd128_wd0.01_cosine,"lr1e-05,wd0.01",414625104.38792884,0.0008292502345690018
[8],10,"lr=0.001, wd=0.01",10,layer4_lr3e-05_hd128_wd0.0_cosine,"lr3e-05,wd0.0",563644455.7017664,0.0011272889371966768
[8],10,"lr=0.001, wd=0.01",10,layer4_lr3e-05_hd128_wd0.01_cosine,"lr3e-05,wd0.01",1263039.4827353933,2.526104758614836e-06
[8],10,"lr=0.001, wd=0.01",10,layer4_lr0.0001_hd128_wd0.0_cosine,"lr0.0001,wd0.0",1309038701.1788042,0.0026180774281507526
[8],10,"lr=0.001, wd=0.01",10,layer4_lr0.0001_hd128_wd0.01_cosine,"lr0.0001,wd0.01",3070927.7581817135,6.141881309507476e-06
[8],10,"lr=0.001, wd=0.01",10,layer4_lr0.0003_hd128_wd0.0_cosine,"lr0.0003,wd0.0",10651920954.071302,0.02130384193393575
[8],10,"lr=0.001, wd=0.01",10,layer4_lr0.0003_hd128_wd0.01_cosine,"lr0.0003,wd0.01",2172322.3222520985,4.344670437648246e-06
[8],10,"lr=0.001, wd=0.01",10,layer4_lr0.001_hd128_wd0.0_cosine,"lr0.001,wd0.0",12994703768.243652,0.025989407562280447
[8],10,"lr=0.001, wd=0.01",10,layer4_lr0.001_hd128_wd0.01_cosine,"lr0.001,wd0.01",500909861.8028647,0.0010018197493988734
[8],10,"lr=0.001, wd=0.01",10,layer4_lr0.003_hd128_wd0.0_cosine,"lr0.003,wd0.0",6453841502.10494,0.012907683030003024
[8],10,"lr=0.001, wd=0.01",10,layer4_lr0.003_hd128_wd0.01_cosine,"lr0.003,wd0.01",707129273.7562808,0.0014142585733057055
[8],10,"lr=0.001, wd=0.01",20,layer4_lr1e-05_hd128_wd0.0_cosine,"lr1e-05,wd0.0",234227.82297917403,4.684814391023976e-07
[8],10,"lr=0.001, wd=0.01",20,layer4_lr1e-05_hd128_wd0.01_cosine,"lr1e-05,wd0.01",160213623.61335832,0.00032042727301986065
[8],10,"lr=0.001, wd=0.01",20,layer4_lr3e-05_hd128_wd0.0_cosine,"lr3e-05,wd0.0",56135064.62869892,0.00011227015505054188
[8],10,"lr=0.001, wd=0.01",20,layer4_lr3e-05_hd128_wd0.01_cosine,"lr3e-05,wd0.01",11493935.811607022,2.2987897416358096e-05
[8],10,"lr=0.001, wd=0.01",20,layer4_lr0.0001_hd128_wd0.0_cosine,"lr0.0001,wd0.0",2854826915.5509696,0.005709653856895083
[8],10,"lr=0.001, wd=0.01",20,layer4_lr0.0001_hd128_wd0.01_cosine,"lr0.0001,wd0.01",27300005.208016228,5.4600036209176505e-05
[8],10,"lr=0.001, wd=0.01",20,layer4_lr0.0003_hd128_wd0.0_cosine,"lr0.0003,wd0.0",9410965080.937088,0.01882193018766732
[8],10,"lr=0.001, wd=0.01",20,layer4_lr0.0003_hd128_wd0.01_cosine,"lr0.0003,wd0.01",3275181.607679627,6.550389008503303e-06
[8],10,"lr=0.001, wd=0.01",20,layer4_lr0.001_hd128_wd0.0_cosine,"lr0.001,wd0.0",11477979931.275646,0.022955959888344438
[8],10,"lr=0.001, wd=0.01",20,layer4_lr0.001_hd128_wd0.01_cosine,"lr0.001,wd0.01",71769795.20142144,0.00014353961619598693
[8],10,"lr=0.001, wd=0.01",20,layer4_lr0.003_hd128_wd0.0_cosine,"lr0.003,wd0.0",7085236602.544601,0.014170473230882347
[8],10,"lr=0.001, wd=0.01",20,layer4_lr0.003_hd128_wd0.01_cosine,"lr0.003,wd0.01",5679942408.006471,0.011359884841806086
[8],10,"lr=0.001, wd=0.01",50,layer4_lr1e-05_hd128_wd0.0_cosine,"lr1e-05,wd0.0",16971103.16512223,3.3942232123388505e-05
[8],10,"lr=0.001, wd=0.01",50,layer4_lr1e-05_hd128_wd0.01_cosine,"lr1e-05,wd0.01",6502309.504033915,1.3004644801211878e-05
[8],10,"lr=0.001, wd=0.01",50,layer4_lr3e-05_hd128_wd0.0_cosine,"lr3e-05,wd0.0",69690887.06296721,0.00013938179991907846
[8],10,"lr=0.001, wd=0.01",50,layer4_lr3e-05_hd128_wd0.01_cosine,"lr3e-05,wd0.01",24649393.672560167,4.929881313826438e-05
[8],10,"lr=0.001, wd=0.01",50,layer4_lr0.0001_hd128_wd0.0_cosine,"lr0.0001,wd0.0",564624486.3083823,0.0011292489984099086
[8],10,"lr=0.001, wd=0.01",50,layer4_lr0.0001_hd128_wd0.01_cosine,"lr0.0001,wd0.01",564879.0794145375,1.1297839519731247e-06
[8],10,"lr=0.001, wd=0.01",50,layer4_lr0.0003_hd128_wd0.0_cosine,"lr0.0003,wd0.0",251382430.91202226,0.0005027648876171886
[8],10,"lr=0.001, wd=0.01",50,layer4_lr0.0003_hd128_wd0.01_cosine,"lr0.0003,wd0.01",185403.81289572842,3.7083341893550634e-07
[8],10,"lr=0.001, wd=0.01",50,layer4_lr0.001_hd128_wd0.0_cosine,"lr0.001,wd0.0",2126109463.5318742,0.004252218952856893
[8],10,"lr=0.001, wd=0.01",50,layer4_lr0.001_hd128_wd0.01_cosine,"lr0.001,wd0.01",1252480726.6131961,0.0025049614790195363
[8],10,"lr=0.001, wd=0.01",50,layer4_lr0.003_hd128_wd0.0_cosine,"lr0.003,wd0.0",2659688394.2327332,0.005319376814258611
[8],10,"lr=0.001, wd=0.01",50,layer4_lr0.003_hd128_wd0.01_cosine,"lr0.003,wd0.01",4436223403.402584,0.008872446832598312
[8],10,"lr=0.001, wd=0.01",90,layer4_lr1e-05_hd128_wd0.0_cosine,"lr1e-05,wd0.0",15223547.350166734,3.044712049347752e-05
[8],10,"lr=0.001, wd=0.01",90,layer4_lr1e-05_hd128_wd0.01_cosine,"lr1e-05,wd0.01",291992.9886787093,5.84011770501468e-07
[8],10,"lr=0.001, wd=0.01",90,layer4_lr3e-05_hd128_wd0.0_cosine,"lr3e-05,wd0.0",16982446.299220636,3.396491839158532e-05
[8],10,"lr=0.001, wd=0.01",90,layer4_lr3e-05_hd128_wd0.01_cosine,"lr3e-05,wd0.01",3816626.0660934923,7.633277925331034e-06
[8],10,"lr=0.001, wd=0.01",90,layer4_lr0.0001_hd128_wd0.0_cosine,"lr0.0001,wd0.0",99075.78125013091,1.9817735564431134e-07
[8],10,"lr=0.001, wd=0.01",90,layer4_lr0.0001_hd128_wd0.01_cosine,"lr0.0001,wd0.01",8159356.133372491,1.631873805988903e-05
[8],10,"lr=0.001, wd=0.01",90,layer4_lr0.0003_hd128_wd0.0_cosine,"lr0.0003,wd0.0",20323592.885224376,4.06472115635928e-05
[8],10,"lr=0.001, wd=0.01",90,layer4_lr0.0003_hd128_wd0.01_cosine,"lr0.0003,wd0.01",7223956.075042546,1.4447937943229141e-05
[8],10,"lr=0.001, wd=0.01",90,layer4_lr0.001_hd128_wd0.0_cosine,"lr0.001,wd0.0",581514325.7887485,0.001163028677370641
[8],10,"lr=0.001, wd=0.01",90,layer4_lr0.001_hd128_wd0.01_cosine,"lr0.001,wd0.01",162560.00645136542,3.2514580604678036e-07
[8],10,"lr=0.001, wd=0.01",90,layer4_lr0.003_hd128_wd0.0_cosine,"lr0.003,wd0.0",217889810.07755384,0.0004357796459482517
[8],10,"lr=0.001, wd=0.01",90,layer4_lr0.003_hd128_wd0.01_cosine,"lr0.003,wd0.01",275599822.71906394,0.000551199671231272
[8],11,"lr=0.003, wd=0.0",0,layer4_lr1e-05_hd128_wd0.0_cosine,"lr1e-05,wd0.0",21568972866.23814,0.04313794575826942
[8],11,"lr=0.003, wd=0.0",0,layer4_lr1e-05_hd128_wd0.01_cosine,"lr1e-05,wd0.01",11570962275.331709,0.02314192457645656
[8],11,"lr=0.003, wd=0.0",0,layer4_lr3e-05_hd128_wd0.0_cosine,"lr3e-05,wd0.0",36521434419.33712,0.07304286886446737
[8],11,"lr=0.003, wd=0.0",0,layer4_lr3e-05_hd128_wd0.01_cosine,"lr3e-05,wd0.01",20650414417.68268,0.0413008288611585
[8],11,"lr=0.003, wd=0.0",0,layer4_lr0.0001_hd128_wd0.0_cosine,"lr0.0001,wd0.0",31704342004.183228,0.0634086840341596
[8],11,"lr=0.003, wd=0.0",0,layer4_lr0.0001_hd128_wd0.01_cosine,"lr0.0001,wd0.01",28890376260.097763,0.05778075254598867
[8],11,"lr=0.003, wd=0.0",0,layer4_lr0.0003_hd128_wd0.0_cosine,"lr0.0003,wd0.0",18551775666.789726,0.0371035513593726
[8],11,"lr=0.003, wd=0.0",0,layer4_lr0.0003_hd128_wd0.01_cosine,"lr0.0003,wd0.01",32269821524.62611,0.06453964307504537
[8],11,"lr=0.003, wd=0.0",0,layer4_lr0.001_hd128_wd0.0_cosine,"lr0.001,wd0.0",14105229780.755812,0.028210459587304768
[8],11,"lr=0.003, wd=0.0",0,layer4_lr0.001_hd128_wd0.01_cosine,"lr0.001,wd0.01",31681797150.331043,0.06336359432645523
[8],11,"lr=0.003, wd=0.0",0,layer4_lr0.003_hd128_wd0.0_cosine,"lr0.003,wd0.0",16432651397.22995,0.032865302820253045
[8],11,"lr=0.003, wd=0.0",0,layer4_lr0.003_hd128_wd0.01_cosine,"lr0.003,wd0.01",27982202088.17824,0.055964404202149626
[8],11,"lr=0.003, wd=0.0",5,layer4_lr1e-05_hd128_wd0.0_cosine,"lr1e-05,wd0.0",4620093900.203507,0.009240187826200159
[8],11,"lr=0.003, wd=0.0",5,layer4_lr1e-05_hd128_wd0.01_cosine,"lr1e-05,wd0.01",904347432.7034062,0.0018086948911999563
[8],11,"lr=0.003, wd=0.0",5,layer4_lr3e-05_hd128_wd0.0_cosine,"lr3e-05,wd0.0",4273100876.004002,0.008546201777801148
[8],11,"lr=0.003, wd=0.0",5,layer4_lr3e-05_hd128_wd0.01_cosine,"lr3e-05,wd0.01",2304976300.8861895,0.004609952627565523
[8],11,"lr=0.003, wd=0.0",5,layer4_lr0.0001_hd128_wd0.0_cosine,"lr0.0001,wd0.0",185590607.33903113,0.0003711812404712063
[8],11,"lr=0.003, wd=0.0",5,layer4_lr0.0001_hd128_wd0.01_cosine,"lr0.0001,wd0.01",2963620856.3886786,0.005927241738570501
[8],11,"lr=0.003, wd=0.0",5,layer4_lr0.0003_hd128_wd0.0_cosine,"lr0.0003,wd0.0",4532257526.332255,0.009064515078457654
[8],11,"lr=0.003, wd=0.0",5,layer4_lr0.0003_hd128_wd0.01_cosine,"lr0.0003,wd0.01",1444059545.98401,0.0028881191177611643
[8],11,"lr=0.003, wd=0.0",5,layer4_lr0.001_hd128_wd0.0_cosine,"lr0.001,wd0.0",9819596978.008512,0.019639193981810167
[8],11,"lr=0.003, wd=0.0",5,layer4_lr0.001_hd128_wd0.01_cosine,"lr0.001,wd0.01",304599598.9461801,0.0006091992236855043
[8],11,"lr=0.003, wd=0.0",5,layer4_lr0.003_hd128_wd0.0_cosine,"lr0.003,wd0.0",8346459405.83095,0.016692918837455044
[8],11,"lr=0.003, wd=0.0",5,layer4_lr0.003_hd128_wd0.01_cosine,"lr0.003,wd0.01",13967313755.85393,0.027934627537501002
[8],11,"lr=0.003, wd=0.0",10,layer4_lr1e-05_hd128_wd0.0_cosine,"lr1e-05,wd0.0",3583166493.114793,0.00716633301202273
[8],11,"lr=0.003, wd=0.0",10,layer4_lr1e-05_hd128_wd0.01_cosine,"lr1e-05,wd0.01",2372317314.394309,0.004744634654581762
[8],11,"lr=0.003, wd=0.0",10,layer4_lr3e-05_hd128_wd0.0_cosine,"lr3e-05,wd0.0",2135388431.073166,0.004270776887939476
[8],11,"lr=0.003, wd=0.0",10,layer4_lr3e-05_hd128_wd0.01_cosine,"lr3e-05,wd0.01",605443737.7795807,0.0012108875013523055
[8],11,"lr=0.003, wd=0.0",10,layer4_lr0.0001_hd128_wd0.0_cosine,"lr0.0001,wd0.0",297010570.5081351,0.0005940211668094143
[8],11,"lr=0.003, wd=0.0",10,layer4_lr0.0001_hd128_wd0.01_cosine,"lr0.0001,wd0.01",462651074.6718153,0.0009253021751367747
[8],11,"lr=0.003, wd=0.0",10,layer4_lr0.0003_hd128_wd0.0_cosine,"lr0.0003,wd0.0",7933144472.286521,0.015866288970366186
[8],11,"lr=0.003, wd=0.0",10,layer4_lr0.0003_hd128_wd0.01_cosine,"lr0.0003,wd0.01",359713277.72332096,0.000719426581239786
[8],11,"lr=0.003, wd=0.0",10,layer4_lr0.001_hd128_wd0.0_cosine,"lr0.001,wd0.0",10223667364.836039,0.020447334755465223
[8],11,"lr=0.003, wd=0.0",10,layer4_lr0.001_hd128_wd0.01_cosine,"lr0.001,wd0.01",1822699531.4037383,0.003645399088600621
[8],11,"lr=0.003, wd=0.0",10,layer4_lr0.003_hd128_wd0.0_cosine,"lr0.003,wd0.0",4509717437.734805,0.009019434901262755
[8],11,"lr=0.003, wd=0.0",10,layer4_lr0.003_hd128_wd0.01_cosine,"lr0.003,wd0.01",3954832602.780445,0.007909665231354035
[8],11,"lr=0.003, wd=0.0",20,layer4_lr1e-05_hd128_wd0.0_cosine,"lr1e-05,wd0.0",93096449.87727861,0.00018619292554770126
[8],11,"lr=0.003, wd=0.0",20,layer4_lr1e-05_hd128_wd0.01_cosine,"lr1e-05,wd0.01",27213.767383215396,5.445332791048031e-08
[8],11,"lr=0.003, wd=0.0",20,layer4_lr3e-05_hd128_wd0.0_cosine,"lr3e-05,wd0.0",44443099.412711464,8.888622461856697e-05
[8],11,"lr=0.003, wd=0.0",20,layer4_lr3e-05_hd128_wd0.01_cosine,"lr3e-05,wd0.01",308113699.49173474,0.0006162274247766136
[8],11,"lr=0.003, wd=0.0",20,layer4_lr0.0001_hd128_wd0.0_cosine,"lr0.0001,wd0.0",1765075923.6650085,0.003530151873123161
[8],11,"lr=0.003, wd=0.0",20,layer4_lr0.0001_hd128_wd0.01_cosine,"lr0.0001,wd0.01",51855844.224242285,0.00010371171424162862
[8],11,"lr=0.003, wd=0.0",20,layer4_lr0.0003_hd128_wd0.0_cosine,"lr0.0003,wd0.0",8119551556.867927,0.016239103139528997
[8],11,"lr=0.003, wd=0.0",20,layer4_lr0.0003_hd128_wd0.01_cosine,"lr0.0003,wd0.01",84959052.81588194,0.00016991813142490793
[8],11,"lr=0.003, wd=0.0",20,layer4_lr0.001_hd128_wd0.0_cosine,"lr0.001,wd0.0",10330574109.657421,0.020661148245107987
[8],11,"lr=0.003, wd=0.0",20,layer4_lr0.001_hd128_wd0.01_cosine,"lr0.001,wd0.01",579037725.08091,0.001158075475954964
[8],11,"lr=0.003, wd=0.0",20,layer4_lr0.003_hd128_wd0.0_cosine,"lr0.003,wd0.0",5859143230.882067,0.011718286487557277
[8],11,"lr=0.003, wd=0.0",20,layer4_lr0.003_hd128_wd0.01_cosine,"lr0.003,wd0.01",7913965102.734327,0.0158279302312618
[8],11,"lr=0.003, wd=0.0",50,layer4_lr1e-05_hd128_wd0.0_cosine,"lr1e-05,wd0.0",699511.0360400596,1.399047865224169e-06
[8],11,"lr=0.003, wd=0.0",50,layer4_lr1e-05_hd128_wd0.01_cosine,"lr1e-05,wd0.01",7602.2434305962,1.5230280005241918e-08
[8],11,"lr=0.003, wd=0.0",50,layer4_lr3e-05_hd128_wd0.0_cosine,"lr3e-05,wd0.0",10639542.432655994,2.127911065845604e-05
[8],11,"lr=0.003, wd=0.0",50,layer4_lr3e-05_hd128_wd0.01_cosine,"lr3e-05,wd0.01",62554.732733802644,1.251352586116548e-07
[8],11,"lr=0.003, wd=0.0",50,layer4_lr0.0001_hd128_wd0.0_cosine,"lr0.0001,wd0.0",501933453.69493675,0.0010038669331830176
[8],11,"lr=0.003, wd=0.0",50,layer4_lr0.0001_hd128_wd0.01_cosine,"lr0.0001,wd0.01",3404972.5031399014,6.8099707994238516e-06
[8],11,"lr=0.003, wd=0.0",50,layer4_lr0.0003_hd128_wd0.0_cosine,"lr0.0003,wd0.0",269554170.793683,0.0005391083673805101
[8],11,"lr=0.003, wd=0.0",50,layer4_lr0.0003_hd128_wd0.01_cosine,"lr0.0003,wd0.01",6888026.632537364,1.3776079058218778e-05
[8],11,"lr=0.003, wd=0.0",50,layer4_lr0.001_hd128_wd0.0_cosine,"lr0.001,wd0.0",2489733452.575941,0.004979466930945026
[8],11,"lr=0.003, wd=0.0",50,layer4_lr0.001_hd128_wd0.01_cosine,"lr0.001,wd0.01",1447398746.792161,0.002894797519377466
[8],11,"lr=0.003, wd=0.0",50,layer4_lr0.003_hd128_wd0.0_cosine,"lr0.003,wd0.0",2572974121.6264515,0.005145948269046047
[8],11,"lr=0.003, wd=0.0",50,layer4_lr0.003_hd128_wd0.01_cosine,"lr0.003,wd0.01",5183595413.555432,0.010367190852904008
[8],11,"lr=0.003, wd=0.0",90,layer4_lr1e-05_hd128_wd0.0_cosine,"lr1e-05,wd0.0",9801236.100045774,1.96024979932356e-05
[8],11,"lr=0.003, wd=0.0",90,layer4_lr1e-05_hd128_wd0.01_cosine,"lr1e-05,wd0.01",114670.54218041283,2.2936687750487517e-07
[8],11,"lr=0.003, wd=0.0",90,layer4_lr3e-05_hd128_wd0.0_cosine,"lr3e-05,wd0.0",10373025.722818727,2.0746077238781503e-05
[8],11,"lr=0.003, wd=0.0",90,layer4_lr3e-05_hd128_wd0.01_cosine,"lr3e-05,wd0.01",1345865.7765272392,2.691757346198528e-06
[8],11,"lr=0.003, wd=0.0",90,layer4_lr0.0001_hd128_wd0.0_cosine,"lr0.0001,wd0.0",378059.9359991187,7.561456651422869e-07
[8],11,"lr=0.003, wd=0.0",90,layer4_lr0.0001_hd128_wd0.01_cosine,"lr0.0001,wd0.01",7191524.646808573,1.4383075086761195e-05
[8],11,"lr=0.003, wd=0.0",90,layer4_lr0.0003_hd128_wd0.0_cosine,"lr0.0003,wd0.0",17661810.637172483,3.5323647067489014e-05
[8],11,"lr=0.003, wd=0.0",90,layer4_lr0.0003_hd128_wd0.01_cosine,"lr0.0003,wd0.01",8765922.622137379,1.753187103741881e-05
[8],11,"lr=0.003, wd=0.0",90,layer4_lr0.001_hd128_wd0.0_cosine,"lr0.001,wd0.0",582229172.2743571,0.001164458370341858
[8],11,"lr=0.003, wd=0.0",90,layer4_lr0.001_hd128_wd0.01_cosine,"lr0.001,wd0.01",275141.8857441864,5.503095646324222e-07
[8],11,"lr=0.003, wd=0.0",90,layer4_lr0.003_hd128_wd0.0_cosine,"lr0.003,wd0.0",181603364.2371725,0.00036320675426748905
[8],11,"lr=0.003, wd=0.0",90,layer4_lr0.003_hd128_wd0.01_cosine,"lr0.003,wd0.01",204096009.07042462,0.00040819204393399325
[8],12,"lr=0.003, wd=0.01",0,layer4_lr1e-05_hd128_wd0.0_cosine,"lr1e-05,wd0.0",31767074293.948177,0.0635341486136895
[8],12,"lr=0.003, wd=0.01",0,layer4_lr1e-05_hd128_wd0.01_cosine,"lr1e-05,wd0.01",19567279630.190495,0.03913455928617413
[8],12,"lr=0.003, wd=0.01",0,layer4_lr3e-05_hd128_wd0.0_cosine,"lr3e-05,wd0.0",50310262158.936264,0.10062052434366567
[8],12,"lr=0.003, wd=0.01",0,layer4_lr3e-05_hd128_wd0.01_cosine,"lr3e-05,wd0.01",31739982482.5487,0.06347996499089054
[8],12,"lr=0.003, wd=0.01",0,layer4_lr0.0001_hd128_wd0.0_cosine,"lr0.0001,wd0.0",45520221725.40105,0.09104044347659523
[8],12,"lr=0.003, wd=0.01",0,layer4_lr0.0001_hd128_wd0.01_cosine,"lr0.0001,wd0.01",42911540212.1499,0.08582308045009295
[8],12,"lr=0.003, wd=0.01",0,layer4_lr0.0003_hd128_wd0.0_cosine,"lr0.0003,wd0.0",30123203608.030674,0.06024640724185449
[8],12,"lr=0.003, wd=0.01",0,layer4_lr0.0003_hd128_wd0.01_cosine,"lr0.0003,wd0.01",47998554844.27438,0.0959971097143419
[8],12,"lr=0.003, wd=0.01",0,layer4_lr0.001_hd128_wd0.0_cosine,"lr0.001,wd0.0",25008051667.394142,0.050016103360581425
[8],12,"lr=0.003, wd=0.01",0,layer4_lr0.001_hd128_wd0.01_cosine,"lr0.001,wd0.01",48083842849.766525,0.09616768572532619
[8],12,"lr=0.003, wd=0.01",0,layer4_lr0.003_hd128_wd0.0_cosine,"lr0.003,wd0.0",28448483727.621883,0.05689696748103691
[8],12,"lr=0.003, wd=0.01",0,layer4_lr0.003_hd128_wd0.01_cosine,"lr0.003,wd0.01",43827932541.221634,0.0876558651082364
[8],12,"lr=0.003, wd=0.01",5,layer4_lr1e-05_hd128_wd0.0_cosine,"lr1e-05,wd0.0",813858395.8730202,0.0016277168175391843
[8],12,"lr=0.003, wd=0.01",5,layer4_lr1e-05_hd128_wd0.01_cosine,"lr1e-05,wd0.01",45695558.67309686,9.139114313933776e-05
[8],12,"lr=0.003, wd=0.01",5,layer4_lr3e-05_hd128_wd0.0_cosine,"lr3e-05,wd0.0",1449850946.5224683,0.002899701918838081
[8],12,"lr=0.003, wd=0.01",5,layer4_lr3e-05_hd128_wd0.01_cosine,"lr3e-05,wd0.01",373457613.1397401,0.0007469152520726243
[8],12,"lr=0.003, wd=0.01",5,layer4_lr0.0001_hd128_wd0.0_cosine,"lr0.0001,wd0.0",107167308.6515428,0.00021433464309622964
[8],12,"lr=0.003, wd=0.01",5,layer4_lr0.0001_hd128_wd0.01_cosine,"lr0.0001,wd0.01",1062728776.6801816,0.002125457579153507
[8],12,"lr=0.003, wd=0.01",5,layer4_lr0.0003_hd128_wd0.0_cosine,"lr0.0003,wd0.0",8851716255.64068,0.017703432537074505
[8],12,"lr=0.003, wd=0.01",5,layer4_lr0.0003_hd128_wd0.01_cosine,"lr0.0003,wd0.01",203028941.63985592,0.00040605790907285587
[8],12,"lr=0.003, wd=0.01",5,layer4_lr0.001_hd128_wd0.0_cosine,"lr0.001,wd0.0",15414341653.53047,0.030828683332854084
[8],12,"lr=0.003, wd=0.01",5,layer4_lr0.001_hd128_wd0.01_cosine,"lr0.001,wd0.01",323344397.6896604,0.0006466888211724649
[8],12,"lr=0.003, wd=0.01",5,layer4_lr0.003_hd128_wd0.0_cosine,"lr0.003,wd0.0",14806993401.153597,0.029613986828100337
[8],12,"lr=0.003, wd=0.01",5,layer4_lr0.003_hd128_wd0.01_cosine,"lr0.003,wd0.01",11126884339.506489,0.02225376870480612
[8],12,"lr=0.003, wd=0.01",10,layer4_lr1e-05_hd128_wd0.0_cosine,"lr1e-05,wd0.0",1250399937.6264703,0.0025007999010460847
[8],12,"lr=0.003, wd=0.01",10,layer4_lr1e-05_hd128_wd0.01_cosine,"lr1e-05,wd0.01",725011893.4037946,0.0014500238126007332
[8],12,"lr=0.003, wd=0.01",10,layer4_lr3e-05_hd128_wd0.0_cosine,"lr3e-05,wd0.0",628757359.2834861,0.0012575147443601162
[8],12,"lr=0.003, wd=0.01",10,layer4_lr3e-05_hd128_wd0.01_cosine,"lr3e-05,wd0.01",4466243.637722325,8.932513068588698e-06
[8],12,"lr=0.003, wd=0.01",10,layer4_lr0.0001_hd128_wd0.0_cosine,"lr0.0001,wd0.0",1750967859.6913478,0.0035019357451758397
[8],12,"lr=0.003, wd=0.01",10,layer4_lr0.0001_hd128_wd0.01_cosine,"lr0.0001,wd0.01",344911.91966908454,6.898496324822186e-07
[8],12,"lr=0.003, wd=0.01",10,layer4_lr0.0003_hd128_wd0.0_cosine,"lr0.0003,wd0.0",11847449842.52605,0.023694899710845246
[8],12,"lr=0.003, wd=0.01",10,layer4_lr0.0003_hd128_wd0.01_cosine,"lr0.0003,wd0.01",203467.50408440793,4.0696080131286536e-07
[8],12,"lr=0.003, wd=0.01",10,layer4_lr0.001_hd128_wd0.0_cosine,"lr0.001,wd0.0",14099057048.62451,0.028198114123042163
[8],12,"lr=0.003, wd=0.01",10,layer4_lr0.001_hd128_wd0.01_cosine,"lr0.001,wd0.01",407079054.5253149,0.0008141581348437739
[8],12,"lr=0.003, wd=0.01",10,layer4_lr0.003_hd128_wd0.0_cosine,"lr0.003,wd0.0",7315377944.549668,0.01463075591489248
[8],12,"lr=0.003, wd=0.01",10,layer4_lr0.003_hd128_wd0.01_cosine,"lr0.003,wd0.01",1395962282.3711104,0.0027919245905353653
[8],12,"lr=0.003, wd=0.01",20,layer4_lr1e-05_hd128_wd0.0_cosine,"lr1e-05,wd0.0",73391909.54408932,0.0001467838448813227
[8],12,"lr=0.003, wd=0.01",20,layer4_lr1e-05_hd128_wd0.01_cosine,"lr1e-05,wd0.01",426311500.2705393,0.0008526230263342226
[8],12,"lr=0.003, wd=0.01",20,layer4_lr3e-05_hd128_wd0.0_cosine,"lr3e-05,wd0.0",234854288.94063854,0.0004697086036744211
[8],12,"lr=0.003, wd=0.01",20,layer4_lr3e-05_hd128_wd0.01_cosine,"lr3e-05,wd0.01",575119.2713544748,1.1502643358529992e-06
[8],12,"lr=0.003, wd=0.01",20,layer4_lr0.0001_hd128_wd0.0_cosine,"lr0.0001,wd0.0",3508606484.593197,0.007017212994979538
[8],12,"lr=0.003, wd=0.01",20,layer4_lr0.0001_hd128_wd0.01_cosine,"lr0.0001,wd0.01",84318122.74221556,0.00016863627127757517
[8],12,"lr=0.003, wd=0.01",20,layer4_lr0.0003_hd128_wd0.0_cosine,"lr0.0003,wd0.0",9926616635.659122,0.01985323329711139
[8],12,"lr=0.003, wd=0.01",20,layer4_lr0.0003_hd128_wd0.01_cosine,"lr0.0003,wd0.01",17248273.44251521,3.4496572678174464e-05
[8],12,"lr=0.003, wd=0.01",20,layer4_lr0.001_hd128_wd0.0_cosine,"lr0.001,wd0.0",12026658204.023642,0.024053316433840427
[8],12,"lr=0.003, wd=0.01",20,layer4_lr0.001_hd128_wd0.01_cosine,"lr0.001,wd0.01",53152594.75719964,0.00010630521530754333
[8],12,"lr=0.003, wd=0.01",20,layer4_lr0.003_hd128_wd0.0_cosine,"lr0.003,wd0.0",7906786864.777168,0.01581357375534748
[8],12,"lr=0.003, wd=0.01",20,layer4_lr0.003_hd128_wd0.01_cosine,"lr0.003,wd0.01",5542008267.083858,0.01108401655996086
[8],12,"lr=0.003, wd=0.01",50,layer4_lr1e-05_hd128_wd0.0_cosine,"lr1e-05,wd0.0",32883153.210199554,6.576633221354315e-05
[8],12,"lr=0.003, wd=0.01",50,layer4_lr1e-05_hd128_wd0.01_cosine,"lr1e-05,wd0.01",13762454.961108299,2.752493571536065e-05
[8],12,"lr=0.003, wd=0.01",50,layer4_lr3e-05_hd128_wd0.0_cosine,"lr3e-05,wd0.0",109123154.69782077,0.0002182463351887856
[8],12,"lr=0.003, wd=0.01",50,layer4_lr3e-05_hd128_wd0.01_cosine,"lr3e-05,wd0.01",52994318.333532415,0.00010598866246020887
[8],12,"lr=0.003, wd=0.01",50,layer4_lr0.0001_hd128_wd0.0_cosine,"lr0.0001,wd0.0",575367535.7336211,0.0011507350972603861
[8],12,"lr=0.003, wd=0.01",50,layer4_lr0.0001_hd128_wd0.01_cosine,"lr0.0001,wd0.01",3446215.8308500126,6.892457454844074e-06
[8],12,"lr=0.003, wd=0.01",50,layer4_lr0.0003_hd128_wd0.0_cosine,"lr0.0003,wd0.0",317949686.6588482,0.0006358993991108405
[8],12,"lr=0.003, wd=0.01",50,layer4_lr0.0003_hd128_wd0.01_cosine,"lr0.0003,wd0.01",1086641.1344897375,2.1733080621235243e-06
[8],12,"lr=0.003, wd=0.01",50,layer4_lr0.001_hd128_wd0.0_cosine,"lr0.001,wd0.0",2633988879.352984,0.0052679777844991124
[8],12,"lr=0.003, wd=0.01",50,layer4_lr0.001_hd128_wd0.01_cosine,"lr0.001,wd0.01",1148584665.0348976,0.0022971693558629393
[8],12,"lr=0.003, wd=0.01",50,layer4_lr0.003_hd128_wd0.0_cosine,"lr0.003,wd0.0",2622422472.3859644,0.005244844970565073
[8],12,"lr=0.003, wd=0.01",50,layer4_lr0.003_hd128_wd0.01_cosine,"lr0.003,wd0.01",4036219794.3312783,0.0080724396144557
[8],12,"lr=0.003, wd=0.01",90,layer4_lr1e-05_hd128_wd0.0_cosine,"lr1e-05,wd0.0",21285561.020655315,4.2571147834454676e-05
[8],12,"lr=0.003, wd=0.01",90,layer4_lr1e-05_hd128_wd0.01_cosine,"lr1e-05,wd0.01",598575.0197566835,1.1971758326574165e-06
[8],12,"lr=0.003, wd=0.01",90,layer4_lr3e-05_hd128_wd0.0_cosine,"lr3e-05,wd0.0",21138087.337138843,4.227620046742173e-05
[8],12,"lr=0.003, wd=0.01",90,layer4_lr3e-05_hd128_wd0.01_cosine,"lr3e-05,wd0.01",6757172.582391835,1.3514370957927719e-05
[8],12,"lr=0.003, wd=0.01",90,layer4_lr0.0001_hd128_wd0.0_cosine,"lr0.0001,wd0.0",1973203.231395746,3.946432255935542e-06
[8],12,"lr=0.003, wd=0.01",90,layer4_lr0.0001_hd128_wd0.01_cosine,"lr0.0001,wd0.01",11050377.648920612,2.2100781090985276e-05
[8],12,"lr=0.003, wd=0.01",90,layer4_lr0.0003_hd128_wd0.0_cosine,"lr0.0003,wd0.0",22724391.45322559,4.544880869959523e-05
[8],12,"lr=0.003, wd=0.01",90,layer4_lr0.0003_hd128_wd0.01_cosine,"lr0.0003,wd0.01",4302154.914278685,8.60433562170142e-06
[8],12,"lr=0.003, wd=0.01",90,layer4_lr0.001_hd128_wd0.0_cosine,"lr0.001,wd0.0",572843627.1999569,0.0011456872801930578
[8],12,"lr=0.003, wd=0.01",90,layer4_lr0.001_hd128_wd0.01_cosine,"lr0.001,wd0.01",7321475.81517348,1.4642977423491007e-05
[8],12,"lr=0.003, wd=0.01",90,layer4_lr0.003_hd128_wd0.0_cosine,"lr0.003,wd0.0",213423619.19124493,0.0004268472641756339
[8],12,"lr=0.003, wd=0.01",90,layer4_lr0.003_hd128_wd0.01_cosine,"lr0.003,wd0.01",105617359.71309608,0.0002112347452193362
[16],1,"lr=1e-05, wd=0.0",0,layer4_lr1e-05_hd128_wd0.0_cosine,"lr1e-05,wd0.0",58984982740.30694,0.11796996550640701
[16],1,"lr=1e-05, wd=0.0",0,layer4_lr1e-05_hd128_wd0.01_cosine,"lr1e-05,wd0.01",41763786846.26713,0.08352757371832739
[16],1,"lr=1e-05, wd=0.0",0,layer4_lr3e-05_hd128_wd0.0_cosine,"lr3e-05,wd0.0",78888936993.42447,0.1577778740126421
[16],1,"lr=1e-05, wd=0.0",0,layer4_lr3e-05_hd128_wd0.01_cosine,"lr3e-05,wd0.01",54860222198.8764,0.10972044442354593
[16],1,"lr=1e-05, wd=0.0",0,layer4_lr0.0001_hd128_wd0.0_cosine,"lr0.0001,wd0.0",67926497671.24916,0.13585299536829146
[16],1,"lr=1e-05, wd=0.0",0,layer4_lr0.0001_hd128_wd0.01_cosine,"lr0.0001,wd0.01",64328956525.67714,0.1286579130771474
[16],1,"lr=1e-05, wd=0.0",0,layer4_lr0.0003_hd128_wd0.0_cosine,"lr0.0003,wd0.0",45051249077.4564,0.09010249818070593
[16],1,"lr=1e-05, wd=0.0",0,layer4_lr0.0003_hd128_wd0.01_cosine,"lr0.0003,wd0.01",66117172506.01707,0.13223434503782727
[16],1,"lr=1e-05, wd=0.0",0,layer4_lr0.001_hd128_wd0.0_cosine,"lr0.001,wd0.0",35702391771.30991,0.07140478356841297
[16],1,"lr=1e-05, wd=0.0",0,layer4_lr0.001_hd128_wd0.01_cosine,"lr0.001,wd0.01",62468141374.23412,0.12493628277426139
[16],1,"lr=1e-05, wd=0.0",0,layer4_lr0.003_hd128_wd0.0_cosine,"lr0.003,wd0.0",37872558553.57872,0.07574511713295057
[16],1,"lr=1e-05, wd=0.0",0,layer4_lr0.003_hd128_wd0.01_cosine,"lr0.003,wd0.01",55523839772.53737,0.11104767957086788
[16],1,"lr=1e-05, wd=0.0",5,layer4_lr1e-05_hd128_wd0.0_cosine,"lr1e-05,wd0.0",7233734133.731316,0.014467468293255775
[16],1,"lr=1e-05, wd=0.0",5,layer4_lr1e-05_hd128_wd0.01_cosine,"lr1e-05,wd0.01",2222051274.510282,0.004444102574813708
[16],1,"lr=1e-05, wd=0.0",5,layer4_lr3e-05_hd128_wd0.0_cosine,"lr3e-05,wd0.0",700182087.5254145,0.0014003642008439728
[16],1,"lr=1e-05, wd=0.0",5,layer4_lr3e-05_hd128_wd0.01_cosine,"lr3e-05,wd0.01",279616928.88642883,0.0005592338835660017
[16],1,"lr=1e-05, wd=0.0",5,layer4_lr0.0001_hd128_wd0.0_cosine,"lr0.0001,wd0.0",1774076153.6787198,0.0035481523331505837
[16],1,"lr=1e-05, wd=0.0",5,layer4_lr0.0001_hd128_wd0.01_cosine,"lr0.0001,wd0.01",4327444.2351242695,8.654914263392588e-06
[16],1,"lr=1e-05, wd=0.0",5,layer4_lr0.0003_hd128_wd0.0_cosine,"lr0.0003,wd0.0",13553070427.609741,0.027106140881012625
[16],1,"lr=1e-05, wd=0.0",5,layer4_lr0.0003_hd128_wd0.01_cosine,"lr0.0003,wd0.01",19367813.37018487,3.873565253351378e-05
[16],1,"lr=1e-05, wd=0.0",5,layer4_lr0.001_hd128_wd0.0_cosine,"lr0.001,wd0.0",21366651300.798237,0.04273330262738961
[16],1,"lr=1e-05, wd=0.0",5,layer4_lr0.001_hd128_wd0.01_cosine,"lr0.001,wd0.01",1665634067.3663964,0.003331268160525937
[16],1,"lr=1e-05, wd=0.0",5,layer4_lr0.003_hd128_wd0.0_cosine,"lr0.003,wd0.0",22778198246.11014,0.04555639651801343
[16],1,"lr=1e-05, wd=0.0",5,layer4_lr0.003_hd128_wd0.01_cosine,"lr0.003,wd0.01",9444435955.040726,0.018888871935874595
[16],1,"lr=1e-05, wd=0.0",10,layer4_lr1e-05_hd128_wd0.0_cosine,"lr1e-05,wd0.0",3201858455.772567,0.006403716937338278
[16],1,"lr=1e-05, wd=0.0",10,layer4_lr1e-05_hd128_wd0.01_cosine,"lr1e-05,wd0.01",3023401113.609076,0.006046802253011296
[16],1,"lr=1e-05, wd=0.0",10,layer4_lr3e-05_hd128_wd0.0_cosine,"lr3e-05,wd0.0",333459043.4928672,0.0006669181127788784
[16],1,"lr=1e-05, wd=0.0",10,layer4_lr3e-05_hd128_wd0.01_cosine,"lr3e-05,wd0.01",22904944.360308237,4.580991451376052e-05
[16],1,"lr=1e-05, wd=0.0",10,layer4_lr0.0001_hd128_wd0.0_cosine,"lr0.0001,wd0.0",3782788567.873561,0.007565577161540266
[16],1,"lr=1e-05, wd=0.0",10,layer4_lr0.0001_hd128_wd0.01_cosine,"lr0.0001,wd0.01",310779283.60586333,0.0006215585930048707
[16],1,"lr=1e-05, wd=0.0",10,layer4_lr0.0003_hd128_wd0.0_cosine,"lr0.0003,wd0.0",16397660362.04474,0.032795320749882624
[16],1,"lr=1e-05, wd=0.0",10,layer4_lr0.0003_hd128_wd0.01_cosine,"lr0.0003,wd0.01",328833148.9225638,0.0006576663236382717
[16],1,"lr=1e-05, wd=0.0",10,layer4_lr0.001_hd128_wd0.0_cosine,"lr0.001,wd0.0",17664805942.79704,0.03532961191138722
[16],1,"lr=1e-05, wd=0.0",10,layer4_lr0.001_hd128_wd0.01_cosine,"lr0.001,wd0.01",126473472.24570364,0.0002529469702845513
[16],1,"lr=1e-05, wd=0.0",10,layer4_lr0.003_hd128_wd0.0_cosine,"lr0.003,wd0.0",8901940751.47802,0.017803881528749184
[16],1,"lr=1e-05, wd=0.0",10,layer4_lr0.003_hd128_wd0.01_cosine,"lr0.003,wd0.01",296513878.3077214,0.0005930277824085869
[16],1,"lr=1e-05, wd=0.0",20,layer4_lr1e-05_hd128_wd0.0_cosine,"lr1e-05,wd0.0",194284257.20025265,0.00038856854019364936
[16],1,"lr=1e-05, wd=0.0",20,layer4_lr1e-05_hd128_wd0.01_cosine,"lr1e-05,wd0.01",667344736.1413747,0.0013346894980758935
[16],1,"lr=1e-05, wd=0.0",20,layer4_lr3e-05_hd128_wd0.0_cosine,"lr3e-05,wd0.0",53141187.79059837,0.00010628240137434078
[16],1,"lr=1e-05, wd=0.0",20,layer4_lr3e-05_hd128_wd0.01_cosine,"lr3e-05,wd0.01",5600192.022266166,1.120040983767638e-05
[16],1,"lr=1e-05, wd=0.0",20,layer4_lr0.0001_hd128_wd0.0_cosine,"lr0.0001,wd0.0",4428906961.989479,0.008857813949772102
[16],1,"lr=1e-05, wd=0.0",20,layer4_lr0.0001_hd128_wd0.01_cosine,"lr0.0001,wd0.01",370622529.4198825,0.000741245084632909
[16],1,"lr=1e-05, wd=0.0",20,layer4_lr0.0003_hd128_wd0.0_cosine,"lr0.0003,wd0.0",11559387278.472828,0.0231187745827388
[16],1,"lr=1e-05, wd=0.0",20,layer4_lr0.0003_hd128_wd0.01_cosine,"lr0.0003,wd0.01",320604918.3665165,0.000641209862526177
[16],1,"lr=1e-05, wd=0.0",20,layer4_lr0.001_hd128_wd0.0_cosine,"lr0.001,wd0.0",13121992184.601906,0.026243984394996957
[16],1,"lr=1e-05, wd=0.0",20,layer4_lr0.001_hd128_wd0.01_cosine,"lr0.001,wd0.01",161094381.86029264,0.00032218878951372935
[16],1,"lr=1e-05, wd=0.0",20,layer4_lr0.003_hd128_wd0.0_cosine,"lr0.003,wd0.0",8701759895.312536,0.017403519816418217
[16],1,"lr=1e-05, wd=0.0",20,layer4_lr0.003_hd128_wd0.01_cosine,"lr0.003,wd0.01",5122305199.323226,0.010244610424439596
[16],1,"lr=1e-05, wd=0.0",50,layer4_lr1e-05_hd128_wd0.0_cosine,"lr1e-05,wd0.0",7972156.579796179,1.5944338952736408e-05
[16],1,"lr=1e-05, wd=0.0",50,layer4_lr1e-05_hd128_wd0.01_cosine,"lr1e-05,wd0.01",853978.4508929747,1.707982694929999e-06
[16],1,"lr=1e-05, wd=0.0",50,layer4_lr3e-05_hd128_wd0.0_cosine,"lr3e-05,wd0.0",85753880.34630996,0.00017150778648576396
[16],1,"lr=1e-05, wd=0.0",50,layer4_lr3e-05_hd128_wd0.01_cosine,"lr3e-05,wd0.01",34821396.77631813,6.964281934578032e-05
[16],1,"lr=1e-05, wd=0.0",50,layer4_lr0.0001_hd128_wd0.0_cosine,"lr0.0001,wd0.0",650809481.9453404,0.0013016189896838247
[16],1,"lr=1e-05, wd=0.0",50,layer4_lr0.0001_hd128_wd0.01_cosine,"lr0.0001,wd0.01",5121041.456676449,1.0242108706496947e-05
[16],1,"lr=1e-05, wd=0.0",50,layer4_lr0.0003_hd128_wd0.0_cosine,"lr0.0003,wd0.0",1671368746.2390811,0.0033427375182713067
[16],1,"lr=1e-05, wd=0.0",50,layer4_lr0.0003_hd128_wd0.01_cosine,"lr0.0003,wd0.01",2915439.763973068,5.830905321090185e-06
[16],1,"lr=1e-05, wd=0.0",50,layer4_lr0.001_hd128_wd0.0_cosine,"lr0.001,wd0.0",944360359.1341131,0.00188872074406137
[16],1,"lr=1e-05, wd=0.0",50,layer4_lr0.001_hd128_wd0.01_cosine,"lr0.001,wd0.01",1123301683.8240473,0.002246603393441239
[16],1,"lr=1e-05, wd=0.0",50,layer4_lr0.003_hd128_wd0.0_cosine,"lr0.003,wd0.0",2757820047.991884,0.005515640121776913
[16],1,"lr=1e-05, wd=0.0",50,layer4_lr0.003_hd128_wd0.01_cosine,"lr0.003,wd0.01",4059159001.9808307,0.008118318029754806
[16],1,"lr=1e-05, wd=0.0",90,layer4_lr1e-05_hd128_wd0.0_cosine,"lr1e-05,wd0.0",29964997.345982883,5.9930020485109815e-05
[16],1,"lr=1e-05, wd=0.0",90,layer4_lr1e-05_hd128_wd0.01_cosine,"lr1e-05,wd0.01",5728325.814315798,1.1456677421775645e-05
[16],1,"lr=1e-05, wd=0.0",90,layer4_lr3e-05_hd128_wd0.0_cosine,"lr3e-05,wd0.0",16931451.571118113,3.386292893538027e-05
[16],1,"lr=1e-05, wd=0.0",90,layer4_lr3e-05_hd128_wd0.01_cosine,"lr3e-05,wd0.01",5365337.577613957,1.0730700948371963e-05
[16],1,"lr=1e-05, wd=0.0",90,layer4_lr0.0001_hd128_wd0.0_cosine,"lr0.0001,wd0.0",17173493.182217896,3.434701215757984e-05
[16],1,"lr=1e-05, wd=0.0",90,layer4_lr0.0001_hd128_wd0.01_cosine,"lr0.0001,wd0.01",16305895.081718545,3.261181595658114e-05
[16],1,"lr=1e-05, wd=0.0",90,layer4_lr0.0003_hd128_wd0.0_cosine,"lr0.0003,wd0.0",96452676.47807635,0.00019290537874929676
[16],1,"lr=1e-05, wd=0.0",90,layer4_lr0.0003_hd128_wd0.01_cosine,"lr0.0003,wd0.01",53472.8719923502,1.0697153712874991e-07
[16],1,"lr=1e-05, wd=0.0",90,layer4_lr0.001_hd128_wd0.0_cosine,"lr0.001,wd0.0",755184631.7722185,0.001510369289337581
[16],1,"lr=1e-05, wd=0.0",90,layer4_lr0.001_hd128_wd0.01_cosine,"lr0.001,wd0.01",32914557.306865595,6.582914040687524e-05
[16],1,"lr=1e-05, wd=0.0",90,layer4_lr0.003_hd128_wd0.0_cosine,"lr0.003,wd0.0",551986114.9819722,0.0011039722557570884
[16],1,"lr=1e-05, wd=0.0",90,layer4_lr0.003_hd128_wd0.01_cosine,"lr0.003,wd0.01",35945485.54571705,7.189099688457815e-05
[16],2,"lr=1e-05, wd=0.01",0,layer4_lr1e-05_hd128_wd0.0_cosine,"lr1e-05,wd0.0",80307420138.77803,0.16061484030334922
[16],2,"lr=1e-05, wd=0.01",0,layer4_lr1e-05_hd128_wd0.01_cosine,"lr1e-05,wd0.01",60107535181.23195,0.12021507038825703
[16],2,"lr=1e-05, wd=0.01",0,layer4_lr3e-05_hd128_wd0.0_cosine,"lr3e-05,wd0.0",102934767172.56163,0.2058695343709164
[16],2,"lr=1e-05, wd=0.01",0,layer4_lr3e-05_hd128_wd0.01_cosine,"lr3e-05,wd0.01",75485323669.64081,0.15097064736507476
[16],2,"lr=1e-05, wd=0.01",0,layer4_lr0.0001_hd128_wd0.0_cosine,"lr0.0001,wd0.0",89432654683.39436,0.17886530939258188
[16],2,"lr=1e-05, wd=0.01",0,layer4_lr0.0001_hd128_wd0.01_cosine,"lr0.0001,wd0.01",85723065982.20093,0.171446131990195
[16],2,"lr=1e-05, wd=0.01",0,layer4_lr0.0003_hd128_wd0.0_cosine,"lr0.0003,wd0.0",61670211492.68357,0.12334042301116027
[16],2,"lr=1e-05, wd=0.01",0,layer4_lr0.0003_hd128_wd0.01_cosine,"lr0.0003,wd0.01",86357480823.56505,0.17271496167292325
[16],2,"lr=1e-05, wd=0.01",0,layer4_lr0.001_hd128_wd0.0_cosine,"lr0.001,wd0.0",48982912991.52438,0.0979658260088419
[16],2,"lr=1e-05, wd=0.01",0,layer4_lr0.001_hd128_wd0.01_cosine,"lr0.001,wd0.01",79987102359.58057,0.15997420474495427
[16],2,"lr=1e-05, wd=0.01",0,layer4_lr0.003_hd128_wd0.0_cosine,"lr0.003,wd0.0",49754096513.01968,0.09950819305183249
[16],2,"lr=1e-05, wd=0.01",0,layer4_lr0.003_hd128_wd0.01_cosine,"lr0.003,wd0.01",69941087992.04387,0.1398821760098809
[16],2,"lr=1e-05, wd=0.01",5,layer4_lr1e-05_hd128_wd0.0_cosine,"lr1e-05,wd0.0",10017497630.55771,0.020034995286908566
[16],2,"lr=1e-05, wd=0.01",5,layer4_lr1e-05_hd128_wd0.01_cosine,"lr1e-05,wd0.01",3452390195.0574026,0.00690478041590795
[16],2,"lr=1e-05, wd=0.01",5,layer4_lr3e-05_hd128_wd0.0_cosine,"lr3e-05,wd0.0",691619663.7299662,0.0013832393532530764
[16],2,"lr=1e-05, wd=0.01",5,layer4_lr3e-05_hd128_wd0.01_cosine,"lr3e-05,wd0.01",328654750.8429253,0.0006573095274789947
[16],2,"lr=1e-05, wd=0.01",5,layer4_lr0.0001_hd128_wd0.0_cosine,"lr0.0001,wd0.0",1855005490.395849,0.003710011006584842
[16],2,"lr=1e-05, wd=0.01",5,layer4_lr0.0001_hd128_wd0.01_cosine,"lr0.0001,wd0.01",2700842.026108817,5.401709845361683e-06
[16],2,"lr=1e-05, wd=0.01",5,layer4_lr0.0003_hd128_wd0.0_cosine,"lr0.0003,wd0.0",13709575045.137987,0.02741915011606912
[16],2,"lr=1e-05, wd=0.01",5,layer4_lr0.0003_hd128_wd0.01_cosine,"lr0.0003,wd0.01",6317742.467301247,1.2635510727746543e-05
[16],2,"lr=1e-05, wd=0.01",5,layer4_lr0.001_hd128_wd0.0_cosine,"lr0.001,wd0.0",21195012930.508198,0.04239002588680954
[16],2,"lr=1e-05, wd=0.01",5,layer4_lr0.001_hd128_wd0.01_cosine,"lr0.001,wd0.01",1276744835.8565624,0.002553489697506269
[16],2,"lr=1e-05, wd=0.01",5,layer4_lr0.003_hd128_wd0.0_cosine,"lr0.003,wd0.0",22930151749.358578,0.0458603035245103
[16],2,"lr=1e-05, wd=0.01",5,layer4_lr0.003_hd128_wd0.01_cosine,"lr0.003,wd0.01",9797944953.876371,0.019595889933545885
[16],2,"lr=1e-05, wd=0.01",10,layer4_lr1e-05_hd128_wd0.0_cosine,"lr1e-05,wd0.0",3277409757.150128,0.0065548195400934
[16],2,"lr=1e-05, wd=0.01",10,layer4_lr1e-05_hd128_wd0.01_cosine,"lr1e-05,wd0.01",3281515232.6709933,0.006563030491135131
[16],2,"lr=1e-05, wd=0.01",10,layer4_lr3e-05_hd128_wd0.0_cosine,"lr3e-05,wd0.0",275291389.67761755,0.0005505828051483792
[16],2,"lr=1e-05, wd=0.01",10,layer4_lr3e-05_hd128_wd0.01_cosine,"lr3e-05,wd0.01",25588877.630785625,5.11777810547153e-05
[16],2,"lr=1e-05, wd=0.01",10,layer4_lr0.0001_hd128_wd0.0_cosine,"lr0.0001,wd0.0",4022755287.8428044,0.008045510601478753
[16],2,"lr=1e-05, wd=0.01",10,layer4_lr0.0001_hd128_wd0.01_cosine,"lr0.0001,wd0.01",320311928.0936461,0.0006406238819804363
[16],2,"lr=1e-05, wd=0.01",10,layer4_lr0.0003_hd128_wd0.0_cosine,"lr0.0003,wd0.0",16615837961.244135,0.033231675948281414
[16],2,"lr=1e-05, wd=0.01",10,layer4_lr0.0003_hd128_wd0.01_cosine,"lr0.0003,wd0.01",304012359.07991344,0.0006080247439529709
[16],2,"lr=1e-05, wd=0.01",10,layer4_lr0.001_hd128_wd0.0_cosine,"lr0.001,wd0.0",17880477066.226078,0.035760954158245296
[16],2,"lr=1e-05, wd=0.01",10,layer4_lr0.001_hd128_wd0.01_cosine,"lr0.001,wd0.01",144455909.49797404,0.00028891184478909213
[16],2,"lr=1e-05, wd=0.01",10,layer4_lr0.003_hd128_wd0.0_cosine,"lr0.003,wd0.0",8994890756.9357,0.017989781539664542
[16],2,"lr=1e-05, wd=0.01",10,layer4_lr0.003_hd128_wd0.01_cosine,"lr0.003,wd0.01",437972074.72306985,0.0008759441752392837
[16],2,"lr=1e-05, wd=0.01",20,layer4_lr1e-05_hd128_wd0.0_cosine,"lr1e-05,wd0.0",157865678.19113994,0.00031573138217542393
[16],2,"lr=1e-05, wd=0.01",20,layer4_lr1e-05_hd128_wd0.01_cosine,"lr1e-05,wd0.01",540398012.1720464,0.0010807960501372368
[16],2,"lr=1e-05, wd=0.01",20,layer4_lr3e-05_hd128_wd0.0_cosine,"lr3e-05,wd0.0",89265221.64027087,0.00017853046907368578
[16],2,"lr=1e-05, wd=0.01",20,layer4_lr3e-05_hd128_wd0.01_cosine,"lr3e-05,wd0.01",2939314.490718276,5.8786547745806e-06
[16],2,"lr=1e-05, wd=0.01",20,layer4_lr0.0001_hd128_wd0.0_cosine,"lr0.0001,wd0.0",4633405973.896959,0.009266811973587063
[16],2,"lr=1e-05, wd=0.01",20,layer4_lr0.0001_hd128_wd0.01_cosine,"lr0.0001,wd0.01",403784888.06325084,0.0008075698019196458
[16],2,"lr=1e-05, wd=0.01",20,layer4_lr0.0003_hd128_wd0.0_cosine,"lr0.0003,wd0.0",11709034921.81422,0.023418069869421586
[16],2,"lr=1e-05, wd=0.01",20,layer4_lr0.0003_hd128_wd0.01_cosine,"lr0.0003,wd0.01",326455670.7337651,0.0006529113672606744
[16],2,"lr=1e-05, wd=0.01",20,layer4_lr0.001_hd128_wd0.0_cosine,"lr0.001,wd0.0",13303424041.626925,0.026606848109046993
[16],2,"lr=1e-05, wd=0.01",20,layer4_lr0.001_hd128_wd0.01_cosine,"lr0.001,wd0.01",143456963.92425767,0.00028691395364165937
[16],2,"lr=1e-05, wd=0.01",20,layer4_lr0.003_hd128_wd0.0_cosine,"lr0.003,wd0.0",8795847903.33986,0.017591695832472866
[16],2,"lr=1e-05, wd=0.01",20,layer4_lr0.003_hd128_wd0.01_cosine,"lr0.003,wd0.01",5305717068.902789,0.010611434163598723
[16],2,"lr=1e-05, wd=0.01",50,layer4_lr1e-05_hd128_wd0.0_cosine,"lr1e-05,wd0.0",13674935.35294168,2.734989649902741e-05
[16],2,"lr=1e-05, wd=0.01",50,layer4_lr1e-05_hd128_wd0.01_cosine,"lr1e-05,wd0.01",2132504.511011404,4.2650348151668575e-06
[16],2,"lr=1e-05, wd=0.01",50,layer4_lr3e-05_hd128_wd0.0_cosine,"lr3e-05,wd0.0",94527653.3890204,0.00018905533257118485
[16],2,"lr=1e-05, wd=0.01",50,layer4_lr3e-05_hd128_wd0.01_cosine,"lr3e-05,wd0.01",36618097.485160045,7.323622076346414e-05
[16],2,"lr=1e-05, wd=0.01",50,layer4_lr0.0001_hd128_wd0.0_cosine,"lr0.0001,wd0.0",664019617.2207978,0.0013280392602347396
[16],2,"lr=1e-05, wd=0.01",50,layer4_lr0.0001_hd128_wd0.01_cosine,"lr0.0001,wd0.01",5262274.63994919,1.052457507304243e-05
[16],2,"lr=1e-05, wd=0.01",50,layer4_lr0.0003_hd128_wd0.0_cosine,"lr0.0003,wd0.0",1658823506.8654099,0.003317647039523964
[16],2,"lr=1e-05, wd=0.01",50,layer4_lr0.0003_hd128_wd0.01_cosine,"lr0.0003,wd0.01",2081716.6053442354,4.16345900383252e-06
[16],2,"lr=1e-05, wd=0.01",50,layer4_lr0.001_hd128_wd0.0_cosine,"lr0.001,wd0.0",900113048.741363,0.00180022612327587
[16],2,"lr=1e-05, wd=0.01",50,layer4_lr0.001_hd128_wd0.01_cosine,"lr0.001,wd0.01",1161772758.0351288,0.002323545541863402
[16],2,"lr=1e-05, wd=0.01",50,layer4_lr0.003_hd128_wd0.0_cosine,"lr0.003,wd0.0",2726889317.129944,0.005453778660053032
[16],2,"lr=1e-05, wd=0.01",50,layer4_lr0.003_hd128_wd0.01_cosine,"lr0.003,wd0.01",4131059532.1508436,0.008262119090094831
[16],2,"lr=1e-05, wd=0.01",90,layer4_lr1e-05_hd128_wd0.0_cosine,"lr1e-05,wd0.0",37101584.3756597,7.420319454446343e-05
[16],2,"lr=1e-05, wd=0.01",90,layer4_lr1e-05_hd128_wd0.01_cosine,"lr1e-05,wd0.01",7011540.702985688,1.4023107199115425e-05
[16],2,"lr=1e-05, wd=0.01",90,layer4_lr3e-05_hd128_wd0.0_cosine,"lr3e-05,wd0.0",18441301.593761954,3.6882628980667954e-05
[16],2,"lr=1e-05, wd=0.01",90,layer4_lr3e-05_hd128_wd0.01_cosine,"lr3e-05,wd0.01",5380859.700295467,1.0761745193734982e-05
[16],2,"lr=1e-05, wd=0.01",90,layer4_lr0.0001_hd128_wd0.0_cosine,"lr0.0001,wd0.0",15947997.849702248,3.1896021492548546e-05
[16],2,"lr=1e-05, wd=0.01",90,layer4_lr0.0001_hd128_wd0.01_cosine,"lr0.0001,wd0.01",14868283.327064322,2.9736592447272696e-05
[16],2,"lr=1e-05, wd=0.01",90,layer4_lr0.0003_hd128_wd0.0_cosine,"lr0.0003,wd0.0",83268094.99591942,0.00016653621578498288
[16],2,"lr=1e-05, wd=0.01",90,layer4_lr0.0003_hd128_wd0.01_cosine,"lr0.0003,wd0.01",131455.7318271585,2.6293725679836656e-07
[16],2,"lr=1e-05, wd=0.01",90,layer4_lr0.001_hd128_wd0.0_cosine,"lr0.001,wd0.0",713930075.2515216,0.001427860176296187
[16],2,"lr=1e-05, wd=0.01",90,layer4_lr0.001_hd128_wd0.01_cosine,"lr0.001,wd0.01",30555211.11380304,6.111044802075013e-05
[16],2,"lr=1e-05, wd=0.01",90,layer4_lr0.003_hd128_wd0.0_cosine,"lr0.003,wd0.0",528531070.90655315,0.0010570621676062504
[16],2,"lr=1e-05, wd=0.01",90,layer4_lr0.003_hd128_wd0.01_cosine,"lr0.003,wd0.01",37075539.349585086,7.415110449231422e-05
[16],3,"lr=3e-05, wd=0.0",0,layer4_lr1e-05_hd128_wd0.0_cosine,"lr1e-05,wd0.0",16960297341.993135,0.033920594709779414
[16],3,"lr=3e-05, wd=0.0",0,layer4_lr1e-05_hd128_wd0.01_cosine,"lr1e-05,wd0.01",8686147197.45912,0.017372294420711382
[16],3,"lr=3e-05, wd=0.0",0,layer4_lr3e-05_hd128_wd0.0_cosine,"lr3e-05,wd0.0",28214458417.57931,0.056428916860951764
[16],3,"lr=3e-05, wd=0.0",0,layer4_lr3e-05_hd128_wd0.01_cosine,"lr3e-05,wd0.01",15197601109.89561,0.030395202245584365
[16],3,"lr=3e-05, wd=0.0",0,layer4_lr0.0001_hd128_wd0.0_cosine,"lr0.0001,wd0.0",21821966115.399918,0.04364393225659298
[16],3,"lr=3e-05, wd=0.0",0,layer4_lr0.0001_hd128_wd0.01_cosine,"lr0.0001,wd0.01",20353334027.3709,0.04070666808053494
[16],3,"lr=3e-05, wd=0.0",0,layer4_lr0.0003_hd128_wd0.0_cosine,"lr0.0003,wd0.0",10057791450.51743,0.020115582926828003
[16],3,"lr=3e-05, wd=0.0",0,layer4_lr0.0003_hd128_wd0.01_cosine,"lr0.0003,wd0.01",21474747381.711994,0.042949494789217134
[16],3,"lr=3e-05, wd=0.0",0,layer4_lr0.001_hd128_wd0.0_cosine,"lr0.001,wd0.0",6189331758.729158,0.012378663543251461
[16],3,"lr=3e-05, wd=0.0",0,layer4_lr0.001_hd128_wd0.01_cosine,"lr0.001,wd0.01",19680869296.28278,0.039361738618358705
[16],3,"lr=3e-05, wd=0.0",0,layer4_lr0.003_hd128_wd0.0_cosine,"lr0.003,wd0.0",7364599336.360821,0.014729198698514785
[16],3,"lr=3e-05, wd=0.0",0,layer4_lr0.003_hd128_wd0.01_cosine,"lr0.003,wd0.01",16095580050.233028,0.0321911601262592
[16],3,"lr=3e-05, wd=0.0",5,layer4_lr1e-05_hd128_wd0.0_cosine,"lr1e-05,wd0.0",3787476343.9512253,0.007574952713695594
[16],3,"lr=3e-05, wd=0.0",5,layer4_lr1e-05_hd128_wd0.01_cosine,"lr1e-05,wd0.01",921460757.8421817,0.0018429215414775073
[16],3,"lr=3e-05, wd=0.0",5,layer4_lr3e-05_hd128_wd0.0_cosine,"lr3e-05,wd0.0",474581005.40506804,0.0009491620366032802
[16],3,"lr=3e-05, wd=0.0",5,layer4_lr3e-05_hd128_wd0.01_cosine,"lr3e-05,wd0.01",87416328.50293277,0.0001748326827990096
[16],3,"lr=3e-05, wd=0.0",5,layer4_lr0.0001_hd128_wd0.0_cosine,"lr0.0001,wd0.0",1342533568.509285,0.002685067162811714
[16],3,"lr=3e-05, wd=0.0",5,layer4_lr0.0001_hd128_wd0.01_cosine,"lr0.0001,wd0.01",560802.864637112,1.1216315224182735e-06
[16],3,"lr=3e-05, wd=0.0",5,layer4_lr0.0003_hd128_wd0.0_cosine,"lr0.0003,wd0.0",12503681543.24417,0.025007363112281484
[16],3,"lr=3e-05, wd=0.0",5,layer4_lr0.0003_hd128_wd0.01_cosine,"lr0.0003,wd0.01",66139450.667710885,0.0001322789271285658
[16],3,"lr=3e-05, wd=0.0",5,layer4_lr0.001_hd128_wd0.0_cosine,"lr0.001,wd0.0",21647385290.111805,0.043294770606016754
[16],3,"lr=3e-05, wd=0.0",5,layer4_lr0.001_hd128_wd0.01_cosine,"lr0.001,wd0.01",3853545003.6180606,0.007707090033029265
[16],3,"lr=3e-05, wd=0.0",5,layer4_lr0.003_hd128_wd0.0_cosine,"lr0.003,wd0.0",22034478776.579567,0.044068957578952274
[16],3,"lr=3e-05, wd=0.0",5,layer4_lr0.003_hd128_wd0.01_cosine,"lr0.003,wd0.01",6017356192.718438,0.01203471241123002
[16],3,"lr=3e-05, wd=0.0",10,layer4_lr1e-05_hd128_wd0.0_cosine,"lr1e-05,wd0.0",1660007161.3824596,0.0033200143485580635
[16],3,"lr=3e-05, wd=0.0",10,layer4_lr1e-05_hd128_wd0.01_cosine,"lr1e-05,wd0.01",1200201749.081343,0.00240040352395583
[16],3,"lr=3e-05, wd=0.0",10,layer4_lr3e-05_hd128_wd0.0_cosine,"lr3e-05,wd0.0",161725390.466727,0.00032345080672659804
[16],3,"lr=3e-05, wd=0.0",10,layer4_lr3e-05_hd128_wd0.01_cosine,"lr3e-05,wd0.01",156830969.75743708,0.0003136619653080182
[16],3,"lr=3e-05, wd=0.0",10,layer4_lr0.0001_hd128_wd0.0_cosine,"lr0.0001,wd0.0",3027323840.386197,0.0060546477065655385
[16],3,"lr=3e-05, wd=0.0",10,layer4_lr0.0001_hd128_wd0.01_cosine,"lr0.0001,wd0.01",303411709.0470238,0.0006068234438871916
[16],3,"lr=3e-05, wd=0.0",10,layer4_lr0.0003_hd128_wd0.0_cosine,"lr0.0003,wd0.0",14420279112.2611,0.028840558250315347
[16],3,"lr=3e-05, wd=0.0",10,layer4_lr0.0003_hd128_wd0.01_cosine,"lr0.0003,wd0.01",374998900.0840316,0.0007499978259612073
[16],3,"lr=3e-05, wd=0.0",10,layer4_lr0.001_hd128_wd0.0_cosine,"lr0.001,wd0.0",16936569239.635742,0.033873138505064626
[16],3,"lr=3e-05, wd=0.0",10,layer4_lr0.001_hd128_wd0.01_cosine,"lr0.001,wd0.01",9804882.590979895,1.960979097510384e-05
[16],3,"lr=3e-05, wd=0.0",10,layer4_lr0.003_hd128_wd0.0_cosine,"lr0.003,wd0.0",9690263018.293818,0.01938052606238078
[16],3,"lr=3e-05, wd=0.0",10,layer4_lr0.003_hd128_wd0.01_cosine,"lr0.003,wd0.01",234326452.07440808,0.0004686529299419602
[16],3,"lr=3e-05, wd=0.0",20,layer4_lr1e-05_hd128_wd0.0_cosine,"lr1e-05,wd0.0",21603890.816455472,4.320780742605499e-05
[16],3,"lr=3e-05, wd=0.0",20,layer4_lr1e-05_hd128_wd0.01_cosine,"lr1e-05,wd0.01",49603438.36453803,9.92069025222201e-05
[16],3,"lr=3e-05, wd=0.0",20,layer4_lr3e-05_hd128_wd0.0_cosine,"lr3e-05,wd0.0",164518622.95586625,0.00032903727170487655
[16],3,"lr=3e-05, wd=0.0",20,layer4_lr3e-05_hd128_wd0.01_cosine,"lr3e-05,wd0.01",22330671.47769887,4.4661368748541784e-05
[16],3,"lr=3e-05, wd=0.0",20,layer4_lr0.0001_hd128_wd0.0_cosine,"lr0.0001,wd0.0",3798173673.6981983,0.007596347373189541
[16],3,"lr=3e-05, wd=0.0",20,layer4_lr0.0001_hd128_wd0.01_cosine,"lr0.0001,wd0.01",343292668.48405004,0.0006865853627612442
[16],3,"lr=3e-05, wd=0.0",20,layer4_lr0.0003_hd128_wd0.0_cosine,"lr0.0003,wd0.0",11307281197.731472,0.022614562421256087
[16],3,"lr=3e-05, wd=0.0",20,layer4_lr0.0003_hd128_wd0.01_cosine,"lr0.0003,wd0.01",306989756.25779456,0.0006139795383087333
[16],3,"lr=3e-05, wd=0.0",20,layer4_lr0.001_hd128_wd0.0_cosine,"lr0.001,wd0.0",13564875341.561253,0.02712975070891565
[16],3,"lr=3e-05, wd=0.0",20,layer4_lr0.001_hd128_wd0.01_cosine,"lr0.001,wd0.01",244200047.01773545,0.000488400119828615
[16],3,"lr=3e-05, wd=0.0",20,layer4_lr0.003_hd128_wd0.0_cosine,"lr0.003,wd0.0",9458770605.9068,0.018917541237606743
[16],3,"lr=3e-05, wd=0.0",20,layer4_lr0.003_hd128_wd0.01_cosine,"lr0.003,wd0.01",3309316526.4435706,0.006618633078680285
[16],3,"lr=3e-05, wd=0.0",50,layer4_lr1e-05_hd128_wd0.0_cosine,"lr1e-05,wd0.0",20361904.25449316,4.072383430213036e-05
[16],3,"lr=3e-05, wd=0.0",50,layer4_lr1e-05_hd128_wd0.01_cosine,"lr1e-05,wd0.01",16028834.04944881,3.205769389204167e-05
[16],3,"lr=3e-05, wd=0.0",50,layer4_lr3e-05_hd128_wd0.0_cosine,"lr3e-05,wd0.0",77136818.93348584,0.0001542736636601157
[16],3,"lr=3e-05, wd=0.0",50,layer4_lr3e-05_hd128_wd0.01_cosine,"lr3e-05,wd0.01",44729928.98948508,8.94598837721142e-05
[16],3,"lr=3e-05, wd=0.0",50,layer4_lr0.0001_hd128_wd0.0_cosine,"lr0.0001,wd0.0",707417445.9627905,0.001414834917718725
[16],3,"lr=3e-05, wd=0.0",50,layer4_lr0.0001_hd128_wd0.01_cosine,"lr0.0001,wd0.01",5714684.156675368,1.1429394106494784e-05
[16],3,"lr=3e-05, wd=0.0",50,layer4_lr0.0003_hd128_wd0.0_cosine,"lr0.0003,wd0.0",1712151810.4876194,0.003424303646768383
[16],3,"lr=3e-05, wd=0.0",50,layer4_lr0.0003_hd128_wd0.01_cosine,"lr0.0003,wd0.01",2111867.7296344466,4.223761252412942e-06
[16],3,"lr=3e-05, wd=0.0",50,layer4_lr0.001_hd128_wd0.0_cosine,"lr0.001,wd0.0",1344622599.667051,0.0026892452251272465
[16],3,"lr=3e-05, wd=0.0",50,layer4_lr0.001_hd128_wd0.01_cosine,"lr0.001,wd0.01",990053592.9434813,0.0019801072116801067
[16],3,"lr=3e-05, wd=0.0",50,layer4_lr0.003_hd128_wd0.0_cosine,"lr0.003,wd0.0",2994748515.7756524,0.0059894970573444485
[16],3,"lr=3e-05, wd=0.0",50,layer4_lr0.003_hd128_wd0.01_cosine,"lr0.003,wd0.01",3882353438.407243,0.00776470690260763
[16],3,"lr=3e-05, wd=0.0",90,layer4_lr1e-05_hd128_wd0.0_cosine,"lr1e-05,wd0.0",36699409.87295458,7.33988455390532e-05
[16],3,"lr=3e-05, wd=0.0",90,layer4_lr1e-05_hd128_wd0.01_cosine,"lr1e-05,wd0.01",9269683.989008263,1.8539393771160576e-05
[16],3,"lr=3e-05, wd=0.0",90,layer4_lr3e-05_hd128_wd0.0_cosine,"lr3e-05,wd0.0",16203114.993936533,3.2406255781017116e-05
[16],3,"lr=3e-05, wd=0.0",90,layer4_lr3e-05_hd128_wd0.01_cosine,"lr3e-05,wd0.01",7298367.250973719,1.4596760295091487e-05
[16],3,"lr=3e-05, wd=0.0",90,layer4_lr0.0001_hd128_wd0.0_cosine,"lr0.0001,wd0.0",18269573.519299623,3.653917283174329e-05
[16],3,"lr=3e-05, wd=0.0",90,layer4_lr0.0001_hd128_wd0.01_cosine,"lr0.0001,wd0.01",10650509.45090318,2.130104469495041e-05
[16],3,"lr=3e-05, wd=0.0",90,layer4_lr0.0003_hd128_wd0.0_cosine,"lr0.0003,wd0.0",149993977.39147696,0.00029998798057609795
[16],3,"lr=3e-05, wd=0.0",90,layer4_lr0.0003_hd128_wd0.01_cosine,"lr0.0003,wd0.01",3680701.9873989136,7.3614297679418765e-06
[16],3,"lr=3e-05, wd=0.0",90,layer4_lr0.001_hd128_wd0.0_cosine,"lr0.001,wd0.0",853322985.9065604,0.0017066459976062649
[16],3,"lr=3e-05, wd=0.0",90,layer4_lr0.001_hd128_wd0.01_cosine,"lr0.001,wd0.01",176568.6171172122,3.5316302737847395e-07
[16],3,"lr=3e-05, wd=0.0",90,layer4_lr0.003_hd128_wd0.0_cosine,"lr0.003,wd0.0",622999484.7014027,0.0012459989951959492
[16],3,"lr=3e-05, wd=0.0",90,layer4_lr0.003_hd128_wd0.01_cosine,"lr0.003,wd0.01",213125456.19735566,0.00042625093818785535
[16],4,"lr=3e-05, wd=0.01",0,layer4_lr1e-05_hd128_wd0.0_cosine,"lr1e-05,wd0.0",30226698598.890205,0.060453397223573554
[16],4,"lr=3e-05, wd=0.01",0,layer4_lr1e-05_hd128_wd0.01_cosine,"lr1e-05,wd0.01",18570731403.84014,0.03714146283347342
[16],4,"lr=3e-05, wd=0.01",0,layer4_lr3e-05_hd128_wd0.0_cosine,"lr3e-05,wd0.0",44956324705.597885,0.0899126494369889
[16],4,"lr=3e-05, wd=0.01",0,layer4_lr3e-05_hd128_wd0.01_cosine,"lr3e-05,wd0.01",27804816183.067673,0.05560963239192849
[16],4,"lr=3e-05, wd=0.01",0,layer4_lr0.0001_hd128_wd0.0_cosine,"lr0.0001,wd0.0",36755788032.125084,0.0735115760900433
[16],4,"lr=3e-05, wd=0.01",0,layer4_lr0.0001_hd128_wd0.01_cosine,"lr0.0001,wd0.01",34667722536.35396,0.06933544509850105
[16],4,"lr=3e-05, wd=0.01",0,layer4_lr0.0003_hd128_wd0.0_cosine,"lr0.0003,wd0.0",20661915615.362175,0.04132383125651749
[16],4,"lr=3e-05, wd=0.01",0,layer4_lr0.0003_hd128_wd0.01_cosine,"lr0.0003,wd0.01",36011137112.45608,0.07202227425070529
[16],4,"lr=3e-05, wd=0.01",0,layer4_lr0.001_hd128_wd0.0_cosine,"lr0.001,wd0.0",14555240699.32466,0.02911048142444246
[16],4,"lr=3e-05, wd=0.01",0,layer4_lr0.001_hd128_wd0.01_cosine,"lr0.001,wd0.01",33230152145.22055,0.06646030431623424
[16],4,"lr=3e-05, wd=0.01",0,layer4_lr0.003_hd128_wd0.0_cosine,"lr0.003,wd0.0",15776054448.07901,0.031552108921951164
[16],4,"lr=3e-05, wd=0.01",0,layer4_lr0.003_hd128_wd0.01_cosine,"lr0.003,wd0.01",27810783715.196087,0.055621567456185315
[16],4,"lr=3e-05, wd=0.01",5,layer4_lr1e-05_hd128_wd0.0_cosine,"lr1e-05,wd0.0",5693844390.781656,0.011387688807356456
[16],4,"lr=3e-05, wd=0.01",5,layer4_lr1e-05_hd128_wd0.01_cosine,"lr1e-05,wd0.01",1990414522.7028484,0.003980829071198841
[16],4,"lr=3e-05, wd=0.01",5,layer4_lr3e-05_hd128_wd0.0_cosine,"lr3e-05,wd0.0",456648035.73115045,0.000913296097255445
[16],4,"lr=3e-05, wd=0.01",5,layer4_lr3e-05_hd128_wd0.01_cosine,"lr3e-05,wd0.01",79203455.17067777,0.00015840693613449958
[16],4,"lr=3e-05, wd=0.01",5,layer4_lr0.0001_hd128_wd0.0_cosine,"lr0.0001,wd0.0",1639144489.6990912,0.0032782890051913267
[16],4,"lr=3e-05, wd=0.01",5,layer4_lr0.0001_hd128_wd0.01_cosine,"lr0.0001,wd0.01",9995591.524386963,1.9991208841917977e-05
[16],4,"lr=3e-05, wd=0.01",5,layer4_lr0.0003_hd128_wd0.0_cosine,"lr0.0003,wd0.0",12996232381.404932,0.02599246478860301
[16],4,"lr=3e-05, wd=0.01",5,layer4_lr0.0003_hd128_wd0.01_cosine,"lr0.0003,wd0.01",62906740.184825115,0.00012581350616279428
[16],4,"lr=3e-05, wd=0.01",5,layer4_lr0.001_hd128_wd0.0_cosine,"lr0.001,wd0.0",21395347652.870766,0.04279069533153467
[16],4,"lr=3e-05, wd=0.01",5,layer4_lr0.001_hd128_wd0.01_cosine,"lr0.001,wd0.01",3005360441.0288224,0.006010720907850789
[16],4,"lr=3e-05, wd=0.01",5,layer4_lr0.003_hd128_wd0.0_cosine,"lr0.003,wd0.0",21757740618.096832,0.04351548126198681
[16],4,"lr=3e-05, wd=0.01",5,layer4_lr0.003_hd128_wd0.01_cosine,"lr0.003,wd0.01",6806257777.158065,0.013612515580109273
[16],4,"lr=3e-05, wd=0.01",10,layer4_lr1e-05_hd128_wd0.0_cosine,"lr1e-05,wd0.0",2068910881.6809804,0.004137821789155105
[16],4,"lr=3e-05, wd=0.01",10,layer4_lr1e-05_hd128_wd0.01_cosine,"lr1e-05,wd0.01",1484044053.4502113,0.002968088132693567
[16],4,"lr=3e-05, wd=0.01",10,layer4_lr3e-05_hd128_wd0.0_cosine,"lr3e-05,wd0.0",104100663.76685853,0.0002082013533268611
[16],4,"lr=3e-05, wd=0.01",10,layer4_lr3e-05_hd128_wd0.01_cosine,"lr3e-05,wd0.01",232927815.0884789,0.0004658556559701018
[16],4,"lr=3e-05, wd=0.01",10,layer4_lr0.0001_hd128_wd0.0_cosine,"lr0.0001,wd0.0",3528675186.7143116,0.007057350399221767
[16],4,"lr=3e-05, wd=0.01",10,layer4_lr0.0001_hd128_wd0.01_cosine,"lr0.0001,wd0.01",393975907.76181996,0.000787951841316784
[16],4,"lr=3e-05, wd=0.01",10,layer4_lr0.0003_hd128_wd0.0_cosine,"lr0.0003,wd0.0",15267107728.935667,0.030534215483664476
[16],4,"lr=3e-05, wd=0.01",10,layer4_lr0.0003_hd128_wd0.01_cosine,"lr0.0003,wd0.01",391921813.40955776,0.0007838436526122596
[16],4,"lr=3e-05, wd=0.01",10,layer4_lr0.001_hd128_wd0.0_cosine,"lr0.001,wd0.0",17568091744.830196,0.035136183515453535
[16],4,"lr=3e-05, wd=0.01",10,layer4_lr0.001_hd128_wd0.01_cosine,"lr0.001,wd0.01",11732812.218707558,2.3465650230559168e-05
[16],4,"lr=3e-05, wd=0.01",10,layer4_lr0.003_hd128_wd0.0_cosine,"lr0.003,wd0.0",9972852655.945421,0.019945705337683986
[16],4,"lr=3e-05, wd=0.01",10,layer4_lr0.003_hd128_wd0.01_cosine,"lr0.003,wd0.01",83695395.4970071,0.00016739081678715824
[16],4,"lr=3e-05, wd=0.01",20,layer4_lr1e-05_hd128_wd0.0_cosine,"lr1e-05,wd0.0",579932.1125257018,1.159890018195453e-06
[16],4,"lr=3e-05, wd=0.01",20,layer4_lr1e-05_hd128_wd0.01_cosine,"lr1e-05,wd0.01",120663396.09203054,0.00024132681797720513
[16],4,"lr=3e-05, wd=0.01",20,layer4_lr3e-05_hd128_wd0.0_cosine,"lr3e-05,wd0.0",210428417.67261666,0.00042085686113837735
[16],4,"lr=3e-05, wd=0.01",20,layer4_lr3e-05_hd128_wd0.01_cosine,"lr3e-05,wd0.01",39683498.14502452,7.936702208319309e-05
[16],4,"lr=3e-05, wd=0.01",20,layer4_lr0.0001_hd128_wd0.0_cosine,"lr0.0001,wd0.0",4119750413.653792,0.008239500853100728
[16],4,"lr=3e-05, wd=0.01",20,layer4_lr0.0001_hd128_wd0.01_cosine,"lr0.0001,wd0.01",423529235.8783204,0.0008470584975497849
[16],4,"lr=3e-05, wd=0.01",20,layer4_lr0.0003_hd128_wd0.0_cosine,"lr0.0003,wd0.0",11651784135.497686,0.023303568296788518
[16],4,"lr=3e-05, wd=0.01",20,layer4_lr0.0003_hd128_wd0.01_cosine,"lr0.0003,wd0.01",340605038.49864095,0.000681210102790426
[16],4,"lr=3e-05, wd=0.01",20,layer4_lr0.001_hd128_wd0.0_cosine,"lr0.001,wd0.0",13847976191.560856,0.027695952408914856
[16],4,"lr=3e-05, wd=0.01",20,layer4_lr0.001_hd128_wd0.01_cosine,"lr0.001,wd0.01",237019700.15946347,0.00047403942611207097
[16],4,"lr=3e-05, wd=0.01",20,layer4_lr0.003_hd128_wd0.0_cosine,"lr0.003,wd0.0",9669530261.528074,0.01933906054884929
[16],4,"lr=3e-05, wd=0.01",20,layer4_lr0.003_hd128_wd0.01_cosine,"lr0.003,wd0.01",3303741916.4406304,0.006607483858674405
[16],4,"lr=3e-05, wd=0.01",50,layer4_lr1e-05_hd128_wd0.0_cosine,"lr1e-05,wd0.0",27627951.055789724,5.5255927904723495e-05
[16],4,"lr=3e-05, wd=0.01",50,layer4_lr1e-05_hd128_wd0.01_cosine,"lr1e-05,wd0.01",19144151.90282985,3.8288329598803745e-05
[16],4,"lr=3e-05, wd=0.01",50,layer4_lr3e-05_hd128_wd0.0_cosine,"lr3e-05,wd0.0",72864925.35127917,0.0001457298764957024
[16],4,"lr=3e-05, wd=0.01",50,layer4_lr3e-05_hd128_wd0.01_cosine,"lr3e-05,wd0.01",39337046.67480765,7.867411914275935e-05
[16],4,"lr=3e-05, wd=0.01",50,layer4_lr0.0001_hd128_wd0.0_cosine,"lr0.0001,wd0.0",666102292.3788508,0.0013322046105508456
[16],4,"lr=3e-05, wd=0.01",50,layer4_lr0.0001_hd128_wd0.01_cosine,"lr0.0001,wd0.01",4153655.1969378316,8.307336187019712e-06
[16],4,"lr=3e-05, wd=0.01",50,layer4_lr0.0003_hd128_wd0.0_cosine,"lr0.0003,wd0.0",1569236135.5906315,0.003138472296974407
[16],4,"lr=3e-05, wd=0.01",50,layer4_lr0.0003_hd128_wd0.01_cosine,"lr0.0003,wd0.01",1070301.96206506,2.1406297172741693e-06
[16],4,"lr=3e-05, wd=0.01",50,layer4_lr0.001_hd128_wd0.0_cosine,"lr0.001,wd0.0",1117866585.5784018,0.002235733196949948
[16],4,"lr=3e-05, wd=0.01",50,layer4_lr0.001_hd128_wd0.01_cosine,"lr0.001,wd0.01",1039839729.69744,0.002079679485188024
[16],4,"lr=3e-05, wd=0.01",50,layer4_lr0.003_hd128_wd0.0_cosine,"lr0.003,wd0.0",2905556684.5770683,0.005811113394947281
[16],4,"lr=3e-05, wd=0.01",50,layer4_lr0.003_hd128_wd0.01_cosine,"lr0.003,wd0.01",4029311295.741705,0.008058622617276554
[16],4,"lr=3e-05, wd=0.01",90,layer4_lr1e-05_hd128_wd0.0_cosine,"lr1e-05,wd0.0",30048830.21448095,6.009768622210595e-05
[16],4,"lr=3e-05, wd=0.01",90,layer4_lr1e-05_hd128_wd0.01_cosine,"lr1e-05,wd0.01",5683702.778940306,1.1367431351024662e-05
[16],4,"lr=3e-05, wd=0.01",90,layer4_lr3e-05_hd128_wd0.0_cosine,"lr3e-05,wd0.0",12990535.861453148,2.5981097516050347e-05
[16],4,"lr=3e-05, wd=0.01",90,layer4_lr3e-05_hd128_wd0.01_cosine,"lr3e-05,wd0.01",4564946.768562305,9.129919330268659e-06
[16],4,"lr=3e-05, wd=0.01",90,layer4_lr0.0001_hd128_wd0.0_cosine,"lr0.0001,wd0.0",12114889.981568603,2.4229805756281255e-05
[16],4,"lr=3e-05, wd=0.01",90,layer4_lr0.0001_hd128_wd0.01_cosine,"lr0.0001,wd0.01",7766749.664696514,1.5533525122537076e-05
[16],4,"lr=3e-05, wd=0.01",90,layer4_lr0.0003_hd128_wd0.0_cosine,"lr0.0003,wd0.0",137915964.99088338,0.0002758319557749108
[16],4,"lr=3e-05, wd=0.01",90,layer4_lr0.0003_hd128_wd0.01_cosine,"lr0.0003,wd0.01",5986626.794896669,1.1973279382937387e-05
[16],4,"lr=3e-05, wd=0.01",90,layer4_lr0.001_hd128_wd0.0_cosine,"lr0.001,wd0.0",815773281.9868255,0.0016315465897667949
[16],4,"lr=3e-05, wd=0.01",90,layer4_lr0.001_hd128_wd0.01_cosine,"lr0.001,wd0.01",64817.40654592789,1.296606062359053e-07
[16],4,"lr=3e-05, wd=0.01",90,layer4_lr0.003_hd128_wd0.0_cosine,"lr0.003,wd0.0",595800232.7402886,0.0011916004912737213
[16],4,"lr=3e-05, wd=0.01",90,layer4_lr0.003_hd128_wd0.01_cosine,"lr0.003,wd0.01",239853741.1814058,0.0004797075081559557
[16],5,"lr=1e-04, wd=0.0",0,layer4_lr1e-05_hd128_wd0.0_cosine,"lr1e-05,wd0.0",5219890272.415653,0.01043978057062445
[16],5,"lr=1e-04, wd=0.0",0,layer4_lr1e-05_hd128_wd0.01_cosine,"lr1e-05,wd0.01",1208848936.508015,0.002417697898809174
[16],5,"lr=1e-04, wd=0.0",0,layer4_lr3e-05_hd128_wd0.0_cosine,"lr3e-05,wd0.0",12367443198.509998,0.02473488642281314
[16],5,"lr=1e-04, wd=0.0",0,layer4_lr3e-05_hd128_wd0.01_cosine,"lr3e-05,wd0.01",4351875129.173488,0.008703750284140119
[16],5,"lr=1e-04, wd=0.0",0,layer4_lr0.0001_hd128_wd0.0_cosine,"lr0.0001,wd0.0",8321321883.53384,0.016642643792860824
[16],5,"lr=1e-04, wd=0.0",0,layer4_lr0.0001_hd128_wd0.01_cosine,"lr0.0001,wd0.01",7409095348.859951,0.014818190723513047
[16],5,"lr=1e-04, wd=0.0",0,layer4_lr0.0003_hd128_wd0.0_cosine,"lr0.0003,wd0.0",1888049760.525589,0.003776099546844322
[16],5,"lr=1e-04, wd=0.0",0,layer4_lr0.0003_hd128_wd0.01_cosine,"lr0.0003,wd0.01",8135344192.866934,0.016270688411527012
[16],5,"lr=1e-04, wd=0.0",0,layer4_lr0.001_hd128_wd0.0_cosine,"lr0.001,wd0.0",471100437.8545425,0.0009422009015022291
[16],5,"lr=1e-04, wd=0.0",0,layer4_lr0.001_hd128_wd0.01_cosine,"lr0.001,wd0.01",7064585479.808528,0.0141291709854102
[16],5,"lr=1e-04, wd=0.0",0,layer4_lr0.003_hd128_wd0.0_cosine,"lr0.003,wd0.0",843374392.9137084,0.0016867488116205608
[16],5,"lr=1e-04, wd=0.0",0,layer4_lr0.003_hd128_wd0.01_cosine,"lr0.003,wd0.01",5021105673.950947,0.010042211373695037
[16],5,"lr=1e-04, wd=0.0",5,layer4_lr1e-05_hd128_wd0.0_cosine,"lr1e-05,wd0.0",2096074434.931147,0.004192148895655438
[16],5,"lr=1e-04, wd=0.0",5,layer4_lr1e-05_hd128_wd0.01_cosine,"lr1e-05,wd0.01",234671954.3439573,0.00046934393448105866
[16],5,"lr=1e-04, wd=0.0",5,layer4_lr3e-05_hd128_wd0.0_cosine,"lr3e-05,wd0.0",2539302982.8832088,0.005078605991559562
[16],5,"lr=1e-04, wd=0.0",5,layer4_lr3e-05_hd128_wd0.01_cosine,"lr3e-05,wd0.01",908120493.734067,0.0018162410132612778
[16],5,"lr=1e-04, wd=0.0",5,layer4_lr0.0001_hd128_wd0.0_cosine,"lr0.0001,wd0.0",163202811.98309314,0.0003264056497593303
[16],5,"lr=1e-04, wd=0.0",5,layer4_lr0.0001_hd128_wd0.01_cosine,"lr0.0001,wd0.01",504843382.88387364,0.0010096867915608914
[16],5,"lr=1e-04, wd=0.0",5,layer4_lr0.0003_hd128_wd0.0_cosine,"lr0.0003,wd0.0",8028000789.11547,0.016056001604024085
[16],5,"lr=1e-04, wd=0.0",5,layer4_lr0.0003_hd128_wd0.01_cosine,"lr0.0003,wd0.01",143167088.13863012,0.0002863342020704043
[16],5,"lr=1e-04, wd=0.0",5,layer4_lr0.001_hd128_wd0.0_cosine,"lr0.001,wd0.0",15363532625.578403,0.03072706527694995
[16],5,"lr=1e-04, wd=0.0",5,layer4_lr0.001_hd128_wd0.01_cosine,"lr0.001,wd0.01",679772421.6999722,0.0013595448691930882
[16],5,"lr=1e-04, wd=0.0",5,layer4_lr0.003_hd128_wd0.0_cosine,"lr0.003,wd0.0",14502161130.198858,0.02900432228619086
[16],5,"lr=1e-04, wd=0.0",5,layer4_lr0.003_hd128_wd0.01_cosine,"lr0.003,wd0.01",8646330222.849445,0.017292660471492034
[16],5,"lr=1e-04, wd=0.0",10,layer4_lr1e-05_hd128_wd0.0_cosine,"lr1e-05,wd0.0",2906364131.2383423,0.005812728288269829
[16],5,"lr=1e-04, wd=0.0",10,layer4_lr1e-05_hd128_wd0.01_cosine,"lr1e-05,wd0.01",1082957775.2075539,0.002165915576208252
[16],5,"lr=1e-04, wd=0.0",10,layer4_lr3e-05_hd128_wd0.0_cosine,"lr3e-05,wd0.0",1410519068.9292815,0.0028210381636517073
[16],5,"lr=1e-04, wd=0.0",10,layer4_lr3e-05_hd128_wd0.01_cosine,"lr3e-05,wd0.01",229452474.07202756,0.00045890497393719917
[16],5,"lr=1e-04, wd=0.0",10,layer4_lr0.0001_hd128_wd0.0_cosine,"lr0.0001,wd0.0",1091052351.2712884,0.002182104728335721
[16],5,"lr=1e-04, wd=0.0",10,layer4_lr0.0001_hd128_wd0.01_cosine,"lr0.0001,wd0.01",1087994.2241165563,2.176014241377162e-06
[16],5,"lr=1e-04, wd=0.0",10,layer4_lr0.0003_hd128_wd0.0_cosine,"lr0.0003,wd0.0",10078770782.08077,0.020157541589954683
[16],5,"lr=1e-04, wd=0.0",10,layer4_lr0.0003_hd128_wd0.01_cosine,"lr0.0003,wd0.01",5817465.8970469525,1.1634957587237954e-05
[16],5,"lr=1e-04, wd=0.0",10,layer4_lr0.001_hd128_wd0.0_cosine,"lr0.001,wd0.0",12501604741.525526,0.025003209508844194
[16],5,"lr=1e-04, wd=0.0",10,layer4_lr0.001_hd128_wd0.01_cosine,"lr0.001,wd0.01",751796963.3218969,0.0015035939524369378
[16],5,"lr=1e-04, wd=0.0",10,layer4_lr0.003_hd128_wd0.0_cosine,"lr0.003,wd0.0",6091777562.734169,0.012183555151261481
[16],5,"lr=1e-04, wd=0.0",10,layer4_lr0.003_hd128_wd0.01_cosine,"lr0.003,wd0.01",600233284.9340279,0.0012004665956611997
[16],5,"lr=1e-04, wd=0.0",20,layer4_lr1e-05_hd128_wd0.0_cosine,"lr1e-05,wd0.0",1345401404.0601966,0.0026908028339135376
[16],5,"lr=1e-04, wd=0.0",20,layer4_lr1e-05_hd128_wd0.01_cosine,"lr1e-05,wd0.01",620025709.6795473,0.0012400514451522385
[16],5,"lr=1e-04, wd=0.0",20,layer4_lr3e-05_hd128_wd0.0_cosine,"lr3e-05,wd0.0",100566143.6277281,0.00020113231304860025
[16],5,"lr=1e-04, wd=0.0",20,layer4_lr3e-05_hd128_wd0.01_cosine,"lr3e-05,wd0.01",177518694.6548538,0.0003550374151028516
[16],5,"lr=1e-04, wd=0.0",20,layer4_lr0.0001_hd128_wd0.0_cosine,"lr0.0001,wd0.0",2466385618.5342407,0.0049327712628616256
[16],5,"lr=1e-04, wd=0.0",20,layer4_lr0.0001_hd128_wd0.01_cosine,"lr0.0001,wd0.01",27522308.826050058,5.5044643445244165e-05
[16],5,"lr=1e-04, wd=0.0",20,layer4_lr0.0003_hd128_wd0.0_cosine,"lr0.0003,wd0.0",9318587236.986687,0.018637174499766516
[16],5,"lr=1e-04, wd=0.0",20,layer4_lr0.0003_hd128_wd0.01_cosine,"lr0.0003,wd0.01",9086552.11632805,1.817313002580015e-05
[16],5,"lr=1e-04, wd=0.0",20,layer4_lr0.001_hd128_wd0.0_cosine,"lr0.001,wd0.0",11333649783.739029,0.0226672995932712
[16],5,"lr=1e-04, wd=0.0",20,layer4_lr0.001_hd128_wd0.01_cosine,"lr0.001,wd0.01",48493102.68004153,9.69862311532271e-05
[16],5,"lr=1e-04, wd=0.0",20,layer4_lr0.003_hd128_wd0.0_cosine,"lr0.003,wd0.0",6884322549.582253,0.013768645124957651
[16],5,"lr=1e-04, wd=0.0",20,layer4_lr0.003_hd128_wd0.01_cosine,"lr0.003,wd0.01",6619172235.568164,0.013238344496929472
[16],5,"lr=1e-04, wd=0.0",50,layer4_lr1e-05_hd128_wd0.0_cosine,"lr1e-05,wd0.0",62515994.38038998,0.000125032014553924
[16],5,"lr=1e-04, wd=0.0",50,layer4_lr1e-05_hd128_wd0.01_cosine,"lr1e-05,wd0.01",30589753.76168292,6.117953331650988e-05
[16],5,"lr=1e-04, wd=0.0",50,layer4_lr3e-05_hd128_wd0.0_cosine,"lr3e-05,wd0.0",26714191.3377103,5.342840846856464e-05
[16],5,"lr=1e-04, wd=0.0",50,layer4_lr3e-05_hd128_wd0.01_cosine,"lr3e-05,wd0.01",327453.0658822278,6.54931924908505e-07
[16],5,"lr=1e-04, wd=0.0",50,layer4_lr0.0001_hd128_wd0.0_cosine,"lr0.0001,wd0.0",650690106.2331156,0.001301380238259375
[16],5,"lr=1e-04, wd=0.0",50,layer4_lr0.0001_hd128_wd0.01_cosine,"lr0.0001,wd0.01",55775.08848459593,1.1157597011324137e-07
[16],5,"lr=1e-04, wd=0.0",50,layer4_lr0.0003_hd128_wd0.0_cosine,"lr0.0003,wd0.0",794276786.8826455,0.001588553599558435
[16],5,"lr=1e-04, wd=0.0",50,layer4_lr0.0003_hd128_wd0.01_cosine,"lr0.0003,wd0.01",2041469.8590942603,4.08296551133257e-06
[16],5,"lr=1e-04, wd=0.0",50,layer4_lr0.001_hd128_wd0.0_cosine,"lr0.001,wd0.0",215503741.21062636,0.00043100750821439674
[16],5,"lr=1e-04, wd=0.0",50,layer4_lr0.001_hd128_wd0.01_cosine,"lr0.001,wd0.01",1216525544.6517475,0.002433051115096639
[16],5,"lr=1e-04, wd=0.0",50,layer4_lr0.003_hd128_wd0.0_cosine,"lr0.003,wd0.0",2816278122.067501,0.005632556269928146
[16],5,"lr=1e-04, wd=0.0",50,layer4_lr0.003_hd128_wd0.01_cosine,"lr0.003,wd0.01",4799756233.002256,0.009599512491797657
[16],5,"lr=1e-04, wd=0.0",90,layer4_lr1e-05_hd128_wd0.0_cosine,"lr1e-05,wd0.0",3737037.1212535305,7.47410003565111e-06
[16],5,"lr=1e-04, wd=0.0",90,layer4_lr1e-05_hd128_wd0.01_cosine,"lr1e-05,wd0.01",3052612.2271793666,6.105250247502782e-06
[16],5,"lr=1e-04, wd=0.0",90,layer4_lr3e-05_hd128_wd0.0_cosine,"lr3e-05,wd0.0",10310944.416331407,2.0621914625806862e-05
[16],5,"lr=1e-04, wd=0.0",90,layer4_lr3e-05_hd128_wd0.01_cosine,"lr3e-05,wd0.01",1103444.8553571866,2.2069155038584226e-06
[16],5,"lr=1e-04, wd=0.0",90,layer4_lr0.0001_hd128_wd0.0_cosine,"lr0.0001,wd0.0",1589958.5454083306,3.1799428839607108e-06
[16],5,"lr=1e-04, wd=0.0",90,layer4_lr0.0001_hd128_wd0.01_cosine,"lr0.0001,wd0.01",5691244.301618522,1.1382514396381094e-05
[16],5,"lr=1e-04, wd=0.0",90,layer4_lr0.0003_hd128_wd0.0_cosine,"lr0.0003,wd0.0",74932236.46369548,0.00014986449872053502
[16],5,"lr=1e-04, wd=0.0",90,layer4_lr0.0003_hd128_wd0.01_cosine,"lr0.0003,wd0.01",9855779.809242802,1.9711585411629655e-05
[16],5,"lr=1e-04, wd=0.0",90,layer4_lr0.001_hd128_wd0.0_cosine,"lr0.001,wd0.0",704641671.9107114,0.0014092833696145667
[16],5,"lr=1e-04, wd=0.0",90,layer4_lr0.001_hd128_wd0.01_cosine,"lr0.001,wd0.01",6135985.78727385,1.227199736769175e-05
[16],5,"lr=1e-04, wd=0.0",90,layer4_lr0.003_hd128_wd0.0_cosine,"lr0.003,wd0.0",337833589.05089355,0.0006756672038949312
[16],5,"lr=1e-04, wd=0.0",90,layer4_lr0.003_hd128_wd0.01_cosine,"lr0.003,wd0.01",460668053.98853827,0.0009213361337702206
[16],6,"lr=1e-04, wd=0.01",0,layer4_lr1e-05_hd128_wd0.0_cosine,"lr1e-05,wd0.0",8871756584.857174,0.01774351319550749
[16],6,"lr=1e-04, wd=0.01",0,layer4_lr1e-05_hd128_wd0.01_cosine,"lr1e-05,wd0.01",3278094318.488823,0.00655618866277079
[16],6,"lr=1e-04, wd=0.01",0,layer4_lr3e-05_hd128_wd0.0_cosine,"lr3e-05,wd0.0",17685822562.90641,0.035371645151605964
[16],6,"lr=1e-04, wd=0.01",0,layer4_lr3e-05_hd128_wd0.01_cosine,"lr3e-05,wd0.01",7787211196.451563,0.01557442241869627
[16],6,"lr=1e-04, wd=0.01",0,layer4_lr0.0001_hd128_wd0.0_cosine,"lr0.0001,wd0.0",12682691089.92082,0.025365382205634786
[16],6,"lr=1e-04, wd=0.01",0,layer4_lr0.0001_hd128_wd0.01_cosine,"lr0.0001,wd0.01",11625232941.57631,0.023250465908945764
[16],6,"lr=1e-04, wd=0.01",0,layer4_lr0.0003_hd128_wd0.0_cosine,"lr0.0003,wd0.0",4174730663.6023116,0.008349461352997767
[16],6,"lr=1e-04, wd=0.01",0,layer4_lr0.0003_hd128_wd0.01_cosine,"lr0.0003,wd0.01",12439111299.314497,0.024878222624422137
[16],6,"lr=1e-04, wd=0.01",0,layer4_lr0.001_hd128_wd0.0_cosine,"lr0.001,wd0.0",1836259275.1649642,0.0036725185761230725
[16],6,"lr=1e-04, wd=0.01",0,layer4_lr0.001_hd128_wd0.01_cosine,"lr0.001,wd0.01",11094820233.088633,0.02218964049197041
[16],6,"lr=1e-04, wd=0.01",0,layer4_lr0.003_hd128_wd0.0_cosine,"lr0.003,wd0.0",2515450917.6079564,0.005030901861009057
[16],6,"lr=1e-04, wd=0.01",0,layer4_lr0.003_hd128_wd0.01_cosine,"lr0.003,wd0.01",8504002715.750534,0.017008005457294213
[16],6,"lr=1e-04, wd=0.01",5,layer4_lr1e-05_hd128_wd0.0_cosine,"lr1e-05,wd0.0",2980237766.1288457,0.005960475558050835
[16],6,"lr=1e-04, wd=0.01",5,layer4_lr1e-05_hd128_wd0.01_cosine,"lr1e-05,wd0.01",507363302.0886366,0.0010147266299704173
[16],6,"lr=1e-04, wd=0.01",5,layer4_lr3e-05_hd128_wd0.0_cosine,"lr3e-05,wd0.0",2772070043.8479996,0.005544140113489143
[16],6,"lr=1e-04, wd=0.01",5,layer4_lr3e-05_hd128_wd0.01_cosine,"lr3e-05,wd0.01",1106594239.1893663,0.002213188504171877
[16],6,"lr=1e-04, wd=0.01",5,layer4_lr0.0001_hd128_wd0.0_cosine,"lr0.0001,wd0.0",106059009.91397868,0.0002121180456211014
[16],6,"lr=1e-04, wd=0.01",5,layer4_lr0.0001_hd128_wd0.01_cosine,"lr0.0001,wd0.01",566514526.4140224,0.0011330290786211888
[16],6,"lr=1e-04, wd=0.01",5,layer4_lr0.0003_hd128_wd0.0_cosine,"lr0.0003,wd0.0",7895660053.266774,0.015791320132326692
[16],6,"lr=1e-04, wd=0.01",5,layer4_lr0.0003_hd128_wd0.01_cosine,"lr0.0003,wd0.01",196204424.05157894,0.0003924088738963019
[16],6,"lr=1e-04, wd=0.01",5,layer4_lr0.001_hd128_wd0.0_cosine,"lr0.001,wd0.0",14725984076.417608,0.02945196817862836
[16],6,"lr=1e-04, wd=0.01",5,layer4_lr0.001_hd128_wd0.01_cosine,"lr0.001,wd0.01",556580864.2645152,0.0011131617543221743
[16],6,"lr=1e-04, wd=0.01",5,layer4_lr0.003_hd128_wd0.0_cosine,"lr0.003,wd0.0",13999696907.480192,0.027999393840753527
[16],6,"lr=1e-04, wd=0.01",5,layer4_lr0.003_hd128_wd0.01_cosine,"lr0.003,wd0.01",9467671590.319708,0.01893534320643256
[16],6,"lr=1e-04, wd=0.01",10,layer4_lr1e-05_hd128_wd0.0_cosine,"lr1e-05,wd0.0",3591876326.7227435,0.007183752679238631
[16],6,"lr=1e-04, wd=0.01",10,layer4_lr1e-05_hd128_wd0.01_cosine,"lr1e-05,wd0.01",1637651870.8796148,0.003275303767552374
[16],6,"lr=1e-04, wd=0.01",10,layer4_lr3e-05_hd128_wd0.0_cosine,"lr3e-05,wd0.0",1486421225.5698504,0.002972842476932845
[16],6,"lr=1e-04, wd=0.01",10,layer4_lr3e-05_hd128_wd0.01_cosine,"lr3e-05,wd0.01",262866360.93030825,0.0005257327476537605
[16],6,"lr=1e-04, wd=0.01",10,layer4_lr0.0001_hd128_wd0.0_cosine,"lr0.0001,wd0.0",1094762460.8238945,0.0021895249474409334
[16],6,"lr=1e-04, wd=0.01",10,layer4_lr0.0001_hd128_wd0.01_cosine,"lr0.0001,wd0.01",3125359.551389678,6.250744895923405e-06
[16],6,"lr=1e-04, wd=0.01",10,layer4_lr0.0003_hd128_wd0.0_cosine,"lr0.0003,wd0.0",10099158721.771164,0.02019831746933547
[16],6,"lr=1e-04, wd=0.01",10,layer4_lr0.0003_hd128_wd0.01_cosine,"lr0.0003,wd0.01",638863.9912474423,1.2777537756389343e-06
[16],6,"lr=1e-04, wd=0.01",10,layer4_lr0.001_hd128_wd0.0_cosine,"lr0.001,wd0.0",12695896567.780994,0.025391793161355133
[16],6,"lr=1e-04, wd=0.01",10,layer4_lr0.001_hd128_wd0.01_cosine,"lr0.001,wd0.01",737183766.6189013,0.0014743675590309464
[16],6,"lr=1e-04, wd=0.01",10,layer4_lr0.003_hd128_wd0.0_cosine,"lr0.003,wd0.0",6170159956.595984,0.012340319938985113
[16],6,"lr=1e-04, wd=0.01",10,layer4_lr0.003_hd128_wd0.01_cosine,"lr0.003,wd0.01",683687286.1665993,0.0013673745981263425
[16],6,"lr=1e-04, wd=0.01",20,layer4_lr1e-05_hd128_wd0.0_cosine,"lr1e-05,wd0.0",1294530649.3686514,0.002589061324530447
[16],6,"lr=1e-04, wd=0.01",20,layer4_lr1e-05_hd128_wd0.01_cosine,"lr1e-05,wd0.01",690512920.4777551,0.001381025866748654
[16],6,"lr=1e-04, wd=0.01",20,layer4_lr3e-05_hd128_wd0.0_cosine,"lr3e-05,wd0.0",54642441.02030201,0.00010928490783374807
[16],6,"lr=1e-04, wd=0.01",20,layer4_lr3e-05_hd128_wd0.01_cosine,"lr3e-05,wd0.01",166338091.89151683,0.0003326762095761777
[16],6,"lr=1e-04, wd=0.01",20,layer4_lr0.0001_hd128_wd0.0_cosine,"lr0.0001,wd0.0",2522900262.3364143,0.005045800550465973
[16],6,"lr=1e-04, wd=0.01",20,layer4_lr0.0001_hd128_wd0.01_cosine,"lr0.0001,wd0.01",31643796.926218946,6.328761964558193e-05
[16],6,"lr=1e-04, wd=0.01",20,layer4_lr0.0003_hd128_wd0.0_cosine,"lr0.0003,wd0.0",9424194859.538557,0.01884838974487026
[16],6,"lr=1e-04, wd=0.01",20,layer4_lr0.0003_hd128_wd0.01_cosine,"lr0.0003,wd0.01",5107446.05267768,1.0214917898499409e-05
[16],6,"lr=1e-04, wd=0.01",20,layer4_lr0.001_hd128_wd0.0_cosine,"lr0.001,wd0.0",11446460474.94029,0.022892920975673723
[16],6,"lr=1e-04, wd=0.01",20,layer4_lr0.001_hd128_wd0.01_cosine,"lr0.001,wd0.01",64448071.62538012,0.0001288961690439043
[16],6,"lr=1e-04, wd=0.01",20,layer4_lr0.003_hd128_wd0.0_cosine,"lr0.003,wd0.0",6961757049.5626955,0.013923514124918535
[16],6,"lr=1e-04, wd=0.01",20,layer4_lr0.003_hd128_wd0.01_cosine,"lr0.003,wd0.01",6111966078.672102,0.012223932183137347
[16],6,"lr=1e-04, wd=0.01",50,layer4_lr1e-05_hd128_wd0.0_cosine,"lr1e-05,wd0.0",34018578.55229704,6.803718289773813e-05
[16],6,"lr=1e-04, wd=0.01",50,layer4_lr1e-05_hd128_wd0.01_cosine,"lr1e-05,wd0.01",31848973.881316476,6.3697973555777e-05
[16],6,"lr=1e-04, wd=0.01",50,layer4_lr3e-05_hd128_wd0.0_cosine,"lr3e-05,wd0.0",37911248.088534065,7.582252197021218e-05
[16],6,"lr=1e-04, wd=0.01",50,layer4_lr3e-05_hd128_wd0.01_cosine,"lr3e-05,wd0.01",3940644.6886188136,7.881315170381676e-06
[16],6,"lr=1e-04, wd=0.01",50,layer4_lr0.0001_hd128_wd0.0_cosine,"lr0.0001,wd0.0",650959409.3823116,0.001301918844557767
[16],6,"lr=1e-04, wd=0.01",50,layer4_lr0.0001_hd128_wd0.01_cosine,"lr0.0001,wd0.01",205497.51804345293,4.1102082923095537e-07
[16],6,"lr=1e-04, wd=0.01",50,layer4_lr0.0003_hd128_wd0.0_cosine,"lr0.0003,wd0.0",800067479.6151619,0.0016001349850234678
[16],6,"lr=1e-04, wd=0.01",50,layer4_lr0.0003_hd128_wd0.01_cosine,"lr0.0003,wd0.01",675353.2150601287,1.350732223264307e-06
[16],6,"lr=1e-04, wd=0.01",50,layer4_lr0.001_hd128_wd0.0_cosine,"lr0.001,wd0.0",194071753.3016133,0.00038814353239637067
[16],6,"lr=1e-04, wd=0.01",50,layer4_lr0.001_hd128_wd0.01_cosine,"lr0.001,wd0.01",1203017771.0622463,0.002406035567917637
[16],6,"lr=1e-04, wd=0.01",50,layer4_lr0.003_hd128_wd0.0_cosine,"lr0.003,wd0.0",2829149402.067654,0.005658298829928452
[16],6,"lr=1e-04, wd=0.01",50,layer4_lr0.003_hd128_wd0.01_cosine,"lr0.003,wd0.01",4657340811.267846,0.009314681648328837
[16],6,"lr=1e-04, wd=0.01",90,layer4_lr1e-05_hd128_wd0.0_cosine,"lr1e-05,wd0.0",8738064.911457663,1.7476155616059376e-05
[16],6,"lr=1e-04, wd=0.01",90,layer4_lr1e-05_hd128_wd0.01_cosine,"lr1e-05,wd0.01",1991170.782890295,3.9823673589246395e-06
[16],6,"lr=1e-04, wd=0.01",90,layer4_lr3e-05_hd128_wd0.0_cosine,"lr3e-05,wd0.0",11404535.158336595,2.280909610981724e-05
[16],6,"lr=1e-04, wd=0.01",90,layer4_lr3e-05_hd128_wd0.01_cosine,"lr3e-05,wd0.01",2484036.309260502,4.968098411665053e-06
[16],6,"lr=1e-04, wd=0.01",90,layer4_lr0.0001_hd128_wd0.0_cosine,"lr0.0001,wd0.0",995407.4007958019,1.9908405947356533e-06
[16],6,"lr=1e-04, wd=0.01",90,layer4_lr0.0001_hd128_wd0.01_cosine,"lr0.0001,wd0.01",6877202.714766356,1.375443122267676e-05
[16],6,"lr=1e-04, wd=0.01",90,layer4_lr0.0003_hd128_wd0.0_cosine,"lr0.0003,wd0.0",73076460.75125125,0.00014615294729564655
[16],6,"lr=1e-04, wd=0.01",90,layer4_lr0.0003_hd128_wd0.01_cosine,"lr0.0003,wd0.01",7589781.216059297,1.5179588225262644e-05
[16],6,"lr=1e-04, wd=0.01",90,layer4_lr0.001_hd128_wd0.0_cosine,"lr0.001,wd0.0",697066126.3410814,0.0013941322784753068
[16],6,"lr=1e-04, wd=0.01",90,layer4_lr0.001_hd128_wd0.01_cosine,"lr0.001,wd0.01",677394.9862810817,1.354815765706213e-06
[16],6,"lr=1e-04, wd=0.01",90,layer4_lr0.003_hd128_wd0.0_cosine,"lr0.003,wd0.0",345495602.9007057,0.0006909912315945554
[16],6,"lr=1e-04, wd=0.01",90,layer4_lr0.003_hd128_wd0.01_cosine,"lr0.003,wd0.01",327275207.1268051,0.0006545504400467543
[16],7,"lr=3e-04, wd=0.0",0,layer4_lr1e-05_hd128_wd0.0_cosine,"lr1e-05,wd0.0",2659739532.2045507,0.005319479090202246
[16],7,"lr=3e-04, wd=0.0",0,layer4_lr1e-05_hd128_wd0.01_cosine,"lr1e-05,wd0.01",184818862.46721983,0.0003696377507275837
[16],7,"lr=3e-04, wd=0.0",0,layer4_lr3e-05_hd128_wd0.0_cosine,"lr3e-05,wd0.0",8502875442.291721,0.017005750910376587
[16],7,"lr=3e-04, wd=0.0",0,layer4_lr3e-05_hd128_wd0.01_cosine,"lr3e-05,wd0.01",2144777758.9642723,0.004289555543721689
[16],7,"lr=3e-04, wd=0.0",0,layer4_lr0.0001_hd128_wd0.0_cosine,"lr0.0001,wd0.0",5433669818.2881,0.010867339662369344
[16],7,"lr=3e-04, wd=0.0",0,layer4_lr0.0001_hd128_wd0.01_cosine,"lr0.0001,wd0.01",4583161197.54673,0.009166322420886604
[16],7,"lr=3e-04, wd=0.0",0,layer4_lr0.0003_hd128_wd0.0_cosine,"lr0.0003,wd0.0",697947835.3186722,0.0013958956964304882
[16],7,"lr=3e-04, wd=0.0",0,layer4_lr0.0003_hd128_wd0.01_cosine,"lr0.0003,wd0.01",5244274305.488025,0.010488548636769193
[16],7,"lr=3e-04, wd=0.0",0,layer4_lr0.001_hd128_wd0.0_cosine,"lr0.001,wd0.0",18595324.587057035,3.719067496725812e-05
[16],7,"lr=3e-04, wd=0.0",0,layer4_lr0.001_hd128_wd0.01_cosine,"lr0.001,wd0.01",4413731063.212048,0.00882746215221724
[16],7,"lr=3e-04, wd=0.0",0,layer4_lr0.003_hd128_wd0.0_cosine,"lr0.003,wd0.0",127978454.75841278,0.0002559569353099696
[16],7,"lr=3e-04, wd=0.0",0,layer4_lr0.003_hd128_wd0.01_cosine,"lr0.003,wd0.01",2828263657.3952384,0.005656527340583621
[16],7,"lr=3e-04, wd=0.0",5,layer4_lr1e-05_hd128_wd0.0_cosine,"lr1e-05,wd0.0",6385452468.237555,0.012770904962268253
[16],7,"lr=3e-04, wd=0.0",5,layer4_lr1e-05_hd128_wd0.01_cosine,"lr1e-05,wd0.01",2296676111.2910566,0.004593352248375257
[16],7,"lr=3e-04, wd=0.0",5,layer4_lr3e-05_hd128_wd0.0_cosine,"lr3e-05,wd0.0",5389500058.552512,0.010779000142898168
[16],7,"lr=3e-04, wd=0.0",5,layer4_lr3e-05_hd128_wd0.01_cosine,"lr3e-05,wd0.01",2030763162.7398129,0.00406152635127277
[16],7,"lr=3e-04, wd=0.0",5,layer4_lr0.0001_hd128_wd0.0_cosine,"lr0.0001,wd0.0",171286426.82407582,0.0003425728794412957
[16],7,"lr=3e-04, wd=0.0",5,layer4_lr0.0001_hd128_wd0.01_cosine,"lr0.0001,wd0.01",1962845544.1256022,0.003925691114044349
[16],7,"lr=3e-04, wd=0.0",5,layer4_lr0.0003_hd128_wd0.0_cosine,"lr0.0003,wd0.0",4083465093.885515,0.008166930213564174
[16],7,"lr=3e-04, wd=0.0",5,layer4_lr0.0003_hd128_wd0.01_cosine,"lr0.0003,wd0.01",1389335999.9975395,0.0027786720257882234
[16],7,"lr=3e-04, wd=0.0",5,layer4_lr0.001_hd128_wd0.0_cosine,"lr0.001,wd0.0",8905912252.493866,0.017811824530780875
[16],7,"lr=3e-04, wd=0.0",5,layer4_lr0.001_hd128_wd0.01_cosine,"lr0.001,wd0.01",573779624.7704059,0.0011475592753339558
[16],7,"lr=3e-04, wd=0.0",5,layer4_lr0.003_hd128_wd0.0_cosine,"lr0.003,wd0.0",6443967866.259496,0.012887935758312135
[16],7,"lr=3e-04, wd=0.0",5,layer4_lr0.003_hd128_wd0.01_cosine,"lr0.003,wd0.01",12455675582.14225,0.024911351190077643
[16],7,"lr=3e-04, wd=0.0",10,layer4_lr1e-05_hd128_wd0.0_cosine,"lr1e-05,wd0.0",5644845383.641354,0.011289690793075851
[16],7,"lr=3e-04, wd=0.0",10,layer4_lr1e-05_hd128_wd0.01_cosine,"lr1e-05,wd0.01",3347947694.1083164,0.006695895414009777
[16],7,"lr=3e-04, wd=0.0",10,layer4_lr3e-05_hd128_wd0.0_cosine,"lr3e-05,wd0.0",2895692190.922266,0.005791384407637676
[16],7,"lr=3e-04, wd=0.0",10,layer4_lr3e-05_hd128_wd0.01_cosine,"lr3e-05,wd0.01",919253433.9613758,0.0018385068937158957
[16],7,"lr=3e-04, wd=0.0",10,layer4_lr0.0001_hd128_wd0.0_cosine,"lr0.0001,wd0.0",83391673.66441907,0.0001667833731219822
[16],7,"lr=3e-04, wd=0.0",10,layer4_lr0.0001_hd128_wd0.01_cosine,"lr0.0001,wd0.01",669915982.2925051,0.0013398319903781544
[16],7,"lr=3e-04, wd=0.0",10,layer4_lr0.0003_hd128_wd0.0_cosine,"lr0.0003,wd0.0",6587125660.712819,0.013174251347218783
[16],7,"lr=3e-04, wd=0.0",10,layer4_lr0.0003_hd128_wd0.01_cosine,"lr0.0003,wd0.01",551364929.5732214,0.0011027298849395869
[16],7,"lr=3e-04, wd=0.0",10,layer4_lr0.001_hd128_wd0.0_cosine,"lr0.001,wd0.0",9070311781.308498,0.01814062358841014
[16],7,"lr=3e-04, wd=0.0",10,layer4_lr0.001_hd128_wd0.01_cosine,"lr0.001,wd0.01",2095115114.3854265,0.004190230254563997
[16],7,"lr=3e-04, wd=0.0",10,layer4_lr0.003_hd128_wd0.0_cosine,"lr0.003,wd0.0",3842838783.6239533,0.00768567759304105
[16],7,"lr=3e-04, wd=0.0",10,layer4_lr0.003_hd128_wd0.01_cosine,"lr0.003,wd0.01",4754956358.102093,0.009509912741997329
[16],7,"lr=3e-04, wd=0.0",20,layer4_lr1e-05_hd128_wd0.0_cosine,"lr1e-05,wd0.0",1042370138.7008338,0.0020847403031948116
[16],7,"lr=3e-04, wd=0.0",20,layer4_lr1e-05_hd128_wd0.01_cosine,"lr1e-05,wd0.01",210759314.871044,0.00042151865553523207
[16],7,"lr=3e-04, wd=0.0",20,layer4_lr3e-05_hd128_wd0.0_cosine,"lr3e-05,wd0.0",601855559.7656732,0.0012037111453244904
[16],7,"lr=3e-04, wd=0.0",20,layer4_lr3e-05_hd128_wd0.01_cosine,"lr3e-05,wd0.01",576251303.1617373,0.0011525026321166185
[16],7,"lr=3e-04, wd=0.0",20,layer4_lr0.0001_hd128_wd0.0_cosine,"lr0.0001,wd0.0",1150217027.4432864,0.002300434080679717
[16],7,"lr=3e-04, wd=0.0",20,layer4_lr0.0001_hd128_wd0.01_cosine,"lr0.0001,wd0.01",192180662.18102005,0.00038436135015518415
[16],7,"lr=3e-04, wd=0.0",20,layer4_lr0.0003_hd128_wd0.0_cosine,"lr0.0003,wd0.0",7547134975.897729,0.015094269977588603
[16],7,"lr=3e-04, wd=0.0",20,layer4_lr0.0003_hd128_wd0.01_cosine,"lr0.0003,wd0.01",274007100.78151995,0.000548014227356184
[16],7,"lr=3e-04, wd=0.0",20,layer4_lr0.001_hd128_wd0.0_cosine,"lr0.001,wd0.0",9729583236.357182,0.019459166498507506
[16],7,"lr=3e-04, wd=0.0",20,layer4_lr0.001_hd128_wd0.01_cosine,"lr0.001,wd0.01",1140884792.3522358,0.002281769610497616
[16],7,"lr=3e-04, wd=0.0",20,layer4_lr0.003_hd128_wd0.0_cosine,"lr0.003,wd0.0",5138904422.129546,0.010277808870052236
[16],7,"lr=3e-04, wd=0.0",20,layer4_lr0.003_hd128_wd0.01_cosine,"lr0.003,wd0.01",8787882460.815393,0.01757576494742393
[16],7,"lr=3e-04, wd=0.0",50,layer4_lr1e-05_hd128_wd0.0_cosine,"lr1e-05,wd0.0",2129549.1544622015,4.259124102068452e-06
[16],7,"lr=3e-04, wd=0.0",50,layer4_lr1e-05_hd128_wd0.01_cosine,"lr1e-05,wd0.01",562415.3839381476,1.1248565610203448e-06
[16],7,"lr=3e-04, wd=0.0",50,layer4_lr3e-05_hd128_wd0.0_cosine,"lr3e-05,wd0.0",1923202.7142165347,3.846431221577119e-06
[16],7,"lr=3e-04, wd=0.0",50,layer4_lr3e-05_hd128_wd0.01_cosine,"lr3e-05,wd0.01",33834163.18913741,6.766835217141886e-05
[16],7,"lr=3e-04, wd=0.0",50,layer4_lr0.0001_hd128_wd0.0_cosine,"lr0.0001,wd0.0",538497342.5648452,0.0010769947109228344
[16],7,"lr=3e-04, wd=0.0",50,layer4_lr0.0001_hd128_wd0.01_cosine,"lr0.0001,wd0.01",37551131.265567556,7.510228832427915e-05
[16],7,"lr=3e-04, wd=0.0",50,layer4_lr0.0003_hd128_wd0.0_cosine,"lr0.0003,wd0.0",185544691.22600326,0.0003710894082451506
[16],7,"lr=3e-04, wd=0.0",50,layer4_lr0.0003_hd128_wd0.01_cosine,"lr0.0003,wd0.01",44642408.67228963,8.928484313772332e-05
[16],7,"lr=3e-04, wd=0.0",50,layer4_lr0.001_hd128_wd0.0_cosine,"lr0.001,wd0.0",5816101273.057221,0.011632202571907587
[16],7,"lr=3e-04, wd=0.0",50,layer4_lr0.001_hd128_wd0.01_cosine,"lr0.001,wd0.01",1675449752.7588396,0.0033508995313108235
[16],7,"lr=3e-04, wd=0.0",50,layer4_lr0.003_hd128_wd0.0_cosine,"lr0.003,wd0.0",2552700839.647521,0.0051054017050881865
[16],7,"lr=3e-04, wd=0.0",50,layer4_lr0.003_hd128_wd0.01_cosine,"lr0.003,wd0.01",5869079614.935728,0.0117381592556646
[16],7,"lr=3e-04, wd=0.0",90,layer4_lr1e-05_hd128_wd0.0_cosine,"lr1e-05,wd0.0",13273868.986957368,2.6547763767058785e-05
[16],7,"lr=3e-04, wd=0.0",90,layer4_lr1e-05_hd128_wd0.01_cosine,"lr1e-05,wd0.01",991267.8402156349,1.9825614735753194e-06
[16],7,"lr=3e-04, wd=0.0",90,layer4_lr3e-05_hd128_wd0.0_cosine,"lr3e-05,wd0.0",2185501.6782537564,4.371029149651561e-06
[16],7,"lr=3e-04, wd=0.0",90,layer4_lr3e-05_hd128_wd0.01_cosine,"lr3e-05,wd0.01",4201833.442491178,8.403692678126406e-06
[16],7,"lr=3e-04, wd=0.0",90,layer4_lr0.0001_hd128_wd0.0_cosine,"lr0.0001,wd0.0",33490.48720575487,6.700676755555926e-08
[16],7,"lr=3e-04, wd=0.0",90,layer4_lr0.0001_hd128_wd0.01_cosine,"lr0.0001,wd0.01",6057.488998586824,1.2140771141223167e-08
[16],7,"lr=3e-04, wd=0.0",90,layer4_lr0.0003_hd128_wd0.0_cosine,"lr0.0003,wd0.0",15416125.787230112,3.083227736760427e-05
[16],7,"lr=3e-04, wd=0.0",90,layer4_lr0.0003_hd128_wd0.01_cosine,"lr0.0003,wd0.01",24304875.129138216,4.860977605142048e-05
[16],7,"lr=3e-04, wd=0.0",90,layer4_lr0.001_hd128_wd0.0_cosine,"lr0.001,wd0.0",531885412.77280515,0.0010637708513387544
[16],7,"lr=3e-04, wd=0.0",90,layer4_lr0.001_hd128_wd0.01_cosine,"lr0.001,wd0.01",62617168.12707771,0.00012523436204729948
[16],7,"lr=3e-04, wd=0.0",90,layer4_lr0.003_hd128_wd0.0_cosine,"lr0.003,wd0.0",136295507.38664457,0.00027259104056643317
[16],7,"lr=3e-04, wd=0.0",90,layer4_lr0.003_hd128_wd0.01_cosine,"lr0.003,wd0.01",812723097.5011141,0.0016254462207953722
[16],8,"lr=3e-04, wd=0.01",0,layer4_lr1e-05_hd128_wd0.0_cosine,"lr1e-05,wd0.0",3841530779.2521677,0.00768306158429748
[16],8,"lr=3e-04, wd=0.01",0,layer4_lr1e-05_hd128_wd0.01_cosine,"lr1e-05,wd0.01",626325849.3226346,0.0012526517244384131
[16],8,"lr=3e-04, wd=0.01",0,layer4_lr3e-05_hd128_wd0.0_cosine,"lr3e-05,wd0.0",10508104811.77738,0.021016209649347903
[16],8,"lr=3e-04, wd=0.01",0,layer4_lr3e-05_hd128_wd0.01_cosine,"lr3e-05,wd0.01",3338531822.2621017,0.006677063670317347
[16],8,"lr=3e-04, wd=0.01",0,layer4_lr0.0001_hd128_wd0.0_cosine,"lr0.0001,wd0.0",7062551237.506667,0.014125102500806478
[16],8,"lr=3e-04, wd=0.01",0,layer4_lr0.0001_hd128_wd0.01_cosine,"lr0.0001,wd0.01",6263667440.879146,0.012527334907551434
[16],8,"lr=3e-04, wd=0.01",0,layer4_lr0.0003_hd128_wd0.0_cosine,"lr0.0003,wd0.0",1344973568.072338,0.0026899471619378206
[16],8,"lr=3e-04, wd=0.01",0,layer4_lr0.0003_hd128_wd0.01_cosine,"lr0.0003,wd0.01",6990153085.648126,0.013980306197089395
[16],8,"lr=3e-04, wd=0.01",0,layer4_lr0.001_hd128_wd0.0_cosine,"lr0.001,wd0.0",209203952.53294584,0.0004184079308590357
[16],8,"lr=3e-04, wd=0.01",0,layer4_lr0.001_hd128_wd0.01_cosine,"lr0.001,wd0.01",5955179647.339051,0.011910359320471246
[16],8,"lr=3e-04, wd=0.01",0,layer4_lr0.003_hd128_wd0.0_cosine,"lr0.003,wd0.0",461338126.74350303,0.0009226762792801502
[16],8,"lr=3e-04, wd=0.01",0,layer4_lr0.003_hd128_wd0.01_cosine,"lr0.003,wd0.01",4064318399.4140744,0.008128636824621293
[16],8,"lr=3e-04, wd=0.01",5,layer4_lr1e-05_hd128_wd0.0_cosine,"lr1e-05,wd0.0",4734740866.594183,0.00946948175898151
[16],8,"lr=3e-04, wd=0.01",5,layer4_lr1e-05_hd128_wd0.01_cosine,"lr1e-05,wd0.01",1419292300.319414,0.002838584626431972
[16],8,"lr=3e-04, wd=0.01",5,layer4_lr3e-05_hd128_wd0.0_cosine,"lr3e-05,wd0.0",3278553502.352103,0.006557107030497351
[16],8,"lr=3e-04, wd=0.01",5,layer4_lr3e-05_hd128_wd0.01_cosine,"lr3e-05,wd0.01",1309448904.4816053,0.002618897834756355
[16],8,"lr=3e-04, wd=0.01",5,layer4_lr0.0001_hd128_wd0.0_cosine,"lr0.0001,wd0.0",17135164.65087455,3.427035509489315e-05
[16],8,"lr=3e-04, wd=0.01",5,layer4_lr0.0001_hd128_wd0.01_cosine,"lr0.0001,wd0.01",1317826151.3342223,0.0026356523284615887
[16],8,"lr=3e-04, wd=0.01",5,layer4_lr0.0003_hd128_wd0.0_cosine,"lr0.0003,wd0.0",5412437388.209511,0.010824874802212165
[16],8,"lr=3e-04, wd=0.01",5,layer4_lr0.0003_hd128_wd0.01_cosine,"lr0.0003,wd0.01",813696777.9994121,0.001627393581791968
[16],8,"lr=3e-04, wd=0.01",5,layer4_lr0.001_hd128_wd0.0_cosine,"lr0.001,wd0.0",10698126074.439056,0.021396252174671258
[16],8,"lr=3e-04, wd=0.01",5,layer4_lr0.001_hd128_wd0.01_cosine,"lr0.001,wd0.01",100128787.40923324,0.00020025760061161054
[16],8,"lr=3e-04, wd=0.01",5,layer4_lr0.003_hd128_wd0.0_cosine,"lr0.003,wd0.0",8707939609.247684,0.01741587924428851
[16],8,"lr=3e-04, wd=0.01",5,layer4_lr0.003_hd128_wd0.01_cosine,"lr0.003,wd0.01",10311203458.346813,0.020622406942486772
[16],8,"lr=3e-04, wd=0.01",10,layer4_lr1e-05_hd128_wd0.0_cosine,"lr1e-05,wd0.0",4419938610.916488,0.008839877247626119
[16],8,"lr=3e-04, wd=0.01",10,layer4_lr1e-05_hd128_wd0.01_cosine,"lr1e-05,wd0.01",2633460772.3788896,0.005266921570550923
[16],8,"lr=3e-04, wd=0.01",10,layer4_lr3e-05_hd128_wd0.0_cosine,"lr3e-05,wd0.0",1736165356.0777605,0.003472330737948665
[16],8,"lr=3e-04, wd=0.01",10,layer4_lr3e-05_hd128_wd0.01_cosine,"lr3e-05,wd0.01",370295134.69413584,0.0007405902951814157
[16],8,"lr=3e-04, wd=0.01",10,layer4_lr0.0001_hd128_wd0.0_cosine,"lr0.0001,wd0.0",331847425.07222146,0.000663694875937587
[16],8,"lr=3e-04, wd=0.01",10,layer4_lr0.0001_hd128_wd0.01_cosine,"lr0.0001,wd0.01",293277545.2532315,0.0005865551162996072
[16],8,"lr=3e-04, wd=0.01",10,layer4_lr0.0003_hd128_wd0.0_cosine,"lr0.0003,wd0.0",7814165067.389045,0.015628330160571233
[16],8,"lr=3e-04, wd=0.01",10,layer4_lr0.0003_hd128_wd0.01_cosine,"lr0.0003,wd0.01",246517026.80937427,0.0004930340794118926
[16],8,"lr=3e-04, wd=0.01",10,layer4_lr0.001_hd128_wd0.0_cosine,"lr0.001,wd0.0",10252588900.006706,0.020505177825806558
[16],8,"lr=3e-04, wd=0.01",10,layer4_lr0.001_hd128_wd0.01_cosine,"lr0.001,wd0.01",1504205807.8664486,0.0030084116415260414
[16],8,"lr=3e-04, wd=0.01",10,layer4_lr0.003_hd128_wd0.0_cosine,"lr0.003,wd0.0",4551183694.418195,0.009102367414629534
[16],8,"lr=3e-04, wd=0.01",10,layer4_lr0.003_hd128_wd0.01_cosine,"lr0.003,wd0.01",3480611666.2192817,0.006961223358231707
[16],8,"lr=3e-04, wd=0.01",20,layer4_lr1e-05_hd128_wd0.0_cosine,"lr1e-05,wd0.0",765584121.6231418,0.0015311682690394275
[16],8,"lr=3e-04, wd=0.01",20,layer4_lr1e-05_hd128_wd0.01_cosine,"lr1e-05,wd0.01",180688543.19144544,0.0003613771121760349
[16],8,"lr=3e-04, wd=0.01",20,layer4_lr3e-05_hd128_wd0.0_cosine,"lr3e-05,wd0.0",225385179.67118755,0.00045077038513551915
[16],8,"lr=3e-04, wd=0.01",20,layer4_lr3e-05_hd128_wd0.01_cosine,"lr3e-05,wd0.01",287500909.6662528,0.0005750018451256497
[16],8,"lr=3e-04, wd=0.01",20,layer4_lr0.0001_hd128_wd0.0_cosine,"lr0.0001,wd0.0",1662792703.5631232,0.0033255854329193907
[16],8,"lr=3e-04, wd=0.01",20,layer4_lr0.0001_hd128_wd0.01_cosine,"lr0.0001,wd0.01",42676492.323474005,8.535301044009205e-05
[16],8,"lr=3e-04, wd=0.01",20,layer4_lr0.0003_hd128_wd0.0_cosine,"lr0.0003,wd0.0",8296811972.672089,0.01659362397113732
[16],8,"lr=3e-04, wd=0.01",20,layer4_lr0.0003_hd128_wd0.01_cosine,"lr0.0003,wd0.01",103928486.07478724,0.00020785699794271853
[16],8,"lr=3e-04, wd=0.01",20,layer4_lr0.001_hd128_wd0.0_cosine,"lr0.001,wd0.0",10342990357.727104,0.02068598074124735
[16],8,"lr=3e-04, wd=0.01",20,layer4_lr0.001_hd128_wd0.01_cosine,"lr0.001,wd0.01",667761204.2994698,0.0013355224343920835
[16],8,"lr=3e-04, wd=0.01",20,layer4_lr0.003_hd128_wd0.0_cosine,"lr0.003,wd0.0",5727569571.87826,0.011455139169549664
[16],8,"lr=3e-04, wd=0.01",20,layer4_lr0.003_hd128_wd0.01_cosine,"lr0.003,wd0.01",7895655671.979183,0.01579131136975151
[16],8,"lr=3e-04, wd=0.01",50,layer4_lr1e-05_hd128_wd0.0_cosine,"lr1e-05,wd0.0",720567.663085598,1.4411611193152457e-06
[16],8,"lr=3e-04, wd=0.01",50,layer4_lr1e-05_hd128_wd0.01_cosine,"lr1e-05,wd0.01",616161.5730899511,1.2323489393239518e-06
[16],8,"lr=3e-04, wd=0.01",50,layer4_lr3e-05_hd128_wd0.0_cosine,"lr3e-05,wd0.0",7139352.349095954,1.4278730491335957e-05
[16],8,"lr=3e-04, wd=0.01",50,layer4_lr3e-05_hd128_wd0.01_cosine,"lr3e-05,wd0.01",7711482.028226026,1.54229898495961e-05
[16],8,"lr=3e-04, wd=0.01",50,layer4_lr0.0001_hd128_wd0.0_cosine,"lr0.0001,wd0.0",624655882.7091284,0.0012493117912114008
[16],8,"lr=3e-04, wd=0.01",50,layer4_lr0.0001_hd128_wd0.01_cosine,"lr0.0001,wd0.01",8042955.661312789,1.6085937115769626e-05
[16],8,"lr=3e-04, wd=0.01",50,layer4_lr0.0003_hd128_wd0.0_cosine,"lr0.0003,wd0.0",160585695.50257716,0.0003211714167982984
[16],8,"lr=3e-04, wd=0.01",50,layer4_lr0.0003_hd128_wd0.01_cosine,"lr0.0003,wd0.01",13721589.64472593,2.744320508259591e-05
[16],8,"lr=3e-04, wd=0.01",50,layer4_lr0.001_hd128_wd0.0_cosine,"lr0.001,wd0.0",4812997947.821432,0.009625995921436009
[16],8,"lr=3e-04, wd=0.01",50,layer4_lr0.001_hd128_wd0.01_cosine,"lr0.001,wd0.01",1451217068.531964,0.002902434162857072
[16],8,"lr=3e-04, wd=0.01",50,layer4_lr0.003_hd128_wd0.0_cosine,"lr0.003,wd0.0",2684866592.542439,0.005369733210878022
[16],8,"lr=3e-04, wd=0.01",50,layer4_lr0.003_hd128_wd0.01_cosine,"lr0.003,wd0.01",5446220586.220774,0.010892441198234692
[16],8,"lr=3e-04, wd=0.01",90,layer4_lr1e-05_hd128_wd0.0_cosine,"lr1e-05,wd0.0",14982228.810962476,2.9964483415069e-05
[16],8,"lr=3e-04, wd=0.01",90,layer4_lr1e-05_hd128_wd0.01_cosine,"lr1e-05,wd0.01",1113589.6977046223,2.227205188553294e-06
[16],8,"lr=3e-04, wd=0.01",90,layer4_lr3e-05_hd128_wd0.0_cosine,"lr3e-05,wd0.0",6030251.27142814,1.2060528336000329e-05
[16],8,"lr=3e-04, wd=0.01",90,layer4_lr3e-05_hd128_wd0.01_cosine,"lr3e-05,wd0.01",58993.23050597292,1.1801225415599535e-07
[16],8,"lr=3e-04, wd=0.01",90,layer4_lr0.0001_hd128_wd0.0_cosine,"lr0.0001,wd0.0",752421.6184214578,1.504869029986965e-06
[16],8,"lr=3e-04, wd=0.01",90,layer4_lr0.0001_hd128_wd0.01_cosine,"lr0.0001,wd0.01",2017237.7906151086,4.034501374374267e-06
[16],8,"lr=3e-04, wd=0.01",90,layer4_lr0.0003_hd128_wd0.0_cosine,"lr0.0003,wd0.0",15661537.113259265,3.132310001966258e-05
[16],8,"lr=3e-04, wd=0.01",90,layer4_lr0.0003_hd128_wd0.01_cosine,"lr0.0003,wd0.01",14186257.416564835,2.837254062627372e-05
[16],8,"lr=3e-04, wd=0.01",90,layer4_lr0.001_hd128_wd0.0_cosine,"lr0.001,wd0.0",540567983.8884729,0.00108113599357009
[16],8,"lr=3e-04, wd=0.01",90,layer4_lr0.001_hd128_wd0.01_cosine,"lr0.001,wd0.01",19506905.208478935,3.9013836210101916e-05
[16],8,"lr=3e-04, wd=0.01",90,layer4_lr0.003_hd128_wd0.0_cosine,"lr0.003,wd0.0",136902406.84791136,0.0002738048394889668
[16],8,"lr=3e-04, wd=0.01",90,layer4_lr0.003_hd128_wd0.01_cosine,"lr0.003,wd0.01",732943959.0430892,0.0014658879438793223
[16],9,"lr=0.001, wd=0.0",0,layer4_lr1e-05_hd128_wd0.0_cosine,"lr1e-05,wd0.0",1081611714.7749557,0.0021632234553430555
[16],9,"lr=0.001, wd=0.0",0,layer4_lr1e-05_hd128_wd0.01_cosine,"lr1e-05,wd0.01",27662270.001135375,5.53245657954148e-05
[16],9,"lr=0.001, wd=0.0",0,layer4_lr3e-05_hd128_wd0.0_cosine,"lr3e-05,wd0.0",5589445754.537082,0.011178891534867308
[16],9,"lr=0.001, wd=0.0",0,layer4_lr3e-05_hd128_wd0.01_cosine,"lr3e-05,wd0.01",816943309.6321899,0.0016338866450575236
[16],9,"lr=0.001, wd=0.0",0,layer4_lr0.0001_hd128_wd0.0_cosine,"lr0.0001,wd0.0",3425236124.7819753,0.006850472275357095
[16],9,"lr=0.001, wd=0.0",0,layer4_lr0.0001_hd128_wd0.01_cosine,"lr0.0001,wd0.01",2693510866.80588,0.005387021759404904
[16],9,"lr=0.001, wd=0.0",0,layer4_lr0.0003_hd128_wd0.0_cosine,"lr0.0003,wd0.0",177064139.55209342,0.0003541283048973309
[16],9,"lr=0.001, wd=0.0",0,layer4_lr0.0003_hd128_wd0.01_cosine,"lr0.0003,wd0.01",3401378910.580869,0.0068027578469548825
[16],9,"lr=0.001, wd=0.0",0,layer4_lr0.001_hd128_wd0.0_cosine,"lr0.001,wd0.0",55749977.24604186,0.00011149998028522776
[16],9,"lr=0.001, wd=0.0",0,layer4_lr0.001_hd128_wd0.01_cosine,"lr0.001,wd0.01",2857527454.410128,0.0057150549346134
[16],9,"lr=0.001, wd=0.0",0,layer4_lr0.003_hd128_wd0.0_cosine,"lr0.003,wd0.0",17349.086257150782,3.4723965658351083e-08
[16],9,"lr=0.001, wd=0.0",0,layer4_lr0.003_hd128_wd0.01_cosine,"lr0.003,wd0.01",1658993119.8908088,0.003317986265574762
[16],9,"lr=0.001, wd=0.0",5,layer4_lr1e-05_hd128_wd0.0_cosine,"lr1e-05,wd0.0",2659104322.1052103,0.005318208670003564
[16],9,"lr=0.001, wd=0.0",5,layer4_lr1e-05_hd128_wd0.01_cosine,"lr1e-05,wd0.01",107462569.0549028,0.00021492516390294965
[16],9,"lr=0.001, wd=0.0",5,layer4_lr3e-05_hd128_wd0.0_cosine,"lr3e-05,wd0.0",4977039464.341616,0.009954078954476375
[16],9,"lr=0.001, wd=0.0",5,layer4_lr3e-05_hd128_wd0.01_cosine,"lr3e-05,wd0.01",1841453896.4955463,0.0036829078187842366
[16],9,"lr=0.001, wd=0.0",5,layer4_lr0.0001_hd128_wd0.0_cosine,"lr0.0001,wd0.0",50661366.6448318,0.00010132275908280764
[16],9,"lr=0.001, wd=0.0",5,layer4_lr0.0001_hd128_wd0.01_cosine,"lr0.0001,wd0.01",1510514903.9945667,0.0030210298337822773
[16],9,"lr=0.001, wd=0.0",5,layer4_lr0.0003_hd128_wd0.0_cosine,"lr0.0003,wd0.0",3917775092.960096,0.007835550211713336
[16],9,"lr=0.001, wd=0.0",5,layer4_lr0.0003_hd128_wd0.01_cosine,"lr0.0003,wd0.01",1290059146.6969593,0.002580118319187063
[16],9,"lr=0.001, wd=0.0",5,layer4_lr0.001_hd128_wd0.0_cosine,"lr0.001,wd0.0",8193623232.449833,0.01638724649069281
[16],9,"lr=0.001, wd=0.0",5,layer4_lr0.001_hd128_wd0.01_cosine,"lr0.001,wd0.01",1238248278.8299997,0.0024764965834531433
[16],9,"lr=0.001, wd=0.0",5,layer4_lr0.003_hd128_wd0.0_cosine,"lr0.003,wd0.0",5271939649.001457,0.010543879323796058
[16],9,"lr=0.001, wd=0.0",5,layer4_lr0.003_hd128_wd0.01_cosine,"lr0.003,wd0.01",11252645652.771923,0.02250529133133699
[16],9,"lr=0.001, wd=0.0",10,layer4_lr1e-05_hd128_wd0.0_cosine,"lr1e-05,wd0.0",2114427787.215133,0.00422885560022341
[16],9,"lr=0.001, wd=0.0",10,layer4_lr1e-05_hd128_wd0.01_cosine,"lr1e-05,wd0.01",1026321398.4876413,0.0020526428227684267
[16],9,"lr=0.001, wd=0.0",10,layer4_lr3e-05_hd128_wd0.0_cosine,"lr3e-05,wd0.0",2034377055.8962774,0.004068754137585699
[16],9,"lr=0.001, wd=0.0",10,layer4_lr3e-05_hd128_wd0.01_cosine,"lr3e-05,wd0.01",486979552.78913873,0.0009739591313714216
[16],9,"lr=0.001, wd=0.0",10,layer4_lr0.0001_hd128_wd0.0_cosine,"lr0.0001,wd0.0",199369984.84825006,0.0003987399954896442
[16],9,"lr=0.001, wd=0.0",10,layer4_lr0.0001_hd128_wd0.01_cosine,"lr0.0001,wd0.01",487902123.79087377,0.0009758042733748917
[16],9,"lr=0.001, wd=0.0",10,layer4_lr0.0003_hd128_wd0.0_cosine,"lr0.0003,wd0.0",6398829725.8541765,0.012797659477501498
[16],9,"lr=0.001, wd=0.0",10,layer4_lr0.0003_hd128_wd0.01_cosine,"lr0.0003,wd0.01",672479318.0997055,0.0013449586619925548
[16],9,"lr=0.001, wd=0.0",10,layer4_lr0.001_hd128_wd0.0_cosine,"lr0.001,wd0.0",8507751132.650198,0.01701550229109354
[16],9,"lr=0.001, wd=0.0",10,layer4_lr0.001_hd128_wd0.01_cosine,"lr0.001,wd0.01",1730462557.3102248,0.0034609251404135936
[16],9,"lr=0.001, wd=0.0",10,layer4_lr0.003_hd128_wd0.0_cosine,"lr0.003,wd0.0",3623545228.533519,0.007247090482860182
[16],9,"lr=0.001, wd=0.0",10,layer4_lr0.003_hd128_wd0.01_cosine,"lr0.003,wd0.01",4248916991.504985,0.008497834008803114
[16],9,"lr=0.001, wd=0.0",20,layer4_lr1e-05_hd128_wd0.0_cosine,"lr1e-05,wd0.0",38617287.14543984,7.723460008402373e-05
[16],9,"lr=0.001, wd=0.0",20,layer4_lr1e-05_hd128_wd0.01_cosine,"lr1e-05,wd0.01",64349515.74569583,0.0001286990572845357
[16],9,"lr=0.001, wd=0.0",20,layer4_lr3e-05_hd128_wd0.0_cosine,"lr3e-05,wd0.0",171837210.2901986,0.00034367444637354124
[16],9,"lr=0.001, wd=0.0",20,layer4_lr3e-05_hd128_wd0.01_cosine,"lr3e-05,wd0.01",265131856.93658102,0.0005302637396663061
[16],9,"lr=0.001, wd=0.0",20,layer4_lr0.0001_hd128_wd0.0_cosine,"lr0.0001,wd0.0",1229309262.0716033,0.002458618549936351
[16],9,"lr=0.001, wd=0.0",20,layer4_lr0.0001_hd128_wd0.01_cosine,"lr0.0001,wd0.01",153051484.4063273,0.00030610299460579864
[16],9,"lr=0.001, wd=0.0",20,layer4_lr0.0003_hd128_wd0.0_cosine,"lr0.0003,wd0.0",7238052874.359339,0.014476105774511822
[16],9,"lr=0.001, wd=0.0",20,layer4_lr0.0003_hd128_wd0.01_cosine,"lr0.0003,wd0.01",490036999.6345443,0.0009800740250622327
[16],9,"lr=0.001, wd=0.0",20,layer4_lr0.001_hd128_wd0.0_cosine,"lr0.001,wd0.0",9230842012.17271,0.018461684050138566
[16],9,"lr=0.001, wd=0.0",20,layer4_lr0.001_hd128_wd0.01_cosine,"lr0.001,wd0.01",1548127218.2694893,0.0030962544623321228
[16],9,"lr=0.001, wd=0.0",20,layer4_lr0.003_hd128_wd0.0_cosine,"lr0.003,wd0.0",4734789331.8869,0.009469578689566945
[16],9,"lr=0.001, wd=0.0",20,layer4_lr0.003_hd128_wd0.01_cosine,"lr0.003,wd0.01",6684718650.929011,0.013369437327651166
[16],9,"lr=0.001, wd=0.0",50,layer4_lr1e-05_hd128_wd0.0_cosine,"lr1e-05,wd0.0",20786191.80946983,4.1572409412083704e-05
[16],9,"lr=0.001, wd=0.0",50,layer4_lr1e-05_hd128_wd0.01_cosine,"lr1e-05,wd0.01",28802061.726338234,5.7604149245820515e-05
[16],9,"lr=0.001, wd=0.0",50,layer4_lr3e-05_hd128_wd0.0_cosine,"lr3e-05,wd0.0",4928314.029073886,9.85665385129182e-06
[16],9,"lr=0.001, wd=0.0",50,layer4_lr3e-05_hd128_wd0.01_cosine,"lr3e-05,wd0.01",4231146.405996623,8.462318605137296e-06
[16],9,"lr=0.001, wd=0.0",50,layer4_lr0.0001_hd128_wd0.0_cosine,"lr0.0001,wd0.0",525675228.413027,0.001051350482619198
[16],9,"lr=0.001, wd=0.0",50,layer4_lr0.0001_hd128_wd0.01_cosine,"lr0.0001,wd0.01",53965193.90263646,0.00010793041359841697
[16],9,"lr=0.001, wd=0.0",50,layer4_lr0.0003_hd128_wd0.0_cosine,"lr0.0003,wd0.0",279582932.5145771,0.0005591658908222983
[16],9,"lr=0.001, wd=0.0",50,layer4_lr0.0003_hd128_wd0.01_cosine,"lr0.0003,wd0.01",103174055.76712398,0.00020634813732739202
[16],9,"lr=0.001, wd=0.0",50,layer4_lr0.001_hd128_wd0.0_cosine,"lr0.001,wd0.0",1358322285.4451272,0.0027166445966833987
[16],9,"lr=0.001, wd=0.0",50,layer4_lr0.001_hd128_wd0.01_cosine,"lr0.001,wd0.01",1949050348.5853028,0.00389810072296375
[16],9,"lr=0.001, wd=0.0",50,layer4_lr0.003_hd128_wd0.0_cosine,"lr0.003,wd0.0",2447388347.3322625,0.004894776720457669
[16],9,"lr=0.001, wd=0.0",50,layer4_lr0.003_hd128_wd0.01_cosine,"lr0.003,wd0.01",5644750505.580218,0.011289501036953581
[16],9,"lr=0.001, wd=0.0",90,layer4_lr1e-05_hd128_wd0.0_cosine,"lr1e-05,wd0.0",29024032.712450724,5.80480912180455e-05
[16],9,"lr=0.001, wd=0.0",90,layer4_lr1e-05_hd128_wd0.01_cosine,"lr1e-05,wd0.01",8295179.767620262,1.6590385328384572e-05
[16],9,"lr=0.001, wd=0.0",90,layer4_lr3e-05_hd128_wd0.0_cosine,"lr3e-05,wd0.0",3081660.464029087,6.1633467212022235e-06
[16],9,"lr=0.001, wd=0.0",90,layer4_lr3e-05_hd128_wd0.01_cosine,"lr3e-05,wd0.01",1914849.8803939957,3.829725553932041e-06
[16],9,"lr=0.001, wd=0.0",90,layer4_lr0.0001_hd128_wd0.0_cosine,"lr0.0001,wd0.0",290862.15711633535,5.817501073767202e-07
[16],9,"lr=0.001, wd=0.0",90,layer4_lr0.0001_hd128_wd0.01_cosine,"lr0.0001,wd0.01",1630771.6267319557,3.261569046607961e-06
[16],9,"lr=0.001, wd=0.0",90,layer4_lr0.0003_hd128_wd0.0_cosine,"lr0.0003,wd0.0",1911246.6118286941,3.822519016801438e-06
[16],9,"lr=0.001, wd=0.0",90,layer4_lr0.0003_hd128_wd0.01_cosine,"lr0.0003,wd0.01",45476974.24277133,9.09539742786867e-05
[16],9,"lr=0.001, wd=0.0",90,layer4_lr0.001_hd128_wd0.0_cosine,"lr0.001,wd0.0",419399025.94228566,0.0008387980776777154
[16],9,"lr=0.001, wd=0.0",90,layer4_lr0.001_hd128_wd0.01_cosine,"lr0.001,wd0.01",138749585.59231564,0.00027749919697777535
[16],9,"lr=0.001, wd=0.0",90,layer4_lr0.003_hd128_wd0.0_cosine,"lr0.003,wd0.0",108587957.28657149,0.00021717594036628702
[16],9,"lr=0.001, wd=0.0",90,layer4_lr0.003_hd128_wd0.01_cosine,"lr0.003,wd0.01",738506432.2297314,0.0014770128902526069
[16],10,"lr=0.001, wd=0.01",0,layer4_lr1e-05_hd128_wd0.0_cosine,"lr1e-05,wd0.0",1441795186.98032,0.002883590399753784
[16],10,"lr=0.001, wd=0.01",0,layer4_lr1e-05_hd128_wd0.01_cosine,"lr1e-05,wd0.01",558968.513862465,1.1179628208689797e-06
[16],10,"lr=0.001, wd=0.01",0,layer4_lr3e-05_hd128_wd0.0_cosine,"lr3e-05,wd0.0",6479412857.272649,0.012958825740338442
[16],10,"lr=0.001, wd=0.01",0,layer4_lr3e-05_hd128_wd0.01_cosine,"lr3e-05,wd0.01",1262108864.1551626,0.0025242177541034694
[16],10,"lr=0.001, wd=0.01",0,layer4_lr0.0001_hd128_wd0.0_cosine,"lr0.0001,wd0.0",4228800920.817292,0.008457601867427729
[16],10,"lr=0.001, wd=0.01",0,layer4_lr0.0001_hd128_wd0.01_cosine,"lr0.0001,wd0.01",3600249411.38066,0.007200498848554464
[16],10,"lr=0.001, wd=0.01",0,layer4_lr0.0003_hd128_wd0.0_cosine,"lr0.0003,wd0.0",423530023.74411553,0.0008470600732813752
[16],10,"lr=0.001, wd=0.01",0,layer4_lr0.0003_hd128_wd0.01_cosine,"lr0.0003,wd0.01",4520290580.856721,0.009040581187506586
[16],10,"lr=0.001, wd=0.01",0,layer4_lr0.001_hd128_wd0.0_cosine,"lr0.001,wd0.0",91095.98392278375,1.8221776098961702e-07
[16],10,"lr=0.001, wd=0.01",0,layer4_lr0.001_hd128_wd0.01_cosine,"lr0.001,wd0.01",3910680767.905109,0.007821361561603362
[16],10,"lr=0.001, wd=0.01",0,layer4_lr0.003_hd128_wd0.0_cosine,"lr0.003,wd0.0",59499471.32324292,0.00011899896843962988
[16],10,"lr=0.001, wd=0.01",0,layer4_lr0.003_hd128_wd0.01_cosine,"lr0.003,wd0.01",2455351719.91836,0.004910703465629864
[16],10,"lr=0.001, wd=0.01",5,layer4_lr1e-05_hd128_wd0.0_cosine,"lr1e-05,wd0.0",1769949162.214573,0.00353989835022229
[16],10,"lr=0.001, wd=0.01",5,layer4_lr1e-05_hd128_wd0.01_cosine,"lr1e-05,wd0.01",1571952.7924896374,3.1439313781233244e-06
[16],10,"lr=0.001, wd=0.01",5,layer4_lr3e-05_hd128_wd0.0_cosine,"lr3e-05,wd0.0",1232458319.1356611,0.0024649166640644663
[16],10,"lr=0.001, wd=0.01",5,layer4_lr3e-05_hd128_wd0.01_cosine,"lr3e-05,wd0.01",501367484.5059236,0.0010027349948049913
[16],10,"lr=0.001, wd=0.01",5,layer4_lr0.0001_hd128_wd0.0_cosine,"lr0.0001,wd0.0",265996791.07542932,0.0005319936079440027
[16],10,"lr=0.001, wd=0.01",5,layer4_lr0.0001_hd128_wd0.01_cosine,"lr0.0001,wd0.01",259543656.88716778,0.0005190873395674796
[16],10,"lr=0.001, wd=0.01",5,layer4_lr0.0003_hd128_wd0.0_cosine,"lr0.0003,wd0.0",7011644468.782483,0.01402328896335811
[16],10,"lr=0.001, wd=0.01",5,layer4_lr0.0003_hd128_wd0.01_cosine,"lr0.0003,wd0.01",327043516.0300233,0.0006540870578531907
[16],10,"lr=0.001, wd=0.01",5,layer4_lr0.001_hd128_wd0.0_cosine,"lr0.001,wd0.0",12136673107.844023,0.02427334624148119
[16],10,"lr=0.001, wd=0.01",5,layer4_lr0.001_hd128_wd0.01_cosine,"lr0.001,wd0.01",388032.1092499604,7.760900116439703e-07
[16],10,"lr=0.001, wd=0.01",5,layer4_lr0.003_hd128_wd0.0_cosine,"lr0.003,wd0.0",9781037058.730145,0.019562074143253432
[16],10,"lr=0.001, wd=0.01",5,layer4_lr0.003_hd128_wd0.01_cosine,"lr0.003,wd0.01",6340811914.691336,0.012681623855175815
[16],10,"lr=0.001, wd=0.01",10,layer4_lr1e-05_hd128_wd0.0_cosine,"lr1e-05,wd0.0",1085963598.8037112,0.0021719272234005664
[16],10,"lr=0.001, wd=0.01",10,layer4_lr1e-05_hd128_wd0.01_cosine,"lr1e-05,wd0.01",357762621.0087729,0.0007155252678106899
[16],10,"lr=0.001, wd=0.01",10,layer4_lr3e-05_hd128_wd0.0_cosine,"lr3e-05,wd0.0",167392727.6916174,0.00033478548117637884
[16],10,"lr=0.001, wd=0.01",10,layer4_lr3e-05_hd128_wd0.01_cosine,"lr3e-05,wd0.01",53188735.76456226,0.00010637749732226856
[16],10,"lr=0.001, wd=0.01",10,layer4_lr0.0001_hd128_wd0.0_cosine,"lr0.0001,wd0.0",1283807362.510795,0.0025676147508147344
[16],10,"lr=0.001, wd=0.01",10,layer4_lr0.0001_hd128_wd0.01_cosine,"lr0.0001,wd0.01",5473816.722767126,1.09476592386783e-05
[16],10,"lr=0.001, wd=0.01",10,layer4_lr0.0003_hd128_wd0.0_cosine,"lr0.0003,wd0.0",9049117287.662058,0.01809823460111726
[16],10,"lr=0.001, wd=0.01",10,layer4_lr0.0003_hd128_wd0.01_cosine,"lr0.0003,wd0.01",59195684.60231311,0.00011839139499777026
[16],10,"lr=0.001, wd=0.01",10,layer4_lr0.001_hd128_wd0.0_cosine,"lr0.001,wd0.0",10877028662.743086,0.021754057351279315
[16],10,"lr=0.001, wd=0.01",10,layer4_lr0.001_hd128_wd0.01_cosine,"lr0.001,wd0.01",688329639.5430591,0.0013766593048792622
[16],10,"lr=0.001, wd=0.01",10,layer4_lr0.003_hd128_wd0.0_cosine,"lr0.003,wd0.0",5118111717.039905,0.010236223459872953
[16],10,"lr=0.001, wd=0.01",10,layer4_lr0.003_hd128_wd0.01_cosine,"lr0.003,wd0.01",2888200675.003828,0.0057764013758008
[16],10,"lr=0.001, wd=0.01",20,layer4_lr1e-05_hd128_wd0.0_cosine,"lr1e-05,wd0.0",19822309.924898595,3.964464564294124e-05
[16],10,"lr=0.001, wd=0.01",20,layer4_lr1e-05_hd128_wd0.01_cosine,"lr1e-05,wd0.01",397249096.3619655,0.000794498218517075
[16],10,"lr=0.001, wd=0.01",20,layer4_lr3e-05_hd128_wd0.0_cosine,"lr3e-05,wd0.0",83132243.38949233,0.0001662645125721287
[16],10,"lr=0.001, wd=0.01",20,layer4_lr3e-05_hd128_wd0.01_cosine,"lr3e-05,wd0.01",9823704.31050416,1.9647434414152373e-05
[16],10,"lr=0.001, wd=0.01",20,layer4_lr0.0001_hd128_wd0.0_cosine,"lr0.0001,wd0.0",2303804270.5908613,0.004607608566974867
[16],10,"lr=0.001, wd=0.01",20,layer4_lr0.0001_hd128_wd0.01_cosine,"lr0.0001,wd0.01",12351467.995604655,2.470296178435336e-05
[16],10,"lr=0.001, wd=0.01",20,layer4_lr0.0003_hd128_wd0.0_cosine,"lr0.0003,wd0.0",8746450849.861654,0.01749290172551645
[16],10,"lr=0.001, wd=0.01",20,layer4_lr0.0003_hd128_wd0.01_cosine,"lr0.0003,wd0.01",41824000.82469797,8.364802744253999e-05
[16],10,"lr=0.001, wd=0.01",20,layer4_lr0.001_hd128_wd0.0_cosine,"lr0.001,wd0.0",10511662762.671148,0.021023325551135442
[16],10,"lr=0.001, wd=0.01",20,layer4_lr0.001_hd128_wd0.01_cosine,"lr0.001,wd0.01",402346598.6481661,0.0008046932230894764
[16],10,"lr=0.001, wd=0.01",20,layer4_lr0.003_hd128_wd0.0_cosine,"lr0.003,wd0.0",5972325000.571231,0.011944650026935606
[16],10,"lr=0.001, wd=0.01",20,layer4_lr0.003_hd128_wd0.01_cosine,"lr0.003,wd0.01",5331159956.076307,0.01066231993794576
[16],10,"lr=0.001, wd=0.01",50,layer4_lr1e-05_hd128_wd0.0_cosine,"lr1e-05,wd0.0",57241379.82115953,0.0001144827854354631
[16],10,"lr=0.001, wd=0.01",50,layer4_lr1e-05_hd128_wd0.01_cosine,"lr1e-05,wd0.01",63185237.111946315,0.00012637050001703667
[16],10,"lr=0.001, wd=0.01",50,layer4_lr3e-05_hd128_wd0.0_cosine,"lr3e-05,wd0.0",51788067.29185539,0.00010357616037685482
[16],10,"lr=0.001, wd=0.01",50,layer4_lr3e-05_hd128_wd0.01_cosine,"lr3e-05,wd0.01",25841965.695446208,5.1683957184036465e-05
[16],10,"lr=0.001, wd=0.01",50,layer4_lr0.0001_hd128_wd0.0_cosine,"lr0.0001,wd0.0",668940823.4455525,0.001337881672684249
[16],10,"lr=0.001, wd=0.01",50,layer4_lr0.0001_hd128_wd0.01_cosine,"lr0.0001,wd0.01",1234954.0359245162,2.4699338649930816e-06
[16],10,"lr=0.001, wd=0.01",50,layer4_lr0.0003_hd128_wd0.0_cosine,"lr0.0003,wd0.0",334252121.31922174,0.0006685042684315876
[16],10,"lr=0.001, wd=0.01",50,layer4_lr0.0003_hd128_wd0.01_cosine,"lr0.0003,wd0.01",8604905.807481885,1.720983740810782e-05
[16],10,"lr=0.001, wd=0.01",50,layer4_lr0.001_hd128_wd0.0_cosine,"lr0.001,wd0.0",851248009.2468262,0.0017024960442867962
[16],10,"lr=0.001, wd=0.01",50,layer4_lr0.001_hd128_wd0.01_cosine,"lr0.001,wd0.01",1248955708.6648777,0.0024979114431228997
[16],10,"lr=0.001, wd=0.01",50,layer4_lr0.003_hd128_wd0.0_cosine,"lr0.003,wd0.0",2726459328.8556585,0.0054529186835044615
[16],10,"lr=0.001, wd=0.01",50,layer4_lr0.003_hd128_wd0.01_cosine,"lr0.003,wd0.01",4673929809.024234,0.009347859643841612
[16],10,"lr=0.001, wd=0.01",90,layer4_lr1e-05_hd128_wd0.0_cosine,"lr1e-05,wd0.0",44140726.52873394,8.828147885061193e-05
[16],10,"lr=0.001, wd=0.01",90,layer4_lr1e-05_hd128_wd0.01_cosine,"lr1e-05,wd0.01",17445840.23739616,3.489170626793636e-05
[16],10,"lr=0.001, wd=0.01",90,layer4_lr3e-05_hd128_wd0.0_cosine,"lr3e-05,wd0.0",9021485.156737637,1.8042996106619326e-05
[16],10,"lr=0.001, wd=0.01",90,layer4_lr3e-05_hd128_wd0.01_cosine,"lr3e-05,wd0.01",4591090.950648097,9.182207694440244e-06
[16],10,"lr=0.001, wd=0.01",90,layer4_lr0.0001_hd128_wd0.0_cosine,"lr0.0001,wd0.0",2763126.784609885,5.526279362363819e-06
[16],10,"lr=0.001, wd=0.01",90,layer4_lr0.0001_hd128_wd0.01_cosine,"lr0.0001,wd0.01",2541468.705939632,5.082963205023313e-06
[16],10,"lr=0.001, wd=0.01",90,layer4_lr0.0003_hd128_wd0.0_cosine,"lr0.0003,wd0.0",1768259.5229048927,3.536544838953835e-06
[16],10,"lr=0.001, wd=0.01",90,layer4_lr0.0003_hd128_wd0.01_cosine,"lr0.0003,wd0.01",13177141.285912786,2.6354308364969622e-05
[16],10,"lr=0.001, wd=0.01",90,layer4_lr0.001_hd128_wd0.0_cosine,"lr0.001,wd0.0",424018224.475989,0.000848036474745122
[16],10,"lr=0.001, wd=0.01",90,layer4_lr0.001_hd128_wd0.01_cosine,"lr0.001,wd0.01",19495049.69962062,3.8990125192385285e-05
[16],10,"lr=0.001, wd=0.01",90,layer4_lr0.003_hd128_wd0.0_cosine,"lr0.003,wd0.0",95105907.06558993,0.0001902118399243239
[16],10,"lr=0.001, wd=0.01",90,layer4_lr0.003_hd128_wd0.01_cosine,"lr0.003,wd0.01",644173501.8858974,0.0012883470295649388
[16],11,"lr=0.003, wd=0.0",0,layer4_lr1e-05_hd128_wd0.0_cosine,"lr1e-05,wd0.0",1804040195.4329786,0.0036080804166591014
[16],11,"lr=0.003, wd=0.0",0,layer4_lr1e-05_hd128_wd0.01_cosine,"lr1e-05,wd0.01",17884088.975843284,3.576820374483062e-05
[16],11,"lr=0.003, wd=0.0",0,layer4_lr3e-05_hd128_wd0.0_cosine,"lr3e-05,wd0.0",7212365646.924339,0.014424731319641823
[16],11,"lr=0.003, wd=0.0",0,layer4_lr3e-05_hd128_wd0.01_cosine,"lr3e-05,wd0.01",1489314152.3117568,0.0029786283304166577
[16],11,"lr=0.003, wd=0.0",0,layer4_lr0.0001_hd128_wd0.0_cosine,"lr0.0001,wd0.0",4869268022.561046,0.009738536070915235
[16],11,"lr=0.003, wd=0.0",0,layer4_lr0.0001_hd128_wd0.01_cosine,"lr0.0001,wd0.01",3971438238.651099,0.007942876503095343
[16],11,"lr=0.003, wd=0.0",0,layer4_lr0.0003_hd128_wd0.0_cosine,"lr0.0003,wd0.0",687886821.669007,0.0013757736691311579
[16],11,"lr=0.003, wd=0.0",0,layer4_lr0.0003_hd128_wd0.01_cosine,"lr0.0003,wd0.01",5038789591.251716,0.010077579208296576
[16],11,"lr=0.003, wd=0.0",0,layer4_lr0.001_hd128_wd0.0_cosine,"lr0.001,wd0.0",61686988.43966522,0.00012337400267247448
[16],11,"lr=0.003, wd=0.0",0,layer4_lr0.001_hd128_wd0.01_cosine,"lr0.001,wd0.01",4658855320.088618,0.009317710665970381
[16],11,"lr=0.003, wd=0.0",0,layer4_lr0.003_hd128_wd0.0_cosine,"lr0.003,wd0.0",279451216.0391714,0.0005589024578714869
[16],11,"lr=0.003, wd=0.0",0,layer4_lr0.003_hd128_wd0.01_cosine,"lr0.003,wd0.01",3243016303.7935243,0.006486032633380193
[16],11,"lr=0.003, wd=0.0",5,layer4_lr1e-05_hd128_wd0.0_cosine,"lr1e-05,wd0.0",2179202838.672694,0.004358405703138533
[16],11,"lr=0.003, wd=0.0",5,layer4_lr1e-05_hd128_wd0.01_cosine,"lr1e-05,wd0.01",74372886.84353735,0.00014874579948021872
[16],11,"lr=0.003, wd=0.0",5,layer4_lr3e-05_hd128_wd0.0_cosine,"lr3e-05,wd0.0",5279781155.347705,0.010559562336488554
[16],11,"lr=0.003, wd=0.0",5,layer4_lr3e-05_hd128_wd0.01_cosine,"lr3e-05,wd0.01",2307401550.3333535,0.004614803126459851
[16],11,"lr=0.003, wd=0.0",5,layer4_lr0.0001_hd128_wd0.0_cosine,"lr0.0001,wd0.0",273484134.6566086,0.0005469682951063612
[16],11,"lr=0.003, wd=0.0",5,layer4_lr0.0001_hd128_wd0.01_cosine,"lr0.0001,wd0.01",2438165981.820541,0.004876331989434226
[16],11,"lr=0.003, wd=0.0",5,layer4_lr0.0003_hd128_wd0.0_cosine,"lr0.0003,wd0.0",3022678189.3410487,0.0060453564044752415
[16],11,"lr=0.003, wd=0.0",5,layer4_lr0.0003_hd128_wd0.01_cosine,"lr0.0003,wd0.01",1982751228.970462,0.0039655024837340685
[16],11,"lr=0.003, wd=0.0",5,layer4_lr0.001_hd128_wd0.0_cosine,"lr0.001,wd0.0",7035706705.44699,0.014071413436687124
[16],11,"lr=0.003, wd=0.0",5,layer4_lr0.001_hd128_wd0.01_cosine,"lr0.001,wd0.01",2242012908.617967,0.004484025843029079
[16],11,"lr=0.003, wd=0.0",5,layer4_lr0.003_hd128_wd0.0_cosine,"lr0.003,wd0.0",4225228980.7167315,0.008450457987226608
[16],11,"lr=0.003, wd=0.0",5,layer4_lr0.003_hd128_wd0.01_cosine,"lr0.003,wd0.01",13352853972.195763,0.02670570797018467
[16],11,"lr=0.003, wd=0.0",10,layer4_lr1e-05_hd128_wd0.0_cosine,"lr1e-05,wd0.0",1568733682.3279064,0.0031374673904489567
[16],11,"lr=0.003, wd=0.0",10,layer4_lr1e-05_hd128_wd0.01_cosine,"lr1e-05,wd0.01",950560153.8728917,0.0019011203335389272
[16],11,"lr=0.003, wd=0.0",10,layer4_lr3e-05_hd128_wd0.0_cosine,"lr3e-05,wd0.0",1674406186.9043493,0.003348812399601843
[16],11,"lr=0.003, wd=0.0",10,layer4_lr3e-05_hd128_wd0.01_cosine,"lr3e-05,wd0.01",362903355.5541299,0.0007258067369014039
[16],11,"lr=0.003, wd=0.0",10,layer4_lr0.0001_hd128_wd0.0_cosine,"lr0.0001,wd0.0",95347053.69642198,0.000190694133185988
[16],11,"lr=0.003, wd=0.0",10,layer4_lr0.0001_hd128_wd0.01_cosine,"lr0.0001,wd0.01",662621688.4330411,0.001325243402659226
[16],11,"lr=0.003, wd=0.0",10,layer4_lr0.0003_hd128_wd0.0_cosine,"lr0.0003,wd0.0",5863074398.984813,0.011726148823762769
[16],11,"lr=0.003, wd=0.0",10,layer4_lr0.0003_hd128_wd0.01_cosine,"lr0.0003,wd0.01",998604652.7028401,0.0019972093311988242
[16],11,"lr=0.003, wd=0.0",10,layer4_lr0.001_hd128_wd0.0_cosine,"lr0.001,wd0.0",7460949384.587518,0.01492189879496818
[16],11,"lr=0.003, wd=0.0",10,layer4_lr0.001_hd128_wd0.01_cosine,"lr0.001,wd0.01",2512143151.3031516,0.005024286328399448
[16],11,"lr=0.003, wd=0.0",10,layer4_lr0.003_hd128_wd0.0_cosine,"lr0.003,wd0.0",2933434073.3306885,0.005866868172454521
[16],11,"lr=0.003, wd=0.0",10,layer4_lr0.003_hd128_wd0.01_cosine,"lr0.003,wd0.01",5710728352.298664,0.011421456730390472
[16],11,"lr=0.003, wd=0.0",20,layer4_lr1e-05_hd128_wd0.0_cosine,"lr1e-05,wd0.0",6137985.708066953,1.2275997209277956e-05
[16],11,"lr=0.003, wd=0.0",20,layer4_lr1e-05_hd128_wd0.01_cosine,"lr1e-05,wd0.01",100975578.7487093,0.00020195118329056265
[16],11,"lr=0.003, wd=0.0",20,layer4_lr3e-05_hd128_wd0.0_cosine,"lr3e-05,wd0.0",61062566.61715131,0.00012212515902744667
[16],11,"lr=0.003, wd=0.0",20,layer4_lr3e-05_hd128_wd0.01_cosine,"lr3e-05,wd0.01",247211139.6789471,0.0004944223051510382
[16],11,"lr=0.003, wd=0.0",20,layer4_lr0.0001_hd128_wd0.0_cosine,"lr0.0001,wd0.0",980135754.8389456,0.001960271535471035
[16],11,"lr=0.003, wd=0.0",20,layer4_lr0.0001_hd128_wd0.01_cosine,"lr0.0001,wd0.01",236637113.74919173,0.0004732742532915275
[16],11,"lr=0.003, wd=0.0",20,layer4_lr0.0003_hd128_wd0.0_cosine,"lr0.0003,wd0.0",6541182105.421443,0.01308236423663603
[16],11,"lr=0.003, wd=0.0",20,layer4_lr0.0003_hd128_wd0.01_cosine,"lr0.0003,wd0.01",665668103.4914999,0.0013313362327761439
[16],11,"lr=0.003, wd=0.0",20,layer4_lr0.001_hd128_wd0.0_cosine,"lr0.001,wd0.0",8527537633.792817,0.01705507529337878
[16],11,"lr=0.003, wd=0.0",20,layer4_lr0.001_hd128_wd0.01_cosine,"lr0.001,wd0.01",1954936912.503053,0.00390987385079925
[16],11,"lr=0.003, wd=0.0",20,layer4_lr0.003_hd128_wd0.0_cosine,"lr0.003,wd0.0",4107609505.550968,0.00821521903689508
[16],11,"lr=0.003, wd=0.0",20,layer4_lr0.003_hd128_wd0.01_cosine,"lr0.003,wd0.01",7799252644.622284,0.015598505315037712
[16],11,"lr=0.003, wd=0.0",50,layer4_lr1e-05_hd128_wd0.0_cosine,"lr1e-05,wd0.0",6399132.138736468,1.2798290070616984e-05
[16],11,"lr=0.003, wd=0.0",50,layer4_lr1e-05_hd128_wd0.01_cosine,"lr1e-05,wd0.01",10536811.627525182,2.1073649048194415e-05
[16],11,"lr=0.003, wd=0.0",50,layer4_lr3e-05_hd128_wd0.0_cosine,"lr3e-05,wd0.0",17499.017598400507,3.502382834085053e-08
[16],11,"lr=0.003, wd=0.0",50,layer4_lr3e-05_hd128_wd0.01_cosine,"lr3e-05,wd0.01",13919799.638454031,2.7839625070052114e-05
[16],11,"lr=0.003, wd=0.0",50,layer4_lr0.0001_hd128_wd0.0_cosine,"lr0.0001,wd0.0",338158162.3395866,0.0006763163504723173
[16],11,"lr=0.003, wd=0.0",50,layer4_lr0.0001_hd128_wd0.01_cosine,"lr0.0001,wd0.01",103095436.02214952,0.00020619089783744307
[16],11,"lr=0.003, wd=0.0",50,layer4_lr0.0003_hd128_wd0.0_cosine,"lr0.0003,wd0.0",153537122.50062016,0.0003070742707943844
[16],11,"lr=0.003, wd=0.0",50,layer4_lr0.0003_hd128_wd0.01_cosine,"lr0.0003,wd0.01",158164663.71752992,0.0003163293532282039
[16],11,"lr=0.003, wd=0.0",50,layer4_lr0.001_hd128_wd0.0_cosine,"lr0.001,wd0.0",1704844502.1564763,0.003409689030106097
[16],11,"lr=0.003, wd=0.0",50,layer4_lr0.001_hd128_wd0.01_cosine,"lr0.001,wd0.01",2246447981.7289267,0.004492895989250997
[16],11,"lr=0.003, wd=0.0",50,layer4_lr0.003_hd128_wd0.0_cosine,"lr0.003,wd0.0",2133737328.5471807,0.0042674746828875055
[16],11,"lr=0.003, wd=0.0",50,layer4_lr0.003_hd128_wd0.01_cosine,"lr0.003,wd0.01",6234477507.078264,0.012468955039949672
[16],11,"lr=0.003, wd=0.0",90,layer4_lr1e-05_hd128_wd0.0_cosine,"lr1e-05,wd0.0",13094052.35387049,2.6188130500885032e-05
[16],11,"lr=0.003, wd=0.0",90,layer4_lr1e-05_hd128_wd0.01_cosine,"lr1e-05,wd0.01",1527735.6550880675,3.0554971033201844e-06
[16],11,"lr=0.003, wd=0.0",90,layer4_lr3e-05_hd128_wd0.0_cosine,"lr3e-05,wd0.0",94812.69370100496,1.8965118054605943e-07
[16],11,"lr=0.003, wd=0.0",90,layer4_lr3e-05_hd128_wd0.01_cosine,"lr3e-05,wd0.01",10154684.458749734,2.030939471064352e-05
[16],11,"lr=0.003, wd=0.0",90,layer4_lr0.0001_hd128_wd0.0_cosine,"lr0.0001,wd0.0",4237505.726347433,8.475037245838916e-06
[16],11,"lr=0.003, wd=0.0",90,layer4_lr0.0001_hd128_wd0.01_cosine,"lr0.0001,wd0.01",4413028.74167037,8.82608327648479e-06
[16],11,"lr=0.003, wd=0.0",90,layer4_lr0.0003_hd128_wd0.0_cosine,"lr0.0003,wd0.0",2844565.434645714,5.689156662435477e-06
[16],11,"lr=0.003, wd=0.0",90,layer4_lr0.0003_hd128_wd0.01_cosine,"lr0.0003,wd0.01",60056146.73477222,0.00012011231926268849
[16],11,"lr=0.003, wd=0.0",90,layer4_lr0.001_hd128_wd0.0_cosine,"lr0.001,wd0.0",436536262.54121846,0.0008730725508755811
[16],11,"lr=0.003, wd=0.0",90,layer4_lr0.001_hd128_wd0.01_cosine,"lr0.001,wd0.01",117946086.18855725,0.00023589219817025855
[16],11,"lr=0.003, wd=0.0",90,layer4_lr0.003_hd128_wd0.0_cosine,"lr0.003,wd0.0",94366527.98587894,0.00018873308176490193
[16],11,"lr=0.003, wd=0.0",90,layer4_lr0.003_hd128_wd0.01_cosine,"lr0.003,wd0.01",745038181.8111566,0.0014900763894154572
[16],12,"lr=0.003, wd=0.01",0,layer4_lr1e-05_hd128_wd0.0_cosine,"lr1e-05,wd0.0",711536333.9385707,0.0014230726936702853
[16],12,"lr=0.003, wd=0.01",0,layer4_lr1e-05_hd128_wd0.01_cosine,"lr1e-05,wd0.01",117477866.39456797,0.00023495575858227996
[16],12,"lr=0.003, wd=0.01",0,layer4_lr3e-05_hd128_wd0.0_cosine,"lr3e-05,wd0.0",4937849586.409541,0.009875699198612226
[16],12,"lr=0.003, wd=0.01",0,layer4_lr3e-05_hd128_wd0.01_cosine,"lr3e-05,wd0.01",626203673.4633567,0.0012524073727198575
[16],12,"lr=0.003, wd=0.01",0,layer4_lr0.0001_hd128_wd0.0_cosine,"lr0.0001,wd0.0",3167561563.968908,0.00633512315373096
[16],12,"lr=0.003, wd=0.01",0,layer4_lr0.0001_hd128_wd0.01_cosine,"lr0.0001,wd0.01",2617792412.22562,0.005235584850244383
[16],12,"lr=0.003, wd=0.01",0,layer4_lr0.0003_hd128_wd0.0_cosine,"lr0.0003,wd0.0",202328222.54411277,0.0004046564708813696
[16],12,"lr=0.003, wd=0.01",0,layer4_lr0.0003_hd128_wd0.01_cosine,"lr0.0003,wd0.01",3738063171.8186536,0.007476126369430451
[16],12,"lr=0.003, wd=0.01",0,layer4_lr0.001_hd128_wd0.0_cosine,"lr0.001,wd0.0",7524246.446778437,1.5048518686700923e-05
[16],12,"lr=0.003, wd=0.01",0,layer4_lr0.001_hd128_wd0.01_cosine,"lr0.001,wd0.01",3583287573.372981,0.007166575172539106
[16],12,"lr=0.003, wd=0.01",0,layer4_lr0.003_hd128_wd0.0_cosine,"lr0.003,wd0.0",47333320.152044706,9.466666609723346e-05
[16],12,"lr=0.003, wd=0.01",0,layer4_lr0.003_hd128_wd0.01_cosine,"lr0.003,wd0.01",2387868603.779748,0.00477573723335264
[16],12,"lr=0.003, wd=0.01",5,layer4_lr1e-05_hd128_wd0.0_cosine,"lr1e-05,wd0.0",72145135.61188422,0.0001442902970169125
[16],12,"lr=0.003, wd=0.01",5,layer4_lr1e-05_hd128_wd0.01_cosine,"lr1e-05,wd0.01",1869215663.207104,0.0037384313522073522
[16],12,"lr=0.003, wd=0.01",5,layer4_lr3e-05_hd128_wd0.0_cosine,"lr3e-05,wd0.0",718385062.1293119,0.0014367701500517679
[16],12,"lr=0.003, wd=0.01",5,layer4_lr3e-05_hd128_wd0.01_cosine,"lr3e-05,wd0.01",2041500974.6142075,0.004083001975021559
[16],12,"lr=0.003, wd=0.01",5,layer4_lr0.0001_hd128_wd0.0_cosine,"lr0.0001,wd0.0",2178880423.931124,0.004357760873655392
[16],12,"lr=0.003, wd=0.01",5,layer4_lr0.0001_hd128_wd0.01_cosine,"lr0.0001,wd0.01",270796886.6673348,0.0005415937991278137
[16],12,"lr=0.003, wd=0.01",5,layer4_lr0.0003_hd128_wd0.0_cosine,"lr0.0003,wd0.0",10334068763.003376,0.020668137551799897
[16],12,"lr=0.003, wd=0.01",5,layer4_lr0.0003_hd128_wd0.01_cosine,"lr0.0003,wd0.01",22429606.729609363,4.485923925236277e-05
[16],12,"lr=0.003, wd=0.01",5,layer4_lr0.001_hd128_wd0.0_cosine,"lr0.001,wd0.0",17126943840.574724,0.03425388770694259
[16],12,"lr=0.003, wd=0.01",5,layer4_lr0.001_hd128_wd0.01_cosine,"lr0.001,wd0.01",1866093155.6803048,0.003732186337153754
[16],12,"lr=0.003, wd=0.01",5,layer4_lr0.003_hd128_wd0.0_cosine,"lr0.003,wd0.0",15998741875.743145,0.031997483777279435
[16],12,"lr=0.003, wd=0.01",5,layer4_lr0.003_hd128_wd0.01_cosine,"lr0.003,wd0.01",3532994913.7316475,0.007065989853256439
[16],12,"lr=0.003, wd=0.01",10,layer4_lr1e-05_hd128_wd0.0_cosine,"lr1e-05,wd0.0",3258488.9426748636,6.517003678493777e-06
[16],12,"lr=0.003, wd=0.01",10,layer4_lr1e-05_hd128_wd0.01_cosine,"lr1e-05,wd0.01",160401311.28019375,0.00032080264835353153
[16],12,"lr=0.003, wd=0.01",10,layer4_lr3e-05_hd128_wd0.0_cosine,"lr3e-05,wd0.0",389719728.45958614,0.0007794394827123163
[16],12,"lr=0.003, wd=0.01",10,layer4_lr3e-05_hd128_wd0.01_cosine,"lr3e-05,wd0.01",2147447995.5236409,0.004294896016840426
[16],12,"lr=0.003, wd=0.01",10,layer4_lr0.0001_hd128_wd0.0_cosine,"lr0.0001,wd0.0",2987272679.662589,0.005974545385118322
[16],12,"lr=0.003, wd=0.01",10,layer4_lr0.0001_hd128_wd0.01_cosine,"lr0.0001,wd0.01",656263971.6181147,0.0013125279690293734
[16],12,"lr=0.003, wd=0.01",10,layer4_lr0.0003_hd128_wd0.0_cosine,"lr0.0003,wd0.0",11877439312.01477,0.023754878649822685
[16],12,"lr=0.003, wd=0.01",10,layer4_lr0.0003_hd128_wd0.01_cosine,"lr0.0003,wd0.01",86705635.38540184,0.00017341129656394774
[16],12,"lr=0.003, wd=0.01",10,layer4_lr0.001_hd128_wd0.0_cosine,"lr0.001,wd0.0",12854105418.05806,0.025708210861909265
[16],12,"lr=0.003, wd=0.01",10,layer4_lr0.001_hd128_wd0.01_cosine,"lr0.001,wd0.01",24000222.019522138,4.800046983218832e-05
[16],12,"lr=0.003, wd=0.01",10,layer4_lr0.003_hd128_wd0.0_cosine,"lr0.003,wd0.0",6918232823.743764,0.013836465673280672
[16],12,"lr=0.003, wd=0.01",10,layer4_lr0.003_hd128_wd0.01_cosine,"lr0.003,wd0.01",431134391.68450904,0.0008622688091621622
[16],12,"lr=0.003, wd=0.01",20,layer4_lr1e-05_hd128_wd0.0_cosine,"lr1e-05,wd0.0",453833097.9765923,0.0009076662217463287
[16],12,"lr=0.003, wd=0.01",20,layer4_lr1e-05_hd128_wd0.01_cosine,"lr1e-05,wd0.01",1500550783.6166265,0.003001101593026397
[16],12,"lr=0.003, wd=0.01",20,layer4_lr3e-05_hd128_wd0.0_cosine,"lr3e-05,wd0.0",598383424.038955,0.001196766873871054
[16],12,"lr=0.003, wd=0.01",20,layer4_lr3e-05_hd128_wd0.01_cosine,"lr3e-05,wd0.01",411995246.9392179,0.00082399051967158
[16],12,"lr=0.003, wd=0.01",20,layer4_lr0.0001_hd128_wd0.0_cosine,"lr0.0001,wd0.0",3570926669.8761597,0.007141853365545464
[16],12,"lr=0.003, wd=0.01",20,layer4_lr0.0001_hd128_wd0.01_cosine,"lr0.0001,wd0.01",279626047.24361676,0.0005592521202803777
[16],12,"lr=0.003, wd=0.01",20,layer4_lr0.0003_hd128_wd0.0_cosine,"lr0.0003,wd0.0",9811021914.845972,0.019622043855485088
[16],12,"lr=0.003, wd=0.01",20,layer4_lr0.0003_hd128_wd0.01_cosine,"lr0.0003,wd0.01",45828841.75525248,9.165770930364901e-05
[16],12,"lr=0.003, wd=0.01",20,layer4_lr0.001_hd128_wd0.0_cosine,"lr0.001,wd0.0",11428194265.533,0.022856388556859144
[16],12,"lr=0.003, wd=0.01",20,layer4_lr0.001_hd128_wd0.01_cosine,"lr0.001,wd0.01",3848386.5170895443,7.696798827323138e-06
[16],12,"lr=0.003, wd=0.01",20,layer4_lr0.003_hd128_wd0.0_cosine,"lr0.003,wd0.0",7174461335.843175,0.014348922697479494
[16],12,"lr=0.003, wd=0.01",20,layer4_lr0.003_hd128_wd0.01_cosine,"lr0.003,wd0.01",2771255232.7433114,0.0055425104912797665
[16],12,"lr=0.003, wd=0.01",50,layer4_lr1e-05_hd128_wd0.0_cosine,"lr1e-05,wd0.0",115891241.85190521,0.00023178250949695446
[16],12,"lr=0.003, wd=0.01",50,layer4_lr1e-05_hd128_wd0.01_cosine,"lr1e-05,wd0.01",99241571.32504545,0.00019848316844323495
[16],12,"lr=0.003, wd=0.01",50,layer4_lr3e-05_hd128_wd0.0_cosine,"lr3e-05,wd0.0",130960072.31805167,0.0002619201704292474
[16],12,"lr=0.003, wd=0.01",50,layer4_lr3e-05_hd128_wd0.01_cosine,"lr3e-05,wd0.01",101881033.30988798,0.00020376209241292
[16],12,"lr=0.003, wd=0.01",50,layer4_lr0.0001_hd128_wd0.0_cosine,"lr0.0001,wd0.0",651017718.6315715,0.001302035463056287
[16],12,"lr=0.003, wd=0.01",50,layer4_lr0.0001_hd128_wd0.01_cosine,"lr0.0001,wd0.01",4116678.480675931,8.233382754495911e-06
[16],12,"lr=0.003, wd=0.01",50,layer4_lr0.0003_hd128_wd0.0_cosine,"lr0.0003,wd0.0",253284736.8073165,0.0005065694994077771
[16],12,"lr=0.003, wd=0.01",50,layer4_lr0.0003_hd128_wd0.01_cosine,"lr0.0003,wd0.01",895704.5232563771,1.7914348396568037e-06
[16],12,"lr=0.003, wd=0.01",50,layer4_lr0.001_hd128_wd0.0_cosine,"lr0.001,wd0.0",1088892919.2042859,0.002177785864201716
[16],12,"lr=0.003, wd=0.01",50,layer4_lr0.001_hd128_wd0.01_cosine,"lr0.001,wd0.01",960157091.3214785,0.0019203142084361008
[16],12,"lr=0.003, wd=0.01",50,layer4_lr0.003_hd128_wd0.0_cosine,"lr0.003,wd0.0",2746538873.4157453,0.005493077772624634
[16],12,"lr=0.003, wd=0.01",50,layer4_lr0.003_hd128_wd0.01_cosine,"lr0.003,wd0.01",3213697966.835451,0.006427395959464046
[16],12,"lr=0.003, wd=0.01",90,layer4_lr1e-05_hd128_wd0.0_cosine,"lr1e-05,wd0.0",46618745.16321003,9.32375161195641e-05
[16],12,"lr=0.003, wd=0.01",90,layer4_lr1e-05_hd128_wd0.01_cosine,"lr1e-05,wd0.01",18129926.483363457,3.625987875987096e-05
[16],12,"lr=0.003, wd=0.01",90,layer4_lr3e-05_hd128_wd0.0_cosine,"lr3e-05,wd0.0",14287631.36171991,2.857528851658387e-05
[16],12,"lr=0.003, wd=0.01",90,layer4_lr3e-05_hd128_wd0.01_cosine,"lr3e-05,wd0.01",7259808.295928186,1.451964238500042e-05
[16],12,"lr=0.003, wd=0.01",90,layer4_lr0.0001_hd128_wd0.0_cosine,"lr0.0001,wd0.0",2777336.254312517,5.554698301769083e-06
[16],12,"lr=0.003, wd=0.01",90,layer4_lr0.0001_hd128_wd0.01_cosine,"lr0.0001,wd0.01",7073695.13444364,1.4147416062031328e-05
[16],12,"lr=0.003, wd=0.01",90,layer4_lr0.0003_hd128_wd0.0_cosine,"lr0.0003,wd0.0",2988784.8645219533,5.9775955221879556e-06
[16],12,"lr=0.003, wd=0.01",90,layer4_lr0.0003_hd128_wd0.01_cosine,"lr0.0003,wd0.01",7364016.685175744,1.4728059163495536e-05
[16],12,"lr=0.003, wd=0.01",90,layer4_lr0.001_hd128_wd0.0_cosine,"lr0.001,wd0.0",420867435.6158609,0.0008417348970248659
[16],12,"lr=0.003, wd=0.01",90,layer4_lr0.001_hd128_wd0.01_cosine,"lr0.001,wd0.01",550420.2215973145,1.1008662363386785e-06
[16],12,"lr=0.003, wd=0.01",90,layer4_lr0.003_hd128_wd0.0_cosine,"lr0.003,wd0.0",94569721.95644873,0.0001891394697060415
[16],12,"lr=0.003, wd=0.01",90,layer4_lr0.003_hd128_wd0.01_cosine,"lr0.003,wd0.01",335727540.38953847,0.000671455106572221
[24],1,"lr=1e-05, wd=0.0",0,layer4_lr1e-05_hd128_wd0.0_cosine,"lr1e-05,wd0.0",19959930129.913128,0.0399198602856194
[24],1,"lr=1e-05, wd=0.0",0,layer4_lr1e-05_hd128_wd0.01_cosine,"lr1e-05,wd0.01",11156968695.488907,0.022313937416770957
[24],1,"lr=1e-05, wd=0.0",0,layer4_lr3e-05_hd128_wd0.0_cosine,"lr3e-05,wd0.0",32207389145.8171,0.06441477831742734
[24],1,"lr=1e-05, wd=0.0",0,layer4_lr3e-05_hd128_wd0.01_cosine,"lr3e-05,wd0.01",18370971444.318695,0.03674194291443053
[24],1,"lr=1e-05, wd=0.0",0,layer4_lr0.0001_hd128_wd0.0_cosine,"lr0.0001,wd0.0",25954774859.036415,0.051909549743865975
[24],1,"lr=1e-05, wd=0.0",0,layer4_lr0.0001_hd128_wd0.01_cosine,"lr0.0001,wd0.01",24399686384.25034,0.04879937279429382
[24],1,"lr=1e-05, wd=0.0",0,layer4_lr0.0003_hd128_wd0.0_cosine,"lr0.0003,wd0.0",13406237152.526815,0.026812474330846776
[24],1,"lr=1e-05, wd=0.0",0,layer4_lr0.0003_hd128_wd0.01_cosine,"lr0.0003,wd0.01",26225011193.87966,0.05245002241355247
[24],1,"lr=1e-05, wd=0.0",0,layer4_lr0.001_hd128_wd0.0_cosine,"lr0.001,wd0.0",9167029126.327902,0.018334058278448948
[24],1,"lr=1e-05, wd=0.0",0,layer4_lr0.001_hd128_wd0.01_cosine,"lr0.001,wd0.01",24727710941.677406,0.04945542190914796
[24],1,"lr=1e-05, wd=0.0",0,layer4_lr0.003_hd128_wd0.0_cosine,"lr0.003,wd0.0",10803900925.40111,0.02160780187659536
[24],1,"lr=1e-05, wd=0.0",0,layer4_lr0.003_hd128_wd0.01_cosine,"lr0.003,wd0.01",21018782777.662342,0.042037565581117826
[24],1,"lr=1e-05, wd=0.0",5,layer4_lr1e-05_hd128_wd0.0_cosine,"lr1e-05,wd0.0",1753787520.6008377,0.0035075750669948196
[24],1,"lr=1e-05, wd=0.0",5,layer4_lr1e-05_hd128_wd0.01_cosine,"lr1e-05,wd0.01",100730943.7138841,0.00020146191322091225
[24],1,"lr=1e-05, wd=0.0",5,layer4_lr3e-05_hd128_wd0.0_cosine,"lr3e-05,wd0.0",274021350.0988587,0.0005480427259908615
[24],1,"lr=1e-05, wd=0.0",5,layer4_lr3e-05_hd128_wd0.01_cosine,"lr3e-05,wd0.01",10652919.871734587,2.1305865536613224e-05
[24],1,"lr=1e-05, wd=0.0",5,layer4_lr0.0001_hd128_wd0.0_cosine,"lr0.0001,wd0.0",1364813798.0745962,0.0027296276219423367
[24],1,"lr=1e-05, wd=0.0",5,layer4_lr0.0001_hd128_wd0.01_cosine,"lr0.0001,wd0.01",1632511.7089515126,3.2650492110470747e-06
[24],1,"lr=1e-05, wd=0.0",5,layer4_lr0.0003_hd128_wd0.0_cosine,"lr0.0003,wd0.0",12659529555.080807,0.025319059135954756
[24],1,"lr=1e-05, wd=0.0",5,layer4_lr0.0003_hd128_wd0.01_cosine,"lr0.0003,wd0.01",59702920.96126007,0.00011940586771566419
[24],1,"lr=1e-05, wd=0.0",5,layer4_lr0.001_hd128_wd0.0_cosine,"lr0.001,wd0.0",21516557516.02074,0.04303311505783462
[24],1,"lr=1e-05, wd=0.0",5,layer4_lr0.001_hd128_wd0.01_cosine,"lr0.001,wd0.01",3810631453.147134,0.007621262932087412
[24],1,"lr=1e-05, wd=0.0",5,layer4_lr0.003_hd128_wd0.0_cosine,"lr0.003,wd0.0",22061211956.406242,0.04412242393860563
[24],1,"lr=1e-05, wd=0.0",5,layer4_lr0.003_hd128_wd0.01_cosine,"lr0.003,wd0.01",6298778384.525938,0.01259755679484502
[24],1,"lr=1e-05, wd=0.0",10,layer4_lr1e-05_hd128_wd0.0_cosine,"lr1e-05,wd0.0",1549463930.1765363,0.0030989278861462168
[24],1,"lr=1e-05, wd=0.0",10,layer4_lr1e-05_hd128_wd0.01_cosine,"lr1e-05,wd0.01",994433724.8025047,0.001988867475398153
[24],1,"lr=1e-05, wd=0.0",10,layer4_lr3e-05_hd128_wd0.0_cosine,"lr3e-05,wd0.0",187939365.51314318,0.0003758787568194304
[24],1,"lr=1e-05, wd=0.0",10,layer4_lr3e-05_hd128_wd0.01_cosine,"lr3e-05,wd0.01",128493633.90789919,0.0002569872936089424
[24],1,"lr=1e-05, wd=0.0",10,layer4_lr0.0001_hd128_wd0.0_cosine,"lr0.0001,wd0.0",2982463523.7152553,0.005964927073223655
[24],1,"lr=1e-05, wd=0.0",10,layer4_lr0.0001_hd128_wd0.01_cosine,"lr0.0001,wd0.01",249588178.9689556,0.0004991763837310552
[24],1,"lr=1e-05, wd=0.0",10,layer4_lr0.0003_hd128_wd0.0_cosine,"lr0.0003,wd0.0",14704406149.872099,0.029408812325537343
[24],1,"lr=1e-05, wd=0.0",10,layer4_lr0.0003_hd128_wd0.01_cosine,"lr0.0003,wd0.01",295792752.6929446,0.0005915855311790332
[24],1,"lr=1e-05, wd=0.0",10,layer4_lr0.001_hd128_wd0.0_cosine,"lr0.001,wd0.0",17199151776.453545,0.03439830357870023
[24],1,"lr=1e-05, wd=0.0",10,layer4_lr0.001_hd128_wd0.01_cosine,"lr0.001,wd0.01",3168776.23748418,6.3375782681124085e-06
[24],1,"lr=1e-05, wd=0.0",10,layer4_lr0.003_hd128_wd0.0_cosine,"lr0.003,wd0.0",9496464392.31603,0.018992928810425205
[24],1,"lr=1e-05, wd=0.0",10,layer4_lr0.003_hd128_wd0.01_cosine,"lr0.003,wd0.01",140653875.9704766,0.00028130777773409724
[24],1,"lr=1e-05, wd=0.0",20,layer4_lr1e-05_hd128_wd0.0_cosine,"lr1e-05,wd0.0",39123238.84323726,7.824650347961856e-05
[24],1,"lr=1e-05, wd=0.0",20,layer4_lr1e-05_hd128_wd0.01_cosine,"lr1e-05,wd0.01",49866842.96496815,9.973371172308035e-05
[24],1,"lr=1e-05, wd=0.0",20,layer4_lr3e-05_hd128_wd0.0_cosine,"lr3e-05,wd0.0",109626589.31042717,0.00021925320441399838
[24],1,"lr=1e-05, wd=0.0",20,layer4_lr3e-05_hd128_wd0.01_cosine,"lr3e-05,wd0.01",5051000.971526615,1.010202773619728e-05
[24],1,"lr=1e-05, wd=0.0",20,layer4_lr0.0001_hd128_wd0.0_cosine,"lr0.0001,wd0.0",3770069879.949497,0.0075401397856921385
[24],1,"lr=1e-05, wd=0.0",20,layer4_lr0.0001_hd128_wd0.01_cosine,"lr0.0001,wd0.01",270383189.3662519,0.0005407664045256478
[24],1,"lr=1e-05, wd=0.0",20,layer4_lr0.0003_hd128_wd0.0_cosine,"lr0.0003,wd0.0",11415911035.427828,0.022831822096648798
[24],1,"lr=1e-05, wd=0.0",20,layer4_lr0.0003_hd128_wd0.01_cosine,"lr0.0003,wd0.01",232072800.90686604,0.00046414562760687615
[24],1,"lr=1e-05, wd=0.0",20,layer4_lr0.001_hd128_wd0.0_cosine,"lr0.001,wd0.0",13496323302.304203,0.02699264663040155
[24],1,"lr=1e-05, wd=0.0",20,layer4_lr0.001_hd128_wd0.01_cosine,"lr0.001,wd0.01",244830048.8283262,0.0004896601234497964
[24],1,"lr=1e-05, wd=0.0",20,layer4_lr0.003_hd128_wd0.0_cosine,"lr0.003,wd0.0",9331937067.985226,0.018663874161763596
[24],1,"lr=1e-05, wd=0.0",20,layer4_lr0.003_hd128_wd0.01_cosine,"lr0.003,wd0.01",3350626440.158587,0.006701252906110318
[24],1,"lr=1e-05, wd=0.0",50,layer4_lr1e-05_hd128_wd0.0_cosine,"lr1e-05,wd0.0",22320775.30080771,4.4641576394759465e-05
[24],1,"lr=1e-05, wd=0.0",50,layer4_lr1e-05_hd128_wd0.01_cosine,"lr1e-05,wd0.01",14672721.886152023,2.9345469565448097e-05
[24],1,"lr=1e-05, wd=0.0",50,layer4_lr3e-05_hd128_wd0.0_cosine,"lr3e-05,wd0.0",89562047.39655952,0.00017912412058626308
[24],1,"lr=1e-05, wd=0.0",50,layer4_lr3e-05_hd128_wd0.01_cosine,"lr3e-05,wd0.01",42412432.27793867,8.482489034902138e-05
[24],1,"lr=1e-05, wd=0.0",50,layer4_lr0.0001_hd128_wd0.0_cosine,"lr0.0001,wd0.0",717093377.1214314,0.0014341867800360065
[24],1,"lr=1e-05, wd=0.0",50,layer4_lr0.0001_hd128_wd0.01_cosine,"lr0.0001,wd0.01",5553631.3827746855,1.110728855869342e-05
[24],1,"lr=1e-05, wd=0.0",50,layer4_lr0.0003_hd128_wd0.0_cosine,"lr0.0003,wd0.0",1717237384.7350316,0.003434474795263207
[24],1,"lr=1e-05, wd=0.0",50,layer4_lr0.0003_hd128_wd0.01_cosine,"lr0.0003,wd0.01",1718308.7542475893,3.436643301639228e-06
[24],1,"lr=1e-05, wd=0.0",50,layer4_lr0.001_hd128_wd0.0_cosine,"lr0.001,wd0.0",1239251696.2869277,0.0024785034183669994
[24],1,"lr=1e-05, wd=0.0",50,layer4_lr0.001_hd128_wd0.01_cosine,"lr0.001,wd0.01",1017926495.4150339,0.0020358530166232117
[24],1,"lr=1e-05, wd=0.0",50,layer4_lr0.003_hd128_wd0.0_cosine,"lr0.003,wd0.0",2945703212.1066628,0.00589140645000647
[24],1,"lr=1e-05, wd=0.0",50,layer4_lr0.003_hd128_wd0.01_cosine,"lr0.003,wd0.01",3877847038.3080654,0.007755694102409275
[24],1,"lr=1e-05, wd=0.0",90,layer4_lr1e-05_hd128_wd0.0_cosine,"lr1e-05,wd0.0",32514080.69272824,6.502818717860053e-05
[24],1,"lr=1e-05, wd=0.0",90,layer4_lr1e-05_hd128_wd0.01_cosine,"lr1e-05,wd0.01",7426233.596978623,1.4852492987101296e-05
[24],1,"lr=1e-05, wd=0.0",90,layer4_lr3e-05_hd128_wd0.0_cosine,"lr3e-05,wd0.0",13928819.095075458,2.7857663983294966e-05
[24],1,"lr=1e-05, wd=0.0",90,layer4_lr3e-05_hd128_wd0.01_cosine,"lr3e-05,wd0.01",4535797.990238169,9.071621773620387e-06
[24],1,"lr=1e-05, wd=0.0",90,layer4_lr0.0001_hd128_wd0.0_cosine,"lr0.0001,wd0.0",17416782.633649945,3.483359106044394e-05
[24],1,"lr=1e-05, wd=0.0",90,layer4_lr0.0001_hd128_wd0.01_cosine,"lr0.0001,wd0.01",10113494.920047095,2.022701563323824e-05
[24],1,"lr=1e-05, wd=0.0",90,layer4_lr0.0003_hd128_wd0.0_cosine,"lr0.0003,wd0.0",146789726.16199473,0.0002935794781171335
[24],1,"lr=1e-05, wd=0.0",90,layer4_lr0.0003_hd128_wd0.01_cosine,"lr0.0003,wd0.01",3110645.3551630126,6.221316503470074e-06
[24],1,"lr=1e-05, wd=0.0",90,layer4_lr0.001_hd128_wd0.0_cosine,"lr0.001,wd0.0",853649320.3803828,0.0017072986665539094
[24],1,"lr=1e-05, wd=0.0",90,layer4_lr0.001_hd128_wd0.01_cosine,"lr0.001,wd0.01",1902979.4900305206,3.8059847732050906e-06
[24],1,"lr=1e-05, wd=0.0",90,layer4_lr0.003_hd128_wd0.0_cosine,"lr0.003,wd0.0",618329744.9895523,0.0012366595157722485
[24],1,"lr=1e-05, wd=0.0",90,layer4_lr0.003_hd128_wd0.01_cosine,"lr0.003,wd0.01",171598343.32052928,0.0003431967124342026
[24],2,"lr=1e-05, wd=0.01",0,layer4_lr1e-05_hd128_wd0.0_cosine,"lr1e-05,wd0.0",26497924917.56168,0.0529958498609165
[24],2,"lr=1e-05, wd=0.01",0,layer4_lr1e-05_hd128_wd0.01_cosine,"lr1e-05,wd0.01",15767746150.93337,0.031535492327659884
[24],2,"lr=1e-05, wd=0.01",0,layer4_lr3e-05_hd128_wd0.0_cosine,"lr3e-05,wd0.0",40409334492.031334,0.0808186690098558
[24],2,"lr=1e-05, wd=0.01",0,layer4_lr3e-05_hd128_wd0.01_cosine,"lr3e-05,wd0.01",24271313475.30319,0.04854262697639952
[24],2,"lr=1e-05, wd=0.01",0,layer4_lr0.0001_hd128_wd0.0_cosine,"lr0.0001,wd0.0",33403281882.849857,0.06680656379149286
[24],2,"lr=1e-05, wd=0.01",0,layer4_lr0.0001_hd128_wd0.01_cosine,"lr0.0001,wd0.01",31379181727.30355,0.06275836348040024
[24],2,"lr=1e-05, wd=0.01",0,layer4_lr0.0003_hd128_wd0.0_cosine,"lr0.0003,wd0.0",18836355623.181667,0.037672711272156476
[24],2,"lr=1e-05, wd=0.01",0,layer4_lr0.0003_hd128_wd0.01_cosine,"lr0.0003,wd0.01",33572767183.863007,0.06714553439351915
[24],2,"lr=1e-05, wd=0.01",0,layer4_lr0.001_hd128_wd0.0_cosine,"lr0.001,wd0.0",13715773751.347527,0.027431547528488198
[24],2,"lr=1e-05, wd=0.01",0,layer4_lr0.001_hd128_wd0.01_cosine,"lr0.001,wd0.01",31973925976.43442,0.06394785197866198
[24],2,"lr=1e-05, wd=0.01",0,layer4_lr0.003_hd128_wd0.0_cosine,"lr0.003,wd0.0",15722513521.954304,0.03144502706970175
[24],2,"lr=1e-05, wd=0.01",0,layer4_lr0.003_hd128_wd0.01_cosine,"lr0.003,wd0.01",27800188294.035473,0.05560037661386409
[24],2,"lr=1e-05, wd=0.01",5,layer4_lr1e-05_hd128_wd0.0_cosine,"lr1e-05,wd0.0",1871755669.8668647,0.0037435113655268737
[24],2,"lr=1e-05, wd=0.01",5,layer4_lr1e-05_hd128_wd0.01_cosine,"lr1e-05,wd0.01",57346577.18055451,0.00011469318015425307
[24],2,"lr=1e-05, wd=0.01",5,layer4_lr3e-05_hd128_wd0.0_cosine,"lr3e-05,wd0.0",400268443.76141346,0.0008005369133159709
[24],2,"lr=1e-05, wd=0.01",5,layer4_lr3e-05_hd128_wd0.01_cosine,"lr3e-05,wd0.01",19528794.913858242,3.905761562086053e-05
[24],2,"lr=1e-05, wd=0.01",5,layer4_lr0.0001_hd128_wd0.0_cosine,"lr0.0001,wd0.0",1455206831.7411425,0.0029104136892754294
[24],2,"lr=1e-05, wd=0.01",5,layer4_lr0.0001_hd128_wd0.01_cosine,"lr0.0001,wd0.01",2752858.3498390256,5.505742492822101e-06
[24],2,"lr=1e-05, wd=0.01",5,layer4_lr0.0003_hd128_wd0.0_cosine,"lr0.0003,wd0.0",12688061273.772509,0.02537612257333816
[24],2,"lr=1e-05, wd=0.01",5,layer4_lr0.0003_hd128_wd0.01_cosine,"lr0.0003,wd0.01",38787466.25811816,7.757495830938036e-05
[24],2,"lr=1e-05, wd=0.01",5,layer4_lr0.001_hd128_wd0.0_cosine,"lr0.001,wd0.0",20702762027.980015,0.04140552408175317
[24],2,"lr=1e-05, wd=0.01",5,layer4_lr0.001_hd128_wd0.01_cosine,"lr0.001,wd0.01",2968561930.76717,0.005937123887327484
[24],2,"lr=1e-05, wd=0.01",5,layer4_lr0.003_hd128_wd0.0_cosine,"lr0.003,wd0.0",21220144249.710518,0.04244028852521418
[24],2,"lr=1e-05, wd=0.01",5,layer4_lr0.003_hd128_wd0.01_cosine,"lr0.003,wd0.01",7055021950.866255,0.014110043927525654
[24],2,"lr=1e-05, wd=0.01",10,layer4_lr1e-05_hd128_wd0.0_cosine,"lr1e-05,wd0.0",1691319812.0758708,0.003382639649944886
[24],2,"lr=1e-05, wd=0.01",10,layer4_lr1e-05_hd128_wd0.01_cosine,"lr1e-05,wd0.01",1097103106.0140626,0.0021942062378212694
[24],2,"lr=1e-05, wd=0.01",10,layer4_lr3e-05_hd128_wd0.0_cosine,"lr3e-05,wd0.0",191020978.66164678,0.0003820419831164376
[24],2,"lr=1e-05, wd=0.01",10,layer4_lr3e-05_hd128_wd0.01_cosine,"lr3e-05,wd0.01",136466608.73455706,0.00027293324326225815
[24],2,"lr=1e-05, wd=0.01",10,layer4_lr0.0001_hd128_wd0.0_cosine,"lr0.0001,wd0.0",3177059486.294408,0.006354118998381959
[24],2,"lr=1e-05, wd=0.01",10,layer4_lr0.0001_hd128_wd0.01_cosine,"lr0.0001,wd0.01",248991833.78955832,0.0004979836933722607
[24],2,"lr=1e-05, wd=0.01",10,layer4_lr0.0003_hd128_wd0.0_cosine,"lr0.0003,wd0.0",15006597028.660118,0.03001319408311338
[24],2,"lr=1e-05, wd=0.01",10,layer4_lr0.0003_hd128_wd0.01_cosine,"lr0.0003,wd0.01",239086566.13266042,0.0004781731580584649
[24],2,"lr=1e-05, wd=0.01",10,layer4_lr0.001_hd128_wd0.0_cosine,"lr0.001,wd0.0",17336147780.995033,0.03467229558778321
[24],2,"lr=1e-05, wd=0.01",10,layer4_lr0.001_hd128_wd0.01_cosine,"lr0.001,wd0.01",6680170.392180886,1.336036657750582e-05
[24],2,"lr=1e-05, wd=0.01",10,layer4_lr0.003_hd128_wd0.0_cosine,"lr0.003,wd0.0",9352417404.014116,0.018704834833821377
[24],2,"lr=1e-05, wd=0.01",10,layer4_lr0.003_hd128_wd0.01_cosine,"lr0.003,wd0.01",7370645.617974993,1.4741317029094034e-05
[24],2,"lr=1e-05, wd=0.01",20,layer4_lr1e-05_hd128_wd0.0_cosine,"lr1e-05,wd0.0",2283162.7609431455,4.5663513150303404e-06
[24],2,"lr=1e-05, wd=0.01",20,layer4_lr1e-05_hd128_wd0.01_cosine,"lr1e-05,wd0.01",60039587.25267594,0.00012007920029849593
[24],2,"lr=1e-05, wd=0.01",20,layer4_lr3e-05_hd128_wd0.0_cosine,"lr3e-05,wd0.0",99174942.48167266,0.00019834991075648936
[24],2,"lr=1e-05, wd=0.01",20,layer4_lr3e-05_hd128_wd0.01_cosine,"lr3e-05,wd0.01",5330115.140995735,1.0660256075135519e-05
[24],2,"lr=1e-05, wd=0.01",20,layer4_lr0.0001_hd128_wd0.0_cosine,"lr0.0001,wd0.0",3911663399.8687663,0.007823326825530677
[24],2,"lr=1e-05, wd=0.01",20,layer4_lr0.0001_hd128_wd0.01_cosine,"lr0.0001,wd0.01",272982721.17312473,0.0005459654681393936
[24],2,"lr=1e-05, wd=0.01",20,layer4_lr0.0003_hd128_wd0.0_cosine,"lr0.0003,wd0.0",11588219663.395117,0.023176439352583376
[24],2,"lr=1e-05, wd=0.01",20,layer4_lr0.0003_hd128_wd0.01_cosine,"lr0.0003,wd0.01",203962918.56693906,0.00040792586292702216
[24],2,"lr=1e-05, wd=0.01",20,layer4_lr0.001_hd128_wd0.0_cosine,"lr0.001,wd0.0",13552406785.622894,0.027104813597038934
[24],2,"lr=1e-05, wd=0.01",20,layer4_lr0.001_hd128_wd0.01_cosine,"lr0.001,wd0.01",193180775.52799273,0.0003863615768491295
[24],2,"lr=1e-05, wd=0.01",20,layer4_lr0.003_hd128_wd0.0_cosine,"lr0.003,wd0.0",9305282558.88271,0.018610565143558563
[24],2,"lr=1e-05, wd=0.01",20,layer4_lr0.003_hd128_wd0.01_cosine,"lr0.003,wd0.01",3509446246.141158,0.007018892518075461
[24],2,"lr=1e-05, wd=0.01",50,layer4_lr1e-05_hd128_wd0.0_cosine,"lr1e-05,wd0.0",27215701.51999614,5.443142883313633e-05
[24],2,"lr=1e-05, wd=0.01",50,layer4_lr1e-05_hd128_wd0.01_cosine,"lr1e-05,wd0.01",14716364.384491423,2.9432754562126898e-05
[24],2,"lr=1e-05, wd=0.01",50,layer4_lr3e-05_hd128_wd0.0_cosine,"lr3e-05,wd0.0",87946285.49586764,0.00017589259678487933
[24],2,"lr=1e-05, wd=0.01",50,layer4_lr3e-05_hd128_wd0.01_cosine,"lr3e-05,wd0.01",42098973.01116998,8.4197971815484e-05
[24],2,"lr=1e-05, wd=0.01",50,layer4_lr0.0001_hd128_wd0.0_cosine,"lr0.0001,wd0.0",687662049.3296115,0.001375324124452367
[24],2,"lr=1e-05, wd=0.01",50,layer4_lr0.0001_hd128_wd0.01_cosine,"lr0.0001,wd0.01",5181217.089551821,1.0362459972247692e-05
[24],2,"lr=1e-05, wd=0.01",50,layer4_lr0.0003_hd128_wd0.0_cosine,"lr0.0003,wd0.0",1581725797.800505,0.003163451621394154
[24],2,"lr=1e-05, wd=0.01",50,layer4_lr0.0003_hd128_wd0.01_cosine,"lr0.0003,wd0.01",1136918.2223711591,2.273862237886368e-06
[24],2,"lr=1e-05, wd=0.01",50,layer4_lr0.001_hd128_wd0.0_cosine,"lr0.001,wd0.0",949085969.9878069,0.0018981719657687579
[24],2,"lr=1e-05, wd=0.01",50,layer4_lr0.001_hd128_wd0.01_cosine,"lr0.001,wd0.01",1062063077.9312493,0.0021241261816556424
[24],2,"lr=1e-05, wd=0.01",50,layer4_lr0.003_hd128_wd0.0_cosine,"lr0.003,wd0.0",2872467547.0437264,0.005744935119880597
[24],2,"lr=1e-05, wd=0.01",50,layer4_lr0.003_hd128_wd0.01_cosine,"lr0.003,wd0.01",3978095381.605445,0.007956190789004034
[24],2,"lr=1e-05, wd=0.01",90,layer4_lr1e-05_hd128_wd0.0_cosine,"lr1e-05,wd0.0",25785588.687589504,5.157120316832305e-05
[24],2,"lr=1e-05, wd=0.01",90,layer4_lr1e-05_hd128_wd0.01_cosine,"lr1e-05,wd0.01",4930674.058239472,9.861373909622993e-06
[24],2,"lr=1e-05, wd=0.01",90,layer4_lr3e-05_hd128_wd0.0_cosine,"lr3e-05,wd0.0",13230205.314578274,2.64604364223006e-05
[24],2,"lr=1e-05, wd=0.01",90,layer4_lr3e-05_hd128_wd0.01_cosine,"lr3e-05,wd0.01",3539524.137683796,7.079074068511642e-06
[24],2,"lr=1e-05, wd=0.01",90,layer4_lr0.0001_hd128_wd0.0_cosine,"lr0.0001,wd0.0",13276360.39491674,2.655274658297753e-05
[24],2,"lr=1e-05, wd=0.01",90,layer4_lr0.0001_hd128_wd0.01_cosine,"lr0.0001,wd0.01",9076954.657503087,1.8153935108150225e-05
[24],2,"lr=1e-05, wd=0.01",90,layer4_lr0.0003_hd128_wd0.0_cosine,"lr0.0003,wd0.0",132541959.5676484,0.00026508394492844083
[24],2,"lr=1e-05, wd=0.01",90,layer4_lr0.0003_hd128_wd0.01_cosine,"lr0.0003,wd0.01",3775290.143260263,7.550606079664575e-06
[24],2,"lr=1e-05, wd=0.01",90,layer4_lr0.001_hd128_wd0.0_cosine,"lr0.001,wd0.0",811261882.385915,0.001622523790564974
[24],2,"lr=1e-05, wd=0.01",90,layer4_lr0.001_hd128_wd0.01_cosine,"lr0.001,wd0.01",2161448.9690620517,4.322923731268152e-06
[24],2,"lr=1e-05, wd=0.01",90,layer4_lr0.003_hd128_wd0.0_cosine,"lr0.003,wd0.0",581669897.0980301,0.0011633398199892041
[24],2,"lr=1e-05, wd=0.01",90,layer4_lr0.003_hd128_wd0.01_cosine,"lr0.003,wd0.01",160047774.186858,0.00032009557416686006
[24],3,"lr=3e-05, wd=0.0",0,layer4_lr1e-05_hd128_wd0.0_cosine,"lr1e-05,wd0.0",4321121022.074524,0.008642242069942192
[24],3,"lr=3e-05, wd=0.0",0,layer4_lr1e-05_hd128_wd0.01_cosine,"lr1e-05,wd0.01",855072374.3606982,0.0017101447745145404
[24],3,"lr=3e-05, wd=0.0",0,layer4_lr3e-05_hd128_wd0.0_cosine,"lr3e-05,wd0.0",10626402786.888292,0.021252805599569727
[24],3,"lr=3e-05, wd=0.0",0,layer4_lr3e-05_hd128_wd0.01_cosine,"lr3e-05,wd0.01",3495228343.886601,0.006990456713566346
[24],3,"lr=3e-05, wd=0.0",0,layer4_lr0.0001_hd128_wd0.0_cosine,"lr0.0001,wd0.0",6877461707.203483,0.01375492344020011
[24],3,"lr=3e-05, wd=0.0",0,layer4_lr0.0001_hd128_wd0.01_cosine,"lr0.0001,wd0.01",6191029986.715283,0.012382059999223712
[24],3,"lr=3e-05, wd=0.0",0,layer4_lr0.0003_hd128_wd0.0_cosine,"lr0.0003,wd0.0",1300432118.0305014,0.002600864261854147
[24],3,"lr=3e-05, wd=0.0",0,layer4_lr0.0003_hd128_wd0.01_cosine,"lr0.0003,wd0.01",6897713963.180776,0.013795427952154696
[24],3,"lr=3e-05, wd=0.0",0,layer4_lr0.001_hd128_wd0.0_cosine,"lr0.001,wd0.0",228302781.11397365,0.00045660558802109136
[24],3,"lr=3e-05, wd=0.0",0,layer4_lr0.001_hd128_wd0.01_cosine,"lr0.001,wd0.01",5987668681.9333725,0.011975337389659889
[24],3,"lr=3e-05, wd=0.0",0,layer4_lr0.003_hd128_wd0.0_cosine,"lr0.003,wd0.0",509811372.178018,0.00101962277014918
[24],3,"lr=3e-05, wd=0.0",0,layer4_lr0.003_hd128_wd0.01_cosine,"lr0.003,wd0.01",4122814905.117067,0.008245629836027278
[24],3,"lr=3e-05, wd=0.0",5,layer4_lr1e-05_hd128_wd0.0_cosine,"lr1e-05,wd0.0",1267865695.8997314,0.002535731417592607
[24],3,"lr=3e-05, wd=0.0",5,layer4_lr1e-05_hd128_wd0.01_cosine,"lr1e-05,wd0.01",40362670.23807189,8.072536626928782e-05
[24],3,"lr=3e-05, wd=0.0",5,layer4_lr3e-05_hd128_wd0.0_cosine,"lr3e-05,wd0.0",199989516.9492325,0.00039997905969160904
[24],3,"lr=3e-05, wd=0.0",5,layer4_lr3e-05_hd128_wd0.01_cosine,"lr3e-05,wd0.01",9229720.240329895,1.845946627380384e-05
[24],3,"lr=3e-05, wd=0.0",5,layer4_lr0.0001_hd128_wd0.0_cosine,"lr0.0001,wd0.0",1766275180.878937,0.003532550387551018
[24],3,"lr=3e-05, wd=0.0",5,layer4_lr0.0001_hd128_wd0.01_cosine,"lr0.0001,wd0.01",62005069.898548916,0.00012401016559024188
[24],3,"lr=3e-05, wd=0.0",5,layer4_lr0.0003_hd128_wd0.0_cosine,"lr0.0003,wd0.0",11689081657.148865,0.023378163340090873
[24],3,"lr=3e-05, wd=0.0",5,layer4_lr0.0003_hd128_wd0.01_cosine,"lr0.0003,wd0.01",57060354.639076225,0.0001141207350712965
[24],3,"lr=3e-05, wd=0.0",5,layer4_lr0.001_hd128_wd0.0_cosine,"lr0.001,wd0.0",21326930860.371136,0.04265386174653542
[24],3,"lr=3e-05, wd=0.0",5,layer4_lr0.001_hd128_wd0.01_cosine,"lr0.001,wd0.01",3869068045.1252403,0.007738136116043625
[24],3,"lr=3e-05, wd=0.0",5,layer4_lr0.003_hd128_wd0.0_cosine,"lr0.003,wd0.0",21133919215.531357,0.04226783845685586
[24],3,"lr=3e-05, wd=0.0",5,layer4_lr0.003_hd128_wd0.01_cosine,"lr0.003,wd0.01",5748156665.555513,0.01149631335690417
[24],3,"lr=3e-05, wd=0.0",10,layer4_lr1e-05_hd128_wd0.0_cosine,"lr1e-05,wd0.0",1153410844.372525,0.002306821714538194
[24],3,"lr=3e-05, wd=0.0",10,layer4_lr1e-05_hd128_wd0.01_cosine,"lr1e-05,wd0.01",221038030.90609956,0.00044207608760534313
[24],3,"lr=3e-05, wd=0.0",10,layer4_lr3e-05_hd128_wd0.0_cosine,"lr3e-05,wd0.0",68632730.43501863,0.0001372654866631813
[24],3,"lr=3e-05, wd=0.0",10,layer4_lr3e-05_hd128_wd0.01_cosine,"lr3e-05,wd0.01",282012579.16476494,0.0005640251841226739
[24],3,"lr=3e-05, wd=0.0",10,layer4_lr0.0001_hd128_wd0.0_cosine,"lr0.0001,wd0.0",2614820754.0974793,0.005229641533988103
[24],3,"lr=3e-05, wd=0.0",10,layer4_lr0.0001_hd128_wd0.01_cosine,"lr0.0001,wd0.01",332429443.01487154,0.0006648589118228872
[24],3,"lr=3e-05, wd=0.0",10,layer4_lr0.0003_hd128_wd0.0_cosine,"lr0.0003,wd0.0",12904200923.023766,0.025808401871840674
[24],3,"lr=3e-05, wd=0.0",10,layer4_lr0.0003_hd128_wd0.01_cosine,"lr0.0003,wd0.01",313496907.03504467,0.0006269938398632334
[24],3,"lr=3e-05, wd=0.0",10,layer4_lr0.001_hd128_wd0.0_cosine,"lr0.001,wd0.0",15486649341.130524,0.03097329870805419
[24],3,"lr=3e-05, wd=0.0",10,layer4_lr0.001_hd128_wd0.01_cosine,"lr0.001,wd0.01",81833244.10714394,0.00016366651400743192
[24],3,"lr=3e-05, wd=0.0",10,layer4_lr0.003_hd128_wd0.0_cosine,"lr0.003,wd0.0",8846495472.400513,0.01769299097059417
[24],3,"lr=3e-05, wd=0.0",10,layer4_lr0.003_hd128_wd0.01_cosine,"lr0.003,wd0.01",81825285.92008814,0.00016365059763332032
[24],3,"lr=3e-05, wd=0.0",20,layer4_lr1e-05_hd128_wd0.0_cosine,"lr1e-05,wd0.0",389702639.5839009,0.000779405304960946
[24],3,"lr=3e-05, wd=0.0",20,layer4_lr1e-05_hd128_wd0.01_cosine,"lr1e-05,wd0.01",27046526.31872129,5.409307843058663e-05
[24],3,"lr=3e-05, wd=0.0",20,layer4_lr3e-05_hd128_wd0.0_cosine,"lr3e-05,wd0.0",47142562.662713714,9.428515111857147e-05
[24],3,"lr=3e-05, wd=0.0",20,layer4_lr3e-05_hd128_wd0.01_cosine,"lr3e-05,wd0.01",12648805.829593189,2.5297637452330428e-05
[24],3,"lr=3e-05, wd=0.0",20,layer4_lr0.0001_hd128_wd0.0_cosine,"lr0.0001,wd0.0",3436507031.0081663,0.006873014087809477
[24],3,"lr=3e-05, wd=0.0",20,layer4_lr0.0001_hd128_wd0.01_cosine,"lr0.0001,wd0.01",224351840.7512189,0.0004487037072955818
[24],3,"lr=3e-05, wd=0.0",20,layer4_lr0.0003_hd128_wd0.0_cosine,"lr0.0003,wd0.0",10708430583.100075,0.021416861191993295
[24],3,"lr=3e-05, wd=0.0",20,layer4_lr0.0003_hd128_wd0.01_cosine,"lr0.0003,wd0.01",127045024.88064533,0.0002540900755544347
[24],3,"lr=3e-05, wd=0.0",20,layer4_lr0.001_hd128_wd0.0_cosine,"lr0.001,wd0.0",12872836347.767033,0.02574567272132721
[24],3,"lr=3e-05, wd=0.0",20,layer4_lr0.001_hd128_wd0.01_cosine,"lr0.001,wd0.01",62137908.705409564,0.00012427584320396317
[24],3,"lr=3e-05, wd=0.0",20,layer4_lr0.003_hd128_wd0.0_cosine,"lr0.003,wd0.0",8716613279.90899,0.017433226585611125
[24],3,"lr=3e-05, wd=0.0",20,layer4_lr0.003_hd128_wd0.01_cosine,"lr0.003,wd0.01",4489520396.650511,0.008979040819094166
[24],3,"lr=3e-05, wd=0.0",50,layer4_lr1e-05_hd128_wd0.0_cosine,"lr1e-05,wd0.0",33732110.049164705,6.746424589147346e-05
[24],3,"lr=3e-05, wd=0.0",50,layer4_lr1e-05_hd128_wd0.01_cosine,"lr1e-05,wd0.01",7711891.587096453,1.5423808967336954e-05
[24],3,"lr=3e-05, wd=0.0",50,layer4_lr3e-05_hd128_wd0.0_cosine,"lr3e-05,wd0.0",74416333.52282853,0.00014883269283880112
[24],3,"lr=3e-05, wd=0.0",50,layer4_lr3e-05_hd128_wd0.01_cosine,"lr3e-05,wd0.01",21423002.883722577,4.28460315605892e-05
[24],3,"lr=3e-05, wd=0.0",50,layer4_lr0.0001_hd128_wd0.0_cosine,"lr0.0001,wd0.0",805469955.1629586,0.0016109399361190612
[24],3,"lr=3e-05, wd=0.0",50,layer4_lr0.0001_hd128_wd0.01_cosine,"lr0.0001,wd0.01",3620208.586931775,7.240442967007599e-06
[24],3,"lr=3e-05, wd=0.0",50,layer4_lr0.0003_hd128_wd0.0_cosine,"lr0.0003,wd0.0",1383449727.7919111,0.0027668994813769662
[24],3,"lr=3e-05, wd=0.0",50,layer4_lr0.0003_hd128_wd0.01_cosine,"lr0.0003,wd0.01",147669.50387100127,2.9536480088605206e-07
[24],3,"lr=3e-05, wd=0.0",50,layer4_lr0.001_hd128_wd0.0_cosine,"lr0.001,wd0.0",539997858.1355577,0.0010799957420642593
[24],3,"lr=3e-05, wd=0.0",50,layer4_lr0.001_hd128_wd0.01_cosine,"lr0.001,wd0.01",1052828589.2715935,0.0021056572043363308
[24],3,"lr=3e-05, wd=0.0",50,layer4_lr0.003_hd128_wd0.0_cosine,"lr0.003,wd0.0",3020768788.3005342,0.006041537602394212
[24],3,"lr=3e-05, wd=0.0",50,layer4_lr0.003_hd128_wd0.01_cosine,"lr0.003,wd0.01",4284960482.020898,0.00856992098983494
[24],3,"lr=3e-05, wd=0.0",90,layer4_lr1e-05_hd128_wd0.0_cosine,"lr1e-05,wd0.0",4575276.819601427,9.150579432346903e-06
[24],3,"lr=3e-05, wd=0.0",90,layer4_lr1e-05_hd128_wd0.01_cosine,"lr1e-05,wd0.01",1471444.1322065906,2.9429140575572307e-06
[24],3,"lr=3e-05, wd=0.0",90,layer4_lr3e-05_hd128_wd0.0_cosine,"lr3e-05,wd0.0",16321875.891465316,3.264377757607468e-05
[24],3,"lr=3e-05, wd=0.0",90,layer4_lr3e-05_hd128_wd0.01_cosine,"lr3e-05,wd0.01",3766191.833426935,7.532409459997919e-06
[24],3,"lr=3e-05, wd=0.0",90,layer4_lr0.0001_hd128_wd0.0_cosine,"lr0.0001,wd0.0",14582058.79047314,2.916414337409033e-05
[24],3,"lr=3e-05, wd=0.0",90,layer4_lr0.0001_hd128_wd0.01_cosine,"lr0.0001,wd0.01",6156316.630654246,1.231265905445254e-05
[24],3,"lr=3e-05, wd=0.0",90,layer4_lr0.0003_hd128_wd0.0_cosine,"lr0.0003,wd0.0",128907722.7940013,0.0002578154713811466
[24],3,"lr=3e-05, wd=0.0",90,layer4_lr0.0003_hd128_wd0.01_cosine,"lr0.0003,wd0.01",10943301.253101176,2.1886628299346402e-05
[24],3,"lr=3e-05, wd=0.0",90,layer4_lr0.001_hd128_wd0.0_cosine,"lr0.001,wd0.0",793561188.4848101,0.0015871224027627642
[24],3,"lr=3e-05, wd=0.0",90,layer4_lr0.001_hd128_wd0.01_cosine,"lr0.001,wd0.01",25565128.053355705,5.1130281899855455e-05
[24],3,"lr=3e-05, wd=0.0",90,layer4_lr0.003_hd128_wd0.0_cosine,"lr0.003,wd0.0",508060601.49182105,0.0010161212287767862
[24],3,"lr=3e-05, wd=0.0",90,layer4_lr0.003_hd128_wd0.01_cosine,"lr0.003,wd0.01",540900830.7113643,0.0010818016872158724
[24],4,"lr=3e-05, wd=0.01",0,layer4_lr1e-05_hd128_wd0.0_cosine,"lr1e-05,wd0.0",6854582780.493863,0.013709165586780871
[24],4,"lr=3e-05, wd=0.01",0,layer4_lr1e-05_hd128_wd0.01_cosine,"lr1e-05,wd0.01",2137724386.0841606,0.004275448797961465
[24],4,"lr=3e-05, wd=0.01",0,layer4_lr3e-05_hd128_wd0.0_cosine,"lr3e-05,wd0.0",14310007378.494993,0.02862001478278313
[24],4,"lr=3e-05, wd=0.01",0,layer4_lr3e-05_hd128_wd0.01_cosine,"lr3e-05,wd0.01",5666960377.230757,0.011333920780254657
[24],4,"lr=3e-05, wd=0.01",0,layer4_lr0.0001_hd128_wd0.0_cosine,"lr0.0001,wd0.0",9841857974.207905,0.019683715974208954
[24],4,"lr=3e-05, wd=0.01",0,layer4_lr0.0001_hd128_wd0.01_cosine,"lr0.0001,wd0.01",8925170572.81421,0.017850341171421567
[24],4,"lr=3e-05, wd=0.01",0,layer4_lr0.0003_hd128_wd0.0_cosine,"lr0.0003,wd0.0",2727335929.455502,0.005454671884704148
[24],4,"lr=3e-05, wd=0.01",0,layer4_lr0.0003_hd128_wd0.01_cosine,"lr0.0003,wd0.01",9813944099.70434,0.019627888225201826
[24],4,"lr=3e-05, wd=0.01",0,layer4_lr0.001_hd128_wd0.0_cosine,"lr0.001,wd0.0",978960957.6365302,0.001957921941066204
[24],4,"lr=3e-05, wd=0.01",0,layer4_lr0.001_hd128_wd0.01_cosine,"lr0.001,wd0.01",8807708060.70425,0.017615416147201645
[24],4,"lr=3e-05, wd=0.01",0,layer4_lr0.003_hd128_wd0.0_cosine,"lr0.003,wd0.0",1523727815.3836336,0.003047455656560411
[24],4,"lr=3e-05, wd=0.01",0,layer4_lr0.003_hd128_wd0.01_cosine,"lr0.003,wd0.01",6578026418.032636,0.013156052861858416
[24],4,"lr=3e-05, wd=0.01",5,layer4_lr1e-05_hd128_wd0.0_cosine,"lr1e-05,wd0.0",2007924151.8635833,0.004015848329520311
[24],4,"lr=3e-05, wd=0.01",5,layer4_lr1e-05_hd128_wd0.01_cosine,"lr1e-05,wd0.01",129360764.89412001,0.00025872155558138407
[24],4,"lr=3e-05, wd=0.01",5,layer4_lr3e-05_hd128_wd0.0_cosine,"lr3e-05,wd0.0",353454413.6094375,0.0007069088530120191
[24],4,"lr=3e-05, wd=0.01",5,layer4_lr3e-05_hd128_wd0.01_cosine,"lr3e-05,wd0.01",13356310.423107913,2.6712646639359877e-05
[24],4,"lr=3e-05, wd=0.01",5,layer4_lr0.0001_hd128_wd0.0_cosine,"lr0.0001,wd0.0",1146662675.6898615,0.0022933253771728673
[24],4,"lr=3e-05, wd=0.01",5,layer4_lr0.0001_hd128_wd0.01_cosine,"lr0.0001,wd0.01",5927491.065271687,1.1855007923687423e-05
[24],4,"lr=3e-05, wd=0.01",5,layer4_lr0.0003_hd128_wd0.0_cosine,"lr0.0003,wd0.0",10875911682.65359,0.021751823391100322
[24],4,"lr=3e-05, wd=0.01",5,layer4_lr0.0003_hd128_wd0.01_cosine,"lr0.0003,wd0.01",5513427.398083447,1.1026880589310942e-05
[24],4,"lr=3e-05, wd=0.01",5,layer4_lr0.001_hd128_wd0.0_cosine,"lr0.001,wd0.0",19613406739.729492,0.039226813505252124
[24],4,"lr=3e-05, wd=0.01",5,layer4_lr0.001_hd128_wd0.01_cosine,"lr0.001,wd0.01",2942220577.498159,0.005884441180789462
[24],4,"lr=3e-05, wd=0.01",5,layer4_lr0.003_hd128_wd0.0_cosine,"lr0.003,wd0.0",19329745526.944874,0.03865949107968289
[24],4,"lr=3e-05, wd=0.01",5,layer4_lr0.003_hd128_wd0.01_cosine,"lr0.003,wd0.01",6589933996.217076,0.013179868018227297
[24],4,"lr=3e-05, wd=0.01",10,layer4_lr1e-05_hd128_wd0.0_cosine,"lr1e-05,wd0.0",1869249036.4075017,0.0037384980986081475
[24],4,"lr=3e-05, wd=0.01",10,layer4_lr1e-05_hd128_wd0.01_cosine,"lr1e-05,wd0.01",745338745.9740818,0.0014906775177413074
[24],4,"lr=3e-05, wd=0.01",10,layer4_lr3e-05_hd128_wd0.0_cosine,"lr3e-05,wd0.0",164720086.28202546,0.00032944019835719494
[24],4,"lr=3e-05, wd=0.01",10,layer4_lr3e-05_hd128_wd0.01_cosine,"lr3e-05,wd0.01",142459443.52507317,0.0002849189128432904
[24],4,"lr=3e-05, wd=0.01",10,layer4_lr0.0001_hd128_wd0.0_cosine,"lr0.0001,wd0.0",2363441786.074916,0.004726883597942976
[24],4,"lr=3e-05, wd=0.01",10,layer4_lr0.0001_hd128_wd0.01_cosine,"lr0.0001,wd0.01",190328411.52336833,0.0003806568488398807
[24],4,"lr=3e-05, wd=0.01",10,layer4_lr0.0003_hd128_wd0.0_cosine,"lr0.0003,wd0.0",12458659218.50509,0.024917318462803324
[24],4,"lr=3e-05, wd=0.01",10,layer4_lr0.0003_hd128_wd0.01_cosine,"lr0.0003,wd0.01",166610696.35842597,0.000333221418509996
[24],4,"lr=3e-05, wd=0.01",10,layer4_lr0.001_hd128_wd0.0_cosine,"lr0.001,wd0.0",15205829779.37729,0.030411659584547727
[24],4,"lr=3e-05, wd=0.01",10,layer4_lr0.001_hd128_wd0.01_cosine,"lr0.001,wd0.01",136981730.51068076,0.0002739634868145056
[24],4,"lr=3e-05, wd=0.01",10,layer4_lr0.003_hd128_wd0.0_cosine,"lr0.003,wd0.0",8473366318.480921,0.016946732662754985
[24],4,"lr=3e-05, wd=0.01",10,layer4_lr0.003_hd128_wd0.01_cosine,"lr0.003,wd0.01",2870568.513601041,5.741162820346131e-06
[24],4,"lr=3e-05, wd=0.01",20,layer4_lr1e-05_hd128_wd0.0_cosine,"lr1e-05,wd0.0",629435634.9366192,0.0012588712956663824
[24],4,"lr=3e-05, wd=0.01",20,layer4_lr1e-05_hd128_wd0.01_cosine,"lr1e-05,wd0.01",150385175.07859913,0.0003007703759503423
[24],4,"lr=3e-05, wd=0.01",20,layer4_lr3e-05_hd128_wd0.0_cosine,"lr3e-05,wd0.0",54694693.4702881,0.00010938941273372024
[24],4,"lr=3e-05, wd=0.01",20,layer4_lr3e-05_hd128_wd0.01_cosine,"lr3e-05,wd0.01",3235301.0968680847,6.470627986880219e-06
[24],4,"lr=3e-05, wd=0.01",20,layer4_lr0.0001_hd128_wd0.0_cosine,"lr0.0001,wd0.0",3355254118.6090517,0.006710508263011248
[24],4,"lr=3e-05, wd=0.01",20,layer4_lr0.0001_hd128_wd0.01_cosine,"lr0.0001,wd0.01",189733946.91899392,0.00037946791963113186
[24],4,"lr=3e-05, wd=0.01",20,layer4_lr0.0003_hd128_wd0.0_cosine,"lr0.0003,wd0.0",10592335312.169952,0.021184670650133047
[24],4,"lr=3e-05, wd=0.01",20,layer4_lr0.0003_hd128_wd0.01_cosine,"lr0.0003,wd0.01",88153680.91923457,0.0001763073876316132
[24],4,"lr=3e-05, wd=0.01",20,layer4_lr0.001_hd128_wd0.0_cosine,"lr0.001,wd0.0",12805947578.457323,0.02561189518270779
[24],4,"lr=3e-05, wd=0.01",20,layer4_lr0.001_hd128_wd0.01_cosine,"lr0.001,wd0.01",25268070.031185016,5.0536165855514075e-05
[24],4,"lr=3e-05, wd=0.01",20,layer4_lr0.003_hd128_wd0.0_cosine,"lr0.003,wd0.0",8581966589.1068735,0.01716393320400689
[24],4,"lr=3e-05, wd=0.01",20,layer4_lr0.003_hd128_wd0.01_cosine,"lr0.003,wd0.01",4475062947.502331,0.008950125920797806
[24],4,"lr=3e-05, wd=0.01",50,layer4_lr1e-05_hd128_wd0.0_cosine,"lr1e-05,wd0.0",15257152.076394763,3.0514329945933578e-05
[24],4,"lr=3e-05, wd=0.01",50,layer4_lr1e-05_hd128_wd0.01_cosine,"lr1e-05,wd0.01",8693479.150726765,1.7386984094597582e-05
[24],4,"lr=3e-05, wd=0.01",50,layer4_lr3e-05_hd128_wd0.0_cosine,"lr3e-05,wd0.0",78543379.94591703,0.0001570867856849781
[24],4,"lr=3e-05, wd=0.01",50,layer4_lr3e-05_hd128_wd0.01_cosine,"lr3e-05,wd0.01",30631270.014252037,6.126256582164812e-05
[24],4,"lr=3e-05, wd=0.01",50,layer4_lr0.0001_hd128_wd0.0_cosine,"lr0.0001,wd0.0",794534421.5793871,0.0015890688689519181
[24],4,"lr=3e-05, wd=0.01",50,layer4_lr0.0001_hd128_wd0.01_cosine,"lr0.0001,wd0.01",4912626.296627546,9.82527838639914e-06
[24],4,"lr=3e-05, wd=0.01",50,layer4_lr0.0003_hd128_wd0.0_cosine,"lr0.0003,wd0.0",1464736653.1351907,0.0029294733320635257
[24],4,"lr=3e-05, wd=0.01",50,layer4_lr0.0003_hd128_wd0.01_cosine,"lr0.0003,wd0.01",4001.7711684940587,8.029335481037637e-09
[24],4,"lr=3e-05, wd=0.01",50,layer4_lr0.001_hd128_wd0.0_cosine,"lr0.001,wd0.0",690480785.9721127,0.0013809615977373694
[24],4,"lr=3e-05, wd=0.01",50,layer4_lr0.001_hd128_wd0.01_cosine,"lr0.001,wd0.01",1054834472.5451319,0.002109668970883408
[24],4,"lr=3e-05, wd=0.01",50,layer4_lr0.003_hd128_wd0.0_cosine,"lr0.003,wd0.0",3017510540.9566345,0.006035021107706413
[24],4,"lr=3e-05, wd=0.01",50,layer4_lr0.003_hd128_wd0.01_cosine,"lr0.003,wd0.01",4228689752.550631,0.008457379530894406
[24],4,"lr=3e-05, wd=0.01",90,layer4_lr1e-05_hd128_wd0.0_cosine,"lr1e-05,wd0.0",15680387.81066753,3.136080141447911e-05
[24],4,"lr=3e-05, wd=0.01",90,layer4_lr1e-05_hd128_wd0.01_cosine,"lr1e-05,wd0.01",90602.17610903339,1.812301453621163e-07
[24],4,"lr=3e-05, wd=0.01",90,layer4_lr3e-05_hd128_wd0.0_cosine,"lr3e-05,wd0.0",17998788.817365162,3.599760342787437e-05
[24],4,"lr=3e-05, wd=0.01",90,layer4_lr3e-05_hd128_wd0.01_cosine,"lr3e-05,wd0.01",6765016.869703017,1.3530059532550084e-05
[24],4,"lr=3e-05, wd=0.01",90,layer4_lr0.0001_hd128_wd0.0_cosine,"lr0.0001,wd0.0",14561563.561913738,2.9123152916971527e-05
[24],4,"lr=3e-05, wd=0.01",90,layer4_lr0.0001_hd128_wd0.01_cosine,"lr0.0001,wd0.01",8811566.851855617,1.7623159496855285e-05
[24],4,"lr=3e-05, wd=0.01",90,layer4_lr0.0003_hd128_wd0.0_cosine,"lr0.0003,wd0.0",133082290.1504194,0.00026616460609398283
[24],4,"lr=3e-05, wd=0.01",90,layer4_lr0.0003_hd128_wd0.01_cosine,"lr0.0003,wd0.01",6660364.312078783,1.3320754417301615e-05
[24],4,"lr=3e-05, wd=0.01",90,layer4_lr0.001_hd128_wd0.0_cosine,"lr0.001,wd0.0",794432833.1339948,0.0015888656920611335
[24],4,"lr=3e-05, wd=0.01",90,layer4_lr0.001_hd128_wd0.01_cosine,"lr0.001,wd0.01",5116990.740274419,1.0234007273692888e-05
[24],4,"lr=3e-05, wd=0.01",90,layer4_lr0.003_hd128_wd0.0_cosine,"lr0.003,wd0.0",521399134.6170047,0.0010427982950271535
[24],4,"lr=3e-05, wd=0.01",90,layer4_lr0.003_hd128_wd0.01_cosine,"lr0.003,wd0.01",358010076.0481979,0.00071602017788954
[24],5,"lr=1e-04, wd=0.0",0,layer4_lr1e-05_hd128_wd0.0_cosine,"lr1e-05,wd0.0",445034318.1192214,0.0008900686620315868
[24],5,"lr=1e-04, wd=0.0",0,layer4_lr1e-05_hd128_wd0.01_cosine,"lr1e-05,wd0.01",264754695.7340582,0.0005295094172612604
[24],5,"lr=1e-04, wd=0.0",0,layer4_lr3e-05_hd128_wd0.0_cosine,"lr3e-05,wd0.0",3544295049.8257875,0.007088590125444719
[24],5,"lr=1e-04, wd=0.0",0,layer4_lr3e-05_hd128_wd0.01_cosine,"lr3e-05,wd0.01",210021959.49092802,0.0004200439447750001
[24],5,"lr=1e-04, wd=0.0",0,layer4_lr0.0001_hd128_wd0.0_cosine,"lr0.0001,wd0.0",1524983477.6872854,0.003049966981167715
[24],5,"lr=1e-04, wd=0.0",0,layer4_lr0.0001_hd128_wd0.01_cosine,"lr0.0001,wd0.01",1169125943.7568524,0.002338251913306849
[24],5,"lr=1e-04, wd=0.0",0,layer4_lr0.0003_hd128_wd0.0_cosine,"lr0.0003,wd0.0",80534070.83460735,0.00016106816746235873
[24],5,"lr=1e-04, wd=0.0",0,layer4_lr0.0003_hd128_wd0.01_cosine,"lr0.0003,wd0.01",1442149683.806651,0.002884299393406446
[24],5,"lr=1e-04, wd=0.0",0,layer4_lr0.001_hd128_wd0.0_cosine,"lr0.001,wd0.0",953084117.6529747,0.0019061682610990935
[24],5,"lr=1e-04, wd=0.0",0,layer4_lr0.001_hd128_wd0.01_cosine,"lr0.001,wd0.01",995604547.0913206,0.0019912091199757852
[24],5,"lr=1e-04, wd=0.0",0,layer4_lr0.003_hd128_wd0.0_cosine,"lr0.003,wd0.0",570025779.5745422,0.0011400515849422283
[24],5,"lr=1e-04, wd=0.0",0,layer4_lr0.003_hd128_wd0.01_cosine,"lr0.003,wd0.01",322585407.6302099,0.000645170841053564
[24],5,"lr=1e-04, wd=0.0",5,layer4_lr1e-05_hd128_wd0.0_cosine,"lr1e-05,wd0.0",1504216340.8668585,0.003008432707526861
[24],5,"lr=1e-04, wd=0.0",5,layer4_lr1e-05_hd128_wd0.01_cosine,"lr1e-05,wd0.01",72764774.96506941,0.00014552957572328286
[24],5,"lr=1e-04, wd=0.0",5,layer4_lr3e-05_hd128_wd0.0_cosine,"lr3e-05,wd0.0",1286510435.7026212,0.0025730208971983864
[24],5,"lr=1e-04, wd=0.0",5,layer4_lr3e-05_hd128_wd0.01_cosine,"lr3e-05,wd0.01",13368573.421250097,2.6737172635644246e-05
[24],5,"lr=1e-04, wd=0.0",5,layer4_lr0.0001_hd128_wd0.0_cosine,"lr0.0001,wd0.0",222834752.44026583,0.00044566953067367573
[24],5,"lr=1e-04, wd=0.0",5,layer4_lr0.0001_hd128_wd0.01_cosine,"lr0.0001,wd0.01",256343531.71004796,0.0005126870892132399
[24],5,"lr=1e-04, wd=0.0",5,layer4_lr0.0003_hd128_wd0.0_cosine,"lr0.0003,wd0.0",7811118398.874414,0.015622236823541972
[24],5,"lr=1e-04, wd=0.0",5,layer4_lr0.0003_hd128_wd0.01_cosine,"lr0.0003,wd0.01",150324885.74341926,0.00030064979727998254
[24],5,"lr=1e-04, wd=0.0",5,layer4_lr0.001_hd128_wd0.0_cosine,"lr0.001,wd0.0",14381785690.162739,0.028763571406118623
[24],5,"lr=1e-04, wd=0.0",5,layer4_lr0.001_hd128_wd0.01_cosine,"lr0.001,wd0.01",200978642.99121097,0.00040195731177556596
[24],5,"lr=1e-04, wd=0.0",5,layer4_lr0.003_hd128_wd0.0_cosine,"lr0.003,wd0.0",12456519951.045797,0.02491303992788474
[24],5,"lr=1e-04, wd=0.0",5,layer4_lr0.003_hd128_wd0.01_cosine,"lr0.003,wd0.01",6753815051.245639,0.013507630128284421
[24],5,"lr=1e-04, wd=0.0",10,layer4_lr1e-05_hd128_wd0.0_cosine,"lr1e-05,wd0.0",2211357931.5454206,0.004422715888883985
[24],5,"lr=1e-04, wd=0.0",10,layer4_lr1e-05_hd128_wd0.01_cosine,"lr1e-05,wd0.01",1182176918.6175046,0.0023643538630281533
[24],5,"lr=1e-04, wd=0.0",10,layer4_lr3e-05_hd128_wd0.0_cosine,"lr3e-05,wd0.0",786994141.2354286,0.001573988308264001
[24],5,"lr=1e-04, wd=0.0",10,layer4_lr3e-05_hd128_wd0.01_cosine,"lr3e-05,wd0.01",10295.330278105936,2.061645370026139e-08
[24],5,"lr=1e-04, wd=0.0",10,layer4_lr0.0001_hd128_wd0.0_cosine,"lr0.0001,wd0.0",912350191.651647,0.0018247004090964378
[24],5,"lr=1e-04, wd=0.0",10,layer4_lr0.0001_hd128_wd0.01_cosine,"lr0.0001,wd0.01",14536821.945262978,2.9073669683670007e-05
[24],5,"lr=1e-04, wd=0.0",10,layer4_lr0.0003_hd128_wd0.0_cosine,"lr0.0003,wd0.0",9256281377.802938,0.01851256278139902
[24],5,"lr=1e-04, wd=0.0",10,layer4_lr0.0003_hd128_wd0.01_cosine,"lr0.0003,wd0.01",4288081.216554792,8.576188226253632e-06
[24],5,"lr=1e-04, wd=0.0",10,layer4_lr0.001_hd128_wd0.0_cosine,"lr0.001,wd0.0",11726005004.27208,0.023452010034337303
[24],5,"lr=1e-04, wd=0.0",10,layer4_lr0.001_hd128_wd0.01_cosine,"lr0.001,wd0.01",655934063.4767537,0.0013118681527466514
[24],5,"lr=1e-04, wd=0.0",10,layer4_lr0.003_hd128_wd0.0_cosine,"lr0.003,wd0.0",5772901521.504665,0.011545803068802474
[24],5,"lr=1e-04, wd=0.0",10,layer4_lr0.003_hd128_wd0.01_cosine,"lr0.003,wd0.01",1839215859.9012995,0.003678431745595743
[24],5,"lr=1e-04, wd=0.0",20,layer4_lr1e-05_hd128_wd0.0_cosine,"lr1e-05,wd0.0",839552394.301625,0.001679104814396394
[24],5,"lr=1e-04, wd=0.0",20,layer4_lr1e-05_hd128_wd0.01_cosine,"lr1e-05,wd0.01",220956068.52072755,0.00044191216283459914
[24],5,"lr=1e-04, wd=0.0",20,layer4_lr3e-05_hd128_wd0.0_cosine,"lr3e-05,wd0.0",212182828.5050746,0.00042436568280329324
[24],5,"lr=1e-04, wd=0.0",20,layer4_lr3e-05_hd128_wd0.01_cosine,"lr3e-05,wd0.01",31585384.32778859,6.317079444872123e-05
[24],5,"lr=1e-04, wd=0.0",20,layer4_lr0.0001_hd128_wd0.0_cosine,"lr0.0001,wd0.0",1917597116.9949977,0.0038351942597831395
[24],5,"lr=1e-04, wd=0.0",20,layer4_lr0.0001_hd128_wd0.01_cosine,"lr0.0001,wd0.01",1295675.563186727,2.5913769195175034e-06
[24],5,"lr=1e-04, wd=0.0",20,layer4_lr0.0003_hd128_wd0.0_cosine,"lr0.0003,wd0.0",8849335765.177383,0.01769867155614791
[24],5,"lr=1e-04, wd=0.0",20,layer4_lr0.0003_hd128_wd0.01_cosine,"lr0.0003,wd0.01",16400962.323080538,3.2801950439305126e-05
[24],5,"lr=1e-04, wd=0.0",20,layer4_lr0.001_hd128_wd0.0_cosine,"lr0.001,wd0.0",10959447897.924402,0.02191889582164195
[24],5,"lr=1e-04, wd=0.0",20,layer4_lr0.001_hd128_wd0.01_cosine,"lr0.001,wd0.01",262229521.68887904,0.0005244590691709021
[24],5,"lr=1e-04, wd=0.0",20,layer4_lr0.003_hd128_wd0.0_cosine,"lr0.003,wd0.0",6588575004.937962,0.013177150035669067
[24],5,"lr=1e-04, wd=0.0",20,layer4_lr0.003_hd128_wd0.01_cosine,"lr0.003,wd0.01",7644089588.844934,0.015288179203483012
[24],5,"lr=1e-04, wd=0.0",50,layer4_lr1e-05_hd128_wd0.0_cosine,"lr1e-05,wd0.0",24455629.04610385,4.891128388535174e-05
[24],5,"lr=1e-04, wd=0.0",50,layer4_lr1e-05_hd128_wd0.01_cosine,"lr1e-05,wd0.01",268375.41157312406,5.367766162902975e-07
[24],5,"lr=1e-04, wd=0.0",50,layer4_lr3e-05_hd128_wd0.0_cosine,"lr3e-05,wd0.0",1570514.9737684526,3.1410557406809546e-06
[24],5,"lr=1e-04, wd=0.0",50,layer4_lr3e-05_hd128_wd0.01_cosine,"lr3e-05,wd0.01",9048031.27963422,1.809608835241249e-05
[24],5,"lr=1e-04, wd=0.0",50,layer4_lr0.0001_hd128_wd0.0_cosine,"lr0.0001,wd0.0",652162158.8565037,0.0013043243435061514
[24],5,"lr=1e-04, wd=0.0",50,layer4_lr0.0001_hd128_wd0.01_cosine,"lr0.0001,wd0.01",9764735.30143773,1.952949639601951e-05
[24],5,"lr=1e-04, wd=0.0",50,layer4_lr0.0003_hd128_wd0.0_cosine,"lr0.0003,wd0.0",47001096.0945315,9.400221798220704e-05
[24],5,"lr=1e-04, wd=0.0",50,layer4_lr0.0003_hd128_wd0.01_cosine,"lr0.0003,wd0.01",23148535.32612993,4.62970964454039e-05
[24],5,"lr=1e-04, wd=0.0",50,layer4_lr0.001_hd128_wd0.0_cosine,"lr0.001,wd0.0",4853202293.601563,0.009706404612996272
[24],5,"lr=1e-04, wd=0.0",50,layer4_lr0.001_hd128_wd0.01_cosine,"lr0.001,wd0.01",1322271250.424554,0.0026445425266422525
[24],5,"lr=1e-04, wd=0.0",50,layer4_lr0.003_hd128_wd0.0_cosine,"lr0.003,wd0.0",2684038274.852005,0.0053680765754971545
[24],5,"lr=1e-04, wd=0.0",50,layer4_lr0.003_hd128_wd0.01_cosine,"lr0.003,wd0.01",5161035077.8346405,0.010322070181462424
[24],5,"lr=1e-04, wd=0.0",90,layer4_lr1e-05_hd128_wd0.0_cosine,"lr1e-05,wd0.0",3884213.0998596293,7.768451992863308e-06
[24],5,"lr=1e-04, wd=0.0",90,layer4_lr1e-05_hd128_wd0.01_cosine,"lr1e-05,wd0.01",1230869.0712576096,2.4617639356592686e-06
[24],5,"lr=1e-04, wd=0.0",90,layer4_lr3e-05_hd128_wd0.0_cosine,"lr3e-05,wd0.0",3723802.166551559,7.4476301262471675e-06
[24],5,"lr=1e-04, wd=0.0",90,layer4_lr3e-05_hd128_wd0.01_cosine,"lr3e-05,wd0.01",3100010.2346879593,6.2000462625199675e-06
[24],5,"lr=1e-04, wd=0.0",90,layer4_lr0.0001_hd128_wd0.0_cosine,"lr0.0001,wd0.0",2588602.853275161,5.177231499694371e-06
[24],5,"lr=1e-04, wd=0.0",90,layer4_lr0.0001_hd128_wd0.01_cosine,"lr0.0001,wd0.01",7709.826576193982,1.5445446296437484e-08
[24],5,"lr=1e-04, wd=0.0",90,layer4_lr0.0003_hd128_wd0.0_cosine,"lr0.0003,wd0.0",23721887.67872303,4.74438011505901e-05
[24],5,"lr=1e-04, wd=0.0",90,layer4_lr0.0003_hd128_wd0.01_cosine,"lr0.0003,wd0.01",25568838.170024604,5.1137702133193256e-05
[24],5,"lr=1e-04, wd=0.0",90,layer4_lr0.001_hd128_wd0.0_cosine,"lr0.001,wd0.0",559694310.6716635,0.001119388647136471
[24],5,"lr=1e-04, wd=0.0",90,layer4_lr0.001_hd128_wd0.01_cosine,"lr0.001,wd0.01",140561992.2007157,0.00028112401019457544
[24],5,"lr=1e-04, wd=0.0",90,layer4_lr0.003_hd128_wd0.0_cosine,"lr0.003,wd0.0",123192574.99120629,0.0002463851757755566
[24],5,"lr=1e-04, wd=0.0",90,layer4_lr0.003_hd128_wd0.01_cosine,"lr0.003,wd0.01",1007030767.6291356,0.002014061561051415
[24],6,"lr=1e-04, wd=0.01",0,layer4_lr1e-05_hd128_wd0.0_cosine,"lr1e-05,wd0.0",2378877437.0056734,0.004757754899804491
[24],6,"lr=1e-04, wd=0.01",0,layer4_lr1e-05_hd128_wd0.01_cosine,"lr1e-05,wd0.01",153365764.8383995,0.000306731555469943
[24],6,"lr=1e-04, wd=0.01",0,layer4_lr3e-05_hd128_wd0.0_cosine,"lr3e-05,wd0.0",7616261891.31786,0.015232523808428863
[24],6,"lr=1e-04, wd=0.01",0,layer4_lr3e-05_hd128_wd0.01_cosine,"lr3e-05,wd0.01",1855193004.919413,0.0037103860356319704
[24],6,"lr=1e-04, wd=0.01",0,layer4_lr0.0001_hd128_wd0.0_cosine,"lr0.0001,wd0.0",4432336034.387016,0.008864672094567176
[24],6,"lr=1e-04, wd=0.01",0,layer4_lr0.0001_hd128_wd0.01_cosine,"lr0.0001,wd0.01",3881835729.1459494,0.007763671484085043
[24],6,"lr=1e-04, wd=0.01",0,layer4_lr0.0003_hd128_wd0.0_cosine,"lr0.0003,wd0.0",337653498.56199604,0.0006753070229171362
[24],6,"lr=1e-04, wd=0.01",0,layer4_lr0.0003_hd128_wd0.01_cosine,"lr0.0003,wd0.01",4325087435.687445,0.008650174897168033
[24],6,"lr=1e-04, wd=0.01",0,layer4_lr0.001_hd128_wd0.0_cosine,"lr0.001,wd0.0",13086709.170700824,2.6173444134545698e-05
[24],6,"lr=1e-04, wd=0.01",0,layer4_lr0.001_hd128_wd0.01_cosine,"lr0.001,wd0.01",3523620075.1617203,0.007047240176116585
[24],6,"lr=1e-04, wd=0.01",0,layer4_lr0.003_hd128_wd0.0_cosine,"lr0.003,wd0.0",9267567.087016651,1.8535159967177354e-05
[24],6,"lr=1e-04, wd=0.01",0,layer4_lr0.003_hd128_wd0.01_cosine,"lr0.003,wd0.01",2084243970.8589213,0.0041684879675109865
[24],6,"lr=1e-04, wd=0.01",5,layer4_lr1e-05_hd128_wd0.0_cosine,"lr1e-05,wd0.0",3348272777.9474845,0.006696545581688113
[24],6,"lr=1e-04, wd=0.01",5,layer4_lr1e-05_hd128_wd0.01_cosine,"lr1e-05,wd0.01",850754924.2725794,0.0017015098743383029
[24],6,"lr=1e-04, wd=0.01",5,layer4_lr3e-05_hd128_wd0.0_cosine,"lr3e-05,wd0.0",2863136481.799368,0.00572627298939188
[24],6,"lr=1e-04, wd=0.01",5,layer4_lr3e-05_hd128_wd0.01_cosine,"lr3e-05,wd0.01",711667639.5626636,0.001423335304918471
[24],6,"lr=1e-04, wd=0.01",5,layer4_lr0.0001_hd128_wd0.0_cosine,"lr0.0001,wd0.0",26306751.87391682,5.261352954097768e-05
[24],6,"lr=1e-04, wd=0.01",5,layer4_lr0.0001_hd128_wd0.01_cosine,"lr0.0001,wd0.01",688906942.501174,0.0013778139107954918
[24],6,"lr=1e-04, wd=0.01",5,layer4_lr0.0003_hd128_wd0.0_cosine,"lr0.0003,wd0.0",6792886265.116821,0.013585772556026787
[24],6,"lr=1e-04, wd=0.01",5,layer4_lr0.0003_hd128_wd0.01_cosine,"lr0.0003,wd0.01",359730753.9690887,0.0007194615337313214
[24],6,"lr=1e-04, wd=0.01",5,layer4_lr0.001_hd128_wd0.0_cosine,"lr0.001,wd0.0",12881872814.857813,0.02576374565550877
[24],6,"lr=1e-04, wd=0.01",5,layer4_lr0.001_hd128_wd0.01_cosine,"lr0.001,wd0.01",25325112.724104792,5.065025124135363e-05
[24],6,"lr=1e-04, wd=0.01",5,layer4_lr0.003_hd128_wd0.0_cosine,"lr0.003,wd0.0",11194870492.79345,0.022389741011380044
[24],6,"lr=1e-04, wd=0.01",5,layer4_lr0.003_hd128_wd0.01_cosine,"lr0.003,wd0.01",7812019043.588037,0.015624038112969217
[24],6,"lr=1e-04, wd=0.01",10,layer4_lr1e-05_hd128_wd0.0_cosine,"lr1e-05,wd0.0",3680113604.9001503,0.0073602272355934445
[24],6,"lr=1e-04, wd=0.01",10,layer4_lr1e-05_hd128_wd0.01_cosine,"lr1e-05,wd0.01",2067758607.65042,0.004135517241093984
[24],6,"lr=1e-04, wd=0.01",10,layer4_lr3e-05_hd128_wd0.0_cosine,"lr3e-05,wd0.0",1397765175.5916193,0.002795530376976383
[24],6,"lr=1e-04, wd=0.01",10,layer4_lr3e-05_hd128_wd0.01_cosine,"lr3e-05,wd0.01",220219409.01293078,0.0004404388438190056
[24],6,"lr=1e-04, wd=0.01",10,layer4_lr0.0001_hd128_wd0.0_cosine,"lr0.0001,wd0.0",619993682.7518752,0.0012399873912968943
[24],6,"lr=1e-04, wd=0.01",10,layer4_lr0.0001_hd128_wd0.01_cosine,"lr0.0001,wd0.01",98173183.50937173,0.0001963463928118875
[24],6,"lr=1e-04, wd=0.01",10,layer4_lr0.0003_hd128_wd0.0_cosine,"lr0.0003,wd0.0",8796393845.396053,0.01759278771658525
[24],6,"lr=1e-04, wd=0.01",10,layer4_lr0.0003_hd128_wd0.01_cosine,"lr0.0003,wd0.01",59134536.9073081,0.00011826909960776025
[24],6,"lr=1e-04, wd=0.01",10,layer4_lr0.001_hd128_wd0.0_cosine,"lr0.001,wd0.0",11385782810.963434,0.022771565647720014
[24],6,"lr=1e-04, wd=0.01",10,layer4_lr0.001_hd128_wd0.01_cosine,"lr0.001,wd0.01",959734294.6495239,0.0019194686150921917
[24],6,"lr=1e-04, wd=0.01",10,layer4_lr0.003_hd128_wd0.0_cosine,"lr0.003,wd0.0",5383370700.106591,0.010766741426006326
[24],6,"lr=1e-04, wd=0.01",10,layer4_lr0.003_hd128_wd0.01_cosine,"lr0.003,wd0.01",1924951412.1794562,0.0038499028501520565
[24],6,"lr=1e-04, wd=0.01",20,layer4_lr1e-05_hd128_wd0.0_cosine,"lr1e-05,wd0.0",1319262609.4871562,0.0026385252447674564
[24],6,"lr=1e-04, wd=0.01",20,layer4_lr1e-05_hd128_wd0.01_cosine,"lr1e-05,wd0.01",580752965.0740758,0.0011615059559412957
[24],6,"lr=1e-04, wd=0.01",20,layer4_lr3e-05_hd128_wd0.0_cosine,"lr3e-05,wd0.0",192120192.5857451,0.0003842404109646342
[24],6,"lr=1e-04, wd=0.01",20,layer4_lr3e-05_hd128_wd0.01_cosine,"lr3e-05,wd0.01",151607376.13423267,0.0003032147780616094
[24],6,"lr=1e-04, wd=0.01",20,layer4_lr0.0001_hd128_wd0.0_cosine,"lr0.0001,wd0.0",1930772996.3988883,0.003861546018590921
[24],6,"lr=1e-04, wd=0.01",20,layer4_lr0.0001_hd128_wd0.01_cosine,"lr0.0001,wd0.01",4839195.918949012,9.678417631042072e-06
[24],6,"lr=1e-04, wd=0.01",20,layer4_lr0.0003_hd128_wd0.0_cosine,"lr0.0003,wd0.0",8881267417.758787,0.017762534861310717
[24],6,"lr=1e-04, wd=0.01",20,layer4_lr0.0003_hd128_wd0.01_cosine,"lr0.0003,wd0.01",34651516.23941882,6.930305827198168e-05
[24],6,"lr=1e-04, wd=0.01",20,layer4_lr0.001_hd128_wd0.0_cosine,"lr0.001,wd0.0",10991664846.568928,0.021983329718931
[24],6,"lr=1e-04, wd=0.01",20,layer4_lr0.001_hd128_wd0.01_cosine,"lr0.001,wd0.01",329768785.10686916,0.0006595375960068824
[24],6,"lr=1e-04, wd=0.01",20,layer4_lr0.003_hd128_wd0.0_cosine,"lr0.003,wd0.0",6484884410.864709,0.012969768847522562
[24],6,"lr=1e-04, wd=0.01",20,layer4_lr0.003_hd128_wd0.01_cosine,"lr0.003,wd0.01",7402601507.167916,0.014805203040128976
[24],6,"lr=1e-04, wd=0.01",50,layer4_lr1e-05_hd128_wd0.0_cosine,"lr1e-05,wd0.0",20047492.754268426,4.00950113016809e-05
[24],6,"lr=1e-04, wd=0.01",50,layer4_lr1e-05_hd128_wd0.01_cosine,"lr1e-05,wd0.01",1243068.0472698587,2.486161887683767e-06
[24],6,"lr=1e-04, wd=0.01",50,layer4_lr3e-05_hd128_wd0.0_cosine,"lr3e-05,wd0.0",10355470.016236668,2.0710965825617386e-05
[24],6,"lr=1e-04, wd=0.01",50,layer4_lr3e-05_hd128_wd0.01_cosine,"lr3e-05,wd0.01",4134287.762053717,8.268601317251483e-06
[24],6,"lr=1e-04, wd=0.01",50,layer4_lr0.0001_hd128_wd0.0_cosine,"lr0.0001,wd0.0",719163748.4234093,0.0014383275226399627
[24],6,"lr=1e-04, wd=0.01",50,layer4_lr0.0001_hd128_wd0.01_cosine,"lr0.0001,wd0.01",2699896.4711729283,5.3998187354899055e-06
[24],6,"lr=1e-04, wd=0.01",50,layer4_lr0.0003_hd128_wd0.0_cosine,"lr0.0003,wd0.0",366607754.37830085,0.0007332155345497458
[24],6,"lr=1e-04, wd=0.01",50,layer4_lr0.0003_hd128_wd0.01_cosine,"lr0.0003,wd0.01",8987417.914158076,1.7974861621460202e-05
[24],6,"lr=1e-04, wd=0.01",50,layer4_lr0.001_hd128_wd0.0_cosine,"lr0.001,wd0.0",3231309939.499806,0.006462619904792756
[24],6,"lr=1e-04, wd=0.01",50,layer4_lr0.001_hd128_wd0.01_cosine,"lr0.001,wd0.01",1290513262.727792,0.0025810265512487282
[24],6,"lr=1e-04, wd=0.01",50,layer4_lr0.003_hd128_wd0.0_cosine,"lr0.003,wd0.0",2806842450.9899,0.005613684927772944
[24],6,"lr=1e-04, wd=0.01",50,layer4_lr0.003_hd128_wd0.01_cosine,"lr0.003,wd0.01",5122311157.968633,0.01024462234173041
[24],6,"lr=1e-04, wd=0.01",90,layer4_lr1e-05_hd128_wd0.0_cosine,"lr1e-05,wd0.0",9090461.642053094,1.818094907725024e-05
[24],6,"lr=1e-04, wd=0.01",90,layer4_lr1e-05_hd128_wd0.01_cosine,"lr1e-05,wd0.01",311497.5558416047,6.230209048272589e-07
[24],6,"lr=1e-04, wd=0.01",90,layer4_lr3e-05_hd128_wd0.0_cosine,"lr3e-05,wd0.0",7585377.667986899,1.5170781129117847e-05
[24],6,"lr=1e-04, wd=0.01",90,layer4_lr3e-05_hd128_wd0.01_cosine,"lr3e-05,wd0.01",51549.637472792136,1.0312506808963378e-07
[24],6,"lr=1e-04, wd=0.01",90,layer4_lr0.0001_hd128_wd0.0_cosine,"lr0.0001,wd0.0",663181.6268821725,1.3263890469083948e-06
[24],6,"lr=1e-04, wd=0.01",90,layer4_lr0.0001_hd128_wd0.01_cosine,"lr0.0001,wd0.01",3242287.44655482,6.484600686253689e-06
[24],6,"lr=1e-04, wd=0.01",90,layer4_lr0.0003_hd128_wd0.0_cosine,"lr0.0003,wd0.0",32249943.80011586,6.449991339337577e-05
[24],6,"lr=1e-04, wd=0.01",90,layer4_lr0.0003_hd128_wd0.01_cosine,"lr0.0003,wd0.01",11525529.665125247,2.3051085123394546e-05
[24],6,"lr=1e-04, wd=0.01",90,layer4_lr0.001_hd128_wd0.0_cosine,"lr0.001,wd0.0",596498427.616344,0.001192996881025832
[24],6,"lr=1e-04, wd=0.01",90,layer4_lr0.001_hd128_wd0.01_cosine,"lr0.001,wd0.01",31684304.156335887,6.336863410581582e-05
[24],6,"lr=1e-04, wd=0.01",90,layer4_lr0.003_hd128_wd0.0_cosine,"lr0.003,wd0.0",181327170.2258727,0.0003626543662448894
[24],6,"lr=1e-04, wd=0.01",90,layer4_lr0.003_hd128_wd0.01_cosine,"lr0.003,wd0.01",830817478.0338931,0.0016616349818609302
[24],7,"lr=3e-04, wd=0.0",0,layer4_lr1e-05_hd128_wd0.0_cosine,"lr1e-05,wd0.0",148821697.89428887,0.0002976434215817218
[24],7,"lr=3e-04, wd=0.0",0,layer4_lr1e-05_hd128_wd0.01_cosine,"lr1e-05,wd0.01",652353206.9255038,0.0013047064396441517
[24],7,"lr=3e-04, wd=0.0",0,layer4_lr3e-05_hd128_wd0.0_cosine,"lr3e-05,wd0.0",2769327084.4394193,0.005538654194671983
[24],7,"lr=3e-04, wd=0.0",0,layer4_lr3e-05_hd128_wd0.01_cosine,"lr3e-05,wd0.01",49102604.208755516,9.820523421065507e-05
[24],7,"lr=3e-04, wd=0.0",0,layer4_lr0.0001_hd128_wd0.0_cosine,"lr0.0001,wd0.0",1147231433.1809533,0.0022944628921550505
[24],7,"lr=3e-04, wd=0.0",0,layer4_lr0.0001_hd128_wd0.01_cosine,"lr0.0001,wd0.01",792884847.1751447,0.0015857697201434333
[24],7,"lr=3e-04, wd=0.0",0,layer4_lr0.0003_hd128_wd0.0_cosine,"lr0.0003,wd0.0",192337929.06366095,0.0003846758839204659
[24],7,"lr=3e-04, wd=0.0",0,layer4_lr0.0003_hd128_wd0.01_cosine,"lr0.0003,wd0.01",1054726856.2467537,0.0021094537382866513
[24],7,"lr=3e-04, wd=0.0",0,layer4_lr0.001_hd128_wd0.0_cosine,"lr0.001,wd0.0",1322851891.4226418,0.0026457038086384276
[24],7,"lr=3e-04, wd=0.0",0,layer4_lr0.001_hd128_wd0.01_cosine,"lr0.001,wd0.01",674633403.577737,0.0013492668329486179
[24],7,"lr=3e-04, wd=0.0",0,layer4_lr0.003_hd128_wd0.0_cosine,"lr0.003,wd0.0",877561988.1538041,0.0017551240021007521
[24],7,"lr=3e-04, wd=0.0",0,layer4_lr0.003_hd128_wd0.01_cosine,"lr0.003,wd0.01",151123398.79751152,0.00030224682338816705
[24],7,"lr=3e-04, wd=0.0",5,layer4_lr1e-05_hd128_wd0.0_cosine,"lr1e-05,wd0.0",4709712453.57044,0.009419424932934024
[24],7,"lr=3e-04, wd=0.0",5,layer4_lr1e-05_hd128_wd0.01_cosine,"lr1e-05,wd0.01",1315567160.3166623,0.002631134346426469
[24],7,"lr=3e-04, wd=0.0",5,layer4_lr3e-05_hd128_wd0.0_cosine,"lr3e-05,wd0.0",3233369151.1932616,0.006466738328179667
[24],7,"lr=3e-04, wd=0.0",5,layer4_lr3e-05_hd128_wd0.01_cosine,"lr3e-05,wd0.01",572489499.4192197,0.0011449790246315834
[24],7,"lr=3e-04, wd=0.0",5,layer4_lr0.0001_hd128_wd0.0_cosine,"lr0.0001,wd0.0",8619314.08770366,1.723865396855137e-05
[24],7,"lr=3e-04, wd=0.0",5,layer4_lr0.0001_hd128_wd0.01_cosine,"lr0.0001,wd0.01",595510868.8955199,0.0011910217635841837
[24],7,"lr=3e-04, wd=0.0",5,layer4_lr0.0003_hd128_wd0.0_cosine,"lr0.0003,wd0.0",5000614726.68631,0.010001229479165763
[24],7,"lr=3e-04, wd=0.0",5,layer4_lr0.0003_hd128_wd0.01_cosine,"lr0.0003,wd0.01",671513462.6589992,0.0013430269511111423
[24],7,"lr=3e-04, wd=0.0",5,layer4_lr0.001_hd128_wd0.0_cosine,"lr0.001,wd0.0",9200285558.345837,0.018400571142484817
[24],7,"lr=3e-04, wd=0.0",5,layer4_lr0.001_hd128_wd0.01_cosine,"lr0.001,wd0.01",517236369.7888228,0.0010344727653707898
[24],7,"lr=3e-04, wd=0.0",5,layer4_lr0.003_hd128_wd0.0_cosine,"lr0.003,wd0.0",5784073974.266802,0.011568147974326749
[24],7,"lr=3e-04, wd=0.0",5,layer4_lr0.003_hd128_wd0.01_cosine,"lr0.003,wd0.01",10660005011.893824,0.02132001004958079
[24],7,"lr=3e-04, wd=0.0",10,layer4_lr1e-05_hd128_wd0.0_cosine,"lr1e-05,wd0.0",4493255137.117274,0.008986510300027693
[24],7,"lr=3e-04, wd=0.0",10,layer4_lr1e-05_hd128_wd0.01_cosine,"lr1e-05,wd0.01",2679322373.850575,0.005358644773494294
[24],7,"lr=3e-04, wd=0.0",10,layer4_lr3e-05_hd128_wd0.0_cosine,"lr3e-05,wd0.0",2158017987.065592,0.0043160359999243276
[24],7,"lr=3e-04, wd=0.0",10,layer4_lr3e-05_hd128_wd0.01_cosine,"lr3e-05,wd0.01",361133063.2037104,0.0007222661522005648
[24],7,"lr=3e-04, wd=0.0",10,layer4_lr0.0001_hd128_wd0.0_cosine,"lr0.0001,wd0.0",256251183.71343234,0.0005125023932200087
[24],7,"lr=3e-04, wd=0.0",10,layer4_lr0.0001_hd128_wd0.01_cosine,"lr0.0001,wd0.01",341283684.17242044,0.000682567394137985
[24],7,"lr=3e-04, wd=0.0",10,layer4_lr0.0003_hd128_wd0.0_cosine,"lr0.0003,wd0.0",6674311602.938194,0.013348623231669533
[24],7,"lr=3e-04, wd=0.0",10,layer4_lr0.0003_hd128_wd0.01_cosine,"lr0.0003,wd0.01",470708653.36924803,0.0009414173325316402
[24],7,"lr=3e-04, wd=0.0",10,layer4_lr0.001_hd128_wd0.0_cosine,"lr0.001,wd0.0",9154563096.76312,0.018309126219319384
[24],7,"lr=3e-04, wd=0.0",10,layer4_lr0.001_hd128_wd0.01_cosine,"lr0.001,wd0.01",1134308556.9534943,0.0022686171397001327
[24],7,"lr=3e-04, wd=0.0",10,layer4_lr0.003_hd128_wd0.0_cosine,"lr0.003,wd0.0",4019034876.578619,0.008038069778950382
[24],7,"lr=3e-04, wd=0.0",10,layer4_lr0.003_hd128_wd0.01_cosine,"lr0.003,wd0.01",2538664525.0711946,0.005077329075935533
[24],7,"lr=3e-04, wd=0.0",20,layer4_lr1e-05_hd128_wd0.0_cosine,"lr1e-05,wd0.0",530215994.8020299,0.001060432015397204
[24],7,"lr=3e-04, wd=0.0",20,layer4_lr1e-05_hd128_wd0.01_cosine,"lr1e-05,wd0.01",23836168.08528229,4.7672361963708627e-05
[24],7,"lr=3e-04, wd=0.0",20,layer4_lr3e-05_hd128_wd0.0_cosine,"lr3e-05,wd0.0",705165172.0066938,0.0014103303698065318
[24],7,"lr=3e-04, wd=0.0",20,layer4_lr3e-05_hd128_wd0.01_cosine,"lr3e-05,wd0.01",355017315.760297,0.0007100346573137381
[24],7,"lr=3e-04, wd=0.0",20,layer4_lr0.0001_hd128_wd0.0_cosine,"lr0.0001,wd0.0",1115110810.4825315,0.0022302216467582074
[24],7,"lr=3e-04, wd=0.0",20,layer4_lr0.0001_hd128_wd0.01_cosine,"lr0.0001,wd0.01",204903940.0742077,0.00040980790594155944
[24],7,"lr=3e-04, wd=0.0",20,layer4_lr0.0003_hd128_wd0.0_cosine,"lr0.0003,wd0.0",7347093945.840768,0.01469418791747468
[24],7,"lr=3e-04, wd=0.0",20,layer4_lr0.0003_hd128_wd0.01_cosine,"lr0.0003,wd0.01",516977745.97168404,0.0010339555177365121
[24],7,"lr=3e-04, wd=0.0",20,layer4_lr0.001_hd128_wd0.0_cosine,"lr0.001,wd0.0",9399035238.837643,0.01879807050346843
[24],7,"lr=3e-04, wd=0.0",20,layer4_lr0.001_hd128_wd0.01_cosine,"lr0.001,wd0.01",1256401125.4318216,0.0025128022766567875
[24],7,"lr=3e-04, wd=0.0",20,layer4_lr0.003_hd128_wd0.0_cosine,"lr0.003,wd0.0",4935290917.801957,0.009870581861397058
[24],7,"lr=3e-04, wd=0.0",20,layer4_lr0.003_hd128_wd0.01_cosine,"lr0.003,wd0.01",5846940166.90902,0.011693880359611185
[24],7,"lr=3e-04, wd=0.0",50,layer4_lr1e-05_hd128_wd0.0_cosine,"lr1e-05,wd0.0",13133856.22719632,2.626773824753669e-05
[24],7,"lr=3e-04, wd=0.0",50,layer4_lr1e-05_hd128_wd0.01_cosine,"lr1e-05,wd0.01",31762407.824445542,6.352484144203513e-05
[24],7,"lr=3e-04, wd=0.0",50,layer4_lr3e-05_hd128_wd0.0_cosine,"lr3e-05,wd0.0",144724.98214024567,2.894757574245409e-07
[24],7,"lr=3e-04, wd=0.0",50,layer4_lr3e-05_hd128_wd0.01_cosine,"lr3e-05,wd0.01",12440523.216758143,2.4881072226660336e-05
[24],7,"lr=3e-04, wd=0.0",50,layer4_lr0.0001_hd128_wd0.0_cosine,"lr0.0001,wd0.0",605734662.46522,0.0012114693507235838
[24],7,"lr=3e-04, wd=0.0",50,layer4_lr0.0001_hd128_wd0.01_cosine,"lr0.0001,wd0.01",79104901.82394555,0.00015820982944103514
[24],7,"lr=3e-04, wd=0.0",50,layer4_lr0.0003_hd128_wd0.0_cosine,"lr0.0003,wd0.0",410550602.1795883,0.0008211012301523207
[24],7,"lr=3e-04, wd=0.0",50,layer4_lr0.0003_hd128_wd0.01_cosine,"lr0.0003,wd0.01",177764186.26077598,0.000355528398314696
[24],7,"lr=3e-04, wd=0.0",50,layer4_lr0.001_hd128_wd0.0_cosine,"lr0.001,wd0.0",1556776451.3690767,0.0031135529285312978
[24],7,"lr=3e-04, wd=0.0",50,layer4_lr0.001_hd128_wd0.01_cosine,"lr0.001,wd0.01",1820632199.471897,0.003641264424736938
[24],7,"lr=3e-04, wd=0.0",50,layer4_lr0.003_hd128_wd0.0_cosine,"lr0.003,wd0.0",2610879629.952093,0.005221759285697331
[24],7,"lr=3e-04, wd=0.0",50,layer4_lr0.003_hd128_wd0.01_cosine,"lr0.003,wd0.01",5093918187.492638,0.01018783640077842
[24],7,"lr=3e-04, wd=0.0",90,layer4_lr1e-05_hd128_wd0.0_cosine,"lr1e-05,wd0.0",31235923.287153777,6.24718723674516e-05
[24],7,"lr=3e-04, wd=0.0",90,layer4_lr1e-05_hd128_wd0.01_cosine,"lr1e-05,wd0.01",10010543.985542009,2.002111376422807e-05
[24],7,"lr=3e-04, wd=0.0",90,layer4_lr3e-05_hd128_wd0.0_cosine,"lr3e-05,wd0.0",1931845.115335427,3.8637160238149035e-06
[24],7,"lr=3e-04, wd=0.0",90,layer4_lr3e-05_hd128_wd0.01_cosine,"lr3e-05,wd0.01",1801483.0108930748,3.602991814930199e-06
[24],7,"lr=3e-04, wd=0.0",90,layer4_lr0.0001_hd128_wd0.0_cosine,"lr0.0001,wd0.0",1801586.103347211,3.6031979998384713e-06
[24],7,"lr=3e-04, wd=0.0",90,layer4_lr0.0001_hd128_wd0.01_cosine,"lr0.0001,wd0.01",9699819.437865464,1.9399664668874978e-05
[24],7,"lr=3e-04, wd=0.0",90,layer4_lr0.0003_hd128_wd0.0_cosine,"lr0.0003,wd0.0",1700719.6177068376,3.4014650285577248e-06
[24],7,"lr=3e-04, wd=0.0",90,layer4_lr0.0003_hd128_wd0.01_cosine,"lr0.0003,wd0.01",79058121.45002143,0.0001581162686931869
[24],7,"lr=3e-04, wd=0.0",90,layer4_lr0.001_hd128_wd0.0_cosine,"lr0.001,wd0.0",365257105.30177736,0.0007305142363966988
[24],7,"lr=3e-04, wd=0.0",90,layer4_lr0.001_hd128_wd0.01_cosine,"lr0.001,wd0.01",262880825.11874577,0.0005257616760306356
[24],7,"lr=3e-04, wd=0.0",90,layer4_lr0.003_hd128_wd0.0_cosine,"lr0.003,wd0.0",118839890.93515772,0.00023767980766345947
[24],7,"lr=3e-04, wd=0.0",90,layer4_lr0.003_hd128_wd0.01_cosine,"lr0.003,wd0.01",607275132.4855547,0.0012145502907642534
[24],8,"lr=3e-04, wd=0.01",0,layer4_lr1e-05_hd128_wd0.0_cosine,"lr1e-05,wd0.0",772930585.8233225,0.001545861197439789
[24],8,"lr=3e-04, wd=0.01",0,layer4_lr1e-05_hd128_wd0.01_cosine,"lr1e-05,wd0.01",76105028.81509334,0.00015221008342333072
[24],8,"lr=3e-04, wd=0.01",0,layer4_lr3e-05_hd128_wd0.0_cosine,"lr3e-05,wd0.0",4728171512.970171,0.009456343051733486
[24],8,"lr=3e-04, wd=0.01",0,layer4_lr3e-05_hd128_wd0.01_cosine,"lr3e-05,wd0.01",603123837.1051966,0.001206247700003537
[24],8,"lr=3e-04, wd=0.01",0,layer4_lr0.0001_hd128_wd0.0_cosine,"lr0.0001,wd0.0",2559825322.4257145,0.005119650670644573
[24],8,"lr=3e-04, wd=0.01",0,layer4_lr0.0001_hd128_wd0.01_cosine,"lr0.0001,wd0.01",2140325292.2775402,0.004280650610348225
[24],8,"lr=3e-04, wd=0.01",0,layer4_lr0.0003_hd128_wd0.0_cosine,"lr0.0003,wd0.0",10520449.572081132,2.1040924937306313e-05
[24],8,"lr=3e-04, wd=0.01",0,layer4_lr0.0003_hd128_wd0.01_cosine,"lr0.0003,wd0.01",2551785586.305793,0.00510357119840473
[24],8,"lr=3e-04, wd=0.01",0,layer4_lr0.001_hd128_wd0.0_cosine,"lr0.001,wd0.0",369509613.75116736,0.0007390192532954788
[24],8,"lr=3e-04, wd=0.01",0,layer4_lr0.001_hd128_wd0.01_cosine,"lr0.001,wd0.01",1907134663.8613763,0.0038142693535158966
[24],8,"lr=3e-04, wd=0.01",0,layer4_lr0.003_hd128_wd0.0_cosine,"lr0.003,wd0.0",158720817.78383082,0.0003174416613608057
[24],8,"lr=3e-04, wd=0.01",0,layer4_lr0.003_hd128_wd0.01_cosine,"lr0.003,wd0.01",892541553.859479,0.0017850831335121018
[24],8,"lr=3e-04, wd=0.01",5,layer4_lr1e-05_hd128_wd0.0_cosine,"lr1e-05,wd0.0",4521531071.788724,0.009043062169370591
[24],8,"lr=3e-04, wd=0.01",5,layer4_lr1e-05_hd128_wd0.01_cosine,"lr1e-05,wd0.01",1215284437.1984174,0.002430568900189979
[24],8,"lr=3e-04, wd=0.01",5,layer4_lr3e-05_hd128_wd0.0_cosine,"lr3e-05,wd0.0",3683654402.9110804,0.007367308831615305
[24],8,"lr=3e-04, wd=0.01",5,layer4_lr3e-05_hd128_wd0.01_cosine,"lr3e-05,wd0.01",1067257382.6128494,0.0021345147910188426
[24],8,"lr=3e-04, wd=0.01",5,layer4_lr0.0001_hd128_wd0.0_cosine,"lr0.0001,wd0.0",56191067.594538316,0.00011238216098222067
[24],8,"lr=3e-04, wd=0.01",5,layer4_lr0.0001_hd128_wd0.01_cosine,"lr0.0001,wd0.01",582399752.6107242,0.0011647995310145923
[24],8,"lr=3e-04, wd=0.01",5,layer4_lr0.0003_hd128_wd0.0_cosine,"lr0.0003,wd0.0",5858852978.237029,0.011717705982267202
[24],8,"lr=3e-04, wd=0.01",5,layer4_lr0.0003_hd128_wd0.01_cosine,"lr0.0003,wd0.01",495498046.2992334,0.0009909961183916108
[24],8,"lr=3e-04, wd=0.01",5,layer4_lr0.001_hd128_wd0.0_cosine,"lr0.001,wd0.0",10370183816.96707,0.020740367659727282
[24],8,"lr=3e-04, wd=0.01",5,layer4_lr0.001_hd128_wd0.01_cosine,"lr0.001,wd0.01",328529408.26124305,0.0006570588423156302
[24],8,"lr=3e-04, wd=0.01",5,layer4_lr0.003_hd128_wd0.0_cosine,"lr0.003,wd0.0",7675203043.115684,0.015350406112024512
[24],8,"lr=3e-04, wd=0.01",5,layer4_lr0.003_hd128_wd0.01_cosine,"lr0.003,wd0.01",6870398762.705826,0.013740797551204796
[24],8,"lr=3e-04, wd=0.01",10,layer4_lr1e-05_hd128_wd0.0_cosine,"lr1e-05,wd0.0",3661878018.996516,0.007323756063786177
[24],8,"lr=3e-04, wd=0.01",10,layer4_lr1e-05_hd128_wd0.01_cosine,"lr1e-05,wd0.01",2092062789.9554863,0.0041841256057041165
[24],8,"lr=3e-04, wd=0.01",10,layer4_lr3e-05_hd128_wd0.0_cosine,"lr3e-05,wd0.0",1156578147.91587,0.002313156321624884
[24],8,"lr=3e-04, wd=0.01",10,layer4_lr3e-05_hd128_wd0.01_cosine,"lr3e-05,wd0.01",206453525.49510014,0.00041290707678334434
[24],8,"lr=3e-04, wd=0.01",10,layer4_lr0.0001_hd128_wd0.0_cosine,"lr0.0001,wd0.0",766232812.4689497,0.0015324656507310433
[24],8,"lr=3e-04, wd=0.01",10,layer4_lr0.0001_hd128_wd0.01_cosine,"lr0.0001,wd0.01",71632916.05995485,0.00014326585791305375
[24],8,"lr=3e-04, wd=0.01",10,layer4_lr0.0003_hd128_wd0.0_cosine,"lr0.0003,wd0.0",7703006758.483413,0.01540601354275997
[24],8,"lr=3e-04, wd=0.01",10,layer4_lr0.0003_hd128_wd0.01_cosine,"lr0.0003,wd0.01",200755721.24263957,0.0004015114682784232
[24],8,"lr=3e-04, wd=0.01",10,layer4_lr0.001_hd128_wd0.0_cosine,"lr0.001,wd0.0",10089717599.663708,0.02017943522512056
[24],8,"lr=3e-04, wd=0.01",10,layer4_lr0.001_hd128_wd0.01_cosine,"lr0.001,wd0.01",1041348432.1733123,0.0020826968901397685
[24],8,"lr=3e-04, wd=0.01",10,layer4_lr0.003_hd128_wd0.0_cosine,"lr0.003,wd0.0",4683846492.52245,0.009367693010838046
[24],8,"lr=3e-04, wd=0.01",10,layer4_lr0.003_hd128_wd0.01_cosine,"lr0.003,wd0.01",2999743714.403107,0.0059994874545993586
[24],8,"lr=3e-04, wd=0.01",20,layer4_lr1e-05_hd128_wd0.0_cosine,"lr1e-05,wd0.0",213638362.38522166,0.00042727675056358734
[24],8,"lr=3e-04, wd=0.01",20,layer4_lr1e-05_hd128_wd0.01_cosine,"lr1e-05,wd0.01",4666595.974432103,9.333217742008255e-06
[24],8,"lr=3e-04, wd=0.01",20,layer4_lr3e-05_hd128_wd0.0_cosine,"lr3e-05,wd0.0",36908309.90051417,7.381664559417239e-05
[24],8,"lr=3e-04, wd=0.01",20,layer4_lr3e-05_hd128_wd0.01_cosine,"lr3e-05,wd0.01",106044303.31001268,0.00021208863241316942
[24],8,"lr=3e-04, wd=0.01",20,layer4_lr0.0001_hd128_wd0.0_cosine,"lr0.0001,wd0.0",1859355118.5934908,0.0037187102629801256
[24],8,"lr=3e-04, wd=0.01",20,layer4_lr0.0001_hd128_wd0.01_cosine,"lr0.0001,wd0.01",8207864.62122123,1.641575503558651e-05
[24],8,"lr=3e-04, wd=0.01",20,layer4_lr0.0003_hd128_wd0.0_cosine,"lr0.0003,wd0.0",8157373473.905021,0.016314746973603186
[24],8,"lr=3e-04, wd=0.01",20,layer4_lr0.0003_hd128_wd0.01_cosine,"lr0.0003,wd0.01",196965508.34813356,0.00039393104248941117
[24],8,"lr=3e-04, wd=0.01",20,layer4_lr0.001_hd128_wd0.0_cosine,"lr0.001,wd0.0",10038049610.696985,0.020076099247187115
[24],8,"lr=3e-04, wd=0.01",20,layer4_lr0.001_hd128_wd0.01_cosine,"lr0.001,wd0.01",938222031.8308647,0.0018764440894548733
[24],8,"lr=3e-04, wd=0.01",20,layer4_lr0.003_hd128_wd0.0_cosine,"lr0.003,wd0.0",5674239241.744791,0.011348478509282726
[24],8,"lr=3e-04, wd=0.01",20,layer4_lr0.003_hd128_wd0.01_cosine,"lr0.003,wd0.01",5814357393.16892,0.011628714812130984
[24],8,"lr=3e-04, wd=0.01",50,layer4_lr1e-05_hd128_wd0.0_cosine,"lr1e-05,wd0.0",32980237.3085688,6.596050041028165e-05
[24],8,"lr=3e-04, wd=0.01",50,layer4_lr1e-05_hd128_wd0.01_cosine,"lr1e-05,wd0.01",51252210.85578024,0.00010250444750470452
[24],8,"lr=3e-04, wd=0.01",50,layer4_lr3e-05_hd128_wd0.0_cosine,"lr3e-05,wd0.0",18724833.525996532,3.744969284513711e-05
[24],8,"lr=3e-04, wd=0.01",50,layer4_lr3e-05_hd128_wd0.01_cosine,"lr3e-05,wd0.01",43118.31796461909,8.62624290732877e-08
[24],8,"lr=3e-04, wd=0.01",50,layer4_lr0.0001_hd128_wd0.0_cosine,"lr0.0001,wd0.0",676183328.9218988,0.0013523666836369416
[24],8,"lr=3e-04, wd=0.01",50,layer4_lr0.0001_hd128_wd0.01_cosine,"lr0.0001,wd0.01",13819072.591763312,2.7638170976670673e-05
[24],8,"lr=3e-04, wd=0.01",50,layer4_lr0.0003_hd128_wd0.0_cosine,"lr0.0003,wd0.0",340724322.8369528,0.0006814486714670497
[24],8,"lr=3e-04, wd=0.01",50,layer4_lr0.0003_hd128_wd0.01_cosine,"lr0.0003,wd0.01",43375208.53685705,8.675044286685816e-05
[24],8,"lr=3e-04, wd=0.01",50,layer4_lr0.001_hd128_wd0.0_cosine,"lr0.001,wd0.0",1229201728.1222546,0.0024584034820376533
[24],8,"lr=3e-04, wd=0.01",50,layer4_lr0.001_hd128_wd0.01_cosine,"lr0.001,wd0.01",1516959319.6095252,0.0030339186650121946
[24],8,"lr=3e-04, wd=0.01",50,layer4_lr0.003_hd128_wd0.0_cosine,"lr0.003,wd0.0",2727643515.9733887,0.005455287057739921
[24],8,"lr=3e-04, wd=0.01",50,layer4_lr0.003_hd128_wd0.01_cosine,"lr0.003,wd0.01",5203104797.168806,0.010406209620130757
[24],8,"lr=3e-04, wd=0.01",90,layer4_lr1e-05_hd128_wd0.0_cosine,"lr1e-05,wd0.0",41743217.177493446,8.348646014813094e-05
[24],8,"lr=3e-04, wd=0.01",90,layer4_lr1e-05_hd128_wd0.01_cosine,"lr1e-05,wd0.01",13433349.062384594,2.6866723917913238e-05
[24],8,"lr=3e-04, wd=0.01",90,layer4_lr3e-05_hd128_wd0.0_cosine,"lr3e-05,wd0.0",8067693.263902031,1.613541232094811e-05
[24],8,"lr=3e-04, wd=0.01",90,layer4_lr3e-05_hd128_wd0.01_cosine,"lr3e-05,wd0.01",113596.4431934533,2.2721867953095614e-07
[24],8,"lr=3e-04, wd=0.01",90,layer4_lr0.0001_hd128_wd0.0_cosine,"lr0.0001,wd0.0",2418100.4184334306,4.83622663001091e-06
[24],8,"lr=3e-04, wd=0.01",90,layer4_lr0.0001_hd128_wd0.01_cosine,"lr0.0001,wd0.01",124.93018879469743,2.756535216389141e-10
[24],8,"lr=3e-04, wd=0.01",90,layer4_lr0.0003_hd128_wd0.0_cosine,"lr0.0003,wd0.0",335585.664003869,6.711971211517874e-07
[24],8,"lr=3e-04, wd=0.01",90,layer4_lr0.0003_hd128_wd0.01_cosine,"lr0.0003,wd0.01",24973634.89010069,4.994729557334543e-05
[24],8,"lr=3e-04, wd=0.01",90,layer4_lr0.001_hd128_wd0.0_cosine,"lr0.001,wd0.0",378276946.273105,0.0007565539183393542
[24],8,"lr=3e-04, wd=0.01",90,layer4_lr0.001_hd128_wd0.01_cosine,"lr0.001,wd0.01",141802129.3215955,0.000283604284436335
[24],8,"lr=3e-04, wd=0.01",90,layer4_lr0.003_hd128_wd0.0_cosine,"lr0.003,wd0.0",72235007.93924978,0.0001444700416716436
[24],8,"lr=3e-04, wd=0.01",90,layer4_lr0.003_hd128_wd0.01_cosine,"lr0.003,wd0.01",884546348.8417426,0.0017690927234766292
[24],9,"lr=0.001, wd=0.0",0,layer4_lr1e-05_hd128_wd0.0_cosine,"lr1e-05,wd0.0",232668305.39087695,0.00046533663657489794
[24],9,"lr=0.001, wd=0.0",0,layer4_lr1e-05_hd128_wd0.01_cosine,"lr1e-05,wd0.01",524341492.4836837,0.0010486830107605115
[24],9,"lr=0.001, wd=0.0",0,layer4_lr3e-05_hd128_wd0.0_cosine,"lr3e-05,wd0.0",3366456570.0265875,0.006732913165846319
[24],9,"lr=0.001, wd=0.0",0,layer4_lr3e-05_hd128_wd0.01_cosine,"lr3e-05,wd0.01",140162327.48275676,0.0002803246807586576
[24],9,"lr=0.001, wd=0.0",0,layer4_lr0.0001_hd128_wd0.0_cosine,"lr0.0001,wd0.0",1788956599.5070076,0.0035779132248071593
[24],9,"lr=0.001, wd=0.0",0,layer4_lr0.0001_hd128_wd0.01_cosine,"lr0.0001,wd0.01",1288903991.958905,0.0025778080097109543
[24],9,"lr=0.001, wd=0.0",0,layer4_lr0.0003_hd128_wd0.0_cosine,"lr0.0003,wd0.0",6541998.679615074,1.3084023152374197e-05
[24],9,"lr=0.001, wd=0.0",0,layer4_lr0.0003_hd128_wd0.01_cosine,"lr0.0003,wd0.01",1834949753.6227543,0.0036698995330386526
[24],9,"lr=0.001, wd=0.0",0,layer4_lr0.001_hd128_wd0.0_cosine,"lr0.001,wd0.0",560499021.2773598,0.0011209980683478636
[24],9,"lr=0.001, wd=0.0",0,layer4_lr0.001_hd128_wd0.01_cosine,"lr0.001,wd0.01",1435301143.4107072,0.0028706023126145587
[24],9,"lr=0.001, wd=0.0",0,layer4_lr0.003_hd128_wd0.0_cosine,"lr0.003,wd0.0",284427057.9806087,0.0005688541417543615
[24],9,"lr=0.001, wd=0.0",0,layer4_lr0.003_hd128_wd0.01_cosine,"lr0.003,wd0.01",611664625.9138197,0.0012233292776207833
[24],9,"lr=0.001, wd=0.0",5,layer4_lr1e-05_hd128_wd0.0_cosine,"lr1e-05,wd0.0",5342009748.81783,0.010684019523428805
[24],9,"lr=0.001, wd=0.0",5,layer4_lr1e-05_hd128_wd0.01_cosine,"lr1e-05,wd0.01",855128553.7670525,0.001710257133327249
[24],9,"lr=0.001, wd=0.0",5,layer4_lr3e-05_hd128_wd0.0_cosine,"lr3e-05,wd0.0",6493667013.543767,0.012987334052880679
[24],9,"lr=0.001, wd=0.0",5,layer4_lr3e-05_hd128_wd0.01_cosine,"lr3e-05,wd0.01",2889232518.926055,0.005778465063645254
[24],9,"lr=0.001, wd=0.0",5,layer4_lr0.0001_hd128_wd0.0_cosine,"lr0.0001,wd0.0",830448241.167643,0.0016608965081284298
[24],9,"lr=0.001, wd=0.0",5,layer4_lr0.0001_hd128_wd0.01_cosine,"lr0.0001,wd0.01",2018371090.0547032,0.0040367422059025505
[24],9,"lr=0.001, wd=0.0",5,layer4_lr0.0003_hd128_wd0.0_cosine,"lr0.0003,wd0.0",2917931696.094722,0.005835863417982588
[24],9,"lr=0.001, wd=0.0",5,layer4_lr0.0003_hd128_wd0.01_cosine,"lr0.0003,wd0.01",1739711895.897037,0.003479423817587218
[24],9,"lr=0.001, wd=0.0",5,layer4_lr0.001_hd128_wd0.0_cosine,"lr0.001,wd0.0",6614478618.227451,0.013228957262248047
[24],9,"lr=0.001, wd=0.0",5,layer4_lr0.001_hd128_wd0.01_cosine,"lr0.001,wd0.01",1713755469.9097044,0.003427510965612553
[24],9,"lr=0.001, wd=0.0",5,layer4_lr0.003_hd128_wd0.0_cosine,"lr0.003,wd0.0",2977896357.9655304,0.005955792741724205
[24],9,"lr=0.001, wd=0.0",5,layer4_lr0.003_hd128_wd0.01_cosine,"lr0.003,wd0.01",14941027466.923304,0.02988205495963975
[24],9,"lr=0.001, wd=0.0",10,layer4_lr1e-05_hd128_wd0.0_cosine,"lr1e-05,wd0.0",3005285924.8280416,0.006010571875449227
[24],9,"lr=0.001, wd=0.0",10,layer4_lr1e-05_hd128_wd0.01_cosine,"lr1e-05,wd0.01",1808133865.447155,0.0036162677566874543
[24],9,"lr=0.001, wd=0.0",10,layer4_lr3e-05_hd128_wd0.0_cosine,"lr3e-05,wd0.0",3391137248.9503236,0.006782274523693791
[24],9,"lr=0.001, wd=0.0",10,layer4_lr3e-05_hd128_wd0.01_cosine,"lr3e-05,wd0.01",981722605.2462659,0.0019634452362856758
[24],9,"lr=0.001, wd=0.0",10,layer4_lr0.0001_hd128_wd0.0_cosine,"lr0.0001,wd0.0",8942692.18941635,1.7885410171976752e-05
[24],9,"lr=0.001, wd=0.0",10,layer4_lr0.0001_hd128_wd0.01_cosine,"lr0.0001,wd0.01",1102993108.1843476,0.0022059862421618393
[24],9,"lr=0.001, wd=0.0",10,layer4_lr0.0003_hd128_wd0.0_cosine,"lr0.0003,wd0.0",5055622198.052698,0.01011124442189854
[24],9,"lr=0.001, wd=0.0",10,layer4_lr0.0003_hd128_wd0.01_cosine,"lr0.0003,wd0.01",1261536616.2241344,0.002523073258241413
[24],9,"lr=0.001, wd=0.0",10,layer4_lr0.001_hd128_wd0.0_cosine,"lr0.001,wd0.0",6779307553.082733,0.01355861513195861
[24],9,"lr=0.001, wd=0.0",10,layer4_lr0.001_hd128_wd0.01_cosine,"lr0.001,wd0.01",2041224472.920484,0.004082448971634112
[24],9,"lr=0.001, wd=0.0",10,layer4_lr0.003_hd128_wd0.0_cosine,"lr0.003,wd0.0",2764668132.8797555,0.005529336291552655
[24],9,"lr=0.001, wd=0.0",10,layer4_lr0.003_hd128_wd0.01_cosine,"lr0.003,wd0.01",3949052507.606438,0.00789810504100602
[24],9,"lr=0.001, wd=0.0",20,layer4_lr1e-05_hd128_wd0.0_cosine,"lr1e-05,wd0.0",29814882.911305364,5.9629791615754773e-05
[24],9,"lr=0.001, wd=0.0",20,layer4_lr1e-05_hd128_wd0.01_cosine,"lr1e-05,wd0.01",54187439.51120924,0.00010837490481556252
[24],9,"lr=0.001, wd=0.0",20,layer4_lr3e-05_hd128_wd0.0_cosine,"lr3e-05,wd0.0",515129970.61485803,0.0010302599670228602
[24],9,"lr=0.001, wd=0.0",20,layer4_lr3e-05_hd128_wd0.01_cosine,"lr3e-05,wd0.01",418174250.25551957,0.0008363485263041833
[24],9,"lr=0.001, wd=0.0",20,layer4_lr0.0001_hd128_wd0.0_cosine,"lr0.0001,wd0.0",668730066.5075543,0.0013374601588082525
[24],9,"lr=0.001, wd=0.0",20,layer4_lr0.0001_hd128_wd0.01_cosine,"lr0.0001,wd0.01",468096608.97127324,0.0009361932437356906
[24],9,"lr=0.001, wd=0.0",20,layer4_lr0.0003_hd128_wd0.0_cosine,"lr0.0003,wd0.0",5335412640.107169,0.010670825306007482
[24],9,"lr=0.001, wd=0.0",20,layer4_lr0.0003_hd128_wd0.01_cosine,"lr0.0003,wd0.01",1055462876.4769957,0.0021109257787471354
[24],9,"lr=0.001, wd=0.0",20,layer4_lr0.001_hd128_wd0.0_cosine,"lr0.001,wd0.0",7541264628.049659,0.015082529281892462
[24],9,"lr=0.001, wd=0.0",20,layer4_lr0.001_hd128_wd0.01_cosine,"lr0.001,wd0.01",2003009173.113509,0.004006018372020162
[24],9,"lr=0.001, wd=0.0",20,layer4_lr0.003_hd128_wd0.0_cosine,"lr0.003,wd0.0",3689577763.3544254,0.007379155552501995
[24],9,"lr=0.001, wd=0.0",20,layer4_lr0.003_hd128_wd0.01_cosine,"lr0.003,wd0.01",6539547776.1417675,0.01307909557807668
[24],9,"lr=0.001, wd=0.0",50,layer4_lr1e-05_hd128_wd0.0_cosine,"lr1e-05,wd0.0",30588906.91600242,6.117783962514888e-05
[24],9,"lr=0.001, wd=0.0",50,layer4_lr1e-05_hd128_wd0.01_cosine,"lr1e-05,wd0.01",35680506.49657343,7.136103878629091e-05
[24],9,"lr=0.001, wd=0.0",50,layer4_lr3e-05_hd128_wd0.0_cosine,"lr3e-05,wd0.0",42266.301090204666,8.455839532445884e-08
[24],9,"lr=0.001, wd=0.0",50,layer4_lr3e-05_hd128_wd0.01_cosine,"lr3e-05,wd0.01",4958929.439940726,9.917884673025502e-06
[24],9,"lr=0.001, wd=0.0",50,layer4_lr0.0001_hd128_wd0.0_cosine,"lr0.0001,wd0.0",256269340.1434341,0.0005125387060800123
[24],9,"lr=0.001, wd=0.0",50,layer4_lr0.0001_hd128_wd0.01_cosine,"lr0.0001,wd0.01",108574767.48136623,0.0002171495607558765
[24],9,"lr=0.001, wd=0.0",50,layer4_lr0.0003_hd128_wd0.0_cosine,"lr0.0003,wd0.0",538208990.3752885,0.0010764180065437209
[24],9,"lr=0.001, wd=0.0",50,layer4_lr0.0003_hd128_wd0.01_cosine,"lr0.0003,wd0.01",275635875.2874407,0.0005512717763680255
[24],9,"lr=0.001, wd=0.0",50,layer4_lr0.001_hd128_wd0.0_cosine,"lr0.001,wd0.0",112597155.5198294,0.00022519433683280285
[24],9,"lr=0.001, wd=0.0",50,layer4_lr0.001_hd128_wd0.01_cosine,"lr0.001,wd0.01",2133820051.4635406,0.004267640128720225
[24],9,"lr=0.001, wd=0.0",50,layer4_lr0.003_hd128_wd0.0_cosine,"lr0.003,wd0.0",2168044929.0581427,0.00433608988390943
[24],9,"lr=0.001, wd=0.0",50,layer4_lr0.003_hd128_wd0.01_cosine,"lr0.003,wd0.01",5247491032.858144,0.010494982091509432
[24],9,"lr=0.001, wd=0.0",90,layer4_lr1e-05_hd128_wd0.0_cosine,"lr1e-05,wd0.0",33880703.94584689,6.776143368483783e-05
[24],9,"lr=0.001, wd=0.0",90,layer4_lr1e-05_hd128_wd0.01_cosine,"lr1e-05,wd0.01",9827214.894510673,1.9654455582165396e-05
[24],9,"lr=0.001, wd=0.0",90,layer4_lr3e-05_hd128_wd0.0_cosine,"lr3e-05,wd0.0",690495.7870398385,1.3810173672237266e-06
[24],9,"lr=0.001, wd=0.0",90,layer4_lr3e-05_hd128_wd0.01_cosine,"lr3e-05,wd0.01",2481984.059725863,4.963993912595775e-06
[24],9,"lr=0.001, wd=0.0",90,layer4_lr0.0001_hd128_wd0.0_cosine,"lr0.0001,wd0.0",5127228.9633901315,1.0254483719924312e-05
[24],9,"lr=0.001, wd=0.0",90,layer4_lr0.0001_hd128_wd0.01_cosine,"lr0.0001,wd0.01",8925928.415902404,1.785188262494886e-05
[24],9,"lr=0.001, wd=0.0",90,layer4_lr0.0003_hd128_wd0.0_cosine,"lr0.0003,wd0.0",11885268.386655927,2.3770562566455904e-05
[24],9,"lr=0.001, wd=0.0",90,layer4_lr0.0003_hd128_wd0.01_cosine,"lr0.0003,wd0.01",86058891.60723984,0.00017211780900762373
[24],9,"lr=0.001, wd=0.0",90,layer4_lr0.001_hd128_wd0.0_cosine,"lr0.001,wd0.0",436867493.1357265,0.0008737350120645971
[24],9,"lr=0.001, wd=0.0",90,layer4_lr0.001_hd128_wd0.01_cosine,"lr0.001,wd0.01",157088572.52550122,0.0003141771708441465
[24],9,"lr=0.001, wd=0.0",90,layer4_lr0.003_hd128_wd0.0_cosine,"lr0.003,wd0.0",396802628.53242004,0.0007936052828579842
[24],9,"lr=0.001, wd=0.0",90,layer4_lr0.003_hd128_wd0.01_cosine,"lr0.003,wd0.01",456296587.262108,0.0009125932003173602
[24],10,"lr=0.001, wd=0.01",0,layer4_lr1e-05_hd128_wd0.0_cosine,"lr1e-05,wd0.0",50083878.80662658,0.00010016778340639721
[24],10,"lr=0.001, wd=0.01",0,layer4_lr1e-05_hd128_wd0.01_cosine,"lr1e-05,wd0.01",899190355.7893087,0.0017983807373717613
[24],10,"lr=0.001, wd=0.01",0,layer4_lr3e-05_hd128_wd0.0_cosine,"lr3e-05,wd0.0",2498889396.7849092,0.0049977788193629625
[24],10,"lr=0.001, wd=0.01",0,layer4_lr3e-05_hd128_wd0.01_cosine,"lr3e-05,wd0.01",28751329.14949743,5.7502684092138906e-05
[24],10,"lr=0.001, wd=0.01",0,layer4_lr0.0001_hd128_wd0.0_cosine,"lr0.0001,wd0.0",1183555425.2685459,0.0023671108763302358
[24],10,"lr=0.001, wd=0.01",0,layer4_lr0.0001_hd128_wd0.01_cosine,"lr0.0001,wd0.01",899488863.6476562,0.0017989777530884564
[24],10,"lr=0.001, wd=0.01",0,layer4_lr0.0003_hd128_wd0.0_cosine,"lr0.0003,wd0.0",98239138.83513562,0.0001964783034634153
[24],10,"lr=0.001, wd=0.01",0,layer4_lr0.0003_hd128_wd0.01_cosine,"lr0.0003,wd0.01",1402050929.8410995,0.002804101885475343
[24],10,"lr=0.001, wd=0.01",0,layer4_lr0.001_hd128_wd0.0_cosine,"lr0.001,wd0.0",907165335.0016801,0.0018143306957965042
[24],10,"lr=0.001, wd=0.01",0,layer4_lr0.001_hd128_wd0.01_cosine,"lr0.001,wd0.01",1070360591.6495891,0.002140721209092322
[24],10,"lr=0.001, wd=0.01",0,layer4_lr0.003_hd128_wd0.0_cosine,"lr0.003,wd0.0",520675536.9643947,0.0010413510997219334
[24],10,"lr=0.001, wd=0.01",0,layer4_lr0.003_hd128_wd0.01_cosine,"lr0.003,wd0.01",379163300.35953295,0.00075832662651221
[24],10,"lr=0.001, wd=0.01",5,layer4_lr1e-05_hd128_wd0.0_cosine,"lr1e-05,wd0.0",1091219609.7022038,0.0021824392451975515
[24],10,"lr=0.001, wd=0.01",5,layer4_lr1e-05_hd128_wd0.01_cosine,"lr1e-05,wd0.01",58497729.18179033,0.00011699548415672471
[24],10,"lr=0.001, wd=0.01",5,layer4_lr3e-05_hd128_wd0.0_cosine,"lr3e-05,wd0.0",1824801392.3835711,0.0036496028105602865
[24],10,"lr=0.001, wd=0.01",5,layer4_lr3e-05_hd128_wd0.01_cosine,"lr3e-05,wd0.01",600027530.4146824,0.0012000550866225086
[24],10,"lr=0.001, wd=0.01",5,layer4_lr0.0001_hd128_wd0.0_cosine,"lr0.0001,wd0.0",975791511.3425119,0.0019515830484781677
[24],10,"lr=0.001, wd=0.01",5,layer4_lr0.0001_hd128_wd0.01_cosine,"lr0.0001,wd0.01",38364511.59997366,7.672904899309137e-05
[24],10,"lr=0.001, wd=0.01",5,layer4_lr0.0003_hd128_wd0.0_cosine,"lr0.0003,wd0.0",8450570141.413624,0.01690114030862039
[24],10,"lr=0.001, wd=0.01",5,layer4_lr0.0003_hd128_wd0.01_cosine,"lr0.0003,wd0.01",36686907.144326776,7.33738400817976e-05
[24],10,"lr=0.001, wd=0.01",5,layer4_lr0.001_hd128_wd0.0_cosine,"lr0.001,wd0.0",13379469073.305548,0.02675893817240424
[24],10,"lr=0.001, wd=0.01",5,layer4_lr0.001_hd128_wd0.01_cosine,"lr0.001,wd0.01",18593724.98129536,3.718747575573476e-05
[24],10,"lr=0.001, wd=0.01",5,layer4_lr0.003_hd128_wd0.0_cosine,"lr0.003,wd0.0",11233191019.564753,0.022466382064922647
[24],10,"lr=0.001, wd=0.01",5,layer4_lr0.003_hd128_wd0.01_cosine,"lr0.003,wd0.01",4102478326.475866,0.008204956678744876
[24],10,"lr=0.001, wd=0.01",10,layer4_lr1e-05_hd128_wd0.0_cosine,"lr1e-05,wd0.0",397893582.3698579,0.0007957871905328599
[24],10,"lr=0.001, wd=0.01",10,layer4_lr1e-05_hd128_wd0.01_cosine,"lr1e-05,wd0.01",57878114.591881104,0.00011575625497690626
[24],10,"lr=0.001, wd=0.01",10,layer4_lr3e-05_hd128_wd0.0_cosine,"lr3e-05,wd0.0",20024295.58547101,4.004861696408607e-05
[24],10,"lr=0.001, wd=0.01",10,layer4_lr3e-05_hd128_wd0.01_cosine,"lr3e-05,wd0.01",110851903.7620297,0.00022170383331720345
[24],10,"lr=0.001, wd=0.01",10,layer4_lr0.0001_hd128_wd0.0_cosine,"lr0.0001,wd0.0",2510546570.1179514,0.005021093166029047
[24],10,"lr=0.001, wd=0.01",10,layer4_lr0.0001_hd128_wd0.01_cosine,"lr0.0001,wd0.01",284149488.10567546,0.0005682990020044951
[24],10,"lr=0.001, wd=0.01",10,layer4_lr0.0003_hd128_wd0.0_cosine,"lr0.0003,wd0.0",10195847188.507412,0.020391694402807966
[24],10,"lr=0.001, wd=0.01",10,layer4_lr0.0003_hd128_wd0.01_cosine,"lr0.0003,wd0.01",12123637.689182464,2.424730117150898e-05
[24],10,"lr=0.001, wd=0.01",10,layer4_lr0.001_hd128_wd0.0_cosine,"lr0.001,wd0.0",11440718877.033844,0.022881437779860833
[24],10,"lr=0.001, wd=0.01",10,layer4_lr0.001_hd128_wd0.01_cosine,"lr0.001,wd0.01",265492416.9095355,0.000530984859612215
[24],10,"lr=0.001, wd=0.01",10,layer4_lr0.003_hd128_wd0.0_cosine,"lr0.003,wd0.0",6236438626.783061,0.012472877279359267
[24],10,"lr=0.001, wd=0.01",10,layer4_lr0.003_hd128_wd0.01_cosine,"lr0.003,wd0.01",2160013312.9085083,0.004320026651610161
[24],10,"lr=0.001, wd=0.01",20,layer4_lr1e-05_hd128_wd0.0_cosine,"lr1e-05,wd0.0",208571445.8283731,0.00041714291744989027
[24],10,"lr=0.001, wd=0.01",20,layer4_lr1e-05_hd128_wd0.01_cosine,"lr1e-05,wd0.01",933451221.8810544,0.0018669024695552527
[24],10,"lr=0.001, wd=0.01",20,layer4_lr3e-05_hd128_wd0.0_cosine,"lr3e-05,wd0.0",302801589.53368956,0.0006056032048605232
[24],10,"lr=0.001, wd=0.01",20,layer4_lr3e-05_hd128_wd0.01_cosine,"lr3e-05,wd0.01",94588274.46217808,0.0001891765747175002
[24],10,"lr=0.001, wd=0.01",20,layer4_lr0.0001_hd128_wd0.0_cosine,"lr0.0001,wd0.0",2840089309.968718,0.00568017864573058
[24],10,"lr=0.001, wd=0.01",20,layer4_lr0.0001_hd128_wd0.01_cosine,"lr0.0001,wd0.01",190216882.612782,0.00038043379101870806
[24],10,"lr=0.001, wd=0.01",20,layer4_lr0.0003_hd128_wd0.0_cosine,"lr0.0003,wd0.0",8738951670.428345,0.017477903366649835
[24],10,"lr=0.001, wd=0.01",20,layer4_lr0.0003_hd128_wd0.01_cosine,"lr0.0003,wd0.01",277953.98217386234,5.559337574917742e-07
[24],10,"lr=0.001, wd=0.01",20,layer4_lr0.001_hd128_wd0.0_cosine,"lr0.001,wd0.0",10289104023.014633,0.02057820807182241
[24],10,"lr=0.001, wd=0.01",20,layer4_lr0.001_hd128_wd0.01_cosine,"lr0.001,wd0.01",227599321.6965829,0.00045519866918630985
[24],10,"lr=0.001, wd=0.01",20,layer4_lr0.003_hd128_wd0.0_cosine,"lr0.003,wd0.0",6395797555.485702,0.012791595136764547
[24],10,"lr=0.001, wd=0.01",20,layer4_lr0.003_hd128_wd0.01_cosine,"lr0.003,wd0.01",3969783061.8248377,0.00793956614944282
[24],10,"lr=0.001, wd=0.01",50,layer4_lr1e-05_hd128_wd0.0_cosine,"lr1e-05,wd0.0",107563996.71690862,0.00021512801922696128
[24],10,"lr=0.001, wd=0.01",50,layer4_lr1e-05_hd128_wd0.01_cosine,"lr1e-05,wd0.01",110795119.49751283,0.00022159026478816971
[24],10,"lr=0.001, wd=0.01",50,layer4_lr3e-05_hd128_wd0.0_cosine,"lr3e-05,wd0.0",91493775.42866635,0.00018298757665047676
[24],10,"lr=0.001, wd=0.01",50,layer4_lr3e-05_hd128_wd0.01_cosine,"lr3e-05,wd0.01",68399992.87255833,0.0001368000115382607
[24],10,"lr=0.001, wd=0.01",50,layer4_lr0.0001_hd128_wd0.0_cosine,"lr0.0001,wd0.0",702605517.5085912,0.0014052110608103264
[24],10,"lr=0.001, wd=0.01",50,layer4_lr0.0001_hd128_wd0.01_cosine,"lr0.0001,wd0.01",191779.07313211137,3.8358393940827226e-07
[24],10,"lr=0.001, wd=0.01",50,layer4_lr0.0003_hd128_wd0.0_cosine,"lr0.0003,wd0.0",559285038.5115935,0.001118570102816331
[24],10,"lr=0.001, wd=0.01",50,layer4_lr0.0003_hd128_wd0.01_cosine,"lr0.0003,wd0.01",7154931.87815902,1.4309889549462089e-05
[24],10,"lr=0.001, wd=0.01",50,layer4_lr0.001_hd128_wd0.0_cosine,"lr0.001,wd0.0",51561453.475427665,0.00010312293274399938
[24],10,"lr=0.001, wd=0.01",50,layer4_lr0.001_hd128_wd0.01_cosine,"lr0.001,wd0.01",987497071.3005863,0.0019749941683943166
[24],10,"lr=0.001, wd=0.01",50,layer4_lr0.003_hd128_wd0.0_cosine,"lr0.003,wd0.0",2817544760.897355,0.005635089547587855
[24],10,"lr=0.001, wd=0.01",50,layer4_lr0.003_hd128_wd0.01_cosine,"lr0.003,wd0.01",3982178542.562737,0.007964357110918618
[24],10,"lr=0.001, wd=0.01",90,layer4_lr1e-05_hd128_wd0.0_cosine,"lr1e-05,wd0.0",61687516.14026965,0.00012337505807368334
[24],10,"lr=0.001, wd=0.01",90,layer4_lr1e-05_hd128_wd0.01_cosine,"lr1e-05,wd0.01",27378602.37233306,5.475723053781017e-05
[24],10,"lr=0.001, wd=0.01",90,layer4_lr3e-05_hd128_wd0.0_cosine,"lr3e-05,wd0.0",12852765.229467034,2.570555625207812e-05
[24],10,"lr=0.001, wd=0.01",90,layer4_lr3e-05_hd128_wd0.01_cosine,"lr3e-05,wd0.01",11289591.272931803,2.2579208339007655e-05
[24],10,"lr=0.001, wd=0.01",90,layer4_lr0.0001_hd128_wd0.0_cosine,"lr0.0001,wd0.0",6151256.772000008,1.2302539337144066e-05
[24],10,"lr=0.001, wd=0.01",90,layer4_lr0.0001_hd128_wd0.01_cosine,"lr0.0001,wd0.01",2077147.4704008957,4.154320733945841e-06
[24],10,"lr=0.001, wd=0.01",90,layer4_lr0.0003_hd128_wd0.0_cosine,"lr0.0003,wd0.0",2302145.1484662127,4.604316090076474e-06
[24],10,"lr=0.001, wd=0.01",90,layer4_lr0.0003_hd128_wd0.01_cosine,"lr0.0003,wd0.01",16493812.25556489,3.298765030427383e-05
[24],10,"lr=0.001, wd=0.01",90,layer4_lr0.001_hd128_wd0.0_cosine,"lr0.001,wd0.0",280088794.1618833,0.0005601776141169107
[24],10,"lr=0.001, wd=0.01",90,layer4_lr0.001_hd128_wd0.01_cosine,"lr0.001,wd0.01",48970680.85410561,9.794138750135527e-05
[24],10,"lr=0.001, wd=0.01",90,layer4_lr0.003_hd128_wd0.0_cosine,"lr0.003,wd0.0",66967574.56192658,0.0001339351749169972
[24],10,"lr=0.001, wd=0.01",90,layer4_lr0.003_hd128_wd0.01_cosine,"lr0.003,wd0.01",682954209.5062207,0.0013659084448055855
[24],11,"lr=0.003, wd=0.0",0,layer4_lr1e-05_hd128_wd0.0_cosine,"lr1e-05,wd0.0",35653030.92718304,7.130608764751012e-05
[24],11,"lr=0.003, wd=0.0",0,layer4_lr1e-05_hd128_wd0.01_cosine,"lr1e-05,wd0.01",1034754838.398728,0.0020695097025906
[24],11,"lr=0.003, wd=0.0",0,layer4_lr3e-05_hd128_wd0.0_cosine,"lr3e-05,wd0.0",2379861138.8392196,0.004759722303471583
[24],11,"lr=0.003, wd=0.0",0,layer4_lr3e-05_hd128_wd0.01_cosine,"lr3e-05,wd0.01",6583107.466512303,1.3166240726168654e-05
[24],11,"lr=0.003, wd=0.0",0,layer4_lr0.0001_hd128_wd0.0_cosine,"lr0.0001,wd0.0",1146998540.3279448,0.0022939971064490335
[24],11,"lr=0.003, wd=0.0",0,layer4_lr0.0001_hd128_wd0.01_cosine,"lr0.0001,wd0.01",748410352.9498181,0.0014968207316927802
[24],11,"lr=0.003, wd=0.0",0,layer4_lr0.0003_hd128_wd0.0_cosine,"lr0.0003,wd0.0",90098687.41688846,0.00018019740062692096
[24],11,"lr=0.003, wd=0.0",0,layer4_lr0.0003_hd128_wd0.01_cosine,"lr0.0003,wd0.01",1268555318.0115063,0.002537110661816157
[24],11,"lr=0.003, wd=0.0",0,layer4_lr0.001_hd128_wd0.0_cosine,"lr0.001,wd0.0",797535071.0742136,0.0015950701679415713
[24],11,"lr=0.003, wd=0.0",0,layer4_lr0.001_hd128_wd0.01_cosine,"lr0.001,wd0.01",1063755699.5513006,0.0021275114248957452
[24],11,"lr=0.003, wd=0.0",0,layer4_lr0.003_hd128_wd0.0_cosine,"lr0.003,wd0.0",396822470.2328482,0.0007936449662588406
[24],11,"lr=0.003, wd=0.0",0,layer4_lr0.003_hd128_wd0.01_cosine,"lr0.003,wd0.01",435081974.6468412,0.0008701639750868266
[24],11,"lr=0.003, wd=0.0",5,layer4_lr1e-05_hd128_wd0.0_cosine,"lr1e-05,wd0.0",2224778377.495368,0.00444955678078388
[24],11,"lr=0.003, wd=0.0",5,layer4_lr1e-05_hd128_wd0.01_cosine,"lr1e-05,wd0.01",69957306.24138588,0.0001399146382759158
[24],11,"lr=0.003, wd=0.0",5,layer4_lr3e-05_hd128_wd0.0_cosine,"lr3e-05,wd0.0",5171992187.313093,0.01034398440041933
[24],11,"lr=0.003, wd=0.0",5,layer4_lr3e-05_hd128_wd0.01_cosine,"lr3e-05,wd0.01",1944277859.2522962,0.0038885557442977364
[24],11,"lr=0.003, wd=0.0",5,layer4_lr0.0001_hd128_wd0.0_cosine,"lr0.0001,wd0.0",247961059.10527924,0.0004959221440037025
[24],11,"lr=0.003, wd=0.0",5,layer4_lr0.0001_hd128_wd0.01_cosine,"lr0.0001,wd0.01",1761388105.4826124,0.003522776236758369
[24],11,"lr=0.003, wd=0.0",5,layer4_lr0.0003_hd128_wd0.0_cosine,"lr0.0003,wd0.0",4155485011.279665,0.008310970048352474
[24],11,"lr=0.003, wd=0.0",5,layer4_lr0.0003_hd128_wd0.01_cosine,"lr0.0003,wd0.01",1336344992.401059,0.0026726900105952618
[24],11,"lr=0.003, wd=0.0",5,layer4_lr0.001_hd128_wd0.0_cosine,"lr0.001,wd0.0",8500384610.08243,0.017000769245958003
[24],11,"lr=0.003, wd=0.0",5,layer4_lr0.001_hd128_wd0.01_cosine,"lr0.001,wd0.01",1447705758.2697995,0.002895411542332743
[24],11,"lr=0.003, wd=0.0",5,layer4_lr0.003_hd128_wd0.0_cosine,"lr0.003,wd0.0",4580913328.509103,0.009161826682811349
[24],11,"lr=0.003, wd=0.0",5,layer4_lr0.003_hd128_wd0.01_cosine,"lr0.003,wd0.01",13717321427.466387,0.027434642880725918
[24],11,"lr=0.003, wd=0.0",10,layer4_lr1e-05_hd128_wd0.0_cosine,"lr1e-05,wd0.0",1156278867.5703828,0.00231255776093391
[24],11,"lr=0.003, wd=0.0",10,layer4_lr1e-05_hd128_wd0.01_cosine,"lr1e-05,wd0.01",724273679.3539606,0.0014485473845010652
[24],11,"lr=0.003, wd=0.0",10,layer4_lr3e-05_hd128_wd0.0_cosine,"lr3e-05,wd0.0",1709290071.6580462,0.0034185801691092367
[24],11,"lr=0.003, wd=0.0",10,layer4_lr3e-05_hd128_wd0.01_cosine,"lr3e-05,wd0.01",229607025.60856614,0.0004592140770102763
[24],11,"lr=0.003, wd=0.0",10,layer4_lr0.0001_hd128_wd0.0_cosine,"lr0.0001,wd0.0",311630338.4073223,0.0006232607026077886
[24],11,"lr=0.003, wd=0.0",10,layer4_lr0.0001_hd128_wd0.01_cosine,"lr0.0001,wd0.01",596216130.3338399,0.0011924322864608238
[24],11,"lr=0.003, wd=0.0",10,layer4_lr0.0003_hd128_wd0.0_cosine,"lr0.0003,wd0.0",6710322825.899882,0.013420645677592909
[24],11,"lr=0.003, wd=0.0",10,layer4_lr0.0003_hd128_wd0.01_cosine,"lr0.0003,wd0.01",798350993.4883347,0.0015967020127698132
[24],11,"lr=0.003, wd=0.0",10,layer4_lr0.001_hd128_wd0.0_cosine,"lr0.001,wd0.0",8147427765.404108,0.01629485555660136
[24],11,"lr=0.003, wd=0.0",10,layer4_lr0.001_hd128_wd0.01_cosine,"lr0.001,wd0.01",1694334322.2799566,0.0033886686703530574
[24],11,"lr=0.003, wd=0.0",10,layer4_lr0.003_hd128_wd0.0_cosine,"lr0.003,wd0.0",3692310415.733934,0.007384620857261012
[24],11,"lr=0.003, wd=0.0",10,layer4_lr0.003_hd128_wd0.01_cosine,"lr0.003,wd0.01",4030673850.555972,0.008061347726905088
[24],11,"lr=0.003, wd=0.0",20,layer4_lr1e-05_hd128_wd0.0_cosine,"lr1e-05,wd0.0",26988856.08088641,5.397773795491686e-05
[24],11,"lr=0.003, wd=0.0",20,layer4_lr1e-05_hd128_wd0.01_cosine,"lr1e-05,wd0.01",300179133.31156236,0.0006003582924162688
[24],11,"lr=0.003, wd=0.0",20,layer4_lr3e-05_hd128_wd0.0_cosine,"lr3e-05,wd0.0",35996624.83950164,7.199327547214733e-05
[24],11,"lr=0.003, wd=0.0",20,layer4_lr3e-05_hd128_wd0.01_cosine,"lr3e-05,wd0.01",126239260.66145289,0.00025247854711604983
[24],11,"lr=0.003, wd=0.0",20,layer4_lr0.0001_hd128_wd0.0_cosine,"lr0.0001,wd0.0",1467709170.5744529,0.00293541836694205
[24],11,"lr=0.003, wd=0.0",20,layer4_lr0.0001_hd128_wd0.01_cosine,"lr0.0001,wd0.01",113652251.23793074,0.00022730452826900553
[24],11,"lr=0.003, wd=0.0",20,layer4_lr0.0003_hd128_wd0.0_cosine,"lr0.0003,wd0.0",6656182696.019645,0.013312365417832433
[24],11,"lr=0.003, wd=0.0",20,layer4_lr0.0003_hd128_wd0.01_cosine,"lr0.0003,wd0.01",600824134.6101968,0.0012016482950135377
[24],11,"lr=0.003, wd=0.0",20,layer4_lr0.001_hd128_wd0.0_cosine,"lr0.001,wd0.0",8647582415.101915,0.017295164855996976
[24],11,"lr=0.003, wd=0.0",20,layer4_lr0.001_hd128_wd0.01_cosine,"lr0.001,wd0.01",1655312831.553346,0.003310625688899836
[24],11,"lr=0.003, wd=0.0",20,layer4_lr0.003_hd128_wd0.0_cosine,"lr0.003,wd0.0",4585004728.777708,0.00917000948334856
[24],11,"lr=0.003, wd=0.0",20,layer4_lr0.003_hd128_wd0.01_cosine,"lr0.003,wd0.01",6129361520.362553,0.01225872306651825
[24],11,"lr=0.003, wd=0.0",50,layer4_lr1e-05_hd128_wd0.0_cosine,"lr1e-05,wd0.0",48316299.456531495,9.663262470620703e-05
[24],11,"lr=0.003, wd=0.0",50,layer4_lr1e-05_hd128_wd0.01_cosine,"lr1e-05,wd0.01",47918770.73903866,9.583756727122137e-05
[24],11,"lr=0.003, wd=0.0",50,layer4_lr3e-05_hd128_wd0.0_cosine,"lr3e-05,wd0.0",17938039.49843161,3.587610479000727e-05
[24],11,"lr=0.003, wd=0.0",50,layer4_lr3e-05_hd128_wd0.01_cosine,"lr3e-05,wd0.01",269677.591925434,5.393809769949175e-07
[24],11,"lr=0.003, wd=0.0",50,layer4_lr0.0001_hd128_wd0.0_cosine,"lr0.0001,wd0.0",498673000.0669478,0.0009973460259270397
[24],11,"lr=0.003, wd=0.0",50,layer4_lr0.0001_hd128_wd0.01_cosine,"lr0.0001,wd0.01",53380977.49962729,0.00010676198079239864
[24],11,"lr=0.003, wd=0.0",50,layer4_lr0.0003_hd128_wd0.0_cosine,"lr0.0003,wd0.0",515626211.45595145,0.001031252448705047
[24],11,"lr=0.003, wd=0.0",50,layer4_lr0.0003_hd128_wd0.01_cosine,"lr0.0003,wd0.01",159045391.66428682,0.0003180908091217177
[24],11,"lr=0.003, wd=0.0",50,layer4_lr0.001_hd128_wd0.0_cosine,"lr0.001,wd0.0",364405309.34977007,0.0007288106444926842
[24],11,"lr=0.003, wd=0.0",50,layer4_lr0.001_hd128_wd0.01_cosine,"lr0.001,wd0.01",1964444384.1767917,0.003928888794146728
[24],11,"lr=0.003, wd=0.0",50,layer4_lr0.003_hd128_wd0.0_cosine,"lr0.003,wd0.0",2335058231.441562,0.004670116488676269
[24],11,"lr=0.003, wd=0.0",50,layer4_lr0.003_hd128_wd0.01_cosine,"lr0.003,wd0.01",5158383772.944197,0.010316767571681538
[24],11,"lr=0.003, wd=0.0",90,layer4_lr1e-05_hd128_wd0.0_cosine,"lr1e-05,wd0.0",38630538.942753464,7.726110367865097e-05
[24],11,"lr=0.003, wd=0.0",90,layer4_lr1e-05_hd128_wd0.01_cosine,"lr1e-05,wd0.01",12393856.425688243,2.4787738644520536e-05
[24],11,"lr=0.003, wd=0.0",90,layer4_lr3e-05_hd128_wd0.0_cosine,"lr3e-05,wd0.0",3095936.5962491296,6.1918989856423085e-06
[24],11,"lr=0.003, wd=0.0",90,layer4_lr3e-05_hd128_wd0.01_cosine,"lr3e-05,wd0.01",973757.8549648579,1.9475415030737654e-06
[24],11,"lr=0.003, wd=0.0",90,layer4_lr0.0001_hd128_wd0.0_cosine,"lr0.0001,wd0.0",349910.4642250905,6.998467215942305e-07
[24],11,"lr=0.003, wd=0.0",90,layer4_lr0.0001_hd128_wd0.01_cosine,"lr0.0001,wd0.01",8170952.646785686,1.634193108671542e-05
[24],11,"lr=0.003, wd=0.0",90,layer4_lr0.0003_hd128_wd0.0_cosine,"lr0.0003,wd0.0",220311.71763570653,4.406492284154626e-07
[24],11,"lr=0.003, wd=0.0",90,layer4_lr0.0003_hd128_wd0.01_cosine,"lr0.0003,wd0.01",78849746.1291183,0.00015769951805138062
[24],11,"lr=0.003, wd=0.0",90,layer4_lr0.001_hd128_wd0.0_cosine,"lr0.001,wd0.0",328956645.3997616,0.0006579133165926673
[24],11,"lr=0.003, wd=0.0",90,layer4_lr0.001_hd128_wd0.01_cosine,"lr0.001,wd0.01",136488665.4086962,0.00027297735661053644
[24],11,"lr=0.003, wd=0.0",90,layer4_lr0.003_hd128_wd0.0_cosine,"lr0.003,wd0.0",157911572.86585283,0.0003158231715248497
[24],11,"lr=0.003, wd=0.0",90,layer4_lr0.003_hd128_wd0.01_cosine,"lr0.003,wd0.01",507445289.8184853,0.0010148906054301147
[24],12,"lr=0.003, wd=0.01",0,layer4_lr1e-05_hd128_wd0.0_cosine,"lr1e-05,wd0.0",49422614.57872225,9.884525495058855e-05
[24],12,"lr=0.003, wd=0.01",0,layer4_lr1e-05_hd128_wd0.01_cosine,"lr1e-05,wd0.01",1979755470.8540387,0.003959510967501222
[24],12,"lr=0.003, wd=0.01",0,layer4_lr3e-05_hd128_wd0.0_cosine,"lr3e-05,wd0.0",1376491571.7321575,0.0027529831692574593
[24],12,"lr=0.003, wd=0.01",0,layer4_lr3e-05_hd128_wd0.01_cosine,"lr3e-05,wd0.01",62976945.338410795,0.00012595391646996564
[24],12,"lr=0.003, wd=0.01",0,layer4_lr0.0001_hd128_wd0.0_cosine,"lr0.0001,wd0.0",566376827.9829091,0.001132753681758962
[24],12,"lr=0.003, wd=0.01",0,layer4_lr0.0001_hd128_wd0.01_cosine,"lr0.0001,wd0.01",366161345.47712314,0.0007323227167473904
[24],12,"lr=0.003, wd=0.01",0,layer4_lr0.0003_hd128_wd0.0_cosine,"lr0.0003,wd0.0",332017647.0241208,0.0006640353198413857
[24],12,"lr=0.003, wd=0.01",0,layer4_lr0.0003_hd128_wd0.01_cosine,"lr0.0003,wd0.01",864499019.5126467,0.0017289980648184373
[24],12,"lr=0.003, wd=0.01",0,layer4_lr0.001_hd128_wd0.0_cosine,"lr0.001,wd0.0",1238861668.383877,0.0024777233625608982
[24],12,"lr=0.003, wd=0.01",0,layer4_lr0.001_hd128_wd0.01_cosine,"lr0.001,wd0.01",811071457.9002658,0.0016221429415936757
[24],12,"lr=0.003, wd=0.01",0,layer4_lr0.003_hd128_wd0.0_cosine,"lr0.003,wd0.0",646258386.4116386,0.001292516798616421
[24],12,"lr=0.003, wd=0.01",0,layer4_lr0.003_hd128_wd0.01_cosine,"lr0.003,wd0.01",303722472.77754444,0.0006074449713482329
[24],12,"lr=0.003, wd=0.01",5,layer4_lr1e-05_hd128_wd0.0_cosine,"lr1e-05,wd0.0",500936379.7467162,0.0010018727852865764
[24],12,"lr=0.003, wd=0.01",5,layer4_lr1e-05_hd128_wd0.01_cosine,"lr1e-05,wd0.01",3084001167.2681003,0.006168002360329344
[24],12,"lr=0.003, wd=0.01",5,layer4_lr3e-05_hd128_wd0.0_cosine,"lr3e-05,wd0.0",1106097987.4395206,0.0022121960006721854
[24],12,"lr=0.003, wd=0.01",5,layer4_lr3e-05_hd128_wd0.01_cosine,"lr3e-05,wd0.01",2376518637.9795947,0.004753037301752333
[24],12,"lr=0.003, wd=0.01",5,layer4_lr0.0001_hd128_wd0.0_cosine,"lr0.0001,wd0.0",4804983355.822444,0.009609966737438032
[24],12,"lr=0.003, wd=0.01",5,layer4_lr0.0001_hd128_wd0.01_cosine,"lr0.0001,wd0.01",1728295516.550285,0.0034565910588937143
[24],12,"lr=0.003, wd=0.01",5,layer4_lr0.0003_hd128_wd0.0_cosine,"lr0.0003,wd0.0",14266450452.789822,0.028532900931372788
[24],12,"lr=0.003, wd=0.01",5,layer4_lr0.0003_hd128_wd0.01_cosine,"lr0.0003,wd0.01",696273850.9681892,0.0013925477277295225
[24],12,"lr=0.003, wd=0.01",5,layer4_lr0.001_hd128_wd0.0_cosine,"lr0.001,wd0.0",20188057792.397736,0.04037611561058861
[24],12,"lr=0.003, wd=0.01",5,layer4_lr0.001_hd128_wd0.01_cosine,"lr0.001,wd0.01",3568136177.164523,0.007136272380122191
[24],12,"lr=0.003, wd=0.01",5,layer4_lr0.003_hd128_wd0.0_cosine,"lr0.003,wd0.0",18467786122.55811,0.036935572270909364
[24],12,"lr=0.003, wd=0.01",5,layer4_lr0.003_hd128_wd0.01_cosine,"lr0.003,wd0.01",1196280246.1588686,0.002392560518110881
[24],12,"lr=0.003, wd=0.01",10,layer4_lr1e-05_hd128_wd0.0_cosine,"lr1e-05,wd0.0",333982398.80973524,0.0006679648234126146
[24],12,"lr=0.003, wd=0.01",10,layer4_lr1e-05_hd128_wd0.01_cosine,"lr1e-05,wd0.01",806545090.0293436,0.0016130902058518312
[24],12,"lr=0.003, wd=0.01",10,layer4_lr3e-05_hd128_wd0.0_cosine,"lr3e-05,wd0.0",1481164449.1741805,0.0029623289241415053
[24],12,"lr=0.003, wd=0.01",10,layer4_lr3e-05_hd128_wd0.01_cosine,"lr3e-05,wd0.01",3699361796.7089143,0.007398723619210973
[24],12,"lr=0.003, wd=0.01",10,layer4_lr0.0001_hd128_wd0.0_cosine,"lr0.0001,wd0.0",5547722669.598808,0.01109544536499076
[24],12,"lr=0.003, wd=0.01",10,layer4_lr0.0001_hd128_wd0.01_cosine,"lr0.0001,wd0.01",2561809022.632834,0.005123618071058812
[24],12,"lr=0.003, wd=0.01",10,layer4_lr0.0003_hd128_wd0.0_cosine,"lr0.0003,wd0.0",14308345226.753876,0.028616690479300894
[24],12,"lr=0.003, wd=0.01",10,layer4_lr0.0003_hd128_wd0.01_cosine,"lr0.0003,wd0.01",850544010.3090893,0.0017010880464113226
[24],12,"lr=0.003, wd=0.01",10,layer4_lr0.001_hd128_wd0.0_cosine,"lr0.001,wd0.0",14849217999.93682,0.029698436025666783
[24],12,"lr=0.003, wd=0.01",10,layer4_lr0.001_hd128_wd0.01_cosine,"lr0.001,wd0.01",204541975.0602373,0.0004090839759136186
[24],12,"lr=0.003, wd=0.01",10,layer4_lr0.003_hd128_wd0.0_cosine,"lr0.003,wd0.0",9381868269.212751,0.018763736564218647
[24],12,"lr=0.003, wd=0.01",10,layer4_lr0.003_hd128_wd0.01_cosine,"lr0.003,wd0.01",200959264.76740274,0.0004019185553279495
[24],12,"lr=0.003, wd=0.01",20,layer4_lr1e-05_hd128_wd0.0_cosine,"lr1e-05,wd0.0",1105817626.2776015,0.002211635278348347
[24],12,"lr=0.003, wd=0.01",20,layer4_lr1e-05_hd128_wd0.01_cosine,"lr1e-05,wd0.01",2571647808.444299,0.005143295642681743
[24],12,"lr=0.003, wd=0.01",20,layer4_lr3e-05_hd128_wd0.0_cosine,"lr3e-05,wd0.0",1331798961.2425768,0.0026635979482782977
[24],12,"lr=0.003, wd=0.01",20,layer4_lr3e-05_hd128_wd0.01_cosine,"lr3e-05,wd0.01",1134932172.0233583,0.002269864369839861
[24],12,"lr=0.003, wd=0.01",20,layer4_lr0.0001_hd128_wd0.0_cosine,"lr0.0001,wd0.0",4695722492.347136,0.009391445010487415
[24],12,"lr=0.003, wd=0.01",20,layer4_lr0.0001_hd128_wd0.01_cosine,"lr0.0001,wd0.01",1090268041.3153665,0.0021805361084238774
[24],12,"lr=0.003, wd=0.01",20,layer4_lr0.0003_hd128_wd0.0_cosine,"lr0.0003,wd0.0",10507539486.34477,0.021015078998482685
[24],12,"lr=0.003, wd=0.01",20,layer4_lr0.0003_hd128_wd0.01_cosine,"lr0.0003,wd0.01",329231200.7562517,0.0006584624273056475
[24],12,"lr=0.003, wd=0.01",20,layer4_lr0.001_hd128_wd0.0_cosine,"lr0.001,wd0.0",11662650894.170277,0.023325301814133698
[24],12,"lr=0.003, wd=0.01",20,layer4_lr0.001_hd128_wd0.01_cosine,"lr0.001,wd0.01",123289641.70013382,0.0002465793091934117
[24],12,"lr=0.003, wd=0.01",20,layer4_lr0.003_hd128_wd0.0_cosine,"lr0.003,wd0.0",8100481951.203476,0.016200963928200095
[24],12,"lr=0.003, wd=0.01",20,layer4_lr0.003_hd128_wd0.01_cosine,"lr0.003,wd0.01",1419945301.6633532,0.0028398906291198507
[24],12,"lr=0.003, wd=0.01",50,layer4_lr1e-05_hd128_wd0.0_cosine,"lr1e-05,wd0.0",165556670.09553733,0.0003311133659842187
[24],12,"lr=0.003, wd=0.01",50,layer4_lr1e-05_hd128_wd0.01_cosine,"lr1e-05,wd0.01",163606281.11718562,0.0003272125880275153
[24],12,"lr=0.003, wd=0.01",50,layer4_lr3e-05_hd128_wd0.0_cosine,"lr3e-05,wd0.0",231480707.48517638,0.0004629614407634968
[24],12,"lr=0.003, wd=0.01",50,layer4_lr3e-05_hd128_wd0.01_cosine,"lr3e-05,wd0.01",240039347.60894617,0.0004800787210110364
[24],12,"lr=0.003, wd=0.01",50,layer4_lr0.0001_hd128_wd0.0_cosine,"lr0.0001,wd0.0",780710979.9474002,0.0015614219856879444
[24],12,"lr=0.003, wd=0.01",50,layer4_lr0.0001_hd128_wd0.01_cosine,"lr0.0001,wd0.01",25848779.452396788,5.169758469793762e-05
[24],12,"lr=0.003, wd=0.01",50,layer4_lr0.0003_hd128_wd0.0_cosine,"lr0.0003,wd0.0",644498515.8177049,0.0012889970574285537
[24],12,"lr=0.003, wd=0.01",50,layer4_lr0.0003_hd128_wd0.01_cosine,"lr0.0003,wd0.01",10529182.718327418,2.1058391229798887e-05
[24],12,"lr=0.003, wd=0.01",50,layer4_lr0.001_hd128_wd0.0_cosine,"lr0.001,wd0.0",33474037.508980986,6.694810081110601e-05
[24],12,"lr=0.003, wd=0.01",50,layer4_lr0.001_hd128_wd0.01_cosine,"lr0.001,wd0.01",597305011.1907839,0.0011946100481747116
[24],12,"lr=0.003, wd=0.01",50,layer4_lr0.003_hd128_wd0.0_cosine,"lr0.003,wd0.0",2823398370.0623636,0.005646796765917872
[24],12,"lr=0.003, wd=0.01",50,layer4_lr0.003_hd128_wd0.01_cosine,"lr0.003,wd0.01",2228162504.6415086,0.004456325035076161
[24],12,"lr=0.003, wd=0.01",90,layer4_lr1e-05_hd128_wd0.0_cosine,"lr1e-05,wd0.0",54469287.292979136,0.00010893860037910232
[24],12,"lr=0.003, wd=0.01",90,layer4_lr1e-05_hd128_wd0.01_cosine,"lr1e-05,wd0.01",23750332.875265863,4.7500691543675774e-05
[24],12,"lr=0.003, wd=0.01",90,layer4_lr3e-05_hd128_wd0.0_cosine,"lr3e-05,wd0.0",19960521.32005987,3.992106843326379e-05
[24],12,"lr=0.003, wd=0.01",90,layer4_lr3e-05_hd128_wd0.01_cosine,"lr3e-05,wd0.01",16373898.906169375,3.27478236054828e-05
[24],12,"lr=0.003, wd=0.01",90,layer4_lr0.0001_hd128_wd0.0_cosine,"lr0.0001,wd0.0",2090389.2502346728,4.180804293613395e-06
[24],12,"lr=0.003, wd=0.01",90,layer4_lr0.0001_hd128_wd0.01_cosine,"lr0.0001,wd0.01",9203866.15946414,1.840775811207233e-05
[24],12,"lr=0.003, wd=0.01",90,layer4_lr0.0003_hd128_wd0.0_cosine,"lr0.0003,wd0.0",1003279.7599442693,2.0065853130325883e-06
[24],12,"lr=0.003, wd=0.01",90,layer4_lr0.0003_hd128_wd0.01_cosine,"lr0.0003,wd0.01",6440645.972877279,1.2881317738898607e-05
[24],12,"lr=0.003, wd=0.01",90,layer4_lr0.001_hd128_wd0.0_cosine,"lr0.001,wd0.0",329670324.20330733,0.0006593406741997588
[24],12,"lr=0.003, wd=0.01",90,layer4_lr0.001_hd128_wd0.01_cosine,"lr0.001,wd0.01",1207063.6432966052,2.41415307973726e-06
[24],12,"lr=0.003, wd=0.01",90,layer4_lr0.003_hd128_wd0.0_cosine,"lr0.003,wd0.0",75783939.15819523,0.0001515679041095345
[24],12,"lr=0.003, wd=0.01",90,layer4_lr0.003_hd128_wd0.01_cosine,"lr0.003,wd0.01",374822877.88799655,0.0007496457815691372
[32],1,"lr=1e-05, wd=0.0",0,layer4_lr1e-05_hd128_wd0.0_cosine,"lr1e-05,wd0.0",8045703222.136572,0.016091406470066287
[32],1,"lr=1e-05, wd=0.0",0,layer4_lr1e-05_hd128_wd0.01_cosine,"lr1e-05,wd0.01",2901278665.2039943,0.005802557356201133
[32],1,"lr=1e-05, wd=0.0",0,layer4_lr3e-05_hd128_wd0.0_cosine,"lr3e-05,wd0.0",16317880256.503857,0.03263576053880086
[32],1,"lr=1e-05, wd=0.0",0,layer4_lr3e-05_hd128_wd0.01_cosine,"lr3e-05,wd0.01",7022968873.505604,0.014045937772804351
[32],1,"lr=1e-05, wd=0.0",0,layer4_lr0.0001_hd128_wd0.0_cosine,"lr0.0001,wd0.0",11928230122.720114,0.023856460271233372
[32],1,"lr=1e-05, wd=0.0",0,layer4_lr0.0001_hd128_wd0.01_cosine,"lr0.0001,wd0.01",10919893914.082617,0.02183978785395838
[32],1,"lr=1e-05, wd=0.0",0,layer4_lr0.0003_hd128_wd0.0_cosine,"lr0.0003,wd0.0",4010423045.3219404,0.008020846116437025
[32],1,"lr=1e-05, wd=0.0",0,layer4_lr0.0003_hd128_wd0.01_cosine,"lr0.0003,wd0.01",12043830150.951633,0.024087660327696412
[32],1,"lr=1e-05, wd=0.0",0,layer4_lr0.001_hd128_wd0.0_cosine,"lr0.001,wd0.0",1776790535.3806036,0.0035535810965543514
[32],1,"lr=1e-05, wd=0.0",0,layer4_lr0.001_hd128_wd0.01_cosine,"lr0.001,wd0.01",10780493423.232105,0.021560986872257354
[32],1,"lr=1e-05, wd=0.0",0,layer4_lr0.003_hd128_wd0.0_cosine,"lr0.003,wd0.0",2397783357.710531,0.004795566741214207
[32],1,"lr=1e-05, wd=0.0",0,layer4_lr0.003_hd128_wd0.01_cosine,"lr0.003,wd0.01",8101326159.133336,0.016202652344059817
[32],1,"lr=1e-05, wd=0.0",5,layer4_lr1e-05_hd128_wd0.0_cosine,"lr1e-05,wd0.0",1513080797.4366457,0.0030261616206664356
[32],1,"lr=1e-05, wd=0.0",5,layer4_lr1e-05_hd128_wd0.01_cosine,"lr1e-05,wd0.01",67439648.55434403,0.0001348793229018321
[32],1,"lr=1e-05, wd=0.0",5,layer4_lr3e-05_hd128_wd0.0_cosine,"lr3e-05,wd0.0",33403781.500201482,6.680758879354701e-05
[32],1,"lr=1e-05, wd=0.0",5,layer4_lr3e-05_hd128_wd0.01_cosine,"lr3e-05,wd0.01",549686819.4927459,0.0010993736647786356
[32],1,"lr=1e-05, wd=0.0",5,layer4_lr0.0001_hd128_wd0.0_cosine,"lr0.0001,wd0.0",2118871241.516828,0.0042377425088268
[32],1,"lr=1e-05, wd=0.0",5,layer4_lr0.0001_hd128_wd0.01_cosine,"lr0.0001,wd0.01",93924746.78446127,0.0001878495193620666
[32],1,"lr=1e-05, wd=0.0",5,layer4_lr0.0003_hd128_wd0.0_cosine,"lr0.0003,wd0.0",13898317638.743483,0.02779663530328011
[32],1,"lr=1e-05, wd=0.0",5,layer4_lr0.0003_hd128_wd0.01_cosine,"lr0.0003,wd0.01",218448127.71297807,0.0004368962812191002
[32],1,"lr=1e-05, wd=0.0",5,layer4_lr0.001_hd128_wd0.0_cosine,"lr0.001,wd0.0",24249959162.086422,0.04849991834996599
[32],1,"lr=1e-05, wd=0.0",5,layer4_lr0.001_hd128_wd0.01_cosine,"lr0.001,wd0.01",5798430379.901891,0.011596860785596925
[32],1,"lr=1e-05, wd=0.0",5,layer4_lr0.003_hd128_wd0.0_cosine,"lr0.003,wd0.0",25133486684.594913,0.05026697339498297
[32],1,"lr=1e-05, wd=0.0",5,layer4_lr0.003_hd128_wd0.01_cosine,"lr0.003,wd0.01",4001711620.9191213,0.008003423267631387
[32],1,"lr=1e-05, wd=0.0",10,layer4_lr1e-05_hd128_wd0.0_cosine,"lr1e-05,wd0.0",809033550.7757846,0.001618067127344713
[32],1,"lr=1e-05, wd=0.0",10,layer4_lr1e-05_hd128_wd0.01_cosine,"lr1e-05,wd0.01",249426240.81916517,0.0004988525074314744
[32],1,"lr=1e-05, wd=0.0",10,layer4_lr3e-05_hd128_wd0.0_cosine,"lr3e-05,wd0.0",8004823.60849216,1.600967301012837e-05
[32],1,"lr=1e-05, wd=0.0",10,layer4_lr3e-05_hd128_wd0.01_cosine,"lr3e-05,wd0.01",832556916.1816283,0.0016651138581564007
[32],1,"lr=1e-05, wd=0.0",10,layer4_lr0.0001_hd128_wd0.0_cosine,"lr0.0001,wd0.0",3457697376.9312363,0.006915394779655616
[32],1,"lr=1e-05, wd=0.0",10,layer4_lr0.0001_hd128_wd0.01_cosine,"lr0.0001,wd0.01",518583873.2661087,0.0010371677723253615
[32],1,"lr=1e-05, wd=0.0",10,layer4_lr0.0003_hd128_wd0.0_cosine,"lr0.0003,wd0.0",15079170034.020998,0.03015834009383514
[32],1,"lr=1e-05, wd=0.0",10,layer4_lr0.0003_hd128_wd0.01_cosine,"lr0.0003,wd0.01",597797160.3451462,0.0011955943464834363
[32],1,"lr=1e-05, wd=0.0",10,layer4_lr0.001_hd128_wd0.0_cosine,"lr0.001,wd0.0",17729232702.641037,0.03545846543107522
[32],1,"lr=1e-05, wd=0.0",10,layer4_lr0.001_hd128_wd0.01_cosine,"lr0.001,wd0.01",18798744.308488164,3.7597514410120375e-05
[32],1,"lr=1e-05, wd=0.0",10,layer4_lr0.003_hd128_wd0.0_cosine,"lr0.003,wd0.0",10763277123.405573,0.02152655427260429
[32],1,"lr=1e-05, wd=0.0",10,layer4_lr0.003_hd128_wd0.01_cosine,"lr0.003,wd0.01",801169152.3328576,0.001602338330458859
[32],1,"lr=1e-05, wd=0.0",20,layer4_lr1e-05_hd128_wd0.0_cosine,"lr1e-05,wd0.0",56977456.0643228,0.00011395493792178965
[32],1,"lr=1e-05, wd=0.0",20,layer4_lr1e-05_hd128_wd0.01_cosine,"lr1e-05,wd0.01",90389833.82357404,0.0001807796934402921
[32],1,"lr=1e-05, wd=0.0",20,layer4_lr3e-05_hd128_wd0.0_cosine,"lr3e-05,wd0.0",246949972.6320827,0.0004938999710573094
[32],1,"lr=1e-05, wd=0.0",20,layer4_lr3e-05_hd128_wd0.01_cosine,"lr3e-05,wd0.01",94578337.35744578,0.0001891567005080356
[32],1,"lr=1e-05, wd=0.0",20,layer4_lr0.0001_hd128_wd0.0_cosine,"lr0.0001,wd0.0",3956191831.611281,0.007912383689015706
[32],1,"lr=1e-05, wd=0.0",20,layer4_lr0.0001_hd128_wd0.01_cosine,"lr0.0001,wd0.01",358488026.4987928,0.0007169760787907297
[32],1,"lr=1e-05, wd=0.0",20,layer4_lr0.0003_hd128_wd0.0_cosine,"lr0.0003,wd0.0",11616179459.34572,0.023232358944484586
[32],1,"lr=1e-05, wd=0.0",20,layer4_lr0.0003_hd128_wd0.01_cosine,"lr0.0003,wd0.01",261326910.05329564,0.0005226538458997353
[32],1,"lr=1e-05, wd=0.0",20,layer4_lr0.001_hd128_wd0.0_cosine,"lr0.001,wd0.0",13926818736.657486,0.027853637499108116
[32],1,"lr=1e-05, wd=0.0",20,layer4_lr0.001_hd128_wd0.01_cosine,"lr0.001,wd0.01",328586468.96999043,0.000657172963733125
[32],1,"lr=1e-05, wd=0.0",20,layer4_lr0.003_hd128_wd0.0_cosine,"lr0.003,wd0.0",9953572354.448341,0.019907144734689828
[32],1,"lr=1e-05, wd=0.0",20,layer4_lr0.003_hd128_wd0.01_cosine,"lr0.003,wd0.01",2984480859.8989005,0.005968961745590945
[32],1,"lr=1e-05, wd=0.0",50,layer4_lr1e-05_hd128_wd0.0_cosine,"lr1e-05,wd0.0",87184.10491123488,1.743940029665193e-07
[32],1,"lr=1e-05, wd=0.0",50,layer4_lr1e-05_hd128_wd0.01_cosine,"lr1e-05,wd0.01",2990425.4422796383,5.980876677703326e-06
[32],1,"lr=1e-05, wd=0.0",50,layer4_lr3e-05_hd128_wd0.0_cosine,"lr3e-05,wd0.0",120729315.99590172,0.00024145865778494747
[32],1,"lr=1e-05, wd=0.0",50,layer4_lr3e-05_hd128_wd0.01_cosine,"lr3e-05,wd0.01",47605870.03289133,9.521176585892671e-05
[32],1,"lr=1e-05, wd=0.0",50,layer4_lr0.0001_hd128_wd0.0_cosine,"lr0.0001,wd0.0",806482582.155204,0.001612965190103552
[32],1,"lr=1e-05, wd=0.0",50,layer4_lr0.0001_hd128_wd0.01_cosine,"lr0.0001,wd0.01",5571574.422301392,1.1143174637746833e-05
[32],1,"lr=1e-05, wd=0.0",50,layer4_lr0.0003_hd128_wd0.0_cosine,"lr0.0003,wd0.0",1661105203.4858127,0.0033222104327647697
[32],1,"lr=1e-05, wd=0.0",50,layer4_lr0.0003_hd128_wd0.01_cosine,"lr0.0003,wd0.01",101.7685543039255,2.2933025265737022e-10
[32],1,"lr=1e-05, wd=0.0",50,layer4_lr0.001_hd128_wd0.0_cosine,"lr0.001,wd0.0",1244781246.1115503,0.0024895625180162448
[32],1,"lr=1e-05, wd=0.0",50,layer4_lr0.001_hd128_wd0.01_cosine,"lr0.001,wd0.01",997295446.0259523,0.0019945909178450487
[32],1,"lr=1e-05, wd=0.0",50,layer4_lr0.003_hd128_wd0.0_cosine,"lr0.003,wd0.0",3068505005.0352235,0.006137010035863591
[32],1,"lr=1e-05, wd=0.0",50,layer4_lr0.003_hd128_wd0.01_cosine,"lr0.003,wd0.01",4014562680.22404,0.008029125386241225
[32],1,"lr=1e-05, wd=0.0",90,layer4_lr1e-05_hd128_wd0.0_cosine,"lr1e-05,wd0.0",19770198.140949424,3.9540422075042896e-05
[32],1,"lr=1e-05, wd=0.0",90,layer4_lr1e-05_hd128_wd0.01_cosine,"lr1e-05,wd0.01",341628.62864863104,6.832830504413115e-07
[32],1,"lr=1e-05, wd=0.0",90,layer4_lr3e-05_hd128_wd0.0_cosine,"lr3e-05,wd0.0",19478356.015210222,3.895673782356449e-05
[32],1,"lr=1e-05, wd=0.0",90,layer4_lr3e-05_hd128_wd0.01_cosine,"lr3e-05,wd0.01",5314060.409728134,1.0628146612600318e-05
[32],1,"lr=1e-05, wd=0.0",90,layer4_lr0.0001_hd128_wd0.0_cosine,"lr0.0001,wd0.0",22662708.069032457,4.532544193120896e-05
[32],1,"lr=1e-05, wd=0.0",90,layer4_lr0.0001_hd128_wd0.01_cosine,"lr0.0001,wd0.01",6117122.632760541,1.223427105866513e-05
[32],1,"lr=1e-05, wd=0.0",90,layer4_lr0.0003_hd128_wd0.0_cosine,"lr0.0003,wd0.0",158968799.4499377,0.00031793762469301944
[32],1,"lr=1e-05, wd=0.0",90,layer4_lr0.0003_hd128_wd0.01_cosine,"lr0.0003,wd0.01",11881351.217248507,2.3762728227641065e-05
[32],1,"lr=1e-05, wd=0.0",90,layer4_lr0.001_hd128_wd0.0_cosine,"lr0.001,wd0.0",856721264.0228052,0.0017134425538387543
[32],1,"lr=1e-05, wd=0.0",90,layer4_lr0.001_hd128_wd0.01_cosine,"lr0.001,wd0.01",22196445.92745949,4.4392917648063024e-05
[32],1,"lr=1e-05, wd=0.0",90,layer4_lr0.003_hd128_wd0.0_cosine,"lr0.003,wd0.0",627814882.2853191,0.001255629790363782
[32],1,"lr=1e-05, wd=0.0",90,layer4_lr0.003_hd128_wd0.01_cosine,"lr0.003,wd0.01",464500314.2367357,0.0009290006542666155
[32],2,"lr=1e-05, wd=0.01",0,layer4_lr1e-05_hd128_wd0.0_cosine,"lr1e-05,wd0.0",12171768508.125675,0.024343537042044495
[32],2,"lr=1e-05, wd=0.01",0,layer4_lr1e-05_hd128_wd0.01_cosine,"lr1e-05,wd0.01",5406869897.318323,0.010813739820429791
[32],2,"lr=1e-05, wd=0.01",0,layer4_lr3e-05_hd128_wd0.0_cosine,"lr3e-05,wd0.0",22011669354.923496,0.044023338735640134
[32],2,"lr=1e-05, wd=0.01",0,layer4_lr3e-05_hd128_wd0.01_cosine,"lr3e-05,wd0.01",10720786940.334728,0.0214415739064626
[32],2,"lr=1e-05, wd=0.01",0,layer4_lr0.0001_hd128_wd0.0_cosine,"lr0.0001,wd0.0",16884616327.762598,0.03376923268131834
[32],2,"lr=1e-05, wd=0.01",0,layer4_lr0.0001_hd128_wd0.01_cosine,"lr0.0001,wd0.01",15605708376.705591,0.031211416779204325
[32],2,"lr=1e-05, wd=0.01",0,layer4_lr0.0003_hd128_wd0.0_cosine,"lr0.0003,wd0.0",7079497179.574322,0.014158994384941788
[32],2,"lr=1e-05, wd=0.01",0,layer4_lr0.0003_hd128_wd0.01_cosine,"lr0.0003,wd0.01",17094396275.31002,0.034188792576413184
[32],2,"lr=1e-05, wd=0.01",0,layer4_lr0.001_hd128_wd0.0_cosine,"lr0.001,wd0.0",3985821494.009593,0.00797164301381233
[32],2,"lr=1e-05, wd=0.01",0,layer4_lr0.001_hd128_wd0.01_cosine,"lr0.001,wd0.01",15710275500.840523,0.03142055102747419
[32],2,"lr=1e-05, wd=0.01",0,layer4_lr0.003_hd128_wd0.0_cosine,"lr0.003,wd0.0",4938508041.122177,0.009877016108037498
[32],2,"lr=1e-05, wd=0.01",0,layer4_lr0.003_hd128_wd0.01_cosine,"lr0.003,wd0.01",12513291829.560196,0.025026583684913537
[32],2,"lr=1e-05, wd=0.01",5,layer4_lr1e-05_hd128_wd0.0_cosine,"lr1e-05,wd0.0",1695350918.3129847,0.0033907018624191134
[32],2,"lr=1e-05, wd=0.01",5,layer4_lr1e-05_hd128_wd0.01_cosine,"lr1e-05,wd0.01",165966851.25426242,0.0003319337283016689
[32],2,"lr=1e-05, wd=0.01",5,layer4_lr3e-05_hd128_wd0.0_cosine,"lr3e-05,wd0.0",3999836.597036562,7.999698987217173e-06
[32],2,"lr=1e-05, wd=0.01",5,layer4_lr3e-05_hd128_wd0.01_cosine,"lr3e-05,wd0.01",300457160.93937886,0.0006009143476719018
[32],2,"lr=1e-05, wd=0.01",5,layer4_lr0.0001_hd128_wd0.0_cosine,"lr0.0001,wd0.0",1808830021.068618,0.0036176600679303805
[32],2,"lr=1e-05, wd=0.01",5,layer4_lr0.0001_hd128_wd0.01_cosine,"lr0.0001,wd0.01",38077883.503274746,7.615579279969353e-05
[32],2,"lr=1e-05, wd=0.01",5,layer4_lr0.0003_hd128_wd0.0_cosine,"lr0.0003,wd0.0",13390144614.537235,0.026780289254867615
[32],2,"lr=1e-05, wd=0.01",5,layer4_lr0.0003_hd128_wd0.01_cosine,"lr0.0003,wd0.01",115942455.64505115,0.00023188493708324633
[32],2,"lr=1e-05, wd=0.01",5,layer4_lr0.001_hd128_wd0.0_cosine,"lr0.001,wd0.0",22891666005.628834,0.04578333203705081
[32],2,"lr=1e-05, wd=0.01",5,layer4_lr0.001_hd128_wd0.01_cosine,"lr0.001,wd0.01",4781516564.541554,0.009563033154876253
[32],2,"lr=1e-05, wd=0.01",5,layer4_lr0.003_hd128_wd0.0_cosine,"lr0.003,wd0.0",23630947329.977966,0.047261894685749074
[32],2,"lr=1e-05, wd=0.01",5,layer4_lr0.003_hd128_wd0.01_cosine,"lr0.003,wd0.01",5119600406.60273,0.010239200838998604
[32],2,"lr=1e-05, wd=0.01",10,layer4_lr1e-05_hd128_wd0.0_cosine,"lr1e-05,wd0.0",1240564961.3108246,0.0024811299484147936
[32],2,"lr=1e-05, wd=0.01",10,layer4_lr1e-05_hd128_wd0.01_cosine,"lr1e-05,wd0.01",569202020.2359658,0.0011384040662650757
[32],2,"lr=1e-05, wd=0.01",10,layer4_lr3e-05_hd128_wd0.0_cosine,"lr3e-05,wd0.0",3672666.276562854,7.3453583462697574e-06
[32],2,"lr=1e-05, wd=0.01",10,layer4_lr3e-05_hd128_wd0.01_cosine,"lr3e-05,wd0.01",638808531.9556451,0.0012776170897044342
[32],2,"lr=1e-05, wd=0.01",10,layer4_lr0.0001_hd128_wd0.0_cosine,"lr0.0001,wd0.0",3368776154.5990963,0.006737552334991337
[32],2,"lr=1e-05, wd=0.01",10,layer4_lr0.0001_hd128_wd0.01_cosine,"lr0.0001,wd0.01",401762089.16189146,0.000803524204116927
[32],2,"lr=1e-05, wd=0.01",10,layer4_lr0.0003_hd128_wd0.0_cosine,"lr0.0003,wd0.0",14948489494.632252,0.029896979015057647
[32],2,"lr=1e-05, wd=0.01",10,layer4_lr0.0003_hd128_wd0.01_cosine,"lr0.0003,wd0.01",408734675.93032694,0.0008174693776537979
[32],2,"lr=1e-05, wd=0.01",10,layer4_lr0.001_hd128_wd0.0_cosine,"lr0.001,wd0.0",17606925567.837917,0.03521385116146898
[32],2,"lr=1e-05, wd=0.01",10,layer4_lr0.001_hd128_wd0.01_cosine,"lr0.001,wd0.01",4567028.1890726695,9.134082171289388e-06
[32],2,"lr=1e-05, wd=0.01",10,layer4_lr0.003_hd128_wd0.0_cosine,"lr0.003,wd0.0",10369317996.188974,0.020738636018171094
[32],2,"lr=1e-05, wd=0.01",10,layer4_lr0.003_hd128_wd0.01_cosine,"lr0.003,wd0.01",454230178.1531384,0.0009084603820994208
[32],2,"lr=1e-05, wd=0.01",20,layer4_lr1e-05_hd128_wd0.0_cosine,"lr1e-05,wd0.0",81820840.46512276,0.00016364170672338957
[32],2,"lr=1e-05, wd=0.01",20,layer4_lr1e-05_hd128_wd0.01_cosine,"lr1e-05,wd0.01",19624171.507813763,3.924836880877157e-05
[32],2,"lr=1e-05, wd=0.01",20,layer4_lr3e-05_hd128_wd0.0_cosine,"lr3e-05,wd0.0",263596950.6802996,0.0005271939271537432
[32],2,"lr=1e-05, wd=0.01",20,layer4_lr3e-05_hd128_wd0.01_cosine,"lr3e-05,wd0.01",80879574.29162462,0.0001617591743763933
[32],2,"lr=1e-05, wd=0.01",20,layer4_lr0.0001_hd128_wd0.0_cosine,"lr0.0001,wd0.0",3951859834.3557086,0.007903719694504562
[32],2,"lr=1e-05, wd=0.01",20,layer4_lr0.0001_hd128_wd0.01_cosine,"lr0.0001,wd0.01",332943482.7014017,0.0006658869911959476
[32],2,"lr=1e-05, wd=0.01",20,layer4_lr0.0003_hd128_wd0.0_cosine,"lr0.0003,wd0.0",11627798783.42431,0.023255597592641765
[32],2,"lr=1e-05, wd=0.01",20,layer4_lr0.0003_hd128_wd0.01_cosine,"lr0.0003,wd0.01",218918804.72463003,0.0004378376352424041
[32],2,"lr=1e-05, wd=0.01",20,layer4_lr0.001_hd128_wd0.0_cosine,"lr0.001,wd0.0",13923518188.735952,0.02784703640326505
[32],2,"lr=1e-05, wd=0.01",20,layer4_lr0.001_hd128_wd0.01_cosine,"lr0.001,wd0.01",279406476.1651476,0.0005588129781234393
[32],2,"lr=1e-05, wd=0.01",20,layer4_lr0.003_hd128_wd0.0_cosine,"lr0.003,wd0.0",9885844762.754848,0.019771689551302842
[32],2,"lr=1e-05, wd=0.01",20,layer4_lr0.003_hd128_wd0.01_cosine,"lr0.003,wd0.01",2997835540.9274197,0.005995671107647984
[32],2,"lr=1e-05, wd=0.01",50,layer4_lr1e-05_hd128_wd0.0_cosine,"lr1e-05,wd0.0",7788231.1992913615,1.557648819172677e-05
[32],2,"lr=1e-05, wd=0.01",50,layer4_lr1e-05_hd128_wd0.01_cosine,"lr1e-05,wd0.01",6001826.234434032,1.2003678262012112e-05
[32],2,"lr=1e-05, wd=0.01",50,layer4_lr3e-05_hd128_wd0.0_cosine,"lr3e-05,wd0.0",118888139.14189336,0.00023777630407693074
[32],2,"lr=1e-05, wd=0.01",50,layer4_lr3e-05_hd128_wd0.01_cosine,"lr3e-05,wd0.01",59535996.22961997,0.000119072018252384
[32],2,"lr=1e-05, wd=0.01",50,layer4_lr0.0001_hd128_wd0.0_cosine,"lr0.0001,wd0.0",797434468.7362686,0.0015948689632656813
[32],2,"lr=1e-05, wd=0.01",50,layer4_lr0.0001_hd128_wd0.01_cosine,"lr0.0001,wd0.01",7261363.636230697,1.4522753065605442e-05
[32],2,"lr=1e-05, wd=0.01",50,layer4_lr0.0003_hd128_wd0.0_cosine,"lr0.0003,wd0.0",1664443543.4295561,0.0033288871126522564
[32],2,"lr=1e-05, wd=0.01",50,layer4_lr0.0003_hd128_wd0.01_cosine,"lr0.0003,wd0.01",310682.5822285656,6.213909576011807e-07
[32],2,"lr=1e-05, wd=0.01",50,layer4_lr0.001_hd128_wd0.0_cosine,"lr0.001,wd0.0",1245313784.2832806,0.0024906275943597056
[32],2,"lr=1e-05, wd=0.01",50,layer4_lr0.001_hd128_wd0.01_cosine,"lr0.001,wd0.01",988471396.3795325,0.001976942818552209
[32],2,"lr=1e-05, wd=0.01",50,layer4_lr0.003_hd128_wd0.0_cosine,"lr0.003,wd0.0",3035617166.1848307,0.006071234358162806
[32],2,"lr=1e-05, wd=0.01",50,layer4_lr0.003_hd128_wd0.01_cosine,"lr0.003,wd0.01",3942340026.455346,0.007884680078703837
[32],2,"lr=1e-05, wd=0.01",90,layer4_lr1e-05_hd128_wd0.0_cosine,"lr1e-05,wd0.0",37776886.28855704,7.555379837025813e-05
[32],2,"lr=1e-05, wd=0.01",90,layer4_lr1e-05_hd128_wd0.01_cosine,"lr1e-05,wd0.01",3051467.281838358,6.102960356820765e-06
[32],2,"lr=1e-05, wd=0.01",90,layer4_lr3e-05_hd128_wd0.0_cosine,"lr3e-05,wd0.0",19351677.392834272,3.870338057881259e-05
[32],2,"lr=1e-05, wd=0.01",90,layer4_lr3e-05_hd128_wd0.01_cosine,"lr3e-05,wd0.01",7567143.248444479,1.5134312290033007e-05
[32],2,"lr=1e-05, wd=0.01",90,layer4_lr0.0001_hd128_wd0.0_cosine,"lr0.0001,wd0.0",20191547.710529152,4.0383121214202354e-05
[32],2,"lr=1e-05, wd=0.01",90,layer4_lr0.0001_hd128_wd0.01_cosine,"lr0.0001,wd0.01",8517523.769514514,1.703507333217308e-05
[32],2,"lr=1e-05, wd=0.01",90,layer4_lr0.0003_hd128_wd0.0_cosine,"lr0.0003,wd0.0",156269404.79665554,0.0003125388353864551
[32],2,"lr=1e-05, wd=0.01",90,layer4_lr0.0003_hd128_wd0.01_cosine,"lr0.0003,wd0.01",7253926.096809114,1.4507877986762278e-05
[32],2,"lr=1e-05, wd=0.01",90,layer4_lr0.001_hd128_wd0.0_cosine,"lr0.001,wd0.0",842269264.0133995,0.001684538553819943
[32],2,"lr=1e-05, wd=0.01",90,layer4_lr0.001_hd128_wd0.01_cosine,"lr0.001,wd0.01",4916506.837804004,9.833039468752057e-06
[32],2,"lr=1e-05, wd=0.01",90,layer4_lr0.003_hd128_wd0.0_cosine,"lr0.003,wd0.0",621178468.2643007,0.0012423569623217453
[32],2,"lr=1e-05, wd=0.01",90,layer4_lr0.003_hd128_wd0.01_cosine,"lr0.003,wd0.01",320485460.7004849,0.0006409709471941139
[32],3,"lr=3e-05, wd=0.0",0,layer4_lr1e-05_hd128_wd0.0_cosine,"lr1e-05,wd0.0",1082506897.771674,0.002165013821336492
[32],3,"lr=3e-05, wd=0.0",0,layer4_lr1e-05_hd128_wd0.01_cosine,"lr1e-05,wd0.01",9132928.544345116,1.8265882881834283e-05
[32],3,"lr=3e-05, wd=0.0",0,layer4_lr3e-05_hd128_wd0.0_cosine,"lr3e-05,wd0.0",4905910752.612525,0.009811821531018195
[32],3,"lr=3e-05, wd=0.0",0,layer4_lr3e-05_hd128_wd0.01_cosine,"lr3e-05,wd0.01",715184521.3164427,0.0014303690684260295
[32],3,"lr=3e-05, wd=0.0",0,layer4_lr0.0001_hd128_wd0.0_cosine,"lr0.0001,wd0.0",2522187886.2761407,0.005044375798345426
[32],3,"lr=3e-05, wd=0.0",0,layer4_lr0.0001_hd128_wd0.01_cosine,"lr0.0001,wd0.01",2168944916.0762496,0.0043378898579456435
[32],3,"lr=3e-05, wd=0.0",0,layer4_lr0.0003_hd128_wd0.0_cosine,"lr0.0003,wd0.0",16380535.52995443,3.276109685305291e-05
[32],3,"lr=3e-05, wd=0.0",0,layer4_lr0.0003_hd128_wd0.01_cosine,"lr0.0003,wd0.01",2654308520.3083606,0.005308617066409865
[32],3,"lr=3e-05, wd=0.0",0,layer4_lr0.001_hd128_wd0.0_cosine,"lr0.001,wd0.0",268144152.24926504,0.0005362883302916741
[32],3,"lr=3e-05, wd=0.0",0,layer4_lr0.001_hd128_wd0.01_cosine,"lr0.001,wd0.01",2146245122.3446496,0.004292490270482443
[32],3,"lr=3e-05, wd=0.0",0,layer4_lr0.003_hd128_wd0.0_cosine,"lr0.003,wd0.0",75722227.51421563,0.0001514444808215753
[32],3,"lr=3e-05, wd=0.0",0,layer4_lr0.003_hd128_wd0.01_cosine,"lr0.003,wd0.01",1105016715.9028747,0.002210033457598894
[32],3,"lr=3e-05, wd=0.0",5,layer4_lr1e-05_hd128_wd0.0_cosine,"lr1e-05,wd0.0",488257702.67470497,0.000976515431142554
[32],3,"lr=3e-05, wd=0.0",5,layer4_lr1e-05_hd128_wd0.01_cosine,"lr1e-05,wd0.01",157848272.9053208,0.00031569657160378565
[32],3,"lr=3e-05, wd=0.0",5,layer4_lr3e-05_hd128_wd0.0_cosine,"lr3e-05,wd0.0",675388979.7243936,0.0013507779852419313
[32],3,"lr=3e-05, wd=0.0",5,layer4_lr3e-05_hd128_wd0.01_cosine,"lr3e-05,wd0.01",31915877.884919044,6.383178156298213e-05
[32],3,"lr=3e-05, wd=0.0",5,layer4_lr0.0001_hd128_wd0.0_cosine,"lr0.0001,wd0.0",1121764747.7842531,0.0022435295213616506
[32],3,"lr=3e-05, wd=0.0",5,layer4_lr0.0001_hd128_wd0.01_cosine,"lr0.0001,wd0.01",494106.50681093184,9.88238806765913e-07
[32],3,"lr=3e-05, wd=0.0",5,layer4_lr0.0003_hd128_wd0.0_cosine,"lr0.0003,wd0.0",11355583208.136974,0.022711166442067093
[32],3,"lr=3e-05, wd=0.0",5,layer4_lr0.0003_hd128_wd0.01_cosine,"lr0.0003,wd0.01",91507731.31688121,0.00018301548842690647
[32],3,"lr=3e-05, wd=0.0",5,layer4_lr0.001_hd128_wd0.0_cosine,"lr0.001,wd0.0",20268578101.018394,0.04053715622782993
[32],3,"lr=3e-05, wd=0.0",5,layer4_lr0.001_hd128_wd0.01_cosine,"lr0.001,wd0.01",2698075756.516271,0.005396151538825686
[32],3,"lr=3e-05, wd=0.0",5,layer4_lr0.003_hd128_wd0.0_cosine,"lr0.003,wd0.0",18855295693.847626,0.0377105914134884
[32],3,"lr=3e-05, wd=0.0",5,layer4_lr0.003_hd128_wd0.01_cosine,"lr0.003,wd0.01",4070634238.1286592,0.008141268502050462
[32],3,"lr=3e-05, wd=0.0",10,layer4_lr1e-05_hd128_wd0.0_cosine,"lr1e-05,wd0.0",456566594.8491927,0.0009131332154915295
[32],3,"lr=3e-05, wd=0.0",10,layer4_lr1e-05_hd128_wd0.01_cosine,"lr1e-05,wd0.01",46758760.28358789,9.351754636031983e-05
[32],3,"lr=3e-05, wd=0.0",10,layer4_lr3e-05_hd128_wd0.0_cosine,"lr3e-05,wd0.0",342587963.05075485,0.0006851759518946538
[32],3,"lr=3e-05, wd=0.0",10,layer4_lr3e-05_hd128_wd0.01_cosine,"lr3e-05,wd0.01",37609583.38222459,7.521919255759323e-05
[32],3,"lr=3e-05, wd=0.0",10,layer4_lr0.0001_hd128_wd0.0_cosine,"lr0.0001,wd0.0",1959028031.9467382,0.003918056089686621
[32],3,"lr=3e-05, wd=0.0",10,layer4_lr0.0001_hd128_wd0.01_cosine,"lr0.0001,wd0.01",191995303.83624235,0.0003839906334656287
[32],3,"lr=3e-05, wd=0.0",10,layer4_lr0.0003_hd128_wd0.0_cosine,"lr0.0003,wd0.0",11816214334.77965,0.023632428695352443
[32],3,"lr=3e-05, wd=0.0",10,layer4_lr0.0003_hd128_wd0.01_cosine,"lr0.0003,wd0.01",231939552.85948893,0.00046387913151212193
[32],3,"lr=3e-05, wd=0.0",10,layer4_lr0.001_hd128_wd0.0_cosine,"lr0.001,wd0.0",14248468408.384169,0.02849693684256148
[32],3,"lr=3e-05, wd=0.0",10,layer4_lr0.001_hd128_wd0.01_cosine,"lr0.001,wd0.01",244666700.08385804,0.0004893334259608601
[32],3,"lr=3e-05, wd=0.0",10,layer4_lr0.003_hd128_wd0.0_cosine,"lr0.003,wd0.0",7717075782.814777,0.015434151591422699
[32],3,"lr=3e-05, wd=0.0",10,layer4_lr0.003_hd128_wd0.01_cosine,"lr0.003,wd0.01",10778137.510936499,2.155630081501705e-05
[32],3,"lr=3e-05, wd=0.0",20,layer4_lr1e-05_hd128_wd0.0_cosine,"lr1e-05,wd0.0",429176048.55137426,0.0008583521228958926
[32],3,"lr=3e-05, wd=0.0",20,layer4_lr1e-05_hd128_wd0.01_cosine,"lr1e-05,wd0.01",5863956.846510829,1.1727939486165707e-05
[32],3,"lr=3e-05, wd=0.0",20,layer4_lr3e-05_hd128_wd0.0_cosine,"lr3e-05,wd0.0",33963257.95933003,6.79265417118041e-05
[32],3,"lr=3e-05, wd=0.0",20,layer4_lr3e-05_hd128_wd0.01_cosine,"lr3e-05,wd0.01",2143821.31717101,4.287668427486069e-06
[32],3,"lr=3e-05, wd=0.0",20,layer4_lr0.0001_hd128_wd0.0_cosine,"lr0.0001,wd0.0",2677287953.391111,0.005354575932575366
[32],3,"lr=3e-05, wd=0.0",20,layer4_lr0.0001_hd128_wd0.01_cosine,"lr0.0001,wd0.01",86484803.93944414,0.00017296963367203233
[32],3,"lr=3e-05, wd=0.0",20,layer4_lr0.0003_hd128_wd0.0_cosine,"lr0.0003,wd0.0",10178818143.530983,0.02035763631285511
[32],3,"lr=3e-05, wd=0.0",20,layer4_lr0.0003_hd128_wd0.01_cosine,"lr0.0003,wd0.01",48164036.369891964,9.632809853292797e-05
[32],3,"lr=3e-05, wd=0.0",20,layer4_lr0.001_hd128_wd0.0_cosine,"lr0.001,wd0.0",12312447858.1075,0.024624895742008143
[32],3,"lr=3e-05, wd=0.0",20,layer4_lr0.001_hd128_wd0.01_cosine,"lr0.001,wd0.01",1034389.2132093542,2.068804219562758e-06
[32],3,"lr=3e-05, wd=0.0",20,layer4_lr0.003_hd128_wd0.0_cosine,"lr0.003,wd0.0",7972842633.984898,0.01594568529376294
[32],3,"lr=3e-05, wd=0.0",20,layer4_lr0.003_hd128_wd0.01_cosine,"lr0.003,wd0.01",6122838007.922353,0.01224567604163785
[32],3,"lr=3e-05, wd=0.0",50,layer4_lr1e-05_hd128_wd0.0_cosine,"lr1e-05,wd0.0",91900263.60958004,0.00018380055301230413
[32],3,"lr=3e-05, wd=0.0",50,layer4_lr1e-05_hd128_wd0.01_cosine,"lr1e-05,wd0.01",3123301.1333182226,6.246628059780494e-06
[32],3,"lr=3e-05, wd=0.0",50,layer4_lr3e-05_hd128_wd0.0_cosine,"lr3e-05,wd0.0",32161998.566334374,6.43240229258128e-05
[32],3,"lr=3e-05, wd=0.0",50,layer4_lr3e-05_hd128_wd0.01_cosine,"lr3e-05,wd0.01",4786227.133313952,9.572480059771953e-06
[32],3,"lr=3e-05, wd=0.0",50,layer4_lr0.0001_hd128_wd0.0_cosine,"lr0.0001,wd0.0",856818811.3375803,0.0017136376484683045
[32],3,"lr=3e-05, wd=0.0",50,layer4_lr0.0001_hd128_wd0.01_cosine,"lr0.0001,wd0.01",1808783.2836406692,3.617592360425388e-06
[32],3,"lr=3e-05, wd=0.0",50,layer4_lr0.0003_hd128_wd0.0_cosine,"lr0.0003,wd0.0",923456554.2483779,0.0018469131342898997
[32],3,"lr=3e-05, wd=0.0",50,layer4_lr0.0003_hd128_wd0.01_cosine,"lr0.0003,wd0.01",2851824.821820997,5.7036754367860436e-06
[32],3,"lr=3e-05, wd=0.0",50,layer4_lr0.001_hd128_wd0.0_cosine,"lr0.001,wd0.0",32591.30686736884,6.52084068787872e-08
[32],3,"lr=3e-05, wd=0.0",50,layer4_lr0.001_hd128_wd0.01_cosine,"lr0.001,wd0.01",1105022089.052853,0.0022100442038988505
[32],3,"lr=3e-05, wd=0.0",50,layer4_lr0.003_hd128_wd0.0_cosine,"lr0.003,wd0.0",2961621837.398284,0.005923243700589712
[32],3,"lr=3e-05, wd=0.0",50,layer4_lr0.003_hd128_wd0.01_cosine,"lr0.003,wd0.01",4738780774.944745,0.009477561575682634
[32],3,"lr=3e-05, wd=0.0",90,layer4_lr1e-05_hd128_wd0.0_cosine,"lr1e-05,wd0.0",633497.1978357275,1.2670201888155045e-06
[32],3,"lr=3e-05, wd=0.0",90,layer4_lr1e-05_hd128_wd0.01_cosine,"lr1e-05,wd0.01",250344.32786328412,5.007144488706178e-07
[32],3,"lr=3e-05, wd=0.0",90,layer4_lr3e-05_hd128_wd0.0_cosine,"lr3e-05,wd0.0",18790167.162678007,3.758036011850006e-05
[32],3,"lr=3e-05, wd=0.0",90,layer4_lr3e-05_hd128_wd0.01_cosine,"lr3e-05,wd0.01",3854992.9510362563,7.710011695216561e-06
[32],3,"lr=3e-05, wd=0.0",90,layer4_lr0.0001_hd128_wd0.0_cosine,"lr0.0001,wd0.0",8639551.304546077,1.7279128402236206e-05
[32],3,"lr=3e-05, wd=0.0",90,layer4_lr0.0001_hd128_wd0.01_cosine,"lr0.0001,wd0.01",6112876.476069115,1.222577874528228e-05
[32],3,"lr=3e-05, wd=0.0",90,layer4_lr0.0003_hd128_wd0.0_cosine,"lr0.0003,wd0.0",99725513.83952738,0.00019945105347219882
[32],3,"lr=3e-05, wd=0.0",90,layer4_lr0.0003_hd128_wd0.01_cosine,"lr0.0003,wd0.01",11090317.581035243,2.2180660955214538e-05
[32],3,"lr=3e-05, wd=0.0",90,layer4_lr0.001_hd128_wd0.0_cosine,"lr0.001,wd0.0",721354664.1736301,0.0014427093541404042
[32],3,"lr=3e-05, wd=0.0",90,layer4_lr0.001_hd128_wd0.01_cosine,"lr0.001,wd0.01",49443397.98220739,9.888682175755882e-05
[32],3,"lr=3e-05, wd=0.0",90,layer4_lr0.003_hd128_wd0.0_cosine,"lr0.003,wd0.0",395358263.470953,0.0007907165527350501
[32],3,"lr=3e-05, wd=0.0",90,layer4_lr0.003_hd128_wd0.01_cosine,"lr0.003,wd0.01",721654160.7516482,0.0014433083472964402
[32],4,"lr=3e-05, wd=0.01",0,layer4_lr1e-05_hd128_wd0.0_cosine,"lr1e-05,wd0.0",3491879754.310188,0.0069837595344135195
[32],4,"lr=3e-05, wd=0.01",0,layer4_lr1e-05_hd128_wd0.01_cosine,"lr1e-05,wd0.01",528349111.5267644,0.0010566982488466729
[32],4,"lr=3e-05, wd=0.01",0,layer4_lr3e-05_hd128_wd0.0_cosine,"lr3e-05,wd0.0",9223155077.712582,0.018446310181218308
[32],4,"lr=3e-05, wd=0.01",0,layer4_lr3e-05_hd128_wd0.01_cosine,"lr3e-05,wd0.01",2719139046.5865703,0.005438278118966284
[32],4,"lr=3e-05, wd=0.01",0,layer4_lr0.0001_hd128_wd0.0_cosine,"lr0.0001,wd0.0",5813916586.900789,0.011627833199594722
[32],4,"lr=3e-05, wd=0.01",0,layer4_lr0.0001_hd128_wd0.01_cosine,"lr0.0001,wd0.01",5180896791.518407,0.010361793608829958
[32],4,"lr=3e-05, wd=0.01",0,layer4_lr0.0003_hd128_wd0.0_cosine,"lr0.0003,wd0.0",907215903.3204037,0.0018144318324339514
[32],4,"lr=3e-05, wd=0.01",0,layer4_lr0.0003_hd128_wd0.01_cosine,"lr0.0003,wd0.01",6005592867.219102,0.012011185760231347
[32],4,"lr=3e-05, wd=0.01",0,layer4_lr0.001_hd128_wd0.0_cosine,"lr0.001,wd0.0",91826377.3566893,0.00018365278050652266
[32],4,"lr=3e-05, wd=0.01",0,layer4_lr0.001_hd128_wd0.01_cosine,"lr0.001,wd0.01",5270007711.524533,0.01054001544884221
[32],4,"lr=3e-05, wd=0.01",0,layer4_lr0.003_hd128_wd0.0_cosine,"lr0.003,wd0.0",297364400.86952055,0.0005947288275321852
[32],4,"lr=3e-05, wd=0.01",0,layer4_lr0.003_hd128_wd0.01_cosine,"lr0.003,wd0.01",3553066576.7175097,0.007106133179228163
[32],4,"lr=3e-05, wd=0.01",5,layer4_lr1e-05_hd128_wd0.0_cosine,"lr1e-05,wd0.0",1564485819.9511604,0.003128971665695465
[32],4,"lr=3e-05, wd=0.01",5,layer4_lr1e-05_hd128_wd0.01_cosine,"lr1e-05,wd0.01",140662181.0302298,0.0002813243878536037
[32],4,"lr=3e-05, wd=0.01",5,layer4_lr3e-05_hd128_wd0.0_cosine,"lr3e-05,wd0.0",955229134.4677854,0.0019104582947287146
[32],4,"lr=3e-05, wd=0.01",5,layer4_lr3e-05_hd128_wd0.01_cosine,"lr3e-05,wd0.01",209856307.12648568,0.0004197126400461154
[32],4,"lr=3e-05, wd=0.01",5,layer4_lr0.0001_hd128_wd0.0_cosine,"lr0.0001,wd0.0",839268814.5630554,0.0016785376549192548
[32],4,"lr=3e-05, wd=0.01",5,layer4_lr0.0001_hd128_wd0.01_cosine,"lr0.0001,wd0.01",25335430.785625495,5.067088736439504e-05
[32],4,"lr=3e-05, wd=0.01",5,layer4_lr0.0003_hd128_wd0.0_cosine,"lr0.0003,wd0.0",10316216375.390839,0.02063243277657482
[32],4,"lr=3e-05, wd=0.01",5,layer4_lr0.0003_hd128_wd0.01_cosine,"lr0.0003,wd0.01",8329497.172969062,1.6659020139082172e-05
[32],4,"lr=3e-05, wd=0.01",5,layer4_lr0.001_hd128_wd0.0_cosine,"lr0.001,wd0.0",18686529913.612747,0.037373059853018635
[32],4,"lr=3e-05, wd=0.01",5,layer4_lr0.001_hd128_wd0.01_cosine,"lr0.001,wd0.01",1886770528.8472197,0.0037735410834875836
[32],4,"lr=3e-05, wd=0.01",5,layer4_lr0.003_hd128_wd0.0_cosine,"lr0.003,wd0.0",17485858586.4696,0.03497171719873234
[32],4,"lr=3e-05, wd=0.01",5,layer4_lr0.003_hd128_wd0.01_cosine,"lr0.003,wd0.01",5976485549.340264,0.011952971124473672
[32],4,"lr=3e-05, wd=0.01",10,layer4_lr1e-05_hd128_wd0.0_cosine,"lr1e-05,wd0.0",1594251725.8792431,0.0031885034775516303
[32],4,"lr=3e-05, wd=0.01",10,layer4_lr1e-05_hd128_wd0.01_cosine,"lr1e-05,wd0.01",201362472.2240985,0.0004027249702413411
[32],4,"lr=3e-05, wd=0.01",10,layer4_lr3e-05_hd128_wd0.0_cosine,"lr3e-05,wd0.0",534155224.0388107,0.0010683104738707654
[32],4,"lr=3e-05, wd=0.01",10,layer4_lr3e-05_hd128_wd0.01_cosine,"lr3e-05,wd0.01",266597.69384435663,5.332211808327628e-07
[32],4,"lr=3e-05, wd=0.01",10,layer4_lr0.0001_hd128_wd0.0_cosine,"lr0.0001,wd0.0",1764406515.2018552,0.0035288130561968545
[32],4,"lr=3e-05, wd=0.01",10,layer4_lr0.0001_hd128_wd0.01_cosine,"lr0.0001,wd0.01",72959520.81754957,0.0001459190674282432
[32],4,"lr=3e-05, wd=0.01",10,layer4_lr0.0003_hd128_wd0.0_cosine,"lr0.0003,wd0.0",11507307723.15913,0.023014615472111404
[32],4,"lr=3e-05, wd=0.01",10,layer4_lr0.0003_hd128_wd0.01_cosine,"lr0.0003,wd0.01",83066606.77680631,0.00016613323934675666
[32],4,"lr=3e-05, wd=0.01",10,layer4_lr0.001_hd128_wd0.0_cosine,"lr0.001,wd0.0",14104789993.078428,0.02820958001195
[32],4,"lr=3e-05, wd=0.01",10,layer4_lr0.001_hd128_wd0.01_cosine,"lr0.001,wd0.01",372688278.970983,0.0007453765837351101
[32],4,"lr=3e-05, wd=0.01",10,layer4_lr0.003_hd128_wd0.0_cosine,"lr0.003,wd0.0",7444488297.9566145,0.014888976621706372
[32],4,"lr=3e-05, wd=0.01",10,layer4_lr0.003_hd128_wd0.01_cosine,"lr0.003,wd0.01",162097755.15918267,0.0003241955361115094
[32],4,"lr=3e-05, wd=0.01",20,layer4_lr1e-05_hd128_wd0.0_cosine,"lr1e-05,wd0.0",785248205.2385399,0.0015704964362702237
[32],4,"lr=3e-05, wd=0.01",20,layer4_lr1e-05_hd128_wd0.01_cosine,"lr1e-05,wd0.01",160787357.3612639,0.0003215747405156718
[32],4,"lr=3e-05, wd=0.01",20,layer4_lr3e-05_hd128_wd0.0_cosine,"lr3e-05,wd0.0",43482378.73578065,8.696478326470534e-05
[32],4,"lr=3e-05, wd=0.01",20,layer4_lr3e-05_hd128_wd0.01_cosine,"lr3e-05,wd0.01",26362272.313740585,5.2724570420625216e-05
[32],4,"lr=3e-05, wd=0.01",20,layer4_lr0.0001_hd128_wd0.0_cosine,"lr0.0001,wd0.0",2756051927.398091,0.005512103880589326
[32],4,"lr=3e-05, wd=0.01",20,layer4_lr0.0001_hd128_wd0.01_cosine,"lr0.0001,wd0.01",47150136.8724773,9.430029953809865e-05
[32],4,"lr=3e-05, wd=0.01",20,layer4_lr0.0003_hd128_wd0.0_cosine,"lr0.0003,wd0.0",10106907072.066774,0.02021381416992669
[32],4,"lr=3e-05, wd=0.01",20,layer4_lr0.0003_hd128_wd0.01_cosine,"lr0.0003,wd0.01",17232268.023265373,3.4464561839674794e-05
[32],4,"lr=3e-05, wd=0.01",20,layer4_lr0.001_hd128_wd0.0_cosine,"lr0.001,wd0.0",12233300683.124903,0.024466601392042948
[32],4,"lr=3e-05, wd=0.01",20,layer4_lr0.001_hd128_wd0.01_cosine,"lr0.001,wd0.01",6033314.597236722,1.2066654987617492e-05
[32],4,"lr=3e-05, wd=0.01",20,layer4_lr0.003_hd128_wd0.0_cosine,"lr0.003,wd0.0",7843168678.748332,0.015686337383289808
[32],4,"lr=3e-05, wd=0.01",20,layer4_lr0.003_hd128_wd0.01_cosine,"lr0.003,wd0.01",6094163795.929452,0.012188327617652048
[32],4,"lr=3e-05, wd=0.01",50,layer4_lr1e-05_hd128_wd0.0_cosine,"lr1e-05,wd0.0",119277778.97452104,0.00023855558374218612
[32],4,"lr=3e-05, wd=0.01",50,layer4_lr1e-05_hd128_wd0.01_cosine,"lr1e-05,wd0.01",33179462.79478963,6.635895138272331e-05
[32],4,"lr=3e-05, wd=0.01",50,layer4_lr3e-05_hd128_wd0.0_cosine,"lr3e-05,wd0.0",43142550.89458108,8.62851275823062e-05
[32],4,"lr=3e-05, wd=0.01",50,layer4_lr3e-05_hd128_wd0.01_cosine,"lr3e-05,wd0.01",2266541.427845158,4.5331086488343654e-06
[32],4,"lr=3e-05, wd=0.01",50,layer4_lr0.0001_hd128_wd0.0_cosine,"lr0.0001,wd0.0",852963541.6237022,0.0017059271090405484
[32],4,"lr=3e-05, wd=0.01",50,layer4_lr0.0001_hd128_wd0.01_cosine,"lr0.0001,wd0.01",829833.3619439735,1.6596925170319965e-06
[32],4,"lr=3e-05, wd=0.01",50,layer4_lr0.0003_hd128_wd0.0_cosine,"lr0.0003,wd0.0",1065472001.4889666,0.002130944028771077
[32],4,"lr=3e-05, wd=0.01",50,layer4_lr0.0003_hd128_wd0.01_cosine,"lr0.0003,wd0.01",3916141.811316393,7.832309415776835e-06
[32],4,"lr=3e-05, wd=0.01",50,layer4_lr0.001_hd128_wd0.0_cosine,"lr0.001,wd0.0",18287748.990205023,3.657552377355409e-05
[32],4,"lr=3e-05, wd=0.01",50,layer4_lr0.001_hd128_wd0.01_cosine,"lr0.001,wd0.01",1144082356.057242,0.002288164737907628
[32],4,"lr=3e-05, wd=0.01",50,layer4_lr0.003_hd128_wd0.0_cosine,"lr0.003,wd0.0",2952480356.981914,0.005904960739756973
[32],4,"lr=3e-05, wd=0.01",50,layer4_lr0.003_hd128_wd0.01_cosine,"lr0.003,wd0.01",4744440169.398048,0.00948888036458924
[32],4,"lr=3e-05, wd=0.01",90,layer4_lr1e-05_hd128_wd0.0_cosine,"lr1e-05,wd0.0",762260.1353728952,1.52454606388984e-06
[32],4,"lr=3e-05, wd=0.01",90,layer4_lr1e-05_hd128_wd0.01_cosine,"lr1e-05,wd0.01",4895384.5152456295,9.790794823635308e-06
[32],4,"lr=3e-05, wd=0.01",90,layer4_lr3e-05_hd128_wd0.0_cosine,"lr3e-05,wd0.0",21219398.03191648,4.243882185697701e-05
[32],4,"lr=3e-05, wd=0.01",90,layer4_lr3e-05_hd128_wd0.01_cosine,"lr3e-05,wd0.01",3354927.513422719,6.709880819989488e-06
[32],4,"lr=3e-05, wd=0.01",90,layer4_lr0.0001_hd128_wd0.0_cosine,"lr0.0001,wd0.0",9690692.258200763,1.9381410309545576e-05
[32],4,"lr=3e-05, wd=0.01",90,layer4_lr0.0001_hd128_wd0.01_cosine,"lr0.0001,wd0.01",6028862.267875498,1.2057750328895045e-05
[32],4,"lr=3e-05, wd=0.01",90,layer4_lr0.0003_hd128_wd0.0_cosine,"lr0.0003,wd0.0",107158232.65578695,0.00021431649110471794
[32],4,"lr=3e-05, wd=0.01",90,layer4_lr0.0003_hd128_wd0.01_cosine,"lr0.0003,wd0.01",11287051.441614078,2.2574128676372208e-05
[32],4,"lr=3e-05, wd=0.01",90,layer4_lr0.001_hd128_wd0.0_cosine,"lr0.001,wd0.0",727180366.0118853,0.0014543607578169145
[32],4,"lr=3e-05, wd=0.01",90,layer4_lr0.001_hd128_wd0.01_cosine,"lr0.001,wd0.01",25983494.822600257,5.196701543834456e-05
[32],4,"lr=3e-05, wd=0.01",90,layer4_lr0.003_hd128_wd0.0_cosine,"lr0.003,wd0.0",426567671.7342671,0.0008531353692616783
[32],4,"lr=3e-05, wd=0.01",90,layer4_lr0.003_hd128_wd0.01_cosine,"lr0.003,wd0.01",571116589.7250197,0.0011422332052431834
[32],5,"lr=1e-04, wd=0.0",0,layer4_lr1e-05_hd128_wd0.0_cosine,"lr1e-05,wd0.0",2342861.4225752,4.685748638294449e-06
[32],5,"lr=1e-04, wd=0.0",0,layer4_lr1e-05_hd128_wd0.01_cosine,"lr1e-05,wd0.01",1487920616.5116887,0.0029758412588165215
[32],5,"lr=1e-04, wd=0.0",0,layer4_lr3e-05_hd128_wd0.0_cosine,"lr3e-05,wd0.0",1281174611.0409641,0.0025623492478750723
[32],5,"lr=1e-04, wd=0.0",0,layer4_lr3e-05_hd128_wd0.01_cosine,"lr3e-05,wd0.01",78936354.35713542,0.0001578727345074149
[32],5,"lr=1e-04, wd=0.0",0,layer4_lr0.0001_hd128_wd0.0_cosine,"lr0.0001,wd0.0",208193168.65115184,0.00041638636309544773
[32],5,"lr=1e-04, wd=0.0",0,layer4_lr0.0001_hd128_wd0.01_cosine,"lr0.0001,wd0.01",99895201.84783152,0.00019979042948880708
[32],5,"lr=1e-04, wd=0.0",0,layer4_lr0.0003_hd128_wd0.0_cosine,"lr0.0003,wd0.0",1140777526.507967,0.002281555078809078
[32],5,"lr=1e-04, wd=0.0",0,layer4_lr0.0003_hd128_wd0.01_cosine,"lr0.0003,wd0.01",181874307.29488963,0.0003637486403829233
[32],5,"lr=1e-04, wd=0.0",0,layer4_lr0.001_hd128_wd0.0_cosine,"lr0.001,wd0.0",3071619264.573343,0.00614323855493983
[32],5,"lr=1e-04, wd=0.0",0,layer4_lr0.001_hd128_wd0.01_cosine,"lr0.001,wd0.01",50814754.97195824,0.00010162953573706053
[32],5,"lr=1e-04, wd=0.0",0,layer4_lr0.003_hd128_wd0.0_cosine,"lr0.003,wd0.0",2322175218.808816,0.004644350463410776
[32],5,"lr=1e-04, wd=0.0",0,layer4_lr0.003_hd128_wd0.01_cosine,"lr0.003,wd0.01",39904494.072786056,7.980901393871616e-05
[32],5,"lr=1e-04, wd=0.0",5,layer4_lr1e-05_hd128_wd0.0_cosine,"lr1e-05,wd0.0",657210640.7157474,0.0013144213072246386
[32],5,"lr=1e-04, wd=0.0",5,layer4_lr1e-05_hd128_wd0.01_cosine,"lr1e-05,wd0.01",39961477.91019387,7.992298161353178e-05
[32],5,"lr=1e-04, wd=0.0",5,layer4_lr3e-05_hd128_wd0.0_cosine,"lr3e-05,wd0.0",818113282.8228551,0.0016362265914388542
[32],5,"lr=1e-04, wd=0.0",5,layer4_lr3e-05_hd128_wd0.01_cosine,"lr3e-05,wd0.01",119809518.14930168,0.0002396190620917474
[32],5,"lr=1e-04, wd=0.0",5,layer4_lr0.0001_hd128_wd0.0_cosine,"lr0.0001,wd0.0",286862405.54981214,0.0005737248368927684
[32],5,"lr=1e-04, wd=0.0",5,layer4_lr0.0001_hd128_wd0.01_cosine,"lr0.0001,wd0.01",2261118.6763252444,4.5222631457945376e-06
[32],5,"lr=1e-04, wd=0.0",5,layer4_lr0.0003_hd128_wd0.0_cosine,"lr0.0003,wd0.0",8258459854.385085,0.016516919734563314
[32],5,"lr=1e-04, wd=0.0",5,layer4_lr0.0003_hd128_wd0.01_cosine,"lr0.0003,wd0.01",72124012.82795422,0.0001442480514490525
[32],5,"lr=1e-04, wd=0.0",5,layer4_lr0.001_hd128_wd0.0_cosine,"lr0.001,wd0.0",13869872575.530518,0.02773974517685418
[32],5,"lr=1e-04, wd=0.0",5,layer4_lr0.001_hd128_wd0.01_cosine,"lr0.001,wd0.01",114532495.0252,0.00022906501584354404
[32],5,"lr=1e-04, wd=0.0",5,layer4_lr0.003_hd128_wd0.0_cosine,"lr0.003,wd0.0",11444631882.462896,0.022889263790718935
[32],5,"lr=1e-04, wd=0.0",5,layer4_lr0.003_hd128_wd0.01_cosine,"lr0.003,wd0.01",6083375945.652532,0.012166751917098206
[32],5,"lr=1e-04, wd=0.0",10,layer4_lr1e-05_hd128_wd0.0_cosine,"lr1e-05,wd0.0",1785090621.8071835,0.003570181269407511
[32],5,"lr=1e-04, wd=0.0",10,layer4_lr1e-05_hd128_wd0.01_cosine,"lr1e-05,wd0.01",1033021019.2009357,0.0020660420641950153
[32],5,"lr=1e-04, wd=0.0",10,layer4_lr3e-05_hd128_wd0.0_cosine,"lr3e-05,wd0.0",486358986.81642973,0.0009727179994260035
[32],5,"lr=1e-04, wd=0.0",10,layer4_lr3e-05_hd128_wd0.01_cosine,"lr3e-05,wd0.01",139479827.58105665,0.00027895968095525736
[32],5,"lr=1e-04, wd=0.0",10,layer4_lr0.0001_hd128_wd0.0_cosine,"lr0.0001,wd0.0",979846987.560072,0.0019596940009132878
[32],5,"lr=1e-04, wd=0.0",10,layer4_lr0.0001_hd128_wd0.01_cosine,"lr0.0001,wd0.01",38426.673780337995,7.687914070472551e-08
[32],5,"lr=1e-04, wd=0.0",10,layer4_lr0.0003_hd128_wd0.0_cosine,"lr0.0003,wd0.0",9069849901.677694,0.018139699829148533
[32],5,"lr=1e-04, wd=0.0",10,layer4_lr0.0003_hd128_wd0.01_cosine,"lr0.0003,wd0.01",16139999.375066113,3.2280024543276275e-05
[32],5,"lr=1e-04, wd=0.0",10,layer4_lr0.001_hd128_wd0.0_cosine,"lr0.001,wd0.0",11737123583.228401,0.023474247192249945
[32],5,"lr=1e-04, wd=0.0",10,layer4_lr0.001_hd128_wd0.01_cosine,"lr0.001,wd0.01",612717325.2534128,0.0012254346762999697
[32],5,"lr=1e-04, wd=0.0",10,layer4_lr0.003_hd128_wd0.0_cosine,"lr0.003,wd0.0",5862416091.167749,0.011724832208128642
[32],5,"lr=1e-04, wd=0.0",10,layer4_lr0.003_hd128_wd0.01_cosine,"lr0.003,wd0.01",1431109162.8032033,0.002862218351399551
[32],5,"lr=1e-04, wd=0.0",20,layer4_lr1e-05_hd128_wd0.0_cosine,"lr1e-05,wd0.0",647440384.3129145,0.0012948807944189729
[32],5,"lr=1e-04, wd=0.0",20,layer4_lr1e-05_hd128_wd0.01_cosine,"lr1e-05,wd0.01",146396149.6844897,0.00029279232516212346
[32],5,"lr=1e-04, wd=0.0",20,layer4_lr3e-05_hd128_wd0.0_cosine,"lr3e-05,wd0.0",255868259.9496214,0.0005117365456923868
[32],5,"lr=1e-04, wd=0.0",20,layer4_lr3e-05_hd128_wd0.01_cosine,"lr3e-05,wd0.01",503485.72801678116,1.0069972491776117e-06
[32],5,"lr=1e-04, wd=0.0",20,layer4_lr0.0001_hd128_wd0.0_cosine,"lr0.0001,wd0.0",1770833626.5968087,0.0035416672789867613
[32],5,"lr=1e-04, wd=0.0",20,layer4_lr0.0001_hd128_wd0.01_cosine,"lr0.0001,wd0.01",2120283.347977747,4.240592489099543e-06
[32],5,"lr=1e-04, wd=0.0",20,layer4_lr0.0003_hd128_wd0.0_cosine,"lr0.0003,wd0.0",8772683848.415604,0.017545367722624352
[32],5,"lr=1e-04, wd=0.0",20,layer4_lr0.0003_hd128_wd0.01_cosine,"lr0.0003,wd0.01",78386710.07739484,0.00015677344594793372
[32],5,"lr=1e-04, wd=0.0",20,layer4_lr0.001_hd128_wd0.0_cosine,"lr0.001,wd0.0",10826150470.737005,0.021652300967267155
[32],5,"lr=1e-04, wd=0.0",20,layer4_lr0.001_hd128_wd0.01_cosine,"lr0.001,wd0.01",454393189.17172265,0.0009087864041365894
[32],5,"lr=1e-04, wd=0.0",20,layer4_lr0.003_hd128_wd0.0_cosine,"lr0.003,wd0.0",6455731411.283875,0.012911462848360894
[32],5,"lr=1e-04, wd=0.0",20,layer4_lr0.003_hd128_wd0.01_cosine,"lr0.003,wd0.01",6100383695.814928,0.012200767417423
[32],5,"lr=1e-04, wd=0.0",50,layer4_lr1e-05_hd128_wd0.0_cosine,"lr1e-05,wd0.0",16251927.434093004,3.250388066133006e-05
[32],5,"lr=1e-04, wd=0.0",50,layer4_lr1e-05_hd128_wd0.01_cosine,"lr1e-05,wd0.01",5234725.50414219,1.046947680142843e-05
[32],5,"lr=1e-04, wd=0.0",50,layer4_lr3e-05_hd128_wd0.0_cosine,"lr3e-05,wd0.0",3140229.887660598,6.280485568465245e-06
[32],5,"lr=1e-04, wd=0.0",50,layer4_lr3e-05_hd128_wd0.01_cosine,"lr3e-05,wd0.01",5847208.750341328,1.1694443293826705e-05
[32],5,"lr=1e-04, wd=0.0",50,layer4_lr0.0001_hd128_wd0.0_cosine,"lr0.0001,wd0.0",711752752.6042037,0.0014235055310015514
[32],5,"lr=1e-04, wd=0.0",50,layer4_lr0.0001_hd128_wd0.01_cosine,"lr0.0001,wd0.01",24279686.78130894,4.855939935576193e-05
[32],5,"lr=1e-04, wd=0.0",50,layer4_lr0.0003_hd128_wd0.0_cosine,"lr0.0003,wd0.0",41476139.8388643,8.295230547087264e-05
[32],5,"lr=1e-04, wd=0.0",50,layer4_lr0.0003_hd128_wd0.01_cosine,"lr0.0003,wd0.01",59287952.95553181,0.00011857593170420768
[32],5,"lr=1e-04, wd=0.0",50,layer4_lr0.001_hd128_wd0.0_cosine,"lr0.001,wd0.0",3802471985.959212,0.007604943997711567
[32],5,"lr=1e-04, wd=0.0",50,layer4_lr0.001_hd128_wd0.01_cosine,"lr0.001,wd0.01",1413218401.8696036,0.0028264368295323515
[32],5,"lr=1e-04, wd=0.0",50,layer4_lr0.003_hd128_wd0.0_cosine,"lr0.003,wd0.0",2630737665.2680087,0.005261475356329161
[32],5,"lr=1e-04, wd=0.0",50,layer4_lr0.003_hd128_wd0.01_cosine,"lr0.003,wd0.01",4914894425.709799,0.00982978887721274
[32],5,"lr=1e-04, wd=0.0",90,layer4_lr1e-05_hd128_wd0.0_cosine,"lr1e-05,wd0.0",6950539.868695581,1.3901105530535212e-05
[32],5,"lr=1e-04, wd=0.0",90,layer4_lr1e-05_hd128_wd0.01_cosine,"lr1e-05,wd0.01",5467586.257635819,1.0935198308415687e-05
[32],5,"lr=1e-04, wd=0.0",90,layer4_lr3e-05_hd128_wd0.0_cosine,"lr3e-05,wd0.0",114070.76552105875,2.2816732418616703e-07
[32],5,"lr=1e-04, wd=0.0",90,layer4_lr3e-05_hd128_wd0.01_cosine,"lr3e-05,wd0.01",1176983.4037577223,2.3539926006594944e-06
[32],5,"lr=1e-04, wd=0.0",90,layer4_lr0.0001_hd128_wd0.0_cosine,"lr0.0001,wd0.0",4643664.451101216,9.28735469534648e-06
[32],5,"lr=1e-04, wd=0.0",90,layer4_lr0.0001_hd128_wd0.01_cosine,"lr0.0001,wd0.01",2664582.952029699,5.329191697203447e-06
[32],5,"lr=1e-04, wd=0.0",90,layer4_lr0.0003_hd128_wd0.0_cosine,"lr0.0003,wd0.0",7351362.282208847,1.4702750357561742e-05
[32],5,"lr=1e-04, wd=0.0",90,layer4_lr0.0003_hd128_wd0.01_cosine,"lr0.0003,wd0.01",47446769.92423142,9.489356564160688e-05
[32],5,"lr=1e-04, wd=0.0",90,layer4_lr0.001_hd128_wd0.0_cosine,"lr0.001,wd0.0",458560716.7417026,0.0009171214592765493
[32],5,"lr=1e-04, wd=0.0",90,layer4_lr0.001_hd128_wd0.01_cosine,"lr0.001,wd0.01",258032964.28307387,0.0005160659543592918
[32],5,"lr=1e-04, wd=0.0",90,layer4_lr0.003_hd128_wd0.0_cosine,"lr0.003,wd0.0",49560187.88360266,9.912040156034936e-05
[32],5,"lr=1e-04, wd=0.0",90,layer4_lr0.003_hd128_wd0.01_cosine,"lr0.003,wd0.01",726200804.5650543,0.0014524016349232525
[32],6,"lr=1e-04, wd=0.01",0,layer4_lr1e-05_hd128_wd0.0_cosine,"lr1e-05,wd0.0",1040617323.0904609,0.0020812346719740657
[32],6,"lr=1e-04, wd=0.01",0,layer4_lr1e-05_hd128_wd0.01_cosine,"lr1e-05,wd0.01",15013043.107064761,3.0026112007273573e-05
[32],6,"lr=1e-04, wd=0.01",0,layer4_lr3e-05_hd128_wd0.0_cosine,"lr3e-05,wd0.0",4963706888.221728,0.009927413802236601
[32],6,"lr=1e-04, wd=0.01",0,layer4_lr3e-05_hd128_wd0.01_cosine,"lr3e-05,wd0.01",703016820.222493,0.00140603366623813
[32],6,"lr=1e-04, wd=0.01",0,layer4_lr0.0001_hd128_wd0.0_cosine,"lr0.0001,wd0.0",2453955806.23132,0.004907911638255784
[32],6,"lr=1e-04, wd=0.01",0,layer4_lr0.0001_hd128_wd0.01_cosine,"lr0.0001,wd0.01",2059103282.8472354,0.004118206591487615
[32],6,"lr=1e-04, wd=0.01",0,layer4_lr0.0003_hd128_wd0.0_cosine,"lr0.0003,wd0.0",1630682.7079532002,3.26139120905045e-06
[32],6,"lr=1e-04, wd=0.01",0,layer4_lr0.0003_hd128_wd0.01_cosine,"lr0.0003,wd0.01",2376689924.376342,0.0047533798745458275
[32],6,"lr=1e-04, wd=0.01",0,layer4_lr0.001_hd128_wd0.0_cosine,"lr0.001,wd0.0",431122579.1201286,0.0008622451840334012
[32],6,"lr=1e-04, wd=0.01",0,layer4_lr0.001_hd128_wd0.01_cosine,"lr0.001,wd0.01",1798469590.0217426,0.0035969392058366294
[32],6,"lr=1e-04, wd=0.01",0,layer4_lr0.003_hd128_wd0.0_cosine,"lr0.003,wd0.0",205289720.6121834,0.0004105794670175108
[32],6,"lr=1e-04, wd=0.01",0,layer4_lr0.003_hd128_wd0.01_cosine,"lr0.003,wd0.01",813994662.3544962,0.0016279893505021365
[32],6,"lr=1e-04, wd=0.01",5,layer4_lr1e-05_hd128_wd0.0_cosine,"lr1e-05,wd0.0",2745046602.397117,0.005490093230587379
[32],6,"lr=1e-04, wd=0.01",5,layer4_lr1e-05_hd128_wd0.01_cosine,"lr1e-05,wd0.01",417920433.7792483,0.0008358408933516407
[32],6,"lr=1e-04, wd=0.01",5,layer4_lr3e-05_hd128_wd0.0_cosine,"lr3e-05,wd0.0",2731215385.1843553,0.005462430796161854
[32],6,"lr=1e-04, wd=0.01",5,layer4_lr3e-05_hd128_wd0.01_cosine,"lr3e-05,wd0.01",442428186.92321336,0.0008848563996395708
[32],6,"lr=1e-04, wd=0.01",5,layer4_lr0.0001_hd128_wd0.0_cosine,"lr0.0001,wd0.0",97152718.64897229,0.00019430546309108862
[32],6,"lr=1e-04, wd=0.01",5,layer4_lr0.0001_hd128_wd0.01_cosine,"lr0.0001,wd0.01",450444312.27705574,0.0009008886503472555
[32],6,"lr=1e-04, wd=0.01",5,layer4_lr0.0003_hd128_wd0.0_cosine,"lr0.0003,wd0.0",6701146529.984932,0.013402293085763007
[32],6,"lr=1e-04, wd=0.01",5,layer4_lr0.0003_hd128_wd0.01_cosine,"lr0.0003,wd0.01",323950108.67127436,0.0006479002431356929
[32],6,"lr=1e-04, wd=0.01",5,layer4_lr0.001_hd128_wd0.0_cosine,"lr0.001,wd0.0",11901789499.785915,0.023803579025364976
[32],6,"lr=1e-04, wd=0.01",5,layer4_lr0.001_hd128_wd0.01_cosine,"lr0.001,wd0.01",2809693.032847046,5.619411858838141e-06
[32],6,"lr=1e-04, wd=0.01",5,layer4_lr0.003_hd128_wd0.0_cosine,"lr0.003,wd0.0",9813840194.32539,0.01962768041444392
[32],6,"lr=1e-04, wd=0.01",5,layer4_lr0.003_hd128_wd0.01_cosine,"lr0.003,wd0.01",7089481118.257578,0.0141789622623083
[32],6,"lr=1e-04, wd=0.01",10,layer4_lr1e-05_hd128_wd0.0_cosine,"lr1e-05,wd0.0",3342068040.1112833,0.00668413610601571
[32],6,"lr=1e-04, wd=0.01",10,layer4_lr1e-05_hd128_wd0.01_cosine,"lr1e-05,wd0.01",1911097922.2608716,0.0038221958703148875
[32],6,"lr=1e-04, wd=0.01",10,layer4_lr3e-05_hd128_wd0.0_cosine,"lr3e-05,wd0.0",1151309045.2748284,0.002302618116342801
[32],6,"lr=1e-04, wd=0.01",10,layer4_lr3e-05_hd128_wd0.01_cosine,"lr3e-05,wd0.01",111394321.13004641,0.00022278866805323686
[32],6,"lr=1e-04, wd=0.01",10,layer4_lr0.0001_hd128_wd0.0_cosine,"lr0.0001,wd0.0",720136046.4664351,0.001440272118726014
[32],6,"lr=1e-04, wd=0.01",10,layer4_lr0.0001_hd128_wd0.01_cosine,"lr0.0001,wd0.01",82365492.25726146,0.00016473101030766696
[32],6,"lr=1e-04, wd=0.01",10,layer4_lr0.0003_hd128_wd0.0_cosine,"lr0.0003,wd0.0",8131448167.542529,0.0162628963608782
[32],6,"lr=1e-04, wd=0.01",10,layer4_lr0.0003_hd128_wd0.01_cosine,"lr0.0003,wd0.01",112534982.91760182,0.00022506999162834768
[32],6,"lr=1e-04, wd=0.01",10,layer4_lr0.001_hd128_wd0.0_cosine,"lr0.001,wd0.0",10916961687.51521,0.021833923400823563
[32],6,"lr=1e-04, wd=0.01",10,layer4_lr0.001_hd128_wd0.01_cosine,"lr0.001,wd0.01",949501083.6368976,0.001899002193066939
[32],6,"lr=1e-04, wd=0.01",10,layer4_lr0.003_hd128_wd0.0_cosine,"lr0.003,wd0.0",5213893577.688601,0.010427787181170345
[32],6,"lr=1e-04, wd=0.01",10,layer4_lr0.003_hd128_wd0.01_cosine,"lr0.003,wd0.01",2528970729.8170533,0.005057941485427251
[32],6,"lr=1e-04, wd=0.01",20,layer4_lr1e-05_hd128_wd0.0_cosine,"lr1e-05,wd0.0",983033245.301886,0.001966066516396916
[32],6,"lr=1e-04, wd=0.01",20,layer4_lr1e-05_hd128_wd0.01_cosine,"lr1e-05,wd0.01",330791517.4565388,0.0006615830607062217
[32],6,"lr=1e-04, wd=0.01",20,layer4_lr3e-05_hd128_wd0.0_cosine,"lr3e-05,wd0.0",161661545.49483728,0.0003233231167828186
[32],6,"lr=1e-04, wd=0.01",20,layer4_lr3e-05_hd128_wd0.01_cosine,"lr3e-05,wd0.01",83703965.48844413,0.00016740795677003232
[32],6,"lr=1e-04, wd=0.01",20,layer4_lr0.0001_hd128_wd0.0_cosine,"lr0.0001,wd0.0",1752560415.5505009,0.003505120856894146
[32],6,"lr=1e-04, wd=0.01",20,layer4_lr0.0001_hd128_wd0.01_cosine,"lr0.0001,wd0.01",14455949.194416324,2.8911924181976696e-05
[32],6,"lr=1e-04, wd=0.01",20,layer4_lr0.0003_hd128_wd0.0_cosine,"lr0.0003,wd0.0",8473640876.885975,0.016947281779565095
[32],6,"lr=1e-04, wd=0.01",20,layer4_lr0.0003_hd128_wd0.01_cosine,"lr0.0003,wd0.01",125607470.74468276,0.00025121496728250955
[32],6,"lr=1e-04, wd=0.01",20,layer4_lr0.001_hd128_wd0.0_cosine,"lr0.001,wd0.0",10589374569.043217,0.021178749163879577
[32],6,"lr=1e-04, wd=0.01",20,layer4_lr0.001_hd128_wd0.01_cosine,"lr0.001,wd0.01",599178648.9533453,0.0011983573236998347
[32],6,"lr=1e-04, wd=0.01",20,layer4_lr0.003_hd128_wd0.0_cosine,"lr0.003,wd0.0",6250619797.487603,0.01250123962076835
[32],6,"lr=1e-04, wd=0.01",20,layer4_lr0.003_hd128_wd0.01_cosine,"lr0.003,wd0.01",6924893539.361719,0.013849787104516582
[32],6,"lr=1e-04, wd=0.01",50,layer4_lr1e-05_hd128_wd0.0_cosine,"lr1e-05,wd0.0",7914494.639268834,1.5829015071681716e-05
[32],6,"lr=1e-04, wd=0.01",50,layer4_lr1e-05_hd128_wd0.01_cosine,"lr1e-05,wd0.01",1219439.9677547251,2.4389057286535e-06
[32],6,"lr=1e-04, wd=0.01",50,layer4_lr3e-05_hd128_wd0.0_cosine,"lr3e-05,wd0.0",2015554.4958574427,4.031134784858935e-06
[32],6,"lr=1e-04, wd=0.01",50,layer4_lr3e-05_hd128_wd0.01_cosine,"lr3e-05,wd0.01",6458533.863837511,1.2917093520819071e-05
[32],6,"lr=1e-04, wd=0.01",50,layer4_lr0.0001_hd128_wd0.0_cosine,"lr0.0001,wd0.0",701600669.5205823,0.0014032013648343086
[32],6,"lr=1e-04, wd=0.01",50,layer4_lr0.0001_hd128_wd0.01_cosine,"lr0.0001,wd0.01",11940524.364199694,2.388107452154344e-05
[32],6,"lr=1e-04, wd=0.01",50,layer4_lr0.0003_hd128_wd0.0_cosine,"lr0.0003,wd0.0",203739469.69653082,0.00040747896518620566
[32],6,"lr=1e-04, wd=0.01",50,layer4_lr0.0003_hd128_wd0.01_cosine,"lr0.0003,wd0.01",33652819.28763022,6.73056643684045e-05
[32],6,"lr=1e-04, wd=0.01",50,layer4_lr0.001_hd128_wd0.0_cosine,"lr0.001,wd0.0",4871614787.265834,0.009743229600324812
[32],6,"lr=1e-04, wd=0.01",50,layer4_lr0.001_hd128_wd0.01_cosine,"lr0.001,wd0.01",1392760186.0697808,0.002785520397932706
[32],6,"lr=1e-04, wd=0.01",50,layer4_lr0.003_hd128_wd0.0_cosine,"lr0.003,wd0.0",2738085163.5906215,0.005476170352974387
[32],6,"lr=1e-04, wd=0.01",50,layer4_lr0.003_hd128_wd0.01_cosine,"lr0.003,wd0.01",5264437008.716931,0.010528874043227006
[32],6,"lr=1e-04, wd=0.01",90,layer4_lr1e-05_hd128_wd0.0_cosine,"lr1e-05,wd0.0",13464626.609655619,2.6929279012455286e-05
[32],6,"lr=1e-04, wd=0.01",90,layer4_lr1e-05_hd128_wd0.01_cosine,"lr1e-05,wd0.01",1709252.6088515143,3.4185310108470783e-06
[32],6,"lr=1e-04, wd=0.01",90,layer4_lr3e-05_hd128_wd0.0_cosine,"lr3e-05,wd0.0",6101672.417211685,1.2203370627567419e-05
[32],6,"lr=1e-04, wd=0.01",90,layer4_lr3e-05_hd128_wd0.01_cosine,"lr3e-05,wd0.01",1593727.3915609808,3.187480576266011e-06
[32],6,"lr=1e-04, wd=0.01",90,layer4_lr0.0001_hd128_wd0.0_cosine,"lr0.0001,wd0.0",2536683.0671581533,5.073391927460355e-06
[32],6,"lr=1e-04, wd=0.01",90,layer4_lr0.0001_hd128_wd0.01_cosine,"lr0.0001,wd0.01",24504.57306795219,4.90349392799539e-08
[32],6,"lr=1e-04, wd=0.01",90,layer4_lr0.0003_hd128_wd0.0_cosine,"lr0.0003,wd0.0",8187764.599108351,1.637555499136075e-05
[32],6,"lr=1e-04, wd=0.01",90,layer4_lr0.0003_hd128_wd0.01_cosine,"lr0.0003,wd0.01",23431001.68041348,4.6862029153971005e-05
[32],6,"lr=1e-04, wd=0.01",90,layer4_lr0.001_hd128_wd0.0_cosine,"lr0.001,wd0.0",484704746.5024326,0.0009694095187980093
[32],6,"lr=1e-04, wd=0.01",90,layer4_lr0.001_hd128_wd0.01_cosine,"lr0.001,wd0.01",154831292.93511572,0.0003096626116633755
[32],6,"lr=1e-04, wd=0.01",90,layer4_lr0.003_hd128_wd0.0_cosine,"lr0.003,wd0.0",92011098.98550612,0.0001840222237641563
[32],6,"lr=1e-04, wd=0.01",90,layer4_lr0.003_hd128_wd0.01_cosine,"lr0.003,wd0.01",1085782085.2852695,0.002171564196363683
[32],7,"lr=3e-04, wd=0.0",0,layer4_lr1e-05_hd128_wd0.0_cosine,"lr1e-05,wd0.0",32031862.52095852,6.406375083506109e-05
[32],7,"lr=3e-04, wd=0.0",0,layer4_lr1e-05_hd128_wd0.01_cosine,"lr1e-05,wd0.01",1013901258.1060762,0.0020278025420052965
[32],7,"lr=3e-04, wd=0.0",0,layer4_lr3e-05_hd128_wd0.0_cosine,"lr3e-05,wd0.0",2098863458.2602015,0.004197726942313547
[32],7,"lr=3e-04, wd=0.0",0,layer4_lr3e-05_hd128_wd0.01_cosine,"lr3e-05,wd0.01",257968.1098740736,5.159620128921967e-07
[32],7,"lr=3e-04, wd=0.0",0,layer4_lr0.0001_hd128_wd0.0_cosine,"lr0.0001,wd0.0",707953433.2884283,0.0014159068923700006
[32],7,"lr=3e-04, wd=0.0",0,layer4_lr0.0001_hd128_wd0.01_cosine,"lr0.0001,wd0.01",459144258.02533865,0.0009182885418438214
[32],7,"lr=3e-04, wd=0.0",0,layer4_lr0.0003_hd128_wd0.0_cosine,"lr0.0003,wd0.0",467313406.1873014,0.0009346268381677468
[32],7,"lr=3e-04, wd=0.0",0,layer4_lr0.0003_hd128_wd0.01_cosine,"lr0.0003,wd0.01",647311439.1123871,0.001294622904017918
[32],7,"lr=3e-04, wd=0.0",0,layer4_lr0.001_hd128_wd0.0_cosine,"lr0.001,wd0.0",1960952714.404855,0.003921905454602854
[32],7,"lr=3e-04, wd=0.0",0,layer4_lr0.001_hd128_wd0.01_cosine,"lr0.001,wd0.01",350282926.93008935,0.0007005658796533228
[32],7,"lr=3e-04, wd=0.0",0,layer4_lr0.003_hd128_wd0.0_cosine,"lr0.003,wd0.0",1405067787.9672246,0.002810135601727593
[32],7,"lr=3e-04, wd=0.0",0,layer4_lr0.003_hd128_wd0.01_cosine,"lr0.003,wd0.01",23754488.97349801,4.750900374014006e-05
[32],7,"lr=3e-04, wd=0.0",5,layer4_lr1e-05_hd128_wd0.0_cosine,"lr1e-05,wd0.0",7334691641.28677,0.014669383308366684
[32],7,"lr=3e-04, wd=0.0",5,layer4_lr1e-05_hd128_wd0.01_cosine,"lr1e-05,wd0.01",3078658630.110696,0.006157317286014536
[32],7,"lr=3e-04, wd=0.0",5,layer4_lr3e-05_hd128_wd0.0_cosine,"lr3e-05,wd0.0",3217639471.3824267,0.006435278968557998
[32],7,"lr=3e-04, wd=0.0",5,layer4_lr3e-05_hd128_wd0.01_cosine,"lr3e-05,wd0.01",816458541.1723825,0.0016329171081379088
[32],7,"lr=3e-04, wd=0.0",5,layer4_lr0.0001_hd128_wd0.0_cosine,"lr0.0001,wd0.0",228434892.6931405,0.00045686981117942506
[32],7,"lr=3e-04, wd=0.0",5,layer4_lr0.0001_hd128_wd0.01_cosine,"lr0.0001,wd0.01",582573088.8340294,0.001165146203461203
[32],7,"lr=3e-04, wd=0.0",5,layer4_lr0.0003_hd128_wd0.0_cosine,"lr0.0003,wd0.0",3850573982.6273,0.007701147991047743
[32],7,"lr=3e-04, wd=0.0",5,layer4_lr0.0003_hd128_wd0.01_cosine,"lr0.0003,wd0.01",618872737.8319716,0.0012377455014570872
[32],7,"lr=3e-04, wd=0.0",5,layer4_lr0.001_hd128_wd0.0_cosine,"lr0.001,wd0.0",7774923140.06443,0.015549846305922004
[32],7,"lr=3e-04, wd=0.0",5,layer4_lr0.001_hd128_wd0.01_cosine,"lr0.001,wd0.01",556487642.9422572,0.0011129753116776583
[32],7,"lr=3e-04, wd=0.0",5,layer4_lr0.003_hd128_wd0.0_cosine,"lr0.003,wd0.0",4098652308.5957923,0.008197304642984729
[32],7,"lr=3e-04, wd=0.0",5,layer4_lr0.003_hd128_wd0.01_cosine,"lr0.003,wd0.01",11876185173.648735,0.023752370373090612
[32],7,"lr=3e-04, wd=0.0",10,layer4_lr1e-05_hd128_wd0.0_cosine,"lr1e-05,wd0.0",6081201990.6200485,0.012162404007033242
[32],7,"lr=3e-04, wd=0.0",10,layer4_lr1e-05_hd128_wd0.01_cosine,"lr1e-05,wd0.01",4274815522.1996403,0.008549631070192425
[32],7,"lr=3e-04, wd=0.0",10,layer4_lr3e-05_hd128_wd0.0_cosine,"lr3e-05,wd0.0",2552374866.663952,0.005104749759121048
[32],7,"lr=3e-04, wd=0.0",10,layer4_lr3e-05_hd128_wd0.01_cosine,"lr3e-05,wd0.01",543811003.448296,0.0010876220326897358
[32],7,"lr=3e-04, wd=0.0",10,layer4_lr0.0001_hd128_wd0.0_cosine,"lr0.0001,wd0.0",8432443.069137422,1.6864911931418894e-05
[32],7,"lr=3e-04, wd=0.0",10,layer4_lr0.0001_hd128_wd0.01_cosine,"lr0.0001,wd0.01",475241820.92775553,0.0009504836676486551
[32],7,"lr=3e-04, wd=0.0",10,layer4_lr0.0003_hd128_wd0.0_cosine,"lr0.0003,wd0.0",5654808516.41057,0.011309617058614285
[32],7,"lr=3e-04, wd=0.0",10,layer4_lr0.0003_hd128_wd0.01_cosine,"lr0.0003,wd0.01",623243953.0269519,0.0012464879318470478
[32],7,"lr=3e-04, wd=0.0",10,layer4_lr0.001_hd128_wd0.0_cosine,"lr0.001,wd0.0",8296070412.777912,0.01659214085134897
[32],7,"lr=3e-04, wd=0.0",10,layer4_lr0.001_hd128_wd0.01_cosine,"lr0.001,wd0.01",1217032794.1666443,0.002434065614126433
[32],7,"lr=3e-04, wd=0.0",10,layer4_lr0.003_hd128_wd0.0_cosine,"lr0.003,wd0.0",3480990443.744127,0.006961980913281398
[32],7,"lr=3e-04, wd=0.0",10,layer4_lr0.003_hd128_wd0.01_cosine,"lr0.003,wd0.01",2374547333.942549,0.004749094693678243
[32],7,"lr=3e-04, wd=0.0",20,layer4_lr1e-05_hd128_wd0.0_cosine,"lr1e-05,wd0.0",730879644.5398594,0.0014617593148728628
[32],7,"lr=3e-04, wd=0.0",20,layer4_lr1e-05_hd128_wd0.01_cosine,"lr1e-05,wd0.01",104768731.57660706,0.00020953748894635818
[32],7,"lr=3e-04, wd=0.0",20,layer4_lr3e-05_hd128_wd0.0_cosine,"lr3e-05,wd0.0",995770924.2307736,0.001991541874254691
[32],7,"lr=3e-04, wd=0.0",20,layer4_lr3e-05_hd128_wd0.01_cosine,"lr3e-05,wd0.01",492696902.96523625,0.0009853938317236166
[32],7,"lr=3e-04, wd=0.0",20,layer4_lr0.0001_hd128_wd0.0_cosine,"lr0.0001,wd0.0",501031613.27742213,0.0010020632523479883
[32],7,"lr=3e-04, wd=0.0",20,layer4_lr0.0001_hd128_wd0.01_cosine,"lr0.0001,wd0.01",373350103.6987163,0.0007467002331905766
[32],7,"lr=3e-04, wd=0.0",20,layer4_lr0.0003_hd128_wd0.0_cosine,"lr0.0003,wd0.0",6184108771.18849,0.012368217568170125
[32],7,"lr=3e-04, wd=0.0",20,layer4_lr0.0003_hd128_wd0.01_cosine,"lr0.0003,wd0.01",763051612.0628618,0.0015261032499188675
[32],7,"lr=3e-04, wd=0.0",20,layer4_lr0.001_hd128_wd0.0_cosine,"lr0.001,wd0.0",8602128521.201473,0.01720425706819609
[32],7,"lr=3e-04, wd=0.0",20,layer4_lr0.001_hd128_wd0.01_cosine,"lr0.001,wd0.01",1349209100.373764,0.0026984182265406722
[32],7,"lr=3e-04, wd=0.0",20,layer4_lr0.003_hd128_wd0.0_cosine,"lr0.003,wd0.0",4274755030.628076,0.008549510087049296
[32],7,"lr=3e-04, wd=0.0",20,layer4_lr0.003_hd128_wd0.01_cosine,"lr0.003,wd0.01",5672599264.242372,0.011345198554277887
[32],7,"lr=3e-04, wd=0.0",50,layer4_lr1e-05_hd128_wd0.0_cosine,"lr1e-05,wd0.0",16430990.134255478,3.286200606165501e-05
[32],7,"lr=3e-04, wd=0.0",50,layer4_lr1e-05_hd128_wd0.01_cosine,"lr1e-05,wd0.01",35471416.4714156,7.094285873597525e-05
[32],7,"lr=3e-04, wd=0.0",50,layer4_lr3e-05_hd128_wd0.0_cosine,"lr3e-05,wd0.0",9750859.890028054,1.9501745573200158e-05
[32],7,"lr=3e-04, wd=0.0",50,layer4_lr3e-05_hd128_wd0.01_cosine,"lr3e-05,wd0.01",15406262.489324635,3.081255077179332e-05
[32],7,"lr=3e-04, wd=0.0",50,layer4_lr0.0001_hd128_wd0.0_cosine,"lr0.0001,wd0.0",353990562.1067154,0.0007079811500065749
[32],7,"lr=3e-04, wd=0.0",50,layer4_lr0.0001_hd128_wd0.01_cosine,"lr0.0001,wd0.01",133283455.58672602,0.0002665669369665961
[32],7,"lr=3e-04, wd=0.0",50,layer4_lr0.0003_hd128_wd0.0_cosine,"lr0.0003,wd0.0",1063246891.240196,0.002126493808273536
[32],7,"lr=3e-04, wd=0.0",50,layer4_lr0.0003_hd128_wd0.01_cosine,"lr0.0003,wd0.01",314319959.00209606,0.0006286399437973362
[32],7,"lr=3e-04, wd=0.0",50,layer4_lr0.001_hd128_wd0.0_cosine,"lr0.001,wd0.0",6181799.385031729,1.2363624563207506e-05
[32],7,"lr=3e-04, wd=0.0",50,layer4_lr0.001_hd128_wd0.01_cosine,"lr0.001,wd0.01",1881727380.2864022,0.0037634547863659488
[32],7,"lr=3e-04, wd=0.0",50,layer4_lr0.003_hd128_wd0.0_cosine,"lr0.003,wd0.0",2525574042.737182,0.005051148111267508
[32],7,"lr=3e-04, wd=0.0",50,layer4_lr0.003_hd128_wd0.01_cosine,"lr0.003,wd0.01",4960774497.814891,0.009921549021422926
[32],7,"lr=3e-04, wd=0.0",90,layer4_lr1e-05_hd128_wd0.0_cosine,"lr1e-05,wd0.0",33831864.828022435,6.766375544918892e-05
[32],7,"lr=3e-04, wd=0.0",90,layer4_lr1e-05_hd128_wd0.01_cosine,"lr1e-05,wd0.01",10526970.774396513,2.1053967341937075e-05
[32],7,"lr=3e-04, wd=0.0",90,layer4_lr3e-05_hd128_wd0.0_cosine,"lr3e-05,wd0.0",270155.3157355779,5.403364246152052e-07
[32],7,"lr=3e-04, wd=0.0",90,layer4_lr3e-05_hd128_wd0.01_cosine,"lr3e-05,wd0.01",2057197.8051844784,4.114421403513006e-06
[32],7,"lr=3e-04, wd=0.0",90,layer4_lr0.0001_hd128_wd0.0_cosine,"lr0.0001,wd0.0",23323142.157105193,4.6646310107354435e-05
[32],7,"lr=3e-04, wd=0.0",90,layer4_lr0.0001_hd128_wd0.01_cosine,"lr0.0001,wd0.01",21904434.9982585,4.380889578966105e-05
[32],7,"lr=3e-04, wd=0.0",90,layer4_lr0.0003_hd128_wd0.0_cosine,"lr0.0003,wd0.0",13135594.480844157,2.6271214754832362e-05
[32],7,"lr=3e-04, wd=0.0",90,layer4_lr0.0003_hd128_wd0.01_cosine,"lr0.0003,wd0.01",122630576.76626942,0.00024526117932568287
[32],7,"lr=3e-04, wd=0.0",90,layer4_lr0.001_hd128_wd0.0_cosine,"lr0.001,wd0.0",371544461.787332,0.0007430889493678081
[32],7,"lr=3e-04, wd=0.0",90,layer4_lr0.001_hd128_wd0.01_cosine,"lr0.001,wd0.01",233780793.5159221,0.00046756161282498826
[32],7,"lr=3e-04, wd=0.0",90,layer4_lr0.003_hd128_wd0.0_cosine,"lr0.003,wd0.0",356302025.5710542,0.0007126040769352526
[32],7,"lr=3e-04, wd=0.0",90,layer4_lr0.003_hd128_wd0.01_cosine,"lr0.003,wd0.01",479581628.7325703,0.0009591632832582846
[32],8,"lr=3e-04, wd=0.01",0,layer4_lr1e-05_hd128_wd0.0_cosine,"lr1e-05,wd0.0",188092055.8538489,0.0003761841375008418
[32],8,"lr=3e-04, wd=0.01",0,layer4_lr1e-05_hd128_wd0.01_cosine,"lr1e-05,wd0.01",508306531.07016945,0.001016613087933483
[32],8,"lr=3e-04, wd=0.01",0,layer4_lr3e-05_hd128_wd0.0_cosine,"lr3e-05,wd0.0",2970545887.3042064,0.005941091800401557
[32],8,"lr=3e-04, wd=0.01",0,layer4_lr3e-05_hd128_wd0.01_cosine,"lr3e-05,wd0.01",112875525.63552842,0.0002257510770642009
[32],8,"lr=3e-04, wd=0.01",0,layer4_lr0.0001_hd128_wd0.0_cosine,"lr0.0001,wd0.0",1303849713.8993711,0.0026076994535918865
[32],8,"lr=3e-04, wd=0.01",0,layer4_lr0.0001_hd128_wd0.01_cosine,"lr0.0001,wd0.01",1031365867.8350277,0.0020627317614631993
[32],8,"lr=3e-04, wd=0.01",0,layer4_lr0.0003_hd128_wd0.0_cosine,"lr0.0003,wd0.0",130154496.436884,0.00026030901866691206
[32],8,"lr=3e-04, wd=0.01",0,layer4_lr0.0003_hd128_wd0.01_cosine,"lr0.0003,wd0.01",1304315951.3637922,0.0026086319285207283
[32],8,"lr=3e-04, wd=0.01",0,layer4_lr0.001_hd128_wd0.0_cosine,"lr0.001,wd0.0",1158655808.3267412,0.0023173116424466266
[32],8,"lr=3e-04, wd=0.01",0,layer4_lr0.001_hd128_wd0.01_cosine,"lr0.001,wd0.01",842273635.0092946,0.0016845472958117332
[32],8,"lr=3e-04, wd=0.01",0,layer4_lr0.003_hd128_wd0.0_cosine,"lr0.003,wd0.0",763665003.0764416,0.0015273300319460273
[32],8,"lr=3e-04, wd=0.01",0,layer4_lr0.003_hd128_wd0.01_cosine,"lr0.003,wd0.01",226234873.02758646,0.00045246977184831697
[32],8,"lr=3e-04, wd=0.01",5,layer4_lr1e-05_hd128_wd0.0_cosine,"lr1e-05,wd0.0",4570155423.321301,0.009140310872435747
[32],8,"lr=3e-04, wd=0.01",5,layer4_lr1e-05_hd128_wd0.01_cosine,"lr1e-05,wd0.01",1490509490.2624006,0.0029810190063179454
[32],8,"lr=3e-04, wd=0.01",5,layer4_lr3e-05_hd128_wd0.0_cosine,"lr3e-05,wd0.0",3360546435.4951773,0.006721092896783499
[32],8,"lr=3e-04, wd=0.01",5,layer4_lr3e-05_hd128_wd0.01_cosine,"lr3e-05,wd0.01",693991367.1462976,0.0013879827600857392
[32],8,"lr=3e-04, wd=0.01",5,layer4_lr0.0001_hd128_wd0.0_cosine,"lr0.0001,wd0.0",78865062.77991289,0.0001577301513529698
[32],8,"lr=3e-04, wd=0.01",5,layer4_lr0.0001_hd128_wd0.01_cosine,"lr0.0001,wd0.01",506276080.1341252,0.0010125521860613945
[32],8,"lr=3e-04, wd=0.01",5,layer4_lr0.0003_hd128_wd0.0_cosine,"lr0.0003,wd0.0",6537227813.6687355,0.013074455653130614
[32],8,"lr=3e-04, wd=0.01",5,layer4_lr0.0003_hd128_wd0.01_cosine,"lr0.0003,wd0.01",365343968.9853503,0.0007306879637638447
[32],8,"lr=3e-04, wd=0.01",5,layer4_lr0.001_hd128_wd0.0_cosine,"lr0.001,wd0.0",10865004672.178843,0.021730009370150828
[32],8,"lr=3e-04, wd=0.01",5,layer4_lr0.001_hd128_wd0.01_cosine,"lr0.001,wd0.01",476914687.71564406,0.0009538294012244323
[32],8,"lr=3e-04, wd=0.01",5,layer4_lr0.003_hd128_wd0.0_cosine,"lr0.003,wd0.0",7595667528.253773,0.015191335082300689
[32],8,"lr=3e-04, wd=0.01",5,layer4_lr0.003_hd128_wd0.01_cosine,"lr0.003,wd0.01",6556702296.432242,0.013113404618657629
[32],8,"lr=3e-04, wd=0.01",10,layer4_lr1e-05_hd128_wd0.0_cosine,"lr1e-05,wd0.0",3589250771.514069,0.007178501568821282
[32],8,"lr=3e-04, wd=0.01",10,layer4_lr1e-05_hd128_wd0.01_cosine,"lr1e-05,wd0.01",2237940776.3769836,0.004475881578547111
[32],8,"lr=3e-04, wd=0.01",10,layer4_lr3e-05_hd128_wd0.0_cosine,"lr3e-05,wd0.0",1261849147.2499666,0.0025236983202930772
[32],8,"lr=3e-04, wd=0.01",10,layer4_lr3e-05_hd128_wd0.01_cosine,"lr3e-05,wd0.01",166323786.16803586,0.0003326475981292158
[32],8,"lr=3e-04, wd=0.01",10,layer4_lr0.0001_hd128_wd0.0_cosine,"lr0.0001,wd0.0",1088485875.539391,0.0021769717768719264
[32],8,"lr=3e-04, wd=0.01",10,layer4_lr0.0001_hd128_wd0.01_cosine,"lr0.0001,wd0.01",64635156.381319806,0.00012927033855578366
[32],8,"lr=3e-04, wd=0.01",10,layer4_lr0.0003_hd128_wd0.0_cosine,"lr0.0003,wd0.0",8253176049.843159,0.016506352125479462
[32],8,"lr=3e-04, wd=0.01",10,layer4_lr0.0003_hd128_wd0.01_cosine,"lr0.0003,wd0.01",161963098.88891932,0.0003239262235709827
[32],8,"lr=3e-04, wd=0.01",10,layer4_lr0.001_hd128_wd0.0_cosine,"lr0.001,wd0.0",10418807443.865028,0.0208376149135232
[32],8,"lr=3e-04, wd=0.01",10,layer4_lr0.001_hd128_wd0.01_cosine,"lr0.001,wd0.01",787521142.0616753,0.0015750423099164946
[32],8,"lr=3e-04, wd=0.01",10,layer4_lr0.003_hd128_wd0.0_cosine,"lr0.003,wd0.0",5032284613.401128,0.0100645692525954
[32],8,"lr=3e-04, wd=0.01",10,layer4_lr0.003_hd128_wd0.01_cosine,"lr0.003,wd0.01",2511775415.844473,0.0050235508574820896
[32],8,"lr=3e-04, wd=0.01",20,layer4_lr1e-05_hd128_wd0.0_cosine,"lr1e-05,wd0.0",163167513.6843445,0.00032633505316183303
[32],8,"lr=3e-04, wd=0.01",20,layer4_lr1e-05_hd128_wd0.01_cosine,"lr1e-05,wd0.01",8394574.488601906,1.6789174770347864e-05
[32],8,"lr=3e-04, wd=0.01",20,layer4_lr3e-05_hd128_wd0.0_cosine,"lr3e-05,wd0.0",55661070.48782136,0.00011132216676878677
[32],8,"lr=3e-04, wd=0.01",20,layer4_lr3e-05_hd128_wd0.01_cosine,"lr3e-05,wd0.01",82810028.99734011,0.00016562008378782426
[32],8,"lr=3e-04, wd=0.01",20,layer4_lr0.0001_hd128_wd0.0_cosine,"lr0.0001,wd0.0",2317045082.588002,0.004634090190969149
[32],8,"lr=3e-04, wd=0.01",20,layer4_lr0.0001_hd128_wd0.01_cosine,"lr0.0001,wd0.01",959000.5101354541,1.918026813414958e-06
[32],8,"lr=3e-04, wd=0.01",20,layer4_lr0.0003_hd128_wd0.0_cosine,"lr0.0003,wd0.0",8253899425.975709,0.01650779887774456
[32],8,"lr=3e-04, wd=0.01",20,layer4_lr0.0003_hd128_wd0.01_cosine,"lr0.0003,wd0.01",176097685.00659856,0.0003521953958063412
[32],8,"lr=3e-04, wd=0.01",20,layer4_lr0.001_hd128_wd0.0_cosine,"lr0.001,wd0.0",10049070746.431086,0.020098141518655317
[32],8,"lr=3e-04, wd=0.01",20,layer4_lr0.001_hd128_wd0.01_cosine,"lr0.001,wd0.01",894607583.9694189,0.0017892151937319817
[32],8,"lr=3e-04, wd=0.01",20,layer4_lr0.003_hd128_wd0.0_cosine,"lr0.003,wd0.0",5892428522.477172,0.011784857070747487
[32],8,"lr=3e-04, wd=0.01",20,layer4_lr0.003_hd128_wd0.01_cosine,"lr0.003,wd0.01",4844169377.414169,0.009688338780621484
[32],8,"lr=3e-04, wd=0.01",50,layer4_lr1e-05_hd128_wd0.0_cosine,"lr1e-05,wd0.0",57528867.57243421,0.00011505776093801246
[32],8,"lr=3e-04, wd=0.01",50,layer4_lr1e-05_hd128_wd0.01_cosine,"lr1e-05,wd0.01",79838410.80692151,0.00015967684740698706
[32],8,"lr=3e-04, wd=0.01",50,layer4_lr3e-05_hd128_wd0.0_cosine,"lr3e-05,wd0.0",23251125.257390097,4.650227630792424e-05
[32],8,"lr=3e-04, wd=0.01",50,layer4_lr3e-05_hd128_wd0.01_cosine,"lr3e-05,wd0.01",1493001.8316130578,2.986029456370165e-06
[32],8,"lr=3e-04, wd=0.01",50,layer4_lr0.0001_hd128_wd0.0_cosine,"lr0.0001,wd0.0",685990213.2145066,0.0013719804522221571
[32],8,"lr=3e-04, wd=0.01",50,layer4_lr0.0001_hd128_wd0.01_cosine,"lr0.0001,wd0.01",8199614.847953545,1.639925548905114e-05
[32],8,"lr=3e-04, wd=0.01",50,layer4_lr0.0003_hd128_wd0.0_cosine,"lr0.0003,wd0.0",630861466.0531887,0.0012617229578995213
[32],8,"lr=3e-04, wd=0.01",50,layer4_lr0.0003_hd128_wd0.01_cosine,"lr0.0003,wd0.01",64971828.58751542,0.0001299436829681749
[32],8,"lr=3e-04, wd=0.01",50,layer4_lr0.001_hd128_wd0.0_cosine,"lr0.001,wd0.0",78939400.53139167,0.00015787882685592736
[32],8,"lr=3e-04, wd=0.01",50,layer4_lr0.001_hd128_wd0.01_cosine,"lr0.001,wd0.01",1508573671.8886204,0.0030171473695703847
[32],8,"lr=3e-04, wd=0.01",50,layer4_lr0.003_hd128_wd0.0_cosine,"lr0.003,wd0.0",2858965295.124015,0.005717930616041173
[32],8,"lr=3e-04, wd=0.01",50,layer4_lr0.003_hd128_wd0.01_cosine,"lr0.003,wd0.01",4856768043.749463,0.00971353611329207
[32],8,"lr=3e-04, wd=0.01",90,layer4_lr1e-05_hd128_wd0.0_cosine,"lr1e-05,wd0.0",50814413.21363683,0.00010162885222041771
[32],8,"lr=3e-04, wd=0.01",90,layer4_lr1e-05_hd128_wd0.01_cosine,"lr1e-05,wd0.01",18348712.428590678,3.6697450650325404e-05
[32],8,"lr=3e-04, wd=0.01",90,layer4_lr3e-05_hd128_wd0.0_cosine,"lr3e-05,wd0.0",10235433.03893651,2.047089187101707e-05
[32],8,"lr=3e-04, wd=0.01",90,layer4_lr3e-05_hd128_wd0.01_cosine,"lr3e-05,wd0.01",467777.39525237656,9.355805836488025e-07
[32],8,"lr=3e-04, wd=0.01",90,layer4_lr0.0001_hd128_wd0.0_cosine,"lr0.0001,wd0.0",2401636.062886027,4.803297918916103e-06
[32],8,"lr=3e-04, wd=0.01",90,layer4_lr0.0001_hd128_wd0.01_cosine,"lr0.0001,wd0.01",403493.3796502295,8.070125524445085e-07
[32],8,"lr=3e-04, wd=0.01",90,layer4_lr0.0003_hd128_wd0.0_cosine,"lr0.0003,wd0.0",1017487.6343226966,2.0350010617894427e-06
[32],8,"lr=3e-04, wd=0.01",90,layer4_lr0.0003_hd128_wd0.01_cosine,"lr0.0003,wd0.01",37264162.88710864,7.452835156736133e-05
[32],8,"lr=3e-04, wd=0.01",90,layer4_lr0.001_hd128_wd0.0_cosine,"lr0.001,wd0.0",287182303.0205804,0.0005743646318343049
[32],8,"lr=3e-04, wd=0.01",90,layer4_lr0.001_hd128_wd0.01_cosine,"lr0.001,wd0.01",264179485.34774944,0.0005283589964886429
[32],8,"lr=3e-04, wd=0.01",90,layer4_lr0.003_hd128_wd0.0_cosine,"lr0.003,wd0.0",66995427.33282607,0.00013399088045879619
[32],8,"lr=3e-04, wd=0.01",90,layer4_lr0.003_hd128_wd0.01_cosine,"lr0.003,wd0.01",770454343.880044,0.001540908713553232
[32],9,"lr=0.001, wd=0.0",0,layer4_lr1e-05_hd128_wd0.0_cosine,"lr1e-05,wd0.0",32194680.41934402,6.438938663183208e-05
[32],9,"lr=0.001, wd=0.0",0,layer4_lr1e-05_hd128_wd0.01_cosine,"lr1e-05,wd0.01",1918085159.5737073,0.0038361703449405586
[32],9,"lr=0.001, wd=0.0",0,layer4_lr3e-05_hd128_wd0.0_cosine,"lr3e-05,wd0.0",1368520872.400017,0.002737041770593178
[32],9,"lr=0.001, wd=0.0",0,layer4_lr3e-05_hd128_wd0.01_cosine,"lr3e-05,wd0.01",83004159.46339794,0.00016600834471993992
[32],9,"lr=0.001, wd=0.0",0,layer4_lr0.0001_hd128_wd0.0_cosine,"lr0.0001,wd0.0",460931487.2922684,0.0009218630003776809
[32],9,"lr=0.001, wd=0.0",0,layer4_lr0.0001_hd128_wd0.01_cosine,"lr0.0001,wd0.01",232836544.8089946,0.00046567311541113323
[32],9,"lr=0.001, wd=0.0",0,layer4_lr0.0003_hd128_wd0.0_cosine,"lr0.0003,wd0.0",558875391.3205636,0.0011177508084342712
[32],9,"lr=0.001, wd=0.0",0,layer4_lr0.0003_hd128_wd0.01_cosine,"lr0.0003,wd0.01",487373106.46989745,0.000974746238732939
[32],9,"lr=0.001, wd=0.0",0,layer4_lr0.001_hd128_wd0.0_cosine,"lr0.001,wd0.0",2025375976.3051136,0.004050751978403371
[32],9,"lr=0.001, wd=0.0",0,layer4_lr0.001_hd128_wd0.01_cosine,"lr0.001,wd0.01",288072543.5308803,0.0005761451128549047
[32],9,"lr=0.001, wd=0.0",0,layer4_lr0.003_hd128_wd0.0_cosine,"lr0.003,wd0.0",1477502526.681884,0.002955005079156912
[32],9,"lr=0.001, wd=0.0",0,layer4_lr0.003_hd128_wd0.01_cosine,"lr0.003,wd0.01",11886449.588283554,2.3772924969711158e-05
[32],9,"lr=0.001, wd=0.0",5,layer4_lr1e-05_hd128_wd0.0_cosine,"lr1e-05,wd0.0",4603118550.114756,0.009206237126022655
[32],9,"lr=0.001, wd=0.0",5,layer4_lr1e-05_hd128_wd0.01_cosine,"lr1e-05,wd0.01",565177837.9396781,0.0011303557016725
[32],9,"lr=0.001, wd=0.0",5,layer4_lr3e-05_hd128_wd0.0_cosine,"lr3e-05,wd0.0",4386473366.888095,0.008772946759569335
[32],9,"lr=0.001, wd=0.0",5,layer4_lr3e-05_hd128_wd0.01_cosine,"lr3e-05,wd0.01",2020337773.925214,0.004040675573643572
[32],9,"lr=0.001, wd=0.0",5,layer4_lr0.0001_hd128_wd0.0_cosine,"lr0.0001,wd0.0",323124747.5013976,0.0006462495207959394
[32],9,"lr=0.001, wd=0.0",5,layer4_lr0.0001_hd128_wd0.01_cosine,"lr0.0001,wd0.01",965724695.8403422,0.0019314494174738283
[32],9,"lr=0.001, wd=0.0",5,layer4_lr0.0003_hd128_wd0.0_cosine,"lr0.0003,wd0.0",3146403003.858833,0.006292806033510809
[32],9,"lr=0.001, wd=0.0",5,layer4_lr0.0003_hd128_wd0.01_cosine,"lr0.0003,wd0.01",814365437.7345951,0.001628730901262334
[32],9,"lr=0.001, wd=0.0",5,layer4_lr0.001_hd128_wd0.0_cosine,"lr0.001,wd0.0",6675256992.679664,0.01335051401115247
[32],9,"lr=0.001, wd=0.0",5,layer4_lr0.001_hd128_wd0.01_cosine,"lr0.001,wd0.01",847424446.3671012,0.0016948489185273463
[32],9,"lr=0.001, wd=0.0",5,layer4_lr0.003_hd128_wd0.0_cosine,"lr0.003,wd0.0",2806514539.0960636,0.005613029103985271
[32],9,"lr=0.001, wd=0.0",5,layer4_lr0.003_hd128_wd0.01_cosine,"lr0.003,wd0.01",12727926261.821276,0.025455852549435696
[32],9,"lr=0.001, wd=0.0",10,layer4_lr1e-05_hd128_wd0.0_cosine,"lr1e-05,wd0.0",2561100458.626054,0.005122200943045252
[32],9,"lr=0.001, wd=0.0",10,layer4_lr1e-05_hd128_wd0.01_cosine,"lr1e-05,wd0.01",1628295786.88623,0.0032565915995656043
[32],9,"lr=0.001, wd=0.0",10,layer4_lr3e-05_hd128_wd0.0_cosine,"lr3e-05,wd0.0",2451636282.566354,0.004903272590925852
[32],9,"lr=0.001, wd=0.0",10,layer4_lr3e-05_hd128_wd0.01_cosine,"lr3e-05,wd0.01",534392562.5989882,0.0010687851509911205
[32],9,"lr=0.001, wd=0.0",10,layer4_lr0.0001_hd128_wd0.0_cosine,"lr0.0001,wd0.0",24938033.470584743,4.987609273431353e-05
[32],9,"lr=0.001, wd=0.0",10,layer4_lr0.0001_hd128_wd0.01_cosine,"lr0.0001,wd0.01",608881271.9297576,0.001217762569652659
[32],9,"lr=0.001, wd=0.0",10,layer4_lr0.0003_hd128_wd0.0_cosine,"lr0.0003,wd0.0",5463746696.154589,0.010927493418102322
[32],9,"lr=0.001, wd=0.0",10,layer4_lr0.0003_hd128_wd0.01_cosine,"lr0.0003,wd0.01",729871122.1696877,0.0014597422701325194
[32],9,"lr=0.001, wd=0.0",10,layer4_lr0.001_hd128_wd0.0_cosine,"lr0.001,wd0.0",7281491818.753753,0.014562983663300649
[32],9,"lr=0.001, wd=0.0",10,layer4_lr0.001_hd128_wd0.01_cosine,"lr0.001,wd0.01",1225639179.8471296,0.002451278385487403
[32],9,"lr=0.001, wd=0.0",10,layer4_lr0.003_hd128_wd0.0_cosine,"lr0.003,wd0.0",3043214487.545984,0.006086429000885111
[32],9,"lr=0.001, wd=0.0",10,layer4_lr0.003_hd128_wd0.01_cosine,"lr0.003,wd0.01",3308218617.6362376,0.006616437261065619
[32],9,"lr=0.001, wd=0.0",20,layer4_lr1e-05_hd128_wd0.0_cosine,"lr1e-05,wd0.0",7824077.203008718,1.5648180199161484e-05
[32],9,"lr=0.001, wd=0.0",20,layer4_lr1e-05_hd128_wd0.01_cosine,"lr1e-05,wd0.01",89618594.02445467,0.0001792372138420534
[32],9,"lr=0.001, wd=0.0",20,layer4_lr3e-05_hd128_wd0.0_cosine,"lr3e-05,wd0.0",410947759.67339456,0.0008218955451399332
[32],9,"lr=0.001, wd=0.0",20,layer4_lr3e-05_hd128_wd0.01_cosine,"lr3e-05,wd0.01",301356723.19178504,0.0006027134721767141
[32],9,"lr=0.001, wd=0.0",20,layer4_lr0.0001_hd128_wd0.0_cosine,"lr0.0001,wd0.0",625973249.9415025,0.0012519465256761488
[32],9,"lr=0.001, wd=0.0",20,layer4_lr0.0001_hd128_wd0.01_cosine,"lr0.0001,wd0.01",311493736.67744786,0.0006229874991480398
[32],9,"lr=0.001, wd=0.0",20,layer4_lr0.0003_hd128_wd0.0_cosine,"lr0.0003,wd0.0",5213061769.923989,0.010426123565641123
[32],9,"lr=0.001, wd=0.0",20,layer4_lr0.0003_hd128_wd0.01_cosine,"lr0.0003,wd0.01",758919605.6902256,0.0015178392371735952
[32],9,"lr=0.001, wd=0.0",20,layer4_lr0.001_hd128_wd0.0_cosine,"lr0.001,wd0.0",7375618983.491355,0.014751237992775853
[32],9,"lr=0.001, wd=0.0",20,layer4_lr0.001_hd128_wd0.01_cosine,"lr0.001,wd0.01",1369688725.4815416,0.0027393774767562272
[32],9,"lr=0.001, wd=0.0",20,layer4_lr0.003_hd128_wd0.0_cosine,"lr0.003,wd0.0",3779829439.720652,0.0075596589052344485
[32],9,"lr=0.001, wd=0.0",20,layer4_lr0.003_hd128_wd0.01_cosine,"lr0.003,wd0.01",5702496150.03063,0.011404992325854405
[32],9,"lr=0.001, wd=0.0",50,layer4_lr1e-05_hd128_wd0.0_cosine,"lr1e-05,wd0.0",54247105.08063444,0.00010849423595441292
[32],9,"lr=0.001, wd=0.0",50,layer4_lr1e-05_hd128_wd0.01_cosine,"lr1e-05,wd0.01",59674264.51735097,0.00011934855482784599
[32],9,"lr=0.001, wd=0.0",50,layer4_lr3e-05_hd128_wd0.0_cosine,"lr3e-05,wd0.0",4246479.306191509,8.492984405527067e-06
[32],9,"lr=0.001, wd=0.0",50,layer4_lr3e-05_hd128_wd0.01_cosine,"lr3e-05,wd0.01",208816.90462948626,4.1765960240302207e-07
[32],9,"lr=0.001, wd=0.0",50,layer4_lr0.0001_hd128_wd0.0_cosine,"lr0.0001,wd0.0",285274419.71999115,0.0005705488652331264
[32],9,"lr=0.001, wd=0.0",50,layer4_lr0.0001_hd128_wd0.01_cosine,"lr0.0001,wd0.01",95921872.20193692,0.00019184377019701787
[32],9,"lr=0.001, wd=0.0",50,layer4_lr0.0003_hd128_wd0.0_cosine,"lr0.0003,wd0.0",1336708191.753072,0.002673416409299288
[32],9,"lr=0.001, wd=0.0",50,layer4_lr0.0003_hd128_wd0.01_cosine,"lr0.0003,wd0.01",267634896.69931275,0.0005352698191917695
[32],9,"lr=0.001, wd=0.0",50,layer4_lr0.001_hd128_wd0.0_cosine,"lr0.001,wd0.0",1244331842.070212,0.002488663709933568
[32],9,"lr=0.001, wd=0.0",50,layer4_lr0.001_hd128_wd0.01_cosine,"lr0.001,wd0.01",1827970716.258419,0.003655941458309982
[32],9,"lr=0.001, wd=0.0",50,layer4_lr0.003_hd128_wd0.0_cosine,"lr0.003,wd0.0",2157413766.6296234,0.0043148275590523906
[32],9,"lr=0.001, wd=0.0",50,layer4_lr0.003_hd128_wd0.01_cosine,"lr0.003,wd0.01",4819025330.692874,0.009638050687178892
[32],9,"lr=0.001, wd=0.0",90,layer4_lr1e-05_hd128_wd0.0_cosine,"lr1e-05,wd0.0",40702424.5979349,8.140487498901386e-05
[32],9,"lr=0.001, wd=0.0",90,layer4_lr1e-05_hd128_wd0.01_cosine,"lr1e-05,wd0.01",12838054.717846692,2.5676135228837432e-05
[32],9,"lr=0.001, wd=0.0",90,layer4_lr3e-05_hd128_wd0.0_cosine,"lr3e-05,wd0.0",326701.12863520376,6.53428050414457e-07
[32],9,"lr=0.001, wd=0.0",90,layer4_lr3e-05_hd128_wd0.01_cosine,"lr3e-05,wd0.01",1388702.6262909323,2.777431045725914e-06
[32],9,"lr=0.001, wd=0.0",90,layer4_lr0.0001_hd128_wd0.0_cosine,"lr0.0001,wd0.0",10356422.881262897,2.0712871555669843e-05
[32],9,"lr=0.001, wd=0.0",90,layer4_lr0.0001_hd128_wd0.01_cosine,"lr0.0001,wd0.01",12542658.901589785,2.508534359632362e-05
[32],9,"lr=0.001, wd=0.0",90,layer4_lr0.0003_hd128_wd0.0_cosine,"lr0.0003,wd0.0",41641341.48321593,8.32827087595759e-05
[32],9,"lr=0.001, wd=0.0",90,layer4_lr0.0003_hd128_wd0.01_cosine,"lr0.0003,wd0.01",101259456.7292528,0.00020251893925164963
[32],9,"lr=0.001, wd=0.0",90,layer4_lr0.001_hd128_wd0.0_cosine,"lr0.001,wd0.0",507285847.20973194,0.001014571720212608
[32],9,"lr=0.001, wd=0.0",90,layer4_lr0.001_hd128_wd0.01_cosine,"lr0.001,wd0.01",132467188.33908805,0.00026493440247132014
[32],9,"lr=0.001, wd=0.0",90,layer4_lr0.003_hd128_wd0.0_cosine,"lr0.003,wd0.0",636473774.1973883,0.0012729475741879205
[32],9,"lr=0.001, wd=0.0",90,layer4_lr0.003_hd128_wd0.01_cosine,"lr0.003,wd0.01",387564877.0014035,0.0007751297797959512
[32],10,"lr=0.001, wd=0.01",0,layer4_lr1e-05_hd128_wd0.0_cosine,"lr1e-05,wd0.0",139369182.25386137,0.00027873839030086677
[32],10,"lr=0.001, wd=0.01",0,layer4_lr1e-05_hd128_wd0.01_cosine,"lr1e-05,wd0.01",2382297358.5866294,0.004764594742966403
[32],10,"lr=0.001, wd=0.01",0,layer4_lr3e-05_hd128_wd0.0_cosine,"lr3e-05,wd0.0",1022699446.0301217,0.0020453989178533874
[32],10,"lr=0.001, wd=0.01",0,layer4_lr3e-05_hd128_wd0.01_cosine,"lr3e-05,wd0.01",154129658.2948375,0.00030825934238281905
[32],10,"lr=0.001, wd=0.01",0,layer4_lr0.0001_hd128_wd0.0_cosine,"lr0.0001,wd0.0",298935020.23987186,0.0005978700662728878
[32],10,"lr=0.001, wd=0.01",0,layer4_lr0.0001_hd128_wd0.01_cosine,"lr0.0001,wd0.01",177696955.75025848,0.000355393937293661
[32],10,"lr=0.001, wd=0.01",0,layer4_lr0.0003_hd128_wd0.0_cosine,"lr0.0003,wd0.0",698881468.4440085,0.0013977629626811608
[32],10,"lr=0.001, wd=0.01",0,layer4_lr0.0003_hd128_wd0.01_cosine,"lr0.0003,wd0.01",469434627.8624623,0.0009388692815180687
[32],10,"lr=0.001, wd=0.01",0,layer4_lr0.001_hd128_wd0.0_cosine,"lr0.001,wd0.0",2101832732.0430853,0.004203665489879315
[32],10,"lr=0.001, wd=0.01",0,layer4_lr0.001_hd128_wd0.01_cosine,"lr0.001,wd0.01",315381953.83639586,0.0006307639334659358
[32],10,"lr=0.001, wd=0.01",0,layer4_lr0.003_hd128_wd0.0_cosine,"lr0.003,wd0.0",1476984885.3576627,0.0029539697965084697
[32],10,"lr=0.001, wd=0.01",0,layer4_lr0.003_hd128_wd0.01_cosine,"lr0.003,wd0.01",18907321.086429596,3.7814667966003236e-05
[32],10,"lr=0.001, wd=0.01",5,layer4_lr1e-05_hd128_wd0.0_cosine,"lr1e-05,wd0.0",156345816.37513173,0.0003126916585434075
[32],10,"lr=0.001, wd=0.01",5,layer4_lr1e-05_hd128_wd0.01_cosine,"lr1e-05,wd0.01",678243188.2836003,0.0013564864023603445
[32],10,"lr=0.001, wd=0.01",5,layer4_lr3e-05_hd128_wd0.0_cosine,"lr3e-05,wd0.0",375845494.4068164,0.0007516910146067769
[32],10,"lr=0.001, wd=0.01",5,layer4_lr3e-05_hd128_wd0.01_cosine,"lr3e-05,wd0.01",3932841.8294991455,7.86570945214234e-06
[32],10,"lr=0.001, wd=0.01",5,layer4_lr0.0001_hd128_wd0.0_cosine,"lr0.0001,wd0.0",2193922515.416491,0.004387845056626126
[32],10,"lr=0.001, wd=0.01",5,layer4_lr0.0001_hd128_wd0.01_cosine,"lr0.0001,wd0.01",41089434.22236549,8.217889423787503e-05
[32],10,"lr=0.001, wd=0.01",5,layer4_lr0.0003_hd128_wd0.0_cosine,"lr0.0003,wd0.0",10661541490.32312,0.021323083006439383
[32],10,"lr=0.001, wd=0.01",5,layer4_lr0.0003_hd128_wd0.01_cosine,"lr0.0003,wd0.01",21831397.080415037,4.366281995397412e-05
[32],10,"lr=0.001, wd=0.01",5,layer4_lr0.001_hd128_wd0.0_cosine,"lr0.001,wd0.0",16026433368.082527,0.0320528667619582
[32],10,"lr=0.001, wd=0.01",5,layer4_lr0.001_hd128_wd0.01_cosine,"lr0.001,wd0.01",1216513.3672047378,2.4330525275535253e-06
[32],10,"lr=0.001, wd=0.01",5,layer4_lr0.003_hd128_wd0.0_cosine,"lr0.003,wd0.0",14100227437.914568,0.02820045490162228
[32],10,"lr=0.001, wd=0.01",5,layer4_lr0.003_hd128_wd0.01_cosine,"lr0.003,wd0.01",5096501910.644944,0.010193003847083033
[32],10,"lr=0.001, wd=0.01",10,layer4_lr1e-05_hd128_wd0.0_cosine,"lr1e-05,wd0.0",48694144.104567446,9.738831400227894e-05
[32],10,"lr=0.001, wd=0.01",10,layer4_lr1e-05_hd128_wd0.01_cosine,"lr1e-05,wd0.01",9825403.653537158,1.9650833100218365e-05
[32],10,"lr=0.001, wd=0.01",10,layer4_lr3e-05_hd128_wd0.0_cosine,"lr3e-05,wd0.0",18704645.000692163,3.740931579452837e-05
[32],10,"lr=0.001, wd=0.01",10,layer4_lr3e-05_hd128_wd0.01_cosine,"lr3e-05,wd0.01",493085413.3285814,0.000986170852450307
[32],10,"lr=0.001, wd=0.01",10,layer4_lr0.0001_hd128_wd0.0_cosine,"lr0.0001,wd0.0",3764308243.4884253,0.007528616512769995
[32],10,"lr=0.001, wd=0.01",10,layer4_lr0.0001_hd128_wd0.01_cosine,"lr0.0001,wd0.01",643753437.2473637,0.0012875069002878713
[32],10,"lr=0.001, wd=0.01",10,layer4_lr0.0003_hd128_wd0.0_cosine,"lr0.0003,wd0.0",11963094881.780281,0.023926189789353704
[32],10,"lr=0.001, wd=0.01",10,layer4_lr0.0003_hd128_wd0.01_cosine,"lr0.0003,wd0.01",135900417.63428563,0.0002718008610617153
[32],10,"lr=0.001, wd=0.01",10,layer4_lr0.001_hd128_wd0.0_cosine,"lr0.001,wd0.0",12678329196.95136,0.025356658419695866
[32],10,"lr=0.001, wd=0.01",10,layer4_lr0.001_hd128_wd0.01_cosine,"lr0.001,wd0.01",73710826.74554177,0.0001474216792842276
[32],10,"lr=0.001, wd=0.01",10,layer4_lr0.003_hd128_wd0.0_cosine,"lr0.003,wd0.0",7848697022.077717,0.015697394069948578
[32],10,"lr=0.001, wd=0.01",10,layer4_lr0.003_hd128_wd0.01_cosine,"lr0.003,wd0.01",1426638302.1704483,0.002853276630134041
[32],10,"lr=0.001, wd=0.01",20,layer4_lr1e-05_hd128_wd0.0_cosine,"lr1e-05,wd0.0",466324503.1136237,0.0009326490320203915
[32],10,"lr=0.001, wd=0.01",20,layer4_lr1e-05_hd128_wd0.01_cosine,"lr1e-05,wd0.01",1398490022.4188697,0.0027969800706308836
[32],10,"lr=0.001, wd=0.01",20,layer4_lr3e-05_hd128_wd0.0_cosine,"lr3e-05,wd0.0",308723855.2649208,0.0006174477363229857
[32],10,"lr=0.001, wd=0.01",20,layer4_lr3e-05_hd128_wd0.01_cosine,"lr3e-05,wd0.01",132829105.00553335,0.00026565823580421074
[32],10,"lr=0.001, wd=0.01",20,layer4_lr0.0001_hd128_wd0.0_cosine,"lr0.0001,wd0.0",3535377185.149653,0.00707075439609245
[32],10,"lr=0.001, wd=0.01",20,layer4_lr0.0001_hd128_wd0.01_cosine,"lr0.0001,wd0.01",379863460.23687255,0.0007597269462668892
[32],10,"lr=0.001, wd=0.01",20,layer4_lr0.0003_hd128_wd0.0_cosine,"lr0.0003,wd0.0",9194368657.755953,0.01838873734130505
[32],10,"lr=0.001, wd=0.01",20,layer4_lr0.0003_hd128_wd0.01_cosine,"lr0.0003,wd0.01",26899693.523288008,5.379941283972006e-05
[32],10,"lr=0.001, wd=0.01",20,layer4_lr0.001_hd128_wd0.0_cosine,"lr0.001,wd0.0",10763908592.390305,0.021527817210573754
[32],10,"lr=0.001, wd=0.01",20,layer4_lr0.001_hd128_wd0.01_cosine,"lr0.001,wd0.01",116220431.46346396,0.00023244088872007197
[32],10,"lr=0.001, wd=0.01",20,layer4_lr0.003_hd128_wd0.0_cosine,"lr0.003,wd0.0",7355051677.885143,0.01471010338156343
[32],10,"lr=0.001, wd=0.01",20,layer4_lr0.003_hd128_wd0.01_cosine,"lr0.003,wd0.01",3071139765.148499,0.006142279556090142
[32],10,"lr=0.001, wd=0.01",50,layer4_lr1e-05_hd128_wd0.0_cosine,"lr1e-05,wd0.0",162415919.64709505,0.00032483186508733416
[32],10,"lr=0.001, wd=0.01",50,layer4_lr1e-05_hd128_wd0.01_cosine,"lr1e-05,wd0.01",163311394.40439296,0.00032662281460192996
[32],10,"lr=0.001, wd=0.01",50,layer4_lr3e-05_hd128_wd0.0_cosine,"lr3e-05,wd0.0",151136326.55868566,0.00030227267891051534
[32],10,"lr=0.001, wd=0.01",50,layer4_lr3e-05_hd128_wd0.01_cosine,"lr3e-05,wd0.01",117714354.04819606,0.00023542873388953617
[32],10,"lr=0.001, wd=0.01",50,layer4_lr0.0001_hd128_wd0.0_cosine,"lr0.0001,wd0.0",746709331.8464967,0.0014934186894861373
[32],10,"lr=0.001, wd=0.01",50,layer4_lr0.0001_hd128_wd0.01_cosine,"lr0.0001,wd0.01",8495383.877436327,1.6990793548016704e-05
[32],10,"lr=0.001, wd=0.01",50,layer4_lr0.0003_hd128_wd0.0_cosine,"lr0.0003,wd0.0",739952915.1166633,0.0014799058560264707
[32],10,"lr=0.001, wd=0.01",50,layer4_lr0.0003_hd128_wd0.01_cosine,"lr0.0003,wd0.01",503598.92855650495,1.0072236502570594e-06
[32],10,"lr=0.001, wd=0.01",50,layer4_lr0.001_hd128_wd0.0_cosine,"lr0.001,wd0.0",61033687.65652203,0.0001220674011061881
[32],10,"lr=0.001, wd=0.01",50,layer4_lr0.001_hd128_wd0.01_cosine,"lr0.001,wd0.01",794600837.3405883,0.0015892017004743206
[32],10,"lr=0.001, wd=0.01",50,layer4_lr0.003_hd128_wd0.0_cosine,"lr0.003,wd0.0",2976402946.0023246,0.005952805917797794
[32],10,"lr=0.001, wd=0.01",50,layer4_lr0.003_hd128_wd0.01_cosine,"lr0.003,wd0.01",3585931494.2870927,0.00717186301436733
[32],10,"lr=0.001, wd=0.01",90,layer4_lr1e-05_hd128_wd0.0_cosine,"lr1e-05,wd0.0",85382124.80691412,0.00017076427540697227
[32],10,"lr=0.001, wd=0.01",90,layer4_lr1e-05_hd128_wd0.01_cosine,"lr1e-05,wd0.01",39749451.88307598,7.949892955929601e-05
[32],10,"lr=0.001, wd=0.01",90,layer4_lr3e-05_hd128_wd0.0_cosine,"lr3e-05,wd0.0",24538518.06415839,4.907706192146083e-05
[32],10,"lr=0.001, wd=0.01",90,layer4_lr3e-05_hd128_wd0.01_cosine,"lr3e-05,wd0.01",22836499.09669964,4.567302398654332e-05
[32],10,"lr=0.001, wd=0.01",90,layer4_lr0.0001_hd128_wd0.0_cosine,"lr0.0001,wd0.0",6216981.033915671,1.243398786097539e-05
[32],10,"lr=0.001, wd=0.01",90,layer4_lr0.0001_hd128_wd0.01_cosine,"lr0.0001,wd0.01",4553118.5816551875,9.106262956454424e-06
[32],10,"lr=0.001, wd=0.01",90,layer4_lr0.0003_hd128_wd0.0_cosine,"lr0.0003,wd0.0",10899574.811089605,2.179917541532326e-05
[32],10,"lr=0.001, wd=0.01",90,layer4_lr0.0003_hd128_wd0.01_cosine,"lr0.0003,wd0.01",12938801.01813346,2.587762782941097e-05
[32],10,"lr=0.001, wd=0.01",90,layer4_lr0.001_hd128_wd0.0_cosine,"lr0.001,wd0.0",178940725.2396415,0.00035788147627242704
[32],10,"lr=0.001, wd=0.01",90,layer4_lr0.001_hd128_wd0.01_cosine,"lr0.001,wd0.01",66665586.05022059,0.00013333119789358521
[32],10,"lr=0.001, wd=0.01",90,layer4_lr0.003_hd128_wd0.0_cosine,"lr0.003,wd0.0",57688665.99940577,0.00011537735779195559
[32],10,"lr=0.001, wd=0.01",90,layer4_lr0.003_hd128_wd0.01_cosine,"lr0.003,wd0.01",623784518.5651764,0.0012475690629234967
[32],11,"lr=0.003, wd=0.0",0,layer4_lr1e-05_hd128_wd0.0_cosine,"lr1e-05,wd0.0",103758516.7780901,0.00020751705934932425
[32],11,"lr=0.003, wd=0.0",0,layer4_lr1e-05_hd128_wd0.01_cosine,"lr1e-05,wd0.01",2332082612.0612817,0.0046641652499157076
[32],11,"lr=0.003, wd=0.0",0,layer4_lr3e-05_hd128_wd0.0_cosine,"lr3e-05,wd0.0",1025988353.2811555,0.002051976732355455
[32],11,"lr=0.003, wd=0.0",0,layer4_lr3e-05_hd128_wd0.01_cosine,"lr3e-05,wd0.01",200533607.95671242,0.0004010672417065689
[32],11,"lr=0.003, wd=0.0",0,layer4_lr0.0001_hd128_wd0.0_cosine,"lr0.0001,wd0.0",276865430.9931511,0.0005537308877794463
[32],11,"lr=0.003, wd=0.0",0,layer4_lr0.0001_hd128_wd0.01_cosine,"lr0.0001,wd0.01",101306025.53864193,0.0002026120768704279
[32],11,"lr=0.003, wd=0.0",0,layer4_lr0.0003_hd128_wd0.0_cosine,"lr0.0003,wd0.0",730074114.6728736,0.0014601482551388912
[32],11,"lr=0.003, wd=0.0",0,layer4_lr0.0003_hd128_wd0.01_cosine,"lr0.0003,wd0.01",329001818.8845972,0.0006580036635623384
[32],11,"lr=0.003, wd=0.0",0,layer4_lr0.001_hd128_wd0.0_cosine,"lr0.001,wd0.0",2113162286.0252397,0.004226324597843624
[32],11,"lr=0.003, wd=0.0",0,layer4_lr0.001_hd128_wd0.01_cosine,"lr0.001,wd0.01",222816598.90809652,0.00044563322360933707
[32],11,"lr=0.003, wd=0.0",0,layer4_lr0.003_hd128_wd0.0_cosine,"lr0.003,wd0.0",1435573916.5878181,0.0028711478589687803
[32],11,"lr=0.003, wd=0.0",0,layer4_lr0.003_hd128_wd0.01_cosine,"lr0.003,wd0.01",8606997.221175201,1.7214020235494454e-05
[32],11,"lr=0.003, wd=0.0",5,layer4_lr1e-05_hd128_wd0.0_cosine,"lr1e-05,wd0.0",1459919377.4927673,0.002919838780778679
[32],11,"lr=0.003, wd=0.0",5,layer4_lr1e-05_hd128_wd0.01_cosine,"lr1e-05,wd0.01",159660.59910512238,3.193469913542943e-07
[32],11,"lr=0.003, wd=0.0",5,layer4_lr3e-05_hd128_wd0.0_cosine,"lr3e-05,wd0.0",3361382320.316176,0.0067227646664254955
[32],11,"lr=0.003, wd=0.0",5,layer4_lr3e-05_hd128_wd0.01_cosine,"lr3e-05,wd0.01",1074242259.9959722,0.0021484845457850885
[32],11,"lr=0.003, wd=0.0",5,layer4_lr0.0001_hd128_wd0.0_cosine,"lr0.0001,wd0.0",106267703.67531452,0.00021253543314377307
[32],11,"lr=0.003, wd=0.0",5,layer4_lr0.0001_hd128_wd0.01_cosine,"lr0.0001,wd0.01",978510245.1998084,0.0019570205161927607
[32],11,"lr=0.003, wd=0.0",5,layer4_lr0.0003_hd128_wd0.0_cosine,"lr0.0003,wd0.0",4926185602.894833,0.009852371231582809
[32],11,"lr=0.003, wd=0.0",5,layer4_lr0.0003_hd128_wd0.01_cosine,"lr0.0003,wd0.01",679349560.6161053,0.0013586991470253547
[32],11,"lr=0.003, wd=0.0",5,layer4_lr0.001_hd128_wd0.0_cosine,"lr0.001,wd0.0",9418719561.814896,0.018837439149422937
[32],11,"lr=0.003, wd=0.0",5,layer4_lr0.001_hd128_wd0.01_cosine,"lr0.001,wd0.01",760898807.2612084,0.0015217976403155609
[32],11,"lr=0.003, wd=0.0",5,layer4_lr0.003_hd128_wd0.0_cosine,"lr0.003,wd0.0",3589233589.2211704,0.007178467204235485
[32],11,"lr=0.003, wd=0.0",5,layer4_lr0.003_hd128_wd0.01_cosine,"lr0.003,wd0.01",12999983617.994326,0.025999967261781796
[32],11,"lr=0.003, wd=0.0",10,layer4_lr1e-05_hd128_wd0.0_cosine,"lr1e-05,wd0.0",882442913.0887489,0.001764885851970642
[32],11,"lr=0.003, wd=0.0",10,layer4_lr1e-05_hd128_wd0.01_cosine,"lr1e-05,wd0.01",578648867.8938318,0.0011572977615808076
[32],11,"lr=0.003, wd=0.0",10,layer4_lr3e-05_hd128_wd0.0_cosine,"lr3e-05,wd0.0",1111092523.6287541,0.0022221850730506526
[32],11,"lr=0.003, wd=0.0",10,layer4_lr3e-05_hd128_wd0.01_cosine,"lr3e-05,wd0.01",45902272.88426149,9.180457156166702e-05
[32],11,"lr=0.003, wd=0.0",10,layer4_lr0.0001_hd128_wd0.0_cosine,"lr0.0001,wd0.0",361890872.17714244,0.000723781770147429
[32],11,"lr=0.003, wd=0.0",10,layer4_lr0.0001_hd128_wd0.01_cosine,"lr0.0001,wd0.01",386535174.00023526,0.0007730703737936146
[32],11,"lr=0.003, wd=0.0",10,layer4_lr0.0003_hd128_wd0.0_cosine,"lr0.0003,wd0.0",7158391319.840465,0.014316782665474074
[32],11,"lr=0.003, wd=0.0",10,layer4_lr0.0003_hd128_wd0.01_cosine,"lr0.0003,wd0.01",519088987.2069421,0.0010381780002070282
[32],11,"lr=0.003, wd=0.0",10,layer4_lr0.001_hd128_wd0.0_cosine,"lr0.001,wd0.0",8519121829.639362,0.01703824368507187
[32],11,"lr=0.003, wd=0.0",10,layer4_lr0.001_hd128_wd0.01_cosine,"lr0.001,wd0.01",1153627761.6302202,0.0023072555490535845
[32],11,"lr=0.003, wd=0.0",10,layer4_lr0.003_hd128_wd0.0_cosine,"lr0.003,wd0.0",3872102020.232269,0.007744204066257682
[32],11,"lr=0.003, wd=0.0",10,layer4_lr0.003_hd128_wd0.01_cosine,"lr0.003,wd0.01",3495329303.5280914,0.006990658632849327
[32],11,"lr=0.003, wd=0.0",20,layer4_lr1e-05_hd128_wd0.0_cosine,"lr1e-05,wd0.0",58378413.77405077,0.00011675685334124558
[32],11,"lr=0.003, wd=0.0",20,layer4_lr1e-05_hd128_wd0.01_cosine,"lr1e-05,wd0.01",379548712.702907,0.0007590974511989581
[32],11,"lr=0.003, wd=0.0",20,layer4_lr3e-05_hd128_wd0.0_cosine,"lr3e-05,wd0.0",35178024.75358215,7.035607530030835e-05
[32],11,"lr=0.003, wd=0.0",20,layer4_lr3e-05_hd128_wd0.01_cosine,"lr3e-05,wd0.01",83989666.87466279,0.00016797935954246962
[32],11,"lr=0.003, wd=0.0",20,layer4_lr0.0001_hd128_wd0.0_cosine,"lr0.0001,wd0.0",1383171459.8955064,0.0027663429455841567
[32],11,"lr=0.003, wd=0.0",20,layer4_lr0.0001_hd128_wd0.01_cosine,"lr0.0001,wd0.01",111101151.220219,0.00022220232823358204
[32],11,"lr=0.003, wd=0.0",20,layer4_lr0.0003_hd128_wd0.0_cosine,"lr0.0003,wd0.0",6554220369.983173,0.013108440765759491
[32],11,"lr=0.003, wd=0.0",20,layer4_lr0.0003_hd128_wd0.01_cosine,"lr0.0003,wd0.01",536589446.499239,0.0010731789187916221
[32],11,"lr=0.003, wd=0.0",20,layer4_lr0.001_hd128_wd0.0_cosine,"lr0.001,wd0.0",8642523900.265013,0.01728504782632317
[32],11,"lr=0.003, wd=0.0",20,layer4_lr0.001_hd128_wd0.01_cosine,"lr0.001,wd0.01",1314775382.965167,0.0026295507917234785
[32],11,"lr=0.003, wd=0.0",20,layer4_lr0.003_hd128_wd0.0_cosine,"lr0.003,wd0.0",4624671715.455301,0.009249343456703746
[32],11,"lr=0.003, wd=0.0",20,layer4_lr0.003_hd128_wd0.01_cosine,"lr0.003,wd0.01",5451435121.070221,0.010902870267933585
[32],11,"lr=0.003, wd=0.0",50,layer4_lr1e-05_hd128_wd0.0_cosine,"lr1e-05,wd0.0",63142496.49203756,0.00012628501877721916
[32],11,"lr=0.003, wd=0.0",50,layer4_lr1e-05_hd128_wd0.01_cosine,"lr1e-05,wd0.01",60702562.14372541,0.00012140515008059486
[32],11,"lr=0.003, wd=0.0",50,layer4_lr3e-05_hd128_wd0.0_cosine,"lr3e-05,wd0.0",23385510.611094642,4.677104701533333e-05
[32],11,"lr=0.003, wd=0.0",50,layer4_lr3e-05_hd128_wd0.01_cosine,"lr3e-05,wd0.01",1359207.2885167338,2.718440370177517e-06
[32],11,"lr=0.003, wd=0.0",50,layer4_lr0.0001_hd128_wd0.0_cosine,"lr0.0001,wd0.0",506064044.35196155,0.0010121281144970672
[32],11,"lr=0.003, wd=0.0",50,layer4_lr0.0001_hd128_wd0.01_cosine,"lr0.0001,wd0.01",63981700.30622804,0.00012796342640560013
[32],11,"lr=0.003, wd=0.0",50,layer4_lr0.0003_hd128_wd0.0_cosine,"lr0.0003,wd0.0",584612845.8485694,0.0011692257174902828
[32],11,"lr=0.003, wd=0.0",50,layer4_lr0.0003_hd128_wd0.01_cosine,"lr0.0003,wd0.01",198740112.99280223,0.0003974802517787485
[32],11,"lr=0.003, wd=0.0",50,layer4_lr0.001_hd128_wd0.0_cosine,"lr0.001,wd0.0",10748448.981363764,2.149692375587158e-05
[32],11,"lr=0.003, wd=0.0",50,layer4_lr0.001_hd128_wd0.01_cosine,"lr0.001,wd0.01",1822024846.9872859,0.003644049719767716
[32],11,"lr=0.003, wd=0.0",50,layer4_lr0.003_hd128_wd0.0_cosine,"lr0.003,wd0.0",2177997279.950031,0.004355994585693206
[32],11,"lr=0.003, wd=0.0",50,layer4_lr0.003_hd128_wd0.01_cosine,"lr0.003,wd0.01",4859353635.388963,0.00971870729657107
[32],11,"lr=0.003, wd=0.0",90,layer4_lr1e-05_hd128_wd0.0_cosine,"lr1e-05,wd0.0",35418494.15641052,7.08370141059651e-05
[32],11,"lr=0.003, wd=0.0",90,layer4_lr1e-05_hd128_wd0.01_cosine,"lr1e-05,wd0.01",9993642.394244833,1.9987310581633715e-05
[32],11,"lr=0.003, wd=0.0",90,layer4_lr3e-05_hd128_wd0.0_cosine,"lr3e-05,wd0.0",173233.10952184704,3.464920121877436e-07
[32],11,"lr=0.003, wd=0.0",90,layer4_lr3e-05_hd128_wd0.01_cosine,"lr3e-05,wd0.01",3388764.2420439515,6.777554277231952e-06
[32],11,"lr=0.003, wd=0.0",90,layer4_lr0.0001_hd128_wd0.0_cosine,"lr0.0001,wd0.0",3818515.143759716,7.637056080663481e-06
[32],11,"lr=0.003, wd=0.0",90,layer4_lr0.0001_hd128_wd0.01_cosine,"lr0.0001,wd0.01",21167772.63305263,4.2335571059249307e-05
[32],11,"lr=0.003, wd=0.0",90,layer4_lr0.0003_hd128_wd0.0_cosine,"lr0.0003,wd0.0",781089.8139491497,1.562205421042349e-06
[32],11,"lr=0.003, wd=0.0",90,layer4_lr0.0003_hd128_wd0.01_cosine,"lr0.0003,wd0.01",119179878.2246823,0.00023835978224250864
[32],11,"lr=0.003, wd=0.0",90,layer4_lr0.001_hd128_wd0.0_cosine,"lr0.001,wd0.0",294185265.0975033,0.0005883705559881507
[32],11,"lr=0.003, wd=0.0",90,layer4_lr0.001_hd128_wd0.01_cosine,"lr0.001,wd0.01",147402036.3890494,0.0002948040985712429
[32],11,"lr=0.003, wd=0.0",90,layer4_lr0.003_hd128_wd0.0_cosine,"lr0.003,wd0.0",204496842.09461722,0.00040899370998237846
[32],11,"lr=0.003, wd=0.0",90,layer4_lr0.003_hd128_wd0.01_cosine,"lr0.003,wd0.01",472726789.0336902,0.0009454536038605245
[32],12,"lr=0.003, wd=0.01",0,layer4_lr1e-05_hd128_wd0.0_cosine,"lr1e-05,wd0.0",690507987.5037392,0.0013810160008006225
[32],12,"lr=0.003, wd=0.01",0,layer4_lr1e-05_hd128_wd0.01_cosine,"lr1e-05,wd0.01",4065532025.748785,0.008131064077290714
[32],12,"lr=0.003, wd=0.01",0,layer4_lr3e-05_hd128_wd0.0_cosine,"lr3e-05,wd0.0",317778588.85042554,0.0006355572034939952
[32],12,"lr=0.003, wd=0.01",0,layer4_lr3e-05_hd128_wd0.01_cosine,"lr3e-05,wd0.01",742760676.0053685,0.001485521377803881
[32],12,"lr=0.003, wd=0.01",0,layer4_lr0.0001_hd128_wd0.0_cosine,"lr0.0001,wd0.0",22354890.637680694,4.470980706850544e-05
[32],12,"lr=0.003, wd=0.01",0,layer4_lr0.0001_hd128_wd0.01_cosine,"lr0.0001,wd0.01",16786.25995468882,3.359831305342716e-08
[32],12,"lr=0.003, wd=0.01",0,layer4_lr0.0003_hd128_wd0.0_cosine,"lr0.0003,wd0.0",1353808590.1387897,0.0027076172060707237
[32],12,"lr=0.003, wd=0.01",0,layer4_lr0.0003_hd128_wd0.01_cosine,"lr0.0003,wd0.01",124132890.53593424,0.00024826580686501253
[32],12,"lr=0.003, wd=0.01",0,layer4_lr0.001_hd128_wd0.0_cosine,"lr0.001,wd0.0",2799972959.6908298,0.005599945945174803
[32],12,"lr=0.003, wd=0.01",0,layer4_lr0.001_hd128_wd0.01_cosine,"lr0.001,wd0.01",133930854.1786133,0.00026786173415037064
[32],12,"lr=0.003, wd=0.01",0,layer4_lr0.003_hd128_wd0.0_cosine,"lr0.003,wd0.0",1804674681.1129751,0.0036093493880190943
[32],12,"lr=0.003, wd=0.01",0,layer4_lr0.003_hd128_wd0.01_cosine,"lr0.003,wd0.01",1192995.4710975308,2.3860167353391113e-06
[32],12,"lr=0.003, wd=0.01",5,layer4_lr1e-05_hd128_wd0.0_cosine,"lr1e-05,wd0.0",1065318574.4049677,0.0021306371746030793
[32],12,"lr=0.003, wd=0.01",5,layer4_lr1e-05_hd128_wd0.01_cosine,"lr1e-05,wd0.01",4510483578.324781,0.009020967182442706
[32],12,"lr=0.003, wd=0.01",5,layer4_lr3e-05_hd128_wd0.0_cosine,"lr3e-05,wd0.0",1087251552.2598011,0.0021745031303127466
[32],12,"lr=0.003, wd=0.01",5,layer4_lr3e-05_hd128_wd0.01_cosine,"lr3e-05,wd0.01",2262125205.537259,0.004524250436867662
[32],12,"lr=0.003, wd=0.01",5,layer4_lr0.0001_hd128_wd0.0_cosine,"lr0.0001,wd0.0",7449704446.054422,0.014899408917901988
[32],12,"lr=0.003, wd=0.01",5,layer4_lr0.0001_hd128_wd0.01_cosine,"lr0.0001,wd0.01",3245407334.40223,0.0064908146945976035
[32],12,"lr=0.003, wd=0.01",5,layer4_lr0.0003_hd128_wd0.0_cosine,"lr0.0003,wd0.0",17853957011.2742,0.035707914048341546
[32],12,"lr=0.003, wd=0.01",5,layer4_lr0.0003_hd128_wd0.01_cosine,"lr0.0003,wd0.01",2133441572.1537275,0.004266883170100599
[32],12,"lr=0.003, wd=0.01",5,layer4_lr0.001_hd128_wd0.0_cosine,"lr0.001,wd0.0",23446946919.524117,0.04689389386484138
[32],12,"lr=0.003, wd=0.01",5,layer4_lr0.001_hd128_wd0.01_cosine,"lr0.001,wd0.01",4472775449.055984,0.00894555092390511
[32],12,"lr=0.003, wd=0.01",5,layer4_lr0.003_hd128_wd0.0_cosine,"lr0.003,wd0.0",22937901808.996494,0.04587580364378613
[32],12,"lr=0.003, wd=0.01",5,layer4_lr0.003_hd128_wd0.01_cosine,"lr0.003,wd0.01",731072680.0028317,0.0014621453857988074
[32],12,"lr=0.003, wd=0.01",10,layer4_lr1e-05_hd128_wd0.0_cosine,"lr1e-05,wd0.0",1079376521.3122873,0.0021587530684177188
[32],12,"lr=0.003, wd=0.01",10,layer4_lr1e-05_hd128_wd0.01_cosine,"lr1e-05,wd0.01",1925710661.374129,0.003851421348541402
[32],12,"lr=0.003, wd=0.01",10,layer4_lr3e-05_hd128_wd0.0_cosine,"lr3e-05,wd0.0",2647321152.1942205,0.005294642330181586
[32],12,"lr=0.003, wd=0.01",10,layer4_lr3e-05_hd128_wd0.01_cosine,"lr3e-05,wd0.01",5371615435.668271,0.010743230897129686
[32],12,"lr=0.003, wd=0.01",10,layer4_lr0.0001_hd128_wd0.0_cosine,"lr0.0001,wd0.0",8573300241.859425,0.017146600509511993
[32],12,"lr=0.003, wd=0.01",10,layer4_lr0.0001_hd128_wd0.01_cosine,"lr0.0001,wd0.01",4940349331.1255665,0.009880698688044276
[32],12,"lr=0.003, wd=0.01",10,layer4_lr0.0003_hd128_wd0.0_cosine,"lr0.0003,wd0.0",17834645340.77223,0.0356692907073376
[32],12,"lr=0.003, wd=0.01",10,layer4_lr0.0003_hd128_wd0.01_cosine,"lr0.0003,wd0.01",2590569829.536297,0.0051811396848657374
[32],12,"lr=0.003, wd=0.01",10,layer4_lr0.001_hd128_wd0.0_cosine,"lr0.001,wd0.0",17424471748.565468,0.03484894352292408
[32],12,"lr=0.003, wd=0.01",10,layer4_lr0.001_hd128_wd0.01_cosine,"lr0.001,wd0.01",1232441320.9555326,0.0024648826677042095
[32],12,"lr=0.003, wd=0.01",10,layer4_lr0.003_hd128_wd0.0_cosine,"lr0.003,wd0.0",12549988892.938442,0.02509997781167003
[32],12,"lr=0.003, wd=0.01",10,layer4_lr0.003_hd128_wd0.01_cosine,"lr0.003,wd0.01",54614116.852937005,0.00010922825949901805
[32],12,"lr=0.003, wd=0.01",20,layer4_lr1e-05_hd128_wd0.0_cosine,"lr1e-05,wd0.0",1627393304.1900494,0.003254786634173243
[32],12,"lr=0.003, wd=0.01",20,layer4_lr1e-05_hd128_wd0.01_cosine,"lr1e-05,wd0.01",3453802157.418623,0.00690760434063039
[32],12,"lr=0.003, wd=0.01",20,layer4_lr3e-05_hd128_wd0.0_cosine,"lr3e-05,wd0.0",1962294632.0208485,0.003924589289834841
[32],12,"lr=0.003, wd=0.01",20,layer4_lr3e-05_hd128_wd0.01_cosine,"lr3e-05,wd0.01",2014720502.2364485,0.004029441030266041
[32],12,"lr=0.003, wd=0.01",20,layer4_lr0.0001_hd128_wd0.0_cosine,"lr0.0001,wd0.0",6026206521.711031,0.012052413069215206
[32],12,"lr=0.003, wd=0.01",20,layer4_lr0.0001_hd128_wd0.01_cosine,"lr0.0001,wd0.01",2244183636.521343,0.00448836729883583
[32],12,"lr=0.003, wd=0.01",20,layer4_lr0.0003_hd128_wd0.0_cosine,"lr0.0003,wd0.0",11680846595.024536,0.023361693215842215
[32],12,"lr=0.003, wd=0.01",20,layer4_lr0.0003_hd128_wd0.01_cosine,"lr0.0003,wd0.01",1179793839.2460132,0.0023595877042851703
[32],12,"lr=0.003, wd=0.01",20,layer4_lr0.001_hd128_wd0.0_cosine,"lr0.001,wd0.0",12736848108.37798,0.025473696242549103
[32],12,"lr=0.003, wd=0.01",20,layer4_lr0.001_hd128_wd0.01_cosine,"lr0.001,wd0.01",785304255.6597453,0.0015706085371126346
[32],12,"lr=0.003, wd=0.01",20,layer4_lr0.003_hd128_wd0.0_cosine,"lr0.003,wd0.0",9747245108.111134,0.01949449024201541
[32],12,"lr=0.003, wd=0.01",20,layer4_lr0.003_hd128_wd0.01_cosine,"lr0.003,wd0.01",607229055.629807,0.0012144581370527579
[32],12,"lr=0.003, wd=0.01",50,layer4_lr1e-05_hd128_wd0.0_cosine,"lr1e-05,wd0.0",213241336.99955752,0.0004264826997922591
[32],12,"lr=0.003, wd=0.01",50,layer4_lr1e-05_hd128_wd0.01_cosine,"lr1e-05,wd0.01",218603656.03358436,0.00043720733786031276
[32],12,"lr=0.003, wd=0.01",50,layer4_lr3e-05_hd128_wd0.0_cosine,"lr3e-05,wd0.0",314398226.2613115,0.000628796478315767
[32],12,"lr=0.003, wd=0.01",50,layer4_lr3e-05_hd128_wd0.01_cosine,"lr3e-05,wd0.01",392209836.2637056,0.0007844196983205553
[32],12,"lr=0.003, wd=0.01",50,layer4_lr0.0001_hd128_wd0.0_cosine,"lr0.0001,wd0.0",891058075.8614033,0.0017821161775159505
[32],12,"lr=0.003, wd=0.01",50,layer4_lr0.0001_hd128_wd0.01_cosine,"lr0.0001,wd0.01",77012758.84403951,0.00015402554348122307
[32],12,"lr=0.003, wd=0.01",50,layer4_lr0.0003_hd128_wd0.0_cosine,"lr0.0003,wd0.0",825412860.2310758,0.0016508257462552955
[32],12,"lr=0.003, wd=0.01",50,layer4_lr0.0003_hd128_wd0.01_cosine,"lr0.0003,wd0.01",49578460.02628214,9.915694584570833e-05
[32],12,"lr=0.003, wd=0.01",50,layer4_lr0.001_hd128_wd0.0_cosine,"lr0.001,wd0.0",126963836.72091252,0.00025392769923496906
[32],12,"lr=0.003, wd=0.01",50,layer4_lr0.001_hd128_wd0.01_cosine,"lr0.001,wd0.01",262054400.01364204,0.0005241088258204281
[32],12,"lr=0.003, wd=0.01",50,layer4_lr0.003_hd128_wd0.0_cosine,"lr0.003,wd0.0",3011610651.2710476,0.00602322132833524
[32],12,"lr=0.003, wd=0.01",50,layer4_lr0.003_hd128_wd0.01_cosine,"lr0.003,wd0.01",1477800143.2823458,0.002955600312357836
[32],12,"lr=0.003, wd=0.01",90,layer4_lr1e-05_hd128_wd0.0_cosine,"lr1e-05,wd0.0",67291976.03176975,0.00013458397785668356
[32],12,"lr=0.003, wd=0.01",90,layer4_lr1e-05_hd128_wd0.01_cosine,"lr1e-05,wd0.01",31711568.704459853,6.342316320206375e-05
[32],12,"lr=0.003, wd=0.01",90,layer4_lr3e-05_hd128_wd0.0_cosine,"lr3e-05,wd0.0",27213814.505718924,5.4427654804581894e-05
[32],12,"lr=0.003, wd=0.01",90,layer4_lr3e-05_hd128_wd0.01_cosine,"lr3e-05,wd0.01",29362619.99735879,5.872526578786163e-05
[32],12,"lr=0.003, wd=0.01",90,layer4_lr0.0001_hd128_wd0.0_cosine,"lr0.0001,wd0.0",3634693.157913708,7.269412108971465e-06
[32],12,"lr=0.003, wd=0.01",90,layer4_lr0.0001_hd128_wd0.01_cosine,"lr0.0001,wd0.01",16750851.115990216,3.350172802512448e-05
[32],12,"lr=0.003, wd=0.01",90,layer4_lr0.0003_hd128_wd0.0_cosine,"lr0.0003,wd0.0",1952114.0218284114,3.904253836800872e-06
[32],12,"lr=0.003, wd=0.01",90,layer4_lr0.0003_hd128_wd0.01_cosine,"lr0.0003,wd0.01",2260531.8538046544,4.521089500753358e-06
[32],12,"lr=0.003, wd=0.01",90,layer4_lr0.001_hd128_wd0.0_cosine,"lr0.001,wd0.0",207487443.77898946,0.00041497491335112295
[32],12,"lr=0.003, wd=0.01",90,layer4_lr0.001_hd128_wd0.01_cosine,"lr0.001,wd0.01",295305.57292486116,5.906369389937718e-07
[32],12,"lr=0.003, wd=0.01",90,layer4_lr0.003_hd128_wd0.0_cosine,"lr0.003,wd0.0",90358310.42908171,0.00018071664665130746
[32],12,"lr=0.003, wd=0.01",90,layer4_lr0.003_hd128_wd0.01_cosine,"lr0.003,wd0.01",305824881.4814387,0.0006116497887560215
[64],1,"lr=1e-05, wd=0.0",0,layer4_lr1e-05_hd128_wd0.0_cosine,"lr1e-05,wd0.0",1237842423.6035976,0.0024756848730003397
[64],1,"lr=1e-05, wd=0.0",0,layer4_lr1e-05_hd128_wd0.01_cosine,"lr1e-05,wd0.01",1353488.614314736,2.707003021773522e-06
[64],1,"lr=1e-05, wd=0.0",0,layer4_lr3e-05_hd128_wd0.0_cosine,"lr3e-05,wd0.0",5322276642.726964,0.010644553311247073
[64],1,"lr=1e-05, wd=0.0",0,layer4_lr3e-05_hd128_wd0.01_cosine,"lr3e-05,wd0.01",836547988.1164796,0.0016730960020261032
[64],1,"lr=1e-05, wd=0.0",0,layer4_lr0.0001_hd128_wd0.0_cosine,"lr0.0001,wd0.0",3019579673.1875873,0.006039159372168318
[64],1,"lr=1e-05, wd=0.0",0,layer4_lr0.0001_hd128_wd0.01_cosine,"lr0.0001,wd0.01",2569924066.5650134,0.005139848158923171
[64],1,"lr=1e-05, wd=0.0",0,layer4_lr0.0003_hd128_wd0.0_cosine,"lr0.0003,wd0.0",86153405.24844155,0.00017230683629002714
[64],1,"lr=1e-05, wd=0.0",0,layer4_lr0.0003_hd128_wd0.01_cosine,"lr0.0003,wd0.01",3202220262.5449867,0.006404440550883118
[64],1,"lr=1e-05, wd=0.0",0,layer4_lr0.001_hd128_wd0.0_cosine,"lr0.001,wd0.0",136330005.7895711,0.00027266003737228624
[64],1,"lr=1e-05, wd=0.0",0,layer4_lr0.001_hd128_wd0.01_cosine,"lr0.001,wd0.01",2574916298.8866034,0.0051498326235663505
[64],1,"lr=1e-05, wd=0.0",0,layer4_lr0.003_hd128_wd0.0_cosine,"lr0.003,wd0.0",20364614.67273287,4.0729255138609786e-05
[64],1,"lr=1e-05, wd=0.0",0,layer4_lr0.003_hd128_wd0.01_cosine,"lr0.003,wd0.01",1372132963.225408,0.0027442659522439604
[64],1,"lr=1e-05, wd=0.0",5,layer4_lr1e-05_hd128_wd0.0_cosine,"lr1e-05,wd0.0",1018020551.0465348,0.0020360411278862135
[64],1,"lr=1e-05, wd=0.0",5,layer4_lr1e-05_hd128_wd0.01_cosine,"lr1e-05,wd0.01",24347474.966841653,4.869497572682735e-05
[64],1,"lr=1e-05, wd=0.0",5,layer4_lr3e-05_hd128_wd0.0_cosine,"lr3e-05,wd0.0",2414304234.926016,0.004828608495645176
[64],1,"lr=1e-05, wd=0.0",5,layer4_lr3e-05_hd128_wd0.01_cosine,"lr3e-05,wd0.01",237281658.02205327,0.00047456334183725057
[64],1,"lr=1e-05, wd=0.0",5,layer4_lr0.0001_hd128_wd0.0_cosine,"lr0.0001,wd0.0",1360565142.548001,0.0027211303108891464
[64],1,"lr=1e-05, wd=0.0",5,layer4_lr0.0001_hd128_wd0.01_cosine,"lr0.0001,wd0.01",31613823.4383858,6.322767266991564e-05
[64],1,"lr=1e-05, wd=0.0",5,layer4_lr0.0003_hd128_wd0.0_cosine,"lr0.0003,wd0.0",13043521931.46092,0.026087043888714984
[64],1,"lr=1e-05, wd=0.0",5,layer4_lr0.0003_hd128_wd0.01_cosine,"lr0.0003,wd0.01",425252123.6186129,0.0008505042730303699
[64],1,"lr=1e-05, wd=0.0",5,layer4_lr0.001_hd128_wd0.0_cosine,"lr0.001,wd0.0",23914999583.456383,0.04782999919270591
[64],1,"lr=1e-05, wd=0.0",5,layer4_lr0.001_hd128_wd0.01_cosine,"lr0.001,wd0.01",5113332828.360271,0.010226665682513687
[64],1,"lr=1e-05, wd=0.0",5,layer4_lr0.003_hd128_wd0.0_cosine,"lr0.003,wd0.0",23789551809.30293,0.047579103644399004
[64],1,"lr=1e-05, wd=0.0",5,layer4_lr0.003_hd128_wd0.01_cosine,"lr0.003,wd0.01",4523554749.89762,0.009047109525588385
[64],1,"lr=1e-05, wd=0.0",10,layer4_lr1e-05_hd128_wd0.0_cosine,"lr1e-05,wd0.0",776464381.697482,0.001552928789188108
[64],1,"lr=1e-05, wd=0.0",10,layer4_lr1e-05_hd128_wd0.01_cosine,"lr1e-05,wd0.01",53440433.58413596,0.00010688089296141596
[64],1,"lr=1e-05, wd=0.0",10,layer4_lr3e-05_hd128_wd0.0_cosine,"lr3e-05,wd0.0",521673480.9144703,0.0010433469876220847
[64],1,"lr=1e-05, wd=0.0",10,layer4_lr3e-05_hd128_wd0.01_cosine,"lr3e-05,wd0.01",52004178.58834445,0.00010400838296983294
[64],1,"lr=1e-05, wd=0.0",10,layer4_lr0.0001_hd128_wd0.0_cosine,"lr0.0001,wd0.0",2290620584.102936,0.004581241193999015
[64],1,"lr=1e-05, wd=0.0",10,layer4_lr0.0001_hd128_wd0.01_cosine,"lr0.0001,wd0.01",403175039.3312397,0.0008063501044556235
[64],1,"lr=1e-05, wd=0.0",10,layer4_lr0.0003_hd128_wd0.0_cosine,"lr0.0003,wd0.0",13436168916.330585,0.026872337858454314
[64],1,"lr=1e-05, wd=0.0",10,layer4_lr0.0003_hd128_wd0.01_cosine,"lr0.0003,wd0.01",566453354.7828736,0.0011329067353588913
[64],1,"lr=1e-05, wd=0.0",10,layer4_lr0.001_hd128_wd0.0_cosine,"lr0.001,wd0.0",16021692480.82229,0.03204338498743772
[64],1,"lr=1e-05, wd=0.0",10,layer4_lr0.001_hd128_wd0.01_cosine,"lr0.001,wd0.01",20728434.761075508,4.1456895315295064e-05
[64],1,"lr=1e-05, wd=0.0",10,layer4_lr0.003_hd128_wd0.0_cosine,"lr0.003,wd0.0",9784641478.601759,0.01956928298299666
[64],1,"lr=1e-05, wd=0.0",10,layer4_lr0.003_hd128_wd0.01_cosine,"lr0.003,wd0.01",252848411.0006428,0.0005056968477944296
[64],1,"lr=1e-05, wd=0.0",20,layer4_lr1e-05_hd128_wd0.0_cosine,"lr1e-05,wd0.0",503622364.7854007,0.0010072447553639455
[64],1,"lr=1e-05, wd=0.0",20,layer4_lr1e-05_hd128_wd0.01_cosine,"lr1e-05,wd0.01",22672238.991048098,4.534450377524024e-05
[64],1,"lr=1e-05, wd=0.0",20,layer4_lr3e-05_hd128_wd0.0_cosine,"lr3e-05,wd0.0",121437364.07360837,0.0002428747539403608
[64],1,"lr=1e-05, wd=0.0",20,layer4_lr3e-05_hd128_wd0.01_cosine,"lr3e-05,wd0.01",4675931.790083859,9.351889373311768e-06
[64],1,"lr=1e-05, wd=0.0",20,layer4_lr0.0001_hd128_wd0.0_cosine,"lr0.0001,wd0.0",2914993699.752361,0.0058299874252978655
[64],1,"lr=1e-05, wd=0.0",20,layer4_lr0.0001_hd128_wd0.01_cosine,"lr0.0001,wd0.01",177349959.6890364,0.00035469994517121683
[64],1,"lr=1e-05, wd=0.0",20,layer4_lr0.0003_hd128_wd0.0_cosine,"lr0.0003,wd0.0",10945064830.086308,0.021890129685965758
[64],1,"lr=1e-05, wd=0.0",20,layer4_lr0.0003_hd128_wd0.01_cosine,"lr0.0003,wd0.01",147292413.31447136,0.00029458485242208677
[64],1,"lr=1e-05, wd=0.0",20,layer4_lr0.001_hd128_wd0.0_cosine,"lr0.001,wd0.0",13341169791.740686,0.026682339609274516
[64],1,"lr=1e-05, wd=0.0",20,layer4_lr0.001_hd128_wd0.01_cosine,"lr0.001,wd0.01",139374287.35597822,0.0002787486005051005
[64],1,"lr=1e-05, wd=0.0",20,layer4_lr0.003_hd128_wd0.0_cosine,"lr0.003,wd0.0",9068070293.950134,0.01813614061369341
[64],1,"lr=1e-05, wd=0.0",20,layer4_lr0.003_hd128_wd0.01_cosine,"lr0.003,wd0.01",4852810461.079879,0.009705620947952902
[64],1,"lr=1e-05, wd=0.0",50,layer4_lr1e-05_hd128_wd0.0_cosine,"lr1e-05,wd0.0",138714627.9309085,0.00027742928165496106
[64],1,"lr=1e-05, wd=0.0",50,layer4_lr1e-05_hd128_wd0.01_cosine,"lr1e-05,wd0.01",9223548.216383569,1.844712222591119e-05
[64],1,"lr=1e-05, wd=0.0",50,layer4_lr3e-05_hd128_wd0.0_cosine,"lr3e-05,wd0.0",26572989.11637406,5.3146004025892164e-05
[64],1,"lr=1e-05, wd=0.0",50,layer4_lr3e-05_hd128_wd0.01_cosine,"lr3e-05,wd0.01",8717758.627052246,1.743554304724854e-05
[64],1,"lr=1e-05, wd=0.0",50,layer4_lr0.0001_hd128_wd0.0_cosine,"lr0.0001,wd0.0",1004481907.2265272,0.0020089638402461985
[64],1,"lr=1e-05, wd=0.0",50,layer4_lr0.0001_hd128_wd0.01_cosine,"lr0.0001,wd0.01",8362434.465245289,1.6724894723634626e-05
[64],1,"lr=1e-05, wd=0.0",50,layer4_lr0.0003_hd128_wd0.0_cosine,"lr0.0003,wd0.0",1370251238.9264405,0.002740502503646025
[64],1,"lr=1e-05, wd=0.0",50,layer4_lr0.0003_hd128_wd0.01_cosine,"lr0.0003,wd0.01",471869.8948502227,9.437655828444949e-07
[64],1,"lr=1e-05, wd=0.0",50,layer4_lr0.001_hd128_wd0.0_cosine,"lr0.001,wd0.0",570926086.7575208,0.0011418521993081855
[64],1,"lr=1e-05, wd=0.0",50,layer4_lr0.001_hd128_wd0.01_cosine,"lr0.001,wd0.01",1023753140.1057403,0.0020475063060046246
[64],1,"lr=1e-05, wd=0.0",50,layer4_lr0.003_hd128_wd0.0_cosine,"lr0.003,wd0.0",3109096091.408542,0.006218192208610228
[64],1,"lr=1e-05, wd=0.0",50,layer4_lr0.003_hd128_wd0.01_cosine,"lr0.003,wd0.01",4421334397.341629,0.008842668820476402
[64],1,"lr=1e-05, wd=0.0",90,layer4_lr1e-05_hd128_wd0.0_cosine,"lr1e-05,wd0.0",36654900.61483152,7.330982702280709e-05
[64],1,"lr=1e-05, wd=0.0",90,layer4_lr1e-05_hd128_wd0.01_cosine,"lr1e-05,wd0.01",879719.579153711,1.7594649514514716e-06
[64],1,"lr=1e-05, wd=0.0",90,layer4_lr3e-05_hd128_wd0.0_cosine,"lr3e-05,wd0.0",33596618.09719653,6.71932619875371e-05
[64],1,"lr=1e-05, wd=0.0",90,layer4_lr3e-05_hd128_wd0.01_cosine,"lr3e-05,wd0.01",948794.2094841357,1.897614212112321e-06
[64],1,"lr=1e-05, wd=0.0",90,layer4_lr0.0001_hd128_wd0.0_cosine,"lr0.0001,wd0.0",24638280.488324393,4.927658676979283e-05
[64],1,"lr=1e-05, wd=0.0",90,layer4_lr0.0001_hd128_wd0.01_cosine,"lr0.0001,wd0.01",7593267.997866088,1.5186561788876224e-05
[64],1,"lr=1e-05, wd=0.0",90,layer4_lr0.0003_hd128_wd0.0_cosine,"lr0.0003,wd0.0",132917032.64101082,0.0002658340910751657
[64],1,"lr=1e-05, wd=0.0",90,layer4_lr0.0003_hd128_wd0.01_cosine,"lr0.0003,wd0.01",9434990.720015313,1.887000723317468e-05
[64],1,"lr=1e-05, wd=0.0",90,layer4_lr0.001_hd128_wd0.0_cosine,"lr0.001,wd0.0",772676864.8553573,0.0015453537555038587
[64],1,"lr=1e-05, wd=0.0",90,layer4_lr0.001_hd128_wd0.01_cosine,"lr0.001,wd0.01",48521869.476140976,9.7043764745426e-05
[64],1,"lr=1e-05, wd=0.0",90,layer4_lr0.003_hd128_wd0.0_cosine,"lr0.003,wd0.0",515853788.89334315,0.0010317076035798304
[64],1,"lr=1e-05, wd=0.0",90,layer4_lr0.003_hd128_wd0.01_cosine,"lr0.003,wd0.01",682036577.4950022,0.0013640731807831484
[64],2,"lr=1e-05, wd=0.01",0,layer4_lr1e-05_hd128_wd0.0_cosine,"lr1e-05,wd0.0",3936408485.250907,0.007872816996294957
[64],2,"lr=1e-05, wd=0.01",0,layer4_lr1e-05_hd128_wd0.01_cosine,"lr1e-05,wd0.01",671781502.2974261,0.0013435630303879962
[64],2,"lr=1e-05, wd=0.01",0,layer4_lr3e-05_hd128_wd0.0_cosine,"lr3e-05,wd0.0",9988563824.559528,0.0199771276749122
[64],2,"lr=1e-05, wd=0.01",0,layer4_lr3e-05_hd128_wd0.01_cosine,"lr3e-05,wd0.01",3038235027.1991506,0.006076470080191445
[64],2,"lr=1e-05, wd=0.01",0,layer4_lr0.0001_hd128_wd0.0_cosine,"lr0.0001,wd0.0",6533570897.3642845,0.013067141820521712
[64],2,"lr=1e-05, wd=0.01",0,layer4_lr0.0001_hd128_wd0.01_cosine,"lr0.0001,wd0.01",5847445122.216995,0.011694890270227134
[64],2,"lr=1e-05, wd=0.01",0,layer4_lr0.0003_hd128_wd0.0_cosine,"lr0.0003,wd0.0",1232758127.2776973,0.0024655162803485387
[64],2,"lr=1e-05, wd=0.01",0,layer4_lr0.0003_hd128_wd0.01_cosine,"lr0.0003,wd0.01",6865161327.238846,0.013730322680270836
[64],2,"lr=1e-05, wd=0.01",0,layer4_lr0.001_hd128_wd0.0_cosine,"lr0.001,wd0.0",210128747.76729676,0.00042025752132773754
[64],2,"lr=1e-05, wd=0.01",0,layer4_lr0.001_hd128_wd0.01_cosine,"lr0.001,wd0.01",6029546649.895357,0.012059093325583858
[64],2,"lr=1e-05, wd=0.01",0,layer4_lr0.003_hd128_wd0.0_cosine,"lr0.003,wd0.0",483523378.6529607,0.0009670467830990656
[64],2,"lr=1e-05, wd=0.01",0,layer4_lr0.003_hd128_wd0.01_cosine,"lr0.003,wd0.01",4116550317.4518814,0.008233100660696907
[64],2,"lr=1e-05, wd=0.01",5,layer4_lr1e-05_hd128_wd0.0_cosine,"lr1e-05,wd0.0",3185672681.2696342,0.006371345388332413
[64],2,"lr=1e-05, wd=0.01",5,layer4_lr1e-05_hd128_wd0.01_cosine,"lr1e-05,wd0.01",512112953.96728486,0.0010242259337277138
[64],2,"lr=1e-05, wd=0.01",5,layer4_lr3e-05_hd128_wd0.0_cosine,"lr3e-05,wd0.0",1333709085.1119077,0.0026674181960169596
[64],2,"lr=1e-05, wd=0.01",5,layer4_lr3e-05_hd128_wd0.01_cosine,"lr3e-05,wd0.01",1040175774.4235706,0.0020803515746402853
[64],2,"lr=1e-05, wd=0.01",5,layer4_lr0.0001_hd128_wd0.0_cosine,"lr0.0001,wd0.0",1183759205.893794,0.0023675184375807324
[64],2,"lr=1e-05, wd=0.01",5,layer4_lr0.0001_hd128_wd0.01_cosine,"lr0.0001,wd0.01",4602313.147488111,9.20465208812027e-06
[64],2,"lr=1e-05, wd=0.01",5,layer4_lr0.0003_hd128_wd0.0_cosine,"lr0.0003,wd0.0",11758760188.695208,0.02351752040318356
[64],2,"lr=1e-05, wd=0.01",5,layer4_lr0.0003_hd128_wd0.01_cosine,"lr0.0003,wd0.01",120827841.8207417,0.00024165570943462743
[64],2,"lr=1e-05, wd=0.01",5,layer4_lr0.001_hd128_wd0.0_cosine,"lr0.001,wd0.0",21869339052.363792,0.04373867813052073
[64],2,"lr=1e-05, wd=0.01",5,layer4_lr0.001_hd128_wd0.01_cosine,"lr0.001,wd0.01",3797400111.625566,0.007594800249044276
[64],2,"lr=1e-05, wd=0.01",5,layer4_lr0.003_hd128_wd0.0_cosine,"lr0.003,wd0.0",21671424880.48383,0.043342849786760805
[64],2,"lr=1e-05, wd=0.01",5,layer4_lr0.003_hd128_wd0.01_cosine,"lr0.003,wd0.01",5761943492.167336,0.011523887010127817
[64],2,"lr=1e-05, wd=0.01",10,layer4_lr1e-05_hd128_wd0.0_cosine,"lr1e-05,wd0.0",2518041479.01357,0.005036082983820284
[64],2,"lr=1e-05, wd=0.01",10,layer4_lr1e-05_hd128_wd0.01_cosine,"lr1e-05,wd0.01",349737021.5038202,0.0006994740688007845
[64],2,"lr=1e-05, wd=0.01",10,layer4_lr3e-05_hd128_wd0.0_cosine,"lr3e-05,wd0.0",594536705.7743493,0.0011890734373418426
[64],2,"lr=1e-05, wd=0.01",10,layer4_lr3e-05_hd128_wd0.01_cosine,"lr3e-05,wd0.01",18375794.1264787,3.675161404610145e-05
[64],2,"lr=1e-05, wd=0.01",10,layer4_lr0.0001_hd128_wd0.0_cosine,"lr0.0001,wd0.0",2121020656.9680846,0.0042420413397293135
[64],2,"lr=1e-05, wd=0.01",10,layer4_lr0.0001_hd128_wd0.01_cosine,"lr0.0001,wd0.01",141766556.36257827,0.0002835331385183006
[64],2,"lr=1e-05, wd=0.01",10,layer4_lr0.0003_hd128_wd0.0_cosine,"lr0.0003,wd0.0",12931135799.656395,0.025862271625105935
[64],2,"lr=1e-05, wd=0.01",10,layer4_lr0.0003_hd128_wd0.01_cosine,"lr0.0003,wd0.01",264043212.85263407,0.0005280864514984122
[64],2,"lr=1e-05, wd=0.01",10,layer4_lr0.001_hd128_wd0.0_cosine,"lr0.001,wd0.0",15669218678.972586,0.031338437383738316
[64],2,"lr=1e-05, wd=0.01",10,layer4_lr0.001_hd128_wd0.01_cosine,"lr0.001,wd0.01",72455454.27098626,0.00014491093433511657
[64],2,"lr=1e-05, wd=0.01",10,layer4_lr0.003_hd128_wd0.0_cosine,"lr0.003,wd0.0",9159736900.33301,0.018319473826459164
[64],2,"lr=1e-05, wd=0.01",10,layer4_lr0.003_hd128_wd0.01_cosine,"lr0.003,wd0.01",53503021.226533435,0.00010700606824621091
[64],2,"lr=1e-05, wd=0.01",20,layer4_lr1e-05_hd128_wd0.0_cosine,"lr1e-05,wd0.0",1273180077.57932,0.002546360180951784
[64],2,"lr=1e-05, wd=0.01",20,layer4_lr1e-05_hd128_wd0.01_cosine,"lr1e-05,wd0.01",178903007.8020535,0.0003578060413972511
[64],2,"lr=1e-05, wd=0.01",20,layer4_lr3e-05_hd128_wd0.0_cosine,"lr3e-05,wd0.0",98566451.39125863,0.0001971329285756613
[64],2,"lr=1e-05, wd=0.01",20,layer4_lr3e-05_hd128_wd0.01_cosine,"lr3e-05,wd0.01",26974690.114684112,5.394940602251227e-05
[64],2,"lr=1e-05, wd=0.01",20,layer4_lr0.0001_hd128_wd0.0_cosine,"lr0.0001,wd0.0",3047478632.081246,0.006094957289955636
[64],2,"lr=1e-05, wd=0.01",20,layer4_lr0.0001_hd128_wd0.01_cosine,"lr0.0001,wd0.01",86326153.71679337,0.0001726523332267308
[64],2,"lr=1e-05, wd=0.01",20,layer4_lr0.0003_hd128_wd0.0_cosine,"lr0.0003,wd0.0",10768709272.228704,0.021537418570250554
[64],2,"lr=1e-05, wd=0.01",20,layer4_lr0.0003_hd128_wd0.01_cosine,"lr0.0003,wd0.01",84453760.88841471,0.00016890754756997345
[64],2,"lr=1e-05, wd=0.01",20,layer4_lr0.001_hd128_wd0.0_cosine,"lr0.001,wd0.0",13184264594.16794,0.026368529214129025
[64],2,"lr=1e-05, wd=0.01",20,layer4_lr0.001_hd128_wd0.01_cosine,"lr0.001,wd0.01",70086471.05698414,0.00014017296790711233
[64],2,"lr=1e-05, wd=0.01",20,layer4_lr0.003_hd128_wd0.0_cosine,"lr0.003,wd0.0",8842049718.125904,0.017684099462044953
[64],2,"lr=1e-05, wd=0.01",20,layer4_lr0.003_hd128_wd0.01_cosine,"lr0.003,wd0.01",4995541059.226864,0.009991082144246871
[64],2,"lr=1e-05, wd=0.01",50,layer4_lr1e-05_hd128_wd0.0_cosine,"lr1e-05,wd0.0",164597688.21206892,0.00032919540221728184
[64],2,"lr=1e-05, wd=0.01",50,layer4_lr1e-05_hd128_wd0.01_cosine,"lr1e-05,wd0.01",36943664.417348996,7.388735462784203e-05
[64],2,"lr=1e-05, wd=0.01",50,layer4_lr3e-05_hd128_wd0.0_cosine,"lr3e-05,wd0.0",49021338.79677278,9.80427033866896e-05
[64],2,"lr=1e-05, wd=0.01",50,layer4_lr3e-05_hd128_wd0.01_cosine,"lr3e-05,wd0.01",511766.7448895338,1.023559282923117e-06
[64],2,"lr=1e-05, wd=0.01",50,layer4_lr0.0001_hd128_wd0.0_cosine,"lr0.0001,wd0.0",971386105.4945437,0.0019427722367822314
[64],2,"lr=1e-05, wd=0.01",50,layer4_lr0.0001_hd128_wd0.01_cosine,"lr0.0001,wd0.01",4940694.598948809,9.881414991041667e-06
[64],2,"lr=1e-05, wd=0.01",50,layer4_lr0.0003_hd128_wd0.0_cosine,"lr0.0003,wd0.0",1513590160.4702744,0.003027180346733693
[64],2,"lr=1e-05, wd=0.01",50,layer4_lr0.0003_hd128_wd0.01_cosine,"lr0.0003,wd0.01",798673.333562039,1.5973724602681274e-06
[64],2,"lr=1e-05, wd=0.01",50,layer4_lr0.001_hd128_wd0.0_cosine,"lr0.001,wd0.0",779360499.4515339,0.0015587210246962118
[64],2,"lr=1e-05, wd=0.01",50,layer4_lr0.001_hd128_wd0.01_cosine,"lr0.001,wd0.01",1053521457.8785123,0.0021070429415501685
[64],2,"lr=1e-05, wd=0.01",50,layer4_lr0.003_hd128_wd0.0_cosine,"lr0.003,wd0.0",3088857776.1591406,0.006177715578111425
[64],2,"lr=1e-05, wd=0.01",50,layer4_lr0.003_hd128_wd0.01_cosine,"lr0.003,wd0.01",4452204838.481359,0.00890440970275586
[64],2,"lr=1e-05, wd=0.01",90,layer4_lr1e-05_hd128_wd0.0_cosine,"lr1e-05,wd0.0",3890479.7944259876,7.780985381996024e-06
[64],2,"lr=1e-05, wd=0.01",90,layer4_lr1e-05_hd128_wd0.01_cosine,"lr1e-05,wd0.01",26673334.081959844,5.3346693957063736e-05
[64],2,"lr=1e-05, wd=0.01",90,layer4_lr3e-05_hd128_wd0.0_cosine,"lr3e-05,wd0.0",42752435.96193275,8.550489771700955e-05
[64],2,"lr=1e-05, wd=0.01",90,layer4_lr3e-05_hd128_wd0.01_cosine,"lr3e-05,wd0.01",1527834.5359935428,3.055694865131135e-06
[64],2,"lr=1e-05, wd=0.01",90,layer4_lr0.0001_hd128_wd0.0_cosine,"lr0.0001,wd0.0",26821721.03206612,5.364346785727629e-05
[64],2,"lr=1e-05, wd=0.01",90,layer4_lr0.0001_hd128_wd0.01_cosine,"lr0.0001,wd0.01",8192972.709017325,1.63859712111787e-05
[64],2,"lr=1e-05, wd=0.01",90,layer4_lr0.0003_hd128_wd0.0_cosine,"lr0.0003,wd0.0",142238497.59886244,0.0002844770209908689
[64],2,"lr=1e-05, wd=0.01",90,layer4_lr0.0003_hd128_wd0.01_cosine,"lr0.0003,wd0.01",8186449.201171324,1.6372924195486696e-05
[64],2,"lr=1e-05, wd=0.01",90,layer4_lr0.001_hd128_wd0.0_cosine,"lr0.001,wd0.0",782138141.5309982,0.0015642763088551403
[64],2,"lr=1e-05, wd=0.01",90,layer4_lr0.001_hd128_wd0.01_cosine,"lr0.001,wd0.01",21992516.477890175,4.398505874892439e-05
[64],2,"lr=1e-05, wd=0.01",90,layer4_lr0.003_hd128_wd0.0_cosine,"lr0.003,wd0.0",543466301.0417584,0.001086932627876661
[64],2,"lr=1e-05, wd=0.01",90,layer4_lr0.003_hd128_wd0.01_cosine,"lr0.003,wd0.01",505173614.5356582,0.0010103472548644605
[64],3,"lr=3e-05, wd=0.0",0,layer4_lr1e-05_hd128_wd0.0_cosine,"lr1e-05,wd0.0",120585907.19309795,0.00024117184017933993
[64],3,"lr=3e-05, wd=0.0",0,layer4_lr1e-05_hd128_wd0.01_cosine,"lr1e-05,wd0.01",2273556052.540839,0.004547112130874822
[64],3,"lr=3e-05, wd=0.0",0,layer4_lr3e-05_hd128_wd0.0_cosine,"lr3e-05,wd0.0",617743569.8239154,0.0012354871654409747
[64],3,"lr=3e-05, wd=0.0",0,layer4_lr3e-05_hd128_wd0.01_cosine,"lr3e-05,wd0.01",379856401.16269803,0.0007597128281185402
[64],3,"lr=3e-05, wd=0.0",0,layer4_lr0.0001_hd128_wd0.0_cosine,"lr0.0001,wd0.0",17983180.950862642,3.596638769486933e-05
[64],3,"lr=3e-05, wd=0.0",0,layer4_lr0.0001_hd128_wd0.01_cosine,"lr0.0001,wd0.01",175619.9504359574,3.5126569401596434e-07
[64],3,"lr=3e-05, wd=0.0",0,layer4_lr0.0003_hd128_wd0.0_cosine,"lr0.0003,wd0.0",1814441352.466657,0.003628882730726458
[64],3,"lr=3e-05, wd=0.0",0,layer4_lr0.0003_hd128_wd0.01_cosine,"lr0.0003,wd0.01",19300222.674588263,3.8600471142320575e-05
[64],3,"lr=3e-05, wd=0.0",0,layer4_lr0.001_hd128_wd0.0_cosine,"lr0.001,wd0.0",4082134225.4391675,0.008164268476671479
[64],3,"lr=3e-05, wd=0.0",0,layer4_lr0.001_hd128_wd0.01_cosine,"lr0.001,wd0.01",1710410.6013235273,3.420846995791104e-06
[64],3,"lr=3e-05, wd=0.0",0,layer4_lr0.003_hd128_wd0.0_cosine,"lr0.003,wd0.0",3246195552.539172,0.006492391130871488
[64],3,"lr=3e-05, wd=0.0",0,layer4_lr0.003_hd128_wd0.01_cosine,"lr0.003,wd0.01",226730092.21250066,0.00045346021021814534
[64],3,"lr=3e-05, wd=0.0",5,layer4_lr1e-05_hd128_wd0.0_cosine,"lr1e-05,wd0.0",248031.01505700708,4.960878232580637e-07
[64],3,"lr=3e-05, wd=0.0",5,layer4_lr1e-05_hd128_wd0.01_cosine,"lr1e-05,wd0.01",667475774.3495263,0.0013349515744921965
[64],3,"lr=3e-05, wd=0.0",5,layer4_lr3e-05_hd128_wd0.0_cosine,"lr3e-05,wd0.0",438315445.0797293,0.0008766309159526027
[64],3,"lr=3e-05, wd=0.0",5,layer4_lr3e-05_hd128_wd0.01_cosine,"lr3e-05,wd0.01",507372986.68038744,0.001014745999153919
[64],3,"lr=3e-05, wd=0.0",5,layer4_lr0.0001_hd128_wd0.0_cosine,"lr0.0001,wd0.0",77905822.21942502,0.0001558116702319941
[64],3,"lr=3e-05, wd=0.0",5,layer4_lr0.0001_hd128_wd0.01_cosine,"lr0.0001,wd0.01",11837423.515097776,2.3674872823339602e-05
[64],3,"lr=3e-05, wd=0.0",5,layer4_lr0.0003_hd128_wd0.0_cosine,"lr0.0003,wd0.0",9859225767.615395,0.019718451561023934
[64],3,"lr=3e-05, wd=0.0",5,layer4_lr0.0003_hd128_wd0.01_cosine,"lr0.0003,wd0.01",228254.58922402508,4.565349715920997e-07
[64],3,"lr=3e-05, wd=0.0",5,layer4_lr0.001_hd128_wd0.0_cosine,"lr0.001,wd0.0",19000752889.695732,0.038001505805184604
[64],3,"lr=3e-05, wd=0.0",5,layer4_lr0.001_hd128_wd0.01_cosine,"lr0.001,wd0.01",1463068139.1167314,0.002926136304026607
[64],3,"lr=3e-05, wd=0.0",5,layer4_lr0.003_hd128_wd0.0_cosine,"lr0.003,wd0.0",18253280451.704308,0.03650656092920176
[64],3,"lr=3e-05, wd=0.0",5,layer4_lr0.003_hd128_wd0.01_cosine,"lr0.003,wd0.01",3450259537.724178,0.0069005191012414995
[64],3,"lr=3e-05, wd=0.0",10,layer4_lr1e-05_hd128_wd0.0_cosine,"lr1e-05,wd0.0",55200017.45781974,0.00011040006070878351
[64],3,"lr=3e-05, wd=0.0",10,layer4_lr1e-05_hd128_wd0.01_cosine,"lr1e-05,wd0.01",835787.2125096679,1.6716002181633852e-06
[64],3,"lr=3e-05, wd=0.0",10,layer4_lr3e-05_hd128_wd0.0_cosine,"lr3e-05,wd0.0",357486119.62538534,0.0007149722650439148
[64],3,"lr=3e-05, wd=0.0",10,layer4_lr3e-05_hd128_wd0.01_cosine,"lr3e-05,wd0.01",525008685.00362366,0.0010500173958003915
[64],3,"lr=3e-05, wd=0.0",10,layer4_lr0.0001_hd128_wd0.0_cosine,"lr0.0001,wd0.0",828909748.5047203,0.0016578195228025847
[64],3,"lr=3e-05, wd=0.0",10,layer4_lr0.0001_hd128_wd0.01_cosine,"lr0.0001,wd0.01",36350003.810625635,7.270003341439532e-05
[64],3,"lr=3e-05, wd=0.0",10,layer4_lr0.0003_hd128_wd0.0_cosine,"lr0.0003,wd0.0",10812909750.554392,0.02162581952690193
[64],3,"lr=3e-05, wd=0.0",10,layer4_lr0.0003_hd128_wd0.01_cosine,"lr0.0003,wd0.01",69984395.13161907,0.0001399688160563822
[64],3,"lr=3e-05, wd=0.0",10,layer4_lr0.001_hd128_wd0.0_cosine,"lr0.001,wd0.0",13917905311.153395,0.027835810648099934
[64],3,"lr=3e-05, wd=0.0",10,layer4_lr0.001_hd128_wd0.01_cosine,"lr0.001,wd0.01",138129645.66223645,0.00027625931711761694
[64],3,"lr=3e-05, wd=0.0",10,layer4_lr0.003_hd128_wd0.0_cosine,"lr0.003,wd0.0",7946604150.164402,0.015893208326121948
[64],3,"lr=3e-05, wd=0.0",10,layer4_lr0.003_hd128_wd0.01_cosine,"lr0.003,wd0.01",120253349.99853767,0.0002405067257902194
[64],3,"lr=3e-05, wd=0.0",20,layer4_lr1e-05_hd128_wd0.0_cosine,"lr1e-05,wd0.0",157707410.62250116,0.00031541484703814636
[64],3,"lr=3e-05, wd=0.0",20,layer4_lr1e-05_hd128_wd0.01_cosine,"lr1e-05,wd0.01",732766.5962204473,1.4655589855849442e-06
[64],3,"lr=3e-05, wd=0.0",20,layer4_lr3e-05_hd128_wd0.0_cosine,"lr3e-05,wd0.0",212999467.74271312,0.0004259989612785703
[64],3,"lr=3e-05, wd=0.0",20,layer4_lr3e-05_hd128_wd0.01_cosine,"lr3e-05,wd0.01",325822001.11777073,0.0006516440280286855
[64],3,"lr=3e-05, wd=0.0",20,layer4_lr0.0001_hd128_wd0.0_cosine,"lr0.0001,wd0.0",1826608124.1365108,0.003653216274066166
[64],3,"lr=3e-05, wd=0.0",20,layer4_lr0.0001_hd128_wd0.01_cosine,"lr0.0001,wd0.01",33095360.584550913,6.619074696224587e-05
[64],3,"lr=3e-05, wd=0.0",20,layer4_lr0.0003_hd128_wd0.0_cosine,"lr0.0003,wd0.0",9581162829.974989,0.019162325685743123
[64],3,"lr=3e-05, wd=0.0",20,layer4_lr0.0003_hd128_wd0.01_cosine,"lr0.0003,wd0.01",7072392.7779347105,1.414481134901347e-05
[64],3,"lr=3e-05, wd=0.0",20,layer4_lr0.001_hd128_wd0.0_cosine,"lr0.001,wd0.0",12012663424.323778,0.0240253268744407
[64],3,"lr=3e-05, wd=0.0",20,layer4_lr0.001_hd128_wd0.01_cosine,"lr0.001,wd0.01",605225.5173147741,1.2104768277735977e-06
[64],3,"lr=3e-05, wd=0.0",20,layer4_lr0.003_hd128_wd0.0_cosine,"lr0.003,wd0.0",7805458770.285422,0.015610917566363989
[64],3,"lr=3e-05, wd=0.0",20,layer4_lr0.003_hd128_wd0.01_cosine,"lr0.003,wd0.01",6973703533.912338,0.01394740709361782
[64],3,"lr=3e-05, wd=0.0",50,layer4_lr1e-05_hd128_wd0.0_cosine,"lr1e-05,wd0.0",1145536.512455818,2.2910988180556858e-06
[64],3,"lr=3e-05, wd=0.0",50,layer4_lr1e-05_hd128_wd0.01_cosine,"lr1e-05,wd0.01",40481682.8773056,8.096339154775524e-05
[64],3,"lr=3e-05, wd=0.0",50,layer4_lr3e-05_hd128_wd0.0_cosine,"lr3e-05,wd0.0",7837733.052600634,1.5675491898345317e-05
[64],3,"lr=3e-05, wd=0.0",50,layer4_lr3e-05_hd128_wd0.01_cosine,"lr3e-05,wd0.01",59110746.15326039,0.00011822151809966482
[64],3,"lr=3e-05, wd=0.0",50,layer4_lr0.0001_hd128_wd0.0_cosine,"lr0.0001,wd0.0",1006559215.4645976,0.002013118456722339
[64],3,"lr=3e-05, wd=0.0",50,layer4_lr0.0001_hd128_wd0.01_cosine,"lr0.0001,wd0.01",322437.19795298035,6.449001890500102e-07
[64],3,"lr=3e-05, wd=0.0",50,layer4_lr0.0003_hd128_wd0.0_cosine,"lr0.0003,wd0.0",276893559.0578661,0.0005537871439088763
[64],3,"lr=3e-05, wd=0.0",50,layer4_lr0.0003_hd128_wd0.01_cosine,"lr0.0003,wd0.01",20210739.53089056,4.042150485492517e-05
[64],3,"lr=3e-05, wd=0.0",50,layer4_lr0.001_hd128_wd0.0_cosine,"lr0.001,wd0.0",2927173677.904589,0.005854347381602322
[64],3,"lr=3e-05, wd=0.0",50,layer4_lr0.001_hd128_wd0.01_cosine,"lr0.001,wd0.01",1211727454.1941073,0.002423454934181359
[64],3,"lr=3e-05, wd=0.0",50,layer4_lr0.003_hd128_wd0.0_cosine,"lr0.003,wd0.0",2761382864.5725303,0.005522765754938205
[64],3,"lr=3e-05, wd=0.0",50,layer4_lr0.003_hd128_wd0.01_cosine,"lr0.003,wd0.01",5135215474.0760975,0.01027043097394534
[64],3,"lr=3e-05, wd=0.0",90,layer4_lr1e-05_hd128_wd0.0_cosine,"lr1e-05,wd0.0",6643705.254902801,1.328743630294965e-05
[64],3,"lr=3e-05, wd=0.0",90,layer4_lr1e-05_hd128_wd0.01_cosine,"lr1e-05,wd0.01",21768733.62474344,4.3537493042630926e-05
[64],3,"lr=3e-05, wd=0.0",90,layer4_lr3e-05_hd128_wd0.0_cosine,"lr3e-05,wd0.0",2821305.710141097,5.642637213426243e-06
[64],3,"lr=3e-05, wd=0.0",90,layer4_lr3e-05_hd128_wd0.01_cosine,"lr3e-05,wd0.01",29332382.955458626,5.86647917040613e-05
[64],3,"lr=3e-05, wd=0.0",90,layer4_lr0.0001_hd128_wd0.0_cosine,"lr0.0001,wd0.0",6304854.792015545,1.2609735377175138e-05
[64],3,"lr=3e-05, wd=0.0",90,layer4_lr0.0001_hd128_wd0.01_cosine,"lr0.0001,wd0.01",833434.5973668626,1.6668949878777747e-06
[64],3,"lr=3e-05, wd=0.0",90,layer4_lr0.0003_hd128_wd0.0_cosine,"lr0.0003,wd0.0",31660106.389891725,6.33202385729275e-05
[64],3,"lr=3e-05, wd=0.0",90,layer4_lr0.0003_hd128_wd0.01_cosine,"lr0.0003,wd0.01",28585277.421807226,5.71705806367585e-05
[64],3,"lr=3e-05, wd=0.0",90,layer4_lr0.001_hd128_wd0.0_cosine,"lr0.001,wd0.0",571449071.9546527,0.0011428981697024492
[64],3,"lr=3e-05, wd=0.0",90,layer4_lr0.001_hd128_wd0.01_cosine,"lr0.001,wd0.01",170591475.72191817,0.0003411829772369804
[64],3,"lr=3e-05, wd=0.0",90,layer4_lr0.003_hd128_wd0.0_cosine,"lr0.003,wd0.0",134508041.29441297,0.00026901610838196997
[64],3,"lr=3e-05, wd=0.0",90,layer4_lr0.003_hd128_wd0.01_cosine,"lr0.003,wd0.01",1024389023.9772731,0.00204877807374769
[64],4,"lr=3e-05, wd=0.01",0,layer4_lr1e-05_hd128_wd0.0_cosine,"lr1e-05,wd0.0",727879740.0119464,0.001455759505817037
[64],4,"lr=3e-05, wd=0.01",0,layer4_lr1e-05_hd128_wd0.01_cosine,"lr1e-05,wd0.01",91018567.05323313,0.0001820371598996103
[64],4,"lr=3e-05, wd=0.01",0,layer4_lr3e-05_hd128_wd0.0_cosine,"lr3e-05,wd0.0",4013361953.038858,0.00802672393187086
[64],4,"lr=3e-05, wd=0.01",0,layer4_lr3e-05_hd128_wd0.01_cosine,"lr3e-05,wd0.01",327018850.72466123,0.0006540377272424666
[64],4,"lr=3e-05, wd=0.01",0,layer4_lr0.0001_hd128_wd0.0_cosine,"lr0.0001,wd0.0",1817491782.4499037,0.0036349835906929516
[64],4,"lr=3e-05, wd=0.01",0,layer4_lr0.0001_hd128_wd0.01_cosine,"lr0.0001,wd0.01",1409072237.044187,0.0028181444998815184
[64],4,"lr=3e-05, wd=0.01",0,layer4_lr0.0003_hd128_wd0.0_cosine,"lr0.0003,wd0.0",23419874.995021816,4.683977578318768e-05
[64],4,"lr=3e-05, wd=0.01",0,layer4_lr0.0003_hd128_wd0.01_cosine,"lr0.0003,wd0.01",1838029929.2244155,0.0036760598842419754
[64],4,"lr=3e-05, wd=0.01",0,layer4_lr0.001_hd128_wd0.0_cosine,"lr0.001,wd0.0",716214073.3315474,0.0014324281724562387
[64],4,"lr=3e-05, wd=0.01",0,layer4_lr0.001_hd128_wd0.01_cosine,"lr0.001,wd0.01",1369949140.4589212,0.0027398983067109866
[64],4,"lr=3e-05, wd=0.01",0,layer4_lr0.003_hd128_wd0.0_cosine,"lr0.003,wd0.0",414439032.7186684,0.0008288780912304809
[64],4,"lr=3e-05, wd=0.01",0,layer4_lr0.003_hd128_wd0.01_cosine,"lr0.003,wd0.01",513872095.1389246,0.0010277442160709933
[64],4,"lr=3e-05, wd=0.01",5,layer4_lr1e-05_hd128_wd0.0_cosine,"lr1e-05,wd0.0",1455683844.7239158,0.002911367715240976
[64],4,"lr=3e-05, wd=0.01",5,layer4_lr1e-05_hd128_wd0.01_cosine,"lr1e-05,wd0.01",23338441.213750627,4.66769082206453e-05
[64],4,"lr=3e-05, wd=0.01",5,layer4_lr3e-05_hd128_wd0.0_cosine,"lr3e-05,wd0.0",3108860992.596903,0.00621772201098695
[64],4,"lr=3e-05, wd=0.01",5,layer4_lr3e-05_hd128_wd0.01_cosine,"lr3e-05,wd0.01",218683085.649554,0.0004373661970922521
[64],4,"lr=3e-05, wd=0.01",5,layer4_lr0.0001_hd128_wd0.0_cosine,"lr0.0001,wd0.0",324181.7313599294,6.483892558639083e-07
[64],4,"lr=3e-05, wd=0.01",5,layer4_lr0.0001_hd128_wd0.01_cosine,"lr0.0001,wd0.01",798294252.4443321,0.0015965885306818083
[64],4,"lr=3e-05, wd=0.01",5,layer4_lr0.0003_hd128_wd0.0_cosine,"lr0.0003,wd0.0",7670297929.468798,0.015340595884730739
[64],4,"lr=3e-05, wd=0.01",5,layer4_lr0.0003_hd128_wd0.01_cosine,"lr0.0003,wd0.01",246745784.84979108,0.0004934915954927262
[64],4,"lr=3e-05, wd=0.01",5,layer4_lr0.001_hd128_wd0.0_cosine,"lr0.001,wd0.0",15548519253.42984,0.031097038532652825
[64],4,"lr=3e-05, wd=0.01",5,layer4_lr0.001_hd128_wd0.01_cosine,"lr0.001,wd0.01",388225723.82888514,0.0007764514734509144
[64],4,"lr=3e-05, wd=0.01",5,layer4_lr0.003_hd128_wd0.0_cosine,"lr0.003,wd0.0",14667005312.37439,0.029334010650541923
[64],4,"lr=3e-05, wd=0.01",5,layer4_lr0.003_hd128_wd0.01_cosine,"lr0.003,wd0.01",5261844555.122102,0.010523689136037347
[64],4,"lr=3e-05, wd=0.01",10,layer4_lr1e-05_hd128_wd0.0_cosine,"lr1e-05,wd0.0",1477629844.2933724,0.002955259714379889
[64],4,"lr=3e-05, wd=0.01",10,layer4_lr1e-05_hd128_wd0.01_cosine,"lr1e-05,wd0.01",152371983.2200221,0.00030474399223318825
[64],4,"lr=3e-05, wd=0.01",10,layer4_lr3e-05_hd128_wd0.0_cosine,"lr3e-05,wd0.0",2266649615.361723,0.00453329925651659
[64],4,"lr=3e-05, wd=0.01",10,layer4_lr3e-05_hd128_wd0.01_cosine,"lr3e-05,wd0.01",148352868.12775847,0.000296705762048661
[64],4,"lr=3e-05, wd=0.01",10,layer4_lr0.0001_hd128_wd0.0_cosine,"lr0.0001,wd0.0",672331012.5145351,0.0013446620508222142
[64],4,"lr=3e-05, wd=0.01",10,layer4_lr0.0001_hd128_wd0.01_cosine,"lr0.0001,wd0.01",216324039.43140826,0.00043264810465596054
[64],4,"lr=3e-05, wd=0.01",10,layer4_lr0.0003_hd128_wd0.0_cosine,"lr0.0003,wd0.0",9060811292.090101,0.018121622609973347
[64],4,"lr=3e-05, wd=0.01",10,layer4_lr0.0003_hd128_wd0.01_cosine,"lr0.0003,wd0.01",17461920.386441886,3.492386656602782e-05
[64],4,"lr=3e-05, wd=0.01",10,layer4_lr0.001_hd128_wd0.0_cosine,"lr0.001,wd0.0",12458211349.009169,0.02491642272381148
[64],4,"lr=3e-05, wd=0.01",10,layer4_lr0.001_hd128_wd0.01_cosine,"lr0.001,wd0.01",546618837.4249597,0.0010932377006430633
[64],4,"lr=3e-05, wd=0.01",10,layer4_lr0.003_hd128_wd0.0_cosine,"lr0.003,wd0.0",6497792388.039803,0.01299558480187275
[64],4,"lr=3e-05, wd=0.01",10,layer4_lr0.003_hd128_wd0.01_cosine,"lr0.003,wd0.01",412948412.0510038,0.0008258968498951518
[64],4,"lr=3e-05, wd=0.01",20,layer4_lr1e-05_hd128_wd0.0_cosine,"lr1e-05,wd0.0",946124876.0017787,0.0018922497777967013
[64],4,"lr=3e-05, wd=0.01",20,layer4_lr1e-05_hd128_wd0.01_cosine,"lr1e-05,wd0.01",183548929.49272943,0.0003670978847786029
[64],4,"lr=3e-05, wd=0.01",20,layer4_lr3e-05_hd128_wd0.0_cosine,"lr3e-05,wd0.0",759094584.4271084,0.0015181891946473608
[64],4,"lr=3e-05, wd=0.01",20,layer4_lr3e-05_hd128_wd0.01_cosine,"lr3e-05,wd0.01",74253232.91056912,0.0001485064916142823
[64],4,"lr=3e-05, wd=0.01",20,layer4_lr0.0001_hd128_wd0.0_cosine,"lr0.0001,wd0.0",1558028566.5329428,0.00311605715885903
[64],4,"lr=3e-05, wd=0.01",20,layer4_lr0.0001_hd128_wd0.01_cosine,"lr0.0001,wd0.01",30992852.06557937,6.198572992430279e-05
[64],4,"lr=3e-05, wd=0.01",20,layer4_lr0.0003_hd128_wd0.0_cosine,"lr0.0003,wd0.0",8716297339.75551,0.017432594705304165
[64],4,"lr=3e-05, wd=0.01",20,layer4_lr0.0003_hd128_wd0.01_cosine,"lr0.0003,wd0.01",35610525.16199837,7.122107611714078e-05
[64],4,"lr=3e-05, wd=0.01",20,layer4_lr0.001_hd128_wd0.0_cosine,"lr0.001,wd0.0",11484226404.303873,0.02296845283440089
[64],4,"lr=3e-05, wd=0.01",20,layer4_lr0.001_hd128_wd0.01_cosine,"lr0.001,wd0.01",92441190.9916675,0.00018488240777647904
[64],4,"lr=3e-05, wd=0.01",20,layer4_lr0.003_hd128_wd0.0_cosine,"lr0.003,wd0.0",7257328521.914931,0.014514657069623007
[64],4,"lr=3e-05, wd=0.01",20,layer4_lr0.003_hd128_wd0.01_cosine,"lr0.003,wd0.01",7282007622.547463,0.01456401527088807
[64],4,"lr=3e-05, wd=0.01",50,layer4_lr1e-05_hd128_wd0.0_cosine,"lr1e-05,wd0.0",80435863.2327187,0.00016087175225858145
[64],4,"lr=3e-05, wd=0.01",50,layer4_lr1e-05_hd128_wd0.01_cosine,"lr1e-05,wd0.01",249979.88962793793,4.999855723999254e-07
[64],4,"lr=3e-05, wd=0.01",50,layer4_lr3e-05_hd128_wd0.0_cosine,"lr3e-05,wd0.0",33744801.09435183,6.74896279818477e-05
[64],4,"lr=3e-05, wd=0.01",50,layer4_lr3e-05_hd128_wd0.01_cosine,"lr3e-05,wd0.01",10775295.785047013,2.155061736323808e-05
[64],4,"lr=3e-05, wd=0.01",50,layer4_lr0.0001_hd128_wd0.0_cosine,"lr0.0001,wd0.0",884089474.6254332,0.0017681789750440104
[64],4,"lr=3e-05, wd=0.01",50,layer4_lr0.0001_hd128_wd0.01_cosine,"lr0.0001,wd0.01",5884875.73511334,1.176977726337073e-05
[64],4,"lr=3e-05, wd=0.01",50,layer4_lr0.0003_hd128_wd0.0_cosine,"lr0.0003,wd0.0",673368527.6925803,0.0013467370811783047
[64],4,"lr=3e-05, wd=0.01",50,layer4_lr0.0003_hd128_wd0.01_cosine,"lr0.0003,wd0.01",32160737.799466442,6.432150139207693e-05
[64],4,"lr=3e-05, wd=0.01",50,layer4_lr0.001_hd128_wd0.0_cosine,"lr0.001,wd0.0",3323059618.338019,0.006646119262469182
[64],4,"lr=3e-05, wd=0.01",50,layer4_lr0.001_hd128_wd0.01_cosine,"lr0.001,wd0.01",1237409776.125852,0.0024748195780448486
[64],4,"lr=3e-05, wd=0.01",50,layer4_lr0.003_hd128_wd0.0_cosine,"lr0.003,wd0.0",2892710701.48964,0.0057854214287724245
[64],4,"lr=3e-05, wd=0.01",50,layer4_lr0.003_hd128_wd0.01_cosine,"lr0.003,wd0.01",5183889497.646997,0.01036777902108714
[64],4,"lr=3e-05, wd=0.01",90,layer4_lr1e-05_hd128_wd0.0_cosine,"lr1e-05,wd0.0",152781.19639267132,3.055881859293922e-07
[64],4,"lr=3e-05, wd=0.01",90,layer4_lr1e-05_hd128_wd0.01_cosine,"lr1e-05,wd0.01",2617053.7985276505,5.23413339019935e-06
[64],4,"lr=3e-05, wd=0.01",90,layer4_lr3e-05_hd128_wd0.0_cosine,"lr3e-05,wd0.0",2491144.3365849135,4.982314466313876e-06
[64],4,"lr=3e-05, wd=0.01",90,layer4_lr3e-05_hd128_wd0.01_cosine,"lr3e-05,wd0.01",7682536.004710809,1.5365097802565667e-05
[64],4,"lr=3e-05, wd=0.01",90,layer4_lr0.0001_hd128_wd0.0_cosine,"lr0.0001,wd0.0",1310339.0986504774,2.620703990445004e-06
[64],4,"lr=3e-05, wd=0.01",90,layer4_lr0.0001_hd128_wd0.01_cosine,"lr0.0001,wd0.01",263194.27647716185,5.264143460983731e-07
[64],4,"lr=3e-05, wd=0.01",90,layer4_lr0.0003_hd128_wd0.0_cosine,"lr0.0003,wd0.0",43434032.62144337,8.686809103603079e-05
[64],4,"lr=3e-05, wd=0.01",90,layer4_lr0.0003_hd128_wd0.01_cosine,"lr0.0003,wd0.01",21243645.73297684,4.2487317259097725e-05
[64],4,"lr=3e-05, wd=0.01",90,layer4_lr0.001_hd128_wd0.0_cosine,"lr0.001,wd0.0",612349832.594364,0.001224699690981872
[64],4,"lr=3e-05, wd=0.01",90,layer4_lr0.001_hd128_wd0.01_cosine,"lr0.001,wd0.01",90670362.05049434,0.00018134074989413273
[64],4,"lr=3e-05, wd=0.01",90,layer4_lr0.003_hd128_wd0.0_cosine,"lr0.003,wd0.0",221666756.4296581,0.0004433335386524602
[64],4,"lr=3e-05, wd=0.01",90,layer4_lr0.003_hd128_wd0.01_cosine,"lr0.003,wd0.01",949504695.3721514,0.0018990094165374468
[64],5,"lr=1e-04, wd=0.0",0,layer4_lr1e-05_hd128_wd0.0_cosine,"lr1e-05,wd0.0",802885486.3063989,0.0016057709984059418
[64],5,"lr=1e-04, wd=0.0",0,layer4_lr1e-05_hd128_wd0.01_cosine,"lr1e-05,wd0.01",4221697208.612214,0.008443394443017572
[64],5,"lr=1e-04, wd=0.0",0,layer4_lr3e-05_hd128_wd0.0_cosine,"lr3e-05,wd0.0",46388410.18296212,9.277684615906829e-05
[64],5,"lr=1e-04, wd=0.0",0,layer4_lr3e-05_hd128_wd0.01_cosine,"lr3e-05,wd0.01",1398517856.7075603,0.0027970357392082647
[64],5,"lr=1e-04, wd=0.0",0,layer4_lr0.0001_hd128_wd0.0_cosine,"lr0.0001,wd0.0",274580589.2868102,0.0005491612043667646
[64],5,"lr=1e-04, wd=0.0",0,layer4_lr0.0001_hd128_wd0.01_cosine,"lr0.0001,wd0.01",424631585.0320117,0.0008492631958571675
[64],5,"lr=1e-04, wd=0.0",0,layer4_lr0.0003_hd128_wd0.0_cosine,"lr0.0003,wd0.0",4160287455.3457065,0.008320574936484557
[64],5,"lr=1e-04, wd=0.0",0,layer4_lr0.0003_hd128_wd0.01_cosine,"lr0.0003,wd0.01",283289885.47143465,0.0005665797967360134
[64],5,"lr=1e-04, wd=0.0",0,layer4_lr0.001_hd128_wd0.0_cosine,"lr0.001,wd0.0",7120430923.384575,0.014240861872562294
[64],5,"lr=1e-04, wd=0.0",0,layer4_lr0.001_hd128_wd0.01_cosine,"lr0.001,wd0.01",462398977.7912626,0.0009247979813756693
[64],5,"lr=1e-04, wd=0.0",0,layer4_lr0.003_hd128_wd0.0_cosine,"lr0.003,wd0.0",5824885894.356228,0.0116497718145056
[64],5,"lr=1e-04, wd=0.0",0,layer4_lr0.003_hd128_wd0.01_cosine,"lr0.003,wd0.01",1175074876.2679138,0.0023501497783289717
[64],5,"lr=1e-04, wd=0.0",5,layer4_lr1e-05_hd128_wd0.0_cosine,"lr1e-05,wd0.0",730097571.6980122,0.0014601951691891684
[64],5,"lr=1e-04, wd=0.0",5,layer4_lr1e-05_hd128_wd0.01_cosine,"lr1e-05,wd0.01",113526.44109017293,2.2707867532439538e-07
[64],5,"lr=1e-04, wd=0.0",5,layer4_lr3e-05_hd128_wd0.0_cosine,"lr3e-05,wd0.0",289365958.88440174,0.0005787319435619476
[64],5,"lr=1e-04, wd=0.0",5,layer4_lr3e-05_hd128_wd0.01_cosine,"lr3e-05,wd0.01",153806501.35387713,0.0003076130285008983
[64],5,"lr=1e-04, wd=0.0",5,layer4_lr0.0001_hd128_wd0.0_cosine,"lr0.0001,wd0.0",359982652.5810812,0.0007199653309553065
[64],5,"lr=1e-04, wd=0.0",5,layer4_lr0.0001_hd128_wd0.01_cosine,"lr0.0001,wd0.01",407832901.6390144,0.000815665829071173
[64],5,"lr=1e-04, wd=0.0",5,layer4_lr0.0003_hd128_wd0.0_cosine,"lr0.0003,wd0.0",5996773248.783506,0.011993546523360156
[64],5,"lr=1e-04, wd=0.0",5,layer4_lr0.0003_hd128_wd0.01_cosine,"lr0.0003,wd0.01",340114835.11933947,0.0006802296960318231
[64],5,"lr=1e-04, wd=0.0",5,layer4_lr0.001_hd128_wd0.0_cosine,"lr0.001,wd0.0",11488406014.26146,0.02297681205431606
[64],5,"lr=1e-04, wd=0.0",5,layer4_lr0.001_hd128_wd0.01_cosine,"lr0.001,wd0.01",321963323.0812111,0.0006439266719555662
[64],5,"lr=1e-04, wd=0.0",5,layer4_lr0.003_hd128_wd0.0_cosine,"lr0.003,wd0.0",8951274908.347225,0.017902549842487594
[64],5,"lr=1e-04, wd=0.0",5,layer4_lr0.003_hd128_wd0.01_cosine,"lr0.003,wd0.01",6160082952.383029,0.012320165930559202
[64],5,"lr=1e-04, wd=0.0",10,layer4_lr1e-05_hd128_wd0.0_cosine,"lr1e-05,wd0.0",1976086114.6446176,0.003952172255082379
[64],5,"lr=1e-04, wd=0.0",10,layer4_lr1e-05_hd128_wd0.01_cosine,"lr1e-05,wd0.01",1636921835.6791928,0.00327384369715153
[64],5,"lr=1e-04, wd=0.0",10,layer4_lr3e-05_hd128_wd0.0_cosine,"lr3e-05,wd0.0",320507633.49290544,0.0006410152927789549
[64],5,"lr=1e-04, wd=0.0",10,layer4_lr3e-05_hd128_wd0.01_cosine,"lr3e-05,wd0.01",71007773.48420814,0.00014201557276156032
[64],5,"lr=1e-04, wd=0.0",10,layer4_lr0.0001_hd128_wd0.0_cosine,"lr0.0001,wd0.0",471293209.87695867,0.0009425864455470614
[64],5,"lr=1e-04, wd=0.0",10,layer4_lr0.0001_hd128_wd0.01_cosine,"lr0.0001,wd0.01",274199542.4195608,0.0005483991106322657
[64],5,"lr=1e-04, wd=0.0",10,layer4_lr0.0003_hd128_wd0.0_cosine,"lr0.0003,wd0.0",7133856209.99462,0.014267712445782385
[64],5,"lr=1e-04, wd=0.0",10,layer4_lr0.0003_hd128_wd0.01_cosine,"lr0.0003,wd0.01",124267378.85372116,0.00024853478350058637
[64],5,"lr=1e-04, wd=0.0",10,layer4_lr0.001_hd128_wd0.0_cosine,"lr0.001,wd0.0",11770953399.131071,0.023541906824055287
[64],5,"lr=1e-04, wd=0.0",10,layer4_lr0.001_hd128_wd0.01_cosine,"lr0.001,wd0.01",168698532.81040007,0.0003373970914139442
[64],5,"lr=1e-04, wd=0.0",10,layer4_lr0.003_hd128_wd0.0_cosine,"lr0.003,wd0.0",6255430162.814014,0.012510860351421174
[64],5,"lr=1e-04, wd=0.0",10,layer4_lr0.003_hd128_wd0.01_cosine,"lr0.003,wd0.01",364918272.4008296,0.0007298365705948033
[64],5,"lr=1e-04, wd=0.0",20,layer4_lr1e-05_hd128_wd0.0_cosine,"lr1e-05,wd0.0",277379685.76858914,0.0005547593973303223
[64],5,"lr=1e-04, wd=0.0",20,layer4_lr1e-05_hd128_wd0.01_cosine,"lr1e-05,wd0.01",64410083.45946762,0.0001288201927120793
[64],5,"lr=1e-04, wd=0.0",20,layer4_lr3e-05_hd128_wd0.0_cosine,"lr3e-05,wd0.0",236813061.30176356,0.0004736261483966712
[64],5,"lr=1e-04, wd=0.0",20,layer4_lr3e-05_hd128_wd0.01_cosine,"lr3e-05,wd0.01",-10.124414519698965,5.544315010121273e-12
[64],5,"lr=1e-04, wd=0.0",20,layer4_lr0.0001_hd128_wd0.0_cosine,"lr0.0001,wd0.0",680883525.3964953,0.0013617670765861346
[64],5,"lr=1e-04, wd=0.0",20,layer4_lr0.0001_hd128_wd0.01_cosine,"lr0.0001,wd0.01",42307877.10376322,8.461578000067049e-05
[64],5,"lr=1e-04, wd=0.0",20,layer4_lr0.0003_hd128_wd0.0_cosine,"lr0.0003,wd0.0",7986622876.483927,0.015973245778760997
[64],5,"lr=1e-04, wd=0.0",20,layer4_lr0.0003_hd128_wd0.01_cosine,"lr0.0003,wd0.01",69893366.12090366,0.00013978675803495136
[64],5,"lr=1e-04, wd=0.0",20,layer4_lr0.001_hd128_wd0.0_cosine,"lr0.001,wd0.0",10708234524.335447,0.02141646907446404
[64],5,"lr=1e-04, wd=0.0",20,layer4_lr0.001_hd128_wd0.01_cosine,"lr0.001,wd0.01",284001389.06098396,0.000568002803915112
[64],5,"lr=1e-04, wd=0.0",20,layer4_lr0.003_hd128_wd0.0_cosine,"lr0.003,wd0.0",6081057951.809146,0.012162115929411436
[64],5,"lr=1e-04, wd=0.0",20,layer4_lr0.003_hd128_wd0.01_cosine,"lr0.003,wd0.01",4029682874.4461775,0.008059365774685499
[64],5,"lr=1e-04, wd=0.0",50,layer4_lr1e-05_hd128_wd0.0_cosine,"lr1e-05,wd0.0",1111284.3814684923,2.2225945560810342e-06
[64],5,"lr=1e-04, wd=0.0",50,layer4_lr1e-05_hd128_wd0.01_cosine,"lr1e-05,wd0.01",37190635.42992182,7.438129665298769e-05
[64],5,"lr=1e-04, wd=0.0",50,layer4_lr3e-05_hd128_wd0.0_cosine,"lr3e-05,wd0.0",15614433.149467386,3.1228892092078824e-05
[64],5,"lr=1e-04, wd=0.0",50,layer4_lr3e-05_hd128_wd0.01_cosine,"lr3e-05,wd0.01",2014775.9332942653,4.02957765973258e-06
[64],5,"lr=1e-04, wd=0.0",50,layer4_lr0.0001_hd128_wd0.0_cosine,"lr0.0001,wd0.0",764664241.5913813,0.0015293285089759065
[64],5,"lr=1e-04, wd=0.0",50,layer4_lr0.0001_hd128_wd0.01_cosine,"lr0.0001,wd0.01",35763657.35039113,7.15273404939263e-05
[64],5,"lr=1e-04, wd=0.0",50,layer4_lr0.0003_hd128_wd0.0_cosine,"lr0.0003,wd0.0",2808223142.7693925,0.005616446311331929
[64],5,"lr=1e-04, wd=0.0",50,layer4_lr0.0003_hd128_wd0.01_cosine,"lr0.0003,wd0.01",88691551.54381861,0.00017738312888078127
[64],5,"lr=1e-04, wd=0.0",50,layer4_lr0.001_hd128_wd0.0_cosine,"lr0.001,wd0.0",61014129.23203476,0.00012202828425721356
[64],5,"lr=1e-04, wd=0.0",50,layer4_lr0.001_hd128_wd0.01_cosine,"lr0.001,wd0.01",1319214876.7010045,0.002638429779195153
[64],5,"lr=1e-04, wd=0.0",50,layer4_lr0.003_hd128_wd0.0_cosine,"lr0.003,wd0.0",2484065585.024755,0.004968131195842654
[64],5,"lr=1e-04, wd=0.0",50,layer4_lr0.003_hd128_wd0.01_cosine,"lr0.003,wd0.01",4316544174.397199,0.008633088374587542
[64],5,"lr=1e-04, wd=0.0",90,layer4_lr1e-05_hd128_wd0.0_cosine,"lr1e-05,wd0.0",22669811.458096527,4.53396487093371e-05
[64],5,"lr=1e-04, wd=0.0",90,layer4_lr1e-05_hd128_wd0.01_cosine,"lr1e-05,wd0.01",9703076.787641965,1.940617936842798e-05
[64],5,"lr=1e-04, wd=0.0",90,layer4_lr3e-05_hd128_wd0.0_cosine,"lr3e-05,wd0.0",6035147.094271803,1.2070319981687656e-05
[64],5,"lr=1e-04, wd=0.0",90,layer4_lr3e-05_hd128_wd0.01_cosine,"lr3e-05,wd0.01",18010.58788083862,3.6046968905726753e-08
[64],5,"lr=1e-04, wd=0.0",90,layer4_lr0.0001_hd128_wd0.0_cosine,"lr0.0001,wd0.0",211205457.2522233,0.0004224109402975907
[64],5,"lr=1e-04, wd=0.0",90,layer4_lr0.0001_hd128_wd0.01_cosine,"lr0.0001,wd0.01",5249617.047617973,1.0499259888379994e-05
[64],5,"lr=1e-04, wd=0.0",90,layer4_lr0.0003_hd128_wd0.0_cosine,"lr0.0003,wd0.0",31182565.560958415,6.236515691506088e-05
[64],5,"lr=1e-04, wd=0.0",90,layer4_lr0.0003_hd128_wd0.01_cosine,"lr0.0003,wd0.01",73872975.55922663,0.00014774597691159731
[64],5,"lr=1e-04, wd=0.0",90,layer4_lr0.001_hd128_wd0.0_cosine,"lr0.001,wd0.0",306622121.4725451,0.0006132442687382342
[64],5,"lr=1e-04, wd=0.0",90,layer4_lr0.001_hd128_wd0.01_cosine,"lr0.001,wd0.01",203067512.93948996,0.00040613505167212395
[64],5,"lr=1e-04, wd=0.0",90,layer4_lr0.003_hd128_wd0.0_cosine,"lr0.003,wd0.0",58473832.12029019,0.00011694769003372442
[64],5,"lr=1e-04, wd=0.0",90,layer4_lr0.003_hd128_wd0.01_cosine,"lr0.003,wd0.01",408453758.78612405,0.0008169075433653921
[64],6,"lr=1e-04, wd=0.01",0,layer4_lr1e-05_hd128_wd0.0_cosine,"lr1e-05,wd0.0",19296613.68653739,3.8593253166218825e-05
[64],6,"lr=1e-04, wd=0.01",0,layer4_lr1e-05_hd128_wd0.01_cosine,"lr1e-05,wd0.01",979479027.9028867,0.0019589580815989175
[64],6,"lr=1e-04, wd=0.01",0,layer4_lr3e-05_hd128_wd0.0_cosine,"lr3e-05,wd0.0",1800882186.5726504,0.003601764398938445
[64],6,"lr=1e-04, wd=0.01",0,layer4_lr3e-05_hd128_wd0.01_cosine,"lr3e-05,wd0.01",2701040.0512560406,5.402105895656131e-06
[64],6,"lr=1e-04, wd=0.01",0,layer4_lr0.0001_hd128_wd0.0_cosine,"lr0.0001,wd0.0",431237642.57490575,0.0008624753109429555
[64],6,"lr=1e-04, wd=0.01",0,layer4_lr0.0001_hd128_wd0.01_cosine,"lr0.0001,wd0.01",236847189.2956926,0.0004736944043845292
[64],6,"lr=1e-04, wd=0.01",0,layer4_lr0.0003_hd128_wd0.0_cosine,"lr0.0003,wd0.0",782462081.0680972,0.0015649241879293384
[64],6,"lr=1e-04, wd=0.01",0,layer4_lr0.0003_hd128_wd0.01_cosine,"lr0.0003,wd0.01",347993316.70687604,0.0006959866592068962
[64],6,"lr=1e-04, wd=0.01",0,layer4_lr0.001_hd128_wd0.0_cosine,"lr0.001,wd0.0",2571798484.123137,0.005143596994039418
[64],6,"lr=1e-04, wd=0.01",0,layer4_lr0.001_hd128_wd0.01_cosine,"lr0.001,wd0.01",155829495.5823366,0.00031165901695781725
[64],6,"lr=1e-04, wd=0.01",0,layer4_lr0.003_hd128_wd0.0_cosine,"lr0.003,wd0.0",2013694360.2848022,0.004027388746362748
[64],6,"lr=1e-04, wd=0.01",0,layer4_lr0.003_hd128_wd0.01_cosine,"lr0.003,wd0.01",3144893.6067164834,6.289813006577016e-06
[64],6,"lr=1e-04, wd=0.01",5,layer4_lr1e-05_hd128_wd0.0_cosine,"lr1e-05,wd0.0",2533495482.8775253,0.005066990991548195
[64],6,"lr=1e-04, wd=0.01",5,layer4_lr1e-05_hd128_wd0.01_cosine,"lr1e-05,wd0.01",307801281.4911872,0.0006156025887755185
[64],6,"lr=1e-04, wd=0.01",5,layer4_lr3e-05_hd128_wd0.0_cosine,"lr3e-05,wd0.0",2518039852.922103,0.00503607973163735
[64],6,"lr=1e-04, wd=0.01",5,layer4_lr3e-05_hd128_wd0.01_cosine,"lr3e-05,wd0.01",155141767.62907445,0.00031028356105129295
[64],6,"lr=1e-04, wd=0.01",5,layer4_lr0.0001_hd128_wd0.0_cosine,"lr0.0001,wd0.0",79416690.98540667,0.00015883340776395738
[64],6,"lr=1e-04, wd=0.01",5,layer4_lr0.0001_hd128_wd0.01_cosine,"lr0.0001,wd0.01",193998521.62904385,0.00038799706905123175
[64],6,"lr=1e-04, wd=0.01",5,layer4_lr0.0003_hd128_wd0.0_cosine,"lr0.0003,wd0.0",5311905789.157902,0.010623811604108947
[64],6,"lr=1e-04, wd=0.01",5,layer4_lr0.0003_hd128_wd0.01_cosine,"lr0.0003,wd0.01",153767553.00058946,0.00030753513179432296
[64],6,"lr=1e-04, wd=0.01",5,layer4_lr0.001_hd128_wd0.0_cosine,"lr0.001,wd0.0",11878705440.27654,0.023757410906346227
[64],6,"lr=1e-04, wd=0.01",5,layer4_lr0.001_hd128_wd0.01_cosine,"lr0.001,wd0.01",94512256.49706766,0.00018902453878727937
[64],6,"lr=1e-04, wd=0.01",5,layer4_lr0.003_hd128_wd0.0_cosine,"lr0.003,wd0.0",8695083243.015163,0.01739016651182347
[64],6,"lr=1e-04, wd=0.01",5,layer4_lr0.003_hd128_wd0.01_cosine,"lr0.003,wd0.01",6678027758.362372,0.013356055542517889
[64],6,"lr=1e-04, wd=0.01",10,layer4_lr1e-05_hd128_wd0.0_cosine,"lr1e-05,wd0.0",2449021072.605517,0.004898042171004178
[64],6,"lr=1e-04, wd=0.01",10,layer4_lr1e-05_hd128_wd0.01_cosine,"lr1e-05,wd0.01",1291022932.721145,0.0025820458912354342
[64],6,"lr=1e-04, wd=0.01",10,layer4_lr3e-05_hd128_wd0.0_cosine,"lr3e-05,wd0.0",1583811079.4835482,0.0031676221847602407
[64],6,"lr=1e-04, wd=0.01",10,layer4_lr3e-05_hd128_wd0.01_cosine,"lr3e-05,wd0.01",60535473.11104949,0.00012107097201524303
[64],6,"lr=1e-04, wd=0.01",10,layer4_lr0.0001_hd128_wd0.0_cosine,"lr0.0001,wd0.0",108399573.21402515,0.00021679917222119436
[64],6,"lr=1e-04, wd=0.01",10,layer4_lr0.0001_hd128_wd0.01_cosine,"lr0.0001,wd0.01",130130961.50652108,0.0002602619488061862
[64],6,"lr=1e-04, wd=0.01",10,layer4_lr0.0003_hd128_wd0.0_cosine,"lr0.0003,wd0.0",8254897531.275336,0.016509795088343816
[64],6,"lr=1e-04, wd=0.01",10,layer4_lr0.0003_hd128_wd0.01_cosine,"lr0.0003,wd0.01",135233510.8751762,0.0002704670475434964
[64],6,"lr=1e-04, wd=0.01",10,layer4_lr0.001_hd128_wd0.0_cosine,"lr0.001,wd0.0",11503526929.058626,0.023007053883910396
[64],6,"lr=1e-04, wd=0.01",10,layer4_lr0.001_hd128_wd0.01_cosine,"lr0.001,wd0.01",454793380.23765785,0.0009095867862684598
[64],6,"lr=1e-04, wd=0.01",10,layer4_lr0.003_hd128_wd0.0_cosine,"lr0.003,wd0.0",5574240832.893031,0.011148481691579207
[64],6,"lr=1e-04, wd=0.01",10,layer4_lr0.003_hd128_wd0.01_cosine,"lr0.003,wd0.01",1580895685.150641,0.003161791396094426
[64],6,"lr=1e-04, wd=0.01",20,layer4_lr1e-05_hd128_wd0.0_cosine,"lr1e-05,wd0.0",357302308.74940556,0.0007146046432919552
[64],6,"lr=1e-04, wd=0.01",20,layer4_lr1e-05_hd128_wd0.01_cosine,"lr1e-05,wd0.01",25442901.94625139,5.0885829685646824e-05
[64],6,"lr=1e-04, wd=0.01",20,layer4_lr3e-05_hd128_wd0.0_cosine,"lr3e-05,wd0.0",467230369.8745357,0.0009344607655422155
[64],6,"lr=1e-04, wd=0.01",20,layer4_lr3e-05_hd128_wd0.01_cosine,"lr3e-05,wd0.01",21714658.5033965,4.3429342799937044e-05
[64],6,"lr=1e-04, wd=0.01",20,layer4_lr0.0001_hd128_wd0.0_cosine,"lr0.0001,wd0.0",1283457644.097362,0.002566915313987868
[64],6,"lr=1e-04, wd=0.01",20,layer4_lr0.0001_hd128_wd0.01_cosine,"lr0.0001,wd0.01",58961242.79756572,0.00011792251138827549
[64],6,"lr=1e-04, wd=0.01",20,layer4_lr0.0003_hd128_wd0.0_cosine,"lr0.0003,wd0.0",8526967558.666862,0.017053935143126867
[64],6,"lr=1e-04, wd=0.01",20,layer4_lr0.0003_hd128_wd0.01_cosine,"lr0.0003,wd0.01",170615595.38595846,0.00034123121656506097
[64],6,"lr=1e-04, wd=0.01",20,layer4_lr0.001_hd128_wd0.0_cosine,"lr0.001,wd0.0",10592161351.427662,0.021184322728648466
[64],6,"lr=1e-04, wd=0.01",20,layer4_lr0.001_hd128_wd0.01_cosine,"lr0.001,wd0.01",652670744.3948978,0.0013053415145829396
[64],6,"lr=1e-04, wd=0.01",20,layer4_lr0.003_hd128_wd0.0_cosine,"lr0.003,wd0.0",6262958375.258332,0.012525916776309808
[64],6,"lr=1e-04, wd=0.01",20,layer4_lr0.003_hd128_wd0.01_cosine,"lr0.003,wd0.01",4563694303.665418,0.009127388633123979
[64],6,"lr=1e-04, wd=0.01",50,layer4_lr1e-05_hd128_wd0.0_cosine,"lr1e-05,wd0.0",1309849.4370447942,2.619724667233638e-06
[64],6,"lr=1e-04, wd=0.01",50,layer4_lr1e-05_hd128_wd0.01_cosine,"lr1e-05,wd0.01",25259018.20178856,5.051806219672117e-05
[64],6,"lr=1e-04, wd=0.01",50,layer4_lr3e-05_hd128_wd0.0_cosine,"lr3e-05,wd0.0",2891744.0960153327,5.783513985174714e-06
[64],6,"lr=1e-04, wd=0.01",50,layer4_lr3e-05_hd128_wd0.01_cosine,"lr3e-05,wd0.01",271396.27462299925,5.428183423900479e-07
[64],6,"lr=1e-04, wd=0.01",50,layer4_lr0.0001_hd128_wd0.0_cosine,"lr0.0001,wd0.0",547321160.080843,0.00109464234595483
[64],6,"lr=1e-04, wd=0.01",50,layer4_lr0.0001_hd128_wd0.01_cosine,"lr0.0001,wd0.01",29410705.982159156,5.882143775746236e-05
[64],6,"lr=1e-04, wd=0.01",50,layer4_lr0.0003_hd128_wd0.0_cosine,"lr0.0003,wd0.0",1378071586.8612814,0.002756143199515707
[64],6,"lr=1e-04, wd=0.01",50,layer4_lr0.0003_hd128_wd0.01_cosine,"lr0.0003,wd0.01",146500206.8523233,0.0002930004394977906
[64],6,"lr=1e-04, wd=0.01",50,layer4_lr0.001_hd128_wd0.0_cosine,"lr0.001,wd0.0",30512957.5329844,6.102594085911284e-05
[64],6,"lr=1e-04, wd=0.01",50,layer4_lr0.001_hd128_wd0.01_cosine,"lr0.001,wd0.01",1442967622.6603122,0.0028859352711137687
[64],6,"lr=1e-04, wd=0.01",50,layer4_lr0.003_hd128_wd0.0_cosine,"lr0.003,wd0.0",2911522983.9310284,0.005823045993655201
[64],6,"lr=1e-04, wd=0.01",50,layer4_lr0.003_hd128_wd0.01_cosine,"lr0.003,wd0.01",4765726154.238139,0.009531452334269422
[64],6,"lr=1e-04, wd=0.01",90,layer4_lr1e-05_hd128_wd0.0_cosine,"lr1e-05,wd0.0",25841760.11555612,5.1683546024256286e-05
[64],6,"lr=1e-04, wd=0.01",90,layer4_lr1e-05_hd128_wd0.01_cosine,"lr1e-05,wd0.01",6932076.220622115,1.3864178234388279e-05
[64],6,"lr=1e-04, wd=0.01",90,layer4_lr3e-05_hd128_wd0.0_cosine,"lr3e-05,wd0.0",3571705.860201631,7.143437513547311e-06
[64],6,"lr=1e-04, wd=0.01",90,layer4_lr3e-05_hd128_wd0.01_cosine,"lr3e-05,wd0.01",1559.035697310972,3.143864538671463e-09
[64],6,"lr=1e-04, wd=0.01",90,layer4_lr0.0001_hd128_wd0.0_cosine,"lr0.0001,wd0.0",8051829.512132258,1.6103684817408565e-05
[64],6,"lr=1e-04, wd=0.01",90,layer4_lr0.0001_hd128_wd0.01_cosine,"lr0.0001,wd0.01",20658189.786958635,4.131640536706132e-05
[64],6,"lr=1e-04, wd=0.01",90,layer4_lr0.0003_hd128_wd0.0_cosine,"lr0.0003,wd0.0",5546522.304477884,1.1093070402099818e-05
[64],6,"lr=1e-04, wd=0.01",90,layer4_lr0.0003_hd128_wd0.01_cosine,"lr0.0003,wd0.01",110393536.14942105,0.00022078709809198615
[64],6,"lr=1e-04, wd=0.01",90,layer4_lr0.001_hd128_wd0.0_cosine,"lr0.001,wd0.0",238421861.4186631,0.0004768437486304703
[64],6,"lr=1e-04, wd=0.01",90,layer4_lr0.001_hd128_wd0.01_cosine,"lr0.001,wd0.01",433213539.03136265,0.0008664271038558695
[64],6,"lr=1e-04, wd=0.01",90,layer4_lr0.003_hd128_wd0.0_cosine,"lr0.003,wd0.0",33106900.005327694,6.621382580379943e-05
[64],6,"lr=1e-04, wd=0.01",90,layer4_lr0.003_hd128_wd0.01_cosine,"lr0.003,wd0.01",701421042.2876297,0.0014028421103684035
[64],7,"lr=3e-04, wd=0.0",0,layer4_lr1e-05_hd128_wd0.0_cosine,"lr1e-05,wd0.0",34544505.848152906,6.908903748944986e-05
[64],7,"lr=3e-04, wd=0.0",0,layer4_lr1e-05_hd128_wd0.01_cosine,"lr1e-05,wd0.01",1790518873.9389594,0.003581037773671063
[64],7,"lr=3e-04, wd=0.0",0,layer4_lr3e-05_hd128_wd0.0_cosine,"lr3e-05,wd0.0",1052894438.3581191,0.0021057889025093823
[64],7,"lr=3e-04, wd=0.0",0,layer4_lr3e-05_hd128_wd0.01_cosine,"lr3e-05,wd0.01",128305196.02507518,0.0002566104178432944
[64],7,"lr=3e-04, wd=0.0",0,layer4_lr0.0001_hd128_wd0.0_cosine,"lr0.0001,wd0.0",75994096.77591951,0.00015198821934498308
[64],7,"lr=3e-04, wd=0.0",0,layer4_lr0.0001_hd128_wd0.01_cosine,"lr0.0001,wd0.01",24933454.75313093,4.986693529940591e-05
[64],7,"lr=3e-04, wd=0.0",0,layer4_lr0.0003_hd128_wd0.0_cosine,"lr0.0003,wd0.0",1773480064.6380377,0.0035469601550692197
[64],7,"lr=3e-04, wd=0.0",0,layer4_lr0.0003_hd128_wd0.01_cosine,"lr0.0003,wd0.01",40389440.42612373,8.077890664539151e-05
[64],7,"lr=3e-04, wd=0.0",0,layer4_lr0.001_hd128_wd0.0_cosine,"lr0.001,wd0.0",4030441265.0711427,0.00806088255593543
[64],7,"lr=3e-04, wd=0.0",0,layer4_lr0.001_hd128_wd0.01_cosine,"lr0.001,wd0.01",1345948.4063188175,2.6919226057816845e-06
[64],7,"lr=3e-04, wd=0.0",0,layer4_lr0.003_hd128_wd0.0_cosine,"lr0.003,wd0.0",2814308246.099895,0.0056286165179929345
[64],7,"lr=3e-04, wd=0.0",0,layer4_lr0.003_hd128_wd0.01_cosine,"lr0.003,wd0.01",80504770.1367355,0.00016100956606661504
[64],7,"lr=3e-04, wd=0.0",5,layer4_lr1e-05_hd128_wd0.0_cosine,"lr1e-05,wd0.0",10534946072.927176,0.021069892171647495
[64],7,"lr=3e-04, wd=0.0",5,layer4_lr1e-05_hd128_wd0.01_cosine,"lr1e-05,wd0.01",5294117764.724659,0.010588235555242463
[64],7,"lr=3e-04, wd=0.0",5,layer4_lr3e-05_hd128_wd0.0_cosine,"lr3e-05,wd0.0",2549837773.1366343,0.005099675572066413
[64],7,"lr=3e-04, wd=0.0",5,layer4_lr3e-05_hd128_wd0.01_cosine,"lr3e-05,wd0.01",638462417.9409025,0.0012769248616749489
[64],7,"lr=3e-04, wd=0.0",5,layer4_lr0.0001_hd128_wd0.0_cosine,"lr0.0001,wd0.0",245846942.42611468,0.0004916939106453734
[64],7,"lr=3e-04, wd=0.0",5,layer4_lr0.0001_hd128_wd0.01_cosine,"lr0.0001,wd0.01",497643706.79313755,0.0009952874393794192
[64],7,"lr=3e-04, wd=0.0",5,layer4_lr0.0003_hd128_wd0.0_cosine,"lr0.0003,wd0.0",1901667807.719008,0.0038033356412311603
[64],7,"lr=3e-04, wd=0.0",5,layer4_lr0.0003_hd128_wd0.01_cosine,"lr0.0003,wd0.01",195555107.1103758,0.0003911102400138956
[64],7,"lr=3e-04, wd=0.0",5,layer4_lr0.001_hd128_wd0.0_cosine,"lr0.001,wd0.0",4416866088.617229,0.008833732203027602
[64],7,"lr=3e-04, wd=0.0",5,layer4_lr0.001_hd128_wd0.01_cosine,"lr0.001,wd0.01",463290998.60583997,0.000926582023004824
[64],7,"lr=3e-04, wd=0.0",5,layer4_lr0.003_hd128_wd0.0_cosine,"lr0.003,wd0.0",2617923920.9849777,0.005235847867763099
[64],7,"lr=3e-04, wd=0.0",5,layer4_lr0.003_hd128_wd0.01_cosine,"lr0.003,wd0.01",10069383353.533192,0.020138766732859525
[64],7,"lr=3e-04, wd=0.0",10,layer4_lr1e-05_hd128_wd0.0_cosine,"lr1e-05,wd0.0",8550413868.162549,0.017100827762118243
[64],7,"lr=3e-04, wd=0.0",10,layer4_lr1e-05_hd128_wd0.01_cosine,"lr1e-05,wd0.01",7970190800.629993,0.01594038162705313
[64],7,"lr=3e-04, wd=0.0",10,layer4_lr3e-05_hd128_wd0.0_cosine,"lr3e-05,wd0.0",2264086591.983749,0.004528173209760642
[64],7,"lr=3e-04, wd=0.0",10,layer4_lr3e-05_hd128_wd0.01_cosine,"lr3e-05,wd0.01",420505735.62096,0.0008410114970350641
[64],7,"lr=3e-04, wd=0.0",10,layer4_lr0.0001_hd128_wd0.0_cosine,"lr0.0001,wd0.0",150209331.54262164,0.0003004186888783873
[64],7,"lr=3e-04, wd=0.0",10,layer4_lr0.0001_hd128_wd0.01_cosine,"lr0.0001,wd0.01",581540026.8223553,0.0011630800794378544
[64],7,"lr=3e-04, wd=0.0",10,layer4_lr0.0003_hd128_wd0.0_cosine,"lr0.0003,wd0.0",2059850704.3326607,0.004119701434458466
[64],7,"lr=3e-04, wd=0.0",10,layer4_lr0.0003_hd128_wd0.01_cosine,"lr0.0003,wd0.01",618638560.6397647,0.0012372771470726732
[64],7,"lr=3e-04, wd=0.0",10,layer4_lr0.001_hd128_wd0.0_cosine,"lr0.001,wd0.0",4707157630.613235,0.009414315287019614
[64],7,"lr=3e-04, wd=0.0",10,layer4_lr0.001_hd128_wd0.01_cosine,"lr0.001,wd0.01",949938715.2627239,0.0018998774563185918
[64],7,"lr=3e-04, wd=0.0",10,layer4_lr0.003_hd128_wd0.0_cosine,"lr0.003,wd0.0",2503586427.3402348,0.005007172880473614
[64],7,"lr=3e-04, wd=0.0",10,layer4_lr0.003_hd128_wd0.01_cosine,"lr0.003,wd0.01",1851651835.6787627,0.0037033036971506695
[64],7,"lr=3e-04, wd=0.0",20,layer4_lr1e-05_hd128_wd0.0_cosine,"lr1e-05,wd0.0",1138676973.6165228,0.0022773539730261898
[64],7,"lr=3e-04, wd=0.0",20,layer4_lr1e-05_hd128_wd0.01_cosine,"lr1e-05,wd0.01",432376862.94584817,0.0008647537516848405
[64],7,"lr=3e-04, wd=0.0",20,layer4_lr3e-05_hd128_wd0.0_cosine,"lr3e-05,wd0.0",1035634841.5888355,0.002071269708970815
[64],7,"lr=3e-04, wd=0.0",20,layer4_lr3e-05_hd128_wd0.01_cosine,"lr3e-05,wd0.01",561133912.785777,0.0011222678513646979
[64],7,"lr=3e-04, wd=0.0",20,layer4_lr0.0001_hd128_wd0.0_cosine,"lr0.0001,wd0.0",47411468.64850352,9.482296309015108e-05
[64],7,"lr=3e-04, wd=0.0",20,layer4_lr0.0001_hd128_wd0.01_cosine,"lr0.0001,wd0.01",385113007.9297909,0.0007702260416527259
[64],7,"lr=3e-04, wd=0.0",20,layer4_lr0.0003_hd128_wd0.0_cosine,"lr0.0003,wd0.0",2285769259.5589585,0.004571538544911062
[64],7,"lr=3e-04, wd=0.0",20,layer4_lr0.0003_hd128_wd0.01_cosine,"lr0.0003,wd0.01",931825760.000565,0.0018636515457942742
[64],7,"lr=3e-04, wd=0.0",20,layer4_lr0.001_hd128_wd0.0_cosine,"lr0.001,wd0.0",4907891129.861703,0.00981578228551655
[64],7,"lr=3e-04, wd=0.0",20,layer4_lr0.001_hd128_wd0.01_cosine,"lr0.001,wd0.01",1105394435.273376,0.002210788896339896
[64],7,"lr=3e-04, wd=0.0",20,layer4_lr0.003_hd128_wd0.0_cosine,"lr0.003,wd0.0",2809613581.4565706,0.005619227188706285
[64],7,"lr=3e-04, wd=0.0",20,layer4_lr0.003_hd128_wd0.01_cosine,"lr0.003,wd0.01",5299754093.687347,0.010599508213167838
[64],7,"lr=3e-04, wd=0.0",50,layer4_lr1e-05_hd128_wd0.0_cosine,"lr1e-05,wd0.0",17755930.359532688,3.551188651220942e-05
[64],7,"lr=3e-04, wd=0.0",50,layer4_lr1e-05_hd128_wd0.01_cosine,"lr1e-05,wd0.01",39639596.4557474,7.927921870463886e-05
[64],7,"lr=3e-04, wd=0.0",50,layer4_lr3e-05_hd128_wd0.0_cosine,"lr3e-05,wd0.0",55777030.71144613,0.0001115540872160363
[64],7,"lr=3e-04, wd=0.0",50,layer4_lr3e-05_hd128_wd0.01_cosine,"lr3e-05,wd0.01",15918208.812147357,3.1836443417438765e-05
[64],7,"lr=3e-04, wd=0.0",50,layer4_lr0.0001_hd128_wd0.0_cosine,"lr0.0001,wd0.0",136893.22834266518,2.738122498293799e-07
[64],7,"lr=3e-04, wd=0.0",50,layer4_lr0.0001_hd128_wd0.01_cosine,"lr0.0001,wd0.01",162114591.22621086,0.00032422920824556575
[64],7,"lr=3e-04, wd=0.0",50,layer4_lr0.0003_hd128_wd0.0_cosine,"lr0.0003,wd0.0",2285908778.2081456,0.004571817582209436
[64],7,"lr=3e-04, wd=0.0",50,layer4_lr0.0003_hd128_wd0.01_cosine,"lr0.0003,wd0.01",349712510.45849776,0.0006994250467101396
[64],7,"lr=3e-04, wd=0.0",50,layer4_lr0.001_hd128_wd0.0_cosine,"lr0.001,wd0.0",4250861266.4589553,0.008501722558711055
[64],7,"lr=3e-04, wd=0.0",50,layer4_lr0.001_hd128_wd0.01_cosine,"lr0.001,wd0.01",1700784048.1407592,0.0034015681220746627
[64],7,"lr=3e-04, wd=0.0",50,layer4_lr0.003_hd128_wd0.0_cosine,"lr0.003,wd0.0",1799208139.3643959,0.003598416304521936
[64],7,"lr=3e-04, wd=0.0",50,layer4_lr0.003_hd128_wd0.01_cosine,"lr0.003,wd0.01",4831601897.11225,0.009663203820017644
[64],7,"lr=3e-04, wd=0.0",90,layer4_lr1e-05_hd128_wd0.0_cosine,"lr1e-05,wd0.0",45986926.38944867,9.19738785720414e-05
[64],7,"lr=3e-04, wd=0.0",90,layer4_lr1e-05_hd128_wd0.01_cosine,"lr1e-05,wd0.01",15133317.495850056,3.0266660784844164e-05
[64],7,"lr=3e-04, wd=0.0",90,layer4_lr3e-05_hd128_wd0.0_cosine,"lr3e-05,wd0.0",553358.7770685875,1.1067433472812246e-06
[64],7,"lr=3e-04, wd=0.0",90,layer4_lr3e-05_hd128_wd0.01_cosine,"lr3e-05,wd0.01",326568.5452325016,6.531628836090526e-07
[64],7,"lr=3e-04, wd=0.0",90,layer4_lr0.0001_hd128_wd0.0_cosine,"lr0.0001,wd0.0",336744.56139966013,6.735149159433697e-07
[64],7,"lr=3e-04, wd=0.0",90,layer4_lr0.0001_hd128_wd0.01_cosine,"lr0.0001,wd0.01",12339838.451857667,2.4679702696859385e-05
[64],7,"lr=3e-04, wd=0.0",90,layer4_lr0.0003_hd128_wd0.0_cosine,"lr0.0003,wd0.0",1077503390.353459,0.002155006806500062
[64],7,"lr=3e-04, wd=0.0",90,layer4_lr0.0003_hd128_wd0.01_cosine,"lr0.0003,wd0.01",122572550.35021704,0.00024514512649357814
[64],7,"lr=3e-04, wd=0.0",90,layer4_lr0.001_hd128_wd0.0_cosine,"lr0.001,wd0.0",1700246299.459822,0.003400492624712788
[64],7,"lr=3e-04, wd=0.0",90,layer4_lr0.001_hd128_wd0.01_cosine,"lr0.001,wd0.01",184752491.0522817,0.00036950500789770745
[64],7,"lr=3e-04, wd=0.0",90,layer4_lr0.003_hd128_wd0.0_cosine,"lr0.003,wd0.0",607805648.0179944,0.0012156113218291327
[64],7,"lr=3e-04, wd=0.0",90,layer4_lr0.003_hd128_wd0.01_cosine,"lr0.003,wd0.01",338488400.77516466,0.0006769768273434734
[64],8,"lr=3e-04, wd=0.01",0,layer4_lr1e-05_hd128_wd0.0_cosine,"lr1e-05,wd0.0",113369821.93453877,0.0002267396696622216
[64],8,"lr=3e-04, wd=0.01",0,layer4_lr1e-05_hd128_wd0.01_cosine,"lr1e-05,wd0.01",2187163247.067385,0.0043743265199279145
[64],8,"lr=3e-04, wd=0.01",0,layer4_lr3e-05_hd128_wd0.0_cosine,"lr3e-05,wd0.0",938482090.8172127,0.0018769642074275693
[64],8,"lr=3e-04, wd=0.01",0,layer4_lr3e-05_hd128_wd0.01_cosine,"lr3e-05,wd0.01",166857087.5204008,0.00033371420083394565
[64],8,"lr=3e-04, wd=0.01",0,layer4_lr0.0001_hd128_wd0.0_cosine,"lr0.0001,wd0.0",156274717.60660225,0.00031254946100634857
[64],8,"lr=3e-04, wd=0.01",0,layer4_lr0.0001_hd128_wd0.01_cosine,"lr0.0001,wd0.01",73408010.9558427,0.00014681604770482945
[64],8,"lr=3e-04, wd=0.01",0,layer4_lr0.0003_hd128_wd0.0_cosine,"lr0.0003,wd0.0",1249366998.1265051,0.0024987340220461542
[64],8,"lr=3e-04, wd=0.01",0,layer4_lr0.0003_hd128_wd0.01_cosine,"lr0.0003,wd0.01",124669089.92448579,0.00024933820564211563
[64],8,"lr=3e-04, wd=0.01",0,layer4_lr0.001_hd128_wd0.0_cosine,"lr0.001,wd0.0",3411779964.6693683,0.006823559955131881
[64],8,"lr=3e-04, wd=0.01",0,layer4_lr0.001_hd128_wd0.01_cosine,"lr0.001,wd0.01",17199636.877538316,3.439929954822068e-05
[64],8,"lr=3e-04, wd=0.01",0,layer4_lr0.003_hd128_wd0.0_cosine,"lr0.003,wd0.0",2784485872.48343,0.005568971770760004
[64],8,"lr=3e-04, wd=0.01",0,layer4_lr0.003_hd128_wd0.01_cosine,"lr0.003,wd0.01",102554646.83289444,0.00020510931945893294
[64],8,"lr=3e-04, wd=0.01",5,layer4_lr1e-05_hd128_wd0.0_cosine,"lr1e-05,wd0.0",3668789299.276345,0.007337578624345834
[64],8,"lr=3e-04, wd=0.01",5,layer4_lr1e-05_hd128_wd0.01_cosine,"lr1e-05,wd0.01",1242944286.021744,0.002485888597836632
[64],8,"lr=3e-04, wd=0.01",5,layer4_lr3e-05_hd128_wd0.0_cosine,"lr3e-05,wd0.0",1132066671.367325,0.0022641333685277944
[64],8,"lr=3e-04, wd=0.01",5,layer4_lr3e-05_hd128_wd0.01_cosine,"lr3e-05,wd0.01",18247455.951813046,3.649493769677014e-05
[64],8,"lr=3e-04, wd=0.01",5,layer4_lr0.0001_hd128_wd0.0_cosine,"lr0.0001,wd0.0",1078578.372761447,2.1571825386669434e-06
[64],8,"lr=3e-04, wd=0.01",5,layer4_lr0.0001_hd128_wd0.01_cosine,"lr0.0001,wd0.01",136955309.14426312,0.00027391064408167025
[64],8,"lr=3e-04, wd=0.01",5,layer4_lr0.0003_hd128_wd0.0_cosine,"lr0.0003,wd0.0",5603586001.476354,0.01120717202874585
[64],8,"lr=3e-04, wd=0.01",5,layer4_lr0.0003_hd128_wd0.01_cosine,"lr0.0003,wd0.01",100131350.37899533,0.0002002627265511347
[64],8,"lr=3e-04, wd=0.01",5,layer4_lr0.001_hd128_wd0.0_cosine,"lr0.001,wd0.0",11502804125.097271,0.023005608275987684
[64],8,"lr=3e-04, wd=0.01",5,layer4_lr0.001_hd128_wd0.01_cosine,"lr0.001,wd0.01",81133471.1656369,0.00016226696812441784
[64],8,"lr=3e-04, wd=0.01",5,layer4_lr0.003_hd128_wd0.0_cosine,"lr0.003,wd0.0",8757532702.176538,0.01751506543014622
[64],8,"lr=3e-04, wd=0.01",5,layer4_lr0.003_hd128_wd0.01_cosine,"lr0.003,wd0.01",6797162452.49092,0.013594324930774985
[64],8,"lr=3e-04, wd=0.01",10,layer4_lr1e-05_hd128_wd0.0_cosine,"lr1e-05,wd0.0",2031812407.6643846,0.0040636248411219135
[64],8,"lr=3e-04, wd=0.01",10,layer4_lr1e-05_hd128_wd0.01_cosine,"lr1e-05,wd0.01",1520307001.323538,0.0030406140284402203
[64],8,"lr=3e-04, wd=0.01",10,layer4_lr3e-05_hd128_wd0.0_cosine,"lr3e-05,wd0.0",336502645.8045417,0.0006730053174022275
[64],8,"lr=3e-04, wd=0.01",10,layer4_lr3e-05_hd128_wd0.01_cosine,"lr3e-05,wd0.01",58956476.75957949,0.00011791297931230302
[64],8,"lr=3e-04, wd=0.01",10,layer4_lr0.0001_hd128_wd0.0_cosine,"lr0.0001,wd0.0",1120555612.4120452,0.0022411112506172345
[64],8,"lr=3e-04, wd=0.01",10,layer4_lr0.0001_hd128_wd0.01_cosine,"lr0.0001,wd0.01",20918532.967808638,4.183709172876132e-05
[64],8,"lr=3e-04, wd=0.01",10,layer4_lr0.0003_hd128_wd0.0_cosine,"lr0.0003,wd0.0",9220870378.423143,0.01844174078263943
[64],8,"lr=3e-04, wd=0.01",10,layer4_lr0.0003_hd128_wd0.01_cosine,"lr0.0003,wd0.01",70239653.61046366,0.00014047933301407136
[64],8,"lr=3e-04, wd=0.01",10,layer4_lr0.001_hd128_wd0.0_cosine,"lr0.001,wd0.0",12408725372.051426,0.024817450769895995
[64],8,"lr=3e-04, wd=0.01",10,layer4_lr0.001_hd128_wd0.01_cosine,"lr0.001,wd0.01",236178419.4305167,0.0004723568646541774
[64],8,"lr=3e-04, wd=0.01",10,layer4_lr0.003_hd128_wd0.0_cosine,"lr0.003,wd0.0",6930335308.017036,0.013860670641827217
[64],8,"lr=3e-04, wd=0.01",10,layer4_lr0.003_hd128_wd0.01_cosine,"lr0.003,wd0.01",1343745103.4781232,0.002687490232749391
[64],8,"lr=3e-04, wd=0.01",20,layer4_lr1e-05_hd128_wd0.0_cosine,"lr1e-05,wd0.0",23162355.20621913,4.63247362055823e-05
[64],8,"lr=3e-04, wd=0.01",20,layer4_lr1e-05_hd128_wd0.01_cosine,"lr1e-05,wd0.01",46386835.736820765,9.277369726678557e-05
[64],8,"lr=3e-04, wd=0.01",20,layer4_lr3e-05_hd128_wd0.0_cosine,"lr3e-05,wd0.0",2844531.966078399,5.689089725300848e-06
[64],8,"lr=3e-04, wd=0.01",20,layer4_lr3e-05_hd128_wd0.01_cosine,"lr3e-05,wd0.01",10599371.40266678,2.1198768598477607e-05
[64],8,"lr=3e-04, wd=0.01",20,layer4_lr0.0001_hd128_wd0.0_cosine,"lr0.0001,wd0.0",2952924794.552111,0.005905849614897367
[64],8,"lr=3e-04, wd=0.01",20,layer4_lr0.0001_hd128_wd0.01_cosine,"lr0.0001,wd0.01",9402805.656114822,1.8805637105373697e-05
[64],8,"lr=3e-04, wd=0.01",20,layer4_lr0.0003_hd128_wd0.0_cosine,"lr0.0003,wd0.0",8965077416.316454,0.017930154858426053
[64],8,"lr=3e-04, wd=0.01",20,layer4_lr0.0003_hd128_wd0.01_cosine,"lr0.0003,wd0.01",70427462.02536137,0.0001408549498438668
[64],8,"lr=3e-04, wd=0.01",20,layer4_lr0.001_hd128_wd0.0_cosine,"lr0.001,wd0.0",11207896630.000332,0.02241579328579381
[64],8,"lr=3e-04, wd=0.01",20,layer4_lr0.001_hd128_wd0.01_cosine,"lr0.001,wd0.01",426942175.01634455,0.0008538843758258332
[64],8,"lr=3e-04, wd=0.01",20,layer4_lr0.003_hd128_wd0.0_cosine,"lr0.003,wd0.0",7445239612.831007,0.014890479251455159
[64],8,"lr=3e-04, wd=0.01",20,layer4_lr0.003_hd128_wd0.01_cosine,"lr0.003,wd0.01",3207825951.609249,0.006415651929011642
[64],8,"lr=3e-04, wd=0.01",50,layer4_lr1e-05_hd128_wd0.0_cosine,"lr1e-05,wd0.0",126586760.83329974,0.00025317354745974354
[64],8,"lr=3e-04, wd=0.01",50,layer4_lr1e-05_hd128_wd0.01_cosine,"lr1e-05,wd0.01",154275308.93830222,0.00030855064366974846
[64],8,"lr=3e-04, wd=0.01",50,layer4_lr3e-05_hd128_wd0.0_cosine,"lr3e-05,wd0.0",69307011.7013889,0.00013861404919592184
[64],8,"lr=3e-04, wd=0.01",50,layer4_lr3e-05_hd128_wd0.01_cosine,"lr3e-05,wd0.01",36626717.82749353,7.325346144813111e-05
[64],8,"lr=3e-04, wd=0.01",50,layer4_lr0.0001_hd128_wd0.0_cosine,"lr0.0001,wd0.0",793455666.7088412,0.0015869113592108263
[64],8,"lr=3e-04, wd=0.01",50,layer4_lr0.0001_hd128_wd0.01_cosine,"lr0.0001,wd0.01",7035282.816189137,1.4070591425522323e-05
[64],8,"lr=3e-04, wd=0.01",50,layer4_lr0.0003_hd128_wd0.0_cosine,"lr0.0003,wd0.0",1985671796.0932589,0.003971343617979662
[64],8,"lr=3e-04, wd=0.01",50,layer4_lr0.0003_hd128_wd0.01_cosine,"lr0.0003,wd0.01",46399959.30025596,9.279994439365597e-05
[64],8,"lr=3e-04, wd=0.01",50,layer4_lr0.001_hd128_wd0.0_cosine,"lr0.001,wd0.0",1447636569.8453448,0.002895273165483834
[64],8,"lr=3e-04, wd=0.01",50,layer4_lr0.001_hd128_wd0.01_cosine,"lr0.001,wd0.01",1156932206.8458164,0.002313864439484777
[64],8,"lr=3e-04, wd=0.01",50,layer4_lr0.003_hd128_wd0.0_cosine,"lr0.003,wd0.0",3572635673.8163185,0.0071452713734257815
[64],8,"lr=3e-04, wd=0.01",50,layer4_lr0.003_hd128_wd0.01_cosine,"lr0.003,wd0.01",4011854617.6780505,0.008023709261149245
[64],8,"lr=3e-04, wd=0.01",90,layer4_lr1e-05_hd128_wd0.0_cosine,"lr1e-05,wd0.0",80521676.37533434,0.00016104337854381273
[64],8,"lr=3e-04, wd=0.01",90,layer4_lr1e-05_hd128_wd0.01_cosine,"lr1e-05,wd0.01",35030475.87026617,7.006097753367639e-05
[64],8,"lr=3e-04, wd=0.01",90,layer4_lr3e-05_hd128_wd0.0_cosine,"lr3e-05,wd0.0",25336050.59591079,5.0672126984965625e-05
[64],8,"lr=3e-04, wd=0.01",90,layer4_lr3e-05_hd128_wd0.01_cosine,"lr3e-05,wd0.01",12334200.864296913,2.466842752173788e-05
[64],8,"lr=3e-04, wd=0.01",90,layer4_lr0.0001_hd128_wd0.0_cosine,"lr0.0001,wd0.0",1086487.0521145787,2.1729998973732067e-06
[64],8,"lr=3e-04, wd=0.01",90,layer4_lr0.0001_hd128_wd0.01_cosine,"lr0.0001,wd0.01",1118993.0848843784,2.2380119629128063e-06
[64],8,"lr=3e-04, wd=0.01",90,layer4_lr0.0003_hd128_wd0.0_cosine,"lr0.0003,wd0.0",67421367.43603225,0.00013484276066520854
[64],8,"lr=3e-04, wd=0.01",90,layer4_lr0.0003_hd128_wd0.01_cosine,"lr0.0003,wd0.01",45180721.03992093,9.036146787298592e-05
[64],8,"lr=3e-04, wd=0.01",90,layer4_lr0.001_hd128_wd0.0_cosine,"lr0.001,wd0.0",53207647.55319405,0.00010641532089953216
[64],8,"lr=3e-04, wd=0.01",90,layer4_lr0.001_hd128_wd0.01_cosine,"lr0.001,wd0.01",370390169.8228842,0.0007407803654389124
[64],8,"lr=3e-04, wd=0.01",90,layer4_lr0.003_hd128_wd0.0_cosine,"lr0.003,wd0.0",75000224.65271987,0.00015000047509858378
[64],8,"lr=3e-04, wd=0.01",90,layer4_lr0.003_hd128_wd0.01_cosine,"lr0.003,wd0.01",604319423.6349437,0.0012086388730630313
[64],9,"lr=0.001, wd=0.0",0,layer4_lr1e-05_hd128_wd0.0_cosine,"lr1e-05,wd0.0",77729350.62657042,0.00015545872704628489
[64],9,"lr=0.001, wd=0.0",0,layer4_lr1e-05_hd128_wd0.01_cosine,"lr1e-05,wd0.01",811471647.7869169,0.0016229433213669777
[64],9,"lr=0.001, wd=0.0",0,layer4_lr3e-05_hd128_wd0.0_cosine,"lr3e-05,wd0.0",2741850818.5744166,0.005483701662941977
[64],9,"lr=0.001, wd=0.0",0,layer4_lr3e-05_hd128_wd0.01_cosine,"lr3e-05,wd0.01",61477979.04491432,0.00012295598388297268
[64],9,"lr=0.001, wd=0.0",0,layer4_lr0.0001_hd128_wd0.0_cosine,"lr0.0001,wd0.0",1209936033.203256,0.002419872092199656
[64],9,"lr=0.001, wd=0.0",0,layer4_lr0.0001_hd128_wd0.01_cosine,"lr0.0001,wd0.01",948330731.6416352,0.0018966614890764144
[64],9,"lr=0.001, wd=0.0",0,layer4_lr0.0003_hd128_wd0.0_cosine,"lr0.0003,wd0.0",210257324.57558265,0.00042051467494430935
[64],9,"lr=0.001, wd=0.0",0,layer4_lr0.0003_hd128_wd0.01_cosine,"lr0.0003,wd0.01",1090918321.117561,0.0021818366680282663
[64],9,"lr=0.001, wd=0.0",0,layer4_lr0.001_hd128_wd0.0_cosine,"lr0.001,wd0.0",1512376391.3985627,0.0030247528085902693
[64],9,"lr=0.001, wd=0.0",0,layer4_lr0.001_hd128_wd0.01_cosine,"lr0.001,wd0.01",620452077.5717278,0.0012409041809365994
[64],9,"lr=0.001, wd=0.0",0,layer4_lr0.003_hd128_wd0.0_cosine,"lr0.003,wd0.0",982396117.6090987,0.0019647922610113414
[64],9,"lr=0.001, wd=0.0",0,layer4_lr0.003_hd128_wd0.01_cosine,"lr0.003,wd0.01",157997535.43254173,0.0003159950966582275
[64],9,"lr=0.001, wd=0.0",5,layer4_lr1e-05_hd128_wd0.0_cosine,"lr1e-05,wd0.0",14521902536.961521,0.029043805099716186
[64],9,"lr=0.001, wd=0.0",5,layer4_lr1e-05_hd128_wd0.01_cosine,"lr1e-05,wd0.01",6031568183.602442,0.012063136392998027
[64],9,"lr=0.001, wd=0.0",5,layer4_lr3e-05_hd128_wd0.0_cosine,"lr3e-05,wd0.0",7278289743.025689,0.014556579511844522
[64],9,"lr=0.001, wd=0.0",5,layer4_lr3e-05_hd128_wd0.01_cosine,"lr3e-05,wd0.01",4808313949.448036,0.009616627924689217
[64],9,"lr=0.001, wd=0.0",5,layer4_lr0.0001_hd128_wd0.0_cosine,"lr0.0001,wd0.0",1542252869.7192652,0.0030845057652316744
[64],9,"lr=0.001, wd=0.0",5,layer4_lr0.0001_hd128_wd0.01_cosine,"lr0.0001,wd0.01",1728597192.5508044,0.003457194410894753
[64],9,"lr=0.001, wd=0.0",5,layer4_lr0.0003_hd128_wd0.0_cosine,"lr0.0003,wd0.0",184076285.88325456,0.00036815259755965313
[64],9,"lr=0.001, wd=0.0",5,layer4_lr0.0003_hd128_wd0.01_cosine,"lr0.0003,wd0.01",2212062424.0994363,0.0044241248739920165
[64],9,"lr=0.001, wd=0.0",5,layer4_lr0.001_hd128_wd0.0_cosine,"lr0.001,wd0.0",1657048433.29584,0.0033140968923848243
[64],9,"lr=0.001, wd=0.0",5,layer4_lr0.001_hd128_wd0.01_cosine,"lr0.001,wd0.01",1862847059.0716984,0.003725694143936541
[64],9,"lr=0.001, wd=0.0",5,layer4_lr0.003_hd128_wd0.0_cosine,"lr0.003,wd0.0",750859278.6977619,0.0015017185831886677
[64],9,"lr=0.001, wd=0.0",5,layer4_lr0.003_hd128_wd0.01_cosine,"lr0.003,wd0.01",13573201144.85948,0.027146402315512103
[64],9,"lr=0.001, wd=0.0",10,layer4_lr1e-05_hd128_wd0.0_cosine,"lr1e-05,wd0.0",6778742441.95159,0.013557484909696323
[64],9,"lr=0.001, wd=0.0",10,layer4_lr1e-05_hd128_wd0.01_cosine,"lr1e-05,wd0.01",5299318482.072907,0.010598636989938959
[64],9,"lr=0.001, wd=0.0",10,layer4_lr3e-05_hd128_wd0.0_cosine,"lr3e-05,wd0.0",5151077184.127267,0.010302154394047677
[64],9,"lr=0.001, wd=0.0",10,layer4_lr3e-05_hd128_wd0.01_cosine,"lr3e-05,wd0.01",2083713317.1940746,0.004167426660181293
[64],9,"lr=0.001, wd=0.0",10,layer4_lr0.0001_hd128_wd0.0_cosine,"lr0.0001,wd0.0",921070402.0122753,0.0018421408298176947
[64],9,"lr=0.001, wd=0.0",10,layer4_lr0.0001_hd128_wd0.01_cosine,"lr0.0001,wd0.01",1435960772.8011649,0.002871921571395474
[64],9,"lr=0.001, wd=0.0",10,layer4_lr0.0003_hd128_wd0.0_cosine,"lr0.0003,wd0.0",362123779.9447437,0.0007242475856826314
[64],9,"lr=0.001, wd=0.0",10,layer4_lr0.0003_hd128_wd0.01_cosine,"lr0.0003,wd0.01",1616300445.820941,0.003232600917435026
[64],9,"lr=0.001, wd=0.0",10,layer4_lr0.001_hd128_wd0.0_cosine,"lr0.001,wd0.0",1808333105.092047,0.003616666235977238
[64],9,"lr=0.001, wd=0.0",10,layer4_lr0.001_hd128_wd0.01_cosine,"lr0.001,wd0.01",1594432119.086535,0.003188864263966214
[64],9,"lr=0.001, wd=0.0",10,layer4_lr0.003_hd128_wd0.0_cosine,"lr0.003,wd0.0",628224814.1958238,0.0012564496541847916
[64],9,"lr=0.001, wd=0.0",10,layer4_lr0.003_hd128_wd0.01_cosine,"lr0.003,wd0.01",3385124040.8986254,0.0067702481075903945
[64],9,"lr=0.001, wd=0.0",20,layer4_lr1e-05_hd128_wd0.0_cosine,"lr1e-05,wd0.0",288128572.55275816,0.0005762571708986604
[64],9,"lr=0.001, wd=0.0",20,layer4_lr1e-05_hd128_wd0.01_cosine,"lr1e-05,wd0.01",22488862.722853072,4.497775123885019e-05
[64],9,"lr=0.001, wd=0.0",20,layer4_lr3e-05_hd128_wd0.0_cosine,"lr3e-05,wd0.0",1368839384.3466847,0.0027376787944865134
[64],9,"lr=0.001, wd=0.0",20,layer4_lr3e-05_hd128_wd0.01_cosine,"lr3e-05,wd0.01",1039073412.3551468,0.0020781468505034375
[64],9,"lr=0.001, wd=0.0",20,layer4_lr0.0001_hd128_wd0.0_cosine,"lr0.0001,wd0.0",548123955.049938,0.0010962479358930198
[64],9,"lr=0.001, wd=0.0",20,layer4_lr0.0001_hd128_wd0.01_cosine,"lr0.0001,wd0.01",1025199622.153968,0.00205039927010108
[64],9,"lr=0.001, wd=0.0",20,layer4_lr0.0003_hd128_wd0.0_cosine,"lr0.0003,wd0.0",626988079.706209,0.0012539761852055618
[64],9,"lr=0.001, wd=0.0",20,layer4_lr0.0003_hd128_wd0.01_cosine,"lr0.0003,wd0.01",1313023936.3868341,0.0026260478985668124
[64],9,"lr=0.001, wd=0.0",20,layer4_lr0.001_hd128_wd0.0_cosine,"lr0.001,wd0.0",1998020770.1817508,0.0039960415661566455
[64],9,"lr=0.001, wd=0.0",20,layer4_lr0.001_hd128_wd0.01_cosine,"lr0.001,wd0.01",1688065973.1591983,0.0033761319721115407
[64],9,"lr=0.001, wd=0.0",20,layer4_lr0.003_hd128_wd0.0_cosine,"lr0.003,wd0.0",717629818.0667237,0.0014352596619265914
[64],9,"lr=0.001, wd=0.0",20,layer4_lr0.003_hd128_wd0.01_cosine,"lr0.003,wd0.01",6275020992.858215,0.012550042011509575
[64],9,"lr=0.001, wd=0.0",50,layer4_lr1e-05_hd128_wd0.0_cosine,"lr1e-05,wd0.0",37590240.27622683,7.518050634559772e-05
[64],9,"lr=0.001, wd=0.0",50,layer4_lr1e-05_hd128_wd0.01_cosine,"lr1e-05,wd0.01",44210447.87212194,8.842092153738793e-05
[64],9,"lr=0.001, wd=0.0",50,layer4_lr3e-05_hd128_wd0.0_cosine,"lr3e-05,wd0.0",10014544.780905325,2.00291153549547e-05
[64],9,"lr=0.001, wd=0.0",50,layer4_lr3e-05_hd128_wd0.01_cosine,"lr3e-05,wd0.01",3977938.1687477115,7.955902130639472e-06
[64],9,"lr=0.001, wd=0.0",50,layer4_lr0.0001_hd128_wd0.0_cosine,"lr0.0001,wd0.0",328335543.14955425,0.0006566711120922526
[64],9,"lr=0.001, wd=0.0",50,layer4_lr0.0001_hd128_wd0.01_cosine,"lr0.0001,wd0.01",257687389.992035,0.000515374805777214
[64],9,"lr=0.001, wd=0.0",50,layer4_lr0.0003_hd128_wd0.0_cosine,"lr0.0003,wd0.0",684054717.47766,0.0013681094607484639
[64],9,"lr=0.001, wd=0.0",50,layer4_lr0.0003_hd128_wd0.01_cosine,"lr0.0003,wd0.01",414162338.10811317,0.0008283247020093704
[64],9,"lr=0.001, wd=0.0",50,layer4_lr0.001_hd128_wd0.0_cosine,"lr0.001,wd0.0",2079420299.5858119,0.004158840624964768
[64],9,"lr=0.001, wd=0.0",50,layer4_lr0.001_hd128_wd0.01_cosine,"lr0.001,wd0.01",1999081313.7915509,0.003998162653376246
[64],9,"lr=0.001, wd=0.0",50,layer4_lr0.003_hd128_wd0.0_cosine,"lr0.003,wd0.0",799955851.0246828,0.0015999117278425094
[64],9,"lr=0.001, wd=0.0",50,layer4_lr0.003_hd128_wd0.01_cosine,"lr0.003,wd0.01",5433089425.00317,0.010866178875799484
[64],9,"lr=0.001, wd=0.0",90,layer4_lr1e-05_hd128_wd0.0_cosine,"lr1e-05,wd0.0",40571733.61592604,8.114349302499613e-05
[64],9,"lr=0.001, wd=0.0",90,layer4_lr1e-05_hd128_wd0.01_cosine,"lr1e-05,wd0.01",11963875.461968228,2.3927776717080508e-05
[64],9,"lr=0.001, wd=0.0",90,layer4_lr3e-05_hd128_wd0.0_cosine,"lr3e-05,wd0.0",48211.00273238988,9.644779860882928e-08
[64],9,"lr=0.001, wd=0.0",90,layer4_lr3e-05_hd128_wd0.01_cosine,"lr3e-05,wd0.01",10443.807374392944,2.0913407892835408e-08
[64],9,"lr=0.001, wd=0.0",90,layer4_lr0.0001_hd128_wd0.0_cosine,"lr0.0001,wd0.0",33470811.89674634,6.694164958663673e-05
[64],9,"lr=0.001, wd=0.0",90,layer4_lr0.0001_hd128_wd0.01_cosine,"lr0.0001,wd0.01",1336346.5049548736,2.6727188030537967e-06
[64],9,"lr=0.001, wd=0.0",90,layer4_lr0.0003_hd128_wd0.0_cosine,"lr0.0003,wd0.0",316853820.9463175,0.0006337076676857791
[64],9,"lr=0.001, wd=0.0",90,layer4_lr0.0003_hd128_wd0.01_cosine,"lr0.0003,wd0.01",71974678.72629853,0.0001439493832457411
[64],9,"lr=0.001, wd=0.0",90,layer4_lr0.001_hd128_wd0.0_cosine,"lr0.001,wd0.0",1378257927.0725465,0.002756515879938237
[64],9,"lr=0.001, wd=0.0",90,layer4_lr0.001_hd128_wd0.01_cosine,"lr0.001,wd0.01",173257759.81554905,0.00034651554542424216
[64],9,"lr=0.001, wd=0.0",90,layer4_lr0.003_hd128_wd0.0_cosine,"lr0.003,wd0.0",545343378.8277909,0.0010906867834487256
[64],9,"lr=0.001, wd=0.0",90,layer4_lr0.003_hd128_wd0.01_cosine,"lr0.003,wd0.01",464678259.95060503,0.0009293565456943542
[64],10,"lr=0.001, wd=0.01",0,layer4_lr1e-05_hd128_wd0.0_cosine,"lr1e-05,wd0.0",1043995128.7994252,0.0020879902833919944
[64],10,"lr=0.001, wd=0.01",0,layer4_lr1e-05_hd128_wd0.01_cosine,"lr1e-05,wd0.01",4792609993.628946,0.009585220013051036
[64],10,"lr=0.001, wd=0.01",0,layer4_lr3e-05_hd128_wd0.0_cosine,"lr3e-05,wd0.0",135398571.38489488,0.0002707971685629338
[64],10,"lr=0.001, wd=0.01",0,layer4_lr3e-05_hd128_wd0.01_cosine,"lr3e-05,wd0.01",1066321296.8567598,0.0021326426195066635
[64],10,"lr=0.001, wd=0.01",0,layer4_lr0.0001_hd128_wd0.0_cosine,"lr0.0001,wd0.0",3843618.5047422815,7.687262802628612e-06
[64],10,"lr=0.001, wd=0.01",0,layer4_lr0.0001_hd128_wd0.01_cosine,"lr0.0001,wd0.01",29722435.94087208,5.944489767488821e-05
[64],10,"lr=0.001, wd=0.01",0,layer4_lr0.0003_hd128_wd0.0_cosine,"lr0.0003,wd0.0",1838503437.9013493,0.0036770069015958427
[64],10,"lr=0.001, wd=0.01",0,layer4_lr0.0003_hd128_wd0.01_cosine,"lr0.0003,wd0.01",50135436.02474889,0.00010027089784264183
[64],10,"lr=0.001, wd=0.01",0,layer4_lr0.001_hd128_wd0.0_cosine,"lr0.001,wd0.0",3592754770.7609973,0.007185509567315139
[64],10,"lr=0.001, wd=0.01",0,layer4_lr0.001_hd128_wd0.01_cosine,"lr0.001,wd0.01",17200166.534055665,3.440035886125538e-05
[64],10,"lr=0.001, wd=0.01",0,layer4_lr0.003_hd128_wd0.0_cosine,"lr0.003,wd0.0",2902477015.42329,0.0058049540566397235
[64],10,"lr=0.001, wd=0.01",0,layer4_lr0.003_hd128_wd0.01_cosine,"lr0.003,wd0.01",111861828.27094649,0.00022372368233503702
[64],10,"lr=0.001, wd=0.01",5,layer4_lr1e-05_hd128_wd0.0_cosine,"lr1e-05,wd0.0",247222287.73956427,0.0004944446012722726
[64],10,"lr=0.001, wd=0.01",5,layer4_lr1e-05_hd128_wd0.01_cosine,"lr1e-05,wd0.01",242861741.55968022,0.0004857235089125045
[64],10,"lr=0.001, wd=0.01",5,layer4_lr3e-05_hd128_wd0.0_cosine,"lr3e-05,wd0.0",61044689.594845966,0.00012208940498283598
[64],10,"lr=0.001, wd=0.01",5,layer4_lr3e-05_hd128_wd0.01_cosine,"lr3e-05,wd0.01",101725318.66899174,0.00020345066313112752
[64],10,"lr=0.001, wd=0.01",5,layer4_lr0.0001_hd128_wd0.0_cosine,"lr0.0001,wd0.0",4254087653.252373,0.00850817533229789
[64],10,"lr=0.001, wd=0.01",5,layer4_lr0.0001_hd128_wd0.01_cosine,"lr0.0001,wd0.01",449603305.3728072,0.0008992066365387585
[64],10,"lr=0.001, wd=0.01",5,layer4_lr0.0003_hd128_wd0.0_cosine,"lr0.0003,wd0.0",13231223225.130499,0.02646244647605414
[64],10,"lr=0.001, wd=0.01",5,layer4_lr0.0003_hd128_wd0.01_cosine,"lr0.0003,wd0.01",75289035.32939687,0.00015057809645193778
[64],10,"lr=0.001, wd=0.01",5,layer4_lr0.001_hd128_wd0.0_cosine,"lr0.001,wd0.0",16323035733.61636,0.03264607149302586
[64],10,"lr=0.001, wd=0.01",5,layer4_lr0.001_hd128_wd0.01_cosine,"lr0.001,wd0.01",14880286.89337548,2.976059957989501e-05
[64],10,"lr=0.001, wd=0.01",5,layer4_lr0.003_hd128_wd0.0_cosine,"lr0.003,wd0.0",13931397041.673662,0.027862794109140467
[64],10,"lr=0.001, wd=0.01",5,layer4_lr0.003_hd128_wd0.01_cosine,"lr0.003,wd0.01",2866960166.4868965,0.005733920358766937
[64],10,"lr=0.001, wd=0.01",10,layer4_lr1e-05_hd128_wd0.0_cosine,"lr1e-05,wd0.0",50216383.838704,0.00010043279347055204
[64],10,"lr=0.001, wd=0.01",10,layer4_lr1e-05_hd128_wd0.01_cosine,"lr1e-05,wd0.01",223062499.2696151,0.0004461250243323743
[64],10,"lr=0.001, wd=0.01",10,layer4_lr3e-05_hd128_wd0.0_cosine,"lr3e-05,wd0.0",329094716.6539347,0.0006581894591010135
[64],10,"lr=0.001, wd=0.01",10,layer4_lr3e-05_hd128_wd0.01_cosine,"lr3e-05,wd0.01",1380516961.174321,0.002761033948141786
[64],10,"lr=0.001, wd=0.01",10,layer4_lr0.0001_hd128_wd0.0_cosine,"lr0.0001,wd0.0",6511168257.060537,0.013022336539914218
[64],10,"lr=0.001, wd=0.01",10,layer4_lr0.0001_hd128_wd0.01_cosine,"lr0.0001,wd0.01",1958779905.5523436,0.0039175598368978316
[64],10,"lr=0.001, wd=0.01",10,layer4_lr0.0003_hd128_wd0.0_cosine,"lr0.0003,wd0.0",16895909318.470703,0.03379181866273455
[64],10,"lr=0.001, wd=0.01",10,layer4_lr0.0003_hd128_wd0.01_cosine,"lr0.0003,wd0.01",417503463.6921703,0.0008350069531774848
[64],10,"lr=0.001, wd=0.01",10,layer4_lr0.001_hd128_wd0.0_cosine,"lr0.001,wd0.0",15745171928.18924,0.031490343882171624
[64],10,"lr=0.001, wd=0.01",10,layer4_lr0.001_hd128_wd0.01_cosine,"lr0.001,wd0.01",2040923.5126252659,4.081872818394581e-06
[64],10,"lr=0.001, wd=0.01",10,layer4_lr0.003_hd128_wd0.0_cosine,"lr0.003,wd0.0",10785964984.187965,0.021571929994169074
[64],10,"lr=0.001, wd=0.01",10,layer4_lr0.003_hd128_wd0.01_cosine,"lr0.003,wd0.01",891348274.0984975,0.001782696573990139
[64],10,"lr=0.001, wd=0.01",20,layer4_lr1e-05_hd128_wd0.0_cosine,"lr1e-05,wd0.0",1122364721.4152584,0.002244729468623661
[64],10,"lr=0.001, wd=0.01",20,layer4_lr1e-05_hd128_wd0.01_cosine,"lr1e-05,wd0.01",2459524483.542319,0.004919048992877782
[64],10,"lr=0.001, wd=0.01",20,layer4_lr3e-05_hd128_wd0.0_cosine,"lr3e-05,wd0.0",659949602.221979,0.001319899230237102
[64],10,"lr=0.001, wd=0.01",20,layer4_lr3e-05_hd128_wd0.01_cosine,"lr3e-05,wd0.01",511849655.4731765,0.001023699336739497
[64],10,"lr=0.001, wd=0.01",20,layer4_lr0.0001_hd128_wd0.0_cosine,"lr0.0001,wd0.0",5712188794.145986,0.011424377614085116
[64],10,"lr=0.001, wd=0.01",20,layer4_lr0.0001_hd128_wd0.01_cosine,"lr0.0001,wd0.01",1328327111.2656908,0.002656654248324526
[64],10,"lr=0.001, wd=0.01",20,layer4_lr0.0003_hd128_wd0.0_cosine,"lr0.0003,wd0.0",11221541976.02409,0.022443083977841324
[64],10,"lr=0.001, wd=0.01",20,layer4_lr0.0003_hd128_wd0.01_cosine,"lr0.0003,wd0.01",318492818.71245897,0.000636985663218062
[64],10,"lr=0.001, wd=0.01",20,layer4_lr0.001_hd128_wd0.0_cosine,"lr0.001,wd0.0",12224078894.498487,0.02444815781479012
[64],10,"lr=0.001, wd=0.01",20,layer4_lr0.001_hd128_wd0.01_cosine,"lr0.001,wd0.01",1233225.0340018112,2.4664758611476717e-06
[64],10,"lr=0.001, wd=0.01",20,layer4_lr0.003_hd128_wd0.0_cosine,"lr0.003,wd0.0",9750599212.457304,0.019501198450707753
[64],10,"lr=0.001, wd=0.01",20,layer4_lr0.003_hd128_wd0.01_cosine,"lr0.003,wd0.01",1931026852.6848757,0.0038620537311628957
[64],10,"lr=0.001, wd=0.01",50,layer4_lr1e-05_hd128_wd0.0_cosine,"lr1e-05,wd0.0",245923150.51541397,0.000491846326823972
[64],10,"lr=0.001, wd=0.01",50,layer4_lr1e-05_hd128_wd0.01_cosine,"lr1e-05,wd0.01",263730952.75963727,0.0005274619313124186
[64],10,"lr=0.001, wd=0.01",50,layer4_lr3e-05_hd128_wd0.0_cosine,"lr3e-05,wd0.0",224124782.57590547,0.000448249590944955
[64],10,"lr=0.001, wd=0.01",50,layer4_lr3e-05_hd128_wd0.01_cosine,"lr3e-05,wd0.01",231367272.2334008,0.0004627345702599456
[64],10,"lr=0.001, wd=0.01",50,layer4_lr0.0001_hd128_wd0.0_cosine,"lr0.0001,wd0.0",916212839.2024753,0.0018324257041980945
[64],10,"lr=0.001, wd=0.01",50,layer4_lr0.0001_hd128_wd0.01_cosine,"lr0.0001,wd0.01",70007105.78462394,0.0001400142373623919
[64],10,"lr=0.001, wd=0.01",50,layer4_lr0.0003_hd128_wd0.0_cosine,"lr0.0003,wd0.0",1990218123.972823,0.00398043627373879
[64],10,"lr=0.001, wd=0.01",50,layer4_lr0.0003_hd128_wd0.01_cosine,"lr0.0003,wd0.01",50378848.90498671,0.00010075772360311746
[64],10,"lr=0.001, wd=0.01",50,layer4_lr0.001_hd128_wd0.0_cosine,"lr0.001,wd0.0",2894415818.5907993,0.005788831662974743
[64],10,"lr=0.001, wd=0.01",50,layer4_lr0.001_hd128_wd0.01_cosine,"lr0.001,wd0.01",145375815.0381159,0.0002907516558693758
[64],10,"lr=0.001, wd=0.01",50,layer4_lr0.003_hd128_wd0.0_cosine,"lr0.003,wd0.0",3792700720.327377,0.007585401466447898
[64],10,"lr=0.001, wd=0.01",50,layer4_lr0.003_hd128_wd0.01_cosine,"lr0.003,wd0.01",2452610724.560761,0.004905221474914666
[64],10,"lr=0.001, wd=0.01",90,layer4_lr1e-05_hd128_wd0.0_cosine,"lr1e-05,wd0.0",106595976.44815353,0.0002131919786894511
[64],10,"lr=0.001, wd=0.01",90,layer4_lr1e-05_hd128_wd0.01_cosine,"lr1e-05,wd0.01",52052016.394110635,0.00010410405858136531
[64],10,"lr=0.001, wd=0.01",90,layer4_lr3e-05_hd128_wd0.0_cosine,"lr3e-05,wd0.0",34894730.37544958,6.97894865440432e-05
[64],10,"lr=0.001, wd=0.01",90,layer4_lr3e-05_hd128_wd0.01_cosine,"lr3e-05,wd0.01",36648664.991674386,7.329735577649282e-05
[64],10,"lr=0.001, wd=0.01",90,layer4_lr0.0001_hd128_wd0.0_cosine,"lr0.0001,wd0.0",2135736.3465701547,4.271498486284359e-06
[64],10,"lr=0.001, wd=0.01",90,layer4_lr0.0001_hd128_wd0.01_cosine,"lr0.0001,wd0.01",16265558.015316386,3.253114182377682e-05
[64],10,"lr=0.001, wd=0.01",90,layer4_lr0.0003_hd128_wd0.0_cosine,"lr0.0003,wd0.0",48758295.71441517,9.751661722197438e-05
[64],10,"lr=0.001, wd=0.01",90,layer4_lr0.0003_hd128_wd0.01_cosine,"lr0.0003,wd0.01",29912.73743358805,5.985126801122561e-08
[64],10,"lr=0.001, wd=0.01",90,layer4_lr0.001_hd128_wd0.0_cosine,"lr0.001,wd0.0",9543374.395830508,1.9086774584805066e-05
[64],10,"lr=0.001, wd=0.01",90,layer4_lr0.001_hd128_wd0.01_cosine,"lr0.001,wd0.01",56360917.11975371,0.00011272186003265147
[64],10,"lr=0.001, wd=0.01",90,layer4_lr0.003_hd128_wd0.0_cosine,"lr0.003,wd0.0",113850695.71261212,0.0002277014172183683
[64],10,"lr=0.001, wd=0.01",90,layer4_lr0.003_hd128_wd0.01_cosine,"lr0.003,wd0.01",669944033.9037548,0.0013398880936006537
[64],11,"lr=0.003, wd=0.0",0,layer4_lr1e-05_hd128_wd0.0_cosine,"lr1e-05,wd0.0",244029180.43429628,0.0004880583866617366
[64],11,"lr=0.003, wd=0.0",0,layer4_lr1e-05_hd128_wd0.01_cosine,"lr1e-05,wd0.01",2914159465.5349774,0.005828318956863099
[64],11,"lr=0.003, wd=0.0",0,layer4_lr3e-05_hd128_wd0.0_cosine,"lr3e-05,wd0.0",765717788.0631841,0.0015314356019195123
[64],11,"lr=0.003, wd=0.0",0,layer4_lr3e-05_hd128_wd0.01_cosine,"lr3e-05,wd0.01",351836245.758121,0.0007036725173093861
[64],11,"lr=0.003, wd=0.0",0,layer4_lr0.0001_hd128_wd0.0_cosine,"lr0.0001,wd0.0",183832153.6298052,0.00036766433305275445
[64],11,"lr=0.003, wd=0.0",0,layer4_lr0.0001_hd128_wd0.01_cosine,"lr0.0001,wd0.01",50380508.16585481,0.00010076104212485367
[64],11,"lr=0.003, wd=0.0",0,layer4_lr0.0003_hd128_wd0.0_cosine,"lr0.0003,wd0.0",857686872.9284025,0.001715373771649949
[64],11,"lr=0.003, wd=0.0",0,layer4_lr0.0003_hd128_wd0.01_cosine,"lr0.0003,wd0.01",271654151.87093824,0.0005433083295350205
[64],11,"lr=0.003, wd=0.0",0,layer4_lr0.001_hd128_wd0.0_cosine,"lr0.001,wd0.0",2432496447.2722216,0.004864992920337588
[64],11,"lr=0.003, wd=0.0",0,layer4_lr0.001_hd128_wd0.01_cosine,"lr0.001,wd0.01",163266290.2793218,0.0003265326063517876
[64],11,"lr=0.003, wd=0.0",0,layer4_lr0.003_hd128_wd0.0_cosine,"lr0.003,wd0.0",1865250076.5513442,0.0037305001788958325
[64],11,"lr=0.003, wd=0.0",0,layer4_lr0.003_hd128_wd0.01_cosine,"lr0.003,wd0.01",626994.9840478147,1.254015761239679e-06
[64],11,"lr=0.003, wd=0.0",5,layer4_lr1e-05_hd128_wd0.0_cosine,"lr1e-05,wd0.0",2557774377.730174,0.005115548781253493
[64],11,"lr=0.003, wd=0.0",5,layer4_lr1e-05_hd128_wd0.01_cosine,"lr1e-05,wd0.01",108171973.63515542,0.0002163439730634549
[64],11,"lr=0.003, wd=0.0",5,layer4_lr3e-05_hd128_wd0.0_cosine,"lr3e-05,wd0.0",4243453207.356814,0.008486906440506772
[64],11,"lr=0.003, wd=0.0",5,layer4_lr3e-05_hd128_wd0.01_cosine,"lr3e-05,wd0.01",2043115328.2528539,0.004086230682298852
[64],11,"lr=0.003, wd=0.0",5,layer4_lr0.0001_hd128_wd0.0_cosine,"lr0.0001,wd0.0",221146550.53562868,0.0004422931268644014
[64],11,"lr=0.003, wd=0.0",5,layer4_lr0.0001_hd128_wd0.01_cosine,"lr0.0001,wd0.01",887669966.6139237,0.0017753399590209912
[64],11,"lr=0.003, wd=0.0",5,layer4_lr0.0003_hd128_wd0.0_cosine,"lr0.0003,wd0.0",2225492900.6865015,0.004450985827166147
[64],11,"lr=0.003, wd=0.0",5,layer4_lr0.0003_hd128_wd0.01_cosine,"lr0.0003,wd0.01",626210062.6083691,0.001252420151009882
[64],11,"lr=0.003, wd=0.0",5,layer4_lr0.001_hd128_wd0.0_cosine,"lr0.001,wd0.0",3876673616.6543436,0.007753347259101831
[64],11,"lr=0.003, wd=0.0",5,layer4_lr0.001_hd128_wd0.01_cosine,"lr0.001,wd0.01",952224008.2387857,0.0019044480422707153
[64],11,"lr=0.003, wd=0.0",5,layer4_lr0.003_hd128_wd0.0_cosine,"lr0.003,wd0.0",2033857677.5010183,0.0040677153807951805
[64],11,"lr=0.003, wd=0.0",5,layer4_lr0.003_hd128_wd0.01_cosine,"lr0.003,wd0.01",12929109979.778784,0.025858219985350712
[64],11,"lr=0.003, wd=0.0",10,layer4_lr1e-05_hd128_wd0.0_cosine,"lr1e-05,wd0.0",1571691794.3199983,0.0031433836144331407
[64],11,"lr=0.003, wd=0.0",10,layer4_lr1e-05_hd128_wd0.01_cosine,"lr1e-05,wd0.01",1163282558.725482,0.002326565143244108
[64],11,"lr=0.003, wd=0.0",10,layer4_lr3e-05_hd128_wd0.0_cosine,"lr3e-05,wd0.0",1976969347.2310326,0.003953938720255209
[64],11,"lr=0.003, wd=0.0",10,layer4_lr3e-05_hd128_wd0.01_cosine,"lr3e-05,wd0.01",310070908.94765997,0.0006201418436884641
[64],11,"lr=0.003, wd=0.0",10,layer4_lr0.0001_hd128_wd0.0_cosine,"lr0.0001,wd0.0",20230596.351777982,4.046121849670001e-05
[64],11,"lr=0.003, wd=0.0",10,layer4_lr0.0001_hd128_wd0.01_cosine,"lr0.0001,wd0.01",554465464.4497046,0.0011089309546925533
[64],11,"lr=0.003, wd=0.0",10,layer4_lr0.0003_hd128_wd0.0_cosine,"lr0.0003,wd0.0",4333361473.483747,0.008666722972760638
[64],11,"lr=0.003, wd=0.0",10,layer4_lr0.0003_hd128_wd0.01_cosine,"lr0.0003,wd0.01",558146161.4678844,0.0011162923487289128
[64],11,"lr=0.003, wd=0.0",10,layer4_lr0.001_hd128_wd0.0_cosine,"lr0.001,wd0.0",4712934526.144363,0.00942586907808187
[64],11,"lr=0.003, wd=0.0",10,layer4_lr0.001_hd128_wd0.01_cosine,"lr0.001,wd0.01",1054127351.764199,0.002108254729321542
[64],11,"lr=0.003, wd=0.0",10,layer4_lr0.003_hd128_wd0.0_cosine,"lr0.003,wd0.0",2153782697.956689,0.0043075654217065214
[64],11,"lr=0.003, wd=0.0",10,layer4_lr0.003_hd128_wd0.01_cosine,"lr0.003,wd0.01",2770497300.191079,0.005540994626175302
[64],11,"lr=0.003, wd=0.0",20,layer4_lr1e-05_hd128_wd0.0_cosine,"lr1e-05,wd0.0",13820102.41591794,2.7640230624979932e-05
[64],11,"lr=0.003, wd=0.0",20,layer4_lr1e-05_hd128_wd0.01_cosine,"lr1e-05,wd0.01",231331606.36207733,0.00046266323851729867
[64],11,"lr=0.003, wd=0.0",20,layer4_lr3e-05_hd128_wd0.0_cosine,"lr3e-05,wd0.0",183962813.1339939,0.0003679256520611318
[64],11,"lr=0.003, wd=0.0",20,layer4_lr3e-05_hd128_wd0.01_cosine,"lr3e-05,wd0.01",206966492.3359663,0.0004139330104650766
[64],11,"lr=0.003, wd=0.0",20,layer4_lr0.0001_hd128_wd0.0_cosine,"lr0.0001,wd0.0",576887469.3678926,0.0011537749645289292
[64],11,"lr=0.003, wd=0.0",20,layer4_lr0.0001_hd128_wd0.01_cosine,"lr0.0001,wd0.01",269969246.50965804,0.0005399385188124601
[64],11,"lr=0.003, wd=0.0",20,layer4_lr0.0003_hd128_wd0.0_cosine,"lr0.0003,wd0.0",4408346561.248298,0.008816693148289739
[64],11,"lr=0.003, wd=0.0",20,layer4_lr0.0003_hd128_wd0.01_cosine,"lr0.0003,wd0.01",621562538.6650641,0.0012431251031232722
[64],11,"lr=0.003, wd=0.0",20,layer4_lr0.001_hd128_wd0.0_cosine,"lr0.001,wd0.0",4952145425.519427,0.009904290876831999
[64],11,"lr=0.003, wd=0.0",20,layer4_lr0.001_hd128_wd0.01_cosine,"lr0.001,wd0.01",1166444869.1928108,0.0023328897641787657
[64],11,"lr=0.003, wd=0.0",20,layer4_lr0.003_hd128_wd0.0_cosine,"lr0.003,wd0.0",2402008299.6955094,0.004804016625184163
[64],11,"lr=0.003, wd=0.0",20,layer4_lr0.003_hd128_wd0.01_cosine,"lr0.003,wd0.01",5538971437.3141775,0.011077942900421498
[64],11,"lr=0.003, wd=0.0",50,layer4_lr1e-05_hd128_wd0.0_cosine,"lr1e-05,wd0.0",65971568.78560384,0.00013194316336435173
[64],11,"lr=0.003, wd=0.0",50,layer4_lr1e-05_hd128_wd0.01_cosine,"lr1e-05,wd0.01",65570134.049821615,0.00013114029389278727
[64],11,"lr=0.003, wd=0.0",50,layer4_lr3e-05_hd128_wd0.0_cosine,"lr3e-05,wd0.0",12781425.725102147,2.5562877243348343e-05
[64],11,"lr=0.003, wd=0.0",50,layer4_lr3e-05_hd128_wd0.01_cosine,"lr3e-05,wd0.01",1528812.346306269,3.057650485756588e-06
[64],11,"lr=0.003, wd=0.0",50,layer4_lr0.0001_hd128_wd0.0_cosine,"lr0.0001,wd0.0",276356924.94802725,0.0005527138756891986
[64],11,"lr=0.003, wd=0.0",50,layer4_lr0.0001_hd128_wd0.01_cosine,"lr0.0001,wd0.01",79468906.00540924,0.00015893783780396252
[64],11,"lr=0.003, wd=0.0",50,layer4_lr0.0003_hd128_wd0.0_cosine,"lr0.0003,wd0.0",1542614758.8697267,0.0030852295435325975
[64],11,"lr=0.003, wd=0.0",50,layer4_lr0.0003_hd128_wd0.01_cosine,"lr0.0003,wd0.01",239766817.1373635,0.00047953366006787105
[64],11,"lr=0.003, wd=0.0",50,layer4_lr0.001_hd128_wd0.0_cosine,"lr0.001,wd0.0",3218012022.9693127,0.006436024071731769
[64],11,"lr=0.003, wd=0.0",50,layer4_lr0.001_hd128_wd0.01_cosine,"lr0.001,wd0.01",1735088059.9643536,0.0034701761457218514
[64],11,"lr=0.003, wd=0.0",50,layer4_lr0.003_hd128_wd0.0_cosine,"lr0.003,wd0.0",1891503851.65644,0.0037830077291060244
[64],11,"lr=0.003, wd=0.0",50,layer4_lr0.003_hd128_wd0.01_cosine,"lr0.003,wd0.01",5056037524.638906,0.010112075075070955
[64],11,"lr=0.003, wd=0.0",90,layer4_lr1e-05_hd128_wd0.0_cosine,"lr1e-05,wd0.0",36483624.662614875,7.29672751183738e-05
[64],11,"lr=0.003, wd=0.0",90,layer4_lr1e-05_hd128_wd0.01_cosine,"lr1e-05,wd0.01",11319860.663980866,2.2639747121105784e-05
[64],11,"lr=0.003, wd=0.0",90,layer4_lr3e-05_hd128_wd0.0_cosine,"lr3e-05,wd0.0",23873.77648427516,4.7773346112599833e-08
[64],11,"lr=0.003, wd=0.0",90,layer4_lr3e-05_hd128_wd0.01_cosine,"lr3e-05,wd0.01",1162174.57048048,2.3243749341050097e-06
[64],11,"lr=0.003, wd=0.0",90,layer4_lr0.0001_hd128_wd0.0_cosine,"lr0.0001,wd0.0",161430.49137401578,3.2288677589208107e-07
[64],11,"lr=0.003, wd=0.0",90,layer4_lr0.0001_hd128_wd0.01_cosine,"lr0.0001,wd0.01",12182906.758583957,2.4365839310311967e-05
[64],11,"lr=0.003, wd=0.0",90,layer4_lr0.0003_hd128_wd0.0_cosine,"lr0.0003,wd0.0",73831759.59850837,0.0001476635449901608
[64],11,"lr=0.003, wd=0.0",90,layer4_lr0.0003_hd128_wd0.01_cosine,"lr0.0003,wd0.01",102314239.839237,0.00020462850547161806
[64],11,"lr=0.003, wd=0.0",90,layer4_lr0.001_hd128_wd0.0_cosine,"lr0.001,wd0.0",672830531.0142226,0.0013456610878215891
[64],11,"lr=0.003, wd=0.0",90,layer4_lr0.001_hd128_wd0.01_cosine,"lr0.001,wd0.01",174063614.04219827,0.00034812725387754057
[64],11,"lr=0.003, wd=0.0",90,layer4_lr0.003_hd128_wd0.0_cosine,"lr0.003,wd0.0",841843145.2053261,0.0016836863162037962
[64],11,"lr=0.003, wd=0.0",90,layer4_lr0.003_hd128_wd0.01_cosine,"lr0.003,wd0.01",636353257.8030745,0.001272706541399293
[64],12,"lr=0.003, wd=0.01",0,layer4_lr1e-05_hd128_wd0.0_cosine,"lr1e-05,wd0.0",1251017321.0409303,0.0025020346678750046
[64],12,"lr=0.003, wd=0.01",0,layer4_lr1e-05_hd128_wd0.01_cosine,"lr1e-05,wd0.01",5285922535.244295,0.010571845096281734
[64],12,"lr=0.003, wd=0.01",0,layer4_lr3e-05_hd128_wd0.0_cosine,"lr3e-05,wd0.0",96013702.17566147,0.000192027430144467
[64],12,"lr=0.003, wd=0.01",0,layer4_lr3e-05_hd128_wd0.01_cosine,"lr3e-05,wd0.01",1231344738.4817774,0.0024626895027566992
[64],12,"lr=0.003, wd=0.01",0,layer4_lr0.0001_hd128_wd0.0_cosine,"lr0.0001,wd0.0",4315054.056280971,8.63013390570599e-06
[64],12,"lr=0.003, wd=0.01",0,layer4_lr0.0001_hd128_wd0.01_cosine,"lr0.0001,wd0.01",42343213.81805193,8.46864534292479e-05
[64],12,"lr=0.003, wd=0.01",0,layer4_lr0.0003_hd128_wd0.0_cosine,"lr0.0003,wd0.0",1756464476.0885787,0.0035129289779703018
[64],12,"lr=0.003, wd=0.01",0,layer4_lr0.0003_hd128_wd0.01_cosine,"lr0.0003,wd0.01",43729302.08892483,8.745862997099371e-05
[64],12,"lr=0.003, wd=0.01",0,layer4_lr0.001_hd128_wd0.0_cosine,"lr0.001,wd0.0",3221966093.014233,0.00644393221182161
[64],12,"lr=0.003, wd=0.01",0,layer4_lr0.001_hd128_wd0.01_cosine,"lr0.001,wd0.01",65394152.953627184,0.0001307883317003984
[64],12,"lr=0.003, wd=0.01",0,layer4_lr0.003_hd128_wd0.0_cosine,"lr0.003,wd0.0",2230119200.635932,0.004460238427065008
[64],12,"lr=0.003, wd=0.01",0,layer4_lr0.003_hd128_wd0.01_cosine,"lr0.003,wd0.01",22203119.10199823,4.44062639971405e-05
[64],12,"lr=0.003, wd=0.01",5,layer4_lr1e-05_hd128_wd0.0_cosine,"lr1e-05,wd0.0",2414050308.1794415,0.004828100642152027
[64],12,"lr=0.003, wd=0.01",5,layer4_lr1e-05_hd128_wd0.01_cosine,"lr1e-05,wd0.01",6859568995.201457,0.013719138016196059
[64],12,"lr=0.003, wd=0.01",5,layer4_lr3e-05_hd128_wd0.0_cosine,"lr3e-05,wd0.0",2943912798.9092627,0.005887825623611669
[64],12,"lr=0.003, wd=0.01",5,layer4_lr3e-05_hd128_wd0.01_cosine,"lr3e-05,wd0.01",4813849237.434839,0.009627698500662822
[64],12,"lr=0.003, wd=0.01",5,layer4_lr0.0001_hd128_wd0.0_cosine,"lr0.0001,wd0.0",10584897566.75984,0.021169795159312825
[64],12,"lr=0.003, wd=0.01",5,layer4_lr0.0001_hd128_wd0.01_cosine,"lr0.0001,wd0.01",5920576711.446762,0.011841153448686668
[64],12,"lr=0.003, wd=0.01",5,layer4_lr0.0003_hd128_wd0.0_cosine,"lr0.0003,wd0.0",21468208333.51426,0.04293641669282166
[64],12,"lr=0.003, wd=0.01",5,layer4_lr0.0003_hd128_wd0.01_cosine,"lr0.0003,wd0.01",4124848943.9006886,0.008249697913594521
[64],12,"lr=0.003, wd=0.01",5,layer4_lr0.001_hd128_wd0.0_cosine,"lr0.001,wd0.0",26502058679.4325,0.05300411738465814
[64],12,"lr=0.003, wd=0.01",5,layer4_lr0.001_hd128_wd0.01_cosine,"lr0.001,wd0.01",3400722931.4675903,0.006801445888728325
[64],12,"lr=0.003, wd=0.01",5,layer4_lr0.003_hd128_wd0.0_cosine,"lr0.003,wd0.0",20124491438.107113,0.04024898290200737
[64],12,"lr=0.003, wd=0.01",5,layer4_lr0.003_hd128_wd0.01_cosine,"lr0.003,wd0.01",10696335.63012727,2.139269705339859e-05
[64],12,"lr=0.003, wd=0.01",10,layer4_lr1e-05_hd128_wd0.0_cosine,"lr1e-05,wd0.0",2443624188.6404567,0.004887248403074057
[64],12,"lr=0.003, wd=0.01",10,layer4_lr1e-05_hd128_wd0.01_cosine,"lr1e-05,wd0.01",3966718662.2941623,0.007933437350381468
[64],12,"lr=0.003, wd=0.01",10,layer4_lr3e-05_hd128_wd0.0_cosine,"lr3e-05,wd0.0",4042632509.370938,0.00808526504453502
[64],12,"lr=0.003, wd=0.01",10,layer4_lr3e-05_hd128_wd0.01_cosine,"lr3e-05,wd0.01",7153496765.619369,0.014306993557031881
[64],12,"lr=0.003, wd=0.01",10,layer4_lr0.0001_hd128_wd0.0_cosine,"lr0.0001,wd0.0",11284412609.659609,0.02256882524511236
[64],12,"lr=0.003, wd=0.01",10,layer4_lr0.0001_hd128_wd0.01_cosine,"lr0.0001,wd0.01",7402747196.103154,0.014805494417999452
[64],12,"lr=0.003, wd=0.01",10,layer4_lr0.0003_hd128_wd0.0_cosine,"lr0.0003,wd0.0",21013651620.460304,0.04202730326671375
[64],12,"lr=0.003, wd=0.01",10,layer4_lr0.0003_hd128_wd0.01_cosine,"lr0.0003,wd0.01",4227513376.0537596,0.008455026777900663
[64],12,"lr=0.003, wd=0.01",10,layer4_lr0.001_hd128_wd0.0_cosine,"lr0.001,wd0.0",20842918119.565266,0.04168583626492368
[64],12,"lr=0.003, wd=0.01",10,layer4_lr0.001_hd128_wd0.01_cosine,"lr0.001,wd0.01",2203654384.335298,0.00440730879446374
[64],12,"lr=0.003, wd=0.01",10,layer4_lr0.003_hd128_wd0.0_cosine,"lr0.003,wd0.0",14382472997.743156,0.028764946021279457
[64],12,"lr=0.003, wd=0.01",10,layer4_lr0.003_hd128_wd0.01_cosine,"lr0.003,wd0.01",94938873.81003407,0.00018987777341321216
[64],12,"lr=0.003, wd=0.01",20,layer4_lr1e-05_hd128_wd0.0_cosine,"lr1e-05,wd0.0",2993804174.6913357,0.005987608375175816
[64],12,"lr=0.003, wd=0.01",20,layer4_lr1e-05_hd128_wd0.01_cosine,"lr1e-05,wd0.01",5579836510.138877,0.011159673046070897
[64],12,"lr=0.003, wd=0.01",20,layer4_lr3e-05_hd128_wd0.0_cosine,"lr3e-05,wd0.0",3350361799.7549305,0.006700723625303005
[64],12,"lr=0.003, wd=0.01",20,layer4_lr3e-05_hd128_wd0.01_cosine,"lr3e-05,wd0.01",3670020850.3341084,0.007340041726461361
[64],12,"lr=0.003, wd=0.01",20,layer4_lr0.0001_hd128_wd0.0_cosine,"lr0.0001,wd0.0",8111167508.389032,0.016222335042571208
[64],12,"lr=0.003, wd=0.01",20,layer4_lr0.0001_hd128_wd0.01_cosine,"lr0.0001,wd0.01",4039011130.437974,0.008078022286669092
[64],12,"lr=0.003, wd=0.01",20,layer4_lr0.0003_hd128_wd0.0_cosine,"lr0.0003,wd0.0",13873915494.599092,0.027747831014991328
[64],12,"lr=0.003, wd=0.01",20,layer4_lr0.0003_hd128_wd0.01_cosine,"lr0.0003,wd0.01",2450173905.6918097,0.004900347837176763
[64],12,"lr=0.003, wd=0.01",20,layer4_lr0.001_hd128_wd0.0_cosine,"lr0.001,wd0.0",14846333382.699736,0.029692666791192614
[64],12,"lr=0.003, wd=0.01",20,layer4_lr0.001_hd128_wd0.01_cosine,"lr0.001,wd0.01",1177416081.996343,0.00235483218978583
[64],12,"lr=0.003, wd=0.01",20,layer4_lr0.003_hd128_wd0.0_cosine,"lr0.003,wd0.0",10982427796.227472,0.021964855618248087
[64],12,"lr=0.003, wd=0.01",20,layer4_lr0.003_hd128_wd0.01_cosine,"lr0.003,wd0.01",95467617.3830143,0.00019093526055917267
[64],12,"lr=0.003, wd=0.01",50,layer4_lr1e-05_hd128_wd0.0_cosine,"lr1e-05,wd0.0",473606352.8934315,0.0009472127315800071
[64],12,"lr=0.003, wd=0.01",50,layer4_lr1e-05_hd128_wd0.01_cosine,"lr1e-05,wd0.01",547166830.5833079,0.0010943336869597598
[64],12,"lr=0.003, wd=0.01",50,layer4_lr3e-05_hd128_wd0.0_cosine,"lr3e-05,wd0.0",549386694.208635,0.001098773414210414
[64],12,"lr=0.003, wd=0.01",50,layer4_lr3e-05_hd128_wd0.01_cosine,"lr3e-05,wd0.01",1115103884.232783,0.00223020779425871
[64],12,"lr=0.003, wd=0.01",50,layer4_lr0.0001_hd128_wd0.0_cosine,"lr0.0001,wd0.0",1153544773.7849295,0.0023070895733630034
[64],12,"lr=0.003, wd=0.01",50,layer4_lr0.0001_hd128_wd0.01_cosine,"lr0.0001,wd0.01",285950313.4969565,0.0005719006527870571
[64],12,"lr=0.003, wd=0.01",50,layer4_lr0.0003_hd128_wd0.0_cosine,"lr0.0003,wd0.0",1465896027.6264162,0.0029317920810459767
[64],12,"lr=0.003, wd=0.01",50,layer4_lr0.0003_hd128_wd0.01_cosine,"lr0.0003,wd0.01",201184268.7074174,0.00040236856320797885
[64],12,"lr=0.003, wd=0.01",50,layer4_lr0.001_hd128_wd0.0_cosine,"lr0.001,wd0.0",2395954974.3848805,0.004791909974562906
[64],12,"lr=0.003, wd=0.01",50,layer4_lr0.001_hd128_wd0.01_cosine,"lr0.001,wd0.01",5637749.765477568,1.1275525324099184e-05
[64],12,"lr=0.003, wd=0.01",50,layer4_lr0.003_hd128_wd0.0_cosine,"lr0.003,wd0.0",3772093599.821079,0.0075441872254353014
[64],12,"lr=0.003, wd=0.01",50,layer4_lr0.003_hd128_wd0.01_cosine,"lr0.003,wd0.01",17754372.001174316,3.5508769795492676e-05
[64],12,"lr=0.003, wd=0.01",90,layer4_lr1e-05_hd128_wd0.0_cosine,"lr1e-05,wd0.0",93443906.88782905,0.00018688783956880215
[64],12,"lr=0.003, wd=0.01",90,layer4_lr1e-05_hd128_wd0.01_cosine,"lr1e-05,wd0.01",51234868.70601474,0.00010246976320517352
[64],12,"lr=0.003, wd=0.01",90,layer4_lr3e-05_hd128_wd0.0_cosine,"lr3e-05,wd0.0",43530840.97314365,8.706170773943135e-05
[64],12,"lr=0.003, wd=0.01",90,layer4_lr3e-05_hd128_wd0.01_cosine,"lr3e-05,wd0.01",73129748.57705097,0.00014625952294724598
[64],12,"lr=0.003, wd=0.01",90,layer4_lr0.0001_hd128_wd0.0_cosine,"lr0.0001,wd0.0",536924.0620137176,1.0738739171714847e-06
[64],12,"lr=0.003, wd=0.01",90,layer4_lr0.0001_hd128_wd0.01_cosine,"lr0.0001,wd0.01",40089996.21444816,8.018001822204037e-05
[64],12,"lr=0.003, wd=0.01",90,layer4_lr0.0003_hd128_wd0.0_cosine,"lr0.0003,wd0.0",2299277.4837082317,4.598580760560512e-06
[64],12,"lr=0.003, wd=0.01",90,layer4_lr0.0003_hd128_wd0.01_cosine,"lr0.0003,wd0.01",405678.32583952416,8.113824448230977e-07
[64],12,"lr=0.003, wd=0.01",90,layer4_lr0.001_hd128_wd0.0_cosine,"lr0.001,wd0.0",121042594.39590158,0.0002420852145849472
[64],12,"lr=0.003, wd=0.01",90,layer4_lr0.001_hd128_wd0.01_cosine,"lr0.001,wd0.01",23916160.06592725,4.7832345924998545e-05
[64],12,"lr=0.003, wd=0.01",90,layer4_lr0.003_hd128_wd0.0_cosine,"lr0.003,wd0.0",291340215.5429507,0.0005826804568790455
[64],12,"lr=0.003, wd=0.01",90,layer4_lr0.003_hd128_wd0.01_cosine,"lr0.003,wd0.01",206126240.97478488,0.0004122525077427138
baseline,0,baseline,5,layer4_lr1e-05_hd128_wd0.0_cosine,"lr1e-05,wd0.0",35120154.708300464,7.024033520974498e-05
baseline,0,baseline,5,layer4_lr1e-05_hd128_wd0.01_cosine,"lr1e-05,wd0.01",1238884090.7418504,0.002477768207276845
baseline,0,baseline,5,layer4_lr3e-05_hd128_wd0.0_cosine,"lr3e-05,wd0.0",252731622.44120568,0.0005054632706755554
baseline,0,baseline,5,layer4_lr3e-05_hd128_wd0.01_cosine,"lr3e-05,wd0.01",444913092.03314126,0.0008898262098594266
baseline,0,baseline,5,layer4_lr0.0001_hd128_wd0.0_cosine,"lr0.0001,wd0.0",2124086855.6427376,0.0042481737370786195
baseline,0,baseline,5,layer4_lr0.0001_hd128_wd0.01_cosine,"lr0.0001,wd0.01",187480584.71960446,0.00037496119523235295
baseline,0,baseline,5,layer4_lr0.0003_hd128_wd0.0_cosine,"lr0.0003,wd0.0",11461907639.36015,0.022923815304513442
baseline,0,baseline,5,layer4_lr0.0003_hd128_wd0.01_cosine,"lr0.0003,wd0.01",215330717.80624205,0.00043066146140562816
baseline,0,baseline,5,layer4_lr0.001_hd128_wd0.0_cosine,"lr0.001,wd0.0",30508012566.291832,0.061016025158376806
baseline,0,baseline,5,layer4_lr0.001_hd128_wd0.01_cosine,"lr0.001,wd0.01",15530777833.786854,0.03106155569336685
baseline,0,baseline,5,layer4_lr0.003_hd128_wd0.0_cosine,"lr0.003,wd0.0",40679017978.45739,0.08135803598270791
baseline,0,baseline,5,layer4_lr0.003_hd128_wd0.01_cosine,"lr0.003,wd0.01",17973653036.42398,0.03594730609864111
baseline,0,baseline,10,layer4_lr1e-05_hd128_wd0.0_cosine,"lr1e-05,wd0.0",632277966.6328781,0.0012645559590589001
baseline,0,baseline,10,layer4_lr1e-05_hd128_wd0.01_cosine,"lr1e-05,wd0.01",1796225075.2300682,0.0035924501762532807
baseline,0,baseline,10,layer4_lr3e-05_hd128_wd0.0_cosine,"lr3e-05,wd0.0",697608234.6492279,0.0013952164950915998
baseline,0,baseline,10,layer4_lr3e-05_hd128_wd0.01_cosine,"lr3e-05,wd0.01",12049609.43137021,2.409924465588447e-05
baseline,0,baseline,10,layer4_lr0.0001_hd128_wd0.0_cosine,"lr0.0001,wd0.0",1170441088.7581897,0.0023408822033095236
baseline,0,baseline,10,layer4_lr0.0001_hd128_wd0.01_cosine,"lr0.0001,wd0.01",74152432.39946343,0.0001483048905920709
baseline,0,baseline,10,layer4_lr0.0003_hd128_wd0.0_cosine,"lr0.0003,wd0.0",12997693080.833323,0.02599538618745979
baseline,0,baseline,10,layer4_lr0.0003_hd128_wd0.01_cosine,"lr0.0003,wd0.01",34503781.954685465,6.900758970251498e-05
baseline,0,baseline,10,layer4_lr0.001_hd128_wd0.0_cosine,"lr0.001,wd0.0",5998334047.123139,0.011996668120039423
baseline,0,baseline,10,layer4_lr0.001_hd128_wd0.01_cosine,"lr0.001,wd0.01",522145444.9753412,0.0010442909157438265
baseline,0,baseline,10,layer4_lr0.003_hd128_wd0.0_cosine,"lr0.003,wd0.0",4170240214.840535,0.008340480455474215
baseline,0,baseline,10,layer4_lr0.003_hd128_wd0.01_cosine,"lr0.003,wd0.01",55845109.47534002,0.0001116902447438241
baseline,0,baseline,20,layer4_lr1e-05_hd128_wd0.0_cosine,"lr1e-05,wd0.0",147202404.27901164,0.0002944048343511673
baseline,0,baseline,20,layer4_lr1e-05_hd128_wd0.01_cosine,"lr1e-05,wd0.01",777512438.9588594,0.0015550249037108628
baseline,0,baseline,20,layer4_lr3e-05_hd128_wd0.0_cosine,"lr3e-05,wd0.0",227998737.96242318,0.0004559975017179904
baseline,0,baseline,20,layer4_lr3e-05_hd128_wd0.01_cosine,"lr3e-05,wd0.01",164332659.02775797,0.00032866534384866
baseline,0,baseline,20,layer4_lr0.0001_hd128_wd0.0_cosine,"lr0.0001,wd0.0",2158496645.6484942,0.004316993317090133
baseline,0,baseline,20,layer4_lr0.0001_hd128_wd0.01_cosine,"lr0.0001,wd0.01",8213606.067461497,1.6427237928067043e-05
baseline,0,baseline,20,layer4_lr0.0003_hd128_wd0.0_cosine,"lr0.0003,wd0.0",5878030534.027381,0.011756061093847907
baseline,0,baseline,20,layer4_lr0.0003_hd128_wd0.01_cosine,"lr0.0003,wd0.01",398474.3590073899,7.969745111588293e-07
baseline,0,baseline,20,layer4_lr0.001_hd128_wd0.0_cosine,"lr0.001,wd0.0",8359085283.954464,0.01671817059370207
baseline,0,baseline,20,layer4_lr0.001_hd128_wd0.01_cosine,"lr0.001,wd0.01",142227128.18593374,0.00028445428216501153
baseline,0,baseline,20,layer4_lr0.003_hd128_wd0.0_cosine,"lr0.003,wd0.0",4944144860.183052,0.009888289746159249
baseline,0,baseline,20,layer4_lr0.003_hd128_wd0.01_cosine,"lr0.003,wd0.01",7792616168.653863,0.01558523236310087
baseline,0,baseline,50,layer4_lr1e-05_hd128_wd0.0_cosine,"lr1e-05,wd0.0",8241291.681673596,1.648260915649124e-05
baseline,0,baseline,50,layer4_lr1e-05_hd128_wd0.01_cosine,"lr1e-05,wd0.01",1305246.6652494427,2.6105191236429347e-06
baseline,0,baseline,50,layer4_lr3e-05_hd128_wd0.0_cosine,"lr3e-05,wd0.0",50787365.29584637,0.00010157475638483679
baseline,0,baseline,50,layer4_lr3e-05_hd128_wd0.01_cosine,"lr3e-05,wd0.01",14437294.582790148,2.8874614958724346e-05
baseline,0,baseline,50,layer4_lr0.0001_hd128_wd0.0_cosine,"lr0.0001,wd0.0",322342779.71028906,0.0006446855852137222
baseline,0,baseline,50,layer4_lr0.0001_hd128_wd0.01_cosine,"lr0.0001,wd0.01",2276693.1329952264,4.553412059134502e-06
baseline,0,baseline,50,layer4_lr0.0003_hd128_wd0.0_cosine,"lr0.0003,wd0.0",472552690.86254597,0.000945105407518236
baseline,0,baseline,50,layer4_lr0.0003_hd128_wd0.01_cosine,"lr0.0003,wd0.01",5057978.7241420485,1.0115983241428145e-05
baseline,0,baseline,50,layer4_lr0.001_hd128_wd0.0_cosine,"lr0.001,wd0.0",3862441176.3367243,0.007724882378466593
baseline,0,baseline,50,layer4_lr0.001_hd128_wd0.01_cosine,"lr0.001,wd0.01",1285610200.4159532,0.0025712204266250503
baseline,0,baseline,50,layer4_lr0.003_hd128_wd0.0_cosine,"lr0.003,wd0.0",1987130168.281171,0.003974260362355486
baseline,0,baseline,50,layer4_lr0.003_hd128_wd0.01_cosine,"lr0.003,wd0.01",4312034487.477773,0.00862406900074869
baseline,0,baseline,90,layer4_lr1e-05_hd128_wd0.0_cosine,"lr1e-05,wd0.0",12525157.904451024,2.5050341602046098e-05
baseline,0,baseline,90,layer4_lr1e-05_hd128_wd0.01_cosine,"lr1e-05,wd0.01",735102.1018232971,1.4702299967906437e-06
baseline,0,baseline,90,layer4_lr3e-05_hd128_wd0.0_cosine,"lr3e-05,wd0.0",5464644.279799304,1.0929314352742657e-05
baseline,0,baseline,90,layer4_lr3e-05_hd128_wd0.01_cosine,"lr3e-05,wd0.01",2468704.390983661,4.937434575111371e-06
baseline,0,baseline,90,layer4_lr0.0001_hd128_wd0.0_cosine,"lr0.0001,wd0.0",506819.4484736478,1.013664690091345e-06
baseline,0,baseline,90,layer4_lr0.0001_hd128_wd0.01_cosine,"lr0.0001,wd0.01",6692644.126032519,1.3385314045209086e-05
baseline,0,baseline,90,layer4_lr0.0003_hd128_wd0.0_cosine,"lr0.0003,wd0.0",4891988.088879598,9.784001970903246e-06
baseline,0,baseline,90,layer4_lr0.0003_hd128_wd0.01_cosine,"lr0.0003,wd0.01",9276899.721588025,1.85538252363201e-05
baseline,0,baseline,90,layer4_lr0.001_hd128_wd0.0_cosine,"lr0.001,wd0.0",348054245.51567924,0.0006961085168245025
baseline,0,baseline,90,layer4_lr0.001_hd128_wd0.01_cosine,"lr0.001,wd0.01",15890167.474527812,3.178036074219967e-05
baseline,0,baseline,90,layer4_lr0.003_hd128_wd0.0_cosine,"lr0.003,wd0.0",1964770.5935414487,3.929566980226947e-06
baseline,0,baseline,90,layer4_lr0.003_hd128_wd0.01_cosine,"lr0.003,wd0.01",53625443.42470715,0.00010725091264255835
