scale,epoch,target_hp,source_config,source_hp,nll,rank
[8],0,"lr1e-05,wd0.0",10,"lr=0.001, wd=0.01",18854889630.5034,1
[8],0,"lr1e-05,wd0.0",11,"lr=0.003, wd=0.0",21568972866.2381,2
[8],0,"lr1e-05,wd0.0",9,"lr=0.001, wd=0.0",28259419657.0606,3
[8],0,"lr1e-05,wd0.0",12,"lr=0.003, wd=0.01",31767074293.9482,4
[8],0,"lr1e-05,wd0.0",7,"lr=3e-04, wd=0.0",33361026581.5959,5
[8],0,"lr1e-05,wd0.0",8,"lr=3e-04, wd=0.01",51238432846.2581,6
[8],0,"lr1e-05,wd0.0",5,"lr=1e-04, wd=0.0",52146435735.8561,7
[8],0,"lr1e-05,wd0.0",6,"lr=1e-04, wd=0.01",77214191244.0881,8
[8],0,"lr1e-05,wd0.0",3,"lr=3e-05, wd=0.0",96887745494.7837,9
[8],0,"lr1e-05,wd0.0",4,"lr=3e-05, wd=0.01",120484395694.592,10
[8],0,"lr1e-05,wd0.0",1,"lr=1e-05, wd=0.0",181966628377.5514,11
[8],0,"lr1e-05,wd0.0",2,"lr=1e-05, wd=0.01",198250718179.0355,12
[8],0,"lr1e-05,wd0.01",10,"lr=0.001, wd=0.01",9829412040.8287,1
[8],0,"lr1e-05,wd0.01",11,"lr=0.003, wd=0.0",11570962275.3317,2
[8],0,"lr1e-05,wd0.01",9,"lr=0.001, wd=0.0",16578817452.1504,3
[8],0,"lr1e-05,wd0.01",12,"lr=0.003, wd=0.01",19567279630.1905,4
[8],0,"lr1e-05,wd0.01",7,"lr=3e-04, wd=0.0",20556567744.9806,5
[8],0,"lr1e-05,wd0.01",8,"lr=3e-04, wd=0.01",35327768463.9699,6
[8],0,"lr1e-05,wd0.01",5,"lr=1e-04, wd=0.0",36012137047.3661,7
[8],0,"lr1e-05,wd0.01",6,"lr=1e-04, wd=0.01",57381698266.949,8
[8],0,"lr1e-05,wd0.01",3,"lr=3e-05, wd=0.0",74176823082.3795,9
[8],0,"lr1e-05,wd0.01",4,"lr=3e-05, wd=0.01",95211612799.9278,10
[8],0,"lr1e-05,wd0.01",1,"lr=1e-05, wd=0.0",148813970921.3417,11
[8],0,"lr1e-05,wd0.01",2,"lr=1e-05, wd=0.01",165484497891.3293,12
[8],0,"lr3e-05,wd0.0",10,"lr=0.001, wd=0.01",32751729694.4087,1
[8],0,"lr3e-05,wd0.0",11,"lr=0.003, wd=0.0",36521434419.3371,2
[8],0,"lr3e-05,wd0.0",9,"lr=0.001, wd=0.0",44548065589.0679,3
[8],0,"lr3e-05,wd0.0",12,"lr=0.003, wd=0.01",50310262158.9363,4
[8],0,"lr3e-05,wd0.0",7,"lr=3e-04, wd=0.0",50358202050.6394,5
[8],0,"lr3e-05,wd0.0",8,"lr=3e-04, wd=0.01",71893388433.3528,6
[8],0,"lr3e-05,wd0.0",5,"lr=1e-04, wd=0.0",72092001419.0045,7
[8],0,"lr3e-05,wd0.0",6,"lr=1e-04, wd=0.01",101441730809.0906,8
[8],0,"lr3e-05,wd0.0",3,"lr=3e-05, wd=0.0",122488671695.5824,9
[8],0,"lr3e-05,wd0.0",4,"lr=3e-05, wd=0.01",148677988563.5545,10
[8],0,"lr3e-05,wd0.0",1,"lr=1e-05, wd=0.0",216464875430.8716,11
[8],0,"lr3e-05,wd0.0",2,"lr=1e-05, wd=0.01",233347397718.495,12
[8],0,"lr3e-05,wd0.01",10,"lr=0.001, wd=0.01",18191669150.5466,1
[8],0,"lr3e-05,wd0.01",11,"lr=0.003, wd=0.0",20650414417.6827,2
[8],0,"lr3e-05,wd0.01",9,"lr=0.001, wd=0.0",26807305633.9028,3
[8],0,"lr3e-05,wd0.01",7,"lr=3e-04, wd=0.0",31407753001.1542,4
[8],0,"lr3e-05,wd0.01",12,"lr=0.003, wd=0.01",31739982482.5487,5
[8],0,"lr3e-05,wd0.01",5,"lr=1e-04, wd=0.0",49229289096.5248,6
[8],0,"lr3e-05,wd0.01",8,"lr=3e-04, wd=0.01",49283414497.2301,7
[8],0,"lr3e-05,wd0.01",6,"lr=1e-04, wd=0.01",74221501073.913,8
[8],0,"lr3e-05,wd0.01",3,"lr=3e-05, wd=0.0",91949959599.8846,9
[8],0,"lr3e-05,wd0.01",4,"lr=3e-05, wd=0.01",115121821290.058,10
[8],0,"lr3e-05,wd0.01",1,"lr=1e-05, wd=0.0",174007572983.6758,11
[8],0,"lr3e-05,wd0.01",2,"lr=1e-05, wd=0.01",191127545967.8549,12
[8],0,"lr0.0001,wd0.0",10,"lr=0.001, wd=0.01",27704756627.0609,1
[8],0,"lr0.0001,wd0.0",11,"lr=0.003, wd=0.0",31704342004.1832,2
[8],0,"lr0.0001,wd0.0",9,"lr=0.001, wd=0.0",38239835031.5991,3
[8],0,"lr0.0001,wd0.0",7,"lr=3e-04, wd=0.0",42907097943.1368,4
[8],0,"lr0.0001,wd0.0",12,"lr=0.003, wd=0.01",45520221725.401,5
[8],0,"lr0.0001,wd0.0",5,"lr=1e-04, wd=0.0",62107417570.1722,6
[8],0,"lr0.0001,wd0.0",8,"lr=3e-04, wd=0.01",62916251885.863,7
[8],0,"lr0.0001,wd0.0",6,"lr=1e-04, wd=0.01",89493771211.171,8
[8],0,"lr0.0001,wd0.0",3,"lr=3e-05, wd=0.0",108757798644.0858,9
[8],0,"lr0.0001,wd0.0",4,"lr=3e-05, wd=0.01",133221365454.7501,10
[8],0,"lr0.0001,wd0.0",1,"lr=1e-05, wd=0.0",196749861417.9054,11
[8],0,"lr0.0001,wd0.0",2,"lr=1e-05, wd=0.01",212025176680.9391,12
[8],0,"lr0.0001,wd0.01",10,"lr=0.001, wd=0.01",25624953392.1627,1
[8],0,"lr0.0001,wd0.01",11,"lr=0.003, wd=0.0",28890376260.0978,2
[8],0,"lr0.0001,wd0.01",9,"lr=0.001, wd=0.0",35310184570.6257,3
[8],0,"lr0.0001,wd0.01",7,"lr=3e-04, wd=0.0",39898308877.9772,4
[8],0,"lr0.0001,wd0.01",12,"lr=0.003, wd=0.01",42911540212.1499,5
[8],0,"lr0.0001,wd0.01",5,"lr=1e-04, wd=0.0",58811243671.3946,6
[8],0,"lr0.0001,wd0.01",8,"lr=3e-04, wd=0.01",59852509148.7377,7
[8],0,"lr0.0001,wd0.01",6,"lr=1e-04, wd=0.01",85873885114.2929,8
[8],0,"lr0.0001,wd0.01",3,"lr=3e-05, wd=0.0",104261135634.9257,9
[8],0,"lr0.0001,wd0.01",4,"lr=3e-05, wd=0.01",128585229384.1277,10
[8],0,"lr0.0001,wd0.01",1,"lr=1e-05, wd=0.0",190023497135.4917,11
[8],0,"lr0.0001,wd0.01",2,"lr=1e-05, wd=0.01",206749723625.5846,12
[8],0,"lr0.0003,wd0.0",10,"lr=0.001, wd=0.01",14961572492.4185,1
[8],0,"lr0.0003,wd0.0",11,"lr=0.003, wd=0.0",18551775666.7897,2
[8],0,"lr0.0003,wd0.0",9,"lr=0.001, wd=0.0",22707987758.2874,3
[8],0,"lr0.0003,wd0.0",7,"lr=3e-04, wd=0.0",25832950608.0,4
[8],0,"lr0.0003,wd0.0",12,"lr=0.003, wd=0.01",30123203608.0307,5
[8],0,"lr0.0003,wd0.0",5,"lr=1e-04, wd=0.0",40555544852.7266,6
[8],0,"lr0.0003,wd0.0",8,"lr=3e-04, wd=0.01",41642765418.2771,7
[8],0,"lr0.0003,wd0.0",6,"lr=1e-04, wd=0.01",63037932153.0545,8
[8],0,"lr0.0003,wd0.0",3,"lr=3e-05, wd=0.0",79327136921.6593,9
[8],0,"lr0.0003,wd0.0",4,"lr=3e-05, wd=0.01",100155992119.7476,10
[8],0,"lr0.0003,wd0.0",1,"lr=1e-05, wd=0.0",154162818519.8201,11
[8],0,"lr0.0003,wd0.0",2,"lr=1e-05, wd=0.01",167060442467.0757,12
[8],0,"lr0.0003,wd0.01",10,"lr=0.001, wd=0.01",28108259236.0901,1
[8],0,"lr0.0003,wd0.01",11,"lr=0.003, wd=0.0",32269821524.6261,2
[8],0,"lr0.0003,wd0.01",9,"lr=0.001, wd=0.0",37956209284.5002,3
[8],0,"lr0.0003,wd0.01",7,"lr=3e-04, wd=0.0",42143228565.3561,4
[8],0,"lr0.0003,wd0.01",12,"lr=0.003, wd=0.01",47998554844.2744,5
[8],0,"lr0.0003,wd0.01",5,"lr=1e-04, wd=0.0",60824098295.9272,6
[8],0,"lr0.0003,wd0.01",8,"lr=3e-04, wd=0.01",62404559160.7677,7
[8],0,"lr0.0003,wd0.01",6,"lr=1e-04, wd=0.01",88085069453.9494,8
[8],0,"lr0.0003,wd0.01",3,"lr=3e-05, wd=0.0",106655375274.0175,9
[8],0,"lr0.0003,wd0.01",4,"lr=3e-05, wd=0.01",130928717149.0506,10
[8],0,"lr0.0003,wd0.01",1,"lr=1e-05, wd=0.0",191211308847.9309,11
[8],0,"lr0.0003,wd0.01",2,"lr=1e-05, wd=0.01",206984362634.1349,12
[8],0,"lr0.001,wd0.0",10,"lr=0.001, wd=0.01",10480658580.2392,1
[8],0,"lr0.001,wd0.0",11,"lr=0.003, wd=0.0",14105229780.7558,2
[8],0,"lr0.001,wd0.0",9,"lr=0.001, wd=0.0",16915078914.0699,3
[8],0,"lr0.001,wd0.0",7,"lr=3e-04, wd=0.0",19387889898.5476,4
[8],0,"lr0.001,wd0.0",12,"lr=0.003, wd=0.01",25008051667.3941,5
[8],0,"lr0.001,wd0.0",5,"lr=1e-04, wd=0.0",32023958211.982,6
[8],0,"lr0.001,wd0.0",8,"lr=3e-04, wd=0.01",33173861607.6029,7
[8],0,"lr0.001,wd0.0",6,"lr=1e-04, wd=0.01",52142333440.6602,8
[8],0,"lr0.001,wd0.0",3,"lr=3e-05, wd=0.0",67030299977.999,9
[8],0,"lr0.001,wd0.0",4,"lr=3e-05, wd=0.01",85995792353.3561,10
[8],0,"lr0.001,wd0.0",1,"lr=1e-05, wd=0.0",133326920884.4476,11
[8],0,"lr0.001,wd0.0",2,"lr=1e-05, wd=0.01",144542198484.2105,12
[8],0,"lr0.001,wd0.01",10,"lr=0.001, wd=0.01",26727580675.0386,1
[8],0,"lr0.001,wd0.01",11,"lr=0.003, wd=0.0",31681797150.331,2
[8],0,"lr0.001,wd0.01",9,"lr=0.001, wd=0.0",36210085975.2364,3
[8],0,"lr0.001,wd0.01",7,"lr=3e-04, wd=0.0",39992328977.1529,4
[8],0,"lr0.001,wd0.01",12,"lr=0.003, wd=0.01",48083842849.7665,5
[8],0,"lr0.001,wd0.01",5,"lr=1e-04, wd=0.0",57664853680.3582,6
[8],0,"lr0.001,wd0.01",8,"lr=3e-04, wd=0.01",59442725508.5741,7
[8],0,"lr0.001,wd0.01",6,"lr=1e-04, wd=0.01",84021024921.4612,8
[8],0,"lr0.001,wd0.01",3,"lr=3e-05, wd=0.0",102230218699.2921,9
[8],0,"lr0.001,wd0.01",4,"lr=3e-05, wd=0.01",125620048249.9306,10
[8],0,"lr0.001,wd0.01",1,"lr=1e-05, wd=0.0",181551817292.5451,11
[8],0,"lr0.001,wd0.01",2,"lr=1e-05, wd=0.01",195747955557.7449,12
[8],0,"lr0.003,wd0.0",10,"lr=0.001, wd=0.01",12105147818.0239,1
[8],0,"lr0.003,wd0.0",11,"lr=0.003, wd=0.0",16432651397.2299,2
[8],0,"lr0.003,wd0.0",9,"lr=0.001, wd=0.0",18881999916.3137,3
[8],0,"lr0.003,wd0.0",7,"lr=3e-04, wd=0.0",21466377281.8503,4
[8],0,"lr0.003,wd0.0",12,"lr=0.003, wd=0.01",28448483727.6219,5
[8],0,"lr0.003,wd0.0",5,"lr=1e-04, wd=0.0",34409067455.4235,6
[8],0,"lr0.003,wd0.0",8,"lr=3e-04, wd=0.01",35835852078.0479,7
[8],0,"lr0.003,wd0.0",6,"lr=1e-04, wd=0.01",54995510997.7422,8
[8],0,"lr0.003,wd0.0",3,"lr=3e-05, wd=0.0",70242451682.2333,9
[8],0,"lr0.003,wd0.0",4,"lr=3e-05, wd=0.01",89323326030.9969,10
[8],0,"lr0.003,wd0.0",1,"lr=1e-05, wd=0.0",133748684845.5059,11
[8],0,"lr0.003,wd0.0",2,"lr=1e-05, wd=0.01",144013729130.881,12
[8],0,"lr0.003,wd0.01",10,"lr=0.001, wd=0.01",22777510603.3395,1
[8],0,"lr0.003,wd0.01",11,"lr=0.003, wd=0.0",27982202088.1782,2
[8],0,"lr0.003,wd0.01",9,"lr=0.001, wd=0.0",31597486751.6752,3
[8],0,"lr0.003,wd0.01",7,"lr=3e-04, wd=0.0",35032570931.7985,4
[8],0,"lr0.003,wd0.01",12,"lr=0.003, wd=0.01",43827932541.2216,5
[8],0,"lr0.003,wd0.01",5,"lr=1e-04, wd=0.0",51260448535.539,6
[8],0,"lr0.003,wd0.01",8,"lr=3e-04, wd=0.01",53217125654.4805,7
[8],0,"lr0.003,wd0.01",6,"lr=1e-04, wd=0.01",76000735312.9919,8
[8],0,"lr0.003,wd0.01",3,"lr=3e-05, wd=0.0",93411987446.7395,9
[8],0,"lr0.003,wd0.01",4,"lr=3e-05, wd=0.01",115415160649.3717,10
[8],0,"lr0.003,wd0.01",1,"lr=1e-05, wd=0.0",165433890093.4504,11
[8],0,"lr0.003,wd0.01",2,"lr=1e-05, wd=0.01",177695766406.3192,12
[8],5,"lr1e-05,wd0.0",12,"lr=0.003, wd=0.01",813858395.873,1
[8],5,"lr1e-05,wd0.0",10,"lr=0.001, wd=0.01",1556143119.9235,2
[8],5,"lr1e-05,wd0.0",11,"lr=0.003, wd=0.0",4620093900.2035,3
[8],5,"lr1e-05,wd0.0",7,"lr=3e-04, wd=0.0",10467737734.0026,4
[8],5,"lr1e-05,wd0.0",9,"lr=0.001, wd=0.0",10906281071.4233,5
[8],5,"lr1e-05,wd0.0",3,"lr=3e-05, wd=0.0",10957751911.6341,6
[8],5,"lr1e-05,wd0.0",4,"lr=3e-05, wd=0.01",10998959966.9792,7
[8],5,"lr1e-05,wd0.0",5,"lr=1e-04, wd=0.0",11724695756.1069,8
[8],5,"lr1e-05,wd0.0",2,"lr=1e-05, wd=0.01",11760149199.8685,9
[8],5,"lr1e-05,wd0.0",8,"lr=3e-04, wd=0.01",11836874512.3689,10
[8],5,"lr1e-05,wd0.0",1,"lr=1e-05, wd=0.0",11897595404.0662,11
[8],5,"lr1e-05,wd0.0",6,"lr=1e-04, wd=0.01",13037118979.1666,12
[8],5,"lr1e-05,wd0.01",10,"lr=0.001, wd=0.01",28205587.6706,1
[8],5,"lr1e-05,wd0.01",12,"lr=0.003, wd=0.01",45695558.6731,2
[8],5,"lr1e-05,wd0.01",11,"lr=0.003, wd=0.0",904347432.7034,3
[8],5,"lr1e-05,wd0.01",9,"lr=0.001, wd=0.0",4965371616.525,4
[8],5,"lr1e-05,wd0.01",7,"lr=3e-04, wd=0.0",5261992544.6269,5
[8],5,"lr1e-05,wd0.01",4,"lr=3e-05, wd=0.01",5749959747.3748,6
[8],5,"lr1e-05,wd0.01",3,"lr=3e-05, wd=0.0",5848298286.633,7
[8],5,"lr1e-05,wd0.01",2,"lr=1e-05, wd=0.01",6027649871.3773,8
[8],5,"lr1e-05,wd0.01",1,"lr=1e-05, wd=0.0",6063606101.3208,9
[8],5,"lr1e-05,wd0.01",5,"lr=1e-04, wd=0.0",6300579450.887,10
[8],5,"lr1e-05,wd0.01",8,"lr=3e-04, wd=0.01",6576547869.4562,11
[8],5,"lr1e-05,wd0.01",6,"lr=1e-04, wd=0.01",7773599968.3793,12
[8],5,"lr3e-05,wd0.0",2,"lr=1e-05, wd=0.01",481164034.3961,1
[8],5,"lr3e-05,wd0.0",1,"lr=1e-05, wd=0.0",492063280.6326,2
[8],5,"lr3e-05,wd0.0",3,"lr=3e-05, wd=0.0",1084300671.1395,3
[8],5,"lr3e-05,wd0.0",4,"lr=3e-05, wd=0.01",1104176900.0086,4
[8],5,"lr3e-05,wd0.0",10,"lr=0.001, wd=0.01",1327304925.7957,5
[8],5,"lr3e-05,wd0.0",12,"lr=0.003, wd=0.01",1449850946.5225,6
[8],5,"lr3e-05,wd0.0",5,"lr=1e-04, wd=0.0",2639914571.5175,7
[8],5,"lr3e-05,wd0.0",6,"lr=1e-04, wd=0.01",3253856573.0918,8
[8],5,"lr3e-05,wd0.0",11,"lr=0.003, wd=0.0",4273100876.004,9
[8],5,"lr3e-05,wd0.0",8,"lr=3e-04, wd=0.01",4902096800.7071,10
[8],5,"lr3e-05,wd0.0",7,"lr=3e-04, wd=0.0",5368631698.2233,11
[8],5,"lr3e-05,wd0.0",9,"lr=0.001, wd=0.0",7664102560.9764,12
[8],5,"lr3e-05,wd0.01",10,"lr=0.001, wd=0.01",253360199.7416,1
[8],5,"lr3e-05,wd0.01",2,"lr=1e-05, wd=0.01",325639383.8966,2
[8],5,"lr3e-05,wd0.01",1,"lr=1e-05, wd=0.0",356341283.7479,3
[8],5,"lr3e-05,wd0.01",12,"lr=0.003, wd=0.01",373457613.1397,4
[8],5,"lr3e-05,wd0.01",3,"lr=3e-05, wd=0.0",505891198.9835,5
[8],5,"lr3e-05,wd0.01",4,"lr=3e-05, wd=0.01",523003282.3143,6
[8],5,"lr3e-05,wd0.01",5,"lr=1e-04, wd=0.0",1502262280.9247,7
[8],5,"lr3e-05,wd0.01",6,"lr=1e-04, wd=0.01",1900483825.4963,8
[8],5,"lr3e-05,wd0.01",11,"lr=0.003, wd=0.0",2304976300.8862,9
[8],5,"lr3e-05,wd0.01",8,"lr=3e-04, wd=0.01",2897067498.497,10
[8],5,"lr3e-05,wd0.01",7,"lr=3e-04, wd=0.0",3224329104.215,11
[8],5,"lr3e-05,wd0.01",9,"lr=0.001, wd=0.0",4793335440.1793,12
[8],5,"lr0.0001,wd0.0",8,"lr=3e-04, wd=0.01",2745786.8258,1
[8],5,"lr0.0001,wd0.0",7,"lr=3e-04, wd=0.0",11634402.3304,2
[8],5,"lr0.0001,wd0.0",10,"lr=0.001, wd=0.01",71874790.5372,3
[8],5,"lr0.0001,wd0.0",12,"lr=0.003, wd=0.01",107167308.6515,4
[8],5,"lr0.0001,wd0.0",11,"lr=0.003, wd=0.0",185590607.339,5
[8],5,"lr0.0001,wd0.0",6,"lr=1e-04, wd=0.01",297234223.562,6
[8],5,"lr0.0001,wd0.0",9,"lr=0.001, wd=0.0",299871802.5037,7
[8],5,"lr0.0001,wd0.0",5,"lr=1e-04, wd=0.0",455162945.6746,8
[8],5,"lr0.0001,wd0.0",3,"lr=3e-05, wd=0.0",1370306246.2458,9
[8],5,"lr0.0001,wd0.0",4,"lr=3e-05, wd=0.01",1432871765.1668,10
[8],5,"lr0.0001,wd0.0",2,"lr=1e-05, wd=0.01",2291554279.1802,11
[8],5,"lr0.0001,wd0.0",1,"lr=1e-05, wd=0.0",2346515147.2974,12
[8],5,"lr0.0001,wd0.01",1,"lr=1e-05, wd=0.0",4660662.2997,1
[8],5,"lr0.0001,wd0.01",2,"lr=1e-05, wd=0.01",5845345.9655,2
[8],5,"lr0.0001,wd0.01",4,"lr=3e-05, wd=0.01",9279005.9133,3
[8],5,"lr0.0001,wd0.01",3,"lr=3e-05, wd=0.0",10396006.8843,4
[8],5,"lr0.0001,wd0.01",5,"lr=1e-04, wd=0.0",237708719.0951,5
[8],5,"lr0.0001,wd0.01",6,"lr=1e-04, wd=0.01",373126252.4616,6
[8],5,"lr0.0001,wd0.01",10,"lr=0.001, wd=0.01",914179923.6317,7
[8],5,"lr0.0001,wd0.01",12,"lr=0.003, wd=0.01",1062728776.6802,8
[8],5,"lr0.0001,wd0.01",8,"lr=3e-04, wd=0.01",1208320752.9067,9
[8],5,"lr0.0001,wd0.01",7,"lr=3e-04, wd=0.0",1651082352.0656,10
[8],5,"lr0.0001,wd0.01",11,"lr=0.003, wd=0.0",2963620856.3887,11
[8],5,"lr0.0001,wd0.01",9,"lr=0.001, wd=0.0",3216975086.8215,12
[8],5,"lr0.0003,wd0.0",11,"lr=0.003, wd=0.0",4532257526.3323,1
[8],5,"lr0.0003,wd0.0",9,"lr=0.001, wd=0.0",4621500153.2239,2
[8],5,"lr0.0003,wd0.0",7,"lr=3e-04, wd=0.0",6302222636.2699,3
[8],5,"lr0.0003,wd0.0",8,"lr=3e-04, wd=0.01",7208734961.4571,4
[8],5,"lr0.0003,wd0.0",10,"lr=0.001, wd=0.01",7869533700.866,5
[8],5,"lr0.0003,wd0.0",12,"lr=0.003, wd=0.01",8851716255.6407,6
[8],5,"lr0.0003,wd0.0",6,"lr=1e-04, wd=0.01",9744376179.6617,7
[8],5,"lr0.0003,wd0.0",5,"lr=1e-04, wd=0.0",10395394906.1358,8
[8],5,"lr0.0003,wd0.0",3,"lr=3e-05, wd=0.0",13012383548.2624,9
[8],5,"lr0.0003,wd0.0",4,"lr=3e-05, wd=0.01",13232934906.6416,10
[8],5,"lr0.0003,wd0.0",2,"lr=1e-05, wd=0.01",15038178085.5508,11
[8],5,"lr0.0003,wd0.0",1,"lr=1e-05, wd=0.0",15191565390.8994,12
[8],5,"lr0.0003,wd0.01",4,"lr=3e-05, wd=0.01",6529146.248,1
[8],5,"lr0.0003,wd0.01",3,"lr=3e-05, wd=0.0",11241333.7384,2
[8],5,"lr0.0003,wd0.01",5,"lr=1e-04, wd=0.0",18474687.541,3
[8],5,"lr0.0003,wd0.01",2,"lr=1e-05, wd=0.01",58737930.8147,4
[8],5,"lr0.0003,wd0.01",1,"lr=1e-05, wd=0.0",71651306.4506,5
[8],5,"lr0.0003,wd0.01",6,"lr=1e-04, wd=0.01",85373712.9595,6
[8],5,"lr0.0003,wd0.01",12,"lr=0.003, wd=0.01",203028941.6399,7
[8],5,"lr0.0003,wd0.01",10,"lr=0.001, wd=0.01",226860173.9261,8
[8],5,"lr0.0003,wd0.01",8,"lr=3e-04, wd=0.01",434333600.2091,9
[8],5,"lr0.0003,wd0.01",7,"lr=3e-04, wd=0.0",582010410.6442,10
[8],5,"lr0.0003,wd0.01",9,"lr=0.001, wd=0.0",1337139153.8019,11
[8],5,"lr0.0003,wd0.01",11,"lr=0.003, wd=0.0",1444059545.984,12
[8],5,"lr0.001,wd0.0",11,"lr=0.003, wd=0.0",9819596978.0085,1
[8],5,"lr0.001,wd0.0",9,"lr=0.001, wd=0.0",9869159273.5439,2
[8],5,"lr0.001,wd0.0",7,"lr=3e-04, wd=0.0",12416631861.5886,3
[8],5,"lr0.001,wd0.0",8,"lr=3e-04, wd=0.01",13129644984.6392,4
[8],5,"lr0.001,wd0.0",10,"lr=0.001, wd=0.01",14259317383.9078,5
[8],5,"lr0.001,wd0.0",12,"lr=0.003, wd=0.01",15414341653.5305,6
[8],5,"lr0.001,wd0.0",6,"lr=1e-04, wd=0.01",16846025957.1948,7
[8],5,"lr0.001,wd0.0",5,"lr=1e-04, wd=0.0",18137863878.1957,8
[8],5,"lr0.001,wd0.0",4,"lr=3e-05, wd=0.01",21028909026.1408,9
[8],5,"lr0.001,wd0.0",3,"lr=3e-05, wd=0.0",21173008685.431,10
[8],5,"lr0.001,wd0.0",2,"lr=1e-05, wd=0.01",22512607686.4134,11
[8],5,"lr0.001,wd0.0",1,"lr=1e-05, wd=0.0",22810133595.7073,12
[8],5,"lr0.001,wd0.01",8,"lr=3e-04, wd=0.01",10260822.404,1
[8],5,"lr0.001,wd0.01",7,"lr=3e-04, wd=0.0",29556101.3162,2
[8],5,"lr0.001,wd0.01",9,"lr=0.001, wd=0.0",288247578.7966,3
[8],5,"lr0.001,wd0.01",11,"lr=0.003, wd=0.0",304599598.9462,4
[8],5,"lr0.001,wd0.01",12,"lr=0.003, wd=0.01",323344397.6897,5
[8],5,"lr0.001,wd0.01",10,"lr=0.001, wd=0.01",439447612.3021,6
[8],5,"lr0.001,wd0.01",6,"lr=1e-04, wd=0.01",510757610.3136,7
[8],5,"lr0.001,wd0.01",2,"lr=1e-05, wd=0.01",719050241.9287,8
[8],5,"lr0.001,wd0.01",1,"lr=1e-05, wd=0.0",854711979.7114,9
[8],5,"lr0.001,wd0.01",4,"lr=3e-05, wd=0.01",981276999.0247,10
[8],5,"lr0.001,wd0.01",5,"lr=1e-04, wd=0.0",1175028164.9948,11
[8],5,"lr0.001,wd0.01",3,"lr=3e-05, wd=0.0",1359618627.0964,12
[8],5,"lr0.003,wd0.0",11,"lr=0.003, wd=0.0",8346459405.8309,1
[8],5,"lr0.003,wd0.0",9,"lr=0.001, wd=0.0",8607964998.2854,2
[8],5,"lr0.003,wd0.0",7,"lr=3e-04, wd=0.0",11800911116.6356,3
[8],5,"lr0.003,wd0.0",8,"lr=3e-04, wd=0.01",12504515424.0857,4
[8],5,"lr0.003,wd0.0",10,"lr=0.001, wd=0.01",13980811453.4243,5
[8],5,"lr0.003,wd0.0",12,"lr=0.003, wd=0.01",14806993401.1536,6
[8],5,"lr0.003,wd0.0",6,"lr=1e-04, wd=0.01",16825413662.0802,7
[8],5,"lr0.003,wd0.0",5,"lr=1e-04, wd=0.0",18335053037.6125,8
[8],5,"lr0.003,wd0.0",3,"lr=3e-05, wd=0.0",21709121611.3475,9
[8],5,"lr0.003,wd0.0",4,"lr=3e-05, wd=0.01",21738425457.956,10
[8],5,"lr0.003,wd0.0",2,"lr=1e-05, wd=0.01",24629167818.4565,11
[8],5,"lr0.003,wd0.0",1,"lr=1e-05, wd=0.0",24645285517.925,12
[8],5,"lr0.003,wd0.01",5,"lr=1e-04, wd=0.0",9068409176.3947,1
[8],5,"lr0.003,wd0.01",3,"lr=3e-05, wd=0.0",9678003767.654,2
[8],5,"lr0.003,wd0.01",10,"lr=0.001, wd=0.01",9876112844.0044,3
[8],5,"lr0.003,wd0.01",6,"lr=1e-04, wd=0.01",10025577047.1284,4
[8],5,"lr0.003,wd0.01",4,"lr=3e-05, wd=0.01",10065971046.2013,5
[8],5,"lr0.003,wd0.01",12,"lr=0.003, wd=0.01",11126884339.5065,6
[8],5,"lr0.003,wd0.01",8,"lr=3e-04, wd=0.01",11451533803.7766,7
[8],5,"lr0.003,wd0.01",7,"lr=3e-04, wd=0.0",11754172484.6865,8
[8],5,"lr0.003,wd0.01",2,"lr=1e-05, wd=0.01",12020952235.0613,9
[8],5,"lr0.003,wd0.01",1,"lr=1e-05, wd=0.0",12136033181.8039,10
[8],5,"lr0.003,wd0.01",9,"lr=0.001, wd=0.0",13760986252.4836,11
[8],5,"lr0.003,wd0.01",11,"lr=0.003, wd=0.0",13967313755.8539,12
[8],10,"lr1e-05,wd0.0",10,"lr=0.001, wd=0.01",985734465.8217,1
[8],10,"lr1e-05,wd0.0",12,"lr=0.003, wd=0.01",1250399937.6265,2
[8],10,"lr1e-05,wd0.0",2,"lr=1e-05, wd=0.01",1743090823.5802,3
[8],10,"lr1e-05,wd0.0",1,"lr=1e-05, wd=0.0",1897167778.8088,4
[8],10,"lr1e-05,wd0.0",3,"lr=3e-05, wd=0.0",2453235736.4293,5
[8],10,"lr1e-05,wd0.0",4,"lr=3e-05, wd=0.01",2624796810.1336,6
[8],10,"lr1e-05,wd0.0",11,"lr=0.003, wd=0.0",3583166493.1148,7
[8],10,"lr1e-05,wd0.0",5,"lr=1e-04, wd=0.0",5022192677.1328,8
[8],10,"lr1e-05,wd0.0",6,"lr=1e-04, wd=0.01",5829117730.5777,9
[8],10,"lr1e-05,wd0.0",8,"lr=3e-04, wd=0.01",6728029322.1026,10
[8],10,"lr1e-05,wd0.0",7,"lr=3e-04, wd=0.0",6770611133.3762,11
[8],10,"lr1e-05,wd0.0",9,"lr=0.001, wd=0.0",7264461723.5869,12
[8],10,"lr1e-05,wd0.01",10,"lr=0.001, wd=0.01",414625104.3879,1
[8],10,"lr1e-05,wd0.01",12,"lr=0.003, wd=0.01",725011893.4038,2
[8],10,"lr1e-05,wd0.01",2,"lr=1e-05, wd=0.01",1879268562.5142,3
[8],10,"lr1e-05,wd0.01",1,"lr=1e-05, wd=0.0",1961145026.3631,4
[8],10,"lr1e-05,wd0.01",3,"lr=3e-05, wd=0.0",2313171307.0015,5
[8],10,"lr1e-05,wd0.01",11,"lr=0.003, wd=0.0",2372317314.3943,6
[8],10,"lr1e-05,wd0.01",4,"lr=3e-05, wd=0.01",2407682302.7446,7
[8],10,"lr1e-05,wd0.01",5,"lr=1e-04, wd=0.0",4144399919.906,8
[8],10,"lr1e-05,wd0.01",6,"lr=1e-04, wd=0.01",4720518043.2678,9
[8],10,"lr1e-05,wd0.01",7,"lr=3e-04, wd=0.0",4989991891.4543,10
[8],10,"lr1e-05,wd0.01",9,"lr=0.001, wd=0.0",5061458205.3982,11
[8],10,"lr1e-05,wd0.01",8,"lr=3e-04, wd=0.01",5252077354.2358,12
[8],10,"lr3e-05,wd0.0",2,"lr=1e-05, wd=0.01",57078076.6303,1
[8],10,"lr3e-05,wd0.0",1,"lr=1e-05, wd=0.0",75785212.0629,2
[8],10,"lr3e-05,wd0.0",4,"lr=3e-05, wd=0.01",311123095.0785,3
[8],10,"lr3e-05,wd0.0",3,"lr=3e-05, wd=0.0",324479571.7834,4
[8],10,"lr3e-05,wd0.0",10,"lr=0.001, wd=0.01",563644455.7018,5
[8],10,"lr3e-05,wd0.0",12,"lr=0.003, wd=0.01",628757359.2835,6
[8],10,"lr3e-05,wd0.0",5,"lr=1e-04, wd=0.0",789103283.5215,7
[8],10,"lr3e-05,wd0.0",6,"lr=1e-04, wd=0.01",1086981650.0773,8
[8],10,"lr3e-05,wd0.0",8,"lr=3e-04, wd=0.01",2059149017.3983,9
[8],10,"lr3e-05,wd0.0",11,"lr=0.003, wd=0.0",2135388431.0732,10
[8],10,"lr3e-05,wd0.0",7,"lr=3e-04, wd=0.0",2574295177.3068,11
[8],10,"lr3e-05,wd0.0",9,"lr=0.001, wd=0.0",3335968011.9414,12
[8],10,"lr3e-05,wd0.01",10,"lr=0.001, wd=0.01",1263039.4827,1
[8],10,"lr3e-05,wd0.01",12,"lr=0.003, wd=0.01",4466243.6377,2
[8],10,"lr3e-05,wd0.01",3,"lr=3e-05, wd=0.0",28705800.6044,3
[8],10,"lr3e-05,wd0.01",5,"lr=1e-04, wd=0.0",31847198.138,4
[8],10,"lr3e-05,wd0.01",4,"lr=3e-05, wd=0.01",38376319.6233,5
[8],10,"lr3e-05,wd0.01",6,"lr=1e-04, wd=0.01",104256673.3359,6
[8],10,"lr3e-05,wd0.01",1,"lr=1e-05, wd=0.0",149980167.5082,7
[8],10,"lr3e-05,wd0.01",2,"lr=1e-05, wd=0.01",207621418.5717,8
[8],10,"lr3e-05,wd0.01",8,"lr=3e-04, wd=0.01",540652758.7173,9
[8],10,"lr3e-05,wd0.01",11,"lr=0.003, wd=0.0",605443737.7796,10
[8],10,"lr3e-05,wd0.01",7,"lr=3e-04, wd=0.0",856797959.6998,11
[8],10,"lr3e-05,wd0.01",9,"lr=0.001, wd=0.0",1364307877.6661,12
[8],10,"lr0.0001,wd0.0",9,"lr=0.001, wd=0.0",176810024.0166,1
[8],10,"lr0.0001,wd0.0",11,"lr=0.003, wd=0.0",297010570.5081,2
[8],10,"lr0.0001,wd0.0",7,"lr=3e-04, wd=0.0",431669133.1403,3
[8],10,"lr0.0001,wd0.0",8,"lr=3e-04, wd=0.01",782899099.5235,4
[8],10,"lr0.0001,wd0.0",10,"lr=0.001, wd=0.01",1309038701.1788,5
[8],10,"lr0.0001,wd0.0",12,"lr=0.003, wd=0.01",1750967859.6913,6
[8],10,"lr0.0001,wd0.0",6,"lr=1e-04, wd=0.01",1858580883.6219,7
[8],10,"lr0.0001,wd0.0",5,"lr=1e-04, wd=0.0",2198640577.959,8
[8],10,"lr0.0001,wd0.0",3,"lr=3e-05, wd=0.0",3430191380.8356,9
[8],10,"lr0.0001,wd0.0",4,"lr=3e-05, wd=0.01",3442075327.7796,10
[8],10,"lr0.0001,wd0.0",2,"lr=1e-05, wd=0.01",4452077396.8875,11
[8],10,"lr0.0001,wd0.0",1,"lr=1e-05, wd=0.0",4574588013.9542,12
[8],10,"lr0.0001,wd0.01",12,"lr=0.003, wd=0.01",344911.9197,1
[8],10,"lr0.0001,wd0.01",10,"lr=0.001, wd=0.01",3070927.7582,2
[8],10,"lr0.0001,wd0.01",6,"lr=1e-04, wd=0.01",23276451.6467,3
[8],10,"lr0.0001,wd0.01",8,"lr=3e-04, wd=0.01",69684737.0244,4
[8],10,"lr0.0001,wd0.01",5,"lr=1e-04, wd=0.0",69925935.3076,5
[8],10,"lr0.0001,wd0.01",7,"lr=3e-04, wd=0.0",194391574.5543,6
[8],10,"lr0.0001,wd0.01",3,"lr=3e-05, wd=0.0",273003778.5224,7
[8],10,"lr0.0001,wd0.01",4,"lr=3e-05, wd=0.01",291416059.3314,8
[8],10,"lr0.0001,wd0.01",11,"lr=0.003, wd=0.0",462651074.6718,9
[8],10,"lr0.0001,wd0.01",9,"lr=0.001, wd=0.0",597538474.9072,10
[8],10,"lr0.0001,wd0.01",1,"lr=1e-05, wd=0.0",600838536.7336,11
[8],10,"lr0.0001,wd0.01",2,"lr=1e-05, wd=0.01",645750758.2145,12
[8],10,"lr0.0003,wd0.0",9,"lr=0.001, wd=0.0",7649604652.8397,1
[8],10,"lr0.0003,wd0.0",11,"lr=0.003, wd=0.0",7933144472.2865,2
[8],10,"lr0.0003,wd0.0",7,"lr=3e-04, wd=0.0",8783572446.6297,3
[8],10,"lr0.0003,wd0.0",8,"lr=3e-04, wd=0.01",9887659637.9487,4
[8],10,"lr0.0003,wd0.0",10,"lr=0.001, wd=0.01",10651920954.0713,5
[8],10,"lr0.0003,wd0.0",12,"lr=0.003, wd=0.01",11847449842.5261,6
[8],10,"lr0.0003,wd0.0",6,"lr=1e-04, wd=0.01",12584800083.7998,7
[8],10,"lr0.0003,wd0.0",5,"lr=1e-04, wd=0.0",13239413024.2464,8
[8],10,"lr0.0003,wd0.0",4,"lr=3e-05, wd=0.01",15707058126.6699,9
[8],10,"lr0.0003,wd0.0",3,"lr=3e-05, wd=0.0",15743312163.2693,10
[8],10,"lr0.0003,wd0.0",2,"lr=1e-05, wd=0.01",16956254736.9076,11
[8],10,"lr0.0003,wd0.0",1,"lr=1e-05, wd=0.0",17103213229.6402,12
[8],10,"lr0.0003,wd0.01",12,"lr=0.003, wd=0.01",203467.5041,1
[8],10,"lr0.0003,wd0.01",10,"lr=0.001, wd=0.01",2172322.3223,2
[8],10,"lr0.0003,wd0.01",8,"lr=3e-04, wd=0.01",8395794.613,3
[8],10,"lr0.0003,wd0.01",7,"lr=3e-04, wd=0.0",54036270.0862,4
[8],10,"lr0.0003,wd0.01",6,"lr=1e-04, wd=0.01",106398221.2714,5
[8],10,"lr0.0003,wd0.01",5,"lr=1e-04, wd=0.0",193054113.255,6
[8],10,"lr0.0003,wd0.01",9,"lr=0.001, wd=0.0",315047549.6586,7
[8],10,"lr0.0003,wd0.01",11,"lr=0.003, wd=0.0",359713277.7233,8
[8],10,"lr0.0003,wd0.01",4,"lr=3e-05, wd=0.01",440097573.7375,9
[8],10,"lr0.0003,wd0.01",3,"lr=3e-05, wd=0.0",446011449.4446,10
[8],10,"lr0.0003,wd0.01",1,"lr=1e-05, wd=0.0",740929149.2365,11
[8],10,"lr0.0003,wd0.01",2,"lr=1e-05, wd=0.01",788435918.2266,12
[8],10,"lr0.001,wd0.0",11,"lr=0.003, wd=0.0",10223667364.836,1
[8],10,"lr0.001,wd0.0",9,"lr=0.001, wd=0.0",10270874468.759,2
[8],10,"lr0.001,wd0.0",7,"lr=3e-04, wd=0.0",11196828626.6492,3
[8],10,"lr0.001,wd0.0",8,"lr=3e-04, wd=0.01",12416133423.2605,4
[8],10,"lr0.001,wd0.0",10,"lr=0.001, wd=0.01",12994703768.2437,5
[8],10,"lr0.001,wd0.0",12,"lr=0.003, wd=0.01",14099057048.6245,6
[8],10,"lr0.001,wd0.0",6,"lr=1e-04, wd=0.01",14813833088.7876,7
[8],10,"lr0.001,wd0.0",5,"lr=1e-04, wd=0.0",15334242177.1906,8
[8],10,"lr0.001,wd0.0",2,"lr=1e-05, wd=0.01",15595197991.3677,9
[8],10,"lr0.001,wd0.0",1,"lr=1e-05, wd=0.0",15618124967.4527,10
[8],10,"lr0.001,wd0.0",3,"lr=3e-05, wd=0.0",16480858789.0942,11
[8],10,"lr0.001,wd0.0",4,"lr=3e-05, wd=0.01",16490386964.6367,12
[8],10,"lr0.001,wd0.01",3,"lr=3e-05, wd=0.0",189447293.2948,1
[8],10,"lr0.001,wd0.01",4,"lr=3e-05, wd=0.01",205723773.6124,2
[8],10,"lr0.001,wd0.01",5,"lr=1e-04, wd=0.0",283935977.1389,3
[8],10,"lr0.001,wd0.01",2,"lr=1e-05, wd=0.01",382424441.2487,4
[8],10,"lr0.001,wd0.01",1,"lr=1e-05, wd=0.0",403722134.5442,5
[8],10,"lr0.001,wd0.01",12,"lr=0.003, wd=0.01",407079054.5253,6
[8],10,"lr0.001,wd0.01",6,"lr=1e-04, wd=0.01",449758472.4676,7
[8],10,"lr0.001,wd0.01",10,"lr=0.001, wd=0.01",500909861.8029,8
[8],10,"lr0.001,wd0.01",8,"lr=3e-04, wd=0.01",1007980212.9144,9
[8],10,"lr0.001,wd0.01",7,"lr=3e-04, wd=0.0",1317961194.652,10
[8],10,"lr0.001,wd0.01",11,"lr=0.003, wd=0.0",1822699531.4037,11
[8],10,"lr0.001,wd0.01",9,"lr=0.001, wd=0.0",1934313746.4927,12
[8],10,"lr0.003,wd0.0",9,"lr=0.001, wd=0.0",4480789367.0309,1
[8],10,"lr0.003,wd0.0",11,"lr=0.003, wd=0.0",4509717437.7348,2
[8],10,"lr0.003,wd0.0",7,"lr=3e-04, wd=0.0",5145900800.6493,3
[8],10,"lr0.003,wd0.0",8,"lr=3e-04, wd=0.01",5906007489.2323,4
[8],10,"lr0.003,wd0.0",10,"lr=0.001, wd=0.01",6453841502.1049,5
[8],10,"lr0.003,wd0.0",12,"lr=0.003, wd=0.01",7315377944.5497,6
[8],10,"lr0.003,wd0.0",6,"lr=1e-04, wd=0.01",7538517866.5174,7
[8],10,"lr0.003,wd0.0",5,"lr=1e-04, wd=0.0",8007498280.8184,8
[8],10,"lr0.003,wd0.0",1,"lr=1e-05, wd=0.0",8025436667.5185,9
[8],10,"lr0.003,wd0.0",2,"lr=1e-05, wd=0.01",8113942219.1156,10
[8],10,"lr0.003,wd0.0",3,"lr=3e-05, wd=0.0",8483188179.5946,11
[8],10,"lr0.003,wd0.0",4,"lr=3e-05, wd=0.01",8488154778.8967,12
[8],10,"lr0.003,wd0.01",5,"lr=1e-04, wd=0.0",12439983.557,1
[8],10,"lr0.003,wd0.01",3,"lr=3e-05, wd=0.0",43559573.1528,2
[8],10,"lr0.003,wd0.01",6,"lr=1e-04, wd=0.01",171882802.2282,3
[8],10,"lr0.003,wd0.01",4,"lr=3e-05, wd=0.01",189986243.9328,4
[8],10,"lr0.003,wd0.01",1,"lr=1e-05, wd=0.0",299006803.4258,5
[8],10,"lr0.003,wd0.01",2,"lr=1e-05, wd=0.01",332616681.3123,6
[8],10,"lr0.003,wd0.01",10,"lr=0.001, wd=0.01",707129273.7563,7
[8],10,"lr0.003,wd0.01",8,"lr=3e-04, wd=0.01",1127172502.4512,8
[8],10,"lr0.003,wd0.01",7,"lr=3e-04, wd=0.0",1390518724.253,9
[8],10,"lr0.003,wd0.01",12,"lr=0.003, wd=0.01",1395962282.3711,10
[8],10,"lr0.003,wd0.01",9,"lr=0.001, wd=0.0",3391533905.6083,11
[8],10,"lr0.003,wd0.01",11,"lr=0.003, wd=0.0",3954832602.7804,12
[8],20,"lr1e-05,wd0.0",10,"lr=0.001, wd=0.01",234227.823,1
[8],20,"lr1e-05,wd0.0",12,"lr=0.003, wd=0.01",73391909.5441,2
[8],20,"lr1e-05,wd0.0",3,"lr=3e-05, wd=0.0",85192601.9416,3
[8],20,"lr1e-05,wd0.0",11,"lr=0.003, wd=0.0",93096449.8773,4
[8],20,"lr1e-05,wd0.0",4,"lr=3e-05, wd=0.01",109663312.9364,5
[8],20,"lr1e-05,wd0.0",5,"lr=1e-04, wd=0.0",114756834.2396,6
[8],20,"lr1e-05,wd0.0",6,"lr=1e-04, wd=0.01",158812965.8083,7
[8],20,"lr1e-05,wd0.0",1,"lr=1e-05, wd=0.0",166994433.2255,8
[8],20,"lr1e-05,wd0.0",2,"lr=1e-05, wd=0.01",179965787.2388,9
[8],20,"lr1e-05,wd0.0",8,"lr=3e-04, wd=0.01",352299350.974,10
[8],20,"lr1e-05,wd0.0",9,"lr=0.001, wd=0.0",589332395.625,11
[8],20,"lr1e-05,wd0.0",7,"lr=3e-04, wd=0.0",976389838.8777,12
[8],20,"lr1e-05,wd0.01",11,"lr=0.003, wd=0.0",27213.7674,1
[8],20,"lr1e-05,wd0.01",5,"lr=1e-04, wd=0.0",540848.0725,2
[8],20,"lr1e-05,wd0.01",6,"lr=1e-04, wd=0.01",10510045.6085,3
[8],20,"lr1e-05,wd0.01",8,"lr=3e-04, wd=0.01",111189765.1052,4
[8],20,"lr1e-05,wd0.01",10,"lr=0.001, wd=0.01",160213623.6134,5
[8],20,"lr1e-05,wd0.01",9,"lr=0.001, wd=0.0",226004487.8799,6
[8],20,"lr1e-05,wd0.01",12,"lr=0.003, wd=0.01",426311500.2705,7
[8],20,"lr1e-05,wd0.01",3,"lr=3e-05, wd=0.0",434742178.4267,8
[8],20,"lr1e-05,wd0.01",4,"lr=3e-05, wd=0.01",514269868.3772,9
[8],20,"lr1e-05,wd0.01",7,"lr=3e-04, wd=0.0",520695859.9039,10
[8],20,"lr1e-05,wd0.01",1,"lr=1e-05, wd=0.0",613944659.982,11
[8],20,"lr1e-05,wd0.01",2,"lr=1e-05, wd=0.01",677309076.3139,12
[8],20,"lr3e-05,wd0.0",6,"lr=1e-04, wd=0.01",6817881.7824,1
[8],20,"lr3e-05,wd0.0",8,"lr=3e-04, wd=0.01",23034605.9728,2
[8],20,"lr3e-05,wd0.0",11,"lr=0.003, wd=0.0",44443099.4127,3
[8],20,"lr3e-05,wd0.0",5,"lr=1e-04, wd=0.0",44924371.454,4
[8],20,"lr3e-05,wd0.0",10,"lr=0.001, wd=0.01",56135064.6287,5
[8],20,"lr3e-05,wd0.0",7,"lr=3e-04, wd=0.0",127680258.1796,6
[8],20,"lr3e-05,wd0.0",9,"lr=0.001, wd=0.0",161501249.1914,7
[8],20,"lr3e-05,wd0.0",3,"lr=3e-05, wd=0.0",178311090.0003,8
[8],20,"lr3e-05,wd0.0",4,"lr=3e-05, wd=0.01",216146853.6288,9
[8],20,"lr3e-05,wd0.0",12,"lr=0.003, wd=0.01",234854288.9406,10
[8],20,"lr3e-05,wd0.0",1,"lr=1e-05, wd=0.0",367494875.8554,11
[8],20,"lr3e-05,wd0.0",2,"lr=1e-05, wd=0.01",414177341.1147,12
[8],20,"lr3e-05,wd0.01",12,"lr=0.003, wd=0.01",575119.2714,1
[8],20,"lr3e-05,wd0.01",3,"lr=3e-05, wd=0.0",902208.4013,2
[8],20,"lr3e-05,wd0.01",4,"lr=3e-05, wd=0.01",4245343.2494,3
[8],20,"lr3e-05,wd0.01",1,"lr=1e-05, wd=0.0",8303862.3877,4
[8],20,"lr3e-05,wd0.01",10,"lr=0.001, wd=0.01",11493935.8116,5
[8],20,"lr3e-05,wd0.01",5,"lr=1e-04, wd=0.0",14213306.8903,6
[8],20,"lr3e-05,wd0.01",2,"lr=1e-05, wd=0.01",20782440.5408,7
[8],20,"lr3e-05,wd0.01",6,"lr=1e-04, wd=0.01",58404201.8645,8
[8],20,"lr3e-05,wd0.01",8,"lr=3e-04, wd=0.01",232858862.0872,9
[8],20,"lr3e-05,wd0.01",11,"lr=0.003, wd=0.0",308113699.4917,10
[8],20,"lr3e-05,wd0.01",7,"lr=3e-04, wd=0.0",408572600.815,11
[8],20,"lr3e-05,wd0.01",9,"lr=0.001, wd=0.0",485112195.3581,12
[8],20,"lr0.0001,wd0.0",9,"lr=0.001, wd=0.0",1631238784.5398,1
[8],20,"lr0.0001,wd0.0",7,"lr=3e-04, wd=0.0",1741837708.8874,2
[8],20,"lr0.0001,wd0.0",11,"lr=0.003, wd=0.0",1765075923.665,3
[8],20,"lr0.0001,wd0.0",8,"lr=3e-04, wd=0.01",2173718922.7921,4
[8],20,"lr0.0001,wd0.0",10,"lr=0.001, wd=0.01",2854826915.551,5
[8],20,"lr0.0001,wd0.0",6,"lr=1e-04, wd=0.01",3001322679.5431,6
[8],20,"lr0.0001,wd0.0",5,"lr=1e-04, wd=0.0",3327126457.6386,7
[8],20,"lr0.0001,wd0.0",12,"lr=0.003, wd=0.01",3508606484.5932,8
[8],20,"lr0.0001,wd0.0",3,"lr=3e-05, wd=0.0",4109525939.8811,9
[8],20,"lr0.0001,wd0.0",4,"lr=3e-05, wd=0.01",4149493663.602,10
[8],20,"lr0.0001,wd0.0",1,"lr=1e-05, wd=0.0",4335789588.4046,11
[8],20,"lr0.0001,wd0.0",2,"lr=1e-05, wd=0.01",4387310644.5394,12
[8],20,"lr0.0001,wd0.01",7,"lr=3e-04, wd=0.0",4921428.7701,1
[8],20,"lr0.0001,wd0.01",8,"lr=3e-04, wd=0.01",5029503.8566,2
[8],20,"lr0.0001,wd0.01",10,"lr=0.001, wd=0.01",27300005.208,3
[8],20,"lr0.0001,wd0.01",9,"lr=0.001, wd=0.0",49261332.6514,4
[8],20,"lr0.0001,wd0.01",11,"lr=0.003, wd=0.0",51855844.2242,5
[8],20,"lr0.0001,wd0.01",12,"lr=0.003, wd=0.01",84318122.7422,6
[8],20,"lr0.0001,wd0.01",6,"lr=1e-04, wd=0.01",147410870.5563,7
[8],20,"lr0.0001,wd0.01",5,"lr=1e-04, wd=0.0",218210664.6591,8
[8],20,"lr0.0001,wd0.01",1,"lr=1e-05, wd=0.0",432751447.6957,9
[8],20,"lr0.0001,wd0.01",3,"lr=3e-05, wd=0.0",432988194.7062,10
[8],20,"lr0.0001,wd0.01",4,"lr=3e-05, wd=0.01",476159054.4456,11
[8],20,"lr0.0001,wd0.01",2,"lr=1e-05, wd=0.01",488228182.803,12
[8],20,"lr0.0003,wd0.0",9,"lr=0.001, wd=0.0",7990823229.3209,1
[8],20,"lr0.0003,wd0.0",7,"lr=3e-04, wd=0.0",8087633036.2414,2
[8],20,"lr0.0003,wd0.0",11,"lr=0.003, wd=0.0",8119551556.8679,3
[8],20,"lr0.0003,wd0.0",8,"lr=3e-04, wd=0.01",8684992809.7082,4
[8],20,"lr0.0003,wd0.0",10,"lr=0.001, wd=0.01",9410965080.9371,5
[8],20,"lr0.0003,wd0.0",6,"lr=1e-04, wd=0.01",9847330011.4706,6
[8],20,"lr0.0003,wd0.0",12,"lr=0.003, wd=0.01",9926616635.6591,7
[8],20,"lr0.0003,wd0.0",1,"lr=1e-05, wd=0.0",10077921103.7438,8
[8],20,"lr0.0003,wd0.0",2,"lr=1e-05, wd=0.01",10124583054.1013,9
[8],20,"lr0.0003,wd0.0",5,"lr=1e-04, wd=0.0",10242458577.4642,10
[8],20,"lr0.0003,wd0.0",4,"lr=3e-05, wd=0.01",10686674186.5135,11
[8],20,"lr0.0003,wd0.0",3,"lr=3e-05, wd=0.0",10697350266.1323,12
[8],20,"lr0.0003,wd0.01",7,"lr=3e-04, wd=0.0",711156.8349,1
[8],20,"lr0.0003,wd0.01",10,"lr=0.001, wd=0.01",3275181.6077,2
[8],20,"lr0.0003,wd0.01",8,"lr=3e-04, wd=0.01",11246196.3788,3
[8],20,"lr0.0003,wd0.01",12,"lr=0.003, wd=0.01",17248273.4425,4
[8],20,"lr0.0003,wd0.01",9,"lr=0.001, wd=0.0",46554286.22,5
[8],20,"lr0.0003,wd0.01",11,"lr=0.003, wd=0.0",84959052.8159,6
[8],20,"lr0.0003,wd0.01",6,"lr=1e-04, wd=0.01",243310825.4419,7
[8],20,"lr0.0003,wd0.01",5,"lr=1e-04, wd=0.0",332844396.1033,8
[8],20,"lr0.0003,wd0.01",1,"lr=1e-05, wd=0.0",404595320.4282,9
[8],20,"lr0.0003,wd0.01",2,"lr=1e-05, wd=0.01",457195964.5529,10
[8],20,"lr0.0003,wd0.01",3,"lr=3e-05, wd=0.0",607781846.956,11
[8],20,"lr0.0003,wd0.01",4,"lr=3e-05, wd=0.01",642965000.4415,12
[8],20,"lr0.001,wd0.0",9,"lr=0.001, wd=0.0",10242348946.8443,1
[8],20,"lr0.001,wd0.0",11,"lr=0.003, wd=0.0",10330574109.6574,2
[8],20,"lr0.001,wd0.0",7,"lr=3e-04, wd=0.0",10395002518.287,3
[8],20,"lr0.001,wd0.0",8,"lr=3e-04, wd=0.01",10967225193.3863,4
[8],20,"lr0.001,wd0.0",10,"lr=0.001, wd=0.01",11477979931.2756,5
[8],20,"lr0.001,wd0.0",12,"lr=0.003, wd=0.01",12026658204.0236,6
[8],20,"lr0.001,wd0.0",1,"lr=1e-05, wd=0.0",12056605617.9639,7
[8],20,"lr0.001,wd0.0",2,"lr=1e-05, wd=0.01",12200980911.8589,8
[8],20,"lr0.001,wd0.0",6,"lr=1e-04, wd=0.01",12267798282.6646,9
[8],20,"lr0.001,wd0.0",5,"lr=1e-04, wd=0.0",12571395959.052,10
[8],20,"lr0.001,wd0.0",3,"lr=3e-05, wd=0.0",12890385092.3433,11
[8],20,"lr0.001,wd0.0",4,"lr=3e-05, wd=0.01",12961229232.3964,12
[8],20,"lr0.001,wd0.01",8,"lr=3e-04, wd=0.01",44142509.7366,1
[8],20,"lr0.001,wd0.01",12,"lr=0.003, wd=0.01",53152594.7572,2
[8],20,"lr0.001,wd0.01",6,"lr=1e-04, wd=0.01",71552327.1431,3
[8],20,"lr0.001,wd0.01",10,"lr=0.001, wd=0.01",71769795.2014,4
[8],20,"lr0.001,wd0.01",7,"lr=3e-04, wd=0.0",130170597.5852,5
[8],20,"lr0.001,wd0.01",5,"lr=1e-04, wd=0.0",154232547.1777,6
[8],20,"lr0.001,wd0.01",1,"lr=1e-05, wd=0.0",167747929.0007,7
[8],20,"lr0.001,wd0.01",2,"lr=1e-05, wd=0.01",189679816.951,8
[8],20,"lr0.001,wd0.01",4,"lr=3e-05, wd=0.01",389813657.6515,9
[8],20,"lr0.001,wd0.01",3,"lr=3e-05, wd=0.0",404518602.9965,10
[8],20,"lr0.001,wd0.01",9,"lr=0.001, wd=0.0",430894060.9083,11
[8],20,"lr0.001,wd0.01",11,"lr=0.003, wd=0.0",579037725.0809,12
[8],20,"lr0.003,wd0.0",9,"lr=0.001, wd=0.0",5766548065.7776,1
[8],20,"lr0.003,wd0.0",11,"lr=0.003, wd=0.0",5859143230.8821,2
[8],20,"lr0.003,wd0.0",7,"lr=3e-04, wd=0.0",6010918320.252,3
[8],20,"lr0.003,wd0.0",8,"lr=3e-04, wd=0.01",6614258575.0258,4
[8],20,"lr0.003,wd0.0",10,"lr=0.001, wd=0.01",7085236602.5446,5
[8],20,"lr0.003,wd0.0",1,"lr=1e-05, wd=0.0",7524315707.8346,6
[8],20,"lr0.003,wd0.0",2,"lr=1e-05, wd=0.01",7631972278.3559,7
[8],20,"lr0.003,wd0.0",6,"lr=1e-04, wd=0.01",7894118544.8738,8
[8],20,"lr0.003,wd0.0",12,"lr=0.003, wd=0.01",7906786864.7772,9
[8],20,"lr0.003,wd0.0",5,"lr=1e-04, wd=0.0",8232069789.1952,10
[8],20,"lr0.003,wd0.0",3,"lr=3e-05, wd=0.0",8526035702.6095,11
[8],20,"lr0.003,wd0.0",4,"lr=3e-05, wd=0.01",8568211994.429,12
[8],20,"lr0.003,wd0.01",5,"lr=1e-04, wd=0.0",4470778923.1473,1
[8],20,"lr0.003,wd0.01",3,"lr=3e-05, wd=0.0",4518154385.9419,2
[8],20,"lr0.003,wd0.01",4,"lr=3e-05, wd=0.01",4643735586.3733,3
[8],20,"lr0.003,wd0.01",6,"lr=1e-04, wd=0.01",5029634881.0801,4
[8],20,"lr0.003,wd0.01",12,"lr=0.003, wd=0.01",5542008267.0839,5
[8],20,"lr0.003,wd0.01",10,"lr=0.001, wd=0.01",5679942408.0065,6
[8],20,"lr0.003,wd0.01",8,"lr=3e-04, wd=0.01",6344598451.8162,7
[8],20,"lr0.003,wd0.01",2,"lr=1e-05, wd=0.01",6597988654.4937,8
[8],20,"lr0.003,wd0.01",1,"lr=1e-05, wd=0.0",6652150822.7622,9
[8],20,"lr0.003,wd0.01",7,"lr=3e-04, wd=0.0",7101245169.8051,10
[8],20,"lr0.003,wd0.01",11,"lr=0.003, wd=0.0",7913965102.7343,11
[8],20,"lr0.003,wd0.01",9,"lr=0.001, wd=0.0",7955205277.1428,12
[8],50,"lr1e-05,wd0.0",8,"lr=3e-04, wd=0.01",20775.3483,1
[8],50,"lr1e-05,wd0.0",11,"lr=0.003, wd=0.0",699511.036,2
[8],50,"lr1e-05,wd0.0",6,"lr=1e-04, wd=0.01",4780245.7733,3
[8],50,"lr1e-05,wd0.0",5,"lr=1e-04, wd=0.0",8439600.6889,4
[8],50,"lr1e-05,wd0.0",9,"lr=0.001, wd=0.0",12072856.9626,5
[8],50,"lr1e-05,wd0.0",3,"lr=3e-05, wd=0.0",12752032.5052,6
[8],50,"lr1e-05,wd0.0",4,"lr=3e-05, wd=0.01",15935718.6636,7
[8],50,"lr1e-05,wd0.0",10,"lr=0.001, wd=0.01",16971103.1651,8
[8],50,"lr1e-05,wd0.0",7,"lr=3e-04, wd=0.0",18131029.4346,9
[8],50,"lr1e-05,wd0.0",1,"lr=1e-05, wd=0.0",19587501.7129,10
[8],50,"lr1e-05,wd0.0",2,"lr=1e-05, wd=0.01",26026653.6815,11
[8],50,"lr1e-05,wd0.0",12,"lr=0.003, wd=0.01",32883153.2102,12
[8],50,"lr1e-05,wd0.01",11,"lr=0.003, wd=0.0",7602.2434,1
[8],50,"lr1e-05,wd0.01",6,"lr=1e-04, wd=0.01",150122.0907,2
[8],50,"lr1e-05,wd0.01",1,"lr=1e-05, wd=0.0",1834978.9623,3
[8],50,"lr1e-05,wd0.01",3,"lr=3e-05, wd=0.0",1864623.4204,4
[8],50,"lr1e-05,wd0.01",4,"lr=3e-05, wd=0.01",2036037.6356,5
[8],50,"lr1e-05,wd0.01",8,"lr=3e-04, wd=0.01",2442221.595,6
[8],50,"lr1e-05,wd0.01",5,"lr=1e-04, wd=0.0",2496568.4547,7
[8],50,"lr1e-05,wd0.01",2,"lr=1e-05, wd=0.01",3876457.5712,8
[8],50,"lr1e-05,wd0.01",10,"lr=0.001, wd=0.01",6502309.504,9
[8],50,"lr1e-05,wd0.01",12,"lr=0.003, wd=0.01",13762454.9611,10
[8],50,"lr1e-05,wd0.01",9,"lr=0.001, wd=0.0",20668242.2193,11
[8],50,"lr1e-05,wd0.01",7,"lr=3e-04, wd=0.0",33193173.414,12
[8],50,"lr3e-05,wd0.0",7,"lr=3e-04, wd=0.0",5765009.9761,1
[8],50,"lr3e-05,wd0.0",9,"lr=0.001, wd=0.0",7592904.4423,2
[8],50,"lr3e-05,wd0.0",11,"lr=0.003, wd=0.0",10639542.4327,3
[8],50,"lr3e-05,wd0.0",8,"lr=3e-04, wd=0.01",23141597.5273,4
[8],50,"lr3e-05,wd0.0",6,"lr=1e-04, wd=0.01",29151830.0987,5
[8],50,"lr3e-05,wd0.0",5,"lr=1e-04, wd=0.0",38519385.6066,6
[8],50,"lr3e-05,wd0.0",3,"lr=3e-05, wd=0.0",40289358.6737,7
[8],50,"lr3e-05,wd0.0",4,"lr=3e-05, wd=0.01",43244234.1558,8
[8],50,"lr3e-05,wd0.0",1,"lr=1e-05, wd=0.0",49564121.5533,9
[8],50,"lr3e-05,wd0.0",2,"lr=1e-05, wd=0.01",53048322.5511,10
[8],50,"lr3e-05,wd0.0",10,"lr=0.001, wd=0.01",69690887.063,11
[8],50,"lr3e-05,wd0.0",12,"lr=0.003, wd=0.01",109123154.6978,12
[8],50,"lr3e-05,wd0.01",11,"lr=0.003, wd=0.0",62554.7327,1
[8],50,"lr3e-05,wd0.01",7,"lr=3e-04, wd=0.0",64425.1126,2
[8],50,"lr3e-05,wd0.01",9,"lr=0.001, wd=0.0",193121.6776,3
[8],50,"lr3e-05,wd0.01",8,"lr=3e-04, wd=0.01",4898669.8254,4
[8],50,"lr3e-05,wd0.01",6,"lr=1e-04, wd=0.01",9448205.2987,5
[8],50,"lr3e-05,wd0.01",1,"lr=1e-05, wd=0.0",17613023.9189,6
[8],50,"lr3e-05,wd0.01",3,"lr=3e-05, wd=0.0",18264582.4243,7
[8],50,"lr3e-05,wd0.01",2,"lr=1e-05, wd=0.01",18353267.5014,8
[8],50,"lr3e-05,wd0.01",4,"lr=3e-05, wd=0.01",18629590.6268,9
[8],50,"lr3e-05,wd0.01",5,"lr=1e-04, wd=0.0",19099957.8178,10
[8],50,"lr3e-05,wd0.01",10,"lr=0.001, wd=0.01",24649393.6726,11
[8],50,"lr3e-05,wd0.01",12,"lr=0.003, wd=0.01",52994318.3335,12
[8],50,"lr0.0001,wd0.0",7,"lr=3e-04, wd=0.0",448098197.9765,1
[8],50,"lr0.0001,wd0.0",9,"lr=0.001, wd=0.0",474869371.5205,2
[8],50,"lr0.0001,wd0.0",11,"lr=0.003, wd=0.0",501933453.6949,3
[8],50,"lr0.0001,wd0.0",8,"lr=3e-04, wd=0.01",511480541.8812,4
[8],50,"lr0.0001,wd0.0",6,"lr=1e-04, wd=0.01",515681297.944,5
[8],50,"lr0.0001,wd0.0",3,"lr=3e-05, wd=0.0",515783887.6229,6
[8],50,"lr0.0001,wd0.0",4,"lr=3e-05, wd=0.01",516574887.056,7
[8],50,"lr0.0001,wd0.0",5,"lr=1e-04, wd=0.0",541956714.3075,8
[8],50,"lr0.0001,wd0.0",1,"lr=1e-05, wd=0.0",545354181.0197,9
[8],50,"lr0.0001,wd0.0",2,"lr=1e-05, wd=0.01",546881780.9853,10
[8],50,"lr0.0001,wd0.0",10,"lr=0.001, wd=0.01",564624486.3084,11
[8],50,"lr0.0001,wd0.0",12,"lr=0.003, wd=0.01",575367535.7336,12
[8],50,"lr0.0001,wd0.01",5,"lr=1e-04, wd=0.0",49127.0265,1
[8],50,"lr0.0001,wd0.01",4,"lr=3e-05, wd=0.01",252276.3016,2
[8],50,"lr0.0001,wd0.01",3,"lr=3e-05, wd=0.0",362182.4901,3
[8],50,"lr0.0001,wd0.01",6,"lr=1e-04, wd=0.01",540847.5264,4
[8],50,"lr0.0001,wd0.01",10,"lr=0.001, wd=0.01",564879.0794,5
[8],50,"lr0.0001,wd0.01",2,"lr=1e-05, wd=0.01",593539.2055,6
[8],50,"lr0.0001,wd0.01",1,"lr=1e-05, wd=0.0",842131.909,7
[8],50,"lr0.0001,wd0.01",8,"lr=3e-04, wd=0.01",1520651.8093,8
[8],50,"lr0.0001,wd0.01",11,"lr=0.003, wd=0.0",3404972.5031,9
[8],50,"lr0.0001,wd0.01",12,"lr=0.003, wd=0.01",3446215.8309,10
[8],50,"lr0.0001,wd0.01",9,"lr=0.001, wd=0.0",3540025.643,11
[8],50,"lr0.0001,wd0.01",7,"lr=3e-04, wd=0.0",4925032.0157,12
[8],50,"lr0.0003,wd0.0",10,"lr=0.001, wd=0.01",251382430.912,1
[8],50,"lr0.0003,wd0.0",11,"lr=0.003, wd=0.0",269554170.7937,2
[8],50,"lr0.0003,wd0.0",12,"lr=0.003, wd=0.01",317949686.6588,3
[8],50,"lr0.0003,wd0.0",9,"lr=0.001, wd=0.0",461566195.771,4
[8],50,"lr0.0003,wd0.0",7,"lr=3e-04, wd=0.0",763562053.053,5
[8],50,"lr0.0003,wd0.0",8,"lr=3e-04, wd=0.01",884491020.7173,6
[8],50,"lr0.0003,wd0.0",6,"lr=1e-04, wd=0.01",1331640833.329,7
[8],50,"lr0.0003,wd0.0",4,"lr=3e-05, wd=0.01",1433844987.7171,8
[8],50,"lr0.0003,wd0.0",5,"lr=1e-04, wd=0.0",1433983788.4526,9
[8],50,"lr0.0003,wd0.0",3,"lr=3e-05, wd=0.0",1504418462.766,10
[8],50,"lr0.0003,wd0.0",2,"lr=1e-05, wd=0.01",1509962671.2829,11
[8],50,"lr0.0003,wd0.0",1,"lr=1e-05, wd=0.0",1551894420.2389,12
[8],50,"lr0.0003,wd0.01",2,"lr=1e-05, wd=0.01",349.4524,1
[8],50,"lr0.0003,wd0.01",5,"lr=1e-04, wd=0.0",67258.7688,2
[8],50,"lr0.0003,wd0.01",1,"lr=1e-05, wd=0.0",82611.0013,3
[8],50,"lr0.0003,wd0.01",10,"lr=0.001, wd=0.01",185403.8129,4
[8],50,"lr0.0003,wd0.01",4,"lr=3e-05, wd=0.01",213042.6091,5
[8],50,"lr0.0003,wd0.01",3,"lr=3e-05, wd=0.0",423532.5106,6
[8],50,"lr0.0003,wd0.01",6,"lr=1e-04, wd=0.01",537353.1559,7
[8],50,"lr0.0003,wd0.01",12,"lr=0.003, wd=0.01",1086641.1345,8
[8],50,"lr0.0003,wd0.01",8,"lr=3e-04, wd=0.01",3056509.7094,9
[8],50,"lr0.0003,wd0.01",9,"lr=0.001, wd=0.0",6169848.2181,10
[8],50,"lr0.0003,wd0.01",11,"lr=0.003, wd=0.0",6888026.6325,11
[8],50,"lr0.0003,wd0.01",7,"lr=3e-04, wd=0.0",7276611.6919,12
[8],50,"lr0.001,wd0.0",6,"lr=1e-04, wd=0.01",408141245.46,1
[8],50,"lr0.001,wd0.0",2,"lr=1e-05, wd=0.01",563859989.1292,2
[8],50,"lr0.001,wd0.0",4,"lr=3e-05, wd=0.01",618092122.8278,3
[8],50,"lr0.001,wd0.0",1,"lr=1e-05, wd=0.0",646522753.9713,4
[8],50,"lr0.001,wd0.0",5,"lr=1e-04, wd=0.0",739650447.9667,5
[8],50,"lr0.001,wd0.0",3,"lr=3e-05, wd=0.0",840209046.0867,6
[8],50,"lr0.001,wd0.0",8,"lr=3e-04, wd=0.01",899373479.6593,7
[8],50,"lr0.001,wd0.0",7,"lr=3e-04, wd=0.0",1212566757.1117,8
[8],50,"lr0.001,wd0.0",9,"lr=0.001, wd=0.0",1797755462.558,9
[8],50,"lr0.001,wd0.0",10,"lr=0.001, wd=0.01",2126109463.5319,10
[8],50,"lr0.001,wd0.0",11,"lr=0.003, wd=0.0",2489733452.5759,11
[8],50,"lr0.001,wd0.0",12,"lr=0.003, wd=0.01",2633988879.353,12
[8],50,"lr0.001,wd0.01",12,"lr=0.003, wd=0.01",1148584665.0349,1
[8],50,"lr0.001,wd0.01",5,"lr=1e-04, wd=0.0",1159104219.6471,2
[8],50,"lr0.001,wd0.01",3,"lr=3e-05, wd=0.0",1160169287.1934,3
[8],50,"lr0.001,wd0.01",4,"lr=3e-05, wd=0.01",1188528884.9094,4
[8],50,"lr0.001,wd0.01",10,"lr=0.001, wd=0.01",1252480726.6132,5
[8],50,"lr0.001,wd0.01",1,"lr=1e-05, wd=0.0",1256507451.0659,6
[8],50,"lr0.001,wd0.01",6,"lr=1e-04, wd=0.01",1263322774.6704,7
[8],50,"lr0.001,wd0.01",2,"lr=1e-05, wd=0.01",1280707362.7845,8
[8],50,"lr0.001,wd0.01",8,"lr=3e-04, wd=0.01",1369757812.4564,9
[8],50,"lr0.001,wd0.01",7,"lr=3e-04, wd=0.0",1435934134.8681,10
[8],50,"lr0.001,wd0.01",11,"lr=0.003, wd=0.0",1447398746.7922,11
[8],50,"lr0.001,wd0.01",9,"lr=0.001, wd=0.0",1448528291.3146,12
[8],50,"lr0.003,wd0.0",7,"lr=3e-04, wd=0.0",2526177011.5068,1
[8],50,"lr0.003,wd0.0",8,"lr=3e-04, wd=0.01",2539097073.2865,2
[8],50,"lr0.003,wd0.0",11,"lr=0.003, wd=0.0",2572974121.6265,3
[8],50,"lr0.003,wd0.0",9,"lr=0.001, wd=0.0",2595821608.5402,4
[8],50,"lr0.003,wd0.0",12,"lr=0.003, wd=0.01",2622422472.386,5
[8],50,"lr0.003,wd0.0",6,"lr=1e-04, wd=0.01",2641695188.5952,6
[8],50,"lr0.003,wd0.0",2,"lr=1e-05, wd=0.01",2654241431.0717,7
[8],50,"lr0.003,wd0.0",10,"lr=0.001, wd=0.01",2659688394.2327,8
[8],50,"lr0.003,wd0.0",1,"lr=1e-05, wd=0.0",2683841071.4732,9
[8],50,"lr0.003,wd0.0",4,"lr=3e-05, wd=0.01",2697211448.7467,10
[8],50,"lr0.003,wd0.0",3,"lr=3e-05, wd=0.0",2746147452.1192,11
[8],50,"lr0.003,wd0.0",5,"lr=1e-04, wd=0.0",2762307104.1117,12
[8],50,"lr0.003,wd0.01",12,"lr=0.003, wd=0.01",4036219794.3313,1
[8],50,"lr0.003,wd0.01",3,"lr=3e-05, wd=0.0",4253664329.8982,2
[8],50,"lr0.003,wd0.01",5,"lr=1e-04, wd=0.0",4282723178.3117,3
[8],50,"lr0.003,wd0.01",4,"lr=3e-05, wd=0.01",4290996112.805,4
[8],50,"lr0.003,wd0.01",10,"lr=0.001, wd=0.01",4436223403.4026,5
[8],50,"lr0.003,wd0.01",1,"lr=1e-05, wd=0.0",4483825373.1247,6
[8],50,"lr0.003,wd0.01",2,"lr=1e-05, wd=0.01",4509418076.6515,7
[8],50,"lr0.003,wd0.01",6,"lr=1e-04, wd=0.01",4584518222.3404,8
[8],50,"lr0.003,wd0.01",8,"lr=3e-04, wd=0.01",4875729003.6554,9
[8],50,"lr0.003,wd0.01",9,"lr=0.001, wd=0.0",5149382665.0938,10
[8],50,"lr0.003,wd0.01",11,"lr=0.003, wd=0.0",5183595413.5554,11
[8],50,"lr0.003,wd0.01",7,"lr=3e-04, wd=0.0",5193377614.5108,12
[8],90,"lr1e-05,wd0.0",9,"lr=0.001, wd=0.0",7690560.82,1
[8],90,"lr1e-05,wd0.0",11,"lr=0.003, wd=0.0",9801236.1,2
[8],90,"lr1e-05,wd0.0",7,"lr=3e-04, wd=0.0",10273941.2118,3
[8],90,"lr1e-05,wd0.0",10,"lr=0.001, wd=0.01",15223547.3502,4
[8],90,"lr1e-05,wd0.0",8,"lr=3e-04, wd=0.01",17177951.8472,5
[8],90,"lr1e-05,wd0.0",12,"lr=0.003, wd=0.01",21285561.0207,6
[8],90,"lr1e-05,wd0.0",6,"lr=1e-04, wd=0.01",21879537.2851,7
[8],90,"lr1e-05,wd0.0",5,"lr=1e-04, wd=0.0",22339204.5231,8
[8],90,"lr1e-05,wd0.0",3,"lr=3e-05, wd=0.0",28052543.6302,9
[8],90,"lr1e-05,wd0.0",4,"lr=3e-05, wd=0.01",30079093.1459,10
[8],90,"lr1e-05,wd0.0",1,"lr=1e-05, wd=0.0",43319782.9228,11
[8],90,"lr1e-05,wd0.0",2,"lr=1e-05, wd=0.01",47155320.3312,12
[8],90,"lr1e-05,wd0.01",11,"lr=0.003, wd=0.0",114670.5422,1
[8],90,"lr1e-05,wd0.01",8,"lr=3e-04, wd=0.01",240454.5701,2
[8],90,"lr1e-05,wd0.01",10,"lr=0.001, wd=0.01",291992.9887,3
[8],90,"lr1e-05,wd0.01",7,"lr=3e-04, wd=0.0",515120.7647,4
[8],90,"lr1e-05,wd0.01",12,"lr=0.003, wd=0.01",598575.0198,5
[8],90,"lr1e-05,wd0.01",9,"lr=0.001, wd=0.0",752952.8875,6
[8],90,"lr1e-05,wd0.01",6,"lr=1e-04, wd=0.01",1740555.3699,7
[8],90,"lr1e-05,wd0.01",5,"lr=1e-04, wd=0.0",2652402.1573,8
[8],90,"lr1e-05,wd0.01",3,"lr=3e-05, wd=0.0",4995553.6218,9
[8],90,"lr1e-05,wd0.01",4,"lr=3e-05, wd=0.01",5035463.6284,10
[8],90,"lr1e-05,wd0.01",1,"lr=1e-05, wd=0.0",9095410.0035,11
[8],90,"lr1e-05,wd0.01",2,"lr=1e-05, wd=0.01",9882083.0041,12
[8],90,"lr3e-05,wd0.0",7,"lr=3e-04, wd=0.0",8124888.3623,1
[8],90,"lr3e-05,wd0.0",9,"lr=0.001, wd=0.0",9936467.8312,2
[8],90,"lr3e-05,wd0.0",11,"lr=0.003, wd=0.0",10373025.7228,3
[8],90,"lr3e-05,wd0.0",6,"lr=1e-04, wd=0.01",10586256.3854,4
[8],90,"lr3e-05,wd0.0",8,"lr=3e-04, wd=0.01",11142506.4537,5
[8],90,"lr3e-05,wd0.0",5,"lr=1e-04, wd=0.0",11554448.2509,6
[8],90,"lr3e-05,wd0.0",3,"lr=3e-05, wd=0.0",12661023.2497,7
[8],90,"lr3e-05,wd0.0",4,"lr=3e-05, wd=0.01",13178779.0391,8
[8],90,"lr3e-05,wd0.0",10,"lr=0.001, wd=0.01",16982446.2992,9
[8],90,"lr3e-05,wd0.0",1,"lr=1e-05, wd=0.0",18931555.2865,10
[8],90,"lr3e-05,wd0.0",2,"lr=1e-05, wd=0.01",19812030.1435,11
[8],90,"lr3e-05,wd0.0",12,"lr=0.003, wd=0.01",21138087.3371,12
[8],90,"lr3e-05,wd0.01",7,"lr=3e-04, wd=0.0",681137.7947,1
[8],90,"lr3e-05,wd0.01",9,"lr=0.001, wd=0.0",1248851.0327,2
[8],90,"lr3e-05,wd0.01",11,"lr=0.003, wd=0.0",1345865.7765,3
[8],90,"lr3e-05,wd0.01",8,"lr=3e-04, wd=0.01",1577603.1116,4
[8],90,"lr3e-05,wd0.01",6,"lr=1e-04, wd=0.01",1869568.2707,5
[8],90,"lr3e-05,wd0.01",4,"lr=3e-05, wd=0.01",2906620.3841,6
[8],90,"lr3e-05,wd0.01",3,"lr=3e-05, wd=0.0",3213568.2234,7
[8],90,"lr3e-05,wd0.01",5,"lr=1e-04, wd=0.0",3628651.5896,8
[8],90,"lr3e-05,wd0.01",10,"lr=0.001, wd=0.01",3816626.0661,9
[8],90,"lr3e-05,wd0.01",2,"lr=1e-05, wd=0.01",4770720.4855,10
[8],90,"lr3e-05,wd0.01",1,"lr=1e-05, wd=0.0",4880081.2604,11
[8],90,"lr3e-05,wd0.01",12,"lr=0.003, wd=0.01",6757172.5824,12
[8],90,"lr0.0001,wd0.0",10,"lr=0.001, wd=0.01",99075.7813,1
[8],90,"lr0.0001,wd0.0",11,"lr=0.003, wd=0.0",378059.936,2
[8],90,"lr0.0001,wd0.0",9,"lr=0.001, wd=0.0",489320.9527,3
[8],90,"lr0.0001,wd0.0",8,"lr=3e-04, wd=0.01",1215873.1728,4
[8],90,"lr0.0001,wd0.0",7,"lr=3e-04, wd=0.0",1773229.9288,5
[8],90,"lr0.0001,wd0.0",12,"lr=0.003, wd=0.01",1973203.2314,6
[8],90,"lr0.0001,wd0.0",6,"lr=1e-04, wd=0.01",4553855.7827,7
[8],90,"lr0.0001,wd0.0",5,"lr=1e-04, wd=0.0",7819322.1384,8
[8],90,"lr0.0001,wd0.0",4,"lr=3e-05, wd=0.01",11564378.9379,9
[8],90,"lr0.0001,wd0.0",3,"lr=3e-05, wd=0.0",13191661.2744,10
[8],90,"lr0.0001,wd0.0",2,"lr=1e-05, wd=0.01",17259022.3589,11
[8],90,"lr0.0001,wd0.0",1,"lr=1e-05, wd=0.0",17880190.5676,12
[8],90,"lr0.0001,wd0.01",7,"lr=3e-04, wd=0.0",4551284.3301,1
[8],90,"lr0.0001,wd0.01",8,"lr=3e-04, wd=0.01",4796573.0706,2
[8],90,"lr0.0001,wd0.01",6,"lr=1e-04, wd=0.01",5501988.9738,3
[8],90,"lr0.0001,wd0.01",9,"lr=0.001, wd=0.0",6530608.5349,4
[8],90,"lr0.0001,wd0.01",11,"lr=0.003, wd=0.0",7191524.6468,5
[8],90,"lr0.0001,wd0.01",5,"lr=1e-04, wd=0.0",8131743.7443,6
[8],90,"lr0.0001,wd0.01",10,"lr=0.001, wd=0.01",8159356.1334,7
[8],90,"lr0.0001,wd0.01",4,"lr=3e-05, wd=0.01",8779981.8134,8
[8],90,"lr0.0001,wd0.01",3,"lr=3e-05, wd=0.0",9458794.9428,9
[8],90,"lr0.0001,wd0.01",12,"lr=0.003, wd=0.01",11050377.6489,10
[8],90,"lr0.0001,wd0.01",2,"lr=1e-05, wd=0.01",12778315.0101,11
[8],90,"lr0.0001,wd0.01",1,"lr=1e-05, wd=0.0",13727509.1614,12
[8],90,"lr0.0003,wd0.0",11,"lr=0.003, wd=0.0",17661810.6372,1
[8],90,"lr0.0003,wd0.0",10,"lr=0.001, wd=0.01",20323592.8852,2
[8],90,"lr0.0003,wd0.0",12,"lr=0.003, wd=0.01",22724391.4532,3
[8],90,"lr0.0003,wd0.0",9,"lr=0.001, wd=0.0",31271436.2869,4
[8],90,"lr0.0003,wd0.0",8,"lr=3e-04, wd=0.01",50222802.1533,5
[8],90,"lr0.0003,wd0.0",2,"lr=1e-05, wd=0.01",51222768.0231,6
[8],90,"lr0.0003,wd0.0",7,"lr=3e-04, wd=0.0",56626429.1515,7
[8],90,"lr0.0003,wd0.0",1,"lr=1e-05, wd=0.0",57315236.3808,8
[8],90,"lr0.0003,wd0.0",6,"lr=1e-04, wd=0.01",82459680.8032,9
[8],90,"lr0.0003,wd0.0",4,"lr=3e-05, wd=0.01",86476026.2998,10
[8],90,"lr0.0003,wd0.0",5,"lr=1e-04, wd=0.0",98787619.0534,11
[8],90,"lr0.0003,wd0.0",3,"lr=3e-05, wd=0.0",101384513.0178,12
[8],90,"lr0.0003,wd0.01",1,"lr=1e-05, wd=0.0",701244.0794,1
[8],90,"lr0.0003,wd0.01",2,"lr=1e-05, wd=0.01",879718.5878,2
[8],90,"lr0.0003,wd0.01",4,"lr=3e-05, wd=0.01",2708774.6918,3
[8],90,"lr0.0003,wd0.01",3,"lr=3e-05, wd=0.0",2721774.0684,4
[8],90,"lr0.0003,wd0.01",12,"lr=0.003, wd=0.01",4302154.9143,5
[8],90,"lr0.0003,wd0.01",5,"lr=1e-04, wd=0.0",4334484.1015,6
[8],90,"lr0.0003,wd0.01",6,"lr=1e-04, wd=0.01",6414617.5824,7
[8],90,"lr0.0003,wd0.01",10,"lr=0.001, wd=0.01",7223956.075,8
[8],90,"lr0.0003,wd0.01",8,"lr=3e-04, wd=0.01",8296316.6086,9
[8],90,"lr0.0003,wd0.01",11,"lr=0.003, wd=0.0",8765922.6221,10
[8],90,"lr0.0003,wd0.01",9,"lr=0.001, wd=0.0",8970708.7872,11
[8],90,"lr0.0003,wd0.01",7,"lr=3e-04, wd=0.0",11002482.3927,12
[8],90,"lr0.001,wd0.0",12,"lr=0.003, wd=0.01",572843627.2,1
[8],90,"lr0.001,wd0.0",10,"lr=0.001, wd=0.01",581514325.7887,2
[8],90,"lr0.001,wd0.0",11,"lr=0.003, wd=0.0",582229172.2744,3
[8],90,"lr0.001,wd0.0",8,"lr=3e-04, wd=0.01",618381130.8355,4
[8],90,"lr0.001,wd0.0",9,"lr=0.001, wd=0.0",633711245.1491,5
[8],90,"lr0.001,wd0.0",2,"lr=1e-05, wd=0.01",643619584.7871,6
[8],90,"lr0.001,wd0.0",7,"lr=3e-04, wd=0.0",658316277.5852,7
[8],90,"lr0.001,wd0.0",1,"lr=1e-05, wd=0.0",668449626.0466,8
[8],90,"lr0.001,wd0.0",6,"lr=1e-04, wd=0.01",708893412.5438,9
[8],90,"lr0.001,wd0.0",4,"lr=3e-05, wd=0.01",729868336.4939,10
[8],90,"lr0.001,wd0.0",5,"lr=1e-04, wd=0.0",760226619.0243,11
[8],90,"lr0.001,wd0.0",3,"lr=3e-05, wd=0.0",771310905.6383,12
[8],90,"lr0.001,wd0.01",10,"lr=0.001, wd=0.01",162560.0065,1
[8],90,"lr0.001,wd0.01",11,"lr=0.003, wd=0.0",275141.8857,2
[8],90,"lr0.001,wd0.01",7,"lr=3e-04, wd=0.0",565718.4204,3
[8],90,"lr0.001,wd0.01",9,"lr=0.001, wd=0.0",1203107.5816,4
[8],90,"lr0.001,wd0.01",5,"lr=1e-04, wd=0.0",3038394.742,5
[8],90,"lr0.001,wd0.01",8,"lr=3e-04, wd=0.01",3131154.4732,6
[8],90,"lr0.001,wd0.01",6,"lr=1e-04, wd=0.01",3234947.0417,7
[8],90,"lr0.001,wd0.01",12,"lr=0.003, wd=0.01",7321475.8152,8
[8],90,"lr0.001,wd0.01",3,"lr=3e-05, wd=0.0",9130468.7907,9
[8],90,"lr0.001,wd0.01",4,"lr=3e-05, wd=0.01",11088402.769,10
[8],90,"lr0.001,wd0.01",2,"lr=1e-05, wd=0.01",20736843.5222,11
[8],90,"lr0.001,wd0.01",1,"lr=1e-05, wd=0.0",22092549.13,12
[8],90,"lr0.003,wd0.0",11,"lr=0.003, wd=0.0",181603364.2372,1
[8],90,"lr0.003,wd0.0",12,"lr=0.003, wd=0.01",213423619.1912,2
[8],90,"lr0.003,wd0.0",10,"lr=0.001, wd=0.01",217889810.0776,3
[8],90,"lr0.003,wd0.0",9,"lr=0.001, wd=0.0",259246619.2328,4
[8],90,"lr0.003,wd0.0",8,"lr=3e-04, wd=0.01",332879147.163,5
[8],90,"lr0.003,wd0.0",7,"lr=3e-04, wd=0.0",339533981.4104,6
[8],90,"lr0.003,wd0.0",2,"lr=1e-05, wd=0.01",475242746.0833,7
[8],90,"lr0.003,wd0.0",6,"lr=1e-04, wd=0.01",481177655.7695,8
[8],90,"lr0.003,wd0.0",1,"lr=1e-05, wd=0.0",492525815.3149,9
[8],90,"lr0.003,wd0.0",5,"lr=1e-04, wd=0.0",522322795.6663,10
[8],90,"lr0.003,wd0.0",4,"lr=3e-05, wd=0.01",523985349.0659,11
[8],90,"lr0.003,wd0.0",3,"lr=3e-05, wd=0.0",558403479.2033,12
[8],90,"lr0.003,wd0.01",1,"lr=1e-05, wd=0.0",50142116.0624,1
[8],90,"lr0.003,wd0.01",2,"lr=1e-05, wd=0.01",51244660.4574,2
[8],90,"lr0.003,wd0.01",4,"lr=3e-05, wd=0.01",89415907.5841,3
[8],90,"lr0.003,wd0.01",12,"lr=0.003, wd=0.01",105617359.7131,4
[8],90,"lr0.003,wd0.01",3,"lr=3e-05, wd=0.0",105855249.8694,5
[8],90,"lr0.003,wd0.01",8,"lr=3e-04, wd=0.01",138650284.8323,6
[8],90,"lr0.003,wd0.01",6,"lr=1e-04, wd=0.01",151384513.6023,7
[8],90,"lr0.003,wd0.01",5,"lr=1e-04, wd=0.0",163993299.6658,8
[8],90,"lr0.003,wd0.01",9,"lr=0.001, wd=0.0",178519298.0084,9
[8],90,"lr0.003,wd0.01",7,"lr=3e-04, wd=0.0",194555181.5291,10
[8],90,"lr0.003,wd0.01",11,"lr=0.003, wd=0.0",204096009.0704,11
[8],90,"lr0.003,wd0.01",10,"lr=0.001, wd=0.01",275599822.7191,12
[16],0,"lr1e-05,wd0.0",12,"lr=0.003, wd=0.01",711536333.9386,1
[16],0,"lr1e-05,wd0.0",9,"lr=0.001, wd=0.0",1081611714.775,2
[16],0,"lr1e-05,wd0.0",10,"lr=0.001, wd=0.01",1441795186.9803,3
[16],0,"lr1e-05,wd0.0",11,"lr=0.003, wd=0.0",1804040195.433,4
[16],0,"lr1e-05,wd0.0",7,"lr=3e-04, wd=0.0",2659739532.2046,5
[16],0,"lr1e-05,wd0.0",8,"lr=3e-04, wd=0.01",3841530779.2522,6
[16],0,"lr1e-05,wd0.0",5,"lr=1e-04, wd=0.0",5219890272.4157,7
[16],0,"lr1e-05,wd0.0",6,"lr=1e-04, wd=0.01",8871756584.8572,8
[16],0,"lr1e-05,wd0.0",3,"lr=3e-05, wd=0.0",16960297341.9931,9
[16],0,"lr1e-05,wd0.0",4,"lr=3e-05, wd=0.01",30226698598.8902,10
[16],0,"lr1e-05,wd0.0",1,"lr=1e-05, wd=0.0",58984982740.3069,11
[16],0,"lr1e-05,wd0.0",2,"lr=1e-05, wd=0.01",80307420138.778,12
[16],0,"lr1e-05,wd0.01",10,"lr=0.001, wd=0.01",558968.5139,1
[16],0,"lr1e-05,wd0.01",11,"lr=0.003, wd=0.0",17884088.9758,2
[16],0,"lr1e-05,wd0.01",9,"lr=0.001, wd=0.0",27662270.0011,3
[16],0,"lr1e-05,wd0.01",12,"lr=0.003, wd=0.01",117477866.3946,4
[16],0,"lr1e-05,wd0.01",7,"lr=3e-04, wd=0.0",184818862.4672,5
[16],0,"lr1e-05,wd0.01",8,"lr=3e-04, wd=0.01",626325849.3226,6
[16],0,"lr1e-05,wd0.01",5,"lr=1e-04, wd=0.0",1208848936.508,7
[16],0,"lr1e-05,wd0.01",6,"lr=1e-04, wd=0.01",3278094318.4888,8
[16],0,"lr1e-05,wd0.01",3,"lr=3e-05, wd=0.0",8686147197.4591,9
[16],0,"lr1e-05,wd0.01",4,"lr=3e-05, wd=0.01",18570731403.8401,10
[16],0,"lr1e-05,wd0.01",1,"lr=1e-05, wd=0.0",41763786846.2671,11
[16],0,"lr1e-05,wd0.01",2,"lr=1e-05, wd=0.01",60107535181.2319,12
[16],0,"lr3e-05,wd0.0",12,"lr=0.003, wd=0.01",4937849586.4095,1
[16],0,"lr3e-05,wd0.0",9,"lr=0.001, wd=0.0",5589445754.5371,2
[16],0,"lr3e-05,wd0.0",10,"lr=0.001, wd=0.01",6479412857.2726,3
[16],0,"lr3e-05,wd0.0",11,"lr=0.003, wd=0.0",7212365646.9243,4
[16],0,"lr3e-05,wd0.0",7,"lr=3e-04, wd=0.0",8502875442.2917,5
[16],0,"lr3e-05,wd0.0",8,"lr=3e-04, wd=0.01",10508104811.7774,6
[16],0,"lr3e-05,wd0.0",5,"lr=1e-04, wd=0.0",12367443198.51,7
[16],0,"lr3e-05,wd0.0",6,"lr=1e-04, wd=0.01",17685822562.9064,8
[16],0,"lr3e-05,wd0.0",3,"lr=3e-05, wd=0.0",28214458417.5793,9
[16],0,"lr3e-05,wd0.0",4,"lr=3e-05, wd=0.01",44956324705.5979,10
[16],0,"lr3e-05,wd0.0",1,"lr=1e-05, wd=0.0",78888936993.4245,11
[16],0,"lr3e-05,wd0.0",2,"lr=1e-05, wd=0.01",102934767172.5616,12
[16],0,"lr3e-05,wd0.01",12,"lr=0.003, wd=0.01",626203673.4634,1
[16],0,"lr3e-05,wd0.01",9,"lr=0.001, wd=0.0",816943309.6322,2
[16],0,"lr3e-05,wd0.01",10,"lr=0.001, wd=0.01",1262108864.1552,3
[16],0,"lr3e-05,wd0.01",11,"lr=0.003, wd=0.0",1489314152.3118,4
[16],0,"lr3e-05,wd0.01",7,"lr=3e-04, wd=0.0",2144777758.9643,5
[16],0,"lr3e-05,wd0.01",8,"lr=3e-04, wd=0.01",3338531822.2621,6
[16],0,"lr3e-05,wd0.01",5,"lr=1e-04, wd=0.0",4351875129.1735,7
[16],0,"lr3e-05,wd0.01",6,"lr=1e-04, wd=0.01",7787211196.4516,8
[16],0,"lr3e-05,wd0.01",3,"lr=3e-05, wd=0.0",15197601109.8956,9
[16],0,"lr3e-05,wd0.01",4,"lr=3e-05, wd=0.01",27804816183.0677,10
[16],0,"lr3e-05,wd0.01",1,"lr=1e-05, wd=0.0",54860222198.8764,11
[16],0,"lr3e-05,wd0.01",2,"lr=1e-05, wd=0.01",75485323669.6408,12
[16],0,"lr0.0001,wd0.0",12,"lr=0.003, wd=0.01",3167561563.9689,1
[16],0,"lr0.0001,wd0.0",9,"lr=0.001, wd=0.0",3425236124.782,2
[16],0,"lr0.0001,wd0.0",10,"lr=0.001, wd=0.01",4228800920.8173,3
[16],0,"lr0.0001,wd0.0",11,"lr=0.003, wd=0.0",4869268022.561,4
[16],0,"lr0.0001,wd0.0",7,"lr=3e-04, wd=0.0",5433669818.2881,5
[16],0,"lr0.0001,wd0.0",8,"lr=3e-04, wd=0.01",7062551237.5067,6
[16],0,"lr0.0001,wd0.0",5,"lr=1e-04, wd=0.0",8321321883.5338,7
[16],0,"lr0.0001,wd0.0",6,"lr=1e-04, wd=0.01",12682691089.9208,8
[16],0,"lr0.0001,wd0.0",3,"lr=3e-05, wd=0.0",21821966115.3999,9
[16],0,"lr0.0001,wd0.0",4,"lr=3e-05, wd=0.01",36755788032.1251,10
[16],0,"lr0.0001,wd0.0",1,"lr=1e-05, wd=0.0",67926497671.2492,11
[16],0,"lr0.0001,wd0.0",2,"lr=1e-05, wd=0.01",89432654683.3944,12
[16],0,"lr0.0001,wd0.01",12,"lr=0.003, wd=0.01",2617792412.2256,1
[16],0,"lr0.0001,wd0.01",9,"lr=0.001, wd=0.0",2693510866.8059,2
[16],0,"lr0.0001,wd0.01",10,"lr=0.001, wd=0.01",3600249411.3807,3
[16],0,"lr0.0001,wd0.01",11,"lr=0.003, wd=0.0",3971438238.6511,4
[16],0,"lr0.0001,wd0.01",7,"lr=3e-04, wd=0.0",4583161197.5467,5
[16],0,"lr0.0001,wd0.01",8,"lr=3e-04, wd=0.01",6263667440.8791,6
[16],0,"lr0.0001,wd0.01",5,"lr=1e-04, wd=0.0",7409095348.86,7
[16],0,"lr0.0001,wd0.01",6,"lr=1e-04, wd=0.01",11625232941.5763,8
[16],0,"lr0.0001,wd0.01",3,"lr=3e-05, wd=0.0",20353334027.3709,9
[16],0,"lr0.0001,wd0.01",4,"lr=3e-05, wd=0.01",34667722536.354,10
[16],0,"lr0.0001,wd0.01",1,"lr=1e-05, wd=0.0",64328956525.6771,11
[16],0,"lr0.0001,wd0.01",2,"lr=1e-05, wd=0.01",85723065982.2009,12
[16],0,"lr0.0003,wd0.0",9,"lr=0.001, wd=0.0",177064139.5521,1
[16],0,"lr0.0003,wd0.0",12,"lr=0.003, wd=0.01",202328222.5441,2
[16],0,"lr0.0003,wd0.0",10,"lr=0.001, wd=0.01",423530023.7441,3
[16],0,"lr0.0003,wd0.0",11,"lr=0.003, wd=0.0",687886821.669,4
[16],0,"lr0.0003,wd0.0",7,"lr=3e-04, wd=0.0",697947835.3187,5
[16],0,"lr0.0003,wd0.0",8,"lr=3e-04, wd=0.01",1344973568.0723,6
[16],0,"lr0.0003,wd0.0",5,"lr=1e-04, wd=0.0",1888049760.5256,7
[16],0,"lr0.0003,wd0.0",6,"lr=1e-04, wd=0.01",4174730663.6023,8
[16],0,"lr0.0003,wd0.0",3,"lr=3e-05, wd=0.0",10057791450.5174,9
[16],0,"lr0.0003,wd0.0",4,"lr=3e-05, wd=0.01",20661915615.3622,10
[16],0,"lr0.0003,wd0.0",1,"lr=1e-05, wd=0.0",45051249077.4564,11
[16],0,"lr0.0003,wd0.0",2,"lr=1e-05, wd=0.01",61670211492.6836,12
[16],0,"lr0.0003,wd0.01",9,"lr=0.001, wd=0.0",3401378910.5809,1
[16],0,"lr0.0003,wd0.01",12,"lr=0.003, wd=0.01",3738063171.8187,2
[16],0,"lr0.0003,wd0.01",10,"lr=0.001, wd=0.01",4520290580.8567,3
[16],0,"lr0.0003,wd0.01",11,"lr=0.003, wd=0.0",5038789591.2517,4
[16],0,"lr0.0003,wd0.01",7,"lr=3e-04, wd=0.0",5244274305.488,5
[16],0,"lr0.0003,wd0.01",8,"lr=3e-04, wd=0.01",6990153085.6481,6
[16],0,"lr0.0003,wd0.01",5,"lr=1e-04, wd=0.0",8135344192.8669,7
[16],0,"lr0.0003,wd0.01",6,"lr=1e-04, wd=0.01",12439111299.3145,8
[16],0,"lr0.0003,wd0.01",3,"lr=3e-05, wd=0.0",21474747381.712,9
[16],0,"lr0.0003,wd0.01",4,"lr=3e-05, wd=0.01",36011137112.4561,10
[16],0,"lr0.0003,wd0.01",1,"lr=1e-05, wd=0.0",66117172506.0171,11
[16],0,"lr0.0003,wd0.01",2,"lr=1e-05, wd=0.01",86357480823.565,12
[16],0,"lr0.001,wd0.0",10,"lr=0.001, wd=0.01",91095.9839,1
[16],0,"lr0.001,wd0.0",12,"lr=0.003, wd=0.01",7524246.4468,2
[16],0,"lr0.001,wd0.0",7,"lr=3e-04, wd=0.0",18595324.5871,3
[16],0,"lr0.001,wd0.0",9,"lr=0.001, wd=0.0",55749977.246,4
[16],0,"lr0.001,wd0.0",11,"lr=0.003, wd=0.0",61686988.4397,5
[16],0,"lr0.001,wd0.0",8,"lr=3e-04, wd=0.01",209203952.5329,6
[16],0,"lr0.001,wd0.0",5,"lr=1e-04, wd=0.0",471100437.8545,7
[16],0,"lr0.001,wd0.0",6,"lr=1e-04, wd=0.01",1836259275.165,8
[16],0,"lr0.001,wd0.0",3,"lr=3e-05, wd=0.0",6189331758.7292,9
[16],0,"lr0.001,wd0.0",4,"lr=3e-05, wd=0.01",14555240699.3247,10
[16],0,"lr0.001,wd0.0",1,"lr=1e-05, wd=0.0",35702391771.3099,11
[16],0,"lr0.001,wd0.0",2,"lr=1e-05, wd=0.01",48982912991.5244,12
[16],0,"lr0.001,wd0.01",9,"lr=0.001, wd=0.0",2857527454.4101,1
[16],0,"lr0.001,wd0.01",12,"lr=0.003, wd=0.01",3583287573.373,2
[16],0,"lr0.001,wd0.01",10,"lr=0.001, wd=0.01",3910680767.9051,3
[16],0,"lr0.001,wd0.01",7,"lr=3e-04, wd=0.0",4413731063.212,4
[16],0,"lr0.001,wd0.01",11,"lr=0.003, wd=0.0",4658855320.0886,5
[16],0,"lr0.001,wd0.01",8,"lr=3e-04, wd=0.01",5955179647.3391,6
[16],0,"lr0.001,wd0.01",5,"lr=1e-04, wd=0.0",7064585479.8085,7
[16],0,"lr0.001,wd0.01",6,"lr=1e-04, wd=0.01",11094820233.0886,8
[16],0,"lr0.001,wd0.01",3,"lr=3e-05, wd=0.0",19680869296.2828,9
[16],0,"lr0.001,wd0.01",4,"lr=3e-05, wd=0.01",33230152145.2206,10
[16],0,"lr0.001,wd0.01",1,"lr=1e-05, wd=0.0",62468141374.2341,11
[16],0,"lr0.001,wd0.01",2,"lr=1e-05, wd=0.01",79987102359.5806,12
[16],0,"lr0.003,wd0.0",9,"lr=0.001, wd=0.0",17349.0863,1
[16],0,"lr0.003,wd0.0",12,"lr=0.003, wd=0.01",47333320.152,2
[16],0,"lr0.003,wd0.0",10,"lr=0.001, wd=0.01",59499471.3232,3
[16],0,"lr0.003,wd0.0",7,"lr=3e-04, wd=0.0",127978454.7584,4
[16],0,"lr0.003,wd0.0",11,"lr=0.003, wd=0.0",279451216.0392,5
[16],0,"lr0.003,wd0.0",8,"lr=3e-04, wd=0.01",461338126.7435,6
[16],0,"lr0.003,wd0.0",5,"lr=1e-04, wd=0.0",843374392.9137,7
[16],0,"lr0.003,wd0.0",6,"lr=1e-04, wd=0.01",2515450917.608,8
[16],0,"lr0.003,wd0.0",3,"lr=3e-05, wd=0.0",7364599336.3608,9
[16],0,"lr0.003,wd0.0",4,"lr=3e-05, wd=0.01",15776054448.079,10
[16],0,"lr0.003,wd0.0",1,"lr=1e-05, wd=0.0",37872558553.5787,11
[16],0,"lr0.003,wd0.0",2,"lr=1e-05, wd=0.01",49754096513.0197,12
[16],0,"lr0.003,wd0.01",9,"lr=0.001, wd=0.0",1658993119.8908,1
[16],0,"lr0.003,wd0.01",12,"lr=0.003, wd=0.01",2387868603.7797,2
[16],0,"lr0.003,wd0.01",10,"lr=0.001, wd=0.01",2455351719.9184,3
[16],0,"lr0.003,wd0.01",7,"lr=3e-04, wd=0.0",2828263657.3952,4
[16],0,"lr0.003,wd0.01",11,"lr=0.003, wd=0.0",3243016303.7935,5
[16],0,"lr0.003,wd0.01",8,"lr=3e-04, wd=0.01",4064318399.4141,6
[16],0,"lr0.003,wd0.01",5,"lr=1e-04, wd=0.0",5021105673.9509,7
[16],0,"lr0.003,wd0.01",6,"lr=1e-04, wd=0.01",8504002715.7505,8
[16],0,"lr0.003,wd0.01",3,"lr=3e-05, wd=0.0",16095580050.233,9
[16],0,"lr0.003,wd0.01",4,"lr=3e-05, wd=0.01",27810783715.1961,10
[16],0,"lr0.003,wd0.01",1,"lr=1e-05, wd=0.0",55523839772.5374,11
[16],0,"lr0.003,wd0.01",2,"lr=1e-05, wd=0.01",69941087992.0439,12
[16],5,"lr1e-05,wd0.0",12,"lr=0.003, wd=0.01",72145135.6119,1
[16],5,"lr1e-05,wd0.0",10,"lr=0.001, wd=0.01",1769949162.2146,2
[16],5,"lr1e-05,wd0.0",5,"lr=1e-04, wd=0.0",2096074434.9311,3
[16],5,"lr1e-05,wd0.0",11,"lr=0.003, wd=0.0",2179202838.6727,4
[16],5,"lr1e-05,wd0.0",9,"lr=0.001, wd=0.0",2659104322.1052,5
[16],5,"lr1e-05,wd0.0",6,"lr=1e-04, wd=0.01",2980237766.1288,6
[16],5,"lr1e-05,wd0.0",3,"lr=3e-05, wd=0.0",3787476343.9512,7
[16],5,"lr1e-05,wd0.0",8,"lr=3e-04, wd=0.01",4734740866.5942,8
[16],5,"lr1e-05,wd0.0",4,"lr=3e-05, wd=0.01",5693844390.7817,9
[16],5,"lr1e-05,wd0.0",7,"lr=3e-04, wd=0.0",6385452468.2376,10
[16],5,"lr1e-05,wd0.0",1,"lr=1e-05, wd=0.0",7233734133.7313,11
[16],5,"lr1e-05,wd0.0",2,"lr=1e-05, wd=0.01",10017497630.5577,12
[16],5,"lr1e-05,wd0.01",10,"lr=0.001, wd=0.01",1571952.7925,1
[16],5,"lr1e-05,wd0.01",11,"lr=0.003, wd=0.0",74372886.8435,2
[16],5,"lr1e-05,wd0.01",9,"lr=0.001, wd=0.0",107462569.0549,3
[16],5,"lr1e-05,wd0.01",5,"lr=1e-04, wd=0.0",234671954.344,4
[16],5,"lr1e-05,wd0.01",6,"lr=1e-04, wd=0.01",507363302.0886,5
[16],5,"lr1e-05,wd0.01",3,"lr=3e-05, wd=0.0",921460757.8422,6
[16],5,"lr1e-05,wd0.01",8,"lr=3e-04, wd=0.01",1419292300.3194,7
[16],5,"lr1e-05,wd0.01",12,"lr=0.003, wd=0.01",1869215663.2071,8
[16],5,"lr1e-05,wd0.01",4,"lr=3e-05, wd=0.01",1990414522.7028,9
[16],5,"lr1e-05,wd0.01",1,"lr=1e-05, wd=0.0",2222051274.5103,10
[16],5,"lr1e-05,wd0.01",7,"lr=3e-04, wd=0.0",2296676111.2911,11
[16],5,"lr1e-05,wd0.01",2,"lr=1e-05, wd=0.01",3452390195.0574,12
[16],5,"lr3e-05,wd0.0",4,"lr=3e-05, wd=0.01",456648035.7312,1
[16],5,"lr3e-05,wd0.0",3,"lr=3e-05, wd=0.0",474581005.4051,2
[16],5,"lr3e-05,wd0.0",2,"lr=1e-05, wd=0.01",691619663.73,3
[16],5,"lr3e-05,wd0.0",1,"lr=1e-05, wd=0.0",700182087.5254,4
[16],5,"lr3e-05,wd0.0",12,"lr=0.003, wd=0.01",718385062.1293,5
[16],5,"lr3e-05,wd0.0",10,"lr=0.001, wd=0.01",1232458319.1357,6
[16],5,"lr3e-05,wd0.0",5,"lr=1e-04, wd=0.0",2539302982.8832,7
[16],5,"lr3e-05,wd0.0",6,"lr=1e-04, wd=0.01",2772070043.848,8
[16],5,"lr3e-05,wd0.0",8,"lr=3e-04, wd=0.01",3278553502.3521,9
[16],5,"lr3e-05,wd0.0",9,"lr=0.001, wd=0.0",4977039464.3416,10
[16],5,"lr3e-05,wd0.0",11,"lr=0.003, wd=0.0",5279781155.3477,11
[16],5,"lr3e-05,wd0.0",7,"lr=3e-04, wd=0.0",5389500058.5525,12
[16],5,"lr3e-05,wd0.01",4,"lr=3e-05, wd=0.01",79203455.1707,1
[16],5,"lr3e-05,wd0.01",3,"lr=3e-05, wd=0.0",87416328.5029,2
[16],5,"lr3e-05,wd0.01",1,"lr=1e-05, wd=0.0",279616928.8864,3
[16],5,"lr3e-05,wd0.01",2,"lr=1e-05, wd=0.01",328654750.8429,4
[16],5,"lr3e-05,wd0.01",10,"lr=0.001, wd=0.01",501367484.5059,5
[16],5,"lr3e-05,wd0.01",5,"lr=1e-04, wd=0.0",908120493.7341,6
[16],5,"lr3e-05,wd0.01",6,"lr=1e-04, wd=0.01",1106594239.1894,7
[16],5,"lr3e-05,wd0.01",8,"lr=3e-04, wd=0.01",1309448904.4816,8
[16],5,"lr3e-05,wd0.01",9,"lr=0.001, wd=0.0",1841453896.4955,9
[16],5,"lr3e-05,wd0.01",7,"lr=3e-04, wd=0.0",2030763162.7398,10
[16],5,"lr3e-05,wd0.01",12,"lr=0.003, wd=0.01",2041500974.6142,11
[16],5,"lr3e-05,wd0.01",11,"lr=0.003, wd=0.0",2307401550.3334,12
[16],5,"lr0.0001,wd0.0",8,"lr=3e-04, wd=0.01",17135164.6509,1
[16],5,"lr0.0001,wd0.0",9,"lr=0.001, wd=0.0",50661366.6448,2
[16],5,"lr0.0001,wd0.0",6,"lr=1e-04, wd=0.01",106059009.914,3
[16],5,"lr0.0001,wd0.0",5,"lr=1e-04, wd=0.0",163202811.9831,4
[16],5,"lr0.0001,wd0.0",7,"lr=3e-04, wd=0.0",171286426.8241,5
[16],5,"lr0.0001,wd0.0",10,"lr=0.001, wd=0.01",265996791.0754,6
[16],5,"lr0.0001,wd0.0",11,"lr=0.003, wd=0.0",273484134.6566,7
[16],5,"lr0.0001,wd0.0",3,"lr=3e-05, wd=0.0",1342533568.5093,8
[16],5,"lr0.0001,wd0.0",4,"lr=3e-05, wd=0.01",1639144489.6991,9
[16],5,"lr0.0001,wd0.0",1,"lr=1e-05, wd=0.0",1774076153.6787,10
[16],5,"lr0.0001,wd0.0",2,"lr=1e-05, wd=0.01",1855005490.3958,11
[16],5,"lr0.0001,wd0.0",12,"lr=0.003, wd=0.01",2178880423.9311,12
[16],5,"lr0.0001,wd0.01",3,"lr=3e-05, wd=0.0",560802.8646,1
[16],5,"lr0.0001,wd0.01",2,"lr=1e-05, wd=0.01",2700842.0261,2
[16],5,"lr0.0001,wd0.01",1,"lr=1e-05, wd=0.0",4327444.2351,3
[16],5,"lr0.0001,wd0.01",4,"lr=3e-05, wd=0.01",9995591.5244,4
[16],5,"lr0.0001,wd0.01",10,"lr=0.001, wd=0.01",259543656.8872,5
[16],5,"lr0.0001,wd0.01",12,"lr=0.003, wd=0.01",270796886.6673,6
[16],5,"lr0.0001,wd0.01",5,"lr=1e-04, wd=0.0",504843382.8839,7
[16],5,"lr0.0001,wd0.01",6,"lr=1e-04, wd=0.01",566514526.414,8
[16],5,"lr0.0001,wd0.01",8,"lr=3e-04, wd=0.01",1317826151.3342,9
[16],5,"lr0.0001,wd0.01",9,"lr=0.001, wd=0.0",1510514903.9946,10
[16],5,"lr0.0001,wd0.01",7,"lr=3e-04, wd=0.0",1962845544.1256,11
[16],5,"lr0.0001,wd0.01",11,"lr=0.003, wd=0.0",2438165981.8205,12
[16],5,"lr0.0003,wd0.0",11,"lr=0.003, wd=0.0",3022678189.341,1
[16],5,"lr0.0003,wd0.0",9,"lr=0.001, wd=0.0",3917775092.9601,2
[16],5,"lr0.0003,wd0.0",7,"lr=3e-04, wd=0.0",4083465093.8855,3
[16],5,"lr0.0003,wd0.0",8,"lr=3e-04, wd=0.01",5412437388.2095,4
[16],5,"lr0.0003,wd0.0",10,"lr=0.001, wd=0.01",7011644468.7825,5
[16],5,"lr0.0003,wd0.0",6,"lr=1e-04, wd=0.01",7895660053.2668,6
[16],5,"lr0.0003,wd0.0",5,"lr=1e-04, wd=0.0",8028000789.1155,7
[16],5,"lr0.0003,wd0.0",12,"lr=0.003, wd=0.01",10334068763.0034,8
[16],5,"lr0.0003,wd0.0",3,"lr=3e-05, wd=0.0",12503681543.2442,9
[16],5,"lr0.0003,wd0.0",4,"lr=3e-05, wd=0.01",12996232381.4049,10
[16],5,"lr0.0003,wd0.0",1,"lr=1e-05, wd=0.0",13553070427.6097,11
[16],5,"lr0.0003,wd0.0",2,"lr=1e-05, wd=0.01",13709575045.138,12
[16],5,"lr0.0003,wd0.01",2,"lr=1e-05, wd=0.01",6317742.4673,1
[16],5,"lr0.0003,wd0.01",1,"lr=1e-05, wd=0.0",19367813.3702,2
[16],5,"lr0.0003,wd0.01",12,"lr=0.003, wd=0.01",22429606.7296,3
[16],5,"lr0.0003,wd0.01",4,"lr=3e-05, wd=0.01",62906740.1848,4
[16],5,"lr0.0003,wd0.01",3,"lr=3e-05, wd=0.0",66139450.6677,5
[16],5,"lr0.0003,wd0.01",5,"lr=1e-04, wd=0.0",143167088.1386,6
[16],5,"lr0.0003,wd0.01",6,"lr=1e-04, wd=0.01",196204424.0516,7
[16],5,"lr0.0003,wd0.01",10,"lr=0.001, wd=0.01",327043516.03,8
[16],5,"lr0.0003,wd0.01",8,"lr=3e-04, wd=0.01",813696777.9994,9
[16],5,"lr0.0003,wd0.01",9,"lr=0.001, wd=0.0",1290059146.697,10
[16],5,"lr0.0003,wd0.01",7,"lr=3e-04, wd=0.0",1389335999.9975,11
[16],5,"lr0.0003,wd0.01",11,"lr=0.003, wd=0.0",1982751228.9705,12
[16],5,"lr0.001,wd0.0",11,"lr=0.003, wd=0.0",7035706705.447,1
[16],5,"lr0.001,wd0.0",9,"lr=0.001, wd=0.0",8193623232.4498,2
[16],5,"lr0.001,wd0.0",7,"lr=3e-04, wd=0.0",8905912252.4939,3
[16],5,"lr0.001,wd0.0",8,"lr=3e-04, wd=0.01",10698126074.4391,4
[16],5,"lr0.001,wd0.0",10,"lr=0.001, wd=0.01",12136673107.844,5
[16],5,"lr0.001,wd0.0",6,"lr=1e-04, wd=0.01",14725984076.4176,6
[16],5,"lr0.001,wd0.0",5,"lr=1e-04, wd=0.0",15363532625.5784,7
[16],5,"lr0.001,wd0.0",12,"lr=0.003, wd=0.01",17126943840.5747,8
[16],5,"lr0.001,wd0.0",2,"lr=1e-05, wd=0.01",21195012930.5082,9
[16],5,"lr0.001,wd0.0",1,"lr=1e-05, wd=0.0",21366651300.7982,10
[16],5,"lr0.001,wd0.0",4,"lr=3e-05, wd=0.01",21395347652.8708,11
[16],5,"lr0.001,wd0.0",3,"lr=3e-05, wd=0.0",21647385290.1118,12
[16],5,"lr0.001,wd0.01",10,"lr=0.001, wd=0.01",388032.1092,1
[16],5,"lr0.001,wd0.01",8,"lr=3e-04, wd=0.01",100128787.4092,2
[16],5,"lr0.001,wd0.01",6,"lr=1e-04, wd=0.01",556580864.2645,3
[16],5,"lr0.001,wd0.01",7,"lr=3e-04, wd=0.0",573779624.7704,4
[16],5,"lr0.001,wd0.01",5,"lr=1e-04, wd=0.0",679772421.7,5
[16],5,"lr0.001,wd0.01",9,"lr=0.001, wd=0.0",1238248278.83,6
[16],5,"lr0.001,wd0.01",2,"lr=1e-05, wd=0.01",1276744835.8566,7
[16],5,"lr0.001,wd0.01",1,"lr=1e-05, wd=0.0",1665634067.3664,8
[16],5,"lr0.001,wd0.01",12,"lr=0.003, wd=0.01",1866093155.6803,9
[16],5,"lr0.001,wd0.01",11,"lr=0.003, wd=0.0",2242012908.618,10
[16],5,"lr0.001,wd0.01",4,"lr=3e-05, wd=0.01",3005360441.0288,11
[16],5,"lr0.001,wd0.01",3,"lr=3e-05, wd=0.0",3853545003.6181,12
[16],5,"lr0.003,wd0.0",11,"lr=0.003, wd=0.0",4225228980.7167,1
[16],5,"lr0.003,wd0.0",9,"lr=0.001, wd=0.0",5271939649.0015,2
[16],5,"lr0.003,wd0.0",7,"lr=3e-04, wd=0.0",6443967866.2595,3
[16],5,"lr0.003,wd0.0",8,"lr=3e-04, wd=0.01",8707939609.2477,4
[16],5,"lr0.003,wd0.0",10,"lr=0.001, wd=0.01",9781037058.7301,5
[16],5,"lr0.003,wd0.0",6,"lr=1e-04, wd=0.01",13999696907.4802,6
[16],5,"lr0.003,wd0.0",5,"lr=1e-04, wd=0.0",14502161130.1989,7
[16],5,"lr0.003,wd0.0",12,"lr=0.003, wd=0.01",15998741875.7431,8
[16],5,"lr0.003,wd0.0",4,"lr=3e-05, wd=0.01",21757740618.0968,9
[16],5,"lr0.003,wd0.0",3,"lr=3e-05, wd=0.0",22034478776.5796,10
[16],5,"lr0.003,wd0.0",1,"lr=1e-05, wd=0.0",22778198246.1101,11
[16],5,"lr0.003,wd0.0",2,"lr=1e-05, wd=0.01",22930151749.3586,12
[16],5,"lr0.003,wd0.01",12,"lr=0.003, wd=0.01",3532994913.7316,1
[16],5,"lr0.003,wd0.01",3,"lr=3e-05, wd=0.0",6017356192.7184,2
[16],5,"lr0.003,wd0.01",10,"lr=0.001, wd=0.01",6340811914.6913,3
[16],5,"lr0.003,wd0.01",4,"lr=3e-05, wd=0.01",6806257777.1581,4
[16],5,"lr0.003,wd0.01",5,"lr=1e-04, wd=0.0",8646330222.8494,5
[16],5,"lr0.003,wd0.01",1,"lr=1e-05, wd=0.0",9444435955.0407,6
[16],5,"lr0.003,wd0.01",6,"lr=1e-04, wd=0.01",9467671590.3197,7
[16],5,"lr0.003,wd0.01",2,"lr=1e-05, wd=0.01",9797944953.8764,8
[16],5,"lr0.003,wd0.01",8,"lr=3e-04, wd=0.01",10311203458.3468,9
[16],5,"lr0.003,wd0.01",9,"lr=0.001, wd=0.0",11252645652.7719,10
[16],5,"lr0.003,wd0.01",7,"lr=3e-04, wd=0.0",12455675582.1423,11
[16],5,"lr0.003,wd0.01",11,"lr=0.003, wd=0.0",13352853972.1958,12
[16],10,"lr1e-05,wd0.0",12,"lr=0.003, wd=0.01",3258488.9427,1
[16],10,"lr1e-05,wd0.0",10,"lr=0.001, wd=0.01",1085963598.8037,2
[16],10,"lr1e-05,wd0.0",11,"lr=0.003, wd=0.0",1568733682.3279,3
[16],10,"lr1e-05,wd0.0",3,"lr=3e-05, wd=0.0",1660007161.3825,4
[16],10,"lr1e-05,wd0.0",4,"lr=3e-05, wd=0.01",2068910881.681,5
[16],10,"lr1e-05,wd0.0",9,"lr=0.001, wd=0.0",2114427787.2151,6
[16],10,"lr1e-05,wd0.0",5,"lr=1e-04, wd=0.0",2906364131.2383,7
[16],10,"lr1e-05,wd0.0",1,"lr=1e-05, wd=0.0",3201858455.7726,8
[16],10,"lr1e-05,wd0.0",2,"lr=1e-05, wd=0.01",3277409757.1501,9
[16],10,"lr1e-05,wd0.0",6,"lr=1e-04, wd=0.01",3591876326.7227,10
[16],10,"lr1e-05,wd0.0",8,"lr=3e-04, wd=0.01",4419938610.9165,11
[16],10,"lr1e-05,wd0.0",7,"lr=3e-04, wd=0.0",5644845383.6414,12
[16],10,"lr1e-05,wd0.01",12,"lr=0.003, wd=0.01",160401311.2802,1
[16],10,"lr1e-05,wd0.01",10,"lr=0.001, wd=0.01",357762621.0088,2
[16],10,"lr1e-05,wd0.01",11,"lr=0.003, wd=0.0",950560153.8729,3
[16],10,"lr1e-05,wd0.01",9,"lr=0.001, wd=0.0",1026321398.4876,4
[16],10,"lr1e-05,wd0.01",5,"lr=1e-04, wd=0.0",1082957775.2076,5
[16],10,"lr1e-05,wd0.01",3,"lr=3e-05, wd=0.0",1200201749.0813,6
[16],10,"lr1e-05,wd0.01",4,"lr=3e-05, wd=0.01",1484044053.4502,7
[16],10,"lr1e-05,wd0.01",6,"lr=1e-04, wd=0.01",1637651870.8796,8
[16],10,"lr1e-05,wd0.01",8,"lr=3e-04, wd=0.01",2633460772.3789,9
[16],10,"lr1e-05,wd0.01",1,"lr=1e-05, wd=0.0",3023401113.6091,10
[16],10,"lr1e-05,wd0.01",2,"lr=1e-05, wd=0.01",3281515232.671,11
[16],10,"lr1e-05,wd0.01",7,"lr=3e-04, wd=0.0",3347947694.1083,12
[16],10,"lr3e-05,wd0.0",4,"lr=3e-05, wd=0.01",104100663.7669,1
[16],10,"lr3e-05,wd0.0",3,"lr=3e-05, wd=0.0",161725390.4667,2
[16],10,"lr3e-05,wd0.0",10,"lr=0.001, wd=0.01",167392727.6916,3
[16],10,"lr3e-05,wd0.0",2,"lr=1e-05, wd=0.01",275291389.6776,4
[16],10,"lr3e-05,wd0.0",1,"lr=1e-05, wd=0.0",333459043.4929,5
[16],10,"lr3e-05,wd0.0",12,"lr=0.003, wd=0.01",389719728.4596,6
[16],10,"lr3e-05,wd0.0",5,"lr=1e-04, wd=0.0",1410519068.9293,7
[16],10,"lr3e-05,wd0.0",6,"lr=1e-04, wd=0.01",1486421225.5699,8
[16],10,"lr3e-05,wd0.0",11,"lr=0.003, wd=0.0",1674406186.9043,9
[16],10,"lr3e-05,wd0.0",8,"lr=3e-04, wd=0.01",1736165356.0778,10
[16],10,"lr3e-05,wd0.0",9,"lr=0.001, wd=0.0",2034377055.8963,11
[16],10,"lr3e-05,wd0.0",7,"lr=3e-04, wd=0.0",2895692190.9223,12
[16],10,"lr3e-05,wd0.01",1,"lr=1e-05, wd=0.0",22904944.3603,1
[16],10,"lr3e-05,wd0.01",2,"lr=1e-05, wd=0.01",25588877.6308,2
[16],10,"lr3e-05,wd0.01",10,"lr=0.001, wd=0.01",53188735.7646,3
[16],10,"lr3e-05,wd0.01",3,"lr=3e-05, wd=0.0",156830969.7574,4
[16],10,"lr3e-05,wd0.01",5,"lr=1e-04, wd=0.0",229452474.072,5
[16],10,"lr3e-05,wd0.01",4,"lr=3e-05, wd=0.01",232927815.0885,6
[16],10,"lr3e-05,wd0.01",6,"lr=1e-04, wd=0.01",262866360.9303,7
[16],10,"lr3e-05,wd0.01",11,"lr=0.003, wd=0.0",362903355.5541,8
[16],10,"lr3e-05,wd0.01",8,"lr=3e-04, wd=0.01",370295134.6941,9
[16],10,"lr3e-05,wd0.01",9,"lr=0.001, wd=0.0",486979552.7891,10
[16],10,"lr3e-05,wd0.01",7,"lr=3e-04, wd=0.0",919253433.9614,11
[16],10,"lr3e-05,wd0.01",12,"lr=0.003, wd=0.01",2147447995.5236,12
[16],10,"lr0.0001,wd0.0",7,"lr=3e-04, wd=0.0",83391673.6644,1
[16],10,"lr0.0001,wd0.0",11,"lr=0.003, wd=0.0",95347053.6964,2
[16],10,"lr0.0001,wd0.0",9,"lr=0.001, wd=0.0",199369984.8483,3
[16],10,"lr0.0001,wd0.0",8,"lr=3e-04, wd=0.01",331847425.0722,4
[16],10,"lr0.0001,wd0.0",5,"lr=1e-04, wd=0.0",1091052351.2713,5
[16],10,"lr0.0001,wd0.0",6,"lr=1e-04, wd=0.01",1094762460.8239,6
[16],10,"lr0.0001,wd0.0",10,"lr=0.001, wd=0.01",1283807362.5108,7
[16],10,"lr0.0001,wd0.0",12,"lr=0.003, wd=0.01",2987272679.6626,8
[16],10,"lr0.0001,wd0.0",3,"lr=3e-05, wd=0.0",3027323840.3862,9
[16],10,"lr0.0001,wd0.0",4,"lr=3e-05, wd=0.01",3528675186.7143,10
[16],10,"lr0.0001,wd0.0",1,"lr=1e-05, wd=0.0",3782788567.8736,11
[16],10,"lr0.0001,wd0.0",2,"lr=1e-05, wd=0.01",4022755287.8428,12
[16],10,"lr0.0001,wd0.01",5,"lr=1e-04, wd=0.0",1087994.2241,1
[16],10,"lr0.0001,wd0.01",6,"lr=1e-04, wd=0.01",3125359.5514,2
[16],10,"lr0.0001,wd0.01",10,"lr=0.001, wd=0.01",5473816.7228,3
[16],10,"lr0.0001,wd0.01",8,"lr=3e-04, wd=0.01",293277545.2532,4
[16],10,"lr0.0001,wd0.01",3,"lr=3e-05, wd=0.0",303411709.047,5
[16],10,"lr0.0001,wd0.01",1,"lr=1e-05, wd=0.0",310779283.6059,6
[16],10,"lr0.0001,wd0.01",2,"lr=1e-05, wd=0.01",320311928.0936,7
[16],10,"lr0.0001,wd0.01",4,"lr=3e-05, wd=0.01",393975907.7618,8
[16],10,"lr0.0001,wd0.01",9,"lr=0.001, wd=0.0",487902123.7909,9
[16],10,"lr0.0001,wd0.01",12,"lr=0.003, wd=0.01",656263971.6181,10
[16],10,"lr0.0001,wd0.01",11,"lr=0.003, wd=0.0",662621688.433,11
[16],10,"lr0.0001,wd0.01",7,"lr=3e-04, wd=0.0",669915982.2925,12
[16],10,"lr0.0003,wd0.0",11,"lr=0.003, wd=0.0",5863074398.9848,1
[16],10,"lr0.0003,wd0.0",9,"lr=0.001, wd=0.0",6398829725.8542,2
[16],10,"lr0.0003,wd0.0",7,"lr=3e-04, wd=0.0",6587125660.7128,3
[16],10,"lr0.0003,wd0.0",8,"lr=3e-04, wd=0.01",7814165067.389,4
[16],10,"lr0.0003,wd0.0",10,"lr=0.001, wd=0.01",9049117287.6621,5
[16],10,"lr0.0003,wd0.0",5,"lr=1e-04, wd=0.0",10078770782.0808,6
[16],10,"lr0.0003,wd0.0",6,"lr=1e-04, wd=0.01",10099158721.7712,7
[16],10,"lr0.0003,wd0.0",12,"lr=0.003, wd=0.01",11877439312.0148,8
[16],10,"lr0.0003,wd0.0",3,"lr=3e-05, wd=0.0",14420279112.2611,9
[16],10,"lr0.0003,wd0.0",4,"lr=3e-05, wd=0.01",15267107728.9357,10
[16],10,"lr0.0003,wd0.0",1,"lr=1e-05, wd=0.0",16397660362.0447,11
[16],10,"lr0.0003,wd0.0",2,"lr=1e-05, wd=0.01",16615837961.2441,12
[16],10,"lr0.0003,wd0.01",6,"lr=1e-04, wd=0.01",638863.9912,1
[16],10,"lr0.0003,wd0.01",5,"lr=1e-04, wd=0.0",5817465.897,2
[16],10,"lr0.0003,wd0.01",10,"lr=0.001, wd=0.01",59195684.6023,3
[16],10,"lr0.0003,wd0.01",12,"lr=0.003, wd=0.01",86705635.3854,4
[16],10,"lr0.0003,wd0.01",8,"lr=3e-04, wd=0.01",246517026.8094,5
[16],10,"lr0.0003,wd0.01",2,"lr=1e-05, wd=0.01",304012359.0799,6
[16],10,"lr0.0003,wd0.01",1,"lr=1e-05, wd=0.0",328833148.9226,7
[16],10,"lr0.0003,wd0.01",3,"lr=3e-05, wd=0.0",374998900.084,8
[16],10,"lr0.0003,wd0.01",4,"lr=3e-05, wd=0.01",391921813.4096,9
[16],10,"lr0.0003,wd0.01",7,"lr=3e-04, wd=0.0",551364929.5732,10
[16],10,"lr0.0003,wd0.01",9,"lr=0.001, wd=0.0",672479318.0997,11
[16],10,"lr0.0003,wd0.01",11,"lr=0.003, wd=0.0",998604652.7028,12
[16],10,"lr0.001,wd0.0",11,"lr=0.003, wd=0.0",7460949384.5875,1
[16],10,"lr0.001,wd0.0",9,"lr=0.001, wd=0.0",8507751132.6502,2
[16],10,"lr0.001,wd0.0",7,"lr=3e-04, wd=0.0",9070311781.3085,3
[16],10,"lr0.001,wd0.0",8,"lr=3e-04, wd=0.01",10252588900.0067,4
[16],10,"lr0.001,wd0.0",10,"lr=0.001, wd=0.01",10877028662.7431,5
[16],10,"lr0.001,wd0.0",5,"lr=1e-04, wd=0.0",12501604741.5255,6
[16],10,"lr0.001,wd0.0",6,"lr=1e-04, wd=0.01",12695896567.781,7
[16],10,"lr0.001,wd0.0",12,"lr=0.003, wd=0.01",12854105418.0581,8
[16],10,"lr0.001,wd0.0",3,"lr=3e-05, wd=0.0",16936569239.6357,9
[16],10,"lr0.001,wd0.0",4,"lr=3e-05, wd=0.01",17568091744.8302,10
[16],10,"lr0.001,wd0.0",1,"lr=1e-05, wd=0.0",17664805942.797,11
[16],10,"lr0.001,wd0.0",2,"lr=1e-05, wd=0.01",17880477066.2261,12
[16],10,"lr0.001,wd0.01",3,"lr=3e-05, wd=0.0",9804882.591,1
[16],10,"lr0.001,wd0.01",4,"lr=3e-05, wd=0.01",11732812.2187,2
[16],10,"lr0.001,wd0.01",12,"lr=0.003, wd=0.01",24000222.0195,3
[16],10,"lr0.001,wd0.01",1,"lr=1e-05, wd=0.0",126473472.2457,4
[16],10,"lr0.001,wd0.01",2,"lr=1e-05, wd=0.01",144455909.498,5
[16],10,"lr0.001,wd0.01",10,"lr=0.001, wd=0.01",688329639.5431,6
[16],10,"lr0.001,wd0.01",6,"lr=1e-04, wd=0.01",737183766.6189,7
[16],10,"lr0.001,wd0.01",5,"lr=1e-04, wd=0.0",751796963.3219,8
[16],10,"lr0.001,wd0.01",8,"lr=3e-04, wd=0.01",1504205807.8664,9
[16],10,"lr0.001,wd0.01",9,"lr=0.001, wd=0.0",1730462557.3102,10
[16],10,"lr0.001,wd0.01",7,"lr=3e-04, wd=0.0",2095115114.3854,11
[16],10,"lr0.001,wd0.01",11,"lr=0.003, wd=0.0",2512143151.3032,12
[16],10,"lr0.003,wd0.0",11,"lr=0.003, wd=0.0",2933434073.3307,1
[16],10,"lr0.003,wd0.0",9,"lr=0.001, wd=0.0",3623545228.5335,2
[16],10,"lr0.003,wd0.0",7,"lr=3e-04, wd=0.0",3842838783.624,3
[16],10,"lr0.003,wd0.0",8,"lr=3e-04, wd=0.01",4551183694.4182,4
[16],10,"lr0.003,wd0.0",10,"lr=0.001, wd=0.01",5118111717.0399,5
[16],10,"lr0.003,wd0.0",5,"lr=1e-04, wd=0.0",6091777562.7342,6
[16],10,"lr0.003,wd0.0",6,"lr=1e-04, wd=0.01",6170159956.596,7
[16],10,"lr0.003,wd0.0",12,"lr=0.003, wd=0.01",6918232823.7438,8
[16],10,"lr0.003,wd0.0",1,"lr=1e-05, wd=0.0",8901940751.478,9
[16],10,"lr0.003,wd0.0",2,"lr=1e-05, wd=0.01",8994890756.9357,10
[16],10,"lr0.003,wd0.0",3,"lr=3e-05, wd=0.0",9690263018.2938,11
[16],10,"lr0.003,wd0.0",4,"lr=3e-05, wd=0.01",9972852655.9454,12
[16],10,"lr0.003,wd0.01",4,"lr=3e-05, wd=0.01",83695395.497,1
[16],10,"lr0.003,wd0.01",3,"lr=3e-05, wd=0.0",234326452.0744,2
[16],10,"lr0.003,wd0.01",1,"lr=1e-05, wd=0.0",296513878.3077,3
[16],10,"lr0.003,wd0.01",12,"lr=0.003, wd=0.01",431134391.6845,4
[16],10,"lr0.003,wd0.01",2,"lr=1e-05, wd=0.01",437972074.7231,5
[16],10,"lr0.003,wd0.01",5,"lr=1e-04, wd=0.0",600233284.934,6
[16],10,"lr0.003,wd0.01",6,"lr=1e-04, wd=0.01",683687286.1666,7
[16],10,"lr0.003,wd0.01",10,"lr=0.001, wd=0.01",2888200675.0038,8
[16],10,"lr0.003,wd0.01",8,"lr=3e-04, wd=0.01",3480611666.2193,9
[16],10,"lr0.003,wd0.01",9,"lr=0.001, wd=0.0",4248916991.505,10
[16],10,"lr0.003,wd0.01",7,"lr=3e-04, wd=0.0",4754956358.1021,11
[16],10,"lr0.003,wd0.01",11,"lr=0.003, wd=0.0",5710728352.2987,12
[16],20,"lr1e-05,wd0.0",4,"lr=3e-05, wd=0.01",579932.1125,1
[16],20,"lr1e-05,wd0.0",11,"lr=0.003, wd=0.0",6137985.7081,2
[16],20,"lr1e-05,wd0.0",10,"lr=0.001, wd=0.01",19822309.9249,3
[16],20,"lr1e-05,wd0.0",3,"lr=3e-05, wd=0.0",21603890.8165,4
[16],20,"lr1e-05,wd0.0",9,"lr=0.001, wd=0.0",38617287.1454,5
[16],20,"lr1e-05,wd0.0",2,"lr=1e-05, wd=0.01",157865678.1911,6
[16],20,"lr1e-05,wd0.0",1,"lr=1e-05, wd=0.0",194284257.2003,7
[16],20,"lr1e-05,wd0.0",12,"lr=0.003, wd=0.01",453833097.9766,8
[16],20,"lr1e-05,wd0.0",8,"lr=3e-04, wd=0.01",765584121.6231,9
[16],20,"lr1e-05,wd0.0",7,"lr=3e-04, wd=0.0",1042370138.7008,10
[16],20,"lr1e-05,wd0.0",6,"lr=1e-04, wd=0.01",1294530649.3687,11
[16],20,"lr1e-05,wd0.0",5,"lr=1e-04, wd=0.0",1345401404.0602,12
[16],20,"lr1e-05,wd0.01",3,"lr=3e-05, wd=0.0",49603438.3645,1
[16],20,"lr1e-05,wd0.01",9,"lr=0.001, wd=0.0",64349515.7457,2
[16],20,"lr1e-05,wd0.01",11,"lr=0.003, wd=0.0",100975578.7487,3
[16],20,"lr1e-05,wd0.01",4,"lr=3e-05, wd=0.01",120663396.092,4
[16],20,"lr1e-05,wd0.01",8,"lr=3e-04, wd=0.01",180688543.1914,5
[16],20,"lr1e-05,wd0.01",7,"lr=3e-04, wd=0.0",210759314.871,6
[16],20,"lr1e-05,wd0.01",10,"lr=0.001, wd=0.01",397249096.362,7
[16],20,"lr1e-05,wd0.01",2,"lr=1e-05, wd=0.01",540398012.172,8
[16],20,"lr1e-05,wd0.01",5,"lr=1e-04, wd=0.0",620025709.6795,9
[16],20,"lr1e-05,wd0.01",1,"lr=1e-05, wd=0.0",667344736.1414,10
[16],20,"lr1e-05,wd0.01",6,"lr=1e-04, wd=0.01",690512920.4778,11
[16],20,"lr1e-05,wd0.01",12,"lr=0.003, wd=0.01",1500550783.6166,12
[16],20,"lr3e-05,wd0.0",1,"lr=1e-05, wd=0.0",53141187.7906,1
[16],20,"lr3e-05,wd0.0",6,"lr=1e-04, wd=0.01",54642441.0203,2
[16],20,"lr3e-05,wd0.0",11,"lr=0.003, wd=0.0",61062566.6172,3
[16],20,"lr3e-05,wd0.0",10,"lr=0.001, wd=0.01",83132243.3895,4
[16],20,"lr3e-05,wd0.0",2,"lr=1e-05, wd=0.01",89265221.6403,5
[16],20,"lr3e-05,wd0.0",5,"lr=1e-04, wd=0.0",100566143.6277,6
[16],20,"lr3e-05,wd0.0",3,"lr=3e-05, wd=0.0",164518622.9559,7
[16],20,"lr3e-05,wd0.0",9,"lr=0.001, wd=0.0",171837210.2902,8
[16],20,"lr3e-05,wd0.0",4,"lr=3e-05, wd=0.01",210428417.6726,9
[16],20,"lr3e-05,wd0.0",8,"lr=3e-04, wd=0.01",225385179.6712,10
[16],20,"lr3e-05,wd0.0",12,"lr=0.003, wd=0.01",598383424.039,11
[16],20,"lr3e-05,wd0.0",7,"lr=3e-04, wd=0.0",601855559.7657,12
[16],20,"lr3e-05,wd0.01",2,"lr=1e-05, wd=0.01",2939314.4907,1
[16],20,"lr3e-05,wd0.01",1,"lr=1e-05, wd=0.0",5600192.0223,2
[16],20,"lr3e-05,wd0.01",10,"lr=0.001, wd=0.01",9823704.3105,3
[16],20,"lr3e-05,wd0.01",3,"lr=3e-05, wd=0.0",22330671.4777,4
[16],20,"lr3e-05,wd0.01",4,"lr=3e-05, wd=0.01",39683498.145,5
[16],20,"lr3e-05,wd0.01",6,"lr=1e-04, wd=0.01",166338091.8915,6
[16],20,"lr3e-05,wd0.01",5,"lr=1e-04, wd=0.0",177518694.6549,7
[16],20,"lr3e-05,wd0.01",11,"lr=0.003, wd=0.0",247211139.6789,8
[16],20,"lr3e-05,wd0.01",9,"lr=0.001, wd=0.0",265131856.9366,9
[16],20,"lr3e-05,wd0.01",8,"lr=3e-04, wd=0.01",287500909.6663,10
[16],20,"lr3e-05,wd0.01",12,"lr=0.003, wd=0.01",411995246.9392,11
[16],20,"lr3e-05,wd0.01",7,"lr=3e-04, wd=0.0",576251303.1617,12
[16],20,"lr0.0001,wd0.0",11,"lr=0.003, wd=0.0",980135754.8389,1
[16],20,"lr0.0001,wd0.0",7,"lr=3e-04, wd=0.0",1150217027.4433,2
[16],20,"lr0.0001,wd0.0",9,"lr=0.001, wd=0.0",1229309262.0716,3
[16],20,"lr0.0001,wd0.0",8,"lr=3e-04, wd=0.01",1662792703.5631,4
[16],20,"lr0.0001,wd0.0",10,"lr=0.001, wd=0.01",2303804270.5909,5
[16],20,"lr0.0001,wd0.0",5,"lr=1e-04, wd=0.0",2466385618.5342,6
[16],20,"lr0.0001,wd0.0",6,"lr=1e-04, wd=0.01",2522900262.3364,7
[16],20,"lr0.0001,wd0.0",12,"lr=0.003, wd=0.01",3570926669.8762,8
[16],20,"lr0.0001,wd0.0",3,"lr=3e-05, wd=0.0",3798173673.6982,9
[16],20,"lr0.0001,wd0.0",4,"lr=3e-05, wd=0.01",4119750413.6538,10
[16],20,"lr0.0001,wd0.0",1,"lr=1e-05, wd=0.0",4428906961.9895,11
[16],20,"lr0.0001,wd0.0",2,"lr=1e-05, wd=0.01",4633405973.897,12
[16],20,"lr0.0001,wd0.01",10,"lr=0.001, wd=0.01",12351467.9956,1
[16],20,"lr0.0001,wd0.01",5,"lr=1e-04, wd=0.0",27522308.8261,2
[16],20,"lr0.0001,wd0.01",6,"lr=1e-04, wd=0.01",31643796.9262,3
[16],20,"lr0.0001,wd0.01",8,"lr=3e-04, wd=0.01",42676492.3235,4
[16],20,"lr0.0001,wd0.01",9,"lr=0.001, wd=0.0",153051484.4063,5
[16],20,"lr0.0001,wd0.01",7,"lr=3e-04, wd=0.0",192180662.181,6
[16],20,"lr0.0001,wd0.01",11,"lr=0.003, wd=0.0",236637113.7492,7
[16],20,"lr0.0001,wd0.01",12,"lr=0.003, wd=0.01",279626047.2436,8
[16],20,"lr0.0001,wd0.01",3,"lr=3e-05, wd=0.0",343292668.4841,9
[16],20,"lr0.0001,wd0.01",1,"lr=1e-05, wd=0.0",370622529.4199,10
[16],20,"lr0.0001,wd0.01",2,"lr=1e-05, wd=0.01",403784888.0633,11
[16],20,"lr0.0001,wd0.01",4,"lr=3e-05, wd=0.01",423529235.8783,12
[16],20,"lr0.0003,wd0.0",11,"lr=0.003, wd=0.0",6541182105.4214,1
[16],20,"lr0.0003,wd0.0",9,"lr=0.001, wd=0.0",7238052874.3593,2
[16],20,"lr0.0003,wd0.0",7,"lr=3e-04, wd=0.0",7547134975.8977,3
[16],20,"lr0.0003,wd0.0",8,"lr=3e-04, wd=0.01",8296811972.6721,4
[16],20,"lr0.0003,wd0.0",10,"lr=0.001, wd=0.01",8746450849.8617,5
[16],20,"lr0.0003,wd0.0",5,"lr=1e-04, wd=0.0",9318587236.9867,6
[16],20,"lr0.0003,wd0.0",6,"lr=1e-04, wd=0.01",9424194859.5386,7
[16],20,"lr0.0003,wd0.0",12,"lr=0.003, wd=0.01",9811021914.846,8
[16],20,"lr0.0003,wd0.0",3,"lr=3e-05, wd=0.0",11307281197.7315,9
[16],20,"lr0.0003,wd0.0",1,"lr=1e-05, wd=0.0",11559387278.4728,10
[16],20,"lr0.0003,wd0.0",4,"lr=3e-05, wd=0.01",11651784135.4977,11
[16],20,"lr0.0003,wd0.0",2,"lr=1e-05, wd=0.01",11709034921.8142,12
[16],20,"lr0.0003,wd0.01",6,"lr=1e-04, wd=0.01",5107446.0527,1
[16],20,"lr0.0003,wd0.01",5,"lr=1e-04, wd=0.0",9086552.1163,2
[16],20,"lr0.0003,wd0.01",10,"lr=0.001, wd=0.01",41824000.8247,3
[16],20,"lr0.0003,wd0.01",12,"lr=0.003, wd=0.01",45828841.7553,4
[16],20,"lr0.0003,wd0.01",8,"lr=3e-04, wd=0.01",103928486.0748,5
[16],20,"lr0.0003,wd0.01",7,"lr=3e-04, wd=0.0",274007100.7815,6
[16],20,"lr0.0003,wd0.01",3,"lr=3e-05, wd=0.0",306989756.2578,7
[16],20,"lr0.0003,wd0.01",1,"lr=1e-05, wd=0.0",320604918.3665,8
[16],20,"lr0.0003,wd0.01",2,"lr=1e-05, wd=0.01",326455670.7338,9
[16],20,"lr0.0003,wd0.01",4,"lr=3e-05, wd=0.01",340605038.4986,10
[16],20,"lr0.0003,wd0.01",9,"lr=0.001, wd=0.0",490036999.6345,11
[16],20,"lr0.0003,wd0.01",11,"lr=0.003, wd=0.0",665668103.4915,12
[16],20,"lr0.001,wd0.0",11,"lr=0.003, wd=0.0",8527537633.7928,1
[16],20,"lr0.001,wd0.0",9,"lr=0.001, wd=0.0",9230842012.1727,2
[16],20,"lr0.001,wd0.0",7,"lr=3e-04, wd=0.0",9729583236.3572,3
[16],20,"lr0.001,wd0.0",8,"lr=3e-04, wd=0.01",10342990357.7271,4
[16],20,"lr0.001,wd0.0",10,"lr=0.001, wd=0.01",10511662762.6711,5
[16],20,"lr0.001,wd0.0",5,"lr=1e-04, wd=0.0",11333649783.739,6
[16],20,"lr0.001,wd0.0",12,"lr=0.003, wd=0.01",11428194265.533,7
[16],20,"lr0.001,wd0.0",6,"lr=1e-04, wd=0.01",11446460474.9403,8
[16],20,"lr0.001,wd0.0",1,"lr=1e-05, wd=0.0",13121992184.6019,9
[16],20,"lr0.001,wd0.0",2,"lr=1e-05, wd=0.01",13303424041.6269,10
[16],20,"lr0.001,wd0.0",3,"lr=3e-05, wd=0.0",13564875341.5613,11
[16],20,"lr0.001,wd0.0",4,"lr=3e-05, wd=0.01",13847976191.5609,12
[16],20,"lr0.001,wd0.01",12,"lr=0.003, wd=0.01",3848386.5171,1
[16],20,"lr0.001,wd0.01",5,"lr=1e-04, wd=0.0",48493102.68,2
[16],20,"lr0.001,wd0.01",6,"lr=1e-04, wd=0.01",64448071.6254,3
[16],20,"lr0.001,wd0.01",2,"lr=1e-05, wd=0.01",143456963.9243,4
[16],20,"lr0.001,wd0.01",1,"lr=1e-05, wd=0.0",161094381.8603,5
[16],20,"lr0.001,wd0.01",4,"lr=3e-05, wd=0.01",237019700.1595,6
[16],20,"lr0.001,wd0.01",3,"lr=3e-05, wd=0.0",244200047.0177,7
[16],20,"lr0.001,wd0.01",10,"lr=0.001, wd=0.01",402346598.6482,8
[16],20,"lr0.001,wd0.01",8,"lr=3e-04, wd=0.01",667761204.2995,9
[16],20,"lr0.001,wd0.01",7,"lr=3e-04, wd=0.0",1140884792.3522,10
[16],20,"lr0.001,wd0.01",9,"lr=0.001, wd=0.0",1548127218.2695,11
[16],20,"lr0.001,wd0.01",11,"lr=0.003, wd=0.0",1954936912.5031,12
[16],20,"lr0.003,wd0.0",11,"lr=0.003, wd=0.0",4107609505.551,1
[16],20,"lr0.003,wd0.0",9,"lr=0.001, wd=0.0",4734789331.8869,2
[16],20,"lr0.003,wd0.0",7,"lr=3e-04, wd=0.0",5138904422.1295,3
[16],20,"lr0.003,wd0.0",8,"lr=3e-04, wd=0.01",5727569571.8783,4
[16],20,"lr0.003,wd0.0",10,"lr=0.001, wd=0.01",5972325000.5712,5
[16],20,"lr0.003,wd0.0",5,"lr=1e-04, wd=0.0",6884322549.5823,6
[16],20,"lr0.003,wd0.0",6,"lr=1e-04, wd=0.01",6961757049.5627,7
[16],20,"lr0.003,wd0.0",12,"lr=0.003, wd=0.01",7174461335.8432,8
[16],20,"lr0.003,wd0.0",1,"lr=1e-05, wd=0.0",8701759895.3125,9
[16],20,"lr0.003,wd0.0",2,"lr=1e-05, wd=0.01",8795847903.3399,10
[16],20,"lr0.003,wd0.0",3,"lr=3e-05, wd=0.0",9458770605.9068,11
[16],20,"lr0.003,wd0.0",4,"lr=3e-05, wd=0.01",9669530261.5281,12
[16],20,"lr0.003,wd0.01",12,"lr=0.003, wd=0.01",2771255232.7433,1
[16],20,"lr0.003,wd0.01",4,"lr=3e-05, wd=0.01",3303741916.4406,2
[16],20,"lr0.003,wd0.01",3,"lr=3e-05, wd=0.0",3309316526.4436,3
[16],20,"lr0.003,wd0.01",1,"lr=1e-05, wd=0.0",5122305199.3232,4
[16],20,"lr0.003,wd0.01",2,"lr=1e-05, wd=0.01",5305717068.9028,5
[16],20,"lr0.003,wd0.01",10,"lr=0.001, wd=0.01",5331159956.0763,6
[16],20,"lr0.003,wd0.01",6,"lr=1e-04, wd=0.01",6111966078.6721,7
[16],20,"lr0.003,wd0.01",5,"lr=1e-04, wd=0.0",6619172235.5682,8
[16],20,"lr0.003,wd0.01",9,"lr=0.001, wd=0.0",6684718650.929,9
[16],20,"lr0.003,wd0.01",11,"lr=0.003, wd=0.0",7799252644.6223,10
[16],20,"lr0.003,wd0.01",8,"lr=3e-04, wd=0.01",7895655671.9792,11
[16],20,"lr0.003,wd0.01",7,"lr=3e-04, wd=0.0",8787882460.8154,12
[16],50,"lr1e-05,wd0.0",8,"lr=3e-04, wd=0.01",720567.6631,1
[16],50,"lr1e-05,wd0.0",7,"lr=3e-04, wd=0.0",2129549.1545,2
[16],50,"lr1e-05,wd0.0",11,"lr=0.003, wd=0.0",6399132.1387,3
[16],50,"lr1e-05,wd0.0",1,"lr=1e-05, wd=0.0",7972156.5798,4
[16],50,"lr1e-05,wd0.0",2,"lr=1e-05, wd=0.01",13674935.3529,5
[16],50,"lr1e-05,wd0.0",3,"lr=3e-05, wd=0.0",20361904.2545,6
[16],50,"lr1e-05,wd0.0",9,"lr=0.001, wd=0.0",20786191.8095,7
[16],50,"lr1e-05,wd0.0",4,"lr=3e-05, wd=0.01",27627951.0558,8
[16],50,"lr1e-05,wd0.0",6,"lr=1e-04, wd=0.01",34018578.5523,9
[16],50,"lr1e-05,wd0.0",10,"lr=0.001, wd=0.01",57241379.8212,10
[16],50,"lr1e-05,wd0.0",5,"lr=1e-04, wd=0.0",62515994.3804,11
[16],50,"lr1e-05,wd0.0",12,"lr=0.003, wd=0.01",115891241.8519,12
[16],50,"lr1e-05,wd0.01",7,"lr=3e-04, wd=0.0",562415.3839,1
[16],50,"lr1e-05,wd0.01",8,"lr=3e-04, wd=0.01",616161.5731,2
[16],50,"lr1e-05,wd0.01",1,"lr=1e-05, wd=0.0",853978.4509,3
[16],50,"lr1e-05,wd0.01",2,"lr=1e-05, wd=0.01",2132504.511,4
[16],50,"lr1e-05,wd0.01",11,"lr=0.003, wd=0.0",10536811.6275,5
[16],50,"lr1e-05,wd0.01",3,"lr=3e-05, wd=0.0",16028834.0494,6
[16],50,"lr1e-05,wd0.01",4,"lr=3e-05, wd=0.01",19144151.9028,7
[16],50,"lr1e-05,wd0.01",9,"lr=0.001, wd=0.0",28802061.7263,8
[16],50,"lr1e-05,wd0.01",5,"lr=1e-04, wd=0.0",30589753.7617,9
[16],50,"lr1e-05,wd0.01",6,"lr=1e-04, wd=0.01",31848973.8813,10
[16],50,"lr1e-05,wd0.01",10,"lr=0.001, wd=0.01",63185237.1119,11
[16],50,"lr1e-05,wd0.01",12,"lr=0.003, wd=0.01",99241571.325,12
[16],50,"lr3e-05,wd0.0",11,"lr=0.003, wd=0.0",17499.0176,1
[16],50,"lr3e-05,wd0.0",7,"lr=3e-04, wd=0.0",1923202.7142,2
[16],50,"lr3e-05,wd0.0",9,"lr=0.001, wd=0.0",4928314.0291,3
[16],50,"lr3e-05,wd0.0",8,"lr=3e-04, wd=0.01",7139352.3491,4
[16],50,"lr3e-05,wd0.0",5,"lr=1e-04, wd=0.0",26714191.3377,5
[16],50,"lr3e-05,wd0.0",6,"lr=1e-04, wd=0.01",37911248.0885,6
[16],50,"lr3e-05,wd0.0",10,"lr=0.001, wd=0.01",51788067.2919,7
[16],50,"lr3e-05,wd0.0",4,"lr=3e-05, wd=0.01",72864925.3513,8
[16],50,"lr3e-05,wd0.0",3,"lr=3e-05, wd=0.0",77136818.9335,9
[16],50,"lr3e-05,wd0.0",1,"lr=1e-05, wd=0.0",85753880.3463,10
[16],50,"lr3e-05,wd0.0",2,"lr=1e-05, wd=0.01",94527653.389,11
[16],50,"lr3e-05,wd0.0",12,"lr=0.003, wd=0.01",130960072.3181,12
[16],50,"lr3e-05,wd0.01",5,"lr=1e-04, wd=0.0",327453.0659,1
[16],50,"lr3e-05,wd0.01",6,"lr=1e-04, wd=0.01",3940644.6886,2
[16],50,"lr3e-05,wd0.01",9,"lr=0.001, wd=0.0",4231146.406,3
[16],50,"lr3e-05,wd0.01",8,"lr=3e-04, wd=0.01",7711482.0282,4
[16],50,"lr3e-05,wd0.01",11,"lr=0.003, wd=0.0",13919799.6385,5
[16],50,"lr3e-05,wd0.01",10,"lr=0.001, wd=0.01",25841965.6954,6
[16],50,"lr3e-05,wd0.01",7,"lr=3e-04, wd=0.0",33834163.1891,7
[16],50,"lr3e-05,wd0.01",1,"lr=1e-05, wd=0.0",34821396.7763,8
[16],50,"lr3e-05,wd0.01",2,"lr=1e-05, wd=0.01",36618097.4852,9
[16],50,"lr3e-05,wd0.01",4,"lr=3e-05, wd=0.01",39337046.6748,10
[16],50,"lr3e-05,wd0.01",3,"lr=3e-05, wd=0.0",44729928.9895,11
[16],50,"lr3e-05,wd0.01",12,"lr=0.003, wd=0.01",101881033.3099,12
[16],50,"lr0.0001,wd0.0",11,"lr=0.003, wd=0.0",338158162.3396,1
[16],50,"lr0.0001,wd0.0",9,"lr=0.001, wd=0.0",525675228.413,2
[16],50,"lr0.0001,wd0.0",7,"lr=3e-04, wd=0.0",538497342.5648,3
[16],50,"lr0.0001,wd0.0",8,"lr=3e-04, wd=0.01",624655882.7091,4
[16],50,"lr0.0001,wd0.0",5,"lr=1e-04, wd=0.0",650690106.2331,5
[16],50,"lr0.0001,wd0.0",1,"lr=1e-05, wd=0.0",650809481.9453,6
[16],50,"lr0.0001,wd0.0",6,"lr=1e-04, wd=0.01",650959409.3823,7
[16],50,"lr0.0001,wd0.0",12,"lr=0.003, wd=0.01",651017718.6316,8
[16],50,"lr0.0001,wd0.0",2,"lr=1e-05, wd=0.01",664019617.2208,9
[16],50,"lr0.0001,wd0.0",4,"lr=3e-05, wd=0.01",666102292.3789,10
[16],50,"lr0.0001,wd0.0",10,"lr=0.001, wd=0.01",668940823.4456,11
[16],50,"lr0.0001,wd0.0",3,"lr=3e-05, wd=0.0",707417445.9628,12
[16],50,"lr0.0001,wd0.01",5,"lr=1e-04, wd=0.0",55775.0885,1
[16],50,"lr0.0001,wd0.01",6,"lr=1e-04, wd=0.01",205497.518,2
[16],50,"lr0.0001,wd0.01",10,"lr=0.001, wd=0.01",1234954.0359,3
[16],50,"lr0.0001,wd0.01",12,"lr=0.003, wd=0.01",4116678.4807,4
[16],50,"lr0.0001,wd0.01",4,"lr=3e-05, wd=0.01",4153655.1969,5
[16],50,"lr0.0001,wd0.01",1,"lr=1e-05, wd=0.0",5121041.4567,6
[16],50,"lr0.0001,wd0.01",2,"lr=1e-05, wd=0.01",5262274.6399,7
[16],50,"lr0.0001,wd0.01",3,"lr=3e-05, wd=0.0",5714684.1567,8
[16],50,"lr0.0001,wd0.01",8,"lr=3e-04, wd=0.01",8042955.6613,9
[16],50,"lr0.0001,wd0.01",7,"lr=3e-04, wd=0.0",37551131.2656,10
[16],50,"lr0.0001,wd0.01",9,"lr=0.001, wd=0.0",53965193.9026,11
[16],50,"lr0.0001,wd0.01",11,"lr=0.003, wd=0.0",103095436.0221,12
[16],50,"lr0.0003,wd0.0",11,"lr=0.003, wd=0.0",153537122.5006,1
[16],50,"lr0.0003,wd0.0",8,"lr=3e-04, wd=0.01",160585695.5026,2
[16],50,"lr0.0003,wd0.0",7,"lr=3e-04, wd=0.0",185544691.226,3
[16],50,"lr0.0003,wd0.0",12,"lr=0.003, wd=0.01",253284736.8073,4
[16],50,"lr0.0003,wd0.0",9,"lr=0.001, wd=0.0",279582932.5146,5
[16],50,"lr0.0003,wd0.0",10,"lr=0.001, wd=0.01",334252121.3192,6
[16],50,"lr0.0003,wd0.0",5,"lr=1e-04, wd=0.0",794276786.8826,7
[16],50,"lr0.0003,wd0.0",6,"lr=1e-04, wd=0.01",800067479.6152,8
[16],50,"lr0.0003,wd0.0",4,"lr=3e-05, wd=0.01",1569236135.5906,9
[16],50,"lr0.0003,wd0.0",2,"lr=1e-05, wd=0.01",1658823506.8654,10
[16],50,"lr0.0003,wd0.0",1,"lr=1e-05, wd=0.0",1671368746.2391,11
[16],50,"lr0.0003,wd0.0",3,"lr=3e-05, wd=0.0",1712151810.4876,12
[16],50,"lr0.0003,wd0.01",6,"lr=1e-04, wd=0.01",675353.2151,1
[16],50,"lr0.0003,wd0.01",12,"lr=0.003, wd=0.01",895704.5233,2
[16],50,"lr0.0003,wd0.01",4,"lr=3e-05, wd=0.01",1070301.9621,3
[16],50,"lr0.0003,wd0.01",5,"lr=1e-04, wd=0.0",2041469.8591,4
[16],50,"lr0.0003,wd0.01",2,"lr=1e-05, wd=0.01",2081716.6053,5
[16],50,"lr0.0003,wd0.01",3,"lr=3e-05, wd=0.0",2111867.7296,6
[16],50,"lr0.0003,wd0.01",1,"lr=1e-05, wd=0.0",2915439.764,7
[16],50,"lr0.0003,wd0.01",10,"lr=0.001, wd=0.01",8604905.8075,8
[16],50,"lr0.0003,wd0.01",8,"lr=3e-04, wd=0.01",13721589.6447,9
[16],50,"lr0.0003,wd0.01",7,"lr=3e-04, wd=0.0",44642408.6723,10
[16],50,"lr0.0003,wd0.01",9,"lr=0.001, wd=0.0",103174055.7671,11
[16],50,"lr0.0003,wd0.01",11,"lr=0.003, wd=0.0",158164663.7175,12
[16],50,"lr0.001,wd0.0",6,"lr=1e-04, wd=0.01",194071753.3016,1
[16],50,"lr0.001,wd0.0",5,"lr=1e-04, wd=0.0",215503741.2106,2
[16],50,"lr0.001,wd0.0",10,"lr=0.001, wd=0.01",851248009.2468,3
[16],50,"lr0.001,wd0.0",2,"lr=1e-05, wd=0.01",900113048.7414,4
[16],50,"lr0.001,wd0.0",1,"lr=1e-05, wd=0.0",944360359.1341,5
[16],50,"lr0.001,wd0.0",12,"lr=0.003, wd=0.01",1088892919.2043,6
[16],50,"lr0.001,wd0.0",4,"lr=3e-05, wd=0.01",1117866585.5784,7
[16],50,"lr0.001,wd0.0",3,"lr=3e-05, wd=0.0",1344622599.6671,8
[16],50,"lr0.001,wd0.0",9,"lr=0.001, wd=0.0",1358322285.4451,9
[16],50,"lr0.001,wd0.0",11,"lr=0.003, wd=0.0",1704844502.1565,10
[16],50,"lr0.001,wd0.0",8,"lr=3e-04, wd=0.01",4812997947.8214,11
[16],50,"lr0.001,wd0.0",7,"lr=3e-04, wd=0.0",5816101273.0572,12
[16],50,"lr0.001,wd0.01",12,"lr=0.003, wd=0.01",960157091.3215,1
[16],50,"lr0.001,wd0.01",3,"lr=3e-05, wd=0.0",990053592.9435,2
[16],50,"lr0.001,wd0.01",4,"lr=3e-05, wd=0.01",1039839729.6974,3
[16],50,"lr0.001,wd0.01",1,"lr=1e-05, wd=0.0",1123301683.824,4
[16],50,"lr0.001,wd0.01",2,"lr=1e-05, wd=0.01",1161772758.0351,5
[16],50,"lr0.001,wd0.01",6,"lr=1e-04, wd=0.01",1203017771.0622,6
[16],50,"lr0.001,wd0.01",5,"lr=1e-04, wd=0.0",1216525544.6517,7
[16],50,"lr0.001,wd0.01",10,"lr=0.001, wd=0.01",1248955708.6649,8
[16],50,"lr0.001,wd0.01",8,"lr=3e-04, wd=0.01",1451217068.532,9
[16],50,"lr0.001,wd0.01",7,"lr=3e-04, wd=0.0",1675449752.7588,10
[16],50,"lr0.001,wd0.01",9,"lr=0.001, wd=0.0",1949050348.5853,11
[16],50,"lr0.001,wd0.01",11,"lr=0.003, wd=0.0",2246447981.7289,12
[16],50,"lr0.003,wd0.0",11,"lr=0.003, wd=0.0",2133737328.5472,1
[16],50,"lr0.003,wd0.0",9,"lr=0.001, wd=0.0",2447388347.3323,2
[16],50,"lr0.003,wd0.0",7,"lr=3e-04, wd=0.0",2552700839.6475,3
[16],50,"lr0.003,wd0.0",8,"lr=3e-04, wd=0.01",2684866592.5424,4
[16],50,"lr0.003,wd0.0",10,"lr=0.001, wd=0.01",2726459328.8557,5
[16],50,"lr0.003,wd0.0",2,"lr=1e-05, wd=0.01",2726889317.1299,6
[16],50,"lr0.003,wd0.0",12,"lr=0.003, wd=0.01",2746538873.4157,7
[16],50,"lr0.003,wd0.0",1,"lr=1e-05, wd=0.0",2757820047.9919,8
[16],50,"lr0.003,wd0.0",5,"lr=1e-04, wd=0.0",2816278122.0675,9
[16],50,"lr0.003,wd0.0",6,"lr=1e-04, wd=0.01",2829149402.0677,10
[16],50,"lr0.003,wd0.0",4,"lr=3e-05, wd=0.01",2905556684.5771,11
[16],50,"lr0.003,wd0.0",3,"lr=3e-05, wd=0.0",2994748515.7757,12
[16],50,"lr0.003,wd0.01",12,"lr=0.003, wd=0.01",3213697966.8355,1
[16],50,"lr0.003,wd0.01",3,"lr=3e-05, wd=0.0",3882353438.4072,2
[16],50,"lr0.003,wd0.01",4,"lr=3e-05, wd=0.01",4029311295.7417,3
[16],50,"lr0.003,wd0.01",1,"lr=1e-05, wd=0.0",4059159001.9808,4
[16],50,"lr0.003,wd0.01",2,"lr=1e-05, wd=0.01",4131059532.1508,5
[16],50,"lr0.003,wd0.01",6,"lr=1e-04, wd=0.01",4657340811.2678,6
[16],50,"lr0.003,wd0.01",10,"lr=0.001, wd=0.01",4673929809.0242,7
[16],50,"lr0.003,wd0.01",5,"lr=1e-04, wd=0.0",4799756233.0023,8
[16],50,"lr0.003,wd0.01",8,"lr=3e-04, wd=0.01",5446220586.2208,9
[16],50,"lr0.003,wd0.01",9,"lr=0.001, wd=0.0",5644750505.5802,10
[16],50,"lr0.003,wd0.01",7,"lr=3e-04, wd=0.0",5869079614.9357,11
[16],50,"lr0.003,wd0.01",11,"lr=0.003, wd=0.0",6234477507.0783,12
[16],90,"lr1e-05,wd0.0",5,"lr=1e-04, wd=0.0",3737037.1213,1
[16],90,"lr1e-05,wd0.0",6,"lr=1e-04, wd=0.01",8738064.9115,2
[16],90,"lr1e-05,wd0.0",11,"lr=0.003, wd=0.0",13094052.3539,3
[16],90,"lr1e-05,wd0.0",7,"lr=3e-04, wd=0.0",13273868.987,4
[16],90,"lr1e-05,wd0.0",8,"lr=3e-04, wd=0.01",14982228.811,5
[16],90,"lr1e-05,wd0.0",9,"lr=0.001, wd=0.0",29024032.7125,6
[16],90,"lr1e-05,wd0.0",1,"lr=1e-05, wd=0.0",29964997.346,7
[16],90,"lr1e-05,wd0.0",4,"lr=3e-05, wd=0.01",30048830.2145,8
[16],90,"lr1e-05,wd0.0",3,"lr=3e-05, wd=0.0",36699409.873,9
[16],90,"lr1e-05,wd0.0",2,"lr=1e-05, wd=0.01",37101584.3757,10
[16],90,"lr1e-05,wd0.0",10,"lr=0.001, wd=0.01",44140726.5287,11
[16],90,"lr1e-05,wd0.0",12,"lr=0.003, wd=0.01",46618745.1632,12
[16],90,"lr1e-05,wd0.01",7,"lr=3e-04, wd=0.0",991267.8402,1
[16],90,"lr1e-05,wd0.01",8,"lr=3e-04, wd=0.01",1113589.6977,2
[16],90,"lr1e-05,wd0.01",11,"lr=0.003, wd=0.0",1527735.6551,3
[16],90,"lr1e-05,wd0.01",6,"lr=1e-04, wd=0.01",1991170.7829,4
[16],90,"lr1e-05,wd0.01",5,"lr=1e-04, wd=0.0",3052612.2272,5
[16],90,"lr1e-05,wd0.01",4,"lr=3e-05, wd=0.01",5683702.7789,6
[16],90,"lr1e-05,wd0.01",1,"lr=1e-05, wd=0.0",5728325.8143,7
[16],90,"lr1e-05,wd0.01",2,"lr=1e-05, wd=0.01",7011540.703,8
[16],90,"lr1e-05,wd0.01",9,"lr=0.001, wd=0.0",8295179.7676,9
[16],90,"lr1e-05,wd0.01",3,"lr=3e-05, wd=0.0",9269683.989,10
[16],90,"lr1e-05,wd0.01",10,"lr=0.001, wd=0.01",17445840.2374,11
[16],90,"lr1e-05,wd0.01",12,"lr=0.003, wd=0.01",18129926.4834,12
[16],90,"lr3e-05,wd0.0",11,"lr=0.003, wd=0.0",94812.6937,1
[16],90,"lr3e-05,wd0.0",7,"lr=3e-04, wd=0.0",2185501.6783,2
[16],90,"lr3e-05,wd0.0",9,"lr=0.001, wd=0.0",3081660.464,3
[16],90,"lr3e-05,wd0.0",8,"lr=3e-04, wd=0.01",6030251.2714,4
[16],90,"lr3e-05,wd0.0",10,"lr=0.001, wd=0.01",9021485.1567,5
[16],90,"lr3e-05,wd0.0",5,"lr=1e-04, wd=0.0",10310944.4163,6
[16],90,"lr3e-05,wd0.0",6,"lr=1e-04, wd=0.01",11404535.1583,7
[16],90,"lr3e-05,wd0.0",4,"lr=3e-05, wd=0.01",12990535.8615,8
[16],90,"lr3e-05,wd0.0",12,"lr=0.003, wd=0.01",14287631.3617,9
[16],90,"lr3e-05,wd0.0",3,"lr=3e-05, wd=0.0",16203114.9939,10
[16],90,"lr3e-05,wd0.0",1,"lr=1e-05, wd=0.0",16931451.5711,11
[16],90,"lr3e-05,wd0.0",2,"lr=1e-05, wd=0.01",18441301.5938,12
[16],90,"lr3e-05,wd0.01",8,"lr=3e-04, wd=0.01",58993.2305,1
[16],90,"lr3e-05,wd0.01",5,"lr=1e-04, wd=0.0",1103444.8554,2
[16],90,"lr3e-05,wd0.01",9,"lr=0.001, wd=0.0",1914849.8804,3
[16],90,"lr3e-05,wd0.01",6,"lr=1e-04, wd=0.01",2484036.3093,4
[16],90,"lr3e-05,wd0.01",7,"lr=3e-04, wd=0.0",4201833.4425,5
[16],90,"lr3e-05,wd0.01",4,"lr=3e-05, wd=0.01",4564946.7686,6
[16],90,"lr3e-05,wd0.01",10,"lr=0.001, wd=0.01",4591090.9506,7
[16],90,"lr3e-05,wd0.01",1,"lr=1e-05, wd=0.0",5365337.5776,8
[16],90,"lr3e-05,wd0.01",2,"lr=1e-05, wd=0.01",5380859.7003,9
[16],90,"lr3e-05,wd0.01",12,"lr=0.003, wd=0.01",7259808.2959,10
[16],90,"lr3e-05,wd0.01",3,"lr=3e-05, wd=0.0",7298367.251,11
[16],90,"lr3e-05,wd0.01",11,"lr=0.003, wd=0.0",10154684.4587,12
[16],90,"lr0.0001,wd0.0",7,"lr=3e-04, wd=0.0",33490.4872,1
[16],90,"lr0.0001,wd0.0",9,"lr=0.001, wd=0.0",290862.1571,2
[16],90,"lr0.0001,wd0.0",8,"lr=3e-04, wd=0.01",752421.6184,3
[16],90,"lr0.0001,wd0.0",6,"lr=1e-04, wd=0.01",995407.4008,4
[16],90,"lr0.0001,wd0.0",5,"lr=1e-04, wd=0.0",1589958.5454,5
[16],90,"lr0.0001,wd0.0",10,"lr=0.001, wd=0.01",2763126.7846,6
[16],90,"lr0.0001,wd0.0",12,"lr=0.003, wd=0.01",2777336.2543,7
[16],90,"lr0.0001,wd0.0",11,"lr=0.003, wd=0.0",4237505.7263,8
[16],90,"lr0.0001,wd0.0",4,"lr=3e-05, wd=0.01",12114889.9816,9
[16],90,"lr0.0001,wd0.0",2,"lr=1e-05, wd=0.01",15947997.8497,10
[16],90,"lr0.0001,wd0.0",1,"lr=1e-05, wd=0.0",17173493.1822,11
[16],90,"lr0.0001,wd0.0",3,"lr=3e-05, wd=0.0",18269573.5193,12
[16],90,"lr0.0001,wd0.01",7,"lr=3e-04, wd=0.0",6057.489,1
[16],90,"lr0.0001,wd0.01",9,"lr=0.001, wd=0.0",1630771.6267,2
[16],90,"lr0.0001,wd0.01",8,"lr=3e-04, wd=0.01",2017237.7906,3
[16],90,"lr0.0001,wd0.01",10,"lr=0.001, wd=0.01",2541468.7059,4
[16],90,"lr0.0001,wd0.01",11,"lr=0.003, wd=0.0",4413028.7417,5
[16],90,"lr0.0001,wd0.01",5,"lr=1e-04, wd=0.0",5691244.3016,6
[16],90,"lr0.0001,wd0.01",6,"lr=1e-04, wd=0.01",6877202.7148,7
[16],90,"lr0.0001,wd0.01",12,"lr=0.003, wd=0.01",7073695.1344,8
[16],90,"lr0.0001,wd0.01",4,"lr=3e-05, wd=0.01",7766749.6647,9
[16],90,"lr0.0001,wd0.01",3,"lr=3e-05, wd=0.0",10650509.4509,10
[16],90,"lr0.0001,wd0.01",2,"lr=1e-05, wd=0.01",14868283.3271,11
[16],90,"lr0.0001,wd0.01",1,"lr=1e-05, wd=0.0",16305895.0817,12
[16],90,"lr0.0003,wd0.0",10,"lr=0.001, wd=0.01",1768259.5229,1
[16],90,"lr0.0003,wd0.0",9,"lr=0.001, wd=0.0",1911246.6118,2
[16],90,"lr0.0003,wd0.0",11,"lr=0.003, wd=0.0",2844565.4346,3
[16],90,"lr0.0003,wd0.0",12,"lr=0.003, wd=0.01",2988784.8645,4
[16],90,"lr0.0003,wd0.0",7,"lr=3e-04, wd=0.0",15416125.7872,5
[16],90,"lr0.0003,wd0.0",8,"lr=3e-04, wd=0.01",15661537.1133,6
[16],90,"lr0.0003,wd0.0",6,"lr=1e-04, wd=0.01",73076460.7513,7
[16],90,"lr0.0003,wd0.0",5,"lr=1e-04, wd=0.0",74932236.4637,8
[16],90,"lr0.0003,wd0.0",2,"lr=1e-05, wd=0.01",83268094.9959,9
[16],90,"lr0.0003,wd0.0",1,"lr=1e-05, wd=0.0",96452676.4781,10
[16],90,"lr0.0003,wd0.0",4,"lr=3e-05, wd=0.01",137915964.9909,11
[16],90,"lr0.0003,wd0.0",3,"lr=3e-05, wd=0.0",149993977.3915,12
[16],90,"lr0.0003,wd0.01",1,"lr=1e-05, wd=0.0",53472.872,1
[16],90,"lr0.0003,wd0.01",2,"lr=1e-05, wd=0.01",131455.7318,2
[16],90,"lr0.0003,wd0.01",3,"lr=3e-05, wd=0.0",3680701.9874,3
[16],90,"lr0.0003,wd0.01",4,"lr=3e-05, wd=0.01",5986626.7949,4
[16],90,"lr0.0003,wd0.01",12,"lr=0.003, wd=0.01",7364016.6852,5
[16],90,"lr0.0003,wd0.01",6,"lr=1e-04, wd=0.01",7589781.2161,6
[16],90,"lr0.0003,wd0.01",5,"lr=1e-04, wd=0.0",9855779.8092,7
[16],90,"lr0.0003,wd0.01",10,"lr=0.001, wd=0.01",13177141.2859,8
[16],90,"lr0.0003,wd0.01",8,"lr=3e-04, wd=0.01",14186257.4166,9
[16],90,"lr0.0003,wd0.01",7,"lr=3e-04, wd=0.0",24304875.1291,10
[16],90,"lr0.0003,wd0.01",9,"lr=0.001, wd=0.0",45476974.2428,11
[16],90,"lr0.0003,wd0.01",11,"lr=0.003, wd=0.0",60056146.7348,12
[16],90,"lr0.001,wd0.0",9,"lr=0.001, wd=0.0",419399025.9423,1
[16],90,"lr0.001,wd0.0",12,"lr=0.003, wd=0.01",420867435.6159,2
[16],90,"lr0.001,wd0.0",10,"lr=0.001, wd=0.01",424018224.476,3
[16],90,"lr0.001,wd0.0",11,"lr=0.003, wd=0.0",436536262.5412,4
[16],90,"lr0.001,wd0.0",7,"lr=3e-04, wd=0.0",531885412.7728,5
[16],90,"lr0.001,wd0.0",8,"lr=3e-04, wd=0.01",540567983.8885,6
[16],90,"lr0.001,wd0.0",6,"lr=1e-04, wd=0.01",697066126.3411,7
[16],90,"lr0.001,wd0.0",5,"lr=1e-04, wd=0.0",704641671.9107,8
[16],90,"lr0.001,wd0.0",2,"lr=1e-05, wd=0.01",713930075.2515,9
[16],90,"lr0.001,wd0.0",1,"lr=1e-05, wd=0.0",755184631.7722,10
[16],90,"lr0.001,wd0.0",4,"lr=3e-05, wd=0.01",815773281.9868,11
[16],90,"lr0.001,wd0.0",3,"lr=3e-05, wd=0.0",853322985.9066,12
[16],90,"lr0.001,wd0.01",4,"lr=3e-05, wd=0.01",64817.4065,1
[16],90,"lr0.001,wd0.01",3,"lr=3e-05, wd=0.0",176568.6171,2
[16],90,"lr0.001,wd0.01",12,"lr=0.003, wd=0.01",550420.2216,3
[16],90,"lr0.001,wd0.01",6,"lr=1e-04, wd=0.01",677394.9863,4
[16],90,"lr0.001,wd0.01",5,"lr=1e-04, wd=0.0",6135985.7873,5
[16],90,"lr0.001,wd0.01",10,"lr=0.001, wd=0.01",19495049.6996,6
[16],90,"lr0.001,wd0.01",8,"lr=3e-04, wd=0.01",19506905.2085,7
[16],90,"lr0.001,wd0.01",2,"lr=1e-05, wd=0.01",30555211.1138,8
[16],90,"lr0.001,wd0.01",1,"lr=1e-05, wd=0.0",32914557.3069,9
[16],90,"lr0.001,wd0.01",7,"lr=3e-04, wd=0.0",62617168.1271,10
[16],90,"lr0.001,wd0.01",11,"lr=0.003, wd=0.0",117946086.1886,11
[16],90,"lr0.001,wd0.01",9,"lr=0.001, wd=0.0",138749585.5923,12
[16],90,"lr0.003,wd0.0",11,"lr=0.003, wd=0.0",94366527.9859,1
[16],90,"lr0.003,wd0.0",12,"lr=0.003, wd=0.01",94569721.9564,2
[16],90,"lr0.003,wd0.0",10,"lr=0.001, wd=0.01",95105907.0656,3
[16],90,"lr0.003,wd0.0",9,"lr=0.001, wd=0.0",108587957.2866,4
[16],90,"lr0.003,wd0.0",7,"lr=3e-04, wd=0.0",136295507.3866,5
[16],90,"lr0.003,wd0.0",8,"lr=3e-04, wd=0.01",136902406.8479,6
[16],90,"lr0.003,wd0.0",5,"lr=1e-04, wd=0.0",337833589.0509,7
[16],90,"lr0.003,wd0.0",6,"lr=1e-04, wd=0.01",345495602.9007,8
[16],90,"lr0.003,wd0.0",2,"lr=1e-05, wd=0.01",528531070.9066,9
[16],90,"lr0.003,wd0.0",1,"lr=1e-05, wd=0.0",551986114.982,10
[16],90,"lr0.003,wd0.0",4,"lr=3e-05, wd=0.01",595800232.7403,11
[16],90,"lr0.003,wd0.0",3,"lr=3e-05, wd=0.0",622999484.7014,12
[16],90,"lr0.003,wd0.01",1,"lr=1e-05, wd=0.0",35945485.5457,1
[16],90,"lr0.003,wd0.01",2,"lr=1e-05, wd=0.01",37075539.3496,2
[16],90,"lr0.003,wd0.01",3,"lr=3e-05, wd=0.0",213125456.1974,3
[16],90,"lr0.003,wd0.01",4,"lr=3e-05, wd=0.01",239853741.1814,4
[16],90,"lr0.003,wd0.01",6,"lr=1e-04, wd=0.01",327275207.1268,5
[16],90,"lr0.003,wd0.01",12,"lr=0.003, wd=0.01",335727540.3895,6
[16],90,"lr0.003,wd0.01",5,"lr=1e-04, wd=0.0",460668053.9885,7
[16],90,"lr0.003,wd0.01",10,"lr=0.001, wd=0.01",644173501.8859,8
[16],90,"lr0.003,wd0.01",8,"lr=3e-04, wd=0.01",732943959.0431,9
[16],90,"lr0.003,wd0.01",9,"lr=0.001, wd=0.0",738506432.2297,10
[16],90,"lr0.003,wd0.01",11,"lr=0.003, wd=0.0",745038181.8112,11
[16],90,"lr0.003,wd0.01",7,"lr=3e-04, wd=0.0",812723097.5011,12
[24],0,"lr1e-05,wd0.0",11,"lr=0.003, wd=0.0",35653030.9272,1
[24],0,"lr1e-05,wd0.0",12,"lr=0.003, wd=0.01",49422614.5787,2
[24],0,"lr1e-05,wd0.0",10,"lr=0.001, wd=0.01",50083878.8066,3
[24],0,"lr1e-05,wd0.0",7,"lr=3e-04, wd=0.0",148821697.8943,4
[24],0,"lr1e-05,wd0.0",9,"lr=0.001, wd=0.0",232668305.3909,5
[24],0,"lr1e-05,wd0.0",5,"lr=1e-04, wd=0.0",445034318.1192,6
[24],0,"lr1e-05,wd0.0",8,"lr=3e-04, wd=0.01",772930585.8233,7
[24],0,"lr1e-05,wd0.0",6,"lr=1e-04, wd=0.01",2378877437.0057,8
[24],0,"lr1e-05,wd0.0",3,"lr=3e-05, wd=0.0",4321121022.0745,9
[24],0,"lr1e-05,wd0.0",4,"lr=3e-05, wd=0.01",6854582780.4939,10
[24],0,"lr1e-05,wd0.0",1,"lr=1e-05, wd=0.0",19959930129.9131,11
[24],0,"lr1e-05,wd0.0",2,"lr=1e-05, wd=0.01",26497924917.5617,12
[24],0,"lr1e-05,wd0.01",8,"lr=3e-04, wd=0.01",76105028.8151,1
[24],0,"lr1e-05,wd0.01",6,"lr=1e-04, wd=0.01",153365764.8384,2
[24],0,"lr1e-05,wd0.01",5,"lr=1e-04, wd=0.0",264754695.7341,3
[24],0,"lr1e-05,wd0.01",9,"lr=0.001, wd=0.0",524341492.4837,4
[24],0,"lr1e-05,wd0.01",7,"lr=3e-04, wd=0.0",652353206.9255,5
[24],0,"lr1e-05,wd0.01",3,"lr=3e-05, wd=0.0",855072374.3607,6
[24],0,"lr1e-05,wd0.01",10,"lr=0.001, wd=0.01",899190355.7893,7
[24],0,"lr1e-05,wd0.01",11,"lr=0.003, wd=0.0",1034754838.3987,8
[24],0,"lr1e-05,wd0.01",12,"lr=0.003, wd=0.01",1979755470.854,9
[24],0,"lr1e-05,wd0.01",4,"lr=3e-05, wd=0.01",2137724386.0842,10
[24],0,"lr1e-05,wd0.01",1,"lr=1e-05, wd=0.0",11156968695.4889,11
[24],0,"lr1e-05,wd0.01",2,"lr=1e-05, wd=0.01",15767746150.9334,12
[24],0,"lr3e-05,wd0.0",12,"lr=0.003, wd=0.01",1376491571.7322,1
[24],0,"lr3e-05,wd0.0",11,"lr=0.003, wd=0.0",2379861138.8392,2
[24],0,"lr3e-05,wd0.0",10,"lr=0.001, wd=0.01",2498889396.7849,3
[24],0,"lr3e-05,wd0.0",7,"lr=3e-04, wd=0.0",2769327084.4394,4
[24],0,"lr3e-05,wd0.0",9,"lr=0.001, wd=0.0",3366456570.0266,5
[24],0,"lr3e-05,wd0.0",5,"lr=1e-04, wd=0.0",3544295049.8258,6
[24],0,"lr3e-05,wd0.0",8,"lr=3e-04, wd=0.01",4728171512.9702,7
[24],0,"lr3e-05,wd0.0",6,"lr=1e-04, wd=0.01",7616261891.3179,8
[24],0,"lr3e-05,wd0.0",3,"lr=3e-05, wd=0.0",10626402786.8883,9
[24],0,"lr3e-05,wd0.0",4,"lr=3e-05, wd=0.01",14310007378.495,10
[24],0,"lr3e-05,wd0.0",1,"lr=1e-05, wd=0.0",32207389145.8171,11
[24],0,"lr3e-05,wd0.0",2,"lr=1e-05, wd=0.01",40409334492.0313,12
[24],0,"lr3e-05,wd0.01",11,"lr=0.003, wd=0.0",6583107.4665,1
[24],0,"lr3e-05,wd0.01",10,"lr=0.001, wd=0.01",28751329.1495,2
[24],0,"lr3e-05,wd0.01",7,"lr=3e-04, wd=0.0",49102604.2088,3
[24],0,"lr3e-05,wd0.01",12,"lr=0.003, wd=0.01",62976945.3384,4
[24],0,"lr3e-05,wd0.01",9,"lr=0.001, wd=0.0",140162327.4828,5
[24],0,"lr3e-05,wd0.01",5,"lr=1e-04, wd=0.0",210021959.4909,6
[24],0,"lr3e-05,wd0.01",8,"lr=3e-04, wd=0.01",603123837.1052,7
[24],0,"lr3e-05,wd0.01",6,"lr=1e-04, wd=0.01",1855193004.9194,8
[24],0,"lr3e-05,wd0.01",3,"lr=3e-05, wd=0.0",3495228343.8866,9
[24],0,"lr3e-05,wd0.01",4,"lr=3e-05, wd=0.01",5666960377.2308,10
[24],0,"lr3e-05,wd0.01",1,"lr=1e-05, wd=0.0",18370971444.3187,11
[24],0,"lr3e-05,wd0.01",2,"lr=1e-05, wd=0.01",24271313475.3032,12
[24],0,"lr0.0001,wd0.0",12,"lr=0.003, wd=0.01",566376827.9829,1
[24],0,"lr0.0001,wd0.0",11,"lr=0.003, wd=0.0",1146998540.3279,2
[24],0,"lr0.0001,wd0.0",7,"lr=3e-04, wd=0.0",1147231433.181,3
[24],0,"lr0.0001,wd0.0",10,"lr=0.001, wd=0.01",1183555425.2685,4
[24],0,"lr0.0001,wd0.0",5,"lr=1e-04, wd=0.0",1524983477.6873,5
[24],0,"lr0.0001,wd0.0",9,"lr=0.001, wd=0.0",1788956599.507,6
[24],0,"lr0.0001,wd0.0",8,"lr=3e-04, wd=0.01",2559825322.4257,7
[24],0,"lr0.0001,wd0.0",6,"lr=1e-04, wd=0.01",4432336034.387,8
[24],0,"lr0.0001,wd0.0",3,"lr=3e-05, wd=0.0",6877461707.2035,9
[24],0,"lr0.0001,wd0.0",4,"lr=3e-05, wd=0.01",9841857974.2079,10
[24],0,"lr0.0001,wd0.0",1,"lr=1e-05, wd=0.0",25954774859.0364,11
[24],0,"lr0.0001,wd0.0",2,"lr=1e-05, wd=0.01",33403281882.8499,12
[24],0,"lr0.0001,wd0.01",12,"lr=0.003, wd=0.01",366161345.4771,1
[24],0,"lr0.0001,wd0.01",11,"lr=0.003, wd=0.0",748410352.9498,2
[24],0,"lr0.0001,wd0.01",7,"lr=3e-04, wd=0.0",792884847.1751,3
[24],0,"lr0.0001,wd0.01",10,"lr=0.001, wd=0.01",899488863.6477,4
[24],0,"lr0.0001,wd0.01",5,"lr=1e-04, wd=0.0",1169125943.7569,5
[24],0,"lr0.0001,wd0.01",9,"lr=0.001, wd=0.0",1288903991.9589,6
[24],0,"lr0.0001,wd0.01",8,"lr=3e-04, wd=0.01",2140325292.2775,7
[24],0,"lr0.0001,wd0.01",6,"lr=1e-04, wd=0.01",3881835729.1459,8
[24],0,"lr0.0001,wd0.01",3,"lr=3e-05, wd=0.0",6191029986.7153,9
[24],0,"lr0.0001,wd0.01",4,"lr=3e-05, wd=0.01",8925170572.8142,10
[24],0,"lr0.0001,wd0.01",1,"lr=1e-05, wd=0.0",24399686384.2503,11
[24],0,"lr0.0001,wd0.01",2,"lr=1e-05, wd=0.01",31379181727.3036,12
[24],0,"lr0.0003,wd0.0",9,"lr=0.001, wd=0.0",6541998.6796,1
[24],0,"lr0.0003,wd0.0",8,"lr=3e-04, wd=0.01",10520449.5721,2
[24],0,"lr0.0003,wd0.0",5,"lr=1e-04, wd=0.0",80534070.8346,3
[24],0,"lr0.0003,wd0.0",11,"lr=0.003, wd=0.0",90098687.4169,4
[24],0,"lr0.0003,wd0.0",10,"lr=0.001, wd=0.01",98239138.8351,5
[24],0,"lr0.0003,wd0.0",7,"lr=3e-04, wd=0.0",192337929.0637,6
[24],0,"lr0.0003,wd0.0",12,"lr=0.003, wd=0.01",332017647.0241,7
[24],0,"lr0.0003,wd0.0",6,"lr=1e-04, wd=0.01",337653498.562,8
[24],0,"lr0.0003,wd0.0",3,"lr=3e-05, wd=0.0",1300432118.0305,9
[24],0,"lr0.0003,wd0.0",4,"lr=3e-05, wd=0.01",2727335929.4555,10
[24],0,"lr0.0003,wd0.0",1,"lr=1e-05, wd=0.0",13406237152.5268,11
[24],0,"lr0.0003,wd0.0",2,"lr=1e-05, wd=0.01",18836355623.1817,12
[24],0,"lr0.0003,wd0.01",12,"lr=0.003, wd=0.01",864499019.5126,1
[24],0,"lr0.0003,wd0.01",7,"lr=3e-04, wd=0.0",1054726856.2468,2
[24],0,"lr0.0003,wd0.01",11,"lr=0.003, wd=0.0",1268555318.0115,3
[24],0,"lr0.0003,wd0.01",10,"lr=0.001, wd=0.01",1402050929.8411,4
[24],0,"lr0.0003,wd0.01",5,"lr=1e-04, wd=0.0",1442149683.8067,5
[24],0,"lr0.0003,wd0.01",9,"lr=0.001, wd=0.0",1834949753.6228,6
[24],0,"lr0.0003,wd0.01",8,"lr=3e-04, wd=0.01",2551785586.3058,7
[24],0,"lr0.0003,wd0.01",6,"lr=1e-04, wd=0.01",4325087435.6874,8
[24],0,"lr0.0003,wd0.01",3,"lr=3e-05, wd=0.0",6897713963.1808,9
[24],0,"lr0.0003,wd0.01",4,"lr=3e-05, wd=0.01",9813944099.7043,10
[24],0,"lr0.0003,wd0.01",1,"lr=1e-05, wd=0.0",26225011193.8797,11
[24],0,"lr0.0003,wd0.01",2,"lr=1e-05, wd=0.01",33572767183.863,12
[24],0,"lr0.001,wd0.0",6,"lr=1e-04, wd=0.01",13086709.1707,1
[24],0,"lr0.001,wd0.0",3,"lr=3e-05, wd=0.0",228302781.114,2
[24],0,"lr0.001,wd0.0",8,"lr=3e-04, wd=0.01",369509613.7512,3
[24],0,"lr0.001,wd0.0",9,"lr=0.001, wd=0.0",560499021.2774,4
[24],0,"lr0.001,wd0.0",11,"lr=0.003, wd=0.0",797535071.0742,5
[24],0,"lr0.001,wd0.0",10,"lr=0.001, wd=0.01",907165335.0017,6
[24],0,"lr0.001,wd0.0",5,"lr=1e-04, wd=0.0",953084117.653,7
[24],0,"lr0.001,wd0.0",4,"lr=3e-05, wd=0.01",978960957.6365,8
[24],0,"lr0.001,wd0.0",12,"lr=0.003, wd=0.01",1238861668.3839,9
[24],0,"lr0.001,wd0.0",7,"lr=3e-04, wd=0.0",1322851891.4226,10
[24],0,"lr0.001,wd0.0",1,"lr=1e-05, wd=0.0",9167029126.3279,11
[24],0,"lr0.001,wd0.0",2,"lr=1e-05, wd=0.01",13715773751.3475,12
[24],0,"lr0.001,wd0.01",7,"lr=3e-04, wd=0.0",674633403.5777,1
[24],0,"lr0.001,wd0.01",12,"lr=0.003, wd=0.01",811071457.9003,2
[24],0,"lr0.001,wd0.01",5,"lr=1e-04, wd=0.0",995604547.0913,3
[24],0,"lr0.001,wd0.01",11,"lr=0.003, wd=0.0",1063755699.5513,4
[24],0,"lr0.001,wd0.01",10,"lr=0.001, wd=0.01",1070360591.6496,5
[24],0,"lr0.001,wd0.01",9,"lr=0.001, wd=0.0",1435301143.4107,6
[24],0,"lr0.001,wd0.01",8,"lr=3e-04, wd=0.01",1907134663.8614,7
[24],0,"lr0.001,wd0.01",6,"lr=1e-04, wd=0.01",3523620075.1617,8
[24],0,"lr0.001,wd0.01",3,"lr=3e-05, wd=0.0",5987668681.9334,9
[24],0,"lr0.001,wd0.01",4,"lr=3e-05, wd=0.01",8807708060.7043,10
[24],0,"lr0.001,wd0.01",1,"lr=1e-05, wd=0.0",24727710941.6774,11
[24],0,"lr0.001,wd0.01",2,"lr=1e-05, wd=0.01",31973925976.4344,12
[24],0,"lr0.003,wd0.0",6,"lr=1e-04, wd=0.01",9267567.087,1
[24],0,"lr0.003,wd0.0",8,"lr=3e-04, wd=0.01",158720817.7838,2
[24],0,"lr0.003,wd0.0",9,"lr=0.001, wd=0.0",284427057.9806,3
[24],0,"lr0.003,wd0.0",11,"lr=0.003, wd=0.0",396822470.2328,4
[24],0,"lr0.003,wd0.0",3,"lr=3e-05, wd=0.0",509811372.178,5
[24],0,"lr0.003,wd0.0",10,"lr=0.001, wd=0.01",520675536.9644,6
[24],0,"lr0.003,wd0.0",5,"lr=1e-04, wd=0.0",570025779.5745,7
[24],0,"lr0.003,wd0.0",12,"lr=0.003, wd=0.01",646258386.4116,8
[24],0,"lr0.003,wd0.0",7,"lr=3e-04, wd=0.0",877561988.1538,9
[24],0,"lr0.003,wd0.0",4,"lr=3e-05, wd=0.01",1523727815.3836,10
[24],0,"lr0.003,wd0.0",1,"lr=1e-05, wd=0.0",10803900925.4011,11
[24],0,"lr0.003,wd0.0",2,"lr=1e-05, wd=0.01",15722513521.9543,12
[24],0,"lr0.003,wd0.01",7,"lr=3e-04, wd=0.0",151123398.7975,1
[24],0,"lr0.003,wd0.01",12,"lr=0.003, wd=0.01",303722472.7775,2
[24],0,"lr0.003,wd0.01",5,"lr=1e-04, wd=0.0",322585407.6302,3
[24],0,"lr0.003,wd0.01",10,"lr=0.001, wd=0.01",379163300.3595,4
[24],0,"lr0.003,wd0.01",11,"lr=0.003, wd=0.0",435081974.6468,5
[24],0,"lr0.003,wd0.01",9,"lr=0.001, wd=0.0",611664625.9138,6
[24],0,"lr0.003,wd0.01",8,"lr=3e-04, wd=0.01",892541553.8595,7
[24],0,"lr0.003,wd0.01",6,"lr=1e-04, wd=0.01",2084243970.8589,8
[24],0,"lr0.003,wd0.01",3,"lr=3e-05, wd=0.0",4122814905.1171,9
[24],0,"lr0.003,wd0.01",4,"lr=3e-05, wd=0.01",6578026418.0326,10
[24],0,"lr0.003,wd0.01",1,"lr=1e-05, wd=0.0",21018782777.6623,11
[24],0,"lr0.003,wd0.01",2,"lr=1e-05, wd=0.01",27800188294.0355,12
[24],5,"lr1e-05,wd0.0",12,"lr=0.003, wd=0.01",500936379.7467,1
[24],5,"lr1e-05,wd0.0",10,"lr=0.001, wd=0.01",1091219609.7022,2
[24],5,"lr1e-05,wd0.0",3,"lr=3e-05, wd=0.0",1267865695.8997,3
[24],5,"lr1e-05,wd0.0",5,"lr=1e-04, wd=0.0",1504216340.8669,4
[24],5,"lr1e-05,wd0.0",1,"lr=1e-05, wd=0.0",1753787520.6008,5
[24],5,"lr1e-05,wd0.0",2,"lr=1e-05, wd=0.01",1871755669.8669,6
[24],5,"lr1e-05,wd0.0",4,"lr=3e-05, wd=0.01",2007924151.8636,7
[24],5,"lr1e-05,wd0.0",11,"lr=0.003, wd=0.0",2224778377.4954,8
[24],5,"lr1e-05,wd0.0",6,"lr=1e-04, wd=0.01",3348272777.9475,9
[24],5,"lr1e-05,wd0.0",8,"lr=3e-04, wd=0.01",4521531071.7887,10
[24],5,"lr1e-05,wd0.0",7,"lr=3e-04, wd=0.0",4709712453.5704,11
[24],5,"lr1e-05,wd0.0",9,"lr=0.001, wd=0.0",5342009748.8178,12
[24],5,"lr1e-05,wd0.01",3,"lr=3e-05, wd=0.0",40362670.2381,1
[24],5,"lr1e-05,wd0.01",2,"lr=1e-05, wd=0.01",57346577.1806,2
[24],5,"lr1e-05,wd0.01",10,"lr=0.001, wd=0.01",58497729.1818,3
[24],5,"lr1e-05,wd0.01",11,"lr=0.003, wd=0.0",69957306.2414,4
[24],5,"lr1e-05,wd0.01",5,"lr=1e-04, wd=0.0",72764774.9651,5
[24],5,"lr1e-05,wd0.01",1,"lr=1e-05, wd=0.0",100730943.7139,6
[24],5,"lr1e-05,wd0.01",4,"lr=3e-05, wd=0.01",129360764.8941,7
[24],5,"lr1e-05,wd0.01",6,"lr=1e-04, wd=0.01",850754924.2726,8
[24],5,"lr1e-05,wd0.01",9,"lr=0.001, wd=0.0",855128553.7671,9
[24],5,"lr1e-05,wd0.01",8,"lr=3e-04, wd=0.01",1215284437.1984,10
[24],5,"lr1e-05,wd0.01",7,"lr=3e-04, wd=0.0",1315567160.3167,11
[24],5,"lr1e-05,wd0.01",12,"lr=0.003, wd=0.01",3084001167.2681,12
[24],5,"lr3e-05,wd0.0",3,"lr=3e-05, wd=0.0",199989516.9492,1
[24],5,"lr3e-05,wd0.0",1,"lr=1e-05, wd=0.0",274021350.0989,2
[24],5,"lr3e-05,wd0.0",4,"lr=3e-05, wd=0.01",353454413.6094,3
[24],5,"lr3e-05,wd0.0",2,"lr=1e-05, wd=0.01",400268443.7614,4
[24],5,"lr3e-05,wd0.0",12,"lr=0.003, wd=0.01",1106097987.4395,5
[24],5,"lr3e-05,wd0.0",5,"lr=1e-04, wd=0.0",1286510435.7026,6
[24],5,"lr3e-05,wd0.0",10,"lr=0.001, wd=0.01",1824801392.3836,7
[24],5,"lr3e-05,wd0.0",6,"lr=1e-04, wd=0.01",2863136481.7994,8
[24],5,"lr3e-05,wd0.0",7,"lr=3e-04, wd=0.0",3233369151.1933,9
[24],5,"lr3e-05,wd0.0",8,"lr=3e-04, wd=0.01",3683654402.9111,10
[24],5,"lr3e-05,wd0.0",11,"lr=0.003, wd=0.0",5171992187.3131,11
[24],5,"lr3e-05,wd0.0",9,"lr=0.001, wd=0.0",6493667013.5438,12
[24],5,"lr3e-05,wd0.01",3,"lr=3e-05, wd=0.0",9229720.2403,1
[24],5,"lr3e-05,wd0.01",1,"lr=1e-05, wd=0.0",10652919.8717,2
[24],5,"lr3e-05,wd0.01",4,"lr=3e-05, wd=0.01",13356310.4231,3
[24],5,"lr3e-05,wd0.01",5,"lr=1e-04, wd=0.0",13368573.4213,4
[24],5,"lr3e-05,wd0.01",2,"lr=1e-05, wd=0.01",19528794.9139,5
[24],5,"lr3e-05,wd0.01",7,"lr=3e-04, wd=0.0",572489499.4192,6
[24],5,"lr3e-05,wd0.01",10,"lr=0.001, wd=0.01",600027530.4147,7
[24],5,"lr3e-05,wd0.01",6,"lr=1e-04, wd=0.01",711667639.5627,8
[24],5,"lr3e-05,wd0.01",8,"lr=3e-04, wd=0.01",1067257382.6128,9
[24],5,"lr3e-05,wd0.01",11,"lr=0.003, wd=0.0",1944277859.2523,10
[24],5,"lr3e-05,wd0.01",12,"lr=0.003, wd=0.01",2376518637.9796,11
[24],5,"lr3e-05,wd0.01",9,"lr=0.001, wd=0.0",2889232518.9261,12
[24],5,"lr0.0001,wd0.0",7,"lr=3e-04, wd=0.0",8619314.0877,1
[24],5,"lr0.0001,wd0.0",6,"lr=1e-04, wd=0.01",26306751.8739,2
[24],5,"lr0.0001,wd0.0",8,"lr=3e-04, wd=0.01",56191067.5945,3
[24],5,"lr0.0001,wd0.0",5,"lr=1e-04, wd=0.0",222834752.4403,4
[24],5,"lr0.0001,wd0.0",11,"lr=0.003, wd=0.0",247961059.1053,5
[24],5,"lr0.0001,wd0.0",9,"lr=0.001, wd=0.0",830448241.1676,6
[24],5,"lr0.0001,wd0.0",10,"lr=0.001, wd=0.01",975791511.3425,7
[24],5,"lr0.0001,wd0.0",4,"lr=3e-05, wd=0.01",1146662675.6899,8
[24],5,"lr0.0001,wd0.0",1,"lr=1e-05, wd=0.0",1364813798.0746,9
[24],5,"lr0.0001,wd0.0",2,"lr=1e-05, wd=0.01",1455206831.7411,10
[24],5,"lr0.0001,wd0.0",3,"lr=3e-05, wd=0.0",1766275180.8789,11
[24],5,"lr0.0001,wd0.0",12,"lr=0.003, wd=0.01",4804983355.8224,12
[24],5,"lr0.0001,wd0.01",1,"lr=1e-05, wd=0.0",1632511.709,1
[24],5,"lr0.0001,wd0.01",2,"lr=1e-05, wd=0.01",2752858.3498,2
[24],5,"lr0.0001,wd0.01",4,"lr=3e-05, wd=0.01",5927491.0653,3
[24],5,"lr0.0001,wd0.01",10,"lr=0.001, wd=0.01",38364511.6,4
[24],5,"lr0.0001,wd0.01",3,"lr=3e-05, wd=0.0",62005069.8985,5
[24],5,"lr0.0001,wd0.01",5,"lr=1e-04, wd=0.0",256343531.71,6
[24],5,"lr0.0001,wd0.01",8,"lr=3e-04, wd=0.01",582399752.6107,7
[24],5,"lr0.0001,wd0.01",7,"lr=3e-04, wd=0.0",595510868.8955,8
[24],5,"lr0.0001,wd0.01",6,"lr=1e-04, wd=0.01",688906942.5012,9
[24],5,"lr0.0001,wd0.01",12,"lr=0.003, wd=0.01",1728295516.5503,10
[24],5,"lr0.0001,wd0.01",11,"lr=0.003, wd=0.0",1761388105.4826,11
[24],5,"lr0.0001,wd0.01",9,"lr=0.001, wd=0.0",2018371090.0547,12
[24],5,"lr0.0003,wd0.0",9,"lr=0.001, wd=0.0",2917931696.0947,1
[24],5,"lr0.0003,wd0.0",11,"lr=0.003, wd=0.0",4155485011.2797,2
[24],5,"lr0.0003,wd0.0",7,"lr=3e-04, wd=0.0",5000614726.6863,3
[24],5,"lr0.0003,wd0.0",8,"lr=3e-04, wd=0.01",5858852978.237,4
[24],5,"lr0.0003,wd0.0",6,"lr=1e-04, wd=0.01",6792886265.1168,5
[24],5,"lr0.0003,wd0.0",5,"lr=1e-04, wd=0.0",7811118398.8744,6
[24],5,"lr0.0003,wd0.0",10,"lr=0.001, wd=0.01",8450570141.4136,7
[24],5,"lr0.0003,wd0.0",4,"lr=3e-05, wd=0.01",10875911682.6536,8
[24],5,"lr0.0003,wd0.0",3,"lr=3e-05, wd=0.0",11689081657.1489,9
[24],5,"lr0.0003,wd0.0",1,"lr=1e-05, wd=0.0",12659529555.0808,10
[24],5,"lr0.0003,wd0.0",2,"lr=1e-05, wd=0.01",12688061273.7725,11
[24],5,"lr0.0003,wd0.0",12,"lr=0.003, wd=0.01",14266450452.7898,12
[24],5,"lr0.0003,wd0.01",4,"lr=3e-05, wd=0.01",5513427.3981,1
[24],5,"lr0.0003,wd0.01",10,"lr=0.001, wd=0.01",36686907.1443,2
[24],5,"lr0.0003,wd0.01",2,"lr=1e-05, wd=0.01",38787466.2581,3
[24],5,"lr0.0003,wd0.01",3,"lr=3e-05, wd=0.0",57060354.6391,4
[24],5,"lr0.0003,wd0.01",1,"lr=1e-05, wd=0.0",59702920.9613,5
[24],5,"lr0.0003,wd0.01",5,"lr=1e-04, wd=0.0",150324885.7434,6
[24],5,"lr0.0003,wd0.01",6,"lr=1e-04, wd=0.01",359730753.9691,7
[24],5,"lr0.0003,wd0.01",8,"lr=3e-04, wd=0.01",495498046.2992,8
[24],5,"lr0.0003,wd0.01",7,"lr=3e-04, wd=0.0",671513462.659,9
[24],5,"lr0.0003,wd0.01",12,"lr=0.003, wd=0.01",696273850.9682,10
[24],5,"lr0.0003,wd0.01",11,"lr=0.003, wd=0.0",1336344992.4011,11
[24],5,"lr0.0003,wd0.01",9,"lr=0.001, wd=0.0",1739711895.897,12
[24],5,"lr0.001,wd0.0",9,"lr=0.001, wd=0.0",6614478618.2275,1
[24],5,"lr0.001,wd0.0",11,"lr=0.003, wd=0.0",8500384610.0824,2
[24],5,"lr0.001,wd0.0",7,"lr=3e-04, wd=0.0",9200285558.3458,3
[24],5,"lr0.001,wd0.0",8,"lr=3e-04, wd=0.01",10370183816.9671,4
[24],5,"lr0.001,wd0.0",6,"lr=1e-04, wd=0.01",12881872814.8578,5
[24],5,"lr0.001,wd0.0",10,"lr=0.001, wd=0.01",13379469073.3055,6
[24],5,"lr0.001,wd0.0",5,"lr=1e-04, wd=0.0",14381785690.1627,7
[24],5,"lr0.001,wd0.0",4,"lr=3e-05, wd=0.01",19613406739.7295,8
[24],5,"lr0.001,wd0.0",12,"lr=0.003, wd=0.01",20188057792.3977,9
[24],5,"lr0.001,wd0.0",2,"lr=1e-05, wd=0.01",20702762027.98,10
[24],5,"lr0.001,wd0.0",3,"lr=3e-05, wd=0.0",21326930860.3711,11
[24],5,"lr0.001,wd0.0",1,"lr=1e-05, wd=0.0",21516557516.0207,12
[24],5,"lr0.001,wd0.01",10,"lr=0.001, wd=0.01",18593724.9813,1
[24],5,"lr0.001,wd0.01",6,"lr=1e-04, wd=0.01",25325112.7241,2
[24],5,"lr0.001,wd0.01",5,"lr=1e-04, wd=0.0",200978642.9912,3
[24],5,"lr0.001,wd0.01",8,"lr=3e-04, wd=0.01",328529408.2612,4
[24],5,"lr0.001,wd0.01",7,"lr=3e-04, wd=0.0",517236369.7888,5
[24],5,"lr0.001,wd0.01",11,"lr=0.003, wd=0.0",1447705758.2698,6
[24],5,"lr0.001,wd0.01",9,"lr=0.001, wd=0.0",1713755469.9097,7
[24],5,"lr0.001,wd0.01",4,"lr=3e-05, wd=0.01",2942220577.4982,8
[24],5,"lr0.001,wd0.01",2,"lr=1e-05, wd=0.01",2968561930.7672,9
[24],5,"lr0.001,wd0.01",12,"lr=0.003, wd=0.01",3568136177.1645,10
[24],5,"lr0.001,wd0.01",1,"lr=1e-05, wd=0.0",3810631453.1471,11
[24],5,"lr0.001,wd0.01",3,"lr=3e-05, wd=0.0",3869068045.1252,12
[24],5,"lr0.003,wd0.0",9,"lr=0.001, wd=0.0",2977896357.9655,1
[24],5,"lr0.003,wd0.0",11,"lr=0.003, wd=0.0",4580913328.5091,2
[24],5,"lr0.003,wd0.0",7,"lr=3e-04, wd=0.0",5784073974.2668,3
[24],5,"lr0.003,wd0.0",8,"lr=3e-04, wd=0.01",7675203043.1157,4
[24],5,"lr0.003,wd0.0",6,"lr=1e-04, wd=0.01",11194870492.7934,5
[24],5,"lr0.003,wd0.0",10,"lr=0.001, wd=0.01",11233191019.5648,6
[24],5,"lr0.003,wd0.0",5,"lr=1e-04, wd=0.0",12456519951.0458,7
[24],5,"lr0.003,wd0.0",12,"lr=0.003, wd=0.01",18467786122.5581,8
[24],5,"lr0.003,wd0.0",4,"lr=3e-05, wd=0.01",19329745526.9449,9
[24],5,"lr0.003,wd0.0",3,"lr=3e-05, wd=0.0",21133919215.5314,10
[24],5,"lr0.003,wd0.0",2,"lr=1e-05, wd=0.01",21220144249.7105,11
[24],5,"lr0.003,wd0.0",1,"lr=1e-05, wd=0.0",22061211956.4062,12
[24],5,"lr0.003,wd0.01",12,"lr=0.003, wd=0.01",1196280246.1589,1
[24],5,"lr0.003,wd0.01",10,"lr=0.001, wd=0.01",4102478326.4759,2
[24],5,"lr0.003,wd0.01",3,"lr=3e-05, wd=0.0",5748156665.5555,3
[24],5,"lr0.003,wd0.01",1,"lr=1e-05, wd=0.0",6298778384.5259,4
[24],5,"lr0.003,wd0.01",4,"lr=3e-05, wd=0.01",6589933996.2171,5
[24],5,"lr0.003,wd0.01",5,"lr=1e-04, wd=0.0",6753815051.2456,6
[24],5,"lr0.003,wd0.01",8,"lr=3e-04, wd=0.01",6870398762.7058,7
[24],5,"lr0.003,wd0.01",2,"lr=1e-05, wd=0.01",7055021950.8663,8
[24],5,"lr0.003,wd0.01",6,"lr=1e-04, wd=0.01",7812019043.588,9
[24],5,"lr0.003,wd0.01",7,"lr=3e-04, wd=0.0",10660005011.8938,10
[24],5,"lr0.003,wd0.01",11,"lr=0.003, wd=0.0",13717321427.4664,11
[24],5,"lr0.003,wd0.01",9,"lr=0.001, wd=0.0",14941027466.9233,12
[24],10,"lr1e-05,wd0.0",12,"lr=0.003, wd=0.01",333982398.8097,1
[24],10,"lr1e-05,wd0.0",10,"lr=0.001, wd=0.01",397893582.3699,2
[24],10,"lr1e-05,wd0.0",3,"lr=3e-05, wd=0.0",1153410844.3725,3
[24],10,"lr1e-05,wd0.0",11,"lr=0.003, wd=0.0",1156278867.5704,4
[24],10,"lr1e-05,wd0.0",1,"lr=1e-05, wd=0.0",1549463930.1765,5
[24],10,"lr1e-05,wd0.0",2,"lr=1e-05, wd=0.01",1691319812.0759,6
[24],10,"lr1e-05,wd0.0",4,"lr=3e-05, wd=0.01",1869249036.4075,7
[24],10,"lr1e-05,wd0.0",5,"lr=1e-04, wd=0.0",2211357931.5454,8
[24],10,"lr1e-05,wd0.0",9,"lr=0.001, wd=0.0",3005285924.828,9
[24],10,"lr1e-05,wd0.0",8,"lr=3e-04, wd=0.01",3661878018.9965,10
[24],10,"lr1e-05,wd0.0",6,"lr=1e-04, wd=0.01",3680113604.9002,11
[24],10,"lr1e-05,wd0.0",7,"lr=3e-04, wd=0.0",4493255137.1173,12
[24],10,"lr1e-05,wd0.01",10,"lr=0.001, wd=0.01",57878114.5919,1
[24],10,"lr1e-05,wd0.01",3,"lr=3e-05, wd=0.0",221038030.9061,2
[24],10,"lr1e-05,wd0.01",11,"lr=0.003, wd=0.0",724273679.354,3
[24],10,"lr1e-05,wd0.01",4,"lr=3e-05, wd=0.01",745338745.9741,4
[24],10,"lr1e-05,wd0.01",12,"lr=0.003, wd=0.01",806545090.0293,5
[24],10,"lr1e-05,wd0.01",1,"lr=1e-05, wd=0.0",994433724.8025,6
[24],10,"lr1e-05,wd0.01",2,"lr=1e-05, wd=0.01",1097103106.0141,7
[24],10,"lr1e-05,wd0.01",5,"lr=1e-04, wd=0.0",1182176918.6175,8
[24],10,"lr1e-05,wd0.01",9,"lr=0.001, wd=0.0",1808133865.4472,9
[24],10,"lr1e-05,wd0.01",6,"lr=1e-04, wd=0.01",2067758607.6504,10
[24],10,"lr1e-05,wd0.01",8,"lr=3e-04, wd=0.01",2092062789.9555,11
[24],10,"lr1e-05,wd0.01",7,"lr=3e-04, wd=0.0",2679322373.8506,12
[24],10,"lr3e-05,wd0.0",10,"lr=0.001, wd=0.01",20024295.5855,1
[24],10,"lr3e-05,wd0.0",3,"lr=3e-05, wd=0.0",68632730.435,2
[24],10,"lr3e-05,wd0.0",4,"lr=3e-05, wd=0.01",164720086.282,3
[24],10,"lr3e-05,wd0.0",1,"lr=1e-05, wd=0.0",187939365.5131,4
[24],10,"lr3e-05,wd0.0",2,"lr=1e-05, wd=0.01",191020978.6616,5
[24],10,"lr3e-05,wd0.0",5,"lr=1e-04, wd=0.0",786994141.2354,6
[24],10,"lr3e-05,wd0.0",8,"lr=3e-04, wd=0.01",1156578147.9159,7
[24],10,"lr3e-05,wd0.0",6,"lr=1e-04, wd=0.01",1397765175.5916,8
[24],10,"lr3e-05,wd0.0",12,"lr=0.003, wd=0.01",1481164449.1742,9
[24],10,"lr3e-05,wd0.0",11,"lr=0.003, wd=0.0",1709290071.658,10
[24],10,"lr3e-05,wd0.0",7,"lr=3e-04, wd=0.0",2158017987.0656,11
[24],10,"lr3e-05,wd0.0",9,"lr=0.001, wd=0.0",3391137248.9503,12
[24],10,"lr3e-05,wd0.01",5,"lr=1e-04, wd=0.0",10295.3303,1
[24],10,"lr3e-05,wd0.01",10,"lr=0.001, wd=0.01",110851903.762,2
[24],10,"lr3e-05,wd0.01",1,"lr=1e-05, wd=0.0",128493633.9079,3
[24],10,"lr3e-05,wd0.01",2,"lr=1e-05, wd=0.01",136466608.7346,4
[24],10,"lr3e-05,wd0.01",4,"lr=3e-05, wd=0.01",142459443.5251,5
[24],10,"lr3e-05,wd0.01",8,"lr=3e-04, wd=0.01",206453525.4951,6
[24],10,"lr3e-05,wd0.01",6,"lr=1e-04, wd=0.01",220219409.0129,7
[24],10,"lr3e-05,wd0.01",11,"lr=0.003, wd=0.0",229607025.6086,8
[24],10,"lr3e-05,wd0.01",3,"lr=3e-05, wd=0.0",282012579.1648,9
[24],10,"lr3e-05,wd0.01",7,"lr=3e-04, wd=0.0",361133063.2037,10
[24],10,"lr3e-05,wd0.01",9,"lr=0.001, wd=0.0",981722605.2463,11
[24],10,"lr3e-05,wd0.01",12,"lr=0.003, wd=0.01",3699361796.7089,12
[24],10,"lr0.0001,wd0.0",9,"lr=0.001, wd=0.0",8942692.1894,1
[24],10,"lr0.0001,wd0.0",7,"lr=3e-04, wd=0.0",256251183.7134,2
[24],10,"lr0.0001,wd0.0",11,"lr=0.003, wd=0.0",311630338.4073,3
[24],10,"lr0.0001,wd0.0",6,"lr=1e-04, wd=0.01",619993682.7519,4
[24],10,"lr0.0001,wd0.0",8,"lr=3e-04, wd=0.01",766232812.4689,5
[24],10,"lr0.0001,wd0.0",5,"lr=1e-04, wd=0.0",912350191.6516,6
[24],10,"lr0.0001,wd0.0",4,"lr=3e-05, wd=0.01",2363441786.0749,7
[24],10,"lr0.0001,wd0.0",10,"lr=0.001, wd=0.01",2510546570.118,8
[24],10,"lr0.0001,wd0.0",3,"lr=3e-05, wd=0.0",2614820754.0975,9
[24],10,"lr0.0001,wd0.0",1,"lr=1e-05, wd=0.0",2982463523.7153,10
[24],10,"lr0.0001,wd0.0",2,"lr=1e-05, wd=0.01",3177059486.2944,11
[24],10,"lr0.0001,wd0.0",12,"lr=0.003, wd=0.01",5547722669.5988,12
[24],10,"lr0.0001,wd0.01",5,"lr=1e-04, wd=0.0",14536821.9453,1
[24],10,"lr0.0001,wd0.01",8,"lr=3e-04, wd=0.01",71632916.06,2
[24],10,"lr0.0001,wd0.01",6,"lr=1e-04, wd=0.01",98173183.5094,3
[24],10,"lr0.0001,wd0.01",4,"lr=3e-05, wd=0.01",190328411.5234,4
[24],10,"lr0.0001,wd0.01",2,"lr=1e-05, wd=0.01",248991833.7896,5
[24],10,"lr0.0001,wd0.01",1,"lr=1e-05, wd=0.0",249588178.969,6
[24],10,"lr0.0001,wd0.01",10,"lr=0.001, wd=0.01",284149488.1057,7
[24],10,"lr0.0001,wd0.01",3,"lr=3e-05, wd=0.0",332429443.0149,8
[24],10,"lr0.0001,wd0.01",7,"lr=3e-04, wd=0.0",341283684.1724,9
[24],10,"lr0.0001,wd0.01",11,"lr=0.003, wd=0.0",596216130.3338,10
[24],10,"lr0.0001,wd0.01",9,"lr=0.001, wd=0.0",1102993108.1843,11
[24],10,"lr0.0001,wd0.01",12,"lr=0.003, wd=0.01",2561809022.6328,12
[24],10,"lr0.0003,wd0.0",9,"lr=0.001, wd=0.0",5055622198.0527,1
[24],10,"lr0.0003,wd0.0",7,"lr=3e-04, wd=0.0",6674311602.9382,2
[24],10,"lr0.0003,wd0.0",11,"lr=0.003, wd=0.0",6710322825.8999,3
[24],10,"lr0.0003,wd0.0",8,"lr=3e-04, wd=0.01",7703006758.4834,4
[24],10,"lr0.0003,wd0.0",6,"lr=1e-04, wd=0.01",8796393845.3961,5
[24],10,"lr0.0003,wd0.0",5,"lr=1e-04, wd=0.0",9256281377.8029,6
[24],10,"lr0.0003,wd0.0",10,"lr=0.001, wd=0.01",10195847188.5074,7
[24],10,"lr0.0003,wd0.0",4,"lr=3e-05, wd=0.01",12458659218.5051,8
[24],10,"lr0.0003,wd0.0",3,"lr=3e-05, wd=0.0",12904200923.0238,9
[24],10,"lr0.0003,wd0.0",12,"lr=0.003, wd=0.01",14308345226.7539,10
[24],10,"lr0.0003,wd0.0",1,"lr=1e-05, wd=0.0",14704406149.8721,11
[24],10,"lr0.0003,wd0.0",2,"lr=1e-05, wd=0.01",15006597028.6601,12
[24],10,"lr0.0003,wd0.01",5,"lr=1e-04, wd=0.0",4288081.2166,1
[24],10,"lr0.0003,wd0.01",10,"lr=0.001, wd=0.01",12123637.6892,2
[24],10,"lr0.0003,wd0.01",6,"lr=1e-04, wd=0.01",59134536.9073,3
[24],10,"lr0.0003,wd0.01",4,"lr=3e-05, wd=0.01",166610696.3584,4
[24],10,"lr0.0003,wd0.01",8,"lr=3e-04, wd=0.01",200755721.2426,5
[24],10,"lr0.0003,wd0.01",2,"lr=1e-05, wd=0.01",239086566.1327,6
[24],10,"lr0.0003,wd0.01",1,"lr=1e-05, wd=0.0",295792752.6929,7
[24],10,"lr0.0003,wd0.01",3,"lr=3e-05, wd=0.0",313496907.035,8
[24],10,"lr0.0003,wd0.01",7,"lr=3e-04, wd=0.0",470708653.3692,9
[24],10,"lr0.0003,wd0.01",11,"lr=0.003, wd=0.0",798350993.4883,10
[24],10,"lr0.0003,wd0.01",12,"lr=0.003, wd=0.01",850544010.3091,11
[24],10,"lr0.0003,wd0.01",9,"lr=0.001, wd=0.0",1261536616.2241,12
[24],10,"lr0.001,wd0.0",9,"lr=0.001, wd=0.0",6779307553.0827,1
[24],10,"lr0.001,wd0.0",11,"lr=0.003, wd=0.0",8147427765.4041,2
[24],10,"lr0.001,wd0.0",7,"lr=3e-04, wd=0.0",9154563096.7631,3
[24],10,"lr0.001,wd0.0",8,"lr=3e-04, wd=0.01",10089717599.6637,4
[24],10,"lr0.001,wd0.0",6,"lr=1e-04, wd=0.01",11385782810.9634,5
[24],10,"lr0.001,wd0.0",10,"lr=0.001, wd=0.01",11440718877.0338,6
[24],10,"lr0.001,wd0.0",5,"lr=1e-04, wd=0.0",11726005004.2721,7
[24],10,"lr0.001,wd0.0",12,"lr=0.003, wd=0.01",14849217999.9368,8
[24],10,"lr0.001,wd0.0",4,"lr=3e-05, wd=0.01",15205829779.3773,9
[24],10,"lr0.001,wd0.0",3,"lr=3e-05, wd=0.0",15486649341.1305,10
[24],10,"lr0.001,wd0.0",1,"lr=1e-05, wd=0.0",17199151776.4535,11
[24],10,"lr0.001,wd0.0",2,"lr=1e-05, wd=0.01",17336147780.995,12
[24],10,"lr0.001,wd0.01",1,"lr=1e-05, wd=0.0",3168776.2375,1
[24],10,"lr0.001,wd0.01",2,"lr=1e-05, wd=0.01",6680170.3922,2
[24],10,"lr0.001,wd0.01",3,"lr=3e-05, wd=0.0",81833244.1071,3
[24],10,"lr0.001,wd0.01",4,"lr=3e-05, wd=0.01",136981730.5107,4
[24],10,"lr0.001,wd0.01",12,"lr=0.003, wd=0.01",204541975.0602,5
[24],10,"lr0.001,wd0.01",10,"lr=0.001, wd=0.01",265492416.9095,6
[24],10,"lr0.001,wd0.01",5,"lr=1e-04, wd=0.0",655934063.4768,7
[24],10,"lr0.001,wd0.01",6,"lr=1e-04, wd=0.01",959734294.6495,8
[24],10,"lr0.001,wd0.01",8,"lr=3e-04, wd=0.01",1041348432.1733,9
[24],10,"lr0.001,wd0.01",7,"lr=3e-04, wd=0.0",1134308556.9535,10
[24],10,"lr0.001,wd0.01",11,"lr=0.003, wd=0.0",1694334322.28,11
[24],10,"lr0.001,wd0.01",9,"lr=0.001, wd=0.0",2041224472.9205,12
[24],10,"lr0.003,wd0.0",9,"lr=0.001, wd=0.0",2764668132.8798,1
[24],10,"lr0.003,wd0.0",11,"lr=0.003, wd=0.0",3692310415.7339,2
[24],10,"lr0.003,wd0.0",7,"lr=3e-04, wd=0.0",4019034876.5786,3
[24],10,"lr0.003,wd0.0",8,"lr=3e-04, wd=0.01",4683846492.5225,4
[24],10,"lr0.003,wd0.0",6,"lr=1e-04, wd=0.01",5383370700.1066,5
[24],10,"lr0.003,wd0.0",5,"lr=1e-04, wd=0.0",5772901521.5047,6
[24],10,"lr0.003,wd0.0",10,"lr=0.001, wd=0.01",6236438626.7831,7
[24],10,"lr0.003,wd0.0",4,"lr=3e-05, wd=0.01",8473366318.4809,8
[24],10,"lr0.003,wd0.0",3,"lr=3e-05, wd=0.0",8846495472.4005,9
[24],10,"lr0.003,wd0.0",2,"lr=1e-05, wd=0.01",9352417404.0141,10
[24],10,"lr0.003,wd0.0",12,"lr=0.003, wd=0.01",9381868269.2128,11
[24],10,"lr0.003,wd0.0",1,"lr=1e-05, wd=0.0",9496464392.316,12
[24],10,"lr0.003,wd0.01",4,"lr=3e-05, wd=0.01",2870568.5136,1
[24],10,"lr0.003,wd0.01",2,"lr=1e-05, wd=0.01",7370645.618,2
[24],10,"lr0.003,wd0.01",3,"lr=3e-05, wd=0.0",81825285.9201,3
[24],10,"lr0.003,wd0.01",1,"lr=1e-05, wd=0.0",140653875.9705,4
[24],10,"lr0.003,wd0.01",12,"lr=0.003, wd=0.01",200959264.7674,5
[24],10,"lr0.003,wd0.01",5,"lr=1e-04, wd=0.0",1839215859.9013,6
[24],10,"lr0.003,wd0.01",6,"lr=1e-04, wd=0.01",1924951412.1795,7
[24],10,"lr0.003,wd0.01",10,"lr=0.001, wd=0.01",2160013312.9085,8
[24],10,"lr0.003,wd0.01",7,"lr=3e-04, wd=0.0",2538664525.0712,9
[24],10,"lr0.003,wd0.01",8,"lr=3e-04, wd=0.01",2999743714.4031,10
[24],10,"lr0.003,wd0.01",9,"lr=0.001, wd=0.0",3949052507.6064,11
[24],10,"lr0.003,wd0.01",11,"lr=0.003, wd=0.0",4030673850.556,12
[24],20,"lr1e-05,wd0.0",2,"lr=1e-05, wd=0.01",2283162.7609,1
[24],20,"lr1e-05,wd0.0",11,"lr=0.003, wd=0.0",26988856.0809,2
[24],20,"lr1e-05,wd0.0",9,"lr=0.001, wd=0.0",29814882.9113,3
[24],20,"lr1e-05,wd0.0",1,"lr=1e-05, wd=0.0",39123238.8432,4
[24],20,"lr1e-05,wd0.0",10,"lr=0.001, wd=0.01",208571445.8284,5
[24],20,"lr1e-05,wd0.0",8,"lr=3e-04, wd=0.01",213638362.3852,6
[24],20,"lr1e-05,wd0.0",3,"lr=3e-05, wd=0.0",389702639.5839,7
[24],20,"lr1e-05,wd0.0",7,"lr=3e-04, wd=0.0",530215994.802,8
[24],20,"lr1e-05,wd0.0",4,"lr=3e-05, wd=0.01",629435634.9366,9
[24],20,"lr1e-05,wd0.0",5,"lr=1e-04, wd=0.0",839552394.3016,10
[24],20,"lr1e-05,wd0.0",12,"lr=0.003, wd=0.01",1105817626.2776,11
[24],20,"lr1e-05,wd0.0",6,"lr=1e-04, wd=0.01",1319262609.4872,12
[24],20,"lr1e-05,wd0.01",8,"lr=3e-04, wd=0.01",4666595.9744,1
[24],20,"lr1e-05,wd0.01",7,"lr=3e-04, wd=0.0",23836168.0853,2
[24],20,"lr1e-05,wd0.01",3,"lr=3e-05, wd=0.0",27046526.3187,3
[24],20,"lr1e-05,wd0.01",1,"lr=1e-05, wd=0.0",49866842.965,4
[24],20,"lr1e-05,wd0.01",9,"lr=0.001, wd=0.0",54187439.5112,5
[24],20,"lr1e-05,wd0.01",2,"lr=1e-05, wd=0.01",60039587.2527,6
[24],20,"lr1e-05,wd0.01",4,"lr=3e-05, wd=0.01",150385175.0786,7
[24],20,"lr1e-05,wd0.01",5,"lr=1e-04, wd=0.0",220956068.5207,8
[24],20,"lr1e-05,wd0.01",11,"lr=0.003, wd=0.0",300179133.3116,9
[24],20,"lr1e-05,wd0.01",6,"lr=1e-04, wd=0.01",580752965.0741,10
[24],20,"lr1e-05,wd0.01",10,"lr=0.001, wd=0.01",933451221.8811,11
[24],20,"lr1e-05,wd0.01",12,"lr=0.003, wd=0.01",2571647808.4443,12
[24],20,"lr3e-05,wd0.0",11,"lr=0.003, wd=0.0",35996624.8395,1
[24],20,"lr3e-05,wd0.0",8,"lr=3e-04, wd=0.01",36908309.9005,2
[24],20,"lr3e-05,wd0.0",3,"lr=3e-05, wd=0.0",47142562.6627,3
[24],20,"lr3e-05,wd0.0",4,"lr=3e-05, wd=0.01",54694693.4703,4
[24],20,"lr3e-05,wd0.0",2,"lr=1e-05, wd=0.01",99174942.4817,5
[24],20,"lr3e-05,wd0.0",1,"lr=1e-05, wd=0.0",109626589.3104,6
[24],20,"lr3e-05,wd0.0",6,"lr=1e-04, wd=0.01",192120192.5857,7
[24],20,"lr3e-05,wd0.0",5,"lr=1e-04, wd=0.0",212182828.5051,8
[24],20,"lr3e-05,wd0.0",10,"lr=0.001, wd=0.01",302801589.5337,9
[24],20,"lr3e-05,wd0.0",9,"lr=0.001, wd=0.0",515129970.6149,10
[24],20,"lr3e-05,wd0.0",7,"lr=3e-04, wd=0.0",705165172.0067,11
[24],20,"lr3e-05,wd0.0",12,"lr=0.003, wd=0.01",1331798961.2426,12
[24],20,"lr3e-05,wd0.01",4,"lr=3e-05, wd=0.01",3235301.0969,1
[24],20,"lr3e-05,wd0.01",1,"lr=1e-05, wd=0.0",5051000.9715,2
[24],20,"lr3e-05,wd0.01",2,"lr=1e-05, wd=0.01",5330115.141,3
[24],20,"lr3e-05,wd0.01",3,"lr=3e-05, wd=0.0",12648805.8296,4
[24],20,"lr3e-05,wd0.01",5,"lr=1e-04, wd=0.0",31585384.3278,5
[24],20,"lr3e-05,wd0.01",10,"lr=0.001, wd=0.01",94588274.4622,6
[24],20,"lr3e-05,wd0.01",8,"lr=3e-04, wd=0.01",106044303.31,7
[24],20,"lr3e-05,wd0.01",11,"lr=0.003, wd=0.0",126239260.6615,8
[24],20,"lr3e-05,wd0.01",6,"lr=1e-04, wd=0.01",151607376.1342,9
[24],20,"lr3e-05,wd0.01",7,"lr=3e-04, wd=0.0",355017315.7603,10
[24],20,"lr3e-05,wd0.01",9,"lr=0.001, wd=0.0",418174250.2555,11
[24],20,"lr3e-05,wd0.01",12,"lr=0.003, wd=0.01",1134932172.0234,12
[24],20,"lr0.0001,wd0.0",9,"lr=0.001, wd=0.0",668730066.5076,1
[24],20,"lr0.0001,wd0.0",7,"lr=3e-04, wd=0.0",1115110810.4825,2
[24],20,"lr0.0001,wd0.0",11,"lr=0.003, wd=0.0",1467709170.5745,3
[24],20,"lr0.0001,wd0.0",8,"lr=3e-04, wd=0.01",1859355118.5935,4
[24],20,"lr0.0001,wd0.0",5,"lr=1e-04, wd=0.0",1917597116.995,5
[24],20,"lr0.0001,wd0.0",6,"lr=1e-04, wd=0.01",1930772996.3989,6
[24],20,"lr0.0001,wd0.0",10,"lr=0.001, wd=0.01",2840089309.9687,7
[24],20,"lr0.0001,wd0.0",4,"lr=3e-05, wd=0.01",3355254118.6091,8
[24],20,"lr0.0001,wd0.0",3,"lr=3e-05, wd=0.0",3436507031.0082,9
[24],20,"lr0.0001,wd0.0",1,"lr=1e-05, wd=0.0",3770069879.9495,10
[24],20,"lr0.0001,wd0.0",2,"lr=1e-05, wd=0.01",3911663399.8688,11
[24],20,"lr0.0001,wd0.0",12,"lr=0.003, wd=0.01",4695722492.3471,12
[24],20,"lr0.0001,wd0.01",5,"lr=1e-04, wd=0.0",1295675.5632,1
[24],20,"lr0.0001,wd0.01",6,"lr=1e-04, wd=0.01",4839195.9189,2
[24],20,"lr0.0001,wd0.01",8,"lr=3e-04, wd=0.01",8207864.6212,3
[24],20,"lr0.0001,wd0.01",11,"lr=0.003, wd=0.0",113652251.2379,4
[24],20,"lr0.0001,wd0.01",4,"lr=3e-05, wd=0.01",189733946.919,5
[24],20,"lr0.0001,wd0.01",10,"lr=0.001, wd=0.01",190216882.6128,6
[24],20,"lr0.0001,wd0.01",7,"lr=3e-04, wd=0.0",204903940.0742,7
[24],20,"lr0.0001,wd0.01",3,"lr=3e-05, wd=0.0",224351840.7512,8
[24],20,"lr0.0001,wd0.01",1,"lr=1e-05, wd=0.0",270383189.3663,9
[24],20,"lr0.0001,wd0.01",2,"lr=1e-05, wd=0.01",272982721.1731,10
[24],20,"lr0.0001,wd0.01",9,"lr=0.001, wd=0.0",468096608.9713,11
[24],20,"lr0.0001,wd0.01",12,"lr=0.003, wd=0.01",1090268041.3154,12
[24],20,"lr0.0003,wd0.0",9,"lr=0.001, wd=0.0",5335412640.1072,1
[24],20,"lr0.0003,wd0.0",11,"lr=0.003, wd=0.0",6656182696.0196,2
[24],20,"lr0.0003,wd0.0",7,"lr=3e-04, wd=0.0",7347093945.8408,3
[24],20,"lr0.0003,wd0.0",8,"lr=3e-04, wd=0.01",8157373473.905,4
[24],20,"lr0.0003,wd0.0",10,"lr=0.001, wd=0.01",8738951670.4283,5
[24],20,"lr0.0003,wd0.0",5,"lr=1e-04, wd=0.0",8849335765.1774,6
[24],20,"lr0.0003,wd0.0",6,"lr=1e-04, wd=0.01",8881267417.7588,7
[24],20,"lr0.0003,wd0.0",12,"lr=0.003, wd=0.01",10507539486.3448,8
[24],20,"lr0.0003,wd0.0",4,"lr=3e-05, wd=0.01",10592335312.17,9
[24],20,"lr0.0003,wd0.0",3,"lr=3e-05, wd=0.0",10708430583.1001,10
[24],20,"lr0.0003,wd0.0",1,"lr=1e-05, wd=0.0",11415911035.4278,11
[24],20,"lr0.0003,wd0.0",2,"lr=1e-05, wd=0.01",11588219663.3951,12
[24],20,"lr0.0003,wd0.01",10,"lr=0.001, wd=0.01",277953.9822,1
[24],20,"lr0.0003,wd0.01",5,"lr=1e-04, wd=0.0",16400962.3231,2
[24],20,"lr0.0003,wd0.01",6,"lr=1e-04, wd=0.01",34651516.2394,3
[24],20,"lr0.0003,wd0.01",4,"lr=3e-05, wd=0.01",88153680.9192,4
[24],20,"lr0.0003,wd0.01",3,"lr=3e-05, wd=0.0",127045024.8806,5
[24],20,"lr0.0003,wd0.01",8,"lr=3e-04, wd=0.01",196965508.3481,6
[24],20,"lr0.0003,wd0.01",2,"lr=1e-05, wd=0.01",203962918.5669,7
[24],20,"lr0.0003,wd0.01",1,"lr=1e-05, wd=0.0",232072800.9069,8
[24],20,"lr0.0003,wd0.01",12,"lr=0.003, wd=0.01",329231200.7563,9
[24],20,"lr0.0003,wd0.01",7,"lr=3e-04, wd=0.0",516977745.9717,10
[24],20,"lr0.0003,wd0.01",11,"lr=0.003, wd=0.0",600824134.6102,11
[24],20,"lr0.0003,wd0.01",9,"lr=0.001, wd=0.0",1055462876.477,12
[24],20,"lr0.001,wd0.0",9,"lr=0.001, wd=0.0",7541264628.0497,1
[24],20,"lr0.001,wd0.0",11,"lr=0.003, wd=0.0",8647582415.1019,2
[24],20,"lr0.001,wd0.0",7,"lr=3e-04, wd=0.0",9399035238.8376,3
[24],20,"lr0.001,wd0.0",8,"lr=3e-04, wd=0.01",10038049610.697,4
[24],20,"lr0.001,wd0.0",10,"lr=0.001, wd=0.01",10289104023.0146,5
[24],20,"lr0.001,wd0.0",5,"lr=1e-04, wd=0.0",10959447897.9244,6
[24],20,"lr0.001,wd0.0",6,"lr=1e-04, wd=0.01",10991664846.5689,7
[24],20,"lr0.001,wd0.0",12,"lr=0.003, wd=0.01",11662650894.1703,8
[24],20,"lr0.001,wd0.0",4,"lr=3e-05, wd=0.01",12805947578.4573,9
[24],20,"lr0.001,wd0.0",3,"lr=3e-05, wd=0.0",12872836347.767,10
[24],20,"lr0.001,wd0.0",1,"lr=1e-05, wd=0.0",13496323302.3042,11
[24],20,"lr0.001,wd0.0",2,"lr=1e-05, wd=0.01",13552406785.6229,12
[24],20,"lr0.001,wd0.01",4,"lr=3e-05, wd=0.01",25268070.0312,1
[24],20,"lr0.001,wd0.01",3,"lr=3e-05, wd=0.0",62137908.7054,2
[24],20,"lr0.001,wd0.01",12,"lr=0.003, wd=0.01",123289641.7001,3
[24],20,"lr0.001,wd0.01",2,"lr=1e-05, wd=0.01",193180775.528,4
[24],20,"lr0.001,wd0.01",10,"lr=0.001, wd=0.01",227599321.6966,5
[24],20,"lr0.001,wd0.01",1,"lr=1e-05, wd=0.0",244830048.8283,6
[24],20,"lr0.001,wd0.01",5,"lr=1e-04, wd=0.0",262229521.6889,7
[24],20,"lr0.001,wd0.01",6,"lr=1e-04, wd=0.01",329768785.1069,8
[24],20,"lr0.001,wd0.01",8,"lr=3e-04, wd=0.01",938222031.8309,9
[24],20,"lr0.001,wd0.01",7,"lr=3e-04, wd=0.0",1256401125.4318,10
[24],20,"lr0.001,wd0.01",11,"lr=0.003, wd=0.0",1655312831.5533,11
[24],20,"lr0.001,wd0.01",9,"lr=0.001, wd=0.0",2003009173.1135,12
[24],20,"lr0.003,wd0.0",9,"lr=0.001, wd=0.0",3689577763.3544,1
[24],20,"lr0.003,wd0.0",11,"lr=0.003, wd=0.0",4585004728.7777,2
[24],20,"lr0.003,wd0.0",7,"lr=3e-04, wd=0.0",4935290917.802,3
[24],20,"lr0.003,wd0.0",8,"lr=3e-04, wd=0.01",5674239241.7448,4
[24],20,"lr0.003,wd0.0",10,"lr=0.001, wd=0.01",6395797555.4857,5
[24],20,"lr0.003,wd0.0",6,"lr=1e-04, wd=0.01",6484884410.8647,6
[24],20,"lr0.003,wd0.0",5,"lr=1e-04, wd=0.0",6588575004.938,7
[24],20,"lr0.003,wd0.0",12,"lr=0.003, wd=0.01",8100481951.2035,8
[24],20,"lr0.003,wd0.0",4,"lr=3e-05, wd=0.01",8581966589.1069,9
[24],20,"lr0.003,wd0.0",3,"lr=3e-05, wd=0.0",8716613279.909,10
[24],20,"lr0.003,wd0.0",2,"lr=1e-05, wd=0.01",9305282558.8827,11
[24],20,"lr0.003,wd0.0",1,"lr=1e-05, wd=0.0",9331937067.9852,12
[24],20,"lr0.003,wd0.01",12,"lr=0.003, wd=0.01",1419945301.6634,1
[24],20,"lr0.003,wd0.01",1,"lr=1e-05, wd=0.0",3350626440.1586,2
[24],20,"lr0.003,wd0.01",2,"lr=1e-05, wd=0.01",3509446246.1412,3
[24],20,"lr0.003,wd0.01",10,"lr=0.001, wd=0.01",3969783061.8248,4
[24],20,"lr0.003,wd0.01",4,"lr=3e-05, wd=0.01",4475062947.5023,5
[24],20,"lr0.003,wd0.01",3,"lr=3e-05, wd=0.0",4489520396.6505,6
[24],20,"lr0.003,wd0.01",8,"lr=3e-04, wd=0.01",5814357393.1689,7
[24],20,"lr0.003,wd0.01",7,"lr=3e-04, wd=0.0",5846940166.909,8
[24],20,"lr0.003,wd0.01",11,"lr=0.003, wd=0.0",6129361520.3626,9
[24],20,"lr0.003,wd0.01",9,"lr=0.001, wd=0.0",6539547776.1418,10
[24],20,"lr0.003,wd0.01",6,"lr=1e-04, wd=0.01",7402601507.1679,11
[24],20,"lr0.003,wd0.01",5,"lr=1e-04, wd=0.0",7644089588.8449,12
[24],50,"lr1e-05,wd0.0",7,"lr=3e-04, wd=0.0",13133856.2272,1
[24],50,"lr1e-05,wd0.0",4,"lr=3e-05, wd=0.01",15257152.0764,2
[24],50,"lr1e-05,wd0.0",6,"lr=1e-04, wd=0.01",20047492.7543,3
[24],50,"lr1e-05,wd0.0",1,"lr=1e-05, wd=0.0",22320775.3008,4
[24],50,"lr1e-05,wd0.0",5,"lr=1e-04, wd=0.0",24455629.0461,5
[24],50,"lr1e-05,wd0.0",2,"lr=1e-05, wd=0.01",27215701.52,6
[24],50,"lr1e-05,wd0.0",9,"lr=0.001, wd=0.0",30588906.916,7
[24],50,"lr1e-05,wd0.0",8,"lr=3e-04, wd=0.01",32980237.3086,8
[24],50,"lr1e-05,wd0.0",3,"lr=3e-05, wd=0.0",33732110.0492,9
[24],50,"lr1e-05,wd0.0",11,"lr=0.003, wd=0.0",48316299.4565,10
[24],50,"lr1e-05,wd0.0",10,"lr=0.001, wd=0.01",107563996.7169,11
[24],50,"lr1e-05,wd0.0",12,"lr=0.003, wd=0.01",165556670.0955,12
[24],50,"lr1e-05,wd0.01",5,"lr=1e-04, wd=0.0",268375.4116,1
[24],50,"lr1e-05,wd0.01",6,"lr=1e-04, wd=0.01",1243068.0473,2
[24],50,"lr1e-05,wd0.01",3,"lr=3e-05, wd=0.0",7711891.5871,3
[24],50,"lr1e-05,wd0.01",4,"lr=3e-05, wd=0.01",8693479.1507,4
[24],50,"lr1e-05,wd0.01",1,"lr=1e-05, wd=0.0",14672721.8862,5
[24],50,"lr1e-05,wd0.01",2,"lr=1e-05, wd=0.01",14716364.3845,6
[24],50,"lr1e-05,wd0.01",7,"lr=3e-04, wd=0.0",31762407.8244,7
[24],50,"lr1e-05,wd0.01",9,"lr=0.001, wd=0.0",35680506.4966,8
[24],50,"lr1e-05,wd0.01",11,"lr=0.003, wd=0.0",47918770.739,9
[24],50,"lr1e-05,wd0.01",8,"lr=3e-04, wd=0.01",51252210.8558,10
[24],50,"lr1e-05,wd0.01",10,"lr=0.001, wd=0.01",110795119.4975,11
[24],50,"lr1e-05,wd0.01",12,"lr=0.003, wd=0.01",163606281.1172,12
[24],50,"lr3e-05,wd0.0",9,"lr=0.001, wd=0.0",42266.3011,1
[24],50,"lr3e-05,wd0.0",7,"lr=3e-04, wd=0.0",144724.9821,2
[24],50,"lr3e-05,wd0.0",5,"lr=1e-04, wd=0.0",1570514.9738,3
[24],50,"lr3e-05,wd0.0",6,"lr=1e-04, wd=0.01",10355470.0162,4
[24],50,"lr3e-05,wd0.0",11,"lr=0.003, wd=0.0",17938039.4984,5
[24],50,"lr3e-05,wd0.0",8,"lr=3e-04, wd=0.01",18724833.526,6
[24],50,"lr3e-05,wd0.0",3,"lr=3e-05, wd=0.0",74416333.5228,7
[24],50,"lr3e-05,wd0.0",4,"lr=3e-05, wd=0.01",78543379.9459,8
[24],50,"lr3e-05,wd0.0",2,"lr=1e-05, wd=0.01",87946285.4959,9
[24],50,"lr3e-05,wd0.0",1,"lr=1e-05, wd=0.0",89562047.3966,10
[24],50,"lr3e-05,wd0.0",10,"lr=0.001, wd=0.01",91493775.4287,11
[24],50,"lr3e-05,wd0.0",12,"lr=0.003, wd=0.01",231480707.4852,12
[24],50,"lr3e-05,wd0.01",8,"lr=3e-04, wd=0.01",43118.318,1
[24],50,"lr3e-05,wd0.01",11,"lr=0.003, wd=0.0",269677.5919,2
[24],50,"lr3e-05,wd0.01",6,"lr=1e-04, wd=0.01",4134287.7621,3
[24],50,"lr3e-05,wd0.01",9,"lr=0.001, wd=0.0",4958929.4399,4
[24],50,"lr3e-05,wd0.01",5,"lr=1e-04, wd=0.0",9048031.2796,5
[24],50,"lr3e-05,wd0.01",7,"lr=3e-04, wd=0.0",12440523.2168,6
[24],50,"lr3e-05,wd0.01",3,"lr=3e-05, wd=0.0",21423002.8837,7
[24],50,"lr3e-05,wd0.01",4,"lr=3e-05, wd=0.01",30631270.0143,8
[24],50,"lr3e-05,wd0.01",2,"lr=1e-05, wd=0.01",42098973.0112,9
[24],50,"lr3e-05,wd0.01",1,"lr=1e-05, wd=0.0",42412432.2779,10
[24],50,"lr3e-05,wd0.01",10,"lr=0.001, wd=0.01",68399992.8726,11
[24],50,"lr3e-05,wd0.01",12,"lr=0.003, wd=0.01",240039347.6089,12
[24],50,"lr0.0001,wd0.0",9,"lr=0.001, wd=0.0",256269340.1434,1
[24],50,"lr0.0001,wd0.0",11,"lr=0.003, wd=0.0",498673000.0669,2
[24],50,"lr0.0001,wd0.0",7,"lr=3e-04, wd=0.0",605734662.4652,3
[24],50,"lr0.0001,wd0.0",5,"lr=1e-04, wd=0.0",652162158.8565,4
[24],50,"lr0.0001,wd0.0",8,"lr=3e-04, wd=0.01",676183328.9219,5
[24],50,"lr0.0001,wd0.0",2,"lr=1e-05, wd=0.01",687662049.3296,6
[24],50,"lr0.0001,wd0.0",10,"lr=0.001, wd=0.01",702605517.5086,7
[24],50,"lr0.0001,wd0.0",1,"lr=1e-05, wd=0.0",717093377.1214,8
[24],50,"lr0.0001,wd0.0",6,"lr=1e-04, wd=0.01",719163748.4234,9
[24],50,"lr0.0001,wd0.0",12,"lr=0.003, wd=0.01",780710979.9474,10
[24],50,"lr0.0001,wd0.0",4,"lr=3e-05, wd=0.01",794534421.5794,11
[24],50,"lr0.0001,wd0.0",3,"lr=3e-05, wd=0.0",805469955.163,12
[24],50,"lr0.0001,wd0.01",10,"lr=0.001, wd=0.01",191779.0731,1
[24],50,"lr0.0001,wd0.01",6,"lr=1e-04, wd=0.01",2699896.4712,2
[24],50,"lr0.0001,wd0.01",3,"lr=3e-05, wd=0.0",3620208.5869,3
[24],50,"lr0.0001,wd0.01",4,"lr=3e-05, wd=0.01",4912626.2966,4
[24],50,"lr0.0001,wd0.01",2,"lr=1e-05, wd=0.01",5181217.0896,5
[24],50,"lr0.0001,wd0.01",1,"lr=1e-05, wd=0.0",5553631.3828,6
[24],50,"lr0.0001,wd0.01",5,"lr=1e-04, wd=0.0",9764735.3014,7
[24],50,"lr0.0001,wd0.01",8,"lr=3e-04, wd=0.01",13819072.5918,8
[24],50,"lr0.0001,wd0.01",12,"lr=0.003, wd=0.01",25848779.4524,9
[24],50,"lr0.0001,wd0.01",11,"lr=0.003, wd=0.0",53380977.4996,10
[24],50,"lr0.0001,wd0.01",7,"lr=3e-04, wd=0.0",79104901.8239,11
[24],50,"lr0.0001,wd0.01",9,"lr=0.001, wd=0.0",108574767.4814,12
[24],50,"lr0.0003,wd0.0",5,"lr=1e-04, wd=0.0",47001096.0945,1
[24],50,"lr0.0003,wd0.0",8,"lr=3e-04, wd=0.01",340724322.837,2
[24],50,"lr0.0003,wd0.0",6,"lr=1e-04, wd=0.01",366607754.3783,3
[24],50,"lr0.0003,wd0.0",7,"lr=3e-04, wd=0.0",410550602.1796,4
[24],50,"lr0.0003,wd0.0",11,"lr=0.003, wd=0.0",515626211.456,5
[24],50,"lr0.0003,wd0.0",9,"lr=0.001, wd=0.0",538208990.3753,6
[24],50,"lr0.0003,wd0.0",10,"lr=0.001, wd=0.01",559285038.5116,7
[24],50,"lr0.0003,wd0.0",12,"lr=0.003, wd=0.01",644498515.8177,8
[24],50,"lr0.0003,wd0.0",3,"lr=3e-05, wd=0.0",1383449727.7919,9
[24],50,"lr0.0003,wd0.0",4,"lr=3e-05, wd=0.01",1464736653.1352,10
[24],50,"lr0.0003,wd0.0",2,"lr=1e-05, wd=0.01",1581725797.8005,11
[24],50,"lr0.0003,wd0.0",1,"lr=1e-05, wd=0.0",1717237384.735,12
[24],50,"lr0.0003,wd0.01",4,"lr=3e-05, wd=0.01",4001.7712,1
[24],50,"lr0.0003,wd0.01",3,"lr=3e-05, wd=0.0",147669.5039,2
[24],50,"lr0.0003,wd0.01",2,"lr=1e-05, wd=0.01",1136918.2224,3
[24],50,"lr0.0003,wd0.01",1,"lr=1e-05, wd=0.0",1718308.7542,4
[24],50,"lr0.0003,wd0.01",10,"lr=0.001, wd=0.01",7154931.8782,5
[24],50,"lr0.0003,wd0.01",6,"lr=1e-04, wd=0.01",8987417.9142,6
[24],50,"lr0.0003,wd0.01",12,"lr=0.003, wd=0.01",10529182.7183,7
[24],50,"lr0.0003,wd0.01",5,"lr=1e-04, wd=0.0",23148535.3261,8
[24],50,"lr0.0003,wd0.01",8,"lr=3e-04, wd=0.01",43375208.5369,9
[24],50,"lr0.0003,wd0.01",11,"lr=0.003, wd=0.0",159045391.6643,10
[24],50,"lr0.0003,wd0.01",7,"lr=3e-04, wd=0.0",177764186.2608,11
[24],50,"lr0.0003,wd0.01",9,"lr=0.001, wd=0.0",275635875.2874,12
[24],50,"lr0.001,wd0.0",12,"lr=0.003, wd=0.01",33474037.509,1
[24],50,"lr0.001,wd0.0",10,"lr=0.001, wd=0.01",51561453.4754,2
[24],50,"lr0.001,wd0.0",9,"lr=0.001, wd=0.0",112597155.5198,3
[24],50,"lr0.001,wd0.0",11,"lr=0.003, wd=0.0",364405309.3498,4
[24],50,"lr0.001,wd0.0",3,"lr=3e-05, wd=0.0",539997858.1356,5
[24],50,"lr0.001,wd0.0",4,"lr=3e-05, wd=0.01",690480785.9721,6
[24],50,"lr0.001,wd0.0",2,"lr=1e-05, wd=0.01",949085969.9878,7
[24],50,"lr0.001,wd0.0",8,"lr=3e-04, wd=0.01",1229201728.1223,8
[24],50,"lr0.001,wd0.0",1,"lr=1e-05, wd=0.0",1239251696.2869,9
[24],50,"lr0.001,wd0.0",7,"lr=3e-04, wd=0.0",1556776451.3691,10
[24],50,"lr0.001,wd0.0",6,"lr=1e-04, wd=0.01",3231309939.4998,11
[24],50,"lr0.001,wd0.0",5,"lr=1e-04, wd=0.0",4853202293.6016,12
[24],50,"lr0.001,wd0.01",12,"lr=0.003, wd=0.01",597305011.1908,1
[24],50,"lr0.001,wd0.01",10,"lr=0.001, wd=0.01",987497071.3006,2
[24],50,"lr0.001,wd0.01",1,"lr=1e-05, wd=0.0",1017926495.415,3
[24],50,"lr0.001,wd0.01",3,"lr=3e-05, wd=0.0",1052828589.2716,4
[24],50,"lr0.001,wd0.01",4,"lr=3e-05, wd=0.01",1054834472.5451,5
[24],50,"lr0.001,wd0.01",2,"lr=1e-05, wd=0.01",1062063077.9312,6
[24],50,"lr0.001,wd0.01",6,"lr=1e-04, wd=0.01",1290513262.7278,7
[24],50,"lr0.001,wd0.01",5,"lr=1e-04, wd=0.0",1322271250.4246,8
[24],50,"lr0.001,wd0.01",8,"lr=3e-04, wd=0.01",1516959319.6095,9
[24],50,"lr0.001,wd0.01",7,"lr=3e-04, wd=0.0",1820632199.4719,10
[24],50,"lr0.001,wd0.01",11,"lr=0.003, wd=0.0",1964444384.1768,11
[24],50,"lr0.001,wd0.01",9,"lr=0.001, wd=0.0",2133820051.4635,12
[24],50,"lr0.003,wd0.0",9,"lr=0.001, wd=0.0",2168044929.0581,1
[24],50,"lr0.003,wd0.0",11,"lr=0.003, wd=0.0",2335058231.4416,2
[24],50,"lr0.003,wd0.0",7,"lr=3e-04, wd=0.0",2610879629.9521,3
[24],50,"lr0.003,wd0.0",5,"lr=1e-04, wd=0.0",2684038274.852,4
[24],50,"lr0.003,wd0.0",8,"lr=3e-04, wd=0.01",2727643515.9734,5
[24],50,"lr0.003,wd0.0",6,"lr=1e-04, wd=0.01",2806842450.9899,6
[24],50,"lr0.003,wd0.0",10,"lr=0.001, wd=0.01",2817544760.8974,7
[24],50,"lr0.003,wd0.0",12,"lr=0.003, wd=0.01",2823398370.0624,8
[24],50,"lr0.003,wd0.0",2,"lr=1e-05, wd=0.01",2872467547.0437,9
[24],50,"lr0.003,wd0.0",1,"lr=1e-05, wd=0.0",2945703212.1067,10
[24],50,"lr0.003,wd0.0",4,"lr=3e-05, wd=0.01",3017510540.9566,11
[24],50,"lr0.003,wd0.0",3,"lr=3e-05, wd=0.0",3020768788.3005,12
[24],50,"lr0.003,wd0.01",12,"lr=0.003, wd=0.01",2228162504.6415,1
[24],50,"lr0.003,wd0.01",1,"lr=1e-05, wd=0.0",3877847038.3081,2
[24],50,"lr0.003,wd0.01",2,"lr=1e-05, wd=0.01",3978095381.6054,3
[24],50,"lr0.003,wd0.01",10,"lr=0.001, wd=0.01",3982178542.5627,4
[24],50,"lr0.003,wd0.01",4,"lr=3e-05, wd=0.01",4228689752.5506,5
[24],50,"lr0.003,wd0.01",3,"lr=3e-05, wd=0.0",4284960482.0209,6
[24],50,"lr0.003,wd0.01",7,"lr=3e-04, wd=0.0",5093918187.4926,7
[24],50,"lr0.003,wd0.01",6,"lr=1e-04, wd=0.01",5122311157.9686,8
[24],50,"lr0.003,wd0.01",11,"lr=0.003, wd=0.0",5158383772.9442,9
[24],50,"lr0.003,wd0.01",5,"lr=1e-04, wd=0.0",5161035077.8346,10
[24],50,"lr0.003,wd0.01",8,"lr=3e-04, wd=0.01",5203104797.1688,11
[24],50,"lr0.003,wd0.01",9,"lr=0.001, wd=0.0",5247491032.8581,12
[24],90,"lr1e-05,wd0.0",5,"lr=1e-04, wd=0.0",3884213.0999,1
[24],90,"lr1e-05,wd0.0",3,"lr=3e-05, wd=0.0",4575276.8196,2
[24],90,"lr1e-05,wd0.0",6,"lr=1e-04, wd=0.01",9090461.6421,3
[24],90,"lr1e-05,wd0.0",4,"lr=3e-05, wd=0.01",15680387.8107,4
[24],90,"lr1e-05,wd0.0",2,"lr=1e-05, wd=0.01",25785588.6876,5
[24],90,"lr1e-05,wd0.0",7,"lr=3e-04, wd=0.0",31235923.2872,6
[24],90,"lr1e-05,wd0.0",1,"lr=1e-05, wd=0.0",32514080.6927,7
[24],90,"lr1e-05,wd0.0",9,"lr=0.001, wd=0.0",33880703.9458,8
[24],90,"lr1e-05,wd0.0",11,"lr=0.003, wd=0.0",38630538.9428,9
[24],90,"lr1e-05,wd0.0",8,"lr=3e-04, wd=0.01",41743217.1775,10
[24],90,"lr1e-05,wd0.0",12,"lr=0.003, wd=0.01",54469287.293,11
[24],90,"lr1e-05,wd0.0",10,"lr=0.001, wd=0.01",61687516.1403,12
[24],90,"lr1e-05,wd0.01",4,"lr=3e-05, wd=0.01",90602.1761,1
[24],90,"lr1e-05,wd0.01",6,"lr=1e-04, wd=0.01",311497.5558,2
[24],90,"lr1e-05,wd0.01",5,"lr=1e-04, wd=0.0",1230869.0713,3
[24],90,"lr1e-05,wd0.01",3,"lr=3e-05, wd=0.0",1471444.1322,4
[24],90,"lr1e-05,wd0.01",2,"lr=1e-05, wd=0.01",4930674.0582,5
[24],90,"lr1e-05,wd0.01",1,"lr=1e-05, wd=0.0",7426233.597,6
[24],90,"lr1e-05,wd0.01",9,"lr=0.001, wd=0.0",9827214.8945,7
[24],90,"lr1e-05,wd0.01",7,"lr=3e-04, wd=0.0",10010543.9855,8
[24],90,"lr1e-05,wd0.01",11,"lr=0.003, wd=0.0",12393856.4257,9
[24],90,"lr1e-05,wd0.01",8,"lr=3e-04, wd=0.01",13433349.0624,10
[24],90,"lr1e-05,wd0.01",12,"lr=0.003, wd=0.01",23750332.8753,11
[24],90,"lr1e-05,wd0.01",10,"lr=0.001, wd=0.01",27378602.3723,12
[24],90,"lr3e-05,wd0.0",9,"lr=0.001, wd=0.0",690495.787,1
[24],90,"lr3e-05,wd0.0",7,"lr=3e-04, wd=0.0",1931845.1153,2
[24],90,"lr3e-05,wd0.0",11,"lr=0.003, wd=0.0",3095936.5962,3
[24],90,"lr3e-05,wd0.0",5,"lr=1e-04, wd=0.0",3723802.1666,4
[24],90,"lr3e-05,wd0.0",6,"lr=1e-04, wd=0.01",7585377.668,5
[24],90,"lr3e-05,wd0.0",8,"lr=3e-04, wd=0.01",8067693.2639,6
[24],90,"lr3e-05,wd0.0",10,"lr=0.001, wd=0.01",12852765.2295,7
[24],90,"lr3e-05,wd0.0",2,"lr=1e-05, wd=0.01",13230205.3146,8
[24],90,"lr3e-05,wd0.0",1,"lr=1e-05, wd=0.0",13928819.0951,9
[24],90,"lr3e-05,wd0.0",3,"lr=3e-05, wd=0.0",16321875.8915,10
[24],90,"lr3e-05,wd0.0",4,"lr=3e-05, wd=0.01",17998788.8174,11
[24],90,"lr3e-05,wd0.0",12,"lr=0.003, wd=0.01",19960521.3201,12
[24],90,"lr3e-05,wd0.01",6,"lr=1e-04, wd=0.01",51549.6375,1
[24],90,"lr3e-05,wd0.01",8,"lr=3e-04, wd=0.01",113596.4432,2
[24],90,"lr3e-05,wd0.01",11,"lr=0.003, wd=0.0",973757.855,3
[24],90,"lr3e-05,wd0.01",7,"lr=3e-04, wd=0.0",1801483.0109,4
[24],90,"lr3e-05,wd0.01",9,"lr=0.001, wd=0.0",2481984.0597,5
[24],90,"lr3e-05,wd0.01",5,"lr=1e-04, wd=0.0",3100010.2347,6
[24],90,"lr3e-05,wd0.01",2,"lr=1e-05, wd=0.01",3539524.1377,7
[24],90,"lr3e-05,wd0.01",3,"lr=3e-05, wd=0.0",3766191.8334,8
[24],90,"lr3e-05,wd0.01",1,"lr=1e-05, wd=0.0",4535797.9902,9
[24],90,"lr3e-05,wd0.01",4,"lr=3e-05, wd=0.01",6765016.8697,10
[24],90,"lr3e-05,wd0.01",10,"lr=0.001, wd=0.01",11289591.2729,11
[24],90,"lr3e-05,wd0.01",12,"lr=0.003, wd=0.01",16373898.9062,12
[24],90,"lr0.0001,wd0.0",11,"lr=0.003, wd=0.0",349910.4642,1
[24],90,"lr0.0001,wd0.0",6,"lr=1e-04, wd=0.01",663181.6269,2
[24],90,"lr0.0001,wd0.0",7,"lr=3e-04, wd=0.0",1801586.1033,3
[24],90,"lr0.0001,wd0.0",12,"lr=0.003, wd=0.01",2090389.2502,4
[24],90,"lr0.0001,wd0.0",8,"lr=3e-04, wd=0.01",2418100.4184,5
[24],90,"lr0.0001,wd0.0",5,"lr=1e-04, wd=0.0",2588602.8533,6
[24],90,"lr0.0001,wd0.0",9,"lr=0.001, wd=0.0",5127228.9634,7
[24],90,"lr0.0001,wd0.0",10,"lr=0.001, wd=0.01",6151256.772,8
[24],90,"lr0.0001,wd0.0",2,"lr=1e-05, wd=0.01",13276360.3949,9
[24],90,"lr0.0001,wd0.0",4,"lr=3e-05, wd=0.01",14561563.5619,10
[24],90,"lr0.0001,wd0.0",3,"lr=3e-05, wd=0.0",14582058.7905,11
[24],90,"lr0.0001,wd0.0",1,"lr=1e-05, wd=0.0",17416782.6336,12
[24],90,"lr0.0001,wd0.01",8,"lr=3e-04, wd=0.01",124.9302,1
[24],90,"lr0.0001,wd0.01",5,"lr=1e-04, wd=0.0",7709.8266,2
[24],90,"lr0.0001,wd0.01",10,"lr=0.001, wd=0.01",2077147.4704,3
[24],90,"lr0.0001,wd0.01",6,"lr=1e-04, wd=0.01",3242287.4466,4
[24],90,"lr0.0001,wd0.01",3,"lr=3e-05, wd=0.0",6156316.6307,5
[24],90,"lr0.0001,wd0.01",11,"lr=0.003, wd=0.0",8170952.6468,6
[24],90,"lr0.0001,wd0.01",4,"lr=3e-05, wd=0.01",8811566.8519,7
[24],90,"lr0.0001,wd0.01",9,"lr=0.001, wd=0.0",8925928.4159,8
[24],90,"lr0.0001,wd0.01",2,"lr=1e-05, wd=0.01",9076954.6575,9
[24],90,"lr0.0001,wd0.01",12,"lr=0.003, wd=0.01",9203866.1595,10
[24],90,"lr0.0001,wd0.01",7,"lr=3e-04, wd=0.0",9699819.4379,11
[24],90,"lr0.0001,wd0.01",1,"lr=1e-05, wd=0.0",10113494.92,12
[24],90,"lr0.0003,wd0.0",11,"lr=0.003, wd=0.0",220311.7176,1
[24],90,"lr0.0003,wd0.0",8,"lr=3e-04, wd=0.01",335585.664,2
[24],90,"lr0.0003,wd0.0",12,"lr=0.003, wd=0.01",1003279.7599,3
[24],90,"lr0.0003,wd0.0",7,"lr=3e-04, wd=0.0",1700719.6177,4
[24],90,"lr0.0003,wd0.0",10,"lr=0.001, wd=0.01",2302145.1485,5
[24],90,"lr0.0003,wd0.0",9,"lr=0.001, wd=0.0",11885268.3867,6
[24],90,"lr0.0003,wd0.0",5,"lr=1e-04, wd=0.0",23721887.6787,7
[24],90,"lr0.0003,wd0.0",6,"lr=1e-04, wd=0.01",32249943.8001,8
[24],90,"lr0.0003,wd0.0",3,"lr=3e-05, wd=0.0",128907722.794,9
[24],90,"lr0.0003,wd0.0",2,"lr=1e-05, wd=0.01",132541959.5676,10
[24],90,"lr0.0003,wd0.0",4,"lr=3e-05, wd=0.01",133082290.1504,11
[24],90,"lr0.0003,wd0.0",1,"lr=1e-05, wd=0.0",146789726.162,12
[24],90,"lr0.0003,wd0.01",1,"lr=1e-05, wd=0.0",3110645.3552,1
[24],90,"lr0.0003,wd0.01",2,"lr=1e-05, wd=0.01",3775290.1433,2
[24],90,"lr0.0003,wd0.01",12,"lr=0.003, wd=0.01",6440645.9729,3
[24],90,"lr0.0003,wd0.01",4,"lr=3e-05, wd=0.01",6660364.3121,4
[24],90,"lr0.0003,wd0.01",3,"lr=3e-05, wd=0.0",10943301.2531,5
[24],90,"lr0.0003,wd0.01",6,"lr=1e-04, wd=0.01",11525529.6651,6
[24],90,"lr0.0003,wd0.01",10,"lr=0.001, wd=0.01",16493812.2556,7
[24],90,"lr0.0003,wd0.01",8,"lr=3e-04, wd=0.01",24973634.8901,8
[24],90,"lr0.0003,wd0.01",5,"lr=1e-04, wd=0.0",25568838.17,9
[24],90,"lr0.0003,wd0.01",11,"lr=0.003, wd=0.0",78849746.1291,10
[24],90,"lr0.0003,wd0.01",7,"lr=3e-04, wd=0.0",79058121.45,11
[24],90,"lr0.0003,wd0.01",9,"lr=0.001, wd=0.0",86058891.6072,12
[24],90,"lr0.001,wd0.0",10,"lr=0.001, wd=0.01",280088794.1619,1
[24],90,"lr0.001,wd0.0",11,"lr=0.003, wd=0.0",328956645.3998,2
[24],90,"lr0.001,wd0.0",12,"lr=0.003, wd=0.01",329670324.2033,3
[24],90,"lr0.001,wd0.0",7,"lr=3e-04, wd=0.0",365257105.3018,4
[24],90,"lr0.001,wd0.0",8,"lr=3e-04, wd=0.01",378276946.2731,5
[24],90,"lr0.001,wd0.0",9,"lr=0.001, wd=0.0",436867493.1357,6
[24],90,"lr0.001,wd0.0",5,"lr=1e-04, wd=0.0",559694310.6717,7
[24],90,"lr0.001,wd0.0",6,"lr=1e-04, wd=0.01",596498427.6163,8
[24],90,"lr0.001,wd0.0",3,"lr=3e-05, wd=0.0",793561188.4848,9
[24],90,"lr0.001,wd0.0",4,"lr=3e-05, wd=0.01",794432833.134,10
[24],90,"lr0.001,wd0.0",2,"lr=1e-05, wd=0.01",811261882.3859,11
[24],90,"lr0.001,wd0.0",1,"lr=1e-05, wd=0.0",853649320.3804,12
[24],90,"lr0.001,wd0.01",12,"lr=0.003, wd=0.01",1207063.6433,1
[24],90,"lr0.001,wd0.01",1,"lr=1e-05, wd=0.0",1902979.49,2
[24],90,"lr0.001,wd0.01",2,"lr=1e-05, wd=0.01",2161448.9691,3
[24],90,"lr0.001,wd0.01",4,"lr=3e-05, wd=0.01",5116990.7403,4
[24],90,"lr0.001,wd0.01",3,"lr=3e-05, wd=0.0",25565128.0534,5
[24],90,"lr0.001,wd0.01",6,"lr=1e-04, wd=0.01",31684304.1563,6
[24],90,"lr0.001,wd0.01",10,"lr=0.001, wd=0.01",48970680.8541,7
[24],90,"lr0.001,wd0.01",11,"lr=0.003, wd=0.0",136488665.4087,8
[24],90,"lr0.001,wd0.01",5,"lr=1e-04, wd=0.0",140561992.2007,9
[24],90,"lr0.001,wd0.01",8,"lr=3e-04, wd=0.01",141802129.3216,10
[24],90,"lr0.001,wd0.01",9,"lr=0.001, wd=0.0",157088572.5255,11
[24],90,"lr0.001,wd0.01",7,"lr=3e-04, wd=0.0",262880825.1187,12
[24],90,"lr0.003,wd0.0",10,"lr=0.001, wd=0.01",66967574.5619,1
[24],90,"lr0.003,wd0.0",8,"lr=3e-04, wd=0.01",72235007.9392,2
[24],90,"lr0.003,wd0.0",12,"lr=0.003, wd=0.01",75783939.1582,3
[24],90,"lr0.003,wd0.0",7,"lr=3e-04, wd=0.0",118839890.9352,4
[24],90,"lr0.003,wd0.0",5,"lr=1e-04, wd=0.0",123192574.9912,5
[24],90,"lr0.003,wd0.0",11,"lr=0.003, wd=0.0",157911572.8659,6
[24],90,"lr0.003,wd0.0",6,"lr=1e-04, wd=0.01",181327170.2259,7
[24],90,"lr0.003,wd0.0",9,"lr=0.001, wd=0.0",396802628.5324,8
[24],90,"lr0.003,wd0.0",3,"lr=3e-05, wd=0.0",508060601.4918,9
[24],90,"lr0.003,wd0.0",4,"lr=3e-05, wd=0.01",521399134.617,10
[24],90,"lr0.003,wd0.0",2,"lr=1e-05, wd=0.01",581669897.098,11
[24],90,"lr0.003,wd0.0",1,"lr=1e-05, wd=0.0",618329744.9896,12
[24],90,"lr0.003,wd0.01",2,"lr=1e-05, wd=0.01",160047774.1869,1
[24],90,"lr0.003,wd0.01",1,"lr=1e-05, wd=0.0",171598343.3205,2
[24],90,"lr0.003,wd0.01",4,"lr=3e-05, wd=0.01",358010076.0482,3
[24],90,"lr0.003,wd0.01",12,"lr=0.003, wd=0.01",374822877.888,4
[24],90,"lr0.003,wd0.01",9,"lr=0.001, wd=0.0",456296587.2621,5
[24],90,"lr0.003,wd0.01",11,"lr=0.003, wd=0.0",507445289.8185,6
[24],90,"lr0.003,wd0.01",3,"lr=3e-05, wd=0.0",540900830.7114,7
[24],90,"lr0.003,wd0.01",7,"lr=3e-04, wd=0.0",607275132.4856,8
[24],90,"lr0.003,wd0.01",10,"lr=0.001, wd=0.01",682954209.5062,9
[24],90,"lr0.003,wd0.01",6,"lr=1e-04, wd=0.01",830817478.0339,10
[24],90,"lr0.003,wd0.01",8,"lr=3e-04, wd=0.01",884546348.8417,11
[24],90,"lr0.003,wd0.01",5,"lr=1e-04, wd=0.0",1007030767.6291,12
[32],0,"lr1e-05,wd0.0",5,"lr=1e-04, wd=0.0",2342861.4226,1
[32],0,"lr1e-05,wd0.0",7,"lr=3e-04, wd=0.0",32031862.521,2
[32],0,"lr1e-05,wd0.0",9,"lr=0.001, wd=0.0",32194680.4193,3
[32],0,"lr1e-05,wd0.0",11,"lr=0.003, wd=0.0",103758516.7781,4
[32],0,"lr1e-05,wd0.0",10,"lr=0.001, wd=0.01",139369182.2539,5
[32],0,"lr1e-05,wd0.0",8,"lr=3e-04, wd=0.01",188092055.8538,6
[32],0,"lr1e-05,wd0.0",12,"lr=0.003, wd=0.01",690507987.5037,7
[32],0,"lr1e-05,wd0.0",6,"lr=1e-04, wd=0.01",1040617323.0905,8
[32],0,"lr1e-05,wd0.0",3,"lr=3e-05, wd=0.0",1082506897.7717,9
[32],0,"lr1e-05,wd0.0",4,"lr=3e-05, wd=0.01",3491879754.3102,10
[32],0,"lr1e-05,wd0.0",1,"lr=1e-05, wd=0.0",8045703222.1366,11
[32],0,"lr1e-05,wd0.0",2,"lr=1e-05, wd=0.01",12171768508.1257,12
[32],0,"lr1e-05,wd0.01",3,"lr=3e-05, wd=0.0",9132928.5443,1
[32],0,"lr1e-05,wd0.01",6,"lr=1e-04, wd=0.01",15013043.1071,2
[32],0,"lr1e-05,wd0.01",8,"lr=3e-04, wd=0.01",508306531.0702,3
[32],0,"lr1e-05,wd0.01",4,"lr=3e-05, wd=0.01",528349111.5268,4
[32],0,"lr1e-05,wd0.01",7,"lr=3e-04, wd=0.0",1013901258.1061,5
[32],0,"lr1e-05,wd0.01",5,"lr=1e-04, wd=0.0",1487920616.5117,6
[32],0,"lr1e-05,wd0.01",9,"lr=0.001, wd=0.0",1918085159.5737,7
[32],0,"lr1e-05,wd0.01",11,"lr=0.003, wd=0.0",2332082612.0613,8
[32],0,"lr1e-05,wd0.01",10,"lr=0.001, wd=0.01",2382297358.5866,9
[32],0,"lr1e-05,wd0.01",1,"lr=1e-05, wd=0.0",2901278665.204,10
[32],0,"lr1e-05,wd0.01",12,"lr=0.003, wd=0.01",4065532025.7488,11
[32],0,"lr1e-05,wd0.01",2,"lr=1e-05, wd=0.01",5406869897.3183,12
[32],0,"lr3e-05,wd0.0",12,"lr=0.003, wd=0.01",317778588.8504,1
[32],0,"lr3e-05,wd0.0",10,"lr=0.001, wd=0.01",1022699446.0301,2
[32],0,"lr3e-05,wd0.0",11,"lr=0.003, wd=0.0",1025988353.2812,3
[32],0,"lr3e-05,wd0.0",5,"lr=1e-04, wd=0.0",1281174611.041,4
[32],0,"lr3e-05,wd0.0",9,"lr=0.001, wd=0.0",1368520872.4,5
[32],0,"lr3e-05,wd0.0",7,"lr=3e-04, wd=0.0",2098863458.2602,6
[32],0,"lr3e-05,wd0.0",8,"lr=3e-04, wd=0.01",2970545887.3042,7
[32],0,"lr3e-05,wd0.0",3,"lr=3e-05, wd=0.0",4905910752.6125,8
[32],0,"lr3e-05,wd0.0",6,"lr=1e-04, wd=0.01",4963706888.2217,9
[32],0,"lr3e-05,wd0.0",4,"lr=3e-05, wd=0.01",9223155077.7126,10
[32],0,"lr3e-05,wd0.0",1,"lr=1e-05, wd=0.0",16317880256.5039,11
[32],0,"lr3e-05,wd0.0",2,"lr=1e-05, wd=0.01",22011669354.9235,12
[32],0,"lr3e-05,wd0.01",7,"lr=3e-04, wd=0.0",257968.1099,1
[32],0,"lr3e-05,wd0.01",5,"lr=1e-04, wd=0.0",78936354.3571,2
[32],0,"lr3e-05,wd0.01",9,"lr=0.001, wd=0.0",83004159.4634,3
[32],0,"lr3e-05,wd0.01",8,"lr=3e-04, wd=0.01",112875525.6355,4
[32],0,"lr3e-05,wd0.01",10,"lr=0.001, wd=0.01",154129658.2948,5
[32],0,"lr3e-05,wd0.01",11,"lr=0.003, wd=0.0",200533607.9567,6
[32],0,"lr3e-05,wd0.01",6,"lr=1e-04, wd=0.01",703016820.2225,7
[32],0,"lr3e-05,wd0.01",3,"lr=3e-05, wd=0.0",715184521.3164,8
[32],0,"lr3e-05,wd0.01",12,"lr=0.003, wd=0.01",742760676.0054,9
[32],0,"lr3e-05,wd0.01",4,"lr=3e-05, wd=0.01",2719139046.5866,10
[32],0,"lr3e-05,wd0.01",1,"lr=1e-05, wd=0.0",7022968873.5056,11
[32],0,"lr3e-05,wd0.01",2,"lr=1e-05, wd=0.01",10720786940.3347,12
[32],0,"lr0.0001,wd0.0",12,"lr=0.003, wd=0.01",22354890.6377,1
[32],0,"lr0.0001,wd0.0",5,"lr=1e-04, wd=0.0",208193168.6512,2
[32],0,"lr0.0001,wd0.0",11,"lr=0.003, wd=0.0",276865430.9932,3
[32],0,"lr0.0001,wd0.0",10,"lr=0.001, wd=0.01",298935020.2399,4
[32],0,"lr0.0001,wd0.0",9,"lr=0.001, wd=0.0",460931487.2923,5
[32],0,"lr0.0001,wd0.0",7,"lr=3e-04, wd=0.0",707953433.2884,6
[32],0,"lr0.0001,wd0.0",8,"lr=3e-04, wd=0.01",1303849713.8994,7
[32],0,"lr0.0001,wd0.0",6,"lr=1e-04, wd=0.01",2453955806.2313,8
[32],0,"lr0.0001,wd0.0",3,"lr=3e-05, wd=0.0",2522187886.2761,9
[32],0,"lr0.0001,wd0.0",4,"lr=3e-05, wd=0.01",5813916586.9008,10
[32],0,"lr0.0001,wd0.0",1,"lr=1e-05, wd=0.0",11928230122.7201,11
[32],0,"lr0.0001,wd0.0",2,"lr=1e-05, wd=0.01",16884616327.7626,12
[32],0,"lr0.0001,wd0.01",12,"lr=0.003, wd=0.01",16786.26,1
[32],0,"lr0.0001,wd0.01",5,"lr=1e-04, wd=0.0",99895201.8478,2
[32],0,"lr0.0001,wd0.01",11,"lr=0.003, wd=0.0",101306025.5386,3
[32],0,"lr0.0001,wd0.01",10,"lr=0.001, wd=0.01",177696955.7503,4
[32],0,"lr0.0001,wd0.01",9,"lr=0.001, wd=0.0",232836544.809,5
[32],0,"lr0.0001,wd0.01",7,"lr=3e-04, wd=0.0",459144258.0253,6
[32],0,"lr0.0001,wd0.01",8,"lr=3e-04, wd=0.01",1031365867.835,7
[32],0,"lr0.0001,wd0.01",6,"lr=1e-04, wd=0.01",2059103282.8472,8
[32],0,"lr0.0001,wd0.01",3,"lr=3e-05, wd=0.0",2168944916.0762,9
[32],0,"lr0.0001,wd0.01",4,"lr=3e-05, wd=0.01",5180896791.5184,10
[32],0,"lr0.0001,wd0.01",1,"lr=1e-05, wd=0.0",10919893914.0826,11
[32],0,"lr0.0001,wd0.01",2,"lr=1e-05, wd=0.01",15605708376.7056,12
[32],0,"lr0.0003,wd0.0",6,"lr=1e-04, wd=0.01",1630682.708,1
[32],0,"lr0.0003,wd0.0",3,"lr=3e-05, wd=0.0",16380535.53,2
[32],0,"lr0.0003,wd0.0",8,"lr=3e-04, wd=0.01",130154496.4369,3
[32],0,"lr0.0003,wd0.0",7,"lr=3e-04, wd=0.0",467313406.1873,4
[32],0,"lr0.0003,wd0.0",9,"lr=0.001, wd=0.0",558875391.3206,5
[32],0,"lr0.0003,wd0.0",10,"lr=0.001, wd=0.01",698881468.444,6
[32],0,"lr0.0003,wd0.0",11,"lr=0.003, wd=0.0",730074114.6729,7
[32],0,"lr0.0003,wd0.0",4,"lr=3e-05, wd=0.01",907215903.3204,8
[32],0,"lr0.0003,wd0.0",5,"lr=1e-04, wd=0.0",1140777526.508,9
[32],0,"lr0.0003,wd0.0",12,"lr=0.003, wd=0.01",1353808590.1388,10
[32],0,"lr0.0003,wd0.0",1,"lr=1e-05, wd=0.0",4010423045.3219,11
[32],0,"lr0.0003,wd0.0",2,"lr=1e-05, wd=0.01",7079497179.5743,12
[32],0,"lr0.0003,wd0.01",12,"lr=0.003, wd=0.01",124132890.5359,1
[32],0,"lr0.0003,wd0.01",5,"lr=1e-04, wd=0.0",181874307.2949,2
[32],0,"lr0.0003,wd0.01",11,"lr=0.003, wd=0.0",329001818.8846,3
[32],0,"lr0.0003,wd0.01",10,"lr=0.001, wd=0.01",469434627.8625,4
[32],0,"lr0.0003,wd0.01",9,"lr=0.001, wd=0.0",487373106.4699,5
[32],0,"lr0.0003,wd0.01",7,"lr=3e-04, wd=0.0",647311439.1124,6
[32],0,"lr0.0003,wd0.01",8,"lr=3e-04, wd=0.01",1304315951.3638,7
[32],0,"lr0.0003,wd0.01",6,"lr=1e-04, wd=0.01",2376689924.3763,8
[32],0,"lr0.0003,wd0.01",3,"lr=3e-05, wd=0.0",2654308520.3084,9
[32],0,"lr0.0003,wd0.01",4,"lr=3e-05, wd=0.01",6005592867.2191,10
[32],0,"lr0.0003,wd0.01",1,"lr=1e-05, wd=0.0",12043830150.9516,11
[32],0,"lr0.0003,wd0.01",2,"lr=1e-05, wd=0.01",17094396275.31,12
[32],0,"lr0.001,wd0.0",4,"lr=3e-05, wd=0.01",91826377.3567,1
[32],0,"lr0.001,wd0.0",3,"lr=3e-05, wd=0.0",268144152.2493,2
[32],0,"lr0.001,wd0.0",6,"lr=1e-04, wd=0.01",431122579.1201,3
[32],0,"lr0.001,wd0.0",8,"lr=3e-04, wd=0.01",1158655808.3267,4
[32],0,"lr0.001,wd0.0",1,"lr=1e-05, wd=0.0",1776790535.3806,5
[32],0,"lr0.001,wd0.0",7,"lr=3e-04, wd=0.0",1960952714.4049,6
[32],0,"lr0.001,wd0.0",9,"lr=0.001, wd=0.0",2025375976.3051,7
[32],0,"lr0.001,wd0.0",10,"lr=0.001, wd=0.01",2101832732.0431,8
[32],0,"lr0.001,wd0.0",11,"lr=0.003, wd=0.0",2113162286.0252,9
[32],0,"lr0.001,wd0.0",12,"lr=0.003, wd=0.01",2799972959.6908,10
[32],0,"lr0.001,wd0.0",5,"lr=1e-04, wd=0.0",3071619264.5733,11
[32],0,"lr0.001,wd0.0",2,"lr=1e-05, wd=0.01",3985821494.0096,12
[32],0,"lr0.001,wd0.01",5,"lr=1e-04, wd=0.0",50814754.972,1
[32],0,"lr0.001,wd0.01",12,"lr=0.003, wd=0.01",133930854.1786,2
[32],0,"lr0.001,wd0.01",11,"lr=0.003, wd=0.0",222816598.9081,3
[32],0,"lr0.001,wd0.01",9,"lr=0.001, wd=0.0",288072543.5309,4
[32],0,"lr0.001,wd0.01",10,"lr=0.001, wd=0.01",315381953.8364,5
[32],0,"lr0.001,wd0.01",7,"lr=3e-04, wd=0.0",350282926.9301,6
[32],0,"lr0.001,wd0.01",8,"lr=3e-04, wd=0.01",842273635.0093,7
[32],0,"lr0.001,wd0.01",6,"lr=1e-04, wd=0.01",1798469590.0217,8
[32],0,"lr0.001,wd0.01",3,"lr=3e-05, wd=0.0",2146245122.3446,9
[32],0,"lr0.001,wd0.01",4,"lr=3e-05, wd=0.01",5270007711.5245,10
[32],0,"lr0.001,wd0.01",1,"lr=1e-05, wd=0.0",10780493423.2321,11
[32],0,"lr0.001,wd0.01",2,"lr=1e-05, wd=0.01",15710275500.8405,12
[32],0,"lr0.003,wd0.0",3,"lr=3e-05, wd=0.0",75722227.5142,1
[32],0,"lr0.003,wd0.0",6,"lr=1e-04, wd=0.01",205289720.6122,2
[32],0,"lr0.003,wd0.0",4,"lr=3e-05, wd=0.01",297364400.8695,3
[32],0,"lr0.003,wd0.0",8,"lr=3e-04, wd=0.01",763665003.0764,4
[32],0,"lr0.003,wd0.0",7,"lr=3e-04, wd=0.0",1405067787.9672,5
[32],0,"lr0.003,wd0.0",11,"lr=0.003, wd=0.0",1435573916.5878,6
[32],0,"lr0.003,wd0.0",10,"lr=0.001, wd=0.01",1476984885.3577,7
[32],0,"lr0.003,wd0.0",9,"lr=0.001, wd=0.0",1477502526.6819,8
[32],0,"lr0.003,wd0.0",12,"lr=0.003, wd=0.01",1804674681.113,9
[32],0,"lr0.003,wd0.0",5,"lr=1e-04, wd=0.0",2322175218.8088,10
[32],0,"lr0.003,wd0.0",1,"lr=1e-05, wd=0.0",2397783357.7105,11
[32],0,"lr0.003,wd0.0",2,"lr=1e-05, wd=0.01",4938508041.1222,12
[32],0,"lr0.003,wd0.01",12,"lr=0.003, wd=0.01",1192995.4711,1
[32],0,"lr0.003,wd0.01",11,"lr=0.003, wd=0.0",8606997.2212,2
[32],0,"lr0.003,wd0.01",9,"lr=0.001, wd=0.0",11886449.5883,3
[32],0,"lr0.003,wd0.01",10,"lr=0.001, wd=0.01",18907321.0864,4
[32],0,"lr0.003,wd0.01",7,"lr=3e-04, wd=0.0",23754488.9735,5
[32],0,"lr0.003,wd0.01",5,"lr=1e-04, wd=0.0",39904494.0728,6
[32],0,"lr0.003,wd0.01",8,"lr=3e-04, wd=0.01",226234873.0276,7
[32],0,"lr0.003,wd0.01",6,"lr=1e-04, wd=0.01",813994662.3545,8
[32],0,"lr0.003,wd0.01",3,"lr=3e-05, wd=0.0",1105016715.9029,9
[32],0,"lr0.003,wd0.01",4,"lr=3e-05, wd=0.01",3553066576.7175,10
[32],0,"lr0.003,wd0.01",1,"lr=1e-05, wd=0.0",8101326159.1333,11
[32],0,"lr0.003,wd0.01",2,"lr=1e-05, wd=0.01",12513291829.5602,12
[32],5,"lr1e-05,wd0.0",10,"lr=0.001, wd=0.01",156345816.3751,1
[32],5,"lr1e-05,wd0.0",3,"lr=3e-05, wd=0.0",488257702.6747,2
[32],5,"lr1e-05,wd0.0",5,"lr=1e-04, wd=0.0",657210640.7157,3
[32],5,"lr1e-05,wd0.0",12,"lr=0.003, wd=0.01",1065318574.405,4
[32],5,"lr1e-05,wd0.0",11,"lr=0.003, wd=0.0",1459919377.4928,5
[32],5,"lr1e-05,wd0.0",1,"lr=1e-05, wd=0.0",1513080797.4366,6
[32],5,"lr1e-05,wd0.0",4,"lr=3e-05, wd=0.01",1564485819.9512,7
[32],5,"lr1e-05,wd0.0",2,"lr=1e-05, wd=0.01",1695350918.313,8
[32],5,"lr1e-05,wd0.0",6,"lr=1e-04, wd=0.01",2745046602.3971,9
[32],5,"lr1e-05,wd0.0",8,"lr=3e-04, wd=0.01",4570155423.3213,10
[32],5,"lr1e-05,wd0.0",9,"lr=0.001, wd=0.0",4603118550.1148,11
[32],5,"lr1e-05,wd0.0",7,"lr=3e-04, wd=0.0",7334691641.2868,12
[32],5,"lr1e-05,wd0.01",11,"lr=0.003, wd=0.0",159660.5991,1
[32],5,"lr1e-05,wd0.01",5,"lr=1e-04, wd=0.0",39961477.9102,2
[32],5,"lr1e-05,wd0.01",1,"lr=1e-05, wd=0.0",67439648.5543,3
[32],5,"lr1e-05,wd0.01",4,"lr=3e-05, wd=0.01",140662181.0302,4
[32],5,"lr1e-05,wd0.01",3,"lr=3e-05, wd=0.0",157848272.9053,5
[32],5,"lr1e-05,wd0.01",2,"lr=1e-05, wd=0.01",165966851.2543,6
[32],5,"lr1e-05,wd0.01",6,"lr=1e-04, wd=0.01",417920433.7792,7
[32],5,"lr1e-05,wd0.01",9,"lr=0.001, wd=0.0",565177837.9397,8
[32],5,"lr1e-05,wd0.01",10,"lr=0.001, wd=0.01",678243188.2836,9
[32],5,"lr1e-05,wd0.01",8,"lr=3e-04, wd=0.01",1490509490.2624,10
[32],5,"lr1e-05,wd0.01",7,"lr=3e-04, wd=0.0",3078658630.1107,11
[32],5,"lr1e-05,wd0.01",12,"lr=0.003, wd=0.01",4510483578.3248,12
[32],5,"lr3e-05,wd0.0",2,"lr=1e-05, wd=0.01",3999836.597,1
[32],5,"lr3e-05,wd0.0",1,"lr=1e-05, wd=0.0",33403781.5002,2
[32],5,"lr3e-05,wd0.0",10,"lr=0.001, wd=0.01",375845494.4068,3
[32],5,"lr3e-05,wd0.0",3,"lr=3e-05, wd=0.0",675388979.7244,4
[32],5,"lr3e-05,wd0.0",5,"lr=1e-04, wd=0.0",818113282.8229,5
[32],5,"lr3e-05,wd0.0",4,"lr=3e-05, wd=0.01",955229134.4678,6
[32],5,"lr3e-05,wd0.0",12,"lr=0.003, wd=0.01",1087251552.2598,7
[32],5,"lr3e-05,wd0.0",6,"lr=1e-04, wd=0.01",2731215385.1844,8
[32],5,"lr3e-05,wd0.0",7,"lr=3e-04, wd=0.0",3217639471.3824,9
[32],5,"lr3e-05,wd0.0",8,"lr=3e-04, wd=0.01",3360546435.4952,10
[32],5,"lr3e-05,wd0.0",11,"lr=0.003, wd=0.0",3361382320.3162,11
[32],5,"lr3e-05,wd0.0",9,"lr=0.001, wd=0.0",4386473366.8881,12
[32],5,"lr3e-05,wd0.01",10,"lr=0.001, wd=0.01",3932841.8295,1
[32],5,"lr3e-05,wd0.01",3,"lr=3e-05, wd=0.0",31915877.8849,2
[32],5,"lr3e-05,wd0.01",5,"lr=1e-04, wd=0.0",119809518.1493,3
[32],5,"lr3e-05,wd0.01",4,"lr=3e-05, wd=0.01",209856307.1265,4
[32],5,"lr3e-05,wd0.01",2,"lr=1e-05, wd=0.01",300457160.9394,5
[32],5,"lr3e-05,wd0.01",6,"lr=1e-04, wd=0.01",442428186.9232,6
[32],5,"lr3e-05,wd0.01",1,"lr=1e-05, wd=0.0",549686819.4927,7
[32],5,"lr3e-05,wd0.01",8,"lr=3e-04, wd=0.01",693991367.1463,8
[32],5,"lr3e-05,wd0.01",7,"lr=3e-04, wd=0.0",816458541.1724,9
[32],5,"lr3e-05,wd0.01",11,"lr=0.003, wd=0.0",1074242259.996,10
[32],5,"lr3e-05,wd0.01",9,"lr=0.001, wd=0.0",2020337773.9252,11
[32],5,"lr3e-05,wd0.01",12,"lr=0.003, wd=0.01",2262125205.5373,12
[32],5,"lr0.0001,wd0.0",8,"lr=3e-04, wd=0.01",78865062.7799,1
[32],5,"lr0.0001,wd0.0",6,"lr=1e-04, wd=0.01",97152718.649,2
[32],5,"lr0.0001,wd0.0",11,"lr=0.003, wd=0.0",106267703.6753,3
[32],5,"lr0.0001,wd0.0",7,"lr=3e-04, wd=0.0",228434892.6931,4
[32],5,"lr0.0001,wd0.0",5,"lr=1e-04, wd=0.0",286862405.5498,5
[32],5,"lr0.0001,wd0.0",9,"lr=0.001, wd=0.0",323124747.5014,6
[32],5,"lr0.0001,wd0.0",4,"lr=3e-05, wd=0.01",839268814.5631,7
[32],5,"lr0.0001,wd0.0",3,"lr=3e-05, wd=0.0",1121764747.7843,8
[32],5,"lr0.0001,wd0.0",2,"lr=1e-05, wd=0.01",1808830021.0686,9
[32],5,"lr0.0001,wd0.0",1,"lr=1e-05, wd=0.0",2118871241.5168,10
[32],5,"lr0.0001,wd0.0",10,"lr=0.001, wd=0.01",2193922515.4165,11
[32],5,"lr0.0001,wd0.0",12,"lr=0.003, wd=0.01",7449704446.0544,12
[32],5,"lr0.0001,wd0.01",3,"lr=3e-05, wd=0.0",494106.5068,1
[32],5,"lr0.0001,wd0.01",5,"lr=1e-04, wd=0.0",2261118.6763,2
[32],5,"lr0.0001,wd0.01",4,"lr=3e-05, wd=0.01",25335430.7856,3
[32],5,"lr0.0001,wd0.01",2,"lr=1e-05, wd=0.01",38077883.5033,4
[32],5,"lr0.0001,wd0.01",10,"lr=0.001, wd=0.01",41089434.2224,5
[32],5,"lr0.0001,wd0.01",1,"lr=1e-05, wd=0.0",93924746.7845,6
[32],5,"lr0.0001,wd0.01",6,"lr=1e-04, wd=0.01",450444312.2771,7
[32],5,"lr0.0001,wd0.01",8,"lr=3e-04, wd=0.01",506276080.1341,8
[32],5,"lr0.0001,wd0.01",7,"lr=3e-04, wd=0.0",582573088.834,9
[32],5,"lr0.0001,wd0.01",9,"lr=0.001, wd=0.0",965724695.8403,10
[32],5,"lr0.0001,wd0.01",11,"lr=0.003, wd=0.0",978510245.1998,11
[32],5,"lr0.0001,wd0.01",12,"lr=0.003, wd=0.01",3245407334.4022,12
[32],5,"lr0.0003,wd0.0",9,"lr=0.001, wd=0.0",3146403003.8588,1
[32],5,"lr0.0003,wd0.0",7,"lr=3e-04, wd=0.0",3850573982.6273,2
[32],5,"lr0.0003,wd0.0",11,"lr=0.003, wd=0.0",4926185602.8948,3
[32],5,"lr0.0003,wd0.0",8,"lr=3e-04, wd=0.01",6537227813.6687,4
[32],5,"lr0.0003,wd0.0",6,"lr=1e-04, wd=0.01",6701146529.9849,5
[32],5,"lr0.0003,wd0.0",5,"lr=1e-04, wd=0.0",8258459854.3851,6
[32],5,"lr0.0003,wd0.0",4,"lr=3e-05, wd=0.01",10316216375.3908,7
[32],5,"lr0.0003,wd0.0",10,"lr=0.001, wd=0.01",10661541490.3231,8
[32],5,"lr0.0003,wd0.0",3,"lr=3e-05, wd=0.0",11355583208.137,9
[32],5,"lr0.0003,wd0.0",2,"lr=1e-05, wd=0.01",13390144614.5372,10
[32],5,"lr0.0003,wd0.0",1,"lr=1e-05, wd=0.0",13898317638.7435,11
[32],5,"lr0.0003,wd0.0",12,"lr=0.003, wd=0.01",17853957011.2742,12
[32],5,"lr0.0003,wd0.01",4,"lr=3e-05, wd=0.01",8329497.173,1
[32],5,"lr0.0003,wd0.01",10,"lr=0.001, wd=0.01",21831397.0804,2
[32],5,"lr0.0003,wd0.01",5,"lr=1e-04, wd=0.0",72124012.828,3
[32],5,"lr0.0003,wd0.01",3,"lr=3e-05, wd=0.0",91507731.3169,4
[32],5,"lr0.0003,wd0.01",2,"lr=1e-05, wd=0.01",115942455.6451,5
[32],5,"lr0.0003,wd0.01",1,"lr=1e-05, wd=0.0",218448127.713,6
[32],5,"lr0.0003,wd0.01",6,"lr=1e-04, wd=0.01",323950108.6713,7
[32],5,"lr0.0003,wd0.01",8,"lr=3e-04, wd=0.01",365343968.9854,8
[32],5,"lr0.0003,wd0.01",7,"lr=3e-04, wd=0.0",618872737.832,9
[32],5,"lr0.0003,wd0.01",11,"lr=0.003, wd=0.0",679349560.6161,10
[32],5,"lr0.0003,wd0.01",9,"lr=0.001, wd=0.0",814365437.7346,11
[32],5,"lr0.0003,wd0.01",12,"lr=0.003, wd=0.01",2133441572.1537,12
[32],5,"lr0.001,wd0.0",9,"lr=0.001, wd=0.0",6675256992.6797,1
[32],5,"lr0.001,wd0.0",7,"lr=3e-04, wd=0.0",7774923140.0644,2
[32],5,"lr0.001,wd0.0",11,"lr=0.003, wd=0.0",9418719561.8149,3
[32],5,"lr0.001,wd0.0",8,"lr=3e-04, wd=0.01",10865004672.1788,4
[32],5,"lr0.001,wd0.0",6,"lr=1e-04, wd=0.01",11901789499.7859,5
[32],5,"lr0.001,wd0.0",5,"lr=1e-04, wd=0.0",13869872575.5305,6
[32],5,"lr0.001,wd0.0",10,"lr=0.001, wd=0.01",16026433368.0825,7
[32],5,"lr0.001,wd0.0",4,"lr=3e-05, wd=0.01",18686529913.6127,8
[32],5,"lr0.001,wd0.0",3,"lr=3e-05, wd=0.0",20268578101.0184,9
[32],5,"lr0.001,wd0.0",2,"lr=1e-05, wd=0.01",22891666005.6288,10
[32],5,"lr0.001,wd0.0",12,"lr=0.003, wd=0.01",23446946919.5241,11
[32],5,"lr0.001,wd0.0",1,"lr=1e-05, wd=0.0",24249959162.0864,12
[32],5,"lr0.001,wd0.01",10,"lr=0.001, wd=0.01",1216513.3672,1
[32],5,"lr0.001,wd0.01",6,"lr=1e-04, wd=0.01",2809693.0328,2
[32],5,"lr0.001,wd0.01",5,"lr=1e-04, wd=0.0",114532495.0252,3
[32],5,"lr0.001,wd0.01",8,"lr=3e-04, wd=0.01",476914687.7156,4
[32],5,"lr0.001,wd0.01",7,"lr=3e-04, wd=0.0",556487642.9423,5
[32],5,"lr0.001,wd0.01",11,"lr=0.003, wd=0.0",760898807.2612,6
[32],5,"lr0.001,wd0.01",9,"lr=0.001, wd=0.0",847424446.3671,7
[32],5,"lr0.001,wd0.01",4,"lr=3e-05, wd=0.01",1886770528.8472,8
[32],5,"lr0.001,wd0.01",3,"lr=3e-05, wd=0.0",2698075756.5163,9
[32],5,"lr0.001,wd0.01",12,"lr=0.003, wd=0.01",4472775449.056,10
[32],5,"lr0.001,wd0.01",2,"lr=1e-05, wd=0.01",4781516564.5416,11
[32],5,"lr0.001,wd0.01",1,"lr=1e-05, wd=0.0",5798430379.9019,12
[32],5,"lr0.003,wd0.0",9,"lr=0.001, wd=0.0",2806514539.0961,1
[32],5,"lr0.003,wd0.0",11,"lr=0.003, wd=0.0",3589233589.2212,2
[32],5,"lr0.003,wd0.0",7,"lr=3e-04, wd=0.0",4098652308.5958,3
[32],5,"lr0.003,wd0.0",8,"lr=3e-04, wd=0.01",7595667528.2538,4
[32],5,"lr0.003,wd0.0",6,"lr=1e-04, wd=0.01",9813840194.3254,5
[32],5,"lr0.003,wd0.0",5,"lr=1e-04, wd=0.0",11444631882.4629,6
[32],5,"lr0.003,wd0.0",10,"lr=0.001, wd=0.01",14100227437.9146,7
[32],5,"lr0.003,wd0.0",4,"lr=3e-05, wd=0.01",17485858586.4696,8
[32],5,"lr0.003,wd0.0",3,"lr=3e-05, wd=0.0",18855295693.8476,9
[32],5,"lr0.003,wd0.0",12,"lr=0.003, wd=0.01",22937901808.9965,10
[32],5,"lr0.003,wd0.0",2,"lr=1e-05, wd=0.01",23630947329.978,11
[32],5,"lr0.003,wd0.0",1,"lr=1e-05, wd=0.0",25133486684.5949,12
[32],5,"lr0.003,wd0.01",12,"lr=0.003, wd=0.01",731072680.0028,1
[32],5,"lr0.003,wd0.01",1,"lr=1e-05, wd=0.0",4001711620.9191,2
[32],5,"lr0.003,wd0.01",3,"lr=3e-05, wd=0.0",4070634238.1287,3
[32],5,"lr0.003,wd0.01",10,"lr=0.001, wd=0.01",5096501910.6449,4
[32],5,"lr0.003,wd0.01",2,"lr=1e-05, wd=0.01",5119600406.6027,5
[32],5,"lr0.003,wd0.01",4,"lr=3e-05, wd=0.01",5976485549.3403,6
[32],5,"lr0.003,wd0.01",5,"lr=1e-04, wd=0.0",6083375945.6525,7
[32],5,"lr0.003,wd0.01",8,"lr=3e-04, wd=0.01",6556702296.4322,8
[32],5,"lr0.003,wd0.01",6,"lr=1e-04, wd=0.01",7089481118.2576,9
[32],5,"lr0.003,wd0.01",7,"lr=3e-04, wd=0.0",11876185173.6487,10
[32],5,"lr0.003,wd0.01",9,"lr=0.001, wd=0.0",12727926261.8213,11
[32],5,"lr0.003,wd0.01",11,"lr=0.003, wd=0.0",12999983617.9943,12
[32],10,"lr1e-05,wd0.0",10,"lr=0.001, wd=0.01",48694144.1046,1
[32],10,"lr1e-05,wd0.0",3,"lr=3e-05, wd=0.0",456566594.8492,2
[32],10,"lr1e-05,wd0.0",1,"lr=1e-05, wd=0.0",809033550.7758,3
[32],10,"lr1e-05,wd0.0",11,"lr=0.003, wd=0.0",882442913.0887,4
[32],10,"lr1e-05,wd0.0",12,"lr=0.003, wd=0.01",1079376521.3123,5
[32],10,"lr1e-05,wd0.0",2,"lr=1e-05, wd=0.01",1240564961.3108,6
[32],10,"lr1e-05,wd0.0",4,"lr=3e-05, wd=0.01",1594251725.8792,7
[32],10,"lr1e-05,wd0.0",5,"lr=1e-04, wd=0.0",1785090621.8072,8
[32],10,"lr1e-05,wd0.0",9,"lr=0.001, wd=0.0",2561100458.6261,9
[32],10,"lr1e-05,wd0.0",6,"lr=1e-04, wd=0.01",3342068040.1113,10
[32],10,"lr1e-05,wd0.0",8,"lr=3e-04, wd=0.01",3589250771.5141,11
[32],10,"lr1e-05,wd0.0",7,"lr=3e-04, wd=0.0",6081201990.62,12
[32],10,"lr1e-05,wd0.01",10,"lr=0.001, wd=0.01",9825403.6535,1
[32],10,"lr1e-05,wd0.01",3,"lr=3e-05, wd=0.0",46758760.2836,2
[32],10,"lr1e-05,wd0.01",4,"lr=3e-05, wd=0.01",201362472.2241,3
[32],10,"lr1e-05,wd0.01",1,"lr=1e-05, wd=0.0",249426240.8192,4
[32],10,"lr1e-05,wd0.01",2,"lr=1e-05, wd=0.01",569202020.236,5
[32],10,"lr1e-05,wd0.01",11,"lr=0.003, wd=0.0",578648867.8938,6
[32],10,"lr1e-05,wd0.01",5,"lr=1e-04, wd=0.0",1033021019.2009,7
[32],10,"lr1e-05,wd0.01",9,"lr=0.001, wd=0.0",1628295786.8862,8
[32],10,"lr1e-05,wd0.01",6,"lr=1e-04, wd=0.01",1911097922.2609,9
[32],10,"lr1e-05,wd0.01",12,"lr=0.003, wd=0.01",1925710661.3741,10
[32],10,"lr1e-05,wd0.01",8,"lr=3e-04, wd=0.01",2237940776.377,11
[32],10,"lr1e-05,wd0.01",7,"lr=3e-04, wd=0.0",4274815522.1996,12
[32],10,"lr3e-05,wd0.0",2,"lr=1e-05, wd=0.01",3672666.2766,1
[32],10,"lr3e-05,wd0.0",1,"lr=1e-05, wd=0.0",8004823.6085,2
[32],10,"lr3e-05,wd0.0",10,"lr=0.001, wd=0.01",18704645.0007,3
[32],10,"lr3e-05,wd0.0",3,"lr=3e-05, wd=0.0",342587963.0508,4
[32],10,"lr3e-05,wd0.0",5,"lr=1e-04, wd=0.0",486358986.8164,5
[32],10,"lr3e-05,wd0.0",4,"lr=3e-05, wd=0.01",534155224.0388,6
[32],10,"lr3e-05,wd0.0",11,"lr=0.003, wd=0.0",1111092523.6288,7
[32],10,"lr3e-05,wd0.0",6,"lr=1e-04, wd=0.01",1151309045.2748,8
[32],10,"lr3e-05,wd0.0",8,"lr=3e-04, wd=0.01",1261849147.25,9
[32],10,"lr3e-05,wd0.0",9,"lr=0.001, wd=0.0",2451636282.5664,10
[32],10,"lr3e-05,wd0.0",7,"lr=3e-04, wd=0.0",2552374866.664,11
[32],10,"lr3e-05,wd0.0",12,"lr=0.003, wd=0.01",2647321152.1942,12
[32],10,"lr3e-05,wd0.01",4,"lr=3e-05, wd=0.01",266597.6938,1
[32],10,"lr3e-05,wd0.01",3,"lr=3e-05, wd=0.0",37609583.3822,2
[32],10,"lr3e-05,wd0.01",11,"lr=0.003, wd=0.0",45902272.8843,3
[32],10,"lr3e-05,wd0.01",6,"lr=1e-04, wd=0.01",111394321.13,4
[32],10,"lr3e-05,wd0.01",5,"lr=1e-04, wd=0.0",139479827.5811,5
[32],10,"lr3e-05,wd0.01",8,"lr=3e-04, wd=0.01",166323786.168,6
[32],10,"lr3e-05,wd0.01",10,"lr=0.001, wd=0.01",493085413.3286,7
[32],10,"lr3e-05,wd0.01",9,"lr=0.001, wd=0.0",534392562.599,8
[32],10,"lr3e-05,wd0.01",7,"lr=3e-04, wd=0.0",543811003.4483,9
[32],10,"lr3e-05,wd0.01",2,"lr=1e-05, wd=0.01",638808531.9556,10
[32],10,"lr3e-05,wd0.01",1,"lr=1e-05, wd=0.0",832556916.1816,11
[32],10,"lr3e-05,wd0.01",12,"lr=0.003, wd=0.01",5371615435.6683,12
[32],10,"lr0.0001,wd0.0",7,"lr=3e-04, wd=0.0",8432443.0691,1
[32],10,"lr0.0001,wd0.0",9,"lr=0.001, wd=0.0",24938033.4706,2
[32],10,"lr0.0001,wd0.0",11,"lr=0.003, wd=0.0",361890872.1771,3
[32],10,"lr0.0001,wd0.0",6,"lr=1e-04, wd=0.01",720136046.4664,4
[32],10,"lr0.0001,wd0.0",5,"lr=1e-04, wd=0.0",979846987.5601,5
[32],10,"lr0.0001,wd0.0",8,"lr=3e-04, wd=0.01",1088485875.5394,6
[32],10,"lr0.0001,wd0.0",4,"lr=3e-05, wd=0.01",1764406515.2019,7
[32],10,"lr0.0001,wd0.0",3,"lr=3e-05, wd=0.0",1959028031.9467,8
[32],10,"lr0.0001,wd0.0",2,"lr=1e-05, wd=0.01",3368776154.5991,9
[32],10,"lr0.0001,wd0.0",1,"lr=1e-05, wd=0.0",3457697376.9312,10
[32],10,"lr0.0001,wd0.0",10,"lr=0.001, wd=0.01",3764308243.4884,11
[32],10,"lr0.0001,wd0.0",12,"lr=0.003, wd=0.01",8573300241.8594,12
[32],10,"lr0.0001,wd0.01",5,"lr=1e-04, wd=0.0",38426.6738,1
[32],10,"lr0.0001,wd0.01",8,"lr=3e-04, wd=0.01",64635156.3813,2
[32],10,"lr0.0001,wd0.01",4,"lr=3e-05, wd=0.01",72959520.8175,3
[32],10,"lr0.0001,wd0.01",6,"lr=1e-04, wd=0.01",82365492.2573,4
[32],10,"lr0.0001,wd0.01",3,"lr=3e-05, wd=0.0",191995303.8362,5
[32],10,"lr0.0001,wd0.01",11,"lr=0.003, wd=0.0",386535174.0002,6
[32],10,"lr0.0001,wd0.01",2,"lr=1e-05, wd=0.01",401762089.1619,7
[32],10,"lr0.0001,wd0.01",7,"lr=3e-04, wd=0.0",475241820.9278,8
[32],10,"lr0.0001,wd0.01",1,"lr=1e-05, wd=0.0",518583873.2661,9
[32],10,"lr0.0001,wd0.01",9,"lr=0.001, wd=0.0",608881271.9298,10
[32],10,"lr0.0001,wd0.01",10,"lr=0.001, wd=0.01",643753437.2474,11
[32],10,"lr0.0001,wd0.01",12,"lr=0.003, wd=0.01",4940349331.1256,12
[32],10,"lr0.0003,wd0.0",9,"lr=0.001, wd=0.0",5463746696.1546,1
[32],10,"lr0.0003,wd0.0",7,"lr=3e-04, wd=0.0",5654808516.4106,2
[32],10,"lr0.0003,wd0.0",11,"lr=0.003, wd=0.0",7158391319.8405,3
[32],10,"lr0.0003,wd0.0",6,"lr=1e-04, wd=0.01",8131448167.5425,4
[32],10,"lr0.0003,wd0.0",8,"lr=3e-04, wd=0.01",8253176049.8432,5
[32],10,"lr0.0003,wd0.0",5,"lr=1e-04, wd=0.0",9069849901.6777,6
[32],10,"lr0.0003,wd0.0",4,"lr=3e-05, wd=0.01",11507307723.1591,7
[32],10,"lr0.0003,wd0.0",3,"lr=3e-05, wd=0.0",11816214334.7796,8
[32],10,"lr0.0003,wd0.0",10,"lr=0.001, wd=0.01",11963094881.7803,9
[32],10,"lr0.0003,wd0.0",2,"lr=1e-05, wd=0.01",14948489494.6323,10
[32],10,"lr0.0003,wd0.0",1,"lr=1e-05, wd=0.0",15079170034.021,11
[32],10,"lr0.0003,wd0.0",12,"lr=0.003, wd=0.01",17834645340.7722,12
[32],10,"lr0.0003,wd0.01",5,"lr=1e-04, wd=0.0",16139999.3751,1
[32],10,"lr0.0003,wd0.01",4,"lr=3e-05, wd=0.01",83066606.7768,2
[32],10,"lr0.0003,wd0.01",6,"lr=1e-04, wd=0.01",112534982.9176,3
[32],10,"lr0.0003,wd0.01",10,"lr=0.001, wd=0.01",135900417.6343,4
[32],10,"lr0.0003,wd0.01",8,"lr=3e-04, wd=0.01",161963098.8889,5
[32],10,"lr0.0003,wd0.01",3,"lr=3e-05, wd=0.0",231939552.8595,6
[32],10,"lr0.0003,wd0.01",2,"lr=1e-05, wd=0.01",408734675.9303,7
[32],10,"lr0.0003,wd0.01",11,"lr=0.003, wd=0.0",519088987.2069,8
[32],10,"lr0.0003,wd0.01",1,"lr=1e-05, wd=0.0",597797160.3451,9
[32],10,"lr0.0003,wd0.01",7,"lr=3e-04, wd=0.0",623243953.027,10
[32],10,"lr0.0003,wd0.01",9,"lr=0.001, wd=0.0",729871122.1697,11
[32],10,"lr0.0003,wd0.01",12,"lr=0.003, wd=0.01",2590569829.5363,12
[32],10,"lr0.001,wd0.0",9,"lr=0.001, wd=0.0",7281491818.7538,1
[32],10,"lr0.001,wd0.0",7,"lr=3e-04, wd=0.0",8296070412.7779,2
[32],10,"lr0.001,wd0.0",11,"lr=0.003, wd=0.0",8519121829.6394,3
[32],10,"lr0.001,wd0.0",8,"lr=3e-04, wd=0.01",10418807443.865,4
[32],10,"lr0.001,wd0.0",6,"lr=1e-04, wd=0.01",10916961687.5152,5
[32],10,"lr0.001,wd0.0",5,"lr=1e-04, wd=0.0",11737123583.2284,6
[32],10,"lr0.001,wd0.0",10,"lr=0.001, wd=0.01",12678329196.9514,7
[32],10,"lr0.001,wd0.0",4,"lr=3e-05, wd=0.01",14104789993.0784,8
[32],10,"lr0.001,wd0.0",3,"lr=3e-05, wd=0.0",14248468408.3842,9
[32],10,"lr0.001,wd0.0",12,"lr=0.003, wd=0.01",17424471748.5655,10
[32],10,"lr0.001,wd0.0",2,"lr=1e-05, wd=0.01",17606925567.8379,11
[32],10,"lr0.001,wd0.0",1,"lr=1e-05, wd=0.0",17729232702.641,12
[32],10,"lr0.001,wd0.01",2,"lr=1e-05, wd=0.01",4567028.1891,1
[32],10,"lr0.001,wd0.01",1,"lr=1e-05, wd=0.0",18798744.3085,2
[32],10,"lr0.001,wd0.01",10,"lr=0.001, wd=0.01",73710826.7455,3
[32],10,"lr0.001,wd0.01",3,"lr=3e-05, wd=0.0",244666700.0839,4
[32],10,"lr0.001,wd0.01",4,"lr=3e-05, wd=0.01",372688278.971,5
[32],10,"lr0.001,wd0.01",5,"lr=1e-04, wd=0.0",612717325.2534,6
[32],10,"lr0.001,wd0.01",8,"lr=3e-04, wd=0.01",787521142.0617,7
[32],10,"lr0.001,wd0.01",6,"lr=1e-04, wd=0.01",949501083.6369,8
[32],10,"lr0.001,wd0.01",11,"lr=0.003, wd=0.0",1153627761.6302,9
[32],10,"lr0.001,wd0.01",7,"lr=3e-04, wd=0.0",1217032794.1666,10
[32],10,"lr0.001,wd0.01",9,"lr=0.001, wd=0.0",1225639179.8471,11
[32],10,"lr0.001,wd0.01",12,"lr=0.003, wd=0.01",1232441320.9555,12
[32],10,"lr0.003,wd0.0",9,"lr=0.001, wd=0.0",3043214487.546,1
[32],10,"lr0.003,wd0.0",7,"lr=3e-04, wd=0.0",3480990443.7441,2
[32],10,"lr0.003,wd0.0",11,"lr=0.003, wd=0.0",3872102020.2323,3
[32],10,"lr0.003,wd0.0",8,"lr=3e-04, wd=0.01",5032284613.4011,4
[32],10,"lr0.003,wd0.0",6,"lr=1e-04, wd=0.01",5213893577.6886,5
[32],10,"lr0.003,wd0.0",5,"lr=1e-04, wd=0.0",5862416091.1677,6
[32],10,"lr0.003,wd0.0",4,"lr=3e-05, wd=0.01",7444488297.9566,7
[32],10,"lr0.003,wd0.0",3,"lr=3e-05, wd=0.0",7717075782.8148,8
[32],10,"lr0.003,wd0.0",10,"lr=0.001, wd=0.01",7848697022.0777,9
[32],10,"lr0.003,wd0.0",2,"lr=1e-05, wd=0.01",10369317996.189,10
[32],10,"lr0.003,wd0.0",1,"lr=1e-05, wd=0.0",10763277123.4056,11
[32],10,"lr0.003,wd0.0",12,"lr=0.003, wd=0.01",12549988892.9384,12
[32],10,"lr0.003,wd0.01",3,"lr=3e-05, wd=0.0",10778137.5109,1
[32],10,"lr0.003,wd0.01",12,"lr=0.003, wd=0.01",54614116.8529,2
[32],10,"lr0.003,wd0.01",4,"lr=3e-05, wd=0.01",162097755.1592,3
[32],10,"lr0.003,wd0.01",2,"lr=1e-05, wd=0.01",454230178.1531,4
[32],10,"lr0.003,wd0.01",1,"lr=1e-05, wd=0.0",801169152.3329,5
[32],10,"lr0.003,wd0.01",10,"lr=0.001, wd=0.01",1426638302.1704,6
[32],10,"lr0.003,wd0.01",5,"lr=1e-04, wd=0.0",1431109162.8032,7
[32],10,"lr0.003,wd0.01",7,"lr=3e-04, wd=0.0",2374547333.9425,8
[32],10,"lr0.003,wd0.01",8,"lr=3e-04, wd=0.01",2511775415.8445,9
[32],10,"lr0.003,wd0.01",6,"lr=1e-04, wd=0.01",2528970729.8171,10
[32],10,"lr0.003,wd0.01",9,"lr=0.001, wd=0.0",3308218617.6362,11
[32],10,"lr0.003,wd0.01",11,"lr=0.003, wd=0.0",3495329303.5281,12
[32],20,"lr1e-05,wd0.0",9,"lr=0.001, wd=0.0",7824077.203,1
[32],20,"lr1e-05,wd0.0",1,"lr=1e-05, wd=0.0",56977456.0643,2
[32],20,"lr1e-05,wd0.0",11,"lr=0.003, wd=0.0",58378413.7741,3
[32],20,"lr1e-05,wd0.0",2,"lr=1e-05, wd=0.01",81820840.4651,4
[32],20,"lr1e-05,wd0.0",8,"lr=3e-04, wd=0.01",163167513.6843,5
[32],20,"lr1e-05,wd0.0",3,"lr=3e-05, wd=0.0",429176048.5514,6
[32],20,"lr1e-05,wd0.0",10,"lr=0.001, wd=0.01",466324503.1136,7
[32],20,"lr1e-05,wd0.0",5,"lr=1e-04, wd=0.0",647440384.3129,8
[32],20,"lr1e-05,wd0.0",7,"lr=3e-04, wd=0.0",730879644.5399,9
[32],20,"lr1e-05,wd0.0",4,"lr=3e-05, wd=0.01",785248205.2385,10
[32],20,"lr1e-05,wd0.0",6,"lr=1e-04, wd=0.01",983033245.3019,11
[32],20,"lr1e-05,wd0.0",12,"lr=0.003, wd=0.01",1627393304.19,12
[32],20,"lr1e-05,wd0.01",3,"lr=3e-05, wd=0.0",5863956.8465,1
[32],20,"lr1e-05,wd0.01",8,"lr=3e-04, wd=0.01",8394574.4886,2
[32],20,"lr1e-05,wd0.01",2,"lr=1e-05, wd=0.01",19624171.5078,3
[32],20,"lr1e-05,wd0.01",9,"lr=0.001, wd=0.0",89618594.0245,4
[32],20,"lr1e-05,wd0.01",1,"lr=1e-05, wd=0.0",90389833.8236,5
[32],20,"lr1e-05,wd0.01",7,"lr=3e-04, wd=0.0",104768731.5766,6
[32],20,"lr1e-05,wd0.01",5,"lr=1e-04, wd=0.0",146396149.6845,7
[32],20,"lr1e-05,wd0.01",4,"lr=3e-05, wd=0.01",160787357.3613,8
[32],20,"lr1e-05,wd0.01",6,"lr=1e-04, wd=0.01",330791517.4565,9
[32],20,"lr1e-05,wd0.01",11,"lr=0.003, wd=0.0",379548712.7029,10
[32],20,"lr1e-05,wd0.01",10,"lr=0.001, wd=0.01",1398490022.4189,11
[32],20,"lr1e-05,wd0.01",12,"lr=0.003, wd=0.01",3453802157.4186,12
[32],20,"lr3e-05,wd0.0",3,"lr=3e-05, wd=0.0",33963257.9593,1
[32],20,"lr3e-05,wd0.0",11,"lr=0.003, wd=0.0",35178024.7536,2
[32],20,"lr3e-05,wd0.0",4,"lr=3e-05, wd=0.01",43482378.7358,3
[32],20,"lr3e-05,wd0.0",8,"lr=3e-04, wd=0.01",55661070.4878,4
[32],20,"lr3e-05,wd0.0",6,"lr=1e-04, wd=0.01",161661545.4948,5
[32],20,"lr3e-05,wd0.0",1,"lr=1e-05, wd=0.0",246949972.6321,6
[32],20,"lr3e-05,wd0.0",5,"lr=1e-04, wd=0.0",255868259.9496,7
[32],20,"lr3e-05,wd0.0",2,"lr=1e-05, wd=0.01",263596950.6803,8
[32],20,"lr3e-05,wd0.0",10,"lr=0.001, wd=0.01",308723855.2649,9
[32],20,"lr3e-05,wd0.0",9,"lr=0.001, wd=0.0",410947759.6734,10
[32],20,"lr3e-05,wd0.0",7,"lr=3e-04, wd=0.0",995770924.2308,11
[32],20,"lr3e-05,wd0.0",12,"lr=0.003, wd=0.01",1962294632.0208,12
[32],20,"lr3e-05,wd0.01",5,"lr=1e-04, wd=0.0",503485.728,1
[32],20,"lr3e-05,wd0.01",3,"lr=3e-05, wd=0.0",2143821.3172,2
[32],20,"lr3e-05,wd0.01",4,"lr=3e-05, wd=0.01",26362272.3137,3
[32],20,"lr3e-05,wd0.01",2,"lr=1e-05, wd=0.01",80879574.2916,4
[32],20,"lr3e-05,wd0.01",8,"lr=3e-04, wd=0.01",82810028.9973,5
[32],20,"lr3e-05,wd0.01",6,"lr=1e-04, wd=0.01",83703965.4884,6
[32],20,"lr3e-05,wd0.01",11,"lr=0.003, wd=0.0",83989666.8747,7
[32],20,"lr3e-05,wd0.01",1,"lr=1e-05, wd=0.0",94578337.3574,8
[32],20,"lr3e-05,wd0.01",10,"lr=0.001, wd=0.01",132829105.0055,9
[32],20,"lr3e-05,wd0.01",9,"lr=0.001, wd=0.0",301356723.1918,10
[32],20,"lr3e-05,wd0.01",7,"lr=3e-04, wd=0.0",492696902.9652,11
[32],20,"lr3e-05,wd0.01",12,"lr=0.003, wd=0.01",2014720502.2364,12
[32],20,"lr0.0001,wd0.0",7,"lr=3e-04, wd=0.0",501031613.2774,1
[32],20,"lr0.0001,wd0.0",9,"lr=0.001, wd=0.0",625973249.9415,2
[32],20,"lr0.0001,wd0.0",11,"lr=0.003, wd=0.0",1383171459.8955,3
[32],20,"lr0.0001,wd0.0",6,"lr=1e-04, wd=0.01",1752560415.5505,4
[32],20,"lr0.0001,wd0.0",5,"lr=1e-04, wd=0.0",1770833626.5968,5
[32],20,"lr0.0001,wd0.0",8,"lr=3e-04, wd=0.01",2317045082.588,6
[32],20,"lr0.0001,wd0.0",3,"lr=3e-05, wd=0.0",2677287953.3911,7
[32],20,"lr0.0001,wd0.0",4,"lr=3e-05, wd=0.01",2756051927.3981,8
[32],20,"lr0.0001,wd0.0",10,"lr=0.001, wd=0.01",3535377185.1497,9
[32],20,"lr0.0001,wd0.0",2,"lr=1e-05, wd=0.01",3951859834.3557,10
[32],20,"lr0.0001,wd0.0",1,"lr=1e-05, wd=0.0",3956191831.6113,11
[32],20,"lr0.0001,wd0.0",12,"lr=0.003, wd=0.01",6026206521.711,12
[32],20,"lr0.0001,wd0.01",8,"lr=3e-04, wd=0.01",959000.5101,1
[32],20,"lr0.0001,wd0.01",5,"lr=1e-04, wd=0.0",2120283.348,2
[32],20,"lr0.0001,wd0.01",6,"lr=1e-04, wd=0.01",14455949.1944,3
[32],20,"lr0.0001,wd0.01",4,"lr=3e-05, wd=0.01",47150136.8725,4
[32],20,"lr0.0001,wd0.01",3,"lr=3e-05, wd=0.0",86484803.9394,5
[32],20,"lr0.0001,wd0.01",11,"lr=0.003, wd=0.0",111101151.2202,6
[32],20,"lr0.0001,wd0.01",9,"lr=0.001, wd=0.0",311493736.6774,7
[32],20,"lr0.0001,wd0.01",2,"lr=1e-05, wd=0.01",332943482.7014,8
[32],20,"lr0.0001,wd0.01",1,"lr=1e-05, wd=0.0",358488026.4988,9
[32],20,"lr0.0001,wd0.01",7,"lr=3e-04, wd=0.0",373350103.6987,10
[32],20,"lr0.0001,wd0.01",10,"lr=0.001, wd=0.01",379863460.2369,11
[32],20,"lr0.0001,wd0.01",12,"lr=0.003, wd=0.01",2244183636.5213,12
[32],20,"lr0.0003,wd0.0",9,"lr=0.001, wd=0.0",5213061769.924,1
[32],20,"lr0.0003,wd0.0",7,"lr=3e-04, wd=0.0",6184108771.1885,2
[32],20,"lr0.0003,wd0.0",11,"lr=0.003, wd=0.0",6554220369.9832,3
[32],20,"lr0.0003,wd0.0",8,"lr=3e-04, wd=0.01",8253899425.9757,4
[32],20,"lr0.0003,wd0.0",6,"lr=1e-04, wd=0.01",8473640876.886,5
[32],20,"lr0.0003,wd0.0",5,"lr=1e-04, wd=0.0",8772683848.4156,6
[32],20,"lr0.0003,wd0.0",10,"lr=0.001, wd=0.01",9194368657.756,7
[32],20,"lr0.0003,wd0.0",4,"lr=3e-05, wd=0.01",10106907072.0668,8
[32],20,"lr0.0003,wd0.0",3,"lr=3e-05, wd=0.0",10178818143.531,9
[32],20,"lr0.0003,wd0.0",1,"lr=1e-05, wd=0.0",11616179459.3457,10
[32],20,"lr0.0003,wd0.0",2,"lr=1e-05, wd=0.01",11627798783.4243,11
[32],20,"lr0.0003,wd0.0",12,"lr=0.003, wd=0.01",11680846595.0245,12
[32],20,"lr0.0003,wd0.01",4,"lr=3e-05, wd=0.01",17232268.0233,1
[32],20,"lr0.0003,wd0.01",10,"lr=0.001, wd=0.01",26899693.5233,2
[32],20,"lr0.0003,wd0.01",3,"lr=3e-05, wd=0.0",48164036.3699,3
[32],20,"lr0.0003,wd0.01",5,"lr=1e-04, wd=0.0",78386710.0774,4
[32],20,"lr0.0003,wd0.01",6,"lr=1e-04, wd=0.01",125607470.7447,5
[32],20,"lr0.0003,wd0.01",8,"lr=3e-04, wd=0.01",176097685.0066,6
[32],20,"lr0.0003,wd0.01",2,"lr=1e-05, wd=0.01",218918804.7246,7
[32],20,"lr0.0003,wd0.01",1,"lr=1e-05, wd=0.0",261326910.0533,8
[32],20,"lr0.0003,wd0.01",11,"lr=0.003, wd=0.0",536589446.4992,9
[32],20,"lr0.0003,wd0.01",9,"lr=0.001, wd=0.0",758919605.6902,10
[32],20,"lr0.0003,wd0.01",7,"lr=3e-04, wd=0.0",763051612.0629,11
[32],20,"lr0.0003,wd0.01",12,"lr=0.003, wd=0.01",1179793839.246,12
[32],20,"lr0.001,wd0.0",9,"lr=0.001, wd=0.0",7375618983.4914,1
[32],20,"lr0.001,wd0.0",7,"lr=3e-04, wd=0.0",8602128521.2015,2
[32],20,"lr0.001,wd0.0",11,"lr=0.003, wd=0.0",8642523900.265,3
[32],20,"lr0.001,wd0.0",8,"lr=3e-04, wd=0.01",10049070746.4311,4
[32],20,"lr0.001,wd0.0",6,"lr=1e-04, wd=0.01",10589374569.0432,5
[32],20,"lr0.001,wd0.0",10,"lr=0.001, wd=0.01",10763908592.3903,6
[32],20,"lr0.001,wd0.0",5,"lr=1e-04, wd=0.0",10826150470.737,7
[32],20,"lr0.001,wd0.0",4,"lr=3e-05, wd=0.01",12233300683.1249,8
[32],20,"lr0.001,wd0.0",3,"lr=3e-05, wd=0.0",12312447858.1075,9
[32],20,"lr0.001,wd0.0",12,"lr=0.003, wd=0.01",12736848108.378,10
[32],20,"lr0.001,wd0.0",2,"lr=1e-05, wd=0.01",13923518188.736,11
[32],20,"lr0.001,wd0.0",1,"lr=1e-05, wd=0.0",13926818736.6575,12
[32],20,"lr0.001,wd0.01",3,"lr=3e-05, wd=0.0",1034389.2132,1
[32],20,"lr0.001,wd0.01",4,"lr=3e-05, wd=0.01",6033314.5972,2
[32],20,"lr0.001,wd0.01",10,"lr=0.001, wd=0.01",116220431.4635,3
[32],20,"lr0.001,wd0.01",2,"lr=1e-05, wd=0.01",279406476.1651,4
[32],20,"lr0.001,wd0.01",1,"lr=1e-05, wd=0.0",328586468.97,5
[32],20,"lr0.001,wd0.01",5,"lr=1e-04, wd=0.0",454393189.1717,6
[32],20,"lr0.001,wd0.01",6,"lr=1e-04, wd=0.01",599178648.9533,7
[32],20,"lr0.001,wd0.01",12,"lr=0.003, wd=0.01",785304255.6597,8
[32],20,"lr0.001,wd0.01",8,"lr=3e-04, wd=0.01",894607583.9694,9
[32],20,"lr0.001,wd0.01",11,"lr=0.003, wd=0.0",1314775382.9652,10
[32],20,"lr0.001,wd0.01",7,"lr=3e-04, wd=0.0",1349209100.3738,11
[32],20,"lr0.001,wd0.01",9,"lr=0.001, wd=0.0",1369688725.4815,12
[32],20,"lr0.003,wd0.0",9,"lr=0.001, wd=0.0",3779829439.7207,1
[32],20,"lr0.003,wd0.0",7,"lr=3e-04, wd=0.0",4274755030.6281,2
[32],20,"lr0.003,wd0.0",11,"lr=0.003, wd=0.0",4624671715.4553,3
[32],20,"lr0.003,wd0.0",8,"lr=3e-04, wd=0.01",5892428522.4772,4
[32],20,"lr0.003,wd0.0",6,"lr=1e-04, wd=0.01",6250619797.4876,5
[32],20,"lr0.003,wd0.0",5,"lr=1e-04, wd=0.0",6455731411.2839,6
[32],20,"lr0.003,wd0.0",10,"lr=0.001, wd=0.01",7355051677.8851,7
[32],20,"lr0.003,wd0.0",4,"lr=3e-05, wd=0.01",7843168678.7483,8
[32],20,"lr0.003,wd0.0",3,"lr=3e-05, wd=0.0",7972842633.9849,9
[32],20,"lr0.003,wd0.0",12,"lr=0.003, wd=0.01",9747245108.1111,10
[32],20,"lr0.003,wd0.0",2,"lr=1e-05, wd=0.01",9885844762.7548,11
[32],20,"lr0.003,wd0.0",1,"lr=1e-05, wd=0.0",9953572354.4483,12
[32],20,"lr0.003,wd0.01",12,"lr=0.003, wd=0.01",607229055.6298,1
[32],20,"lr0.003,wd0.01",1,"lr=1e-05, wd=0.0",2984480859.8989,2
[32],20,"lr0.003,wd0.01",2,"lr=1e-05, wd=0.01",2997835540.9274,3
[32],20,"lr0.003,wd0.01",10,"lr=0.001, wd=0.01",3071139765.1485,4
[32],20,"lr0.003,wd0.01",8,"lr=3e-04, wd=0.01",4844169377.4142,5
[32],20,"lr0.003,wd0.01",11,"lr=0.003, wd=0.0",5451435121.0702,6
[32],20,"lr0.003,wd0.01",7,"lr=3e-04, wd=0.0",5672599264.2424,7
[32],20,"lr0.003,wd0.01",9,"lr=0.001, wd=0.0",5702496150.0306,8
[32],20,"lr0.003,wd0.01",4,"lr=3e-05, wd=0.01",6094163795.9295,9
[32],20,"lr0.003,wd0.01",5,"lr=1e-04, wd=0.0",6100383695.8149,10
[32],20,"lr0.003,wd0.01",3,"lr=3e-05, wd=0.0",6122838007.9224,11
[32],20,"lr0.003,wd0.01",6,"lr=1e-04, wd=0.01",6924893539.3617,12
[32],50,"lr1e-05,wd0.0",1,"lr=1e-05, wd=0.0",87184.1049,1
[32],50,"lr1e-05,wd0.0",2,"lr=1e-05, wd=0.01",7788231.1993,2
[32],50,"lr1e-05,wd0.0",6,"lr=1e-04, wd=0.01",7914494.6393,3
[32],50,"lr1e-05,wd0.0",5,"lr=1e-04, wd=0.0",16251927.4341,4
[32],50,"lr1e-05,wd0.0",7,"lr=3e-04, wd=0.0",16430990.1343,5
[32],50,"lr1e-05,wd0.0",9,"lr=0.001, wd=0.0",54247105.0806,6
[32],50,"lr1e-05,wd0.0",8,"lr=3e-04, wd=0.01",57528867.5724,7
[32],50,"lr1e-05,wd0.0",11,"lr=0.003, wd=0.0",63142496.492,8
[32],50,"lr1e-05,wd0.0",3,"lr=3e-05, wd=0.0",91900263.6096,9
[32],50,"lr1e-05,wd0.0",4,"lr=3e-05, wd=0.01",119277778.9745,10
[32],50,"lr1e-05,wd0.0",10,"lr=0.001, wd=0.01",162415919.6471,11
[32],50,"lr1e-05,wd0.0",12,"lr=0.003, wd=0.01",213241336.9996,12
[32],50,"lr1e-05,wd0.01",6,"lr=1e-04, wd=0.01",1219439.9678,1
[32],50,"lr1e-05,wd0.01",1,"lr=1e-05, wd=0.0",2990425.4423,2
[32],50,"lr1e-05,wd0.01",3,"lr=3e-05, wd=0.0",3123301.1333,3
[32],50,"lr1e-05,wd0.01",5,"lr=1e-04, wd=0.0",5234725.5041,4
[32],50,"lr1e-05,wd0.01",2,"lr=1e-05, wd=0.01",6001826.2344,5
[32],50,"lr1e-05,wd0.01",4,"lr=3e-05, wd=0.01",33179462.7948,6
[32],50,"lr1e-05,wd0.01",7,"lr=3e-04, wd=0.0",35471416.4714,7
[32],50,"lr1e-05,wd0.01",9,"lr=0.001, wd=0.0",59674264.5174,8
[32],50,"lr1e-05,wd0.01",11,"lr=0.003, wd=0.0",60702562.1437,9
[32],50,"lr1e-05,wd0.01",8,"lr=3e-04, wd=0.01",79838410.8069,10
[32],50,"lr1e-05,wd0.01",10,"lr=0.001, wd=0.01",163311394.4044,11
[32],50,"lr1e-05,wd0.01",12,"lr=0.003, wd=0.01",218603656.0336,12
[32],50,"lr3e-05,wd0.0",6,"lr=1e-04, wd=0.01",2015554.4959,1
[32],50,"lr3e-05,wd0.0",5,"lr=1e-04, wd=0.0",3140229.8877,2
[32],50,"lr3e-05,wd0.0",9,"lr=0.001, wd=0.0",4246479.3062,3
[32],50,"lr3e-05,wd0.0",7,"lr=3e-04, wd=0.0",9750859.89,4
[32],50,"lr3e-05,wd0.0",8,"lr=3e-04, wd=0.01",23251125.2574,5
[32],50,"lr3e-05,wd0.0",11,"lr=0.003, wd=0.0",23385510.6111,6
[32],50,"lr3e-05,wd0.0",3,"lr=3e-05, wd=0.0",32161998.5663,7
[32],50,"lr3e-05,wd0.0",4,"lr=3e-05, wd=0.01",43142550.8946,8
[32],50,"lr3e-05,wd0.0",2,"lr=1e-05, wd=0.01",118888139.1419,9
[32],50,"lr3e-05,wd0.0",1,"lr=1e-05, wd=0.0",120729315.9959,10
[32],50,"lr3e-05,wd0.0",10,"lr=0.001, wd=0.01",151136326.5587,11
[32],50,"lr3e-05,wd0.0",12,"lr=0.003, wd=0.01",314398226.2613,12
[32],50,"lr3e-05,wd0.01",9,"lr=0.001, wd=0.0",208816.9046,1
[32],50,"lr3e-05,wd0.01",11,"lr=0.003, wd=0.0",1359207.2885,2
[32],50,"lr3e-05,wd0.01",8,"lr=3e-04, wd=0.01",1493001.8316,3
[32],50,"lr3e-05,wd0.01",4,"lr=3e-05, wd=0.01",2266541.4278,4
[32],50,"lr3e-05,wd0.01",3,"lr=3e-05, wd=0.0",4786227.1333,5
[32],50,"lr3e-05,wd0.01",5,"lr=1e-04, wd=0.0",5847208.7503,6
[32],50,"lr3e-05,wd0.01",6,"lr=1e-04, wd=0.01",6458533.8638,7
[32],50,"lr3e-05,wd0.01",7,"lr=3e-04, wd=0.0",15406262.4893,8
[32],50,"lr3e-05,wd0.01",1,"lr=1e-05, wd=0.0",47605870.0329,9
[32],50,"lr3e-05,wd0.01",2,"lr=1e-05, wd=0.01",59535996.2296,10
[32],50,"lr3e-05,wd0.01",10,"lr=0.001, wd=0.01",117714354.0482,11
[32],50,"lr3e-05,wd0.01",12,"lr=0.003, wd=0.01",392209836.2637,12
[32],50,"lr0.0001,wd0.0",9,"lr=0.001, wd=0.0",285274419.72,1
[32],50,"lr0.0001,wd0.0",7,"lr=3e-04, wd=0.0",353990562.1067,2
[32],50,"lr0.0001,wd0.0",11,"lr=0.003, wd=0.0",506064044.352,3
[32],50,"lr0.0001,wd0.0",8,"lr=3e-04, wd=0.01",685990213.2145,4
[32],50,"lr0.0001,wd0.0",6,"lr=1e-04, wd=0.01",701600669.5206,5
[32],50,"lr0.0001,wd0.0",5,"lr=1e-04, wd=0.0",711752752.6042,6
[32],50,"lr0.0001,wd0.0",10,"lr=0.001, wd=0.01",746709331.8465,7
[32],50,"lr0.0001,wd0.0",2,"lr=1e-05, wd=0.01",797434468.7363,8
[32],50,"lr0.0001,wd0.0",1,"lr=1e-05, wd=0.0",806482582.1552,9
[32],50,"lr0.0001,wd0.0",4,"lr=3e-05, wd=0.01",852963541.6237,10
[32],50,"lr0.0001,wd0.0",3,"lr=3e-05, wd=0.0",856818811.3376,11
[32],50,"lr0.0001,wd0.0",12,"lr=0.003, wd=0.01",891058075.8614,12
[32],50,"lr0.0001,wd0.01",4,"lr=3e-05, wd=0.01",829833.3619,1
[32],50,"lr0.0001,wd0.01",3,"lr=3e-05, wd=0.0",1808783.2836,2
[32],50,"lr0.0001,wd0.01",1,"lr=1e-05, wd=0.0",5571574.4223,3
[32],50,"lr0.0001,wd0.01",2,"lr=1e-05, wd=0.01",7261363.6362,4
[32],50,"lr0.0001,wd0.01",8,"lr=3e-04, wd=0.01",8199614.848,5
[32],50,"lr0.0001,wd0.01",10,"lr=0.001, wd=0.01",8495383.8774,6
[32],50,"lr0.0001,wd0.01",6,"lr=1e-04, wd=0.01",11940524.3642,7
[32],50,"lr0.0001,wd0.01",5,"lr=1e-04, wd=0.0",24279686.7813,8
[32],50,"lr0.0001,wd0.01",11,"lr=0.003, wd=0.0",63981700.3062,9
[32],50,"lr0.0001,wd0.01",12,"lr=0.003, wd=0.01",77012758.844,10
[32],50,"lr0.0001,wd0.01",9,"lr=0.001, wd=0.0",95921872.2019,11
[32],50,"lr0.0001,wd0.01",7,"lr=3e-04, wd=0.0",133283455.5867,12
[32],50,"lr0.0003,wd0.0",5,"lr=1e-04, wd=0.0",41476139.8389,1
[32],50,"lr0.0003,wd0.0",6,"lr=1e-04, wd=0.01",203739469.6965,2
[32],50,"lr0.0003,wd0.0",11,"lr=0.003, wd=0.0",584612845.8486,3
[32],50,"lr0.0003,wd0.0",8,"lr=3e-04, wd=0.01",630861466.0532,4
[32],50,"lr0.0003,wd0.0",10,"lr=0.001, wd=0.01",739952915.1167,5
[32],50,"lr0.0003,wd0.0",12,"lr=0.003, wd=0.01",825412860.2311,6
[32],50,"lr0.0003,wd0.0",3,"lr=3e-05, wd=0.0",923456554.2484,7
[32],50,"lr0.0003,wd0.0",7,"lr=3e-04, wd=0.0",1063246891.2402,8
[32],50,"lr0.0003,wd0.0",4,"lr=3e-05, wd=0.01",1065472001.489,9
[32],50,"lr0.0003,wd0.0",9,"lr=0.001, wd=0.0",1336708191.7531,10
[32],50,"lr0.0003,wd0.0",1,"lr=1e-05, wd=0.0",1661105203.4858,11
[32],50,"lr0.0003,wd0.0",2,"lr=1e-05, wd=0.01",1664443543.4296,12
[32],50,"lr0.0003,wd0.01",1,"lr=1e-05, wd=0.0",101.7686,1
[32],50,"lr0.0003,wd0.01",2,"lr=1e-05, wd=0.01",310682.5822,2
[32],50,"lr0.0003,wd0.01",10,"lr=0.001, wd=0.01",503598.9286,3
[32],50,"lr0.0003,wd0.01",3,"lr=3e-05, wd=0.0",2851824.8218,4
[32],50,"lr0.0003,wd0.01",4,"lr=3e-05, wd=0.01",3916141.8113,5
[32],50,"lr0.0003,wd0.01",6,"lr=1e-04, wd=0.01",33652819.2876,6
[32],50,"lr0.0003,wd0.01",12,"lr=0.003, wd=0.01",49578460.0263,7
[32],50,"lr0.0003,wd0.01",5,"lr=1e-04, wd=0.0",59287952.9555,8
[32],50,"lr0.0003,wd0.01",8,"lr=3e-04, wd=0.01",64971828.5875,9
[32],50,"lr0.0003,wd0.01",11,"lr=0.003, wd=0.0",198740112.9928,10
[32],50,"lr0.0003,wd0.01",9,"lr=0.001, wd=0.0",267634896.6993,11
[32],50,"lr0.0003,wd0.01",7,"lr=3e-04, wd=0.0",314319959.0021,12
[32],50,"lr0.001,wd0.0",3,"lr=3e-05, wd=0.0",32591.3069,1
[32],50,"lr0.001,wd0.0",7,"lr=3e-04, wd=0.0",6181799.385,2
[32],50,"lr0.001,wd0.0",11,"lr=0.003, wd=0.0",10748448.9814,3
[32],50,"lr0.001,wd0.0",4,"lr=3e-05, wd=0.01",18287748.9902,4
[32],50,"lr0.001,wd0.0",10,"lr=0.001, wd=0.01",61033687.6565,5
[32],50,"lr0.001,wd0.0",8,"lr=3e-04, wd=0.01",78939400.5314,6
[32],50,"lr0.001,wd0.0",12,"lr=0.003, wd=0.01",126963836.7209,7
[32],50,"lr0.001,wd0.0",9,"lr=0.001, wd=0.0",1244331842.0702,8
[32],50,"lr0.001,wd0.0",1,"lr=1e-05, wd=0.0",1244781246.1116,9
[32],50,"lr0.001,wd0.0",2,"lr=1e-05, wd=0.01",1245313784.2833,10
[32],50,"lr0.001,wd0.0",5,"lr=1e-04, wd=0.0",3802471985.9592,11
[32],50,"lr0.001,wd0.0",6,"lr=1e-04, wd=0.01",4871614787.2658,12
[32],50,"lr0.001,wd0.01",12,"lr=0.003, wd=0.01",262054400.0136,1
[32],50,"lr0.001,wd0.01",10,"lr=0.001, wd=0.01",794600837.3406,2
[32],50,"lr0.001,wd0.01",2,"lr=1e-05, wd=0.01",988471396.3795,3
[32],50,"lr0.001,wd0.01",1,"lr=1e-05, wd=0.0",997295446.026,4
[32],50,"lr0.001,wd0.01",3,"lr=3e-05, wd=0.0",1105022089.0529,5
[32],50,"lr0.001,wd0.01",4,"lr=3e-05, wd=0.01",1144082356.0572,6
[32],50,"lr0.001,wd0.01",6,"lr=1e-04, wd=0.01",1392760186.0698,7
[32],50,"lr0.001,wd0.01",5,"lr=1e-04, wd=0.0",1413218401.8696,8
[32],50,"lr0.001,wd0.01",8,"lr=3e-04, wd=0.01",1508573671.8886,9
[32],50,"lr0.001,wd0.01",11,"lr=0.003, wd=0.0",1822024846.9873,10
[32],50,"lr0.001,wd0.01",9,"lr=0.001, wd=0.0",1827970716.2584,11
[32],50,"lr0.001,wd0.01",7,"lr=3e-04, wd=0.0",1881727380.2864,12
[32],50,"lr0.003,wd0.0",9,"lr=0.001, wd=0.0",2157413766.6296,1
[32],50,"lr0.003,wd0.0",11,"lr=0.003, wd=0.0",2177997279.95,2
[32],50,"lr0.003,wd0.0",7,"lr=3e-04, wd=0.0",2525574042.7372,3
[32],50,"lr0.003,wd0.0",5,"lr=1e-04, wd=0.0",2630737665.268,4
[32],50,"lr0.003,wd0.0",6,"lr=1e-04, wd=0.01",2738085163.5906,5
[32],50,"lr0.003,wd0.0",8,"lr=3e-04, wd=0.01",2858965295.124,6
[32],50,"lr0.003,wd0.0",4,"lr=3e-05, wd=0.01",2952480356.9819,7
[32],50,"lr0.003,wd0.0",3,"lr=3e-05, wd=0.0",2961621837.3983,8
[32],50,"lr0.003,wd0.0",10,"lr=0.001, wd=0.01",2976402946.0023,9
[32],50,"lr0.003,wd0.0",12,"lr=0.003, wd=0.01",3011610651.271,10
[32],50,"lr0.003,wd0.0",2,"lr=1e-05, wd=0.01",3035617166.1848,11
[32],50,"lr0.003,wd0.0",1,"lr=1e-05, wd=0.0",3068505005.0352,12
[32],50,"lr0.003,wd0.01",12,"lr=0.003, wd=0.01",1477800143.2823,1
[32],50,"lr0.003,wd0.01",10,"lr=0.001, wd=0.01",3585931494.2871,2
[32],50,"lr0.003,wd0.01",2,"lr=1e-05, wd=0.01",3942340026.4553,3
[32],50,"lr0.003,wd0.01",1,"lr=1e-05, wd=0.0",4014562680.224,4
[32],50,"lr0.003,wd0.01",3,"lr=3e-05, wd=0.0",4738780774.9447,5
[32],50,"lr0.003,wd0.01",4,"lr=3e-05, wd=0.01",4744440169.398,6
[32],50,"lr0.003,wd0.01",9,"lr=0.001, wd=0.0",4819025330.6929,7
[32],50,"lr0.003,wd0.01",8,"lr=3e-04, wd=0.01",4856768043.7495,8
[32],50,"lr0.003,wd0.01",11,"lr=0.003, wd=0.0",4859353635.389,9
[32],50,"lr0.003,wd0.01",5,"lr=1e-04, wd=0.0",4914894425.7098,10
[32],50,"lr0.003,wd0.01",7,"lr=3e-04, wd=0.0",4960774497.8149,11
[32],50,"lr0.003,wd0.01",6,"lr=1e-04, wd=0.01",5264437008.7169,12
[32],90,"lr1e-05,wd0.0",3,"lr=3e-05, wd=0.0",633497.1978,1
[32],90,"lr1e-05,wd0.0",4,"lr=3e-05, wd=0.01",762260.1354,2
[32],90,"lr1e-05,wd0.0",5,"lr=1e-04, wd=0.0",6950539.8687,3
[32],90,"lr1e-05,wd0.0",6,"lr=1e-04, wd=0.01",13464626.6097,4
[32],90,"lr1e-05,wd0.0",1,"lr=1e-05, wd=0.0",19770198.1409,5
[32],90,"lr1e-05,wd0.0",7,"lr=3e-04, wd=0.0",33831864.828,6
[32],90,"lr1e-05,wd0.0",11,"lr=0.003, wd=0.0",35418494.1564,7
[32],90,"lr1e-05,wd0.0",2,"lr=1e-05, wd=0.01",37776886.2886,8
[32],90,"lr1e-05,wd0.0",9,"lr=0.001, wd=0.0",40702424.5979,9
[32],90,"lr1e-05,wd0.0",8,"lr=3e-04, wd=0.01",50814413.2136,10
[32],90,"lr1e-05,wd0.0",12,"lr=0.003, wd=0.01",67291976.0318,11
[32],90,"lr1e-05,wd0.0",10,"lr=0.001, wd=0.01",85382124.8069,12
[32],90,"lr1e-05,wd0.01",3,"lr=3e-05, wd=0.0",250344.3279,1
[32],90,"lr1e-05,wd0.01",1,"lr=1e-05, wd=0.0",341628.6286,2
[32],90,"lr1e-05,wd0.01",6,"lr=1e-04, wd=0.01",1709252.6089,3
[32],90,"lr1e-05,wd0.01",2,"lr=1e-05, wd=0.01",3051467.2818,4
[32],90,"lr1e-05,wd0.01",4,"lr=3e-05, wd=0.01",4895384.5152,5
[32],90,"lr1e-05,wd0.01",5,"lr=1e-04, wd=0.0",5467586.2576,6
[32],90,"lr1e-05,wd0.01",11,"lr=0.003, wd=0.0",9993642.3942,7
[32],90,"lr1e-05,wd0.01",7,"lr=3e-04, wd=0.0",10526970.7744,8
[32],90,"lr1e-05,wd0.01",9,"lr=0.001, wd=0.0",12838054.7178,9
[32],90,"lr1e-05,wd0.01",8,"lr=3e-04, wd=0.01",18348712.4286,10
[32],90,"lr1e-05,wd0.01",12,"lr=0.003, wd=0.01",31711568.7045,11
[32],90,"lr1e-05,wd0.01",10,"lr=0.001, wd=0.01",39749451.8831,12
[32],90,"lr3e-05,wd0.0",5,"lr=1e-04, wd=0.0",114070.7655,1
[32],90,"lr3e-05,wd0.0",11,"lr=0.003, wd=0.0",173233.1095,2
[32],90,"lr3e-05,wd0.0",7,"lr=3e-04, wd=0.0",270155.3157,3
[32],90,"lr3e-05,wd0.0",9,"lr=0.001, wd=0.0",326701.1286,4
[32],90,"lr3e-05,wd0.0",6,"lr=1e-04, wd=0.01",6101672.4172,5
[32],90,"lr3e-05,wd0.0",8,"lr=3e-04, wd=0.01",10235433.0389,6
[32],90,"lr3e-05,wd0.0",3,"lr=3e-05, wd=0.0",18790167.1627,7
[32],90,"lr3e-05,wd0.0",2,"lr=1e-05, wd=0.01",19351677.3928,8
[32],90,"lr3e-05,wd0.0",1,"lr=1e-05, wd=0.0",19478356.0152,9
[32],90,"lr3e-05,wd0.0",4,"lr=3e-05, wd=0.01",21219398.0319,10
[32],90,"lr3e-05,wd0.0",10,"lr=0.001, wd=0.01",24538518.0642,11
[32],90,"lr3e-05,wd0.0",12,"lr=0.003, wd=0.01",27213814.5057,12
[32],90,"lr3e-05,wd0.01",8,"lr=3e-04, wd=0.01",467777.3953,1
[32],90,"lr3e-05,wd0.01",5,"lr=1e-04, wd=0.0",1176983.4038,2
[32],90,"lr3e-05,wd0.01",9,"lr=0.001, wd=0.0",1388702.6263,3
[32],90,"lr3e-05,wd0.01",6,"lr=1e-04, wd=0.01",1593727.3916,4
[32],90,"lr3e-05,wd0.01",7,"lr=3e-04, wd=0.0",2057197.8052,5
[32],90,"lr3e-05,wd0.01",4,"lr=3e-05, wd=0.01",3354927.5134,6
[32],90,"lr3e-05,wd0.01",11,"lr=0.003, wd=0.0",3388764.242,7
[32],90,"lr3e-05,wd0.01",3,"lr=3e-05, wd=0.0",3854992.951,8
[32],90,"lr3e-05,wd0.01",1,"lr=1e-05, wd=0.0",5314060.4097,9
[32],90,"lr3e-05,wd0.01",2,"lr=1e-05, wd=0.01",7567143.2484,10
[32],90,"lr3e-05,wd0.01",10,"lr=0.001, wd=0.01",22836499.0967,11
[32],90,"lr3e-05,wd0.01",12,"lr=0.003, wd=0.01",29362619.9974,12
[32],90,"lr0.0001,wd0.0",8,"lr=3e-04, wd=0.01",2401636.0629,1
[32],90,"lr0.0001,wd0.0",6,"lr=1e-04, wd=0.01",2536683.0672,2
[32],90,"lr0.0001,wd0.0",12,"lr=0.003, wd=0.01",3634693.1579,3
[32],90,"lr0.0001,wd0.0",11,"lr=0.003, wd=0.0",3818515.1438,4
[32],90,"lr0.0001,wd0.0",5,"lr=1e-04, wd=0.0",4643664.4511,5
[32],90,"lr0.0001,wd0.0",10,"lr=0.001, wd=0.01",6216981.0339,6
[32],90,"lr0.0001,wd0.0",3,"lr=3e-05, wd=0.0",8639551.3045,7
[32],90,"lr0.0001,wd0.0",4,"lr=3e-05, wd=0.01",9690692.2582,8
[32],90,"lr0.0001,wd0.0",9,"lr=0.001, wd=0.0",10356422.8813,9
[32],90,"lr0.0001,wd0.0",2,"lr=1e-05, wd=0.01",20191547.7105,10
[32],90,"lr0.0001,wd0.0",1,"lr=1e-05, wd=0.0",22662708.069,11
[32],90,"lr0.0001,wd0.0",7,"lr=3e-04, wd=0.0",23323142.1571,12
[32],90,"lr0.0001,wd0.01",6,"lr=1e-04, wd=0.01",24504.5731,1
[32],90,"lr0.0001,wd0.01",8,"lr=3e-04, wd=0.01",403493.3797,2
[32],90,"lr0.0001,wd0.01",5,"lr=1e-04, wd=0.0",2664582.952,3
[32],90,"lr0.0001,wd0.01",10,"lr=0.001, wd=0.01",4553118.5817,4
[32],90,"lr0.0001,wd0.01",4,"lr=3e-05, wd=0.01",6028862.2679,5
[32],90,"lr0.0001,wd0.01",3,"lr=3e-05, wd=0.0",6112876.4761,6
[32],90,"lr0.0001,wd0.01",1,"lr=1e-05, wd=0.0",6117122.6328,7
[32],90,"lr0.0001,wd0.01",2,"lr=1e-05, wd=0.01",8517523.7695,8
[32],90,"lr0.0001,wd0.01",9,"lr=0.001, wd=0.0",12542658.9016,9
[32],90,"lr0.0001,wd0.01",12,"lr=0.003, wd=0.01",16750851.116,10
[32],90,"lr0.0001,wd0.01",11,"lr=0.003, wd=0.0",21167772.6331,11
[32],90,"lr0.0001,wd0.01",7,"lr=3e-04, wd=0.0",21904434.9983,12
[32],90,"lr0.0003,wd0.0",11,"lr=0.003, wd=0.0",781089.8139,1
[32],90,"lr0.0003,wd0.0",8,"lr=3e-04, wd=0.01",1017487.6343,2
[32],90,"lr0.0003,wd0.0",12,"lr=0.003, wd=0.01",1952114.0218,3
[32],90,"lr0.0003,wd0.0",5,"lr=1e-04, wd=0.0",7351362.2822,4
[32],90,"lr0.0003,wd0.0",6,"lr=1e-04, wd=0.01",8187764.5991,5
[32],90,"lr0.0003,wd0.0",10,"lr=0.001, wd=0.01",10899574.8111,6
[32],90,"lr0.0003,wd0.0",7,"lr=3e-04, wd=0.0",13135594.4808,7
[32],90,"lr0.0003,wd0.0",9,"lr=0.001, wd=0.0",41641341.4832,8
[32],90,"lr0.0003,wd0.0",3,"lr=3e-05, wd=0.0",99725513.8395,9
[32],90,"lr0.0003,wd0.0",4,"lr=3e-05, wd=0.01",107158232.6558,10
[32],90,"lr0.0003,wd0.0",2,"lr=1e-05, wd=0.01",156269404.7967,11
[32],90,"lr0.0003,wd0.0",1,"lr=1e-05, wd=0.0",158968799.4499,12
[32],90,"lr0.0003,wd0.01",12,"lr=0.003, wd=0.01",2260531.8538,1
[32],90,"lr0.0003,wd0.01",2,"lr=1e-05, wd=0.01",7253926.0968,2
[32],90,"lr0.0003,wd0.01",3,"lr=3e-05, wd=0.0",11090317.581,3
[32],90,"lr0.0003,wd0.01",4,"lr=3e-05, wd=0.01",11287051.4416,4
[32],90,"lr0.0003,wd0.01",1,"lr=1e-05, wd=0.0",11881351.2172,5
[32],90,"lr0.0003,wd0.01",10,"lr=0.001, wd=0.01",12938801.0181,6
[32],90,"lr0.0003,wd0.01",6,"lr=1e-04, wd=0.01",23431001.6804,7
[32],90,"lr0.0003,wd0.01",8,"lr=3e-04, wd=0.01",37264162.8871,8
[32],90,"lr0.0003,wd0.01",5,"lr=1e-04, wd=0.0",47446769.9242,9
[32],90,"lr0.0003,wd0.01",9,"lr=0.001, wd=0.0",101259456.7293,10
[32],90,"lr0.0003,wd0.01",11,"lr=0.003, wd=0.0",119179878.2247,11
[32],90,"lr0.0003,wd0.01",7,"lr=3e-04, wd=0.0",122630576.7663,12
[32],90,"lr0.001,wd0.0",10,"lr=0.001, wd=0.01",178940725.2396,1
[32],90,"lr0.001,wd0.0",12,"lr=0.003, wd=0.01",207487443.779,2
[32],90,"lr0.001,wd0.0",8,"lr=3e-04, wd=0.01",287182303.0206,3
[32],90,"lr0.001,wd0.0",11,"lr=0.003, wd=0.0",294185265.0975,4
[32],90,"lr0.001,wd0.0",7,"lr=3e-04, wd=0.0",371544461.7873,5
[32],90,"lr0.001,wd0.0",5,"lr=1e-04, wd=0.0",458560716.7417,6
[32],90,"lr0.001,wd0.0",6,"lr=1e-04, wd=0.01",484704746.5024,7
[32],90,"lr0.001,wd0.0",9,"lr=0.001, wd=0.0",507285847.2097,8
[32],90,"lr0.001,wd0.0",3,"lr=3e-05, wd=0.0",721354664.1736,9
[32],90,"lr0.001,wd0.0",4,"lr=3e-05, wd=0.01",727180366.0119,10
[32],90,"lr0.001,wd0.0",2,"lr=1e-05, wd=0.01",842269264.0134,11
[32],90,"lr0.001,wd0.0",1,"lr=1e-05, wd=0.0",856721264.0228,12
[32],90,"lr0.001,wd0.01",12,"lr=0.003, wd=0.01",295305.5729,1
[32],90,"lr0.001,wd0.01",2,"lr=1e-05, wd=0.01",4916506.8378,2
[32],90,"lr0.001,wd0.01",1,"lr=1e-05, wd=0.0",22196445.9275,3
[32],90,"lr0.001,wd0.01",4,"lr=3e-05, wd=0.01",25983494.8226,4
[32],90,"lr0.001,wd0.01",3,"lr=3e-05, wd=0.0",49443397.9822,5
[32],90,"lr0.001,wd0.01",10,"lr=0.001, wd=0.01",66665586.0502,6
[32],90,"lr0.001,wd0.01",9,"lr=0.001, wd=0.0",132467188.3391,7
[32],90,"lr0.001,wd0.01",11,"lr=0.003, wd=0.0",147402036.389,8
[32],90,"lr0.001,wd0.01",6,"lr=1e-04, wd=0.01",154831292.9351,9
[32],90,"lr0.001,wd0.01",7,"lr=3e-04, wd=0.0",233780793.5159,10
[32],90,"lr0.001,wd0.01",5,"lr=1e-04, wd=0.0",258032964.2831,11
[32],90,"lr0.001,wd0.01",8,"lr=3e-04, wd=0.01",264179485.3477,12
[32],90,"lr0.003,wd0.0",5,"lr=1e-04, wd=0.0",49560187.8836,1
[32],90,"lr0.003,wd0.0",10,"lr=0.001, wd=0.01",57688665.9994,2
[32],90,"lr0.003,wd0.0",8,"lr=3e-04, wd=0.01",66995427.3328,3
[32],90,"lr0.003,wd0.0",12,"lr=0.003, wd=0.01",90358310.4291,4
[32],90,"lr0.003,wd0.0",6,"lr=1e-04, wd=0.01",92011098.9855,5
[32],90,"lr0.003,wd0.0",11,"lr=0.003, wd=0.0",204496842.0946,6
[32],90,"lr0.003,wd0.0",7,"lr=3e-04, wd=0.0",356302025.5711,7
[32],90,"lr0.003,wd0.0",3,"lr=3e-05, wd=0.0",395358263.471,8
[32],90,"lr0.003,wd0.0",4,"lr=3e-05, wd=0.01",426567671.7343,9
[32],90,"lr0.003,wd0.0",2,"lr=1e-05, wd=0.01",621178468.2643,10
[32],90,"lr0.003,wd0.0",1,"lr=1e-05, wd=0.0",627814882.2853,11
[32],90,"lr0.003,wd0.0",9,"lr=0.001, wd=0.0",636473774.1974,12
[32],90,"lr0.003,wd0.01",12,"lr=0.003, wd=0.01",305824881.4814,1
[32],90,"lr0.003,wd0.01",2,"lr=1e-05, wd=0.01",320485460.7005,2
[32],90,"lr0.003,wd0.01",9,"lr=0.001, wd=0.0",387564877.0014,3
[32],90,"lr0.003,wd0.01",1,"lr=1e-05, wd=0.0",464500314.2367,4
[32],90,"lr0.003,wd0.01",11,"lr=0.003, wd=0.0",472726789.0337,5
[32],90,"lr0.003,wd0.01",7,"lr=3e-04, wd=0.0",479581628.7326,6
[32],90,"lr0.003,wd0.01",4,"lr=3e-05, wd=0.01",571116589.725,7
[32],90,"lr0.003,wd0.01",10,"lr=0.001, wd=0.01",623784518.5652,8
[32],90,"lr0.003,wd0.01",3,"lr=3e-05, wd=0.0",721654160.7516,9
[32],90,"lr0.003,wd0.01",5,"lr=1e-04, wd=0.0",726200804.5651,10
[32],90,"lr0.003,wd0.01",8,"lr=3e-04, wd=0.01",770454343.88,11
[32],90,"lr0.003,wd0.01",6,"lr=1e-04, wd=0.01",1085782085.2853,12
[64],0,"lr1e-05,wd0.0",6,"lr=1e-04, wd=0.01",19296613.6865,1
[64],0,"lr1e-05,wd0.0",7,"lr=3e-04, wd=0.0",34544505.8482,2
[64],0,"lr1e-05,wd0.0",9,"lr=0.001, wd=0.0",77729350.6266,3
[64],0,"lr1e-05,wd0.0",8,"lr=3e-04, wd=0.01",113369821.9345,4
[64],0,"lr1e-05,wd0.0",3,"lr=3e-05, wd=0.0",120585907.1931,5
[64],0,"lr1e-05,wd0.0",11,"lr=0.003, wd=0.0",244029180.4343,6
[64],0,"lr1e-05,wd0.0",4,"lr=3e-05, wd=0.01",727879740.0119,7
[64],0,"lr1e-05,wd0.0",5,"lr=1e-04, wd=0.0",802885486.3064,8
[64],0,"lr1e-05,wd0.0",10,"lr=0.001, wd=0.01",1043995128.7994,9
[64],0,"lr1e-05,wd0.0",1,"lr=1e-05, wd=0.0",1237842423.6036,10
[64],0,"lr1e-05,wd0.0",12,"lr=0.003, wd=0.01",1251017321.0409,11
[64],0,"lr1e-05,wd0.0",2,"lr=1e-05, wd=0.01",3936408485.2509,12
[64],0,"lr1e-05,wd0.01",1,"lr=1e-05, wd=0.0",1353488.6143,1
[64],0,"lr1e-05,wd0.01",4,"lr=3e-05, wd=0.01",91018567.0532,2
[64],0,"lr1e-05,wd0.01",2,"lr=1e-05, wd=0.01",671781502.2974,3
[64],0,"lr1e-05,wd0.01",9,"lr=0.001, wd=0.0",811471647.7869,4
[64],0,"lr1e-05,wd0.01",6,"lr=1e-04, wd=0.01",979479027.9029,5
[64],0,"lr1e-05,wd0.01",7,"lr=3e-04, wd=0.0",1790518873.939,6
[64],0,"lr1e-05,wd0.01",8,"lr=3e-04, wd=0.01",2187163247.0674,7
[64],0,"lr1e-05,wd0.01",3,"lr=3e-05, wd=0.0",2273556052.5408,8
[64],0,"lr1e-05,wd0.01",11,"lr=0.003, wd=0.0",2914159465.535,9
[64],0,"lr1e-05,wd0.01",5,"lr=1e-04, wd=0.0",4221697208.6122,10
[64],0,"lr1e-05,wd0.01",10,"lr=0.001, wd=0.01",4792609993.6289,11
[64],0,"lr1e-05,wd0.01",12,"lr=0.003, wd=0.01",5285922535.2443,12
[64],0,"lr3e-05,wd0.0",5,"lr=1e-04, wd=0.0",46388410.183,1
[64],0,"lr3e-05,wd0.0",12,"lr=0.003, wd=0.01",96013702.1757,2
[64],0,"lr3e-05,wd0.0",10,"lr=0.001, wd=0.01",135398571.3849,3
[64],0,"lr3e-05,wd0.0",3,"lr=3e-05, wd=0.0",617743569.8239,4
[64],0,"lr3e-05,wd0.0",11,"lr=0.003, wd=0.0",765717788.0632,5
[64],0,"lr3e-05,wd0.0",8,"lr=3e-04, wd=0.01",938482090.8172,6
[64],0,"lr3e-05,wd0.0",7,"lr=3e-04, wd=0.0",1052894438.3581,7
[64],0,"lr3e-05,wd0.0",6,"lr=1e-04, wd=0.01",1800882186.5727,8
[64],0,"lr3e-05,wd0.0",9,"lr=0.001, wd=0.0",2741850818.5744,9
[64],0,"lr3e-05,wd0.0",4,"lr=3e-05, wd=0.01",4013361953.0389,10
[64],0,"lr3e-05,wd0.0",1,"lr=1e-05, wd=0.0",5322276642.727,11
[64],0,"lr3e-05,wd0.0",2,"lr=1e-05, wd=0.01",9988563824.5595,12
[64],0,"lr3e-05,wd0.01",6,"lr=1e-04, wd=0.01",2701040.0513,1
[64],0,"lr3e-05,wd0.01",9,"lr=0.001, wd=0.0",61477979.0449,2
[64],0,"lr3e-05,wd0.01",7,"lr=3e-04, wd=0.0",128305196.0251,3
[64],0,"lr3e-05,wd0.01",8,"lr=3e-04, wd=0.01",166857087.5204,4
[64],0,"lr3e-05,wd0.01",4,"lr=3e-05, wd=0.01",327018850.7247,5
[64],0,"lr3e-05,wd0.01",11,"lr=0.003, wd=0.0",351836245.7581,6
[64],0,"lr3e-05,wd0.01",3,"lr=3e-05, wd=0.0",379856401.1627,7
[64],0,"lr3e-05,wd0.01",1,"lr=1e-05, wd=0.0",836547988.1165,8
[64],0,"lr3e-05,wd0.01",10,"lr=0.001, wd=0.01",1066321296.8568,9
[64],0,"lr3e-05,wd0.01",12,"lr=0.003, wd=0.01",1231344738.4818,10
[64],0,"lr3e-05,wd0.01",5,"lr=1e-04, wd=0.0",1398517856.7076,11
[64],0,"lr3e-05,wd0.01",2,"lr=1e-05, wd=0.01",3038235027.1992,12
[64],0,"lr0.0001,wd0.0",10,"lr=0.001, wd=0.01",3843618.5047,1
[64],0,"lr0.0001,wd0.0",12,"lr=0.003, wd=0.01",4315054.0563,2
[64],0,"lr0.0001,wd0.0",3,"lr=3e-05, wd=0.0",17983180.9509,3
[64],0,"lr0.0001,wd0.0",7,"lr=3e-04, wd=0.0",75994096.7759,4
[64],0,"lr0.0001,wd0.0",8,"lr=3e-04, wd=0.01",156274717.6066,5
[64],0,"lr0.0001,wd0.0",11,"lr=0.003, wd=0.0",183832153.6298,6
[64],0,"lr0.0001,wd0.0",5,"lr=1e-04, wd=0.0",274580589.2868,7
[64],0,"lr0.0001,wd0.0",6,"lr=1e-04, wd=0.01",431237642.5749,8
[64],0,"lr0.0001,wd0.0",9,"lr=0.001, wd=0.0",1209936033.2033,9
[64],0,"lr0.0001,wd0.0",4,"lr=3e-05, wd=0.01",1817491782.4499,10
[64],0,"lr0.0001,wd0.0",1,"lr=1e-05, wd=0.0",3019579673.1876,11
[64],0,"lr0.0001,wd0.0",2,"lr=1e-05, wd=0.01",6533570897.3643,12
[64],0,"lr0.0001,wd0.01",3,"lr=3e-05, wd=0.0",175619.9504,1
[64],0,"lr0.0001,wd0.01",7,"lr=3e-04, wd=0.0",24933454.7531,2
[64],0,"lr0.0001,wd0.01",10,"lr=0.001, wd=0.01",29722435.9409,3
[64],0,"lr0.0001,wd0.01",12,"lr=0.003, wd=0.01",42343213.8181,4
[64],0,"lr0.0001,wd0.01",11,"lr=0.003, wd=0.0",50380508.1659,5
[64],0,"lr0.0001,wd0.01",8,"lr=3e-04, wd=0.01",73408010.9558,6
[64],0,"lr0.0001,wd0.01",6,"lr=1e-04, wd=0.01",236847189.2957,7
[64],0,"lr0.0001,wd0.01",5,"lr=1e-04, wd=0.0",424631585.032,8
[64],0,"lr0.0001,wd0.01",9,"lr=0.001, wd=0.0",948330731.6416,9
[64],0,"lr0.0001,wd0.01",4,"lr=3e-05, wd=0.01",1409072237.0442,10
[64],0,"lr0.0001,wd0.01",1,"lr=1e-05, wd=0.0",2569924066.565,11
[64],0,"lr0.0001,wd0.01",2,"lr=1e-05, wd=0.01",5847445122.217,12
[64],0,"lr0.0003,wd0.0",4,"lr=3e-05, wd=0.01",23419874.995,1
[64],0,"lr0.0003,wd0.0",1,"lr=1e-05, wd=0.0",86153405.2484,2
[64],0,"lr0.0003,wd0.0",9,"lr=0.001, wd=0.0",210257324.5756,3
[64],0,"lr0.0003,wd0.0",6,"lr=1e-04, wd=0.01",782462081.0681,4
[64],0,"lr0.0003,wd0.0",11,"lr=0.003, wd=0.0",857686872.9284,5
[64],0,"lr0.0003,wd0.0",2,"lr=1e-05, wd=0.01",1232758127.2777,6
[64],0,"lr0.0003,wd0.0",8,"lr=3e-04, wd=0.01",1249366998.1265,7
[64],0,"lr0.0003,wd0.0",12,"lr=0.003, wd=0.01",1756464476.0886,8
[64],0,"lr0.0003,wd0.0",7,"lr=3e-04, wd=0.0",1773480064.638,9
[64],0,"lr0.0003,wd0.0",3,"lr=3e-05, wd=0.0",1814441352.4667,10
[64],0,"lr0.0003,wd0.0",10,"lr=0.001, wd=0.01",1838503437.9013,11
[64],0,"lr0.0003,wd0.0",5,"lr=1e-04, wd=0.0",4160287455.3457,12
[64],0,"lr0.0003,wd0.01",3,"lr=3e-05, wd=0.0",19300222.6746,1
[64],0,"lr0.0003,wd0.01",7,"lr=3e-04, wd=0.0",40389440.4261,2
[64],0,"lr0.0003,wd0.01",12,"lr=0.003, wd=0.01",43729302.0889,3
[64],0,"lr0.0003,wd0.01",10,"lr=0.001, wd=0.01",50135436.0247,4
[64],0,"lr0.0003,wd0.01",8,"lr=3e-04, wd=0.01",124669089.9245,5
[64],0,"lr0.0003,wd0.01",11,"lr=0.003, wd=0.0",271654151.8709,6
[64],0,"lr0.0003,wd0.01",5,"lr=1e-04, wd=0.0",283289885.4714,7
[64],0,"lr0.0003,wd0.01",6,"lr=1e-04, wd=0.01",347993316.7069,8
[64],0,"lr0.0003,wd0.01",9,"lr=0.001, wd=0.0",1090918321.1176,9
[64],0,"lr0.0003,wd0.01",4,"lr=3e-05, wd=0.01",1838029929.2244,10
[64],0,"lr0.0003,wd0.01",1,"lr=1e-05, wd=0.0",3202220262.545,11
[64],0,"lr0.0003,wd0.01",2,"lr=1e-05, wd=0.01",6865161327.2388,12
[64],0,"lr0.001,wd0.0",1,"lr=1e-05, wd=0.0",136330005.7896,1
[64],0,"lr0.001,wd0.0",2,"lr=1e-05, wd=0.01",210128747.7673,2
[64],0,"lr0.001,wd0.0",4,"lr=3e-05, wd=0.01",716214073.3315,3
[64],0,"lr0.001,wd0.0",9,"lr=0.001, wd=0.0",1512376391.3986,4
[64],0,"lr0.001,wd0.0",11,"lr=0.003, wd=0.0",2432496447.2722,5
[64],0,"lr0.001,wd0.0",6,"lr=1e-04, wd=0.01",2571798484.1231,6
[64],0,"lr0.001,wd0.0",12,"lr=0.003, wd=0.01",3221966093.0142,7
[64],0,"lr0.001,wd0.0",8,"lr=3e-04, wd=0.01",3411779964.6694,8
[64],0,"lr0.001,wd0.0",10,"lr=0.001, wd=0.01",3592754770.761,9
[64],0,"lr0.001,wd0.0",7,"lr=3e-04, wd=0.0",4030441265.0711,10
[64],0,"lr0.001,wd0.0",3,"lr=3e-05, wd=0.0",4082134225.4392,11
[64],0,"lr0.001,wd0.0",5,"lr=1e-04, wd=0.0",7120430923.3846,12
[64],0,"lr0.001,wd0.01",7,"lr=3e-04, wd=0.0",1345948.4063,1
[64],0,"lr0.001,wd0.01",3,"lr=3e-05, wd=0.0",1710410.6013,2
[64],0,"lr0.001,wd0.01",8,"lr=3e-04, wd=0.01",17199636.8775,3
[64],0,"lr0.001,wd0.01",10,"lr=0.001, wd=0.01",17200166.5341,4
[64],0,"lr0.001,wd0.01",12,"lr=0.003, wd=0.01",65394152.9536,5
[64],0,"lr0.001,wd0.01",6,"lr=1e-04, wd=0.01",155829495.5823,6
[64],0,"lr0.001,wd0.01",11,"lr=0.003, wd=0.0",163266290.2793,7
[64],0,"lr0.001,wd0.01",5,"lr=1e-04, wd=0.0",462398977.7913,8
[64],0,"lr0.001,wd0.01",9,"lr=0.001, wd=0.0",620452077.5717,9
[64],0,"lr0.001,wd0.01",4,"lr=3e-05, wd=0.01",1369949140.4589,10
[64],0,"lr0.001,wd0.01",1,"lr=1e-05, wd=0.0",2574916298.8866,11
[64],0,"lr0.001,wd0.01",2,"lr=1e-05, wd=0.01",6029546649.8954,12
[64],0,"lr0.003,wd0.0",1,"lr=1e-05, wd=0.0",20364614.6727,1
[64],0,"lr0.003,wd0.0",4,"lr=3e-05, wd=0.01",414439032.7187,2
[64],0,"lr0.003,wd0.0",2,"lr=1e-05, wd=0.01",483523378.653,3
[64],0,"lr0.003,wd0.0",9,"lr=0.001, wd=0.0",982396117.6091,4
[64],0,"lr0.003,wd0.0",11,"lr=0.003, wd=0.0",1865250076.5513,5
[64],0,"lr0.003,wd0.0",6,"lr=1e-04, wd=0.01",2013694360.2848,6
[64],0,"lr0.003,wd0.0",12,"lr=0.003, wd=0.01",2230119200.6359,7
[64],0,"lr0.003,wd0.0",8,"lr=3e-04, wd=0.01",2784485872.4834,8
[64],0,"lr0.003,wd0.0",7,"lr=3e-04, wd=0.0",2814308246.0999,9
[64],0,"lr0.003,wd0.0",10,"lr=0.001, wd=0.01",2902477015.4233,10
[64],0,"lr0.003,wd0.0",3,"lr=3e-05, wd=0.0",3246195552.5392,11
[64],0,"lr0.003,wd0.0",5,"lr=1e-04, wd=0.0",5824885894.3562,12
[64],0,"lr0.003,wd0.01",11,"lr=0.003, wd=0.0",626994.984,1
[64],0,"lr0.003,wd0.01",6,"lr=1e-04, wd=0.01",3144893.6067,2
[64],0,"lr0.003,wd0.01",12,"lr=0.003, wd=0.01",22203119.102,3
[64],0,"lr0.003,wd0.01",7,"lr=3e-04, wd=0.0",80504770.1367,4
[64],0,"lr0.003,wd0.01",8,"lr=3e-04, wd=0.01",102554646.8329,5
[64],0,"lr0.003,wd0.01",10,"lr=0.001, wd=0.01",111861828.2709,6
[64],0,"lr0.003,wd0.01",9,"lr=0.001, wd=0.0",157997535.4325,7
[64],0,"lr0.003,wd0.01",3,"lr=3e-05, wd=0.0",226730092.2125,8
[64],0,"lr0.003,wd0.01",4,"lr=3e-05, wd=0.01",513872095.1389,9
[64],0,"lr0.003,wd0.01",5,"lr=1e-04, wd=0.0",1175074876.2679,10
[64],0,"lr0.003,wd0.01",1,"lr=1e-05, wd=0.0",1372132963.2254,11
[64],0,"lr0.003,wd0.01",2,"lr=1e-05, wd=0.01",4116550317.4519,12
[64],5,"lr1e-05,wd0.0",3,"lr=3e-05, wd=0.0",248031.0151,1
[64],5,"lr1e-05,wd0.0",10,"lr=0.001, wd=0.01",247222287.7396,2
[64],5,"lr1e-05,wd0.0",5,"lr=1e-04, wd=0.0",730097571.698,3
[64],5,"lr1e-05,wd0.0",1,"lr=1e-05, wd=0.0",1018020551.0465,4
[64],5,"lr1e-05,wd0.0",4,"lr=3e-05, wd=0.01",1455683844.7239,5
[64],5,"lr1e-05,wd0.0",12,"lr=0.003, wd=0.01",2414050308.1794,6
[64],5,"lr1e-05,wd0.0",6,"lr=1e-04, wd=0.01",2533495482.8775,7
[64],5,"lr1e-05,wd0.0",11,"lr=0.003, wd=0.0",2557774377.7302,8
[64],5,"lr1e-05,wd0.0",2,"lr=1e-05, wd=0.01",3185672681.2696,9
[64],5,"lr1e-05,wd0.0",8,"lr=3e-04, wd=0.01",3668789299.2763,10
[64],5,"lr1e-05,wd0.0",7,"lr=3e-04, wd=0.0",10534946072.9272,11
[64],5,"lr1e-05,wd0.0",9,"lr=0.001, wd=0.0",14521902536.9615,12
[64],5,"lr1e-05,wd0.01",5,"lr=1e-04, wd=0.0",113526.4411,1
[64],5,"lr1e-05,wd0.01",4,"lr=3e-05, wd=0.01",23338441.2138,2
[64],5,"lr1e-05,wd0.01",1,"lr=1e-05, wd=0.0",24347474.9668,3
[64],5,"lr1e-05,wd0.01",11,"lr=0.003, wd=0.0",108171973.6352,4
[64],5,"lr1e-05,wd0.01",10,"lr=0.001, wd=0.01",242861741.5597,5
[64],5,"lr1e-05,wd0.01",6,"lr=1e-04, wd=0.01",307801281.4912,6
[64],5,"lr1e-05,wd0.01",2,"lr=1e-05, wd=0.01",512112953.9673,7
[64],5,"lr1e-05,wd0.01",3,"lr=3e-05, wd=0.0",667475774.3495,8
[64],5,"lr1e-05,wd0.01",8,"lr=3e-04, wd=0.01",1242944286.0217,9
[64],5,"lr1e-05,wd0.01",7,"lr=3e-04, wd=0.0",5294117764.7247,10
[64],5,"lr1e-05,wd0.01",9,"lr=0.001, wd=0.0",6031568183.6024,11
[64],5,"lr1e-05,wd0.01",12,"lr=0.003, wd=0.01",6859568995.2015,12
[64],5,"lr3e-05,wd0.0",10,"lr=0.001, wd=0.01",61044689.5948,1
[64],5,"lr3e-05,wd0.0",5,"lr=1e-04, wd=0.0",289365958.8844,2
[64],5,"lr3e-05,wd0.0",3,"lr=3e-05, wd=0.0",438315445.0797,3
[64],5,"lr3e-05,wd0.0",8,"lr=3e-04, wd=0.01",1132066671.3673,4
[64],5,"lr3e-05,wd0.0",2,"lr=1e-05, wd=0.01",1333709085.1119,5
[64],5,"lr3e-05,wd0.0",1,"lr=1e-05, wd=0.0",2414304234.926,6
[64],5,"lr3e-05,wd0.0",6,"lr=1e-04, wd=0.01",2518039852.9221,7
[64],5,"lr3e-05,wd0.0",7,"lr=3e-04, wd=0.0",2549837773.1366,8
[64],5,"lr3e-05,wd0.0",12,"lr=0.003, wd=0.01",2943912798.9093,9
[64],5,"lr3e-05,wd0.0",4,"lr=3e-05, wd=0.01",3108860992.5969,10
[64],5,"lr3e-05,wd0.0",11,"lr=0.003, wd=0.0",4243453207.3568,11
[64],5,"lr3e-05,wd0.0",9,"lr=0.001, wd=0.0",7278289743.0257,12
[64],5,"lr3e-05,wd0.01",8,"lr=3e-04, wd=0.01",18247455.9518,1
[64],5,"lr3e-05,wd0.01",10,"lr=0.001, wd=0.01",101725318.669,2
[64],5,"lr3e-05,wd0.01",5,"lr=1e-04, wd=0.0",153806501.3539,3
[64],5,"lr3e-05,wd0.01",6,"lr=1e-04, wd=0.01",155141767.6291,4
[64],5,"lr3e-05,wd0.01",4,"lr=3e-05, wd=0.01",218683085.6496,5
[64],5,"lr3e-05,wd0.01",1,"lr=1e-05, wd=0.0",237281658.0221,6
[64],5,"lr3e-05,wd0.01",3,"lr=3e-05, wd=0.0",507372986.6804,7
[64],5,"lr3e-05,wd0.01",7,"lr=3e-04, wd=0.0",638462417.9409,8
[64],5,"lr3e-05,wd0.01",2,"lr=1e-05, wd=0.01",1040175774.4236,9
[64],5,"lr3e-05,wd0.01",11,"lr=0.003, wd=0.0",2043115328.2529,10
[64],5,"lr3e-05,wd0.01",9,"lr=0.001, wd=0.0",4808313949.448,11
[64],5,"lr3e-05,wd0.01",12,"lr=0.003, wd=0.01",4813849237.4348,12
[64],5,"lr0.0001,wd0.0",4,"lr=3e-05, wd=0.01",324181.7314,1
[64],5,"lr0.0001,wd0.0",8,"lr=3e-04, wd=0.01",1078578.3728,2
[64],5,"lr0.0001,wd0.0",3,"lr=3e-05, wd=0.0",77905822.2194,3
[64],5,"lr0.0001,wd0.0",6,"lr=1e-04, wd=0.01",79416690.9854,4
[64],5,"lr0.0001,wd0.0",11,"lr=0.003, wd=0.0",221146550.5356,5
[64],5,"lr0.0001,wd0.0",7,"lr=3e-04, wd=0.0",245846942.4261,6
[64],5,"lr0.0001,wd0.0",5,"lr=1e-04, wd=0.0",359982652.5811,7
[64],5,"lr0.0001,wd0.0",2,"lr=1e-05, wd=0.01",1183759205.8938,8
[64],5,"lr0.0001,wd0.0",1,"lr=1e-05, wd=0.0",1360565142.548,9
[64],5,"lr0.0001,wd0.0",9,"lr=0.001, wd=0.0",1542252869.7193,10
[64],5,"lr0.0001,wd0.0",10,"lr=0.001, wd=0.01",4254087653.2524,11
[64],5,"lr0.0001,wd0.0",12,"lr=0.003, wd=0.01",10584897566.7598,12
[64],5,"lr0.0001,wd0.01",2,"lr=1e-05, wd=0.01",4602313.1475,1
[64],5,"lr0.0001,wd0.01",3,"lr=3e-05, wd=0.0",11837423.5151,2
[64],5,"lr0.0001,wd0.01",1,"lr=1e-05, wd=0.0",31613823.4384,3
[64],5,"lr0.0001,wd0.01",8,"lr=3e-04, wd=0.01",136955309.1443,4
[64],5,"lr0.0001,wd0.01",6,"lr=1e-04, wd=0.01",193998521.629,5
[64],5,"lr0.0001,wd0.01",5,"lr=1e-04, wd=0.0",407832901.639,6
[64],5,"lr0.0001,wd0.01",10,"lr=0.001, wd=0.01",449603305.3728,7
[64],5,"lr0.0001,wd0.01",7,"lr=3e-04, wd=0.0",497643706.7931,8
[64],5,"lr0.0001,wd0.01",4,"lr=3e-05, wd=0.01",798294252.4443,9
[64],5,"lr0.0001,wd0.01",11,"lr=0.003, wd=0.0",887669966.6139,10
[64],5,"lr0.0001,wd0.01",9,"lr=0.001, wd=0.0",1728597192.5508,11
[64],5,"lr0.0001,wd0.01",12,"lr=0.003, wd=0.01",5920576711.4468,12
[64],5,"lr0.0003,wd0.0",9,"lr=0.001, wd=0.0",184076285.8833,1
[64],5,"lr0.0003,wd0.0",7,"lr=3e-04, wd=0.0",1901667807.719,2
[64],5,"lr0.0003,wd0.0",11,"lr=0.003, wd=0.0",2225492900.6865,3
[64],5,"lr0.0003,wd0.0",6,"lr=1e-04, wd=0.01",5311905789.1579,4
[64],5,"lr0.0003,wd0.0",8,"lr=3e-04, wd=0.01",5603586001.4764,5
[64],5,"lr0.0003,wd0.0",5,"lr=1e-04, wd=0.0",5996773248.7835,6
[64],5,"lr0.0003,wd0.0",4,"lr=3e-05, wd=0.01",7670297929.4688,7
[64],5,"lr0.0003,wd0.0",3,"lr=3e-05, wd=0.0",9859225767.6154,8
[64],5,"lr0.0003,wd0.0",2,"lr=1e-05, wd=0.01",11758760188.6952,9
[64],5,"lr0.0003,wd0.0",1,"lr=1e-05, wd=0.0",13043521931.4609,10
[64],5,"lr0.0003,wd0.0",10,"lr=0.001, wd=0.01",13231223225.1305,11
[64],5,"lr0.0003,wd0.0",12,"lr=0.003, wd=0.01",21468208333.5143,12
[64],5,"lr0.0003,wd0.01",3,"lr=3e-05, wd=0.0",228254.5892,1
[64],5,"lr0.0003,wd0.01",10,"lr=0.001, wd=0.01",75289035.3294,2
[64],5,"lr0.0003,wd0.01",8,"lr=3e-04, wd=0.01",100131350.379,3
[64],5,"lr0.0003,wd0.01",2,"lr=1e-05, wd=0.01",120827841.8207,4
[64],5,"lr0.0003,wd0.01",6,"lr=1e-04, wd=0.01",153767553.0006,5
[64],5,"lr0.0003,wd0.01",7,"lr=3e-04, wd=0.0",195555107.1104,6
[64],5,"lr0.0003,wd0.01",4,"lr=3e-05, wd=0.01",246745784.8498,7
[64],5,"lr0.0003,wd0.01",5,"lr=1e-04, wd=0.0",340114835.1193,8
[64],5,"lr0.0003,wd0.01",1,"lr=1e-05, wd=0.0",425252123.6186,9
[64],5,"lr0.0003,wd0.01",11,"lr=0.003, wd=0.0",626210062.6084,10
[64],5,"lr0.0003,wd0.01",9,"lr=0.001, wd=0.0",2212062424.0994,11
[64],5,"lr0.0003,wd0.01",12,"lr=0.003, wd=0.01",4124848943.9007,12
[64],5,"lr0.001,wd0.0",9,"lr=0.001, wd=0.0",1657048433.2958,1
[64],5,"lr0.001,wd0.0",11,"lr=0.003, wd=0.0",3876673616.6543,2
[64],5,"lr0.001,wd0.0",7,"lr=3e-04, wd=0.0",4416866088.6172,3
[64],5,"lr0.001,wd0.0",5,"lr=1e-04, wd=0.0",11488406014.2615,4
[64],5,"lr0.001,wd0.0",8,"lr=3e-04, wd=0.01",11502804125.0973,5
[64],5,"lr0.001,wd0.0",6,"lr=1e-04, wd=0.01",11878705440.2765,6
[64],5,"lr0.001,wd0.0",4,"lr=3e-05, wd=0.01",15548519253.4298,7
[64],5,"lr0.001,wd0.0",10,"lr=0.001, wd=0.01",16323035733.6164,8
[64],5,"lr0.001,wd0.0",3,"lr=3e-05, wd=0.0",19000752889.6957,9
[64],5,"lr0.001,wd0.0",2,"lr=1e-05, wd=0.01",21869339052.3638,10
[64],5,"lr0.001,wd0.0",1,"lr=1e-05, wd=0.0",23914999583.4564,11
[64],5,"lr0.001,wd0.0",12,"lr=0.003, wd=0.01",26502058679.4325,12
[64],5,"lr0.001,wd0.01",10,"lr=0.001, wd=0.01",14880286.8934,1
[64],5,"lr0.001,wd0.01",8,"lr=3e-04, wd=0.01",81133471.1656,2
[64],5,"lr0.001,wd0.01",6,"lr=1e-04, wd=0.01",94512256.4971,3
[64],5,"lr0.001,wd0.01",5,"lr=1e-04, wd=0.0",321963323.0812,4
[64],5,"lr0.001,wd0.01",4,"lr=3e-05, wd=0.01",388225723.8289,5
[64],5,"lr0.001,wd0.01",7,"lr=3e-04, wd=0.0",463290998.6058,6
[64],5,"lr0.001,wd0.01",11,"lr=0.003, wd=0.0",952224008.2388,7
[64],5,"lr0.001,wd0.01",3,"lr=3e-05, wd=0.0",1463068139.1167,8
[64],5,"lr0.001,wd0.01",9,"lr=0.001, wd=0.0",1862847059.0717,9
[64],5,"lr0.001,wd0.01",12,"lr=0.003, wd=0.01",3400722931.4676,10
[64],5,"lr0.001,wd0.01",2,"lr=1e-05, wd=0.01",3797400111.6256,11
[64],5,"lr0.001,wd0.01",1,"lr=1e-05, wd=0.0",5113332828.3603,12
[64],5,"lr0.003,wd0.0",9,"lr=0.001, wd=0.0",750859278.6978,1
[64],5,"lr0.003,wd0.0",11,"lr=0.003, wd=0.0",2033857677.501,2
[64],5,"lr0.003,wd0.0",7,"lr=3e-04, wd=0.0",2617923920.985,3
[64],5,"lr0.003,wd0.0",6,"lr=1e-04, wd=0.01",8695083243.0152,4
[64],5,"lr0.003,wd0.0",8,"lr=3e-04, wd=0.01",8757532702.1765,5
[64],5,"lr0.003,wd0.0",5,"lr=1e-04, wd=0.0",8951274908.3472,6
[64],5,"lr0.003,wd0.0",10,"lr=0.001, wd=0.01",13931397041.6737,7
[64],5,"lr0.003,wd0.0",4,"lr=3e-05, wd=0.01",14667005312.3744,8
[64],5,"lr0.003,wd0.0",3,"lr=3e-05, wd=0.0",18253280451.7043,9
[64],5,"lr0.003,wd0.0",12,"lr=0.003, wd=0.01",20124491438.1071,10
[64],5,"lr0.003,wd0.0",2,"lr=1e-05, wd=0.01",21671424880.4838,11
[64],5,"lr0.003,wd0.0",1,"lr=1e-05, wd=0.0",23789551809.3029,12
[64],5,"lr0.003,wd0.01",12,"lr=0.003, wd=0.01",10696335.6301,1
[64],5,"lr0.003,wd0.01",10,"lr=0.001, wd=0.01",2866960166.4869,2
[64],5,"lr0.003,wd0.01",3,"lr=3e-05, wd=0.0",3450259537.7242,3
[64],5,"lr0.003,wd0.01",1,"lr=1e-05, wd=0.0",4523554749.8976,4
[64],5,"lr0.003,wd0.01",4,"lr=3e-05, wd=0.01",5261844555.1221,5
[64],5,"lr0.003,wd0.01",2,"lr=1e-05, wd=0.01",5761943492.1673,6
[64],5,"lr0.003,wd0.01",5,"lr=1e-04, wd=0.0",6160082952.383,7
[64],5,"lr0.003,wd0.01",6,"lr=1e-04, wd=0.01",6678027758.3624,8
[64],5,"lr0.003,wd0.01",8,"lr=3e-04, wd=0.01",6797162452.4909,9
[64],5,"lr0.003,wd0.01",7,"lr=3e-04, wd=0.0",10069383353.5332,10
[64],5,"lr0.003,wd0.01",11,"lr=0.003, wd=0.0",12929109979.7788,11
[64],5,"lr0.003,wd0.01",9,"lr=0.001, wd=0.0",13573201144.8595,12
[64],10,"lr1e-05,wd0.0",10,"lr=0.001, wd=0.01",50216383.8387,1
[64],10,"lr1e-05,wd0.0",3,"lr=3e-05, wd=0.0",55200017.4578,2
[64],10,"lr1e-05,wd0.0",1,"lr=1e-05, wd=0.0",776464381.6975,3
[64],10,"lr1e-05,wd0.0",4,"lr=3e-05, wd=0.01",1477629844.2934,4
[64],10,"lr1e-05,wd0.0",11,"lr=0.003, wd=0.0",1571691794.32,5
[64],10,"lr1e-05,wd0.0",5,"lr=1e-04, wd=0.0",1976086114.6446,6
[64],10,"lr1e-05,wd0.0",8,"lr=3e-04, wd=0.01",2031812407.6644,7
[64],10,"lr1e-05,wd0.0",12,"lr=0.003, wd=0.01",2443624188.6405,8
[64],10,"lr1e-05,wd0.0",6,"lr=1e-04, wd=0.01",2449021072.6055,9
[64],10,"lr1e-05,wd0.0",2,"lr=1e-05, wd=0.01",2518041479.0136,10
[64],10,"lr1e-05,wd0.0",9,"lr=0.001, wd=0.0",6778742441.9516,11
[64],10,"lr1e-05,wd0.0",7,"lr=3e-04, wd=0.0",8550413868.1625,12
[64],10,"lr1e-05,wd0.01",3,"lr=3e-05, wd=0.0",835787.2125,1
[64],10,"lr1e-05,wd0.01",1,"lr=1e-05, wd=0.0",53440433.5841,2
[64],10,"lr1e-05,wd0.01",4,"lr=3e-05, wd=0.01",152371983.22,3
[64],10,"lr1e-05,wd0.01",10,"lr=0.001, wd=0.01",223062499.2696,4
[64],10,"lr1e-05,wd0.01",2,"lr=1e-05, wd=0.01",349737021.5038,5
[64],10,"lr1e-05,wd0.01",11,"lr=0.003, wd=0.0",1163282558.7255,6
[64],10,"lr1e-05,wd0.01",6,"lr=1e-04, wd=0.01",1291022932.7211,7
[64],10,"lr1e-05,wd0.01",8,"lr=3e-04, wd=0.01",1520307001.3235,8
[64],10,"lr1e-05,wd0.01",5,"lr=1e-04, wd=0.0",1636921835.6792,9
[64],10,"lr1e-05,wd0.01",12,"lr=0.003, wd=0.01",3966718662.2942,10
[64],10,"lr1e-05,wd0.01",9,"lr=0.001, wd=0.0",5299318482.0729,11
[64],10,"lr1e-05,wd0.01",7,"lr=3e-04, wd=0.0",7970190800.63,12
[64],10,"lr3e-05,wd0.0",5,"lr=1e-04, wd=0.0",320507633.4929,1
[64],10,"lr3e-05,wd0.0",10,"lr=0.001, wd=0.01",329094716.6539,2
[64],10,"lr3e-05,wd0.0",8,"lr=3e-04, wd=0.01",336502645.8045,3
[64],10,"lr3e-05,wd0.0",3,"lr=3e-05, wd=0.0",357486119.6254,4
[64],10,"lr3e-05,wd0.0",1,"lr=1e-05, wd=0.0",521673480.9145,5
[64],10,"lr3e-05,wd0.0",2,"lr=1e-05, wd=0.01",594536705.7743,6
[64],10,"lr3e-05,wd0.0",6,"lr=1e-04, wd=0.01",1583811079.4835,7
[64],10,"lr3e-05,wd0.0",11,"lr=0.003, wd=0.0",1976969347.231,8
[64],10,"lr3e-05,wd0.0",7,"lr=3e-04, wd=0.0",2264086591.9837,9
[64],10,"lr3e-05,wd0.0",4,"lr=3e-05, wd=0.01",2266649615.3617,10
[64],10,"lr3e-05,wd0.0",12,"lr=0.003, wd=0.01",4042632509.3709,11
[64],10,"lr3e-05,wd0.0",9,"lr=0.001, wd=0.0",5151077184.1273,12
[64],10,"lr3e-05,wd0.01",2,"lr=1e-05, wd=0.01",18375794.1265,1
[64],10,"lr3e-05,wd0.01",1,"lr=1e-05, wd=0.0",52004178.5883,2
[64],10,"lr3e-05,wd0.01",8,"lr=3e-04, wd=0.01",58956476.7596,3
[64],10,"lr3e-05,wd0.01",6,"lr=1e-04, wd=0.01",60535473.111,4
[64],10,"lr3e-05,wd0.01",5,"lr=1e-04, wd=0.0",71007773.4842,5
[64],10,"lr3e-05,wd0.01",4,"lr=3e-05, wd=0.01",148352868.1278,6
[64],10,"lr3e-05,wd0.01",11,"lr=0.003, wd=0.0",310070908.9477,7
[64],10,"lr3e-05,wd0.01",7,"lr=3e-04, wd=0.0",420505735.621,8
[64],10,"lr3e-05,wd0.01",3,"lr=3e-05, wd=0.0",525008685.0036,9
[64],10,"lr3e-05,wd0.01",10,"lr=0.001, wd=0.01",1380516961.1743,10
[64],10,"lr3e-05,wd0.01",9,"lr=0.001, wd=0.0",2083713317.1941,11
[64],10,"lr3e-05,wd0.01",12,"lr=0.003, wd=0.01",7153496765.6194,12
[64],10,"lr0.0001,wd0.0",11,"lr=0.003, wd=0.0",20230596.3518,1
[64],10,"lr0.0001,wd0.0",6,"lr=1e-04, wd=0.01",108399573.214,2
[64],10,"lr0.0001,wd0.0",7,"lr=3e-04, wd=0.0",150209331.5426,3
[64],10,"lr0.0001,wd0.0",5,"lr=1e-04, wd=0.0",471293209.877,4
[64],10,"lr0.0001,wd0.0",4,"lr=3e-05, wd=0.01",672331012.5145,5
[64],10,"lr0.0001,wd0.0",3,"lr=3e-05, wd=0.0",828909748.5047,6
[64],10,"lr0.0001,wd0.0",9,"lr=0.001, wd=0.0",921070402.0123,7
[64],10,"lr0.0001,wd0.0",8,"lr=3e-04, wd=0.01",1120555612.412,8
[64],10,"lr0.0001,wd0.0",2,"lr=1e-05, wd=0.01",2121020656.9681,9
[64],10,"lr0.0001,wd0.0",1,"lr=1e-05, wd=0.0",2290620584.1029,10
[64],10,"lr0.0001,wd0.0",10,"lr=0.001, wd=0.01",6511168257.0605,11
[64],10,"lr0.0001,wd0.0",12,"lr=0.003, wd=0.01",11284412609.6596,12
[64],10,"lr0.0001,wd0.01",8,"lr=3e-04, wd=0.01",20918532.9678,1
[64],10,"lr0.0001,wd0.01",3,"lr=3e-05, wd=0.0",36350003.8106,2
[64],10,"lr0.0001,wd0.01",6,"lr=1e-04, wd=0.01",130130961.5065,3
[64],10,"lr0.0001,wd0.01",2,"lr=1e-05, wd=0.01",141766556.3626,4
[64],10,"lr0.0001,wd0.01",4,"lr=3e-05, wd=0.01",216324039.4314,5
[64],10,"lr0.0001,wd0.01",5,"lr=1e-04, wd=0.0",274199542.4196,6
[64],10,"lr0.0001,wd0.01",1,"lr=1e-05, wd=0.0",403175039.3312,7
[64],10,"lr0.0001,wd0.01",11,"lr=0.003, wd=0.0",554465464.4497,8
[64],10,"lr0.0001,wd0.01",7,"lr=3e-04, wd=0.0",581540026.8224,9
[64],10,"lr0.0001,wd0.01",9,"lr=0.001, wd=0.0",1435960772.8012,10
[64],10,"lr0.0001,wd0.01",10,"lr=0.001, wd=0.01",1958779905.5523,11
[64],10,"lr0.0001,wd0.01",12,"lr=0.003, wd=0.01",7402747196.1032,12
[64],10,"lr0.0003,wd0.0",9,"lr=0.001, wd=0.0",362123779.9447,1
[64],10,"lr0.0003,wd0.0",7,"lr=3e-04, wd=0.0",2059850704.3327,2
[64],10,"lr0.0003,wd0.0",11,"lr=0.003, wd=0.0",4333361473.4837,3
[64],10,"lr0.0003,wd0.0",5,"lr=1e-04, wd=0.0",7133856209.9946,4
[64],10,"lr0.0003,wd0.0",6,"lr=1e-04, wd=0.01",8254897531.2753,5
[64],10,"lr0.0003,wd0.0",4,"lr=3e-05, wd=0.01",9060811292.0901,6
[64],10,"lr0.0003,wd0.0",8,"lr=3e-04, wd=0.01",9220870378.4231,7
[64],10,"lr0.0003,wd0.0",3,"lr=3e-05, wd=0.0",10812909750.5544,8
[64],10,"lr0.0003,wd0.0",2,"lr=1e-05, wd=0.01",12931135799.6564,9
[64],10,"lr0.0003,wd0.0",1,"lr=1e-05, wd=0.0",13436168916.3306,10
[64],10,"lr0.0003,wd0.0",10,"lr=0.001, wd=0.01",16895909318.4707,11
[64],10,"lr0.0003,wd0.0",12,"lr=0.003, wd=0.01",21013651620.4603,12
[64],10,"lr0.0003,wd0.01",4,"lr=3e-05, wd=0.01",17461920.3864,1
[64],10,"lr0.0003,wd0.01",3,"lr=3e-05, wd=0.0",69984395.1316,2
[64],10,"lr0.0003,wd0.01",8,"lr=3e-04, wd=0.01",70239653.6105,3
[64],10,"lr0.0003,wd0.01",5,"lr=1e-04, wd=0.0",124267378.8537,4
[64],10,"lr0.0003,wd0.01",6,"lr=1e-04, wd=0.01",135233510.8752,5
[64],10,"lr0.0003,wd0.01",2,"lr=1e-05, wd=0.01",264043212.8526,6
[64],10,"lr0.0003,wd0.01",10,"lr=0.001, wd=0.01",417503463.6922,7
[64],10,"lr0.0003,wd0.01",11,"lr=0.003, wd=0.0",558146161.4679,8
[64],10,"lr0.0003,wd0.01",1,"lr=1e-05, wd=0.0",566453354.7829,9
[64],10,"lr0.0003,wd0.01",7,"lr=3e-04, wd=0.0",618638560.6398,10
[64],10,"lr0.0003,wd0.01",9,"lr=0.001, wd=0.0",1616300445.8209,11
[64],10,"lr0.0003,wd0.01",12,"lr=0.003, wd=0.01",4227513376.0538,12
[64],10,"lr0.001,wd0.0",9,"lr=0.001, wd=0.0",1808333105.092,1
[64],10,"lr0.001,wd0.0",7,"lr=3e-04, wd=0.0",4707157630.6132,2
[64],10,"lr0.001,wd0.0",11,"lr=0.003, wd=0.0",4712934526.1444,3
[64],10,"lr0.001,wd0.0",6,"lr=1e-04, wd=0.01",11503526929.0586,4
[64],10,"lr0.001,wd0.0",5,"lr=1e-04, wd=0.0",11770953399.1311,5
[64],10,"lr0.001,wd0.0",8,"lr=3e-04, wd=0.01",12408725372.0514,6
[64],10,"lr0.001,wd0.0",4,"lr=3e-05, wd=0.01",12458211349.0092,7
[64],10,"lr0.001,wd0.0",3,"lr=3e-05, wd=0.0",13917905311.1534,8
[64],10,"lr0.001,wd0.0",2,"lr=1e-05, wd=0.01",15669218678.9726,9
[64],10,"lr0.001,wd0.0",10,"lr=0.001, wd=0.01",15745171928.1892,10
[64],10,"lr0.001,wd0.0",1,"lr=1e-05, wd=0.0",16021692480.8223,11
[64],10,"lr0.001,wd0.0",12,"lr=0.003, wd=0.01",20842918119.5653,12
[64],10,"lr0.001,wd0.01",10,"lr=0.001, wd=0.01",2040923.5126,1
[64],10,"lr0.001,wd0.01",1,"lr=1e-05, wd=0.0",20728434.7611,2
[64],10,"lr0.001,wd0.01",2,"lr=1e-05, wd=0.01",72455454.271,3
[64],10,"lr0.001,wd0.01",3,"lr=3e-05, wd=0.0",138129645.6622,4
[64],10,"lr0.001,wd0.01",5,"lr=1e-04, wd=0.0",168698532.8104,5
[64],10,"lr0.001,wd0.01",8,"lr=3e-04, wd=0.01",236178419.4305,6
[64],10,"lr0.001,wd0.01",6,"lr=1e-04, wd=0.01",454793380.2377,7
[64],10,"lr0.001,wd0.01",4,"lr=3e-05, wd=0.01",546618837.425,8
[64],10,"lr0.001,wd0.01",7,"lr=3e-04, wd=0.0",949938715.2627,9
[64],10,"lr0.001,wd0.01",11,"lr=0.003, wd=0.0",1054127351.7642,10
[64],10,"lr0.001,wd0.01",9,"lr=0.001, wd=0.0",1594432119.0865,11
[64],10,"lr0.001,wd0.01",12,"lr=0.003, wd=0.01",2203654384.3353,12
[64],10,"lr0.003,wd0.0",9,"lr=0.001, wd=0.0",628224814.1958,1
[64],10,"lr0.003,wd0.0",11,"lr=0.003, wd=0.0",2153782697.9567,2
[64],10,"lr0.003,wd0.0",7,"lr=3e-04, wd=0.0",2503586427.3402,3
[64],10,"lr0.003,wd0.0",6,"lr=1e-04, wd=0.01",5574240832.893,4
[64],10,"lr0.003,wd0.0",5,"lr=1e-04, wd=0.0",6255430162.814,5
[64],10,"lr0.003,wd0.0",4,"lr=3e-05, wd=0.01",6497792388.0398,6
[64],10,"lr0.003,wd0.0",8,"lr=3e-04, wd=0.01",6930335308.017,7
[64],10,"lr0.003,wd0.0",3,"lr=3e-05, wd=0.0",7946604150.1644,8
[64],10,"lr0.003,wd0.0",2,"lr=1e-05, wd=0.01",9159736900.333,9
[64],10,"lr0.003,wd0.0",1,"lr=1e-05, wd=0.0",9784641478.6018,10
[64],10,"lr0.003,wd0.0",10,"lr=0.001, wd=0.01",10785964984.188,11
[64],10,"lr0.003,wd0.0",12,"lr=0.003, wd=0.01",14382472997.7432,12
[64],10,"lr0.003,wd0.01",2,"lr=1e-05, wd=0.01",53503021.2265,1
[64],10,"lr0.003,wd0.01",12,"lr=0.003, wd=0.01",94938873.81,2
[64],10,"lr0.003,wd0.01",3,"lr=3e-05, wd=0.0",120253349.9985,3
[64],10,"lr0.003,wd0.01",1,"lr=1e-05, wd=0.0",252848411.0006,4
[64],10,"lr0.003,wd0.01",5,"lr=1e-04, wd=0.0",364918272.4008,5
[64],10,"lr0.003,wd0.01",4,"lr=3e-05, wd=0.01",412948412.051,6
[64],10,"lr0.003,wd0.01",10,"lr=0.001, wd=0.01",891348274.0985,7
[64],10,"lr0.003,wd0.01",8,"lr=3e-04, wd=0.01",1343745103.4781,8
[64],10,"lr0.003,wd0.01",6,"lr=1e-04, wd=0.01",1580895685.1506,9
[64],10,"lr0.003,wd0.01",7,"lr=3e-04, wd=0.0",1851651835.6788,10
[64],10,"lr0.003,wd0.01",11,"lr=0.003, wd=0.0",2770497300.1911,11
[64],10,"lr0.003,wd0.01",9,"lr=0.001, wd=0.0",3385124040.8986,12
[64],20,"lr1e-05,wd0.0",11,"lr=0.003, wd=0.0",13820102.4159,1
[64],20,"lr1e-05,wd0.0",8,"lr=3e-04, wd=0.01",23162355.2062,2
[64],20,"lr1e-05,wd0.0",3,"lr=3e-05, wd=0.0",157707410.6225,3
[64],20,"lr1e-05,wd0.0",5,"lr=1e-04, wd=0.0",277379685.7686,4
[64],20,"lr1e-05,wd0.0",9,"lr=0.001, wd=0.0",288128572.5528,5
[64],20,"lr1e-05,wd0.0",6,"lr=1e-04, wd=0.01",357302308.7494,6
[64],20,"lr1e-05,wd0.0",1,"lr=1e-05, wd=0.0",503622364.7854,7
[64],20,"lr1e-05,wd0.0",4,"lr=3e-05, wd=0.01",946124876.0018,8
[64],20,"lr1e-05,wd0.0",10,"lr=0.001, wd=0.01",1122364721.4153,9
[64],20,"lr1e-05,wd0.0",7,"lr=3e-04, wd=0.0",1138676973.6165,10
[64],20,"lr1e-05,wd0.0",2,"lr=1e-05, wd=0.01",1273180077.5793,11
[64],20,"lr1e-05,wd0.0",12,"lr=0.003, wd=0.01",2993804174.6913,12
[64],20,"lr1e-05,wd0.01",3,"lr=3e-05, wd=0.0",732766.5962,1
[64],20,"lr1e-05,wd0.01",9,"lr=0.001, wd=0.0",22488862.7229,2
[64],20,"lr1e-05,wd0.01",1,"lr=1e-05, wd=0.0",22672238.991,3
[64],20,"lr1e-05,wd0.01",6,"lr=1e-04, wd=0.01",25442901.9463,4
[64],20,"lr1e-05,wd0.01",8,"lr=3e-04, wd=0.01",46386835.7368,5
[64],20,"lr1e-05,wd0.01",5,"lr=1e-04, wd=0.0",64410083.4595,6
[64],20,"lr1e-05,wd0.01",2,"lr=1e-05, wd=0.01",178903007.8021,7
[64],20,"lr1e-05,wd0.01",4,"lr=3e-05, wd=0.01",183548929.4927,8
[64],20,"lr1e-05,wd0.01",11,"lr=0.003, wd=0.0",231331606.3621,9
[64],20,"lr1e-05,wd0.01",7,"lr=3e-04, wd=0.0",432376862.9458,10
[64],20,"lr1e-05,wd0.01",10,"lr=0.001, wd=0.01",2459524483.5423,11
[64],20,"lr1e-05,wd0.01",12,"lr=0.003, wd=0.01",5579836510.1389,12
[64],20,"lr3e-05,wd0.0",8,"lr=3e-04, wd=0.01",2844531.9661,1
[64],20,"lr3e-05,wd0.0",2,"lr=1e-05, wd=0.01",98566451.3913,2
[64],20,"lr3e-05,wd0.0",1,"lr=1e-05, wd=0.0",121437364.0736,3
[64],20,"lr3e-05,wd0.0",11,"lr=0.003, wd=0.0",183962813.134,4
[64],20,"lr3e-05,wd0.0",3,"lr=3e-05, wd=0.0",212999467.7427,5
[64],20,"lr3e-05,wd0.0",5,"lr=1e-04, wd=0.0",236813061.3018,6
[64],20,"lr3e-05,wd0.0",6,"lr=1e-04, wd=0.01",467230369.8745,7
[64],20,"lr3e-05,wd0.0",10,"lr=0.001, wd=0.01",659949602.222,8
[64],20,"lr3e-05,wd0.0",4,"lr=3e-05, wd=0.01",759094584.4271,9
[64],20,"lr3e-05,wd0.0",7,"lr=3e-04, wd=0.0",1035634841.5888,10
[64],20,"lr3e-05,wd0.0",9,"lr=0.001, wd=0.0",1368839384.3467,11
[64],20,"lr3e-05,wd0.0",12,"lr=0.003, wd=0.01",3350361799.7549,12
[64],20,"lr3e-05,wd0.01",5,"lr=1e-04, wd=0.0",-10.1244,1
[64],20,"lr3e-05,wd0.01",1,"lr=1e-05, wd=0.0",4675931.7901,2
[64],20,"lr3e-05,wd0.01",8,"lr=3e-04, wd=0.01",10599371.4027,3
[64],20,"lr3e-05,wd0.01",6,"lr=1e-04, wd=0.01",21714658.5034,4
[64],20,"lr3e-05,wd0.01",2,"lr=1e-05, wd=0.01",26974690.1147,5
[64],20,"lr3e-05,wd0.01",4,"lr=3e-05, wd=0.01",74253232.9106,6
[64],20,"lr3e-05,wd0.01",11,"lr=0.003, wd=0.0",206966492.336,7
[64],20,"lr3e-05,wd0.01",3,"lr=3e-05, wd=0.0",325822001.1178,8
[64],20,"lr3e-05,wd0.01",10,"lr=0.001, wd=0.01",511849655.4732,9
[64],20,"lr3e-05,wd0.01",7,"lr=3e-04, wd=0.0",561133912.7858,10
[64],20,"lr3e-05,wd0.01",9,"lr=0.001, wd=0.0",1039073412.3551,11
[64],20,"lr3e-05,wd0.01",12,"lr=0.003, wd=0.01",3670020850.3341,12
[64],20,"lr0.0001,wd0.0",7,"lr=3e-04, wd=0.0",47411468.6485,1
[64],20,"lr0.0001,wd0.0",9,"lr=0.001, wd=0.0",548123955.0499,2
[64],20,"lr0.0001,wd0.0",11,"lr=0.003, wd=0.0",576887469.3679,3
[64],20,"lr0.0001,wd0.0",5,"lr=1e-04, wd=0.0",680883525.3965,4
[64],20,"lr0.0001,wd0.0",6,"lr=1e-04, wd=0.01",1283457644.0974,5
[64],20,"lr0.0001,wd0.0",4,"lr=3e-05, wd=0.01",1558028566.5329,6
[64],20,"lr0.0001,wd0.0",3,"lr=3e-05, wd=0.0",1826608124.1365,7
[64],20,"lr0.0001,wd0.0",1,"lr=1e-05, wd=0.0",2914993699.7524,8
[64],20,"lr0.0001,wd0.0",8,"lr=3e-04, wd=0.01",2952924794.5521,9
[64],20,"lr0.0001,wd0.0",2,"lr=1e-05, wd=0.01",3047478632.0812,10
[64],20,"lr0.0001,wd0.0",10,"lr=0.001, wd=0.01",5712188794.146,11
[64],20,"lr0.0001,wd0.0",12,"lr=0.003, wd=0.01",8111167508.389,12
[64],20,"lr0.0001,wd0.01",8,"lr=3e-04, wd=0.01",9402805.6561,1
[64],20,"lr0.0001,wd0.01",4,"lr=3e-05, wd=0.01",30992852.0656,2
[64],20,"lr0.0001,wd0.01",3,"lr=3e-05, wd=0.0",33095360.5846,3
[64],20,"lr0.0001,wd0.01",5,"lr=1e-04, wd=0.0",42307877.1038,4
[64],20,"lr0.0001,wd0.01",6,"lr=1e-04, wd=0.01",58961242.7976,5
[64],20,"lr0.0001,wd0.01",2,"lr=1e-05, wd=0.01",86326153.7168,6
[64],20,"lr0.0001,wd0.01",1,"lr=1e-05, wd=0.0",177349959.689,7
[64],20,"lr0.0001,wd0.01",11,"lr=0.003, wd=0.0",269969246.5097,8
[64],20,"lr0.0001,wd0.01",7,"lr=3e-04, wd=0.0",385113007.9298,9
[64],20,"lr0.0001,wd0.01",9,"lr=0.001, wd=0.0",1025199622.154,10
[64],20,"lr0.0001,wd0.01",10,"lr=0.001, wd=0.01",1328327111.2657,11
[64],20,"lr0.0001,wd0.01",12,"lr=0.003, wd=0.01",4039011130.438,12
[64],20,"lr0.0003,wd0.0",9,"lr=0.001, wd=0.0",626988079.7062,1
[64],20,"lr0.0003,wd0.0",7,"lr=3e-04, wd=0.0",2285769259.559,2
[64],20,"lr0.0003,wd0.0",11,"lr=0.003, wd=0.0",4408346561.2483,3
[64],20,"lr0.0003,wd0.0",5,"lr=1e-04, wd=0.0",7986622876.4839,4
[64],20,"lr0.0003,wd0.0",6,"lr=1e-04, wd=0.01",8526967558.6669,5
[64],20,"lr0.0003,wd0.0",4,"lr=3e-05, wd=0.01",8716297339.7555,6
[64],20,"lr0.0003,wd0.0",8,"lr=3e-04, wd=0.01",8965077416.3165,7
[64],20,"lr0.0003,wd0.0",3,"lr=3e-05, wd=0.0",9581162829.975,8
[64],20,"lr0.0003,wd0.0",2,"lr=1e-05, wd=0.01",10768709272.2287,9
[64],20,"lr0.0003,wd0.0",1,"lr=1e-05, wd=0.0",10945064830.0863,10
[64],20,"lr0.0003,wd0.0",10,"lr=0.001, wd=0.01",11221541976.0241,11
[64],20,"lr0.0003,wd0.0",12,"lr=0.003, wd=0.01",13873915494.5991,12
[64],20,"lr0.0003,wd0.01",3,"lr=3e-05, wd=0.0",7072392.7779,1
[64],20,"lr0.0003,wd0.01",4,"lr=3e-05, wd=0.01",35610525.162,2
[64],20,"lr0.0003,wd0.01",5,"lr=1e-04, wd=0.0",69893366.1209,3
[64],20,"lr0.0003,wd0.01",8,"lr=3e-04, wd=0.01",70427462.0254,4
[64],20,"lr0.0003,wd0.01",2,"lr=1e-05, wd=0.01",84453760.8884,5
[64],20,"lr0.0003,wd0.01",1,"lr=1e-05, wd=0.0",147292413.3145,6
[64],20,"lr0.0003,wd0.01",6,"lr=1e-04, wd=0.01",170615595.386,7
[64],20,"lr0.0003,wd0.01",10,"lr=0.001, wd=0.01",318492818.7125,8
[64],20,"lr0.0003,wd0.01",11,"lr=0.003, wd=0.0",621562538.6651,9
[64],20,"lr0.0003,wd0.01",7,"lr=3e-04, wd=0.0",931825760.0006,10
[64],20,"lr0.0003,wd0.01",9,"lr=0.001, wd=0.0",1313023936.3868,11
[64],20,"lr0.0003,wd0.01",12,"lr=0.003, wd=0.01",2450173905.6918,12
[64],20,"lr0.001,wd0.0",9,"lr=0.001, wd=0.0",1998020770.1818,1
[64],20,"lr0.001,wd0.0",7,"lr=3e-04, wd=0.0",4907891129.8617,2
[64],20,"lr0.001,wd0.0",11,"lr=0.003, wd=0.0",4952145425.5194,3
[64],20,"lr0.001,wd0.0",6,"lr=1e-04, wd=0.01",10592161351.4277,4
[64],20,"lr0.001,wd0.0",5,"lr=1e-04, wd=0.0",10708234524.3354,5
[64],20,"lr0.001,wd0.0",8,"lr=3e-04, wd=0.01",11207896630.0003,6
[64],20,"lr0.001,wd0.0",4,"lr=3e-05, wd=0.01",11484226404.3039,7
[64],20,"lr0.001,wd0.0",3,"lr=3e-05, wd=0.0",12012663424.3238,8
[64],20,"lr0.001,wd0.0",10,"lr=0.001, wd=0.01",12224078894.4985,9
[64],20,"lr0.001,wd0.0",2,"lr=1e-05, wd=0.01",13184264594.1679,10
[64],20,"lr0.001,wd0.0",1,"lr=1e-05, wd=0.0",13341169791.7407,11
[64],20,"lr0.001,wd0.0",12,"lr=0.003, wd=0.01",14846333382.6997,12
[64],20,"lr0.001,wd0.01",3,"lr=3e-05, wd=0.0",605225.5173,1
[64],20,"lr0.001,wd0.01",10,"lr=0.001, wd=0.01",1233225.034,2
[64],20,"lr0.001,wd0.01",2,"lr=1e-05, wd=0.01",70086471.057,3
[64],20,"lr0.001,wd0.01",4,"lr=3e-05, wd=0.01",92441190.9917,4
[64],20,"lr0.001,wd0.01",1,"lr=1e-05, wd=0.0",139374287.356,5
[64],20,"lr0.001,wd0.01",5,"lr=1e-04, wd=0.0",284001389.061,6
[64],20,"lr0.001,wd0.01",8,"lr=3e-04, wd=0.01",426942175.0163,7
[64],20,"lr0.001,wd0.01",6,"lr=1e-04, wd=0.01",652670744.3949,8
[64],20,"lr0.001,wd0.01",7,"lr=3e-04, wd=0.0",1105394435.2734,9
[64],20,"lr0.001,wd0.01",11,"lr=0.003, wd=0.0",1166444869.1928,10
[64],20,"lr0.001,wd0.01",12,"lr=0.003, wd=0.01",1177416081.9963,11
[64],20,"lr0.001,wd0.01",9,"lr=0.001, wd=0.0",1688065973.1592,12
[64],20,"lr0.003,wd0.0",9,"lr=0.001, wd=0.0",717629818.0667,1
[64],20,"lr0.003,wd0.0",11,"lr=0.003, wd=0.0",2402008299.6955,2
[64],20,"lr0.003,wd0.0",7,"lr=3e-04, wd=0.0",2809613581.4566,3
[64],20,"lr0.003,wd0.0",5,"lr=1e-04, wd=0.0",6081057951.8091,4
[64],20,"lr0.003,wd0.0",6,"lr=1e-04, wd=0.01",6262958375.2583,5
[64],20,"lr0.003,wd0.0",4,"lr=3e-05, wd=0.01",7257328521.9149,6
[64],20,"lr0.003,wd0.0",8,"lr=3e-04, wd=0.01",7445239612.831,7
[64],20,"lr0.003,wd0.0",3,"lr=3e-05, wd=0.0",7805458770.2854,8
[64],20,"lr0.003,wd0.0",2,"lr=1e-05, wd=0.01",8842049718.1259,9
[64],20,"lr0.003,wd0.0",1,"lr=1e-05, wd=0.0",9068070293.9501,10
[64],20,"lr0.003,wd0.0",10,"lr=0.001, wd=0.01",9750599212.4573,11
[64],20,"lr0.003,wd0.0",12,"lr=0.003, wd=0.01",10982427796.2275,12
[64],20,"lr0.003,wd0.01",12,"lr=0.003, wd=0.01",95467617.383,1
[64],20,"lr0.003,wd0.01",10,"lr=0.001, wd=0.01",1931026852.6849,2
[64],20,"lr0.003,wd0.01",8,"lr=3e-04, wd=0.01",3207825951.6092,3
[64],20,"lr0.003,wd0.01",5,"lr=1e-04, wd=0.0",4029682874.4462,4
[64],20,"lr0.003,wd0.01",6,"lr=1e-04, wd=0.01",4563694303.6654,5
[64],20,"lr0.003,wd0.01",1,"lr=1e-05, wd=0.0",4852810461.0799,6
[64],20,"lr0.003,wd0.01",2,"lr=1e-05, wd=0.01",4995541059.2269,7
[64],20,"lr0.003,wd0.01",7,"lr=3e-04, wd=0.0",5299754093.6873,8
[64],20,"lr0.003,wd0.01",11,"lr=0.003, wd=0.0",5538971437.3142,9
[64],20,"lr0.003,wd0.01",9,"lr=0.001, wd=0.0",6275020992.8582,10
[64],20,"lr0.003,wd0.01",3,"lr=3e-05, wd=0.0",6973703533.9123,11
[64],20,"lr0.003,wd0.01",4,"lr=3e-05, wd=0.01",7282007622.5475,12
[64],50,"lr1e-05,wd0.0",5,"lr=1e-04, wd=0.0",1111284.3815,1
[64],50,"lr1e-05,wd0.0",3,"lr=3e-05, wd=0.0",1145536.5125,2
[64],50,"lr1e-05,wd0.0",6,"lr=1e-04, wd=0.01",1309849.437,3
[64],50,"lr1e-05,wd0.0",7,"lr=3e-04, wd=0.0",17755930.3595,4
[64],50,"lr1e-05,wd0.0",9,"lr=0.001, wd=0.0",37590240.2762,5
[64],50,"lr1e-05,wd0.0",11,"lr=0.003, wd=0.0",65971568.7856,6
[64],50,"lr1e-05,wd0.0",4,"lr=3e-05, wd=0.01",80435863.2327,7
[64],50,"lr1e-05,wd0.0",8,"lr=3e-04, wd=0.01",126586760.8333,8
[64],50,"lr1e-05,wd0.0",1,"lr=1e-05, wd=0.0",138714627.9309,9
[64],50,"lr1e-05,wd0.0",2,"lr=1e-05, wd=0.01",164597688.2121,10
[64],50,"lr1e-05,wd0.0",10,"lr=0.001, wd=0.01",245923150.5154,11
[64],50,"lr1e-05,wd0.0",12,"lr=0.003, wd=0.01",473606352.8934,12
[64],50,"lr1e-05,wd0.01",4,"lr=3e-05, wd=0.01",249979.8896,1
[64],50,"lr1e-05,wd0.01",1,"lr=1e-05, wd=0.0",9223548.2164,2
[64],50,"lr1e-05,wd0.01",6,"lr=1e-04, wd=0.01",25259018.2018,3
[64],50,"lr1e-05,wd0.01",2,"lr=1e-05, wd=0.01",36943664.4173,4
[64],50,"lr1e-05,wd0.01",5,"lr=1e-04, wd=0.0",37190635.4299,5
[64],50,"lr1e-05,wd0.01",7,"lr=3e-04, wd=0.0",39639596.4557,6
[64],50,"lr1e-05,wd0.01",3,"lr=3e-05, wd=0.0",40481682.8773,7
[64],50,"lr1e-05,wd0.01",9,"lr=0.001, wd=0.0",44210447.8721,8
[64],50,"lr1e-05,wd0.01",11,"lr=0.003, wd=0.0",65570134.0498,9
[64],50,"lr1e-05,wd0.01",8,"lr=3e-04, wd=0.01",154275308.9383,10
[64],50,"lr1e-05,wd0.01",10,"lr=0.001, wd=0.01",263730952.7596,11
[64],50,"lr1e-05,wd0.01",12,"lr=0.003, wd=0.01",547166830.5833,12
[64],50,"lr3e-05,wd0.0",6,"lr=1e-04, wd=0.01",2891744.096,1
[64],50,"lr3e-05,wd0.0",3,"lr=3e-05, wd=0.0",7837733.0526,2
[64],50,"lr3e-05,wd0.0",9,"lr=0.001, wd=0.0",10014544.7809,3
[64],50,"lr3e-05,wd0.0",11,"lr=0.003, wd=0.0",12781425.7251,4
[64],50,"lr3e-05,wd0.0",5,"lr=1e-04, wd=0.0",15614433.1495,5
[64],50,"lr3e-05,wd0.0",1,"lr=1e-05, wd=0.0",26572989.1164,6
[64],50,"lr3e-05,wd0.0",4,"lr=3e-05, wd=0.01",33744801.0944,7
[64],50,"lr3e-05,wd0.0",2,"lr=1e-05, wd=0.01",49021338.7968,8
[64],50,"lr3e-05,wd0.0",7,"lr=3e-04, wd=0.0",55777030.7114,9
[64],50,"lr3e-05,wd0.0",8,"lr=3e-04, wd=0.01",69307011.7014,10
[64],50,"lr3e-05,wd0.0",10,"lr=0.001, wd=0.01",224124782.5759,11
[64],50,"lr3e-05,wd0.0",12,"lr=0.003, wd=0.01",549386694.2086,12
[64],50,"lr3e-05,wd0.01",6,"lr=1e-04, wd=0.01",271396.2746,1
[64],50,"lr3e-05,wd0.01",2,"lr=1e-05, wd=0.01",511766.7449,2
[64],50,"lr3e-05,wd0.01",11,"lr=0.003, wd=0.0",1528812.3463,3
[64],50,"lr3e-05,wd0.01",5,"lr=1e-04, wd=0.0",2014775.9333,4
[64],50,"lr3e-05,wd0.01",9,"lr=0.001, wd=0.0",3977938.1687,5
[64],50,"lr3e-05,wd0.01",1,"lr=1e-05, wd=0.0",8717758.6271,6
[64],50,"lr3e-05,wd0.01",4,"lr=3e-05, wd=0.01",10775295.785,7
[64],50,"lr3e-05,wd0.01",7,"lr=3e-04, wd=0.0",15918208.8121,8
[64],50,"lr3e-05,wd0.01",8,"lr=3e-04, wd=0.01",36626717.8275,9
[64],50,"lr3e-05,wd0.01",3,"lr=3e-05, wd=0.0",59110746.1533,10
[64],50,"lr3e-05,wd0.01",10,"lr=0.001, wd=0.01",231367272.2334,11
[64],50,"lr3e-05,wd0.01",12,"lr=0.003, wd=0.01",1115103884.2328,12
[64],50,"lr0.0001,wd0.0",7,"lr=3e-04, wd=0.0",136893.2283,1
[64],50,"lr0.0001,wd0.0",11,"lr=0.003, wd=0.0",276356924.948,2
[64],50,"lr0.0001,wd0.0",9,"lr=0.001, wd=0.0",328335543.1496,3
[64],50,"lr0.0001,wd0.0",6,"lr=1e-04, wd=0.01",547321160.0808,4
[64],50,"lr0.0001,wd0.0",5,"lr=1e-04, wd=0.0",764664241.5914,5
[64],50,"lr0.0001,wd0.0",8,"lr=3e-04, wd=0.01",793455666.7088,6
[64],50,"lr0.0001,wd0.0",4,"lr=3e-05, wd=0.01",884089474.6254,7
[64],50,"lr0.0001,wd0.0",10,"lr=0.001, wd=0.01",916212839.2025,8
[64],50,"lr0.0001,wd0.0",2,"lr=1e-05, wd=0.01",971386105.4945,9
[64],50,"lr0.0001,wd0.0",1,"lr=1e-05, wd=0.0",1004481907.2265,10
[64],50,"lr0.0001,wd0.0",3,"lr=3e-05, wd=0.0",1006559215.4646,11
[64],50,"lr0.0001,wd0.0",12,"lr=0.003, wd=0.01",1153544773.7849,12
[64],50,"lr0.0001,wd0.01",3,"lr=3e-05, wd=0.0",322437.198,1
[64],50,"lr0.0001,wd0.01",2,"lr=1e-05, wd=0.01",4940694.5989,2
[64],50,"lr0.0001,wd0.01",4,"lr=3e-05, wd=0.01",5884875.7351,3
[64],50,"lr0.0001,wd0.01",8,"lr=3e-04, wd=0.01",7035282.8162,4
[64],50,"lr0.0001,wd0.01",1,"lr=1e-05, wd=0.0",8362434.4652,5
[64],50,"lr0.0001,wd0.01",6,"lr=1e-04, wd=0.01",29410705.9822,6
[64],50,"lr0.0001,wd0.01",5,"lr=1e-04, wd=0.0",35763657.3504,7
[64],50,"lr0.0001,wd0.01",10,"lr=0.001, wd=0.01",70007105.7846,8
[64],50,"lr0.0001,wd0.01",11,"lr=0.003, wd=0.0",79468906.0054,9
[64],50,"lr0.0001,wd0.01",7,"lr=3e-04, wd=0.0",162114591.2262,10
[64],50,"lr0.0001,wd0.01",9,"lr=0.001, wd=0.0",257687389.992,11
[64],50,"lr0.0001,wd0.01",12,"lr=0.003, wd=0.01",285950313.497,12
[64],50,"lr0.0003,wd0.0",3,"lr=3e-05, wd=0.0",276893559.0579,1
[64],50,"lr0.0003,wd0.0",4,"lr=3e-05, wd=0.01",673368527.6926,2
[64],50,"lr0.0003,wd0.0",9,"lr=0.001, wd=0.0",684054717.4777,3
[64],50,"lr0.0003,wd0.0",1,"lr=1e-05, wd=0.0",1370251238.9264,4
[64],50,"lr0.0003,wd0.0",6,"lr=1e-04, wd=0.01",1378071586.8613,5
[64],50,"lr0.0003,wd0.0",12,"lr=0.003, wd=0.01",1465896027.6264,6
[64],50,"lr0.0003,wd0.0",2,"lr=1e-05, wd=0.01",1513590160.4703,7
[64],50,"lr0.0003,wd0.0",11,"lr=0.003, wd=0.0",1542614758.8697,8
[64],50,"lr0.0003,wd0.0",8,"lr=3e-04, wd=0.01",1985671796.0933,9
[64],50,"lr0.0003,wd0.0",10,"lr=0.001, wd=0.01",1990218123.9728,10
[64],50,"lr0.0003,wd0.0",7,"lr=3e-04, wd=0.0",2285908778.2081,11
[64],50,"lr0.0003,wd0.0",5,"lr=1e-04, wd=0.0",2808223142.7694,12
[64],50,"lr0.0003,wd0.01",1,"lr=1e-05, wd=0.0",471869.8949,1
[64],50,"lr0.0003,wd0.01",2,"lr=1e-05, wd=0.01",798673.3336,2
[64],50,"lr0.0003,wd0.01",3,"lr=3e-05, wd=0.0",20210739.5309,3
[64],50,"lr0.0003,wd0.01",4,"lr=3e-05, wd=0.01",32160737.7995,4
[64],50,"lr0.0003,wd0.01",8,"lr=3e-04, wd=0.01",46399959.3003,5
[64],50,"lr0.0003,wd0.01",10,"lr=0.001, wd=0.01",50378848.905,6
[64],50,"lr0.0003,wd0.01",5,"lr=1e-04, wd=0.0",88691551.5438,7
[64],50,"lr0.0003,wd0.01",6,"lr=1e-04, wd=0.01",146500206.8523,8
[64],50,"lr0.0003,wd0.01",12,"lr=0.003, wd=0.01",201184268.7074,9
[64],50,"lr0.0003,wd0.01",11,"lr=0.003, wd=0.0",239766817.1374,10
[64],50,"lr0.0003,wd0.01",7,"lr=3e-04, wd=0.0",349712510.4585,11
[64],50,"lr0.0003,wd0.01",9,"lr=0.001, wd=0.0",414162338.1081,12
[64],50,"lr0.001,wd0.0",6,"lr=1e-04, wd=0.01",30512957.533,1
[64],50,"lr0.001,wd0.0",5,"lr=1e-04, wd=0.0",61014129.232,2
[64],50,"lr0.001,wd0.0",1,"lr=1e-05, wd=0.0",570926086.7575,3
[64],50,"lr0.001,wd0.0",2,"lr=1e-05, wd=0.01",779360499.4515,4
[64],50,"lr0.001,wd0.0",8,"lr=3e-04, wd=0.01",1447636569.8453,5
[64],50,"lr0.001,wd0.0",9,"lr=0.001, wd=0.0",2079420299.5858,6
[64],50,"lr0.001,wd0.0",12,"lr=0.003, wd=0.01",2395954974.3849,7
[64],50,"lr0.001,wd0.0",10,"lr=0.001, wd=0.01",2894415818.5908,8
[64],50,"lr0.001,wd0.0",3,"lr=3e-05, wd=0.0",2927173677.9046,9
[64],50,"lr0.001,wd0.0",11,"lr=0.003, wd=0.0",3218012022.9693,10
[64],50,"lr0.001,wd0.0",4,"lr=3e-05, wd=0.01",3323059618.338,11
[64],50,"lr0.001,wd0.0",7,"lr=3e-04, wd=0.0",4250861266.459,12
[64],50,"lr0.001,wd0.01",12,"lr=0.003, wd=0.01",5637749.7655,1
[64],50,"lr0.001,wd0.01",10,"lr=0.001, wd=0.01",145375815.0381,2
[64],50,"lr0.001,wd0.01",1,"lr=1e-05, wd=0.0",1023753140.1057,3
[64],50,"lr0.001,wd0.01",2,"lr=1e-05, wd=0.01",1053521457.8785,4
[64],50,"lr0.001,wd0.01",8,"lr=3e-04, wd=0.01",1156932206.8458,5
[64],50,"lr0.001,wd0.01",3,"lr=3e-05, wd=0.0",1211727454.1941,6
[64],50,"lr0.001,wd0.01",4,"lr=3e-05, wd=0.01",1237409776.1259,7
[64],50,"lr0.001,wd0.01",5,"lr=1e-04, wd=0.0",1319214876.701,8
[64],50,"lr0.001,wd0.01",6,"lr=1e-04, wd=0.01",1442967622.6603,9
[64],50,"lr0.001,wd0.01",7,"lr=3e-04, wd=0.0",1700784048.1408,10
[64],50,"lr0.001,wd0.01",11,"lr=0.003, wd=0.0",1735088059.9644,11
[64],50,"lr0.001,wd0.01",9,"lr=0.001, wd=0.0",1999081313.7916,12
[64],50,"lr0.003,wd0.0",9,"lr=0.001, wd=0.0",799955851.0247,1
[64],50,"lr0.003,wd0.0",7,"lr=3e-04, wd=0.0",1799208139.3644,2
[64],50,"lr0.003,wd0.0",11,"lr=0.003, wd=0.0",1891503851.6564,3
[64],50,"lr0.003,wd0.0",5,"lr=1e-04, wd=0.0",2484065585.0248,4
[64],50,"lr0.003,wd0.0",3,"lr=3e-05, wd=0.0",2761382864.5725,5
[64],50,"lr0.003,wd0.0",4,"lr=3e-05, wd=0.01",2892710701.4896,6
[64],50,"lr0.003,wd0.0",6,"lr=1e-04, wd=0.01",2911522983.931,7
[64],50,"lr0.003,wd0.0",2,"lr=1e-05, wd=0.01",3088857776.1591,8
[64],50,"lr0.003,wd0.0",1,"lr=1e-05, wd=0.0",3109096091.4085,9
[64],50,"lr0.003,wd0.0",8,"lr=3e-04, wd=0.01",3572635673.8163,10
[64],50,"lr0.003,wd0.0",12,"lr=0.003, wd=0.01",3772093599.8211,11
[64],50,"lr0.003,wd0.0",10,"lr=0.001, wd=0.01",3792700720.3274,12
[64],50,"lr0.003,wd0.01",12,"lr=0.003, wd=0.01",17754372.0012,1
[64],50,"lr0.003,wd0.01",10,"lr=0.001, wd=0.01",2452610724.5608,2
[64],50,"lr0.003,wd0.01",8,"lr=3e-04, wd=0.01",4011854617.6781,3
[64],50,"lr0.003,wd0.01",5,"lr=1e-04, wd=0.0",4316544174.3972,4
[64],50,"lr0.003,wd0.01",1,"lr=1e-05, wd=0.0",4421334397.3416,5
[64],50,"lr0.003,wd0.01",2,"lr=1e-05, wd=0.01",4452204838.4814,6
[64],50,"lr0.003,wd0.01",6,"lr=1e-04, wd=0.01",4765726154.2381,7
[64],50,"lr0.003,wd0.01",7,"lr=3e-04, wd=0.0",4831601897.1123,8
[64],50,"lr0.003,wd0.01",11,"lr=0.003, wd=0.0",5056037524.6389,9
[64],50,"lr0.003,wd0.01",3,"lr=3e-05, wd=0.0",5135215474.0761,10
[64],50,"lr0.003,wd0.01",4,"lr=3e-05, wd=0.01",5183889497.647,11
[64],50,"lr0.003,wd0.01",9,"lr=0.001, wd=0.0",5433089425.0032,12
[64],90,"lr1e-05,wd0.0",4,"lr=3e-05, wd=0.01",152781.1964,1
[64],90,"lr1e-05,wd0.0",2,"lr=1e-05, wd=0.01",3890479.7944,2
[64],90,"lr1e-05,wd0.0",3,"lr=3e-05, wd=0.0",6643705.2549,3
[64],90,"lr1e-05,wd0.0",5,"lr=1e-04, wd=0.0",22669811.4581,4
[64],90,"lr1e-05,wd0.0",6,"lr=1e-04, wd=0.01",25841760.1156,5
[64],90,"lr1e-05,wd0.0",11,"lr=0.003, wd=0.0",36483624.6626,6
[64],90,"lr1e-05,wd0.0",1,"lr=1e-05, wd=0.0",36654900.6148,7
[64],90,"lr1e-05,wd0.0",9,"lr=0.001, wd=0.0",40571733.6159,8
[64],90,"lr1e-05,wd0.0",7,"lr=3e-04, wd=0.0",45986926.3894,9
[64],90,"lr1e-05,wd0.0",8,"lr=3e-04, wd=0.01",80521676.3753,10
[64],90,"lr1e-05,wd0.0",12,"lr=0.003, wd=0.01",93443906.8878,11
[64],90,"lr1e-05,wd0.0",10,"lr=0.001, wd=0.01",106595976.4482,12
[64],90,"lr1e-05,wd0.01",1,"lr=1e-05, wd=0.0",879719.5792,1
[64],90,"lr1e-05,wd0.01",4,"lr=3e-05, wd=0.01",2617053.7985,2
[64],90,"lr1e-05,wd0.01",6,"lr=1e-04, wd=0.01",6932076.2206,3
[64],90,"lr1e-05,wd0.01",5,"lr=1e-04, wd=0.0",9703076.7876,4
[64],90,"lr1e-05,wd0.01",11,"lr=0.003, wd=0.0",11319860.664,5
[64],90,"lr1e-05,wd0.01",9,"lr=0.001, wd=0.0",11963875.462,6
[64],90,"lr1e-05,wd0.01",7,"lr=3e-04, wd=0.0",15133317.4959,7
[64],90,"lr1e-05,wd0.01",3,"lr=3e-05, wd=0.0",21768733.6247,8
[64],90,"lr1e-05,wd0.01",2,"lr=1e-05, wd=0.01",26673334.082,9
[64],90,"lr1e-05,wd0.01",8,"lr=3e-04, wd=0.01",35030475.8703,10
[64],90,"lr1e-05,wd0.01",12,"lr=0.003, wd=0.01",51234868.706,11
[64],90,"lr1e-05,wd0.01",10,"lr=0.001, wd=0.01",52052016.3941,12
[64],90,"lr3e-05,wd0.0",11,"lr=0.003, wd=0.0",23873.7765,1
[64],90,"lr3e-05,wd0.0",9,"lr=0.001, wd=0.0",48211.0027,2
[64],90,"lr3e-05,wd0.0",7,"lr=3e-04, wd=0.0",553358.7771,3
[64],90,"lr3e-05,wd0.0",4,"lr=3e-05, wd=0.01",2491144.3366,4
[64],90,"lr3e-05,wd0.0",3,"lr=3e-05, wd=0.0",2821305.7101,5
[64],90,"lr3e-05,wd0.0",6,"lr=1e-04, wd=0.01",3571705.8602,6
[64],90,"lr3e-05,wd0.0",5,"lr=1e-04, wd=0.0",6035147.0943,7
[64],90,"lr3e-05,wd0.0",8,"lr=3e-04, wd=0.01",25336050.5959,8
[64],90,"lr3e-05,wd0.0",1,"lr=1e-05, wd=0.0",33596618.0972,9
[64],90,"lr3e-05,wd0.0",10,"lr=0.001, wd=0.01",34894730.3754,10
[64],90,"lr3e-05,wd0.0",2,"lr=1e-05, wd=0.01",42752435.9619,11
[64],90,"lr3e-05,wd0.0",12,"lr=0.003, wd=0.01",43530840.9731,12
[64],90,"lr3e-05,wd0.01",6,"lr=1e-04, wd=0.01",1559.0357,1
[64],90,"lr3e-05,wd0.01",9,"lr=0.001, wd=0.0",10443.8074,2
[64],90,"lr3e-05,wd0.01",5,"lr=1e-04, wd=0.0",18010.5879,3
[64],90,"lr3e-05,wd0.01",7,"lr=3e-04, wd=0.0",326568.5452,4
[64],90,"lr3e-05,wd0.01",1,"lr=1e-05, wd=0.0",948794.2095,5
[64],90,"lr3e-05,wd0.01",11,"lr=0.003, wd=0.0",1162174.5705,6
[64],90,"lr3e-05,wd0.01",2,"lr=1e-05, wd=0.01",1527834.536,7
[64],90,"lr3e-05,wd0.01",4,"lr=3e-05, wd=0.01",7682536.0047,8
[64],90,"lr3e-05,wd0.01",8,"lr=3e-04, wd=0.01",12334200.8643,9
[64],90,"lr3e-05,wd0.01",3,"lr=3e-05, wd=0.0",29332382.9555,10
[64],90,"lr3e-05,wd0.01",10,"lr=0.001, wd=0.01",36648664.9917,11
[64],90,"lr3e-05,wd0.01",12,"lr=0.003, wd=0.01",73129748.5771,12
[64],90,"lr0.0001,wd0.0",11,"lr=0.003, wd=0.0",161430.4914,1
[64],90,"lr0.0001,wd0.0",7,"lr=3e-04, wd=0.0",336744.5614,2
[64],90,"lr0.0001,wd0.0",12,"lr=0.003, wd=0.01",536924.062,3
[64],90,"lr0.0001,wd0.0",8,"lr=3e-04, wd=0.01",1086487.0521,4
[64],90,"lr0.0001,wd0.0",4,"lr=3e-05, wd=0.01",1310339.0987,5
[64],90,"lr0.0001,wd0.0",10,"lr=0.001, wd=0.01",2135736.3466,6
[64],90,"lr0.0001,wd0.0",3,"lr=3e-05, wd=0.0",6304854.792,7
[64],90,"lr0.0001,wd0.0",6,"lr=1e-04, wd=0.01",8051829.5121,8
[64],90,"lr0.0001,wd0.0",1,"lr=1e-05, wd=0.0",24638280.4883,9
[64],90,"lr0.0001,wd0.0",2,"lr=1e-05, wd=0.01",26821721.0321,10
[64],90,"lr0.0001,wd0.0",9,"lr=0.001, wd=0.0",33470811.8967,11
[64],90,"lr0.0001,wd0.0",5,"lr=1e-04, wd=0.0",211205457.2522,12
[64],90,"lr0.0001,wd0.01",4,"lr=3e-05, wd=0.01",263194.2765,1
[64],90,"lr0.0001,wd0.01",3,"lr=3e-05, wd=0.0",833434.5974,2
[64],90,"lr0.0001,wd0.01",8,"lr=3e-04, wd=0.01",1118993.0849,3
[64],90,"lr0.0001,wd0.01",9,"lr=0.001, wd=0.0",1336346.505,4
[64],90,"lr0.0001,wd0.01",5,"lr=1e-04, wd=0.0",5249617.0476,5
[64],90,"lr0.0001,wd0.01",1,"lr=1e-05, wd=0.0",7593267.9979,6
[64],90,"lr0.0001,wd0.01",2,"lr=1e-05, wd=0.01",8192972.709,7
[64],90,"lr0.0001,wd0.01",11,"lr=0.003, wd=0.0",12182906.7586,8
[64],90,"lr0.0001,wd0.01",7,"lr=3e-04, wd=0.0",12339838.4519,9
[64],90,"lr0.0001,wd0.01",10,"lr=0.001, wd=0.01",16265558.0153,10
[64],90,"lr0.0001,wd0.01",6,"lr=1e-04, wd=0.01",20658189.787,11
[64],90,"lr0.0001,wd0.01",12,"lr=0.003, wd=0.01",40089996.2144,12
[64],90,"lr0.0003,wd0.0",12,"lr=0.003, wd=0.01",2299277.4837,1
[64],90,"lr0.0003,wd0.0",6,"lr=1e-04, wd=0.01",5546522.3045,2
[64],90,"lr0.0003,wd0.0",5,"lr=1e-04, wd=0.0",31182565.561,3
[64],90,"lr0.0003,wd0.0",3,"lr=3e-05, wd=0.0",31660106.3899,4
[64],90,"lr0.0003,wd0.0",4,"lr=3e-05, wd=0.01",43434032.6214,5
[64],90,"lr0.0003,wd0.0",10,"lr=0.001, wd=0.01",48758295.7144,6
[64],90,"lr0.0003,wd0.0",8,"lr=3e-04, wd=0.01",67421367.436,7
[64],90,"lr0.0003,wd0.0",11,"lr=0.003, wd=0.0",73831759.5985,8
[64],90,"lr0.0003,wd0.0",1,"lr=1e-05, wd=0.0",132917032.641,9
[64],90,"lr0.0003,wd0.0",2,"lr=1e-05, wd=0.01",142238497.5989,10
[64],90,"lr0.0003,wd0.0",9,"lr=0.001, wd=0.0",316853820.9463,11
[64],90,"lr0.0003,wd0.0",7,"lr=3e-04, wd=0.0",1077503390.3535,12
[64],90,"lr0.0003,wd0.01",10,"lr=0.001, wd=0.01",29912.7374,1
[64],90,"lr0.0003,wd0.01",12,"lr=0.003, wd=0.01",405678.3258,2
[64],90,"lr0.0003,wd0.01",2,"lr=1e-05, wd=0.01",8186449.2012,3
[64],90,"lr0.0003,wd0.01",1,"lr=1e-05, wd=0.0",9434990.72,4
[64],90,"lr0.0003,wd0.01",4,"lr=3e-05, wd=0.01",21243645.733,5
[64],90,"lr0.0003,wd0.01",3,"lr=3e-05, wd=0.0",28585277.4218,6
[64],90,"lr0.0003,wd0.01",8,"lr=3e-04, wd=0.01",45180721.0399,7
[64],90,"lr0.0003,wd0.01",9,"lr=0.001, wd=0.0",71974678.7263,8
[64],90,"lr0.0003,wd0.01",5,"lr=1e-04, wd=0.0",73872975.5592,9
[64],90,"lr0.0003,wd0.01",11,"lr=0.003, wd=0.0",102314239.8392,10
[64],90,"lr0.0003,wd0.01",6,"lr=1e-04, wd=0.01",110393536.1494,11
[64],90,"lr0.0003,wd0.01",7,"lr=3e-04, wd=0.0",122572550.3502,12
[64],90,"lr0.001,wd0.0",10,"lr=0.001, wd=0.01",9543374.3958,1
[64],90,"lr0.001,wd0.0",8,"lr=3e-04, wd=0.01",53207647.5532,2
[64],90,"lr0.001,wd0.0",12,"lr=0.003, wd=0.01",121042594.3959,3
[64],90,"lr0.001,wd0.0",6,"lr=1e-04, wd=0.01",238421861.4187,4
[64],90,"lr0.001,wd0.0",5,"lr=1e-04, wd=0.0",306622121.4725,5
[64],90,"lr0.001,wd0.0",3,"lr=3e-05, wd=0.0",571449071.9547,6
[64],90,"lr0.001,wd0.0",4,"lr=3e-05, wd=0.01",612349832.5944,7
[64],90,"lr0.001,wd0.0",11,"lr=0.003, wd=0.0",672830531.0142,8
[64],90,"lr0.001,wd0.0",1,"lr=1e-05, wd=0.0",772676864.8554,9
[64],90,"lr0.001,wd0.0",2,"lr=1e-05, wd=0.01",782138141.531,10
[64],90,"lr0.001,wd0.0",9,"lr=0.001, wd=0.0",1378257927.0725,11
[64],90,"lr0.001,wd0.0",7,"lr=3e-04, wd=0.0",1700246299.4598,12
[64],90,"lr0.001,wd0.01",2,"lr=1e-05, wd=0.01",21992516.4779,1
[64],90,"lr0.001,wd0.01",12,"lr=0.003, wd=0.01",23916160.0659,2
[64],90,"lr0.001,wd0.01",1,"lr=1e-05, wd=0.0",48521869.4761,3
[64],90,"lr0.001,wd0.01",10,"lr=0.001, wd=0.01",56360917.1198,4
[64],90,"lr0.001,wd0.01",4,"lr=3e-05, wd=0.01",90670362.0505,5
[64],90,"lr0.001,wd0.01",3,"lr=3e-05, wd=0.0",170591475.7219,6
[64],90,"lr0.001,wd0.01",9,"lr=0.001, wd=0.0",173257759.8155,7
[64],90,"lr0.001,wd0.01",11,"lr=0.003, wd=0.0",174063614.0422,8
[64],90,"lr0.001,wd0.01",7,"lr=3e-04, wd=0.0",184752491.0523,9
[64],90,"lr0.001,wd0.01",5,"lr=1e-04, wd=0.0",203067512.9395,10
[64],90,"lr0.001,wd0.01",8,"lr=3e-04, wd=0.01",370390169.8229,11
[64],90,"lr0.001,wd0.01",6,"lr=1e-04, wd=0.01",433213539.0314,12
[64],90,"lr0.003,wd0.0",6,"lr=1e-04, wd=0.01",33106900.0053,1
[64],90,"lr0.003,wd0.0",5,"lr=1e-04, wd=0.0",58473832.1203,2
[64],90,"lr0.003,wd0.0",8,"lr=3e-04, wd=0.01",75000224.6527,3
[64],90,"lr0.003,wd0.0",10,"lr=0.001, wd=0.01",113850695.7126,4
[64],90,"lr0.003,wd0.0",3,"lr=3e-05, wd=0.0",134508041.2944,5
[64],90,"lr0.003,wd0.0",4,"lr=3e-05, wd=0.01",221666756.4297,6
[64],90,"lr0.003,wd0.0",12,"lr=0.003, wd=0.01",291340215.543,7
[64],90,"lr0.003,wd0.0",1,"lr=1e-05, wd=0.0",515853788.8933,8
[64],90,"lr0.003,wd0.0",2,"lr=1e-05, wd=0.01",543466301.0418,9
[64],90,"lr0.003,wd0.0",9,"lr=0.001, wd=0.0",545343378.8278,10
[64],90,"lr0.003,wd0.0",7,"lr=3e-04, wd=0.0",607805648.018,11
[64],90,"lr0.003,wd0.0",11,"lr=0.003, wd=0.0",841843145.2053,12
[64],90,"lr0.003,wd0.01",12,"lr=0.003, wd=0.01",206126240.9748,1
[64],90,"lr0.003,wd0.01",7,"lr=3e-04, wd=0.0",338488400.7752,2
[64],90,"lr0.003,wd0.01",5,"lr=1e-04, wd=0.0",408453758.7861,3
[64],90,"lr0.003,wd0.01",9,"lr=0.001, wd=0.0",464678259.9506,4
[64],90,"lr0.003,wd0.01",2,"lr=1e-05, wd=0.01",505173614.5357,5
[64],90,"lr0.003,wd0.01",8,"lr=3e-04, wd=0.01",604319423.6349,6
[64],90,"lr0.003,wd0.01",11,"lr=0.003, wd=0.0",636353257.8031,7
[64],90,"lr0.003,wd0.01",10,"lr=0.001, wd=0.01",669944033.9038,8
[64],90,"lr0.003,wd0.01",1,"lr=1e-05, wd=0.0",682036577.495,9
[64],90,"lr0.003,wd0.01",6,"lr=1e-04, wd=0.01",701421042.2876,10
[64],90,"lr0.003,wd0.01",4,"lr=3e-05, wd=0.01",949504695.3722,11
[64],90,"lr0.003,wd0.01",3,"lr=3e-05, wd=0.0",1024389023.9773,12
